T_nr_keV,Qy_e_por_keV,F_Fano
2.000000000e-01,0.000000000e+00,1.000000000e+00
2.029510000e-01,0.000000000e+00,1.000000000e+00
2.059010000e-01,0.000000000e+00,1.000000000e+00
2.088520000e-01,0.000000000e+00,1.000000000e+00
2.118030000e-01,2.566786000e+00,5.050360000e-01
2.147540000e-01,2.614101000e+00,5.114830000e-01
2.177040000e-01,2.661174000e+00,5.011090000e-01
2.206550000e-01,2.707993000e+00,4.981270000e-01
2.236060000e-01,2.754547000e+00,4.862160000e-01
2.265570000e-01,2.800826000e+00,4.855540000e-01
2.295070000e-01,2.846821000e+00,4.804480000e-01
2.324580000e-01,2.892522000e+00,4.812400000e-01
2.354090000e-01,2.937921000e+00,4.732850000e-01
2.383600000e-01,2.983010000e+00,4.680320000e-01
2.413100000e-01,3.027782000e+00,4.679900000e-01
2.442610000e-01,3.072229000e+00,4.618190000e-01
2.472120000e-01,3.116346000e+00,4.652240000e-01
2.501630000e-01,3.160126000e+00,4.576110000e-01
2.531130000e-01,3.203564000e+00,4.648620000e-01
2.560640000e-01,3.246655000e+00,4.618150000e-01
2.590150000e-01,3.289394000e+00,4.554850000e-01
2.619650000e-01,3.331777000e+00,4.593770000e-01
2.649160000e-01,3.373799000e+00,4.584910000e-01
2.678670000e-01,3.415458000e+00,4.505190000e-01
2.708180000e-01,3.456751000e+00,4.628930000e-01
2.737680000e-01,3.497674000e+00,4.476400000e-01
2.767190000e-01,3.538225000e+00,4.488470000e-01
2.796700000e-01,3.578403000e+00,4.468910000e-01
2.826210000e-01,3.618205000e+00,4.524500000e-01
2.855710000e-01,3.657630000e+00,4.537430000e-01
2.885220000e-01,3.696677000e+00,4.498640000e-01
2.914730000e-01,3.735344000e+00,4.385720000e-01
2.944240000e-01,3.773631000e+00,4.511600000e-01
2.973740000e-01,3.811539000e+00,4.478610000e-01
3.003250000e-01,3.849065000e+00,4.503620000e-01
3.032760000e-01,3.886212000e+00,4.451310000e-01
3.062270000e-01,3.922978000e+00,4.494230000e-01
3.091770000e-01,3.959364000e+00,4.525150000e-01
3.121280000e-01,3.995371000e+00,4.446510000e-01
3.150790000e-01,4.031001000e+00,4.415570000e-01
3.180300000e-01,4.066253000e+00,4.451250000e-01
3.209800000e-01,4.101128000e+00,4.394830000e-01
3.239310000e-01,4.135630000e+00,4.420700000e-01
3.268820000e-01,4.169758000e+00,4.419640000e-01
3.298320000e-01,4.203514000e+00,4.400330000e-01
3.327830000e-01,4.236901000e+00,4.472670000e-01
3.357340000e-01,4.269920000e+00,4.446680000e-01
3.386850000e-01,4.302572000e+00,4.438530000e-01
3.416350000e-01,4.334861000e+00,4.435540000e-01
3.445860000e-01,4.366789000e+00,4.417730000e-01
3.475370000e-01,4.398357000e+00,4.406920000e-01
3.504880000e-01,4.429568000e+00,4.490970000e-01
3.534380000e-01,4.460425000e+00,4.439740000e-01
3.563890000e-01,4.490929000e+00,4.384300000e-01
3.593400000e-01,4.521085000e+00,4.464790000e-01
3.622910000e-01,4.550894000e+00,4.450970000e-01
3.652410000e-01,4.580358000e+00,4.338510000e-01
3.681920000e-01,4.609482000e+00,4.334620000e-01
3.711430000e-01,4.638268000e+00,4.373500000e-01
3.740940000e-01,4.666718000e+00,4.309350000e-01
3.770440000e-01,4.694836000e+00,4.383220000e-01
3.799950000e-01,4.722625000e+00,4.346350000e-01
3.829460000e-01,4.750087000e+00,4.309890000e-01
3.858960000e-01,4.777226000e+00,4.382420000e-01
3.888470000e-01,4.804044000e+00,4.422750000e-01
3.917980000e-01,4.830546000e+00,4.350150000e-01
3.947490000e-01,4.856733000e+00,4.313220000e-01
3.976990000e-01,4.882609000e+00,4.365450000e-01
4.006500000e-01,4.908178000e+00,4.367080000e-01
4.036010000e-01,4.933441000e+00,4.229520000e-01
4.065520000e-01,4.958404000e+00,4.328760000e-01
4.095020000e-01,4.983067000e+00,4.430380000e-01
4.124530000e-01,5.007436000e+00,4.359260000e-01
4.154040000e-01,5.031513000e+00,4.277890000e-01
4.183550000e-01,5.055300000e+00,4.342320000e-01
4.213050000e-01,5.078803000e+00,4.255240000e-01
4.242560000e-01,5.102022000e+00,4.281370000e-01
4.272070000e-01,5.124962000e+00,4.326780000e-01
4.301580000e-01,5.147626000e+00,4.287560000e-01
4.331080000e-01,5.170017000e+00,4.272370000e-01
4.360590000e-01,5.192138000e+00,4.357840000e-01
4.390100000e-01,5.213992000e+00,4.352780000e-01
4.419600000e-01,5.235582000e+00,4.266520000e-01
4.449110000e-01,5.256911000e+00,4.285280000e-01
4.478620000e-01,5.277983000e+00,4.267810000e-01
4.508130000e-01,5.298800000e+00,4.266400000e-01
4.537630000e-01,5.319366000e+00,4.389850000e-01
4.567140000e-01,5.339683000e+00,4.314600000e-01
4.596650000e-01,5.359754000e+00,4.261680000e-01
4.626160000e-01,5.379583000e+00,4.211700000e-01
4.655660000e-01,5.399172000e+00,4.312490000e-01
4.685170000e-01,5.418524000e+00,4.224550000e-01
4.714680000e-01,5.437643000e+00,4.275490000e-01
4.744190000e-01,5.456530000e+00,4.242160000e-01
4.773690000e-01,5.475189000e+00,4.238150000e-01
4.803200000e-01,5.493623000e+00,4.280530000e-01
4.832710000e-01,5.511835000e+00,4.216390000e-01
4.862220000e-01,5.529826000e+00,4.260980000e-01
4.891720000e-01,5.547601000e+00,4.218510000e-01
4.921230000e-01,5.565161000e+00,4.238690000e-01
4.950740000e-01,5.582510000e+00,4.275490000e-01
4.980250000e-01,5.599650000e+00,4.237340000e-01
5.009750000e-01,5.616583000e+00,4.193640000e-01
5.039260000e-01,5.633313000e+00,4.222320000e-01
5.068770000e-01,5.649841000e+00,4.232080000e-01
5.098270000e-01,5.666171000e+00,4.152480000e-01
5.127780000e-01,5.682305000e+00,4.222340000e-01
5.157290000e-01,5.698246000e+00,4.177140000e-01
5.186800000e-01,5.713995000e+00,4.221940000e-01
5.216300000e-01,5.729556000e+00,4.160380000e-01
5.245810000e-01,5.744930000e+00,4.223790000e-01
5.275320000e-01,5.760121000e+00,4.220410000e-01
5.304830000e-01,5.775130000e+00,4.256570000e-01
5.334330000e-01,5.789960000e+00,4.186750000e-01
5.363840000e-01,5.804614000e+00,4.160050000e-01
5.393350000e-01,5.819092000e+00,4.244800000e-01
5.422860000e-01,5.833399000e+00,4.178860000e-01
5.452360000e-01,5.847535000e+00,4.151370000e-01
5.481870000e-01,5.861504000e+00,4.175220000e-01
5.511380000e-01,5.875306000e+00,4.151210000e-01
5.540890000e-01,5.888945000e+00,4.175370000e-01
5.570390000e-01,5.902423000e+00,4.155000000e-01
5.599900000e-01,5.915741000e+00,4.132180000e-01
5.629410000e-01,5.928902000e+00,4.146610000e-01
5.658910000e-01,5.941908000e+00,4.115980000e-01
5.688420000e-01,5.954760000e+00,4.105670000e-01
5.717930000e-01,5.967461000e+00,4.195030000e-01
5.747440000e-01,5.980013000e+00,4.168170000e-01
5.776940000e-01,5.992418000e+00,4.172280000e-01
5.806450000e-01,6.004676000e+00,4.113420000e-01
5.835960000e-01,6.016792000e+00,4.141700000e-01
5.865470000e-01,6.028765000e+00,4.197800000e-01
5.894970000e-01,6.040599000e+00,4.096460000e-01
5.924480000e-01,6.052294000e+00,4.136700000e-01
5.953990000e-01,6.063853000e+00,4.112650000e-01
5.983500000e-01,6.075278000e+00,4.140040000e-01
6.013000000e-01,6.086569000e+00,4.135360000e-01
6.042510000e-01,6.097730000e+00,4.123830000e-01
6.072020000e-01,6.108761000e+00,4.168310000e-01
6.101530000e-01,6.119664000e+00,4.101240000e-01
6.131030000e-01,6.130441000e+00,4.191340000e-01
6.160540000e-01,6.141094000e+00,4.133600000e-01
6.190050000e-01,6.151624000e+00,4.143060000e-01
6.219550000e-01,6.162032000e+00,4.138590000e-01
6.249060000e-01,6.172321000e+00,4.099650000e-01
6.278570000e-01,6.182491000e+00,4.103150000e-01
6.308080000e-01,6.192545000e+00,4.098580000e-01
6.337580000e-01,6.202483000e+00,4.152570000e-01
6.367090000e-01,6.212308000e+00,4.116630000e-01
6.396600000e-01,6.222020000e+00,4.091810000e-01
6.426110000e-01,6.231622000e+00,4.135640000e-01
6.455610000e-01,6.241114000e+00,4.100120000e-01
6.485120000e-01,6.250498000e+00,4.156450000e-01
6.514630000e-01,6.259775000e+00,4.105090000e-01
6.544140000e-01,6.268947000e+00,4.049740000e-01
6.573640000e-01,6.278015000e+00,4.151700000e-01
6.603150000e-01,6.286980000e+00,4.138350000e-01
6.632660000e-01,6.295844000e+00,4.155520000e-01
6.662170000e-01,6.304607000e+00,4.117680000e-01
6.691670000e-01,6.313272000e+00,4.072120000e-01
6.721180000e-01,6.321840000e+00,4.107970000e-01
6.750690000e-01,6.330310000e+00,4.148900000e-01
6.780200000e-01,6.338686000e+00,4.154760000e-01
6.809700000e-01,6.346968000e+00,4.051820000e-01
6.839210000e-01,6.355157000e+00,4.133580000e-01
6.868720000e-01,6.363254000e+00,4.129530000e-01
6.898220000e-01,6.371261000e+00,4.096780000e-01
6.927730000e-01,6.379179000e+00,4.054680000e-01
6.957240000e-01,6.387008000e+00,4.127900000e-01
6.986750000e-01,6.394750000e+00,4.151080000e-01
7.016250000e-01,6.402406000e+00,4.051770000e-01
7.045760000e-01,6.409978000e+00,4.093210000e-01
7.075270000e-01,6.417465000e+00,4.062720000e-01
7.104780000e-01,6.424869000e+00,4.126220000e-01
7.134280000e-01,6.432191000e+00,4.103780000e-01
7.163790000e-01,6.439433000e+00,4.128890000e-01
7.193300000e-01,6.446595000e+00,4.075650000e-01
7.222810000e-01,6.453678000e+00,4.100800000e-01
7.252310000e-01,6.460683000e+00,4.179420000e-01
7.281820000e-01,6.467610000e+00,4.134690000e-01
7.311330000e-01,6.474462000e+00,4.113550000e-01
7.340840000e-01,6.481239000e+00,4.145300000e-01
7.370340000e-01,6.487942000e+00,4.121360000e-01
7.399850000e-01,6.494571000e+00,4.132980000e-01
7.429360000e-01,6.501128000e+00,4.148530000e-01
7.458860000e-01,6.507614000e+00,4.156390000e-01
7.488370000e-01,6.514029000e+00,4.164600000e-01
7.517880000e-01,6.520374000e+00,4.203550000e-01
7.547390000e-01,6.526650000e+00,4.116930000e-01
7.576890000e-01,6.532858000e+00,4.225050000e-01
7.606400000e-01,6.538999000e+00,4.129500000e-01
7.635910000e-01,6.545073000e+00,4.132060000e-01
7.665420000e-01,6.551082000e+00,4.168090000e-01
7.694920000e-01,6.557025000e+00,4.024690000e-01
7.724430000e-01,6.562905000e+00,4.130330000e-01
7.753940000e-01,6.568721000e+00,4.193190000e-01
7.783450000e-01,6.574475000e+00,4.057260000e-01
7.812950000e-01,6.580166000e+00,4.057140000e-01
7.842460000e-01,6.585797000e+00,4.293530000e-01
7.871970000e-01,6.591367000e+00,4.138460000e-01
7.901480000e-01,6.596878000e+00,4.160990000e-01
7.930980000e-01,6.602329000e+00,4.131540000e-01
7.960490000e-01,6.607722000e+00,4.166150000e-01
7.990000000e-01,6.613058000e+00,4.132590000e-01
8.019500000e-01,6.618336000e+00,4.113780000e-01
8.049010000e-01,6.623559000e+00,4.114600000e-01
8.078520000e-01,6.628726000e+00,4.139980000e-01
8.108030000e-01,6.633837000e+00,4.203110000e-01
8.137530000e-01,6.638895000e+00,4.177850000e-01
8.167040000e-01,6.643899000e+00,4.149780000e-01
8.196550000e-01,6.648849000e+00,4.136410000e-01
8.226060000e-01,6.653747000e+00,4.116380000e-01
8.255560000e-01,6.658594000e+00,4.125960000e-01
8.285070000e-01,6.663389000e+00,4.147920000e-01
8.314580000e-01,6.668133000e+00,4.078360000e-01
8.344090000e-01,6.672828000e+00,4.220670000e-01
8.373590000e-01,6.677473000e+00,4.175500000e-01
8.403100000e-01,6.682068000e+00,4.150380000e-01
8.432610000e-01,6.686616000e+00,4.073350000e-01
8.462120000e-01,6.691116000e+00,4.143900000e-01
8.491620000e-01,6.695568000e+00,4.177140000e-01
8.521130000e-01,6.699974000e+00,4.187580000e-01
8.550640000e-01,6.704333000e+00,4.144060000e-01
8.580150000e-01,6.708647000e+00,4.114320000e-01
8.609650000e-01,6.712915000e+00,4.154470000e-01
8.639160000e-01,6.717139000e+00,4.205130000e-01
8.668670000e-01,6.721319000e+00,4.179640000e-01
8.698170000e-01,6.725455000e+00,4.155610000e-01
8.727680000e-01,6.729548000e+00,4.135080000e-01
8.757190000e-01,6.733598000e+00,4.203230000e-01
8.786700000e-01,6.737606000e+00,4.166370000e-01
8.816200000e-01,6.741572000e+00,4.144620000e-01
8.845710000e-01,6.745496000e+00,4.175950000e-01
8.875220000e-01,6.749380000e+00,4.214390000e-01
8.904730000e-01,6.753224000e+00,4.181890000e-01
8.934230000e-01,6.757028000e+00,4.228120000e-01
8.963740000e-01,6.760792000e+00,4.181400000e-01
8.993250000e-01,6.764517000e+00,4.210540000e-01
9.022760000e-01,6.768203000e+00,4.187620000e-01
9.052260000e-01,6.771851000e+00,4.194440000e-01
9.081770000e-01,6.775462000e+00,4.166510000e-01
9.111280000e-01,6.779035000e+00,4.149740000e-01
9.140790000e-01,6.782571000e+00,4.177340000e-01
9.170290000e-01,6.786070000e+00,4.222700000e-01
9.199800000e-01,6.789533000e+00,4.218230000e-01
9.229310000e-01,6.792961000e+00,4.146880000e-01
9.258810000e-01,6.796353000e+00,4.211810000e-01
9.288320000e-01,6.799710000e+00,4.159020000e-01
9.317830000e-01,6.803032000e+00,4.081840000e-01
9.347340000e-01,6.806320000e+00,4.156980000e-01
9.376840000e-01,6.809575000e+00,4.219610000e-01
9.406350000e-01,6.812795000e+00,4.158740000e-01
9.435860000e-01,6.815983000e+00,4.191440000e-01
9.465370000e-01,6.819138000e+00,4.351250000e-01
9.494870000e-01,6.822260000e+00,4.237630000e-01
9.524380000e-01,6.825350000e+00,4.146250000e-01
9.553890000e-01,6.828408000e+00,4.247120000e-01
9.583400000e-01,6.831435000e+00,4.234950000e-01
9.612900000e-01,6.834430000e+00,4.245730000e-01
9.642410000e-01,6.837395000e+00,4.312890000e-01
9.671920000e-01,6.840330000e+00,4.176660000e-01
9.701430000e-01,6.843234000e+00,4.187610000e-01
9.730930000e-01,6.846108000e+00,4.190630000e-01
9.760440000e-01,6.848953000e+00,4.251780000e-01
9.789950000e-01,6.851769000e+00,4.201190000e-01
9.819450000e-01,6.854555000e+00,4.183820000e-01
9.848960000e-01,6.857314000e+00,4.246460000e-01
9.878470000e-01,6.860043000e+00,4.239900000e-01
9.907980000e-01,6.862745000e+00,4.227130000e-01
9.937480000e-01,6.865419000e+00,4.261020000e-01
9.966990000e-01,6.868066000e+00,4.208850000e-01
9.996500000e-01,6.870685000e+00,4.195680000e-01
1.002601000e+00,6.873277000e+00,4.235150000e-01
1.005551000e+00,6.875843000e+00,4.283210000e-01
1.008502000e+00,6.878383000e+00,4.237070000e-01
1.011453000e+00,6.880896000e+00,4.157710000e-01
1.014404000e+00,6.883384000e+00,4.206090000e-01
1.017354000e+00,6.885846000e+00,4.226990000e-01
1.020305000e+00,6.888283000e+00,4.195470000e-01
1.023256000e+00,6.890695000e+00,4.167460000e-01
1.026207000e+00,6.893082000e+00,4.253800000e-01
1.029157000e+00,6.895444000e+00,4.181450000e-01
1.032108000e+00,6.897782000e+00,4.272600000e-01
1.035059000e+00,6.900096000e+00,4.228580000e-01
1.038010000e+00,6.902387000e+00,4.282990000e-01
1.040960000e+00,6.904653000e+00,4.296830000e-01
1.043911000e+00,6.906897000e+00,4.243500000e-01
1.046862000e+00,6.909117000e+00,4.301650000e-01
1.049812000e+00,6.911315000e+00,4.256520000e-01
1.052763000e+00,6.913490000e+00,4.273920000e-01
1.055714000e+00,6.915642000e+00,4.266850000e-01
1.058665000e+00,6.917772000e+00,4.181220000e-01
1.061615000e+00,6.919881000e+00,4.247610000e-01
1.064566000e+00,6.921967000e+00,4.240400000e-01
1.067517000e+00,6.924032000e+00,4.276560000e-01
1.070468000e+00,6.926076000e+00,4.230640000e-01
1.073418000e+00,6.928098000e+00,4.209960000e-01
1.076369000e+00,6.930100000e+00,4.249150000e-01
1.079320000e+00,6.932081000e+00,4.214670000e-01
1.082271000e+00,6.934041000e+00,4.308060000e-01
1.085221000e+00,6.935982000e+00,4.289150000e-01
1.088172000e+00,6.937902000e+00,4.301550000e-01
1.091123000e+00,6.939802000e+00,4.314270000e-01
1.094074000e+00,6.941682000e+00,4.294790000e-01
1.097024000e+00,6.943543000e+00,4.234330000e-01
1.099975000e+00,6.945384000e+00,4.253860000e-01
1.102926000e+00,6.947207000e+00,4.290590000e-01
1.105876000e+00,6.949010000e+00,4.223540000e-01
1.108827000e+00,6.950795000e+00,4.221780000e-01
1.111778000e+00,6.952560000e+00,4.270090000e-01
1.114729000e+00,6.954308000e+00,4.195940000e-01
1.117679000e+00,6.956037000e+00,4.298130000e-01
1.120630000e+00,6.957748000e+00,4.152840000e-01
1.123581000e+00,6.959442000e+00,4.288750000e-01
1.126532000e+00,6.961117000e+00,4.245420000e-01
1.129482000e+00,6.962775000e+00,4.315370000e-01
1.132433000e+00,6.964416000e+00,4.290920000e-01
1.135384000e+00,6.966039000e+00,4.229980000e-01
1.138335000e+00,6.967645000e+00,4.264790000e-01
1.141285000e+00,6.969234000e+00,4.230540000e-01
1.144236000e+00,6.970807000e+00,4.305550000e-01
1.147187000e+00,6.972363000e+00,4.254620000e-01
1.150138000e+00,6.973902000e+00,4.217330000e-01
1.153088000e+00,6.975425000e+00,4.251370000e-01
1.156039000e+00,6.976932000e+00,4.277680000e-01
1.158990000e+00,6.978423000e+00,4.239450000e-01
1.161940000e+00,6.979898000e+00,4.263180000e-01
1.164891000e+00,6.981357000e+00,4.204050000e-01
1.167842000e+00,6.982801000e+00,4.298830000e-01
1.170793000e+00,6.984230000e+00,4.196830000e-01
1.173743000e+00,6.985643000e+00,4.307580000e-01
1.176694000e+00,6.987041000e+00,4.212020000e-01
1.179645000e+00,6.988424000e+00,4.258880000e-01
1.182596000e+00,6.989792000e+00,4.245260000e-01
1.185546000e+00,6.991145000e+00,4.267300000e-01
1.188497000e+00,6.992484000e+00,4.288090000e-01
1.191448000e+00,6.993809000e+00,4.245570000e-01
1.194399000e+00,6.995119000e+00,4.255330000e-01
1.197349000e+00,6.996414000e+00,4.223980000e-01
1.200300000e+00,6.997696000e+00,4.319460000e-01
1.203251000e+00,6.998964000e+00,4.290130000e-01
1.206202000e+00,7.000218000e+00,4.258420000e-01
1.209152000e+00,7.001458000e+00,4.244450000e-01
1.212103000e+00,7.002685000e+00,4.298960000e-01
1.215054000e+00,7.003898000e+00,4.263870000e-01
1.218005000e+00,7.005098000e+00,4.298650000e-01
1.220955000e+00,7.006285000e+00,4.279460000e-01
1.223906000e+00,7.007459000e+00,4.189470000e-01
1.226857000e+00,7.008620000e+00,4.303260000e-01
1.229807000e+00,7.009767000e+00,4.217240000e-01
1.232758000e+00,7.010903000e+00,4.280400000e-01
1.235709000e+00,7.012025000e+00,4.210040000e-01
1.238660000e+00,7.013135000e+00,4.303680000e-01
1.241610000e+00,7.014232000e+00,4.332670000e-01
1.244561000e+00,7.015318000e+00,4.256020000e-01
1.247512000e+00,7.016391000e+00,4.340170000e-01
1.250463000e+00,7.017452000e+00,4.330580000e-01
1.253413000e+00,7.018501000e+00,4.269100000e-01
1.256364000e+00,7.019538000e+00,4.185900000e-01
1.259315000e+00,7.020563000e+00,4.278880000e-01
1.262266000e+00,7.021577000e+00,4.293360000e-01
1.265216000e+00,7.022579000e+00,4.291230000e-01
1.268167000e+00,7.023570000e+00,4.288970000e-01
1.271118000e+00,7.024549000e+00,4.348530000e-01
1.274069000e+00,7.025517000e+00,4.351300000e-01
1.277019000e+00,7.026474000e+00,4.321850000e-01
1.279970000e+00,7.027419000e+00,4.249800000e-01
1.282921000e+00,7.028354000e+00,4.204320000e-01
1.285871000e+00,7.029278000e+00,4.336850000e-01
1.288822000e+00,7.030191000e+00,4.193670000e-01
1.291773000e+00,7.031094000e+00,4.315320000e-01
1.294724000e+00,7.031985000e+00,4.195940000e-01
1.297674000e+00,7.032867000e+00,4.243990000e-01
1.300625000e+00,7.033738000e+00,4.293260000e-01
1.303576000e+00,7.034598000e+00,4.264490000e-01
1.306527000e+00,7.035448000e+00,4.233350000e-01
1.309477000e+00,7.036288000e+00,4.321900000e-01
1.312428000e+00,7.037118000e+00,4.249290000e-01
1.315379000e+00,7.037938000e+00,4.115740000e-01
1.318330000e+00,7.038749000e+00,4.317660000e-01
1.321280000e+00,7.039549000e+00,4.293000000e-01
1.324231000e+00,7.040339000e+00,4.287360000e-01
1.327182000e+00,7.041120000e+00,4.293870000e-01
1.330133000e+00,7.041892000e+00,4.270730000e-01
1.333083000e+00,7.042653000e+00,4.376320000e-01
1.336034000e+00,7.043406000e+00,4.315540000e-01
1.338985000e+00,7.044149000e+00,4.301150000e-01
1.341935000e+00,7.044883000e+00,4.274080000e-01
1.344886000e+00,7.045607000e+00,4.300850000e-01
1.347837000e+00,7.046323000e+00,4.249990000e-01
1.350788000e+00,7.047029000e+00,4.284980000e-01
1.353738000e+00,7.047727000e+00,4.222490000e-01
1.356689000e+00,7.048415000e+00,4.271200000e-01
1.359640000e+00,7.049095000e+00,4.267260000e-01
1.362591000e+00,7.049766000e+00,4.206330000e-01
1.365541000e+00,7.050429000e+00,4.333590000e-01
1.368492000e+00,7.051082000e+00,4.186380000e-01
1.371443000e+00,7.051728000e+00,4.288830000e-01
1.374394000e+00,7.052365000e+00,4.238420000e-01
1.377344000e+00,7.052993000e+00,4.319860000e-01
1.380295000e+00,7.053613000e+00,4.319080000e-01
1.383246000e+00,7.054225000e+00,4.262300000e-01
1.386197000e+00,7.054829000e+00,4.250520000e-01
1.389147000e+00,7.055424000e+00,4.231720000e-01
1.392098000e+00,7.056012000e+00,4.264230000e-01
1.395049000e+00,7.056591000e+00,4.300970000e-01
1.397999000e+00,7.057163000e+00,4.317320000e-01
1.400950000e+00,7.057727000e+00,4.202580000e-01
1.403901000e+00,7.058283000e+00,4.212870000e-01
1.406852000e+00,7.058831000e+00,4.353140000e-01
1.409802000e+00,7.059371000e+00,4.416560000e-01
1.412753000e+00,7.059904000e+00,4.330780000e-01
1.415704000e+00,7.060430000e+00,4.299450000e-01
1.418655000e+00,7.060948000e+00,4.269750000e-01
1.421605000e+00,7.061458000e+00,4.331520000e-01
1.424556000e+00,7.061961000e+00,4.317630000e-01
1.427507000e+00,7.062457000e+00,4.331740000e-01
1.430458000e+00,7.062945000e+00,4.290700000e-01
1.433408000e+00,7.063427000e+00,4.327600000e-01
1.436359000e+00,7.063901000e+00,4.280240000e-01
1.439310000e+00,7.064368000e+00,4.272930000e-01
1.442261000e+00,7.064828000e+00,4.284550000e-01
1.445211000e+00,7.065281000e+00,4.245930000e-01
1.448162000e+00,7.065728000e+00,4.294030000e-01
1.451113000e+00,7.066167000e+00,4.294980000e-01
1.454064000e+00,7.066599000e+00,4.276130000e-01
1.457014000e+00,7.067025000e+00,4.264620000e-01
1.459965000e+00,7.067444000e+00,4.207910000e-01
1.462916000e+00,7.067857000e+00,4.285850000e-01
1.465866000e+00,7.068263000e+00,4.257740000e-01
1.468817000e+00,7.068662000e+00,4.274690000e-01
1.471768000e+00,7.069055000e+00,4.265670000e-01
1.474719000e+00,7.069441000e+00,4.312640000e-01
1.477669000e+00,7.069821000e+00,4.256200000e-01
1.480620000e+00,7.070195000e+00,4.280290000e-01
1.483571000e+00,7.070562000e+00,4.262400000e-01
1.486522000e+00,7.070923000e+00,4.272840000e-01
1.489472000e+00,7.071278000e+00,4.311020000e-01
1.492423000e+00,7.071627000e+00,4.323210000e-01
1.495374000e+00,7.071970000e+00,4.352490000e-01
1.498325000e+00,7.072306000e+00,4.290920000e-01
1.501275000e+00,7.072637000e+00,4.323030000e-01
1.504226000e+00,7.072961000e+00,4.315160000e-01
1.507177000e+00,7.073280000e+00,4.390300000e-01
1.510128000e+00,7.073593000e+00,4.223030000e-01
1.513078000e+00,7.073900000e+00,4.280070000e-01
1.516029000e+00,7.074201000e+00,4.236400000e-01
1.518980000e+00,7.074497000e+00,4.282720000e-01
1.521930000e+00,7.074786000e+00,4.327940000e-01
1.524881000e+00,7.075070000e+00,4.346800000e-01
1.527832000e+00,7.075349000e+00,4.195550000e-01
1.530783000e+00,7.075622000e+00,4.270050000e-01
1.533733000e+00,7.075889000e+00,4.332520000e-01
1.536684000e+00,7.076151000e+00,4.311280000e-01
1.539635000e+00,7.076408000e+00,4.240100000e-01
1.542586000e+00,7.076659000e+00,4.318840000e-01
1.545536000e+00,7.076905000e+00,4.332170000e-01
1.548487000e+00,7.077145000e+00,4.292670000e-01
1.551438000e+00,7.077380000e+00,4.298430000e-01
1.554389000e+00,7.077610000e+00,4.394120000e-01
1.557339000e+00,7.077835000e+00,4.381610000e-01
1.560290000e+00,7.078054000e+00,4.353430000e-01
1.563241000e+00,7.078269000e+00,4.345940000e-01
1.566192000e+00,7.078478000e+00,4.363760000e-01
1.569142000e+00,7.078682000e+00,4.322500000e-01
1.572093000e+00,7.078881000e+00,4.300010000e-01
1.575044000e+00,7.079076000e+00,4.358070000e-01
1.577994000e+00,7.079265000e+00,4.260830000e-01
1.580945000e+00,7.079449000e+00,4.300200000e-01
1.583896000e+00,7.079629000e+00,4.366060000e-01
1.586847000e+00,7.079804000e+00,4.285740000e-01
1.589797000e+00,7.079974000e+00,4.310600000e-01
1.592748000e+00,7.080139000e+00,4.335140000e-01
1.595699000e+00,7.080299000e+00,4.294720000e-01
1.598650000e+00,7.080455000e+00,4.308240000e-01
1.601600000e+00,7.080606000e+00,4.308180000e-01
1.604551000e+00,7.080752000e+00,4.315360000e-01
1.607502000e+00,7.080894000e+00,4.302480000e-01
1.610453000e+00,7.081032000e+00,4.413540000e-01
1.613403000e+00,7.081165000e+00,4.327670000e-01
1.616354000e+00,7.081293000e+00,4.335020000e-01
1.619305000e+00,7.081417000e+00,4.326550000e-01
1.622256000e+00,7.081536000e+00,4.294170000e-01
1.625206000e+00,7.081651000e+00,4.278880000e-01
1.628157000e+00,7.081762000e+00,4.297930000e-01
1.631108000e+00,7.081868000e+00,4.293730000e-01
1.634059000e+00,7.081970000e+00,4.387530000e-01
1.637009000e+00,7.082068000e+00,4.302000000e-01
1.639960000e+00,7.082162000e+00,4.326190000e-01
1.642911000e+00,7.082251000e+00,4.325020000e-01
1.645861000e+00,7.082336000e+00,4.406200000e-01
1.648812000e+00,7.082417000e+00,4.282550000e-01
1.651763000e+00,7.082494000e+00,4.307030000e-01
1.654714000e+00,7.082567000e+00,4.317630000e-01
1.657664000e+00,7.082636000e+00,4.322300000e-01
1.660615000e+00,7.082701000e+00,4.317610000e-01
1.663566000e+00,7.082761000e+00,4.295780000e-01
1.666517000e+00,7.082818000e+00,4.311830000e-01
1.669467000e+00,7.082871000e+00,4.315090000e-01
1.672418000e+00,7.082920000e+00,4.335090000e-01
1.675369000e+00,7.082965000e+00,4.405200000e-01
1.678320000e+00,7.083006000e+00,4.324110000e-01
1.681270000e+00,7.083044000e+00,4.270890000e-01
1.684221000e+00,7.083077000e+00,4.260680000e-01
1.687172000e+00,7.083107000e+00,4.412630000e-01
1.690123000e+00,7.083133000e+00,4.386470000e-01
1.693073000e+00,7.083155000e+00,4.283510000e-01
1.696024000e+00,7.083174000e+00,4.317330000e-01
1.698975000e+00,7.083189000e+00,4.334110000e-01
1.701925000e+00,7.083200000e+00,4.397940000e-01
1.704876000e+00,7.083208000e+00,4.337210000e-01
1.707827000e+00,7.083212000e+00,4.370960000e-01
1.710778000e+00,7.083212000e+00,4.398390000e-01
1.713728000e+00,7.083209000e+00,4.307780000e-01
1.716679000e+00,7.083203000e+00,4.249800000e-01
1.719630000e+00,7.083192000e+00,4.313790000e-01
1.722581000e+00,7.083179000e+00,4.380220000e-01
1.725531000e+00,7.083162000e+00,4.335010000e-01
1.728482000e+00,7.083141000e+00,4.286560000e-01
1.731433000e+00,7.083118000e+00,4.428350000e-01
1.734384000e+00,7.083090000e+00,4.380160000e-01
1.737334000e+00,7.083060000e+00,4.361100000e-01
1.740285000e+00,7.083026000e+00,4.308100000e-01
1.743236000e+00,7.082989000e+00,4.408930000e-01
1.746187000e+00,7.082948000e+00,4.296600000e-01
1.749137000e+00,7.082905000e+00,4.421260000e-01
1.752088000e+00,7.082858000e+00,4.337200000e-01
1.755039000e+00,7.082807000e+00,4.395490000e-01
1.757989000e+00,7.082754000e+00,4.467110000e-01
1.760940000e+00,7.082697000e+00,4.353510000e-01
1.763891000e+00,7.082638000e+00,4.352210000e-01
1.766842000e+00,7.082575000e+00,4.259040000e-01
1.769792000e+00,7.082509000e+00,4.362500000e-01
1.772743000e+00,7.082440000e+00,4.350470000e-01
1.775694000e+00,7.082368000e+00,4.353720000e-01
1.778645000e+00,7.082293000e+00,4.354240000e-01
1.781595000e+00,7.082214000e+00,4.345870000e-01
1.784546000e+00,7.082133000e+00,4.356440000e-01
1.787497000e+00,7.082049000e+00,4.347110000e-01
1.790448000e+00,7.081962000e+00,4.339430000e-01
1.793398000e+00,7.081872000e+00,4.326030000e-01
1.796349000e+00,7.081779000e+00,4.387560000e-01
1.799300000e+00,7.081683000e+00,4.342870000e-01
1.802251000e+00,7.081584000e+00,4.356880000e-01
1.805201000e+00,7.081482000e+00,4.402410000e-01
1.808152000e+00,7.081378000e+00,4.343240000e-01
1.811103000e+00,7.081270000e+00,4.353960000e-01
1.814054000e+00,7.081160000e+00,4.342020000e-01
1.817004000e+00,7.081047000e+00,4.408890000e-01
1.819955000e+00,7.080932000e+00,4.335460000e-01
1.822906000e+00,7.080813000e+00,4.403270000e-01
1.825856000e+00,7.080692000e+00,4.335550000e-01
1.828807000e+00,7.080568000e+00,4.329320000e-01
1.831758000e+00,7.080441000e+00,4.376590000e-01
1.834709000e+00,7.080312000e+00,4.361690000e-01
1.837659000e+00,7.080180000e+00,4.395730000e-01
1.840610000e+00,7.080046000e+00,4.376440000e-01
1.843561000e+00,7.079908000e+00,4.383580000e-01
1.846512000e+00,7.079769000e+00,4.317320000e-01
1.849462000e+00,7.079626000e+00,4.367790000e-01
1.852413000e+00,7.079481000e+00,4.330740000e-01
1.855364000e+00,7.079334000e+00,4.344800000e-01
1.858315000e+00,7.079184000e+00,4.319210000e-01
1.861265000e+00,7.079031000e+00,4.404040000e-01
1.864216000e+00,7.078876000e+00,4.312790000e-01
1.867167000e+00,7.078718000e+00,4.353490000e-01
1.870118000e+00,7.078558000e+00,4.399090000e-01
1.873068000e+00,7.078396000e+00,4.386280000e-01
1.876019000e+00,7.078231000e+00,4.341910000e-01
1.878970000e+00,7.078063000e+00,4.405290000e-01
1.881920000e+00,7.077893000e+00,4.359020000e-01
1.884871000e+00,7.077721000e+00,4.382370000e-01
1.887822000e+00,7.077547000e+00,4.317000000e-01
1.890773000e+00,7.077370000e+00,4.431660000e-01
1.893723000e+00,7.077190000e+00,4.330330000e-01
1.896674000e+00,7.077009000e+00,4.422350000e-01
1.899625000e+00,7.076825000e+00,4.383960000e-01
1.902576000e+00,7.076638000e+00,4.400160000e-01
1.905526000e+00,7.076450000e+00,4.336200000e-01
1.908477000e+00,7.076259000e+00,4.318560000e-01
1.911428000e+00,7.076066000e+00,4.410690000e-01
1.914379000e+00,7.075871000e+00,4.437240000e-01
1.917329000e+00,7.075673000e+00,4.319200000e-01
1.920280000e+00,7.075473000e+00,4.312310000e-01
1.923231000e+00,7.075272000e+00,4.389390000e-01
1.926182000e+00,7.075067000e+00,4.348000000e-01
1.929132000e+00,7.074861000e+00,4.370350000e-01
1.932083000e+00,7.074653000e+00,4.465210000e-01
1.935034000e+00,7.074442000e+00,4.434690000e-01
1.937984000e+00,7.074229000e+00,4.307590000e-01
1.940935000e+00,7.074015000e+00,4.519570000e-01
1.943886000e+00,7.073798000e+00,4.376820000e-01
1.946837000e+00,7.073579000e+00,4.415430000e-01
1.949787000e+00,7.073357000e+00,4.387550000e-01
1.952738000e+00,7.073134000e+00,4.411640000e-01
1.955689000e+00,7.072909000e+00,4.411940000e-01
1.958640000e+00,7.072682000e+00,4.357610000e-01
1.961590000e+00,7.072453000e+00,4.362650000e-01
1.964541000e+00,7.072221000e+00,4.361290000e-01
1.967492000e+00,7.071988000e+00,4.415510000e-01
1.970443000e+00,7.071753000e+00,4.368490000e-01
1.973393000e+00,7.071516000e+00,4.318450000e-01
1.976344000e+00,7.071276000e+00,4.356700000e-01
1.979295000e+00,7.071035000e+00,4.392020000e-01
1.982246000e+00,7.070792000e+00,4.363520000e-01
1.985196000e+00,7.070547000e+00,4.388340000e-01
1.988147000e+00,7.070300000e+00,4.382540000e-01
1.991098000e+00,7.070052000e+00,4.356420000e-01
1.994049000e+00,7.069801000e+00,4.391180000e-01
1.996999000e+00,7.069548000e+00,4.333720000e-01
1.999950000e+00,7.069294000e+00,4.414450000e-01
2.002901000e+00,7.069038000e+00,4.423670000e-01
2.005851000e+00,7.068780000e+00,4.426730000e-01
2.008802000e+00,7.068520000e+00,4.437740000e-01
2.011753000e+00,7.068258000e+00,4.430850000e-01
2.014704000e+00,7.067994000e+00,4.330640000e-01
2.017654000e+00,7.067729000e+00,4.352450000e-01
2.020605000e+00,7.067462000e+00,4.405560000e-01
2.023556000e+00,7.067193000e+00,4.408180000e-01
2.026507000e+00,7.066923000e+00,4.470400000e-01
2.029457000e+00,7.066650000e+00,4.364490000e-01
2.032408000e+00,7.066376000e+00,4.453480000e-01
2.035359000e+00,7.066100000e+00,4.448700000e-01
2.038310000e+00,7.065823000e+00,4.460090000e-01
2.041260000e+00,7.065543000e+00,4.355690000e-01
2.044211000e+00,7.065263000e+00,4.340650000e-01
2.047162000e+00,7.064980000e+00,4.379590000e-01
2.050113000e+00,7.064696000e+00,4.399920000e-01
2.053063000e+00,7.064410000e+00,4.364250000e-01
2.056014000e+00,7.064122000e+00,4.372800000e-01
2.058965000e+00,7.063833000e+00,4.406330000e-01
2.061915000e+00,7.063542000e+00,4.380200000e-01
2.064866000e+00,7.063249000e+00,4.377340000e-01
2.067817000e+00,7.062955000e+00,4.368320000e-01
2.070768000e+00,7.062660000e+00,4.421050000e-01
2.073718000e+00,7.062362000e+00,4.430260000e-01
2.076669000e+00,7.062064000e+00,4.372200000e-01
2.079620000e+00,7.061763000e+00,4.408500000e-01
2.082571000e+00,7.061461000e+00,4.438670000e-01
2.085521000e+00,7.061158000e+00,4.411730000e-01
2.088472000e+00,7.060853000e+00,4.420190000e-01
2.091423000e+00,7.060546000e+00,4.461400000e-01
2.094374000e+00,7.060238000e+00,4.373150000e-01
2.097324000e+00,7.059928000e+00,4.415610000e-01
2.100275000e+00,7.059617000e+00,4.374700000e-01
2.103226000e+00,7.059304000e+00,4.448030000e-01
2.106177000e+00,7.058990000e+00,4.403490000e-01
2.109127000e+00,7.058675000e+00,4.451750000e-01
2.112078000e+00,7.058358000e+00,4.516190000e-01
2.115029000e+00,7.058039000e+00,4.450190000e-01
2.117979000e+00,7.057719000e+00,4.404840000e-01
2.120930000e+00,7.057398000e+00,4.419250000e-01
2.123881000e+00,7.057075000e+00,4.293190000e-01
2.126832000e+00,7.056751000e+00,4.470170000e-01
2.129782000e+00,7.056425000e+00,4.470440000e-01
2.132733000e+00,7.056098000e+00,4.414750000e-01
2.135684000e+00,7.055769000e+00,4.404010000e-01
2.138635000e+00,7.055439000e+00,4.485700000e-01
2.141585000e+00,7.055108000e+00,4.440740000e-01
2.144536000e+00,7.054776000e+00,4.502980000e-01
2.147487000e+00,7.054442000e+00,4.451460000e-01
2.150438000e+00,7.054106000e+00,4.429190000e-01
2.153388000e+00,7.053770000e+00,4.434720000e-01
2.156339000e+00,7.053432000e+00,4.452020000e-01
2.159290000e+00,7.053092000e+00,4.411470000e-01
2.162241000e+00,7.052752000e+00,4.459240000e-01
2.165191000e+00,7.052410000e+00,4.428140000e-01
2.168142000e+00,7.052066000e+00,4.364410000e-01
2.171093000e+00,7.051722000e+00,4.379460000e-01
2.174044000e+00,7.051376000e+00,4.362230000e-01
2.176994000e+00,7.051029000e+00,4.463430000e-01
2.179945000e+00,7.050680000e+00,4.310170000e-01
2.182896000e+00,7.050331000e+00,4.406250000e-01
2.185846000e+00,7.049980000e+00,4.475800000e-01
2.188797000e+00,7.049628000e+00,4.490450000e-01
2.191748000e+00,7.049274000e+00,4.453860000e-01
2.194699000e+00,7.048920000e+00,4.369150000e-01
2.197649000e+00,7.048564000e+00,4.397540000e-01
2.200600000e+00,7.048207000e+00,4.475640000e-01
2.203551000e+00,7.047848000e+00,4.393410000e-01
2.206502000e+00,7.047489000e+00,4.558590000e-01
2.209452000e+00,7.047128000e+00,4.475960000e-01
2.212403000e+00,7.046766000e+00,4.454460000e-01
2.215354000e+00,7.046403000e+00,4.450650000e-01
2.218305000e+00,7.046039000e+00,4.531770000e-01
2.221255000e+00,7.045673000e+00,4.451110000e-01
2.224206000e+00,7.045307000e+00,4.459270000e-01
2.227157000e+00,7.044939000e+00,4.437280000e-01
2.230108000e+00,7.044570000e+00,4.516170000e-01
2.233058000e+00,7.044200000e+00,4.448630000e-01
2.236009000e+00,7.043829000e+00,4.439260000e-01
2.238960000e+00,7.043456000e+00,4.421680000e-01
2.241910000e+00,7.043083000e+00,4.492640000e-01
2.244861000e+00,7.042709000e+00,4.426030000e-01
2.247812000e+00,7.042333000e+00,4.414530000e-01
2.250763000e+00,7.041956000e+00,4.421810000e-01
2.253713000e+00,7.041578000e+00,4.498420000e-01
2.256664000e+00,7.041199000e+00,4.494700000e-01
2.259615000e+00,7.040819000e+00,4.447470000e-01
2.262566000e+00,7.040438000e+00,4.477110000e-01
2.265516000e+00,7.040056000e+00,4.438960000e-01
2.268467000e+00,7.039673000e+00,4.488050000e-01
2.271418000e+00,7.039289000e+00,4.462340000e-01
2.274369000e+00,7.038903000e+00,4.438340000e-01
2.277319000e+00,7.038517000e+00,4.474230000e-01
2.280270000e+00,7.038130000e+00,4.565360000e-01
2.283221000e+00,7.037741000e+00,4.546040000e-01
2.286172000e+00,7.037352000e+00,4.353090000e-01
2.289122000e+00,7.036961000e+00,4.406850000e-01
2.292073000e+00,7.036570000e+00,4.513570000e-01
2.295024000e+00,7.036177000e+00,4.487380000e-01
2.297974000e+00,7.035784000e+00,4.533290000e-01
2.300925000e+00,7.035389000e+00,4.492590000e-01
2.303876000e+00,7.034994000e+00,4.515670000e-01
2.306827000e+00,7.034597000e+00,4.477800000e-01
2.309777000e+00,7.034200000e+00,4.495860000e-01
2.312728000e+00,7.033802000e+00,4.575610000e-01
2.315679000e+00,7.033402000e+00,4.474130000e-01
2.318630000e+00,7.033002000e+00,4.516280000e-01
2.321580000e+00,7.032601000e+00,4.462560000e-01
2.324531000e+00,7.032199000e+00,4.501060000e-01
2.327482000e+00,7.031795000e+00,4.430460000e-01
2.330433000e+00,7.031391000e+00,4.445060000e-01
2.333383000e+00,7.030986000e+00,4.562050000e-01
2.336334000e+00,7.030580000e+00,4.505150000e-01
2.339285000e+00,7.030174000e+00,4.428270000e-01
2.342236000e+00,7.029766000e+00,4.453950000e-01
2.345186000e+00,7.029357000e+00,4.556870000e-01
2.348137000e+00,7.028947000e+00,4.504860000e-01
2.351088000e+00,7.028537000e+00,4.442920000e-01
2.354039000e+00,7.028126000e+00,4.477170000e-01
2.356989000e+00,7.027713000e+00,4.456300000e-01
2.359940000e+00,7.027300000e+00,4.571520000e-01
2.362891000e+00,7.026886000e+00,4.537530000e-01
2.365841000e+00,7.026471000e+00,4.459960000e-01
2.368792000e+00,7.026056000e+00,4.434340000e-01
2.371743000e+00,7.025639000e+00,4.518860000e-01
2.374694000e+00,7.025222000e+00,4.507070000e-01
2.377644000e+00,7.024803000e+00,4.511040000e-01
2.380595000e+00,7.024384000e+00,4.521140000e-01
2.383546000e+00,7.023964000e+00,4.460670000e-01
2.386497000e+00,7.023543000e+00,4.535610000e-01
2.389447000e+00,7.023122000e+00,4.409210000e-01
2.392398000e+00,7.022699000e+00,4.491210000e-01
2.395349000e+00,7.022276000e+00,4.490730000e-01
2.398300000e+00,7.021852000e+00,4.517510000e-01
2.401250000e+00,7.021427000e+00,4.476890000e-01
2.404201000e+00,7.021001000e+00,4.483050000e-01
2.407152000e+00,7.020574000e+00,4.547060000e-01
2.410103000e+00,7.020147000e+00,4.426810000e-01
2.413053000e+00,7.019719000e+00,4.444830000e-01
2.416004000e+00,7.019290000e+00,4.441580000e-01
2.418955000e+00,7.018860000e+00,4.549350000e-01
2.421905000e+00,7.018430000e+00,4.436750000e-01
2.424856000e+00,7.017998000e+00,4.542790000e-01
2.427807000e+00,7.017566000e+00,4.594580000e-01
2.430758000e+00,7.017134000e+00,4.543660000e-01
2.433708000e+00,7.016700000e+00,4.511790000e-01
2.436659000e+00,7.016266000e+00,4.559810000e-01
2.439610000e+00,7.015831000e+00,4.614570000e-01
2.442561000e+00,7.015395000e+00,4.585800000e-01
2.445511000e+00,7.014958000e+00,4.552340000e-01
2.448462000e+00,7.014521000e+00,4.506110000e-01
2.451413000e+00,7.014083000e+00,4.530650000e-01
2.454364000e+00,7.013644000e+00,4.433570000e-01
2.457314000e+00,7.013205000e+00,4.483000000e-01
2.460265000e+00,7.012765000e+00,4.587550000e-01
2.463216000e+00,7.012324000e+00,4.510370000e-01
2.466167000e+00,7.011882000e+00,4.475000000e-01
2.469117000e+00,7.011440000e+00,4.527890000e-01
2.472068000e+00,7.010997000e+00,4.525280000e-01
2.475019000e+00,7.010553000e+00,4.572380000e-01
2.477969000e+00,7.010109000e+00,4.518930000e-01
2.480920000e+00,7.009664000e+00,4.511530000e-01
2.483871000e+00,7.009218000e+00,4.560920000e-01
2.486822000e+00,7.008771000e+00,4.515770000e-01
2.489772000e+00,7.008324000e+00,4.558460000e-01
2.492723000e+00,7.007876000e+00,4.476800000e-01
2.495674000e+00,7.007428000e+00,4.481910000e-01
2.498625000e+00,7.006979000e+00,4.583100000e-01
2.501575000e+00,7.006529000e+00,4.605610000e-01
2.504526000e+00,7.006078000e+00,4.532390000e-01
2.507477000e+00,7.005627000e+00,4.567150000e-01
2.510428000e+00,7.005175000e+00,4.485440000e-01
2.513378000e+00,7.004723000e+00,4.557950000e-01
2.516329000e+00,7.004270000e+00,4.552160000e-01
2.519280000e+00,7.003816000e+00,4.498020000e-01
2.522231000e+00,7.003362000e+00,4.508730000e-01
2.525181000e+00,7.002907000e+00,4.515180000e-01
2.528132000e+00,7.002451000e+00,4.532850000e-01
2.531083000e+00,7.001995000e+00,4.558130000e-01
2.534034000e+00,7.001538000e+00,4.528770000e-01
2.536984000e+00,7.001081000e+00,4.447330000e-01
2.539935000e+00,7.000622000e+00,4.527840000e-01
2.542886000e+00,7.000164000e+00,4.563450000e-01
2.545836000e+00,6.999704000e+00,4.525560000e-01
2.548787000e+00,6.999244000e+00,4.598650000e-01
2.551738000e+00,6.998784000e+00,4.563530000e-01
2.554689000e+00,6.998323000e+00,4.526030000e-01
2.557639000e+00,6.997861000e+00,4.538730000e-01
2.560590000e+00,6.997399000e+00,4.509960000e-01
2.563541000e+00,6.996936000e+00,4.565980000e-01
2.566492000e+00,6.996473000e+00,4.513180000e-01
2.569442000e+00,6.996008000e+00,4.577290000e-01
2.572393000e+00,6.995544000e+00,4.537680000e-01
2.575344000e+00,6.995079000e+00,4.587480000e-01
2.578295000e+00,6.994613000e+00,4.489770000e-01
2.581245000e+00,6.994147000e+00,4.584150000e-01
2.584196000e+00,6.993680000e+00,4.561500000e-01
2.587147000e+00,6.993212000e+00,4.532980000e-01
2.590098000e+00,6.992744000e+00,4.595840000e-01
2.593048000e+00,6.992276000e+00,4.600540000e-01
2.595999000e+00,6.991807000e+00,4.592770000e-01
2.598950000e+00,6.991337000e+00,4.625400000e-01
2.601900000e+00,6.990867000e+00,4.588420000e-01
2.604851000e+00,6.990396000e+00,4.558400000e-01
2.607802000e+00,6.989925000e+00,4.606670000e-01
2.610753000e+00,6.989453000e+00,4.568960000e-01
2.613703000e+00,6.988981000e+00,4.524430000e-01
2.616654000e+00,6.988508000e+00,4.634050000e-01
2.619605000e+00,6.988035000e+00,4.535120000e-01
2.622556000e+00,6.987561000e+00,4.669510000e-01
2.625506000e+00,6.987086000e+00,4.521230000e-01
2.628457000e+00,6.986611000e+00,4.547050000e-01
2.631408000e+00,6.986136000e+00,4.648800000e-01
2.634359000e+00,6.985660000e+00,4.574000000e-01
2.637309000e+00,6.985184000e+00,4.608260000e-01
2.640260000e+00,6.984707000e+00,4.570730000e-01
2.643211000e+00,6.984229000e+00,4.567890000e-01
2.646162000e+00,6.983751000e+00,4.489750000e-01
2.649112000e+00,6.983273000e+00,4.578130000e-01
2.652063000e+00,6.982794000e+00,4.563930000e-01
2.655014000e+00,6.982315000e+00,4.601570000e-01
2.657964000e+00,6.981835000e+00,4.624210000e-01
2.660915000e+00,6.981355000e+00,4.556270000e-01
2.663866000e+00,6.980874000e+00,4.576400000e-01
2.666817000e+00,6.980392000e+00,4.568280000e-01
2.669767000e+00,6.979911000e+00,4.537600000e-01
2.672718000e+00,6.979428000e+00,4.584440000e-01
2.675669000e+00,6.978946000e+00,4.567860000e-01
2.678620000e+00,6.978462000e+00,4.505290000e-01
2.681570000e+00,6.977979000e+00,4.539980000e-01
2.684521000e+00,6.977495000e+00,4.577650000e-01
2.687472000e+00,6.977010000e+00,4.592310000e-01
2.690423000e+00,6.976525000e+00,4.670820000e-01
2.693373000e+00,6.976040000e+00,4.556200000e-01
2.696324000e+00,6.975554000e+00,4.618470000e-01
2.699275000e+00,6.975068000e+00,4.627650000e-01
2.702226000e+00,6.974581000e+00,4.596430000e-01
2.705176000e+00,6.974094000e+00,4.674650000e-01
2.708127000e+00,6.973606000e+00,4.622660000e-01
2.711078000e+00,6.973118000e+00,4.516520000e-01
2.714029000e+00,6.972629000e+00,4.614350000e-01
2.716979000e+00,6.972140000e+00,4.629460000e-01
2.719930000e+00,6.971651000e+00,4.589110000e-01
2.722881000e+00,6.971161000e+00,4.650040000e-01
2.725831000e+00,6.970671000e+00,4.638520000e-01
2.728782000e+00,6.970180000e+00,4.628170000e-01
2.731733000e+00,6.969689000e+00,4.583210000e-01
2.734684000e+00,6.969198000e+00,4.706650000e-01
2.737634000e+00,6.968706000e+00,4.685590000e-01
2.740585000e+00,6.968214000e+00,4.560620000e-01
2.743536000e+00,6.967721000e+00,4.657350000e-01
2.746487000e+00,6.967228000e+00,4.684500000e-01
2.749437000e+00,6.966734000e+00,4.647090000e-01
2.752388000e+00,6.966240000e+00,4.606540000e-01
2.755339000e+00,6.965746000e+00,4.634220000e-01
2.758290000e+00,6.965251000e+00,4.611500000e-01
2.761240000e+00,6.964756000e+00,4.570970000e-01
2.764191000e+00,6.964261000e+00,4.684370000e-01
2.767142000e+00,6.963765000e+00,4.612640000e-01
2.770093000e+00,6.963269000e+00,4.670200000e-01
2.773043000e+00,6.962772000e+00,4.650040000e-01
2.775994000e+00,6.962275000e+00,4.679760000e-01
2.778945000e+00,6.961778000e+00,4.662650000e-01
2.781895000e+00,6.961280000e+00,4.599580000e-01
2.784846000e+00,6.960782000e+00,4.657900000e-01
2.787797000e+00,6.960283000e+00,4.686780000e-01
2.790748000e+00,6.959785000e+00,4.648380000e-01
2.793698000e+00,6.959285000e+00,4.680320000e-01
2.796649000e+00,6.958786000e+00,4.601950000e-01
2.799600000e+00,6.958286000e+00,4.659510000e-01
2.802551000e+00,6.957786000e+00,4.635250000e-01
2.805501000e+00,6.957285000e+00,4.653910000e-01
2.808452000e+00,6.956784000e+00,4.652960000e-01
2.811403000e+00,6.956282000e+00,4.588380000e-01
2.814354000e+00,6.955781000e+00,4.694260000e-01
2.817304000e+00,6.955279000e+00,4.629250000e-01
2.820255000e+00,6.954776000e+00,4.606580000e-01
2.823206000e+00,6.954274000e+00,4.628240000e-01
2.826157000e+00,6.953770000e+00,4.691850000e-01
2.829107000e+00,6.953267000e+00,4.577980000e-01
2.832058000e+00,6.952763000e+00,4.649850000e-01
2.835009000e+00,6.952259000e+00,4.658790000e-01
2.837959000e+00,6.951755000e+00,4.726860000e-01
2.840910000e+00,6.951250000e+00,4.739510000e-01
2.843861000e+00,6.950745000e+00,4.606110000e-01
2.846812000e+00,6.950239000e+00,4.685010000e-01
2.849762000e+00,6.949734000e+00,4.653730000e-01
2.852713000e+00,6.949228000e+00,4.659460000e-01
2.855664000e+00,6.948721000e+00,4.679780000e-01
2.858615000e+00,6.948214000e+00,4.671500000e-01
2.861565000e+00,6.947707000e+00,4.693200000e-01
2.864516000e+00,6.947200000e+00,4.709710000e-01
2.867467000e+00,6.946692000e+00,4.586210000e-01
2.870418000e+00,6.946184000e+00,4.655300000e-01
2.873368000e+00,6.945676000e+00,4.612590000e-01
2.876319000e+00,6.945168000e+00,4.576430000e-01
2.879270000e+00,6.944659000e+00,4.663770000e-01
2.882221000e+00,6.944149000e+00,4.676420000e-01
2.885171000e+00,6.943640000e+00,4.625460000e-01
2.888122000e+00,6.943130000e+00,4.728440000e-01
2.891073000e+00,6.942620000e+00,4.685540000e-01
2.894024000e+00,6.942110000e+00,4.611630000e-01
2.896974000e+00,6.941599000e+00,4.656310000e-01
2.899925000e+00,6.941088000e+00,4.621470000e-01
2.902876000e+00,6.940577000e+00,4.675860000e-01
2.905826000e+00,6.940065000e+00,4.649520000e-01
2.908777000e+00,6.939553000e+00,4.743150000e-01
2.911728000e+00,6.939041000e+00,4.703880000e-01
2.914679000e+00,6.938529000e+00,4.632940000e-01
2.917629000e+00,6.938016000e+00,4.768890000e-01
2.920580000e+00,6.937503000e+00,4.747980000e-01
2.923531000e+00,6.936990000e+00,4.598730000e-01
2.926482000e+00,6.936476000e+00,4.703480000e-01
2.929432000e+00,6.935963000e+00,4.750210000e-01
2.932383000e+00,6.935449000e+00,4.717910000e-01
2.935334000e+00,6.934934000e+00,4.726690000e-01
2.938285000e+00,6.934420000e+00,4.690690000e-01
2.941235000e+00,6.933905000e+00,4.670500000e-01
2.944186000e+00,6.933390000e+00,4.686140000e-01
2.947137000e+00,6.932874000e+00,4.659950000e-01
2.950088000e+00,6.932359000e+00,4.695590000e-01
2.953038000e+00,6.931843000e+00,4.624190000e-01
2.955989000e+00,6.931326000e+00,4.781090000e-01
2.958940000e+00,6.930810000e+00,4.745230000e-01
2.961890000e+00,6.930293000e+00,4.647730000e-01
2.964841000e+00,6.929776000e+00,4.720530000e-01
2.967792000e+00,6.929259000e+00,4.739040000e-01
2.970743000e+00,6.928742000e+00,4.651460000e-01
2.973693000e+00,6.928224000e+00,4.711410000e-01
2.976644000e+00,6.927706000e+00,4.688130000e-01
2.979595000e+00,6.927188000e+00,4.719110000e-01
2.982546000e+00,6.926670000e+00,4.746670000e-01
2.985496000e+00,6.926151000e+00,4.666690000e-01
2.988447000e+00,6.925632000e+00,4.680500000e-01
2.991398000e+00,6.925113000e+00,4.711130000e-01
2.994349000e+00,6.924593000e+00,4.705570000e-01
2.997299000e+00,6.924074000e+00,4.666680000e-01
3.000250000e+00,6.923554000e+00,4.748390000e-01
3.003201000e+00,6.923034000e+00,4.792410000e-01
3.006152000e+00,6.922514000e+00,4.745350000e-01
3.009102000e+00,6.921993000e+00,4.636140000e-01
3.012053000e+00,6.921472000e+00,4.753810000e-01
3.015004000e+00,6.920951000e+00,4.715950000e-01
3.017954000e+00,6.920430000e+00,4.704670000e-01
3.020905000e+00,6.919909000e+00,4.615210000e-01
3.023856000e+00,6.919387000e+00,4.804330000e-01
3.026807000e+00,6.918865000e+00,4.697390000e-01
3.029757000e+00,6.918343000e+00,4.704860000e-01
3.032708000e+00,6.917821000e+00,4.672740000e-01
3.035659000e+00,6.917298000e+00,4.744320000e-01
3.038610000e+00,6.916775000e+00,4.572520000e-01
3.041560000e+00,6.916252000e+00,4.728270000e-01
3.044511000e+00,6.915729000e+00,4.802910000e-01
3.047462000e+00,6.915206000e+00,4.765330000e-01
3.050413000e+00,6.914682000e+00,4.732280000e-01
3.053363000e+00,6.914158000e+00,4.668070000e-01
3.056314000e+00,6.913634000e+00,4.801560000e-01
3.059265000e+00,6.913110000e+00,4.780680000e-01
3.062216000e+00,6.912586000e+00,4.807710000e-01
3.065166000e+00,6.912061000e+00,4.642300000e-01
3.068117000e+00,6.911536000e+00,4.717200000e-01
3.071068000e+00,6.911011000e+00,4.735420000e-01
3.074019000e+00,6.910486000e+00,4.830850000e-01
3.076969000e+00,6.909961000e+00,4.677270000e-01
3.079920000e+00,6.909435000e+00,4.756370000e-01
3.082871000e+00,6.908909000e+00,4.616640000e-01
3.085821000e+00,6.908383000e+00,4.633400000e-01
3.088772000e+00,6.907857000e+00,4.731990000e-01
3.091723000e+00,6.907331000e+00,4.776700000e-01
3.094674000e+00,6.906804000e+00,4.709190000e-01
3.097624000e+00,6.906277000e+00,4.733820000e-01
3.100575000e+00,6.905751000e+00,4.620250000e-01
3.103526000e+00,6.905223000e+00,4.705080000e-01
3.106477000e+00,6.904696000e+00,4.724920000e-01
3.109427000e+00,6.904169000e+00,4.762550000e-01
3.112378000e+00,6.903641000e+00,4.678680000e-01
3.115329000e+00,6.903113000e+00,4.677270000e-01
3.118280000e+00,6.902585000e+00,4.689300000e-01
3.121230000e+00,6.902057000e+00,4.820300000e-01
3.124181000e+00,6.901529000e+00,4.731790000e-01
3.127132000e+00,6.901000000e+00,4.639770000e-01
3.130083000e+00,6.900471000e+00,4.785460000e-01
3.133033000e+00,6.899943000e+00,4.717820000e-01
3.135984000e+00,6.899413000e+00,4.868230000e-01
3.138935000e+00,6.898884000e+00,4.715080000e-01
3.141885000e+00,6.898355000e+00,4.717330000e-01
3.144836000e+00,6.897825000e+00,4.757900000e-01
3.147787000e+00,6.897296000e+00,4.687730000e-01
3.150738000e+00,6.896766000e+00,4.820680000e-01
3.153688000e+00,6.896236000e+00,4.784710000e-01
3.156639000e+00,6.895706000e+00,4.843800000e-01
3.159590000e+00,6.895175000e+00,4.730820000e-01
3.162541000e+00,6.894645000e+00,4.750810000e-01
3.165491000e+00,6.894114000e+00,4.767770000e-01
3.168442000e+00,6.893583000e+00,4.716000000e-01
3.171393000e+00,6.893052000e+00,4.763020000e-01
3.174344000e+00,6.892521000e+00,4.821570000e-01
3.177294000e+00,6.891990000e+00,4.772910000e-01
3.180245000e+00,6.891458000e+00,4.737670000e-01
3.183196000e+00,6.890927000e+00,4.743430000e-01
3.186147000e+00,6.890395000e+00,4.758040000e-01
3.189097000e+00,6.889863000e+00,4.712760000e-01
3.192048000e+00,6.889331000e+00,4.814090000e-01
3.194999000e+00,6.888799000e+00,4.657560000e-01
3.197949000e+00,6.888266000e+00,4.827600000e-01
3.200900000e+00,6.887734000e+00,4.802900000e-01
3.203851000e+00,6.887201000e+00,4.705120000e-01
3.206802000e+00,6.886669000e+00,4.737170000e-01
3.209752000e+00,6.886136000e+00,4.765200000e-01
3.212703000e+00,6.885603000e+00,4.788050000e-01
3.215654000e+00,6.885069000e+00,4.758140000e-01
3.218605000e+00,6.884536000e+00,4.743190000e-01
3.221555000e+00,6.884003000e+00,4.754950000e-01
3.224506000e+00,6.883469000e+00,4.792220000e-01
3.227457000e+00,6.882935000e+00,4.678420000e-01
3.230408000e+00,6.882402000e+00,4.776600000e-01
3.233358000e+00,6.881868000e+00,4.775860000e-01
3.236309000e+00,6.881333000e+00,4.764860000e-01
3.239260000e+00,6.880799000e+00,4.764120000e-01
3.242211000e+00,6.880265000e+00,4.788700000e-01
3.245161000e+00,6.879730000e+00,4.809370000e-01
3.248112000e+00,6.879196000e+00,4.735120000e-01
3.251063000e+00,6.878661000e+00,4.803840000e-01
3.254014000e+00,6.878126000e+00,4.771760000e-01
3.256964000e+00,6.877591000e+00,4.803850000e-01
3.259915000e+00,6.877056000e+00,4.731510000e-01
3.262866000e+00,6.876521000e+00,4.760860000e-01
3.265816000e+00,6.875985000e+00,4.783170000e-01
3.268767000e+00,6.875450000e+00,4.788110000e-01
3.271718000e+00,6.874914000e+00,4.851360000e-01
3.274669000e+00,6.874378000e+00,4.841200000e-01
3.277619000e+00,6.873843000e+00,4.748180000e-01
3.280570000e+00,6.873307000e+00,4.792520000e-01
3.283521000e+00,6.872771000e+00,4.800700000e-01
3.286472000e+00,6.872234000e+00,4.799950000e-01
3.289422000e+00,6.871698000e+00,4.854780000e-01
3.292373000e+00,6.871162000e+00,4.843200000e-01
3.295324000e+00,6.870625000e+00,4.763300000e-01
3.298275000e+00,6.870089000e+00,4.843370000e-01
3.301225000e+00,6.869552000e+00,4.851660000e-01
3.304176000e+00,6.869015000e+00,4.764940000e-01
3.307127000e+00,6.868478000e+00,4.777510000e-01
3.310078000e+00,6.867941000e+00,4.846370000e-01
3.313028000e+00,6.867404000e+00,4.874980000e-01
3.315979000e+00,6.866867000e+00,4.825610000e-01
3.318930000e+00,6.866329000e+00,4.821520000e-01
3.321880000e+00,6.865792000e+00,4.774750000e-01
3.324831000e+00,6.865254000e+00,4.838740000e-01
3.327782000e+00,6.864716000e+00,4.874170000e-01
3.330733000e+00,6.864179000e+00,4.765740000e-01
3.333683000e+00,6.863641000e+00,4.841190000e-01
3.336634000e+00,6.863103000e+00,4.841990000e-01
3.339585000e+00,6.862565000e+00,4.792940000e-01
3.342536000e+00,6.862027000e+00,4.810390000e-01
3.345486000e+00,6.861488000e+00,4.855070000e-01
3.348437000e+00,6.860950000e+00,4.845610000e-01
3.351388000e+00,6.860411000e+00,4.898800000e-01
3.354339000e+00,6.859873000e+00,4.863230000e-01
3.357289000e+00,6.859334000e+00,4.822780000e-01
3.360240000e+00,6.858796000e+00,4.850450000e-01
3.363191000e+00,6.858257000e+00,4.812220000e-01
3.366142000e+00,6.857718000e+00,4.857870000e-01
3.369092000e+00,6.857179000e+00,4.832800000e-01
3.372043000e+00,6.856640000e+00,4.846240000e-01
3.374994000e+00,6.856101000e+00,4.939040000e-01
3.377944000e+00,6.855561000e+00,4.858280000e-01
3.380895000e+00,6.855022000e+00,4.869700000e-01
3.383846000e+00,6.854483000e+00,4.829830000e-01
3.386797000e+00,6.853943000e+00,4.884740000e-01
3.389747000e+00,6.853403000e+00,4.787730000e-01
3.392698000e+00,6.852864000e+00,4.895820000e-01
3.395649000e+00,6.852324000e+00,4.904850000e-01
3.398600000e+00,6.851784000e+00,4.898030000e-01
3.401550000e+00,6.851244000e+00,4.794390000e-01
3.404501000e+00,6.850704000e+00,4.900990000e-01
3.407452000e+00,6.850164000e+00,4.749270000e-01
3.410403000e+00,6.849624000e+00,4.861150000e-01
3.413353000e+00,6.849084000e+00,4.837960000e-01
3.416304000e+00,6.848544000e+00,4.849310000e-01
3.419255000e+00,6.848003000e+00,4.818450000e-01
3.422206000e+00,6.847463000e+00,4.796670000e-01
3.425156000e+00,6.846922000e+00,4.954850000e-01
3.428107000e+00,6.846382000e+00,4.870380000e-01
3.431058000e+00,6.845841000e+00,4.824800000e-01
3.434009000e+00,6.845300000e+00,4.758060000e-01
3.436959000e+00,6.844759000e+00,4.899880000e-01
3.439910000e+00,6.844219000e+00,4.853610000e-01
3.442861000e+00,6.843678000e+00,4.868440000e-01
3.445811000e+00,6.843137000e+00,4.815930000e-01
3.448762000e+00,6.842596000e+00,4.866090000e-01
3.451713000e+00,6.842054000e+00,4.887970000e-01
3.454664000e+00,6.841513000e+00,4.834060000e-01
3.457614000e+00,6.840972000e+00,4.871290000e-01
3.460565000e+00,6.840431000e+00,4.854490000e-01
3.463516000e+00,6.839889000e+00,4.850560000e-01
3.466467000e+00,6.839348000e+00,4.860320000e-01
3.469417000e+00,6.838806000e+00,4.861130000e-01
3.472368000e+00,6.838265000e+00,4.800630000e-01
3.475319000e+00,6.837723000e+00,4.837040000e-01
3.478270000e+00,6.837181000e+00,4.898760000e-01
3.481220000e+00,6.836640000e+00,4.986240000e-01
3.484171000e+00,6.836098000e+00,4.854680000e-01
3.487122000e+00,6.835556000e+00,4.791240000e-01
3.490073000e+00,6.835014000e+00,4.822940000e-01
3.493023000e+00,6.834472000e+00,4.897380000e-01
3.495974000e+00,6.833930000e+00,4.864470000e-01
3.498925000e+00,6.833388000e+00,4.903420000e-01
3.501875000e+00,6.832846000e+00,4.924480000e-01
3.504826000e+00,6.832303000e+00,4.902380000e-01
3.507777000e+00,6.831761000e+00,4.831910000e-01
3.510728000e+00,6.831219000e+00,4.819520000e-01
3.513678000e+00,6.830676000e+00,4.883460000e-01
3.516629000e+00,6.830134000e+00,4.774340000e-01
3.519580000e+00,6.829592000e+00,4.938190000e-01
3.522531000e+00,6.829049000e+00,4.885730000e-01
3.525481000e+00,6.828507000e+00,4.878830000e-01
3.528432000e+00,6.827964000e+00,4.945940000e-01
3.531383000e+00,6.827421000e+00,4.913680000e-01
3.534334000e+00,6.826879000e+00,4.858780000e-01
3.537284000e+00,6.826336000e+00,4.846300000e-01
3.540235000e+00,6.825793000e+00,4.780590000e-01
3.543186000e+00,6.825250000e+00,4.922770000e-01
3.546137000e+00,6.824707000e+00,4.965740000e-01
3.549087000e+00,6.824164000e+00,4.931920000e-01
3.552038000e+00,6.823621000e+00,4.953630000e-01
3.554989000e+00,6.823078000e+00,4.931900000e-01
3.557939000e+00,6.822535000e+00,4.944990000e-01
3.560890000e+00,6.821992000e+00,4.849340000e-01
3.563841000e+00,6.821449000e+00,4.913420000e-01
3.566792000e+00,6.820906000e+00,4.913010000e-01
3.569742000e+00,6.820363000e+00,4.957140000e-01
3.572693000e+00,6.819819000e+00,4.849370000e-01
3.575644000e+00,6.819276000e+00,4.876520000e-01
3.578595000e+00,6.818733000e+00,4.874440000e-01
3.581545000e+00,6.818189000e+00,4.863990000e-01
3.584496000e+00,6.817646000e+00,4.925610000e-01
3.587447000e+00,6.817103000e+00,4.809190000e-01
3.590398000e+00,6.816559000e+00,4.909120000e-01
3.593348000e+00,6.816016000e+00,4.907680000e-01
3.596299000e+00,6.815472000e+00,4.940830000e-01
3.599250000e+00,6.814929000e+00,4.923860000e-01
3.602201000e+00,6.814385000e+00,4.894930000e-01
3.605151000e+00,6.813841000e+00,4.868710000e-01
3.608102000e+00,6.813298000e+00,4.964500000e-01
3.611053000e+00,6.812754000e+00,4.984210000e-01
3.614004000e+00,6.812210000e+00,4.869310000e-01
3.616954000e+00,6.811666000e+00,4.917810000e-01
3.619905000e+00,6.811123000e+00,4.888880000e-01
3.622856000e+00,6.810579000e+00,4.979810000e-01
3.625806000e+00,6.810035000e+00,4.950590000e-01
3.628757000e+00,6.809491000e+00,4.876740000e-01
3.631708000e+00,6.808947000e+00,4.913350000e-01
3.634659000e+00,6.808403000e+00,4.927400000e-01
3.637609000e+00,6.807859000e+00,5.017370000e-01
3.640560000e+00,6.807315000e+00,5.001080000e-01
3.643511000e+00,6.806771000e+00,5.030280000e-01
3.646462000e+00,6.806227000e+00,4.904180000e-01
3.649412000e+00,6.805683000e+00,4.925010000e-01
3.652363000e+00,6.805139000e+00,4.920200000e-01
3.655314000e+00,6.804595000e+00,4.999460000e-01
3.658265000e+00,6.804051000e+00,4.922410000e-01
3.661215000e+00,6.803507000e+00,5.026340000e-01
3.664166000e+00,6.802963000e+00,4.965540000e-01
3.667117000e+00,6.802419000e+00,4.877360000e-01
3.670068000e+00,6.801875000e+00,4.917000000e-01
3.673018000e+00,6.801330000e+00,4.888030000e-01
3.675969000e+00,6.800786000e+00,4.866730000e-01
3.678920000e+00,6.800242000e+00,4.897130000e-01
3.681870000e+00,6.799698000e+00,4.791690000e-01
3.684821000e+00,6.799153000e+00,4.873970000e-01
3.687772000e+00,6.798609000e+00,4.942450000e-01
3.690723000e+00,6.798065000e+00,4.858780000e-01
3.693673000e+00,6.797520000e+00,4.967860000e-01
3.696624000e+00,6.796976000e+00,5.029680000e-01
3.699575000e+00,6.796432000e+00,4.897100000e-01
3.702526000e+00,6.795887000e+00,4.852490000e-01
3.705476000e+00,6.795343000e+00,4.880170000e-01
3.708427000e+00,6.794799000e+00,4.914230000e-01
3.711378000e+00,6.794254000e+00,4.939470000e-01
3.714329000e+00,6.793710000e+00,4.966700000e-01
3.717279000e+00,6.793165000e+00,4.960560000e-01
3.720230000e+00,6.792621000e+00,4.917640000e-01
3.723181000e+00,6.792076000e+00,4.992830000e-01
3.726132000e+00,6.791532000e+00,4.937130000e-01
3.729082000e+00,6.790988000e+00,4.999890000e-01
3.732033000e+00,6.790443000e+00,4.904800000e-01
3.734984000e+00,6.789899000e+00,4.929470000e-01
3.737934000e+00,6.789354000e+00,4.998230000e-01
3.740885000e+00,6.788810000e+00,4.953890000e-01
3.743836000e+00,6.788265000e+00,4.928830000e-01
3.746787000e+00,6.787721000e+00,4.936210000e-01
3.749737000e+00,6.787176000e+00,4.910170000e-01
3.752688000e+00,6.786631000e+00,4.978190000e-01
3.755639000e+00,6.786087000e+00,4.944890000e-01
3.758590000e+00,6.785542000e+00,4.933120000e-01
3.761540000e+00,6.784998000e+00,4.962170000e-01
3.764491000e+00,6.784453000e+00,4.946710000e-01
3.767442000e+00,6.783909000e+00,4.931820000e-01
3.770393000e+00,6.783364000e+00,4.928510000e-01
3.773343000e+00,6.782820000e+00,4.900520000e-01
3.776294000e+00,6.782275000e+00,4.979280000e-01
3.779245000e+00,6.781731000e+00,4.977570000e-01
3.782196000e+00,6.781186000e+00,5.016510000e-01
3.785146000e+00,6.780641000e+00,4.987830000e-01
3.788097000e+00,6.780097000e+00,4.982590000e-01
3.791048000e+00,6.779552000e+00,5.003180000e-01
3.793998000e+00,6.779008000e+00,4.968570000e-01
3.796949000e+00,6.778463000e+00,5.031030000e-01
3.799900000e+00,6.777919000e+00,5.072690000e-01
3.802851000e+00,6.777374000e+00,4.958650000e-01
3.805801000e+00,6.776830000e+00,4.971320000e-01
3.808752000e+00,6.776285000e+00,5.001670000e-01
3.811703000e+00,6.775741000e+00,4.977470000e-01
3.814654000e+00,6.775196000e+00,5.031320000e-01
3.817604000e+00,6.774651000e+00,4.959470000e-01
3.820555000e+00,6.774107000e+00,5.051220000e-01
3.823506000e+00,6.773562000e+00,4.961160000e-01
3.826457000e+00,6.773018000e+00,5.048970000e-01
3.829407000e+00,6.772473000e+00,4.919330000e-01
3.832358000e+00,6.771929000e+00,4.917570000e-01
3.835309000e+00,6.771384000e+00,4.992730000e-01
3.838260000e+00,6.770840000e+00,4.945230000e-01
3.841210000e+00,6.770295000e+00,5.024700000e-01
3.844161000e+00,6.769751000e+00,5.067070000e-01
3.847112000e+00,6.769206000e+00,4.982880000e-01
3.850063000e+00,6.768662000e+00,5.002720000e-01
3.853013000e+00,6.768118000e+00,5.074190000e-01
3.855964000e+00,6.767573000e+00,5.092970000e-01
3.858915000e+00,6.767029000e+00,4.982560000e-01
3.861865000e+00,6.766484000e+00,4.981180000e-01
3.864816000e+00,6.765940000e+00,5.061440000e-01
3.867767000e+00,6.765395000e+00,5.003080000e-01
3.870718000e+00,6.764851000e+00,5.054590000e-01
3.873668000e+00,6.764307000e+00,4.969740000e-01
3.876619000e+00,6.763762000e+00,4.992390000e-01
3.879570000e+00,6.763218000e+00,4.986680000e-01
3.882521000e+00,6.762674000e+00,5.109670000e-01
3.885471000e+00,6.762129000e+00,5.011470000e-01
3.888422000e+00,6.761585000e+00,5.121250000e-01
3.891373000e+00,6.761041000e+00,5.019020000e-01
3.894324000e+00,6.760497000e+00,5.048790000e-01
3.897274000e+00,6.759952000e+00,5.027120000e-01
3.900225000e+00,6.759408000e+00,5.083250000e-01
3.903176000e+00,6.758864000e+00,5.005120000e-01
3.906127000e+00,6.758320000e+00,4.927290000e-01
3.909077000e+00,6.757775000e+00,5.042050000e-01
3.912028000e+00,6.757231000e+00,4.965040000e-01
3.914979000e+00,6.756687000e+00,5.012600000e-01
3.917929000e+00,6.756143000e+00,5.042650000e-01
3.920880000e+00,6.755599000e+00,5.032630000e-01
3.923831000e+00,6.755055000e+00,5.014860000e-01
3.926782000e+00,6.754511000e+00,5.034580000e-01
3.929732000e+00,6.753967000e+00,5.012070000e-01
3.932683000e+00,6.753422000e+00,5.059300000e-01
3.935634000e+00,6.752878000e+00,4.987630000e-01
3.938585000e+00,6.752334000e+00,4.983880000e-01
3.941535000e+00,6.751790000e+00,5.073590000e-01
3.944486000e+00,6.751246000e+00,5.066000000e-01
3.947437000e+00,6.750703000e+00,5.016230000e-01
3.950388000e+00,6.750159000e+00,4.994170000e-01
3.953338000e+00,6.749615000e+00,5.013180000e-01
3.956289000e+00,6.749071000e+00,4.945220000e-01
3.959240000e+00,6.748527000e+00,4.977660000e-01
3.962191000e+00,6.747983000e+00,5.086460000e-01
3.965141000e+00,6.747439000e+00,5.082000000e-01
3.968092000e+00,6.746896000e+00,5.155280000e-01
3.971043000e+00,6.746352000e+00,5.014900000e-01
3.973993000e+00,6.745808000e+00,5.064440000e-01
3.976944000e+00,6.745264000e+00,5.147300000e-01
3.979895000e+00,6.744721000e+00,5.116690000e-01
3.982846000e+00,6.744177000e+00,5.024220000e-01
3.985796000e+00,6.743633000e+00,5.098330000e-01
3.988747000e+00,6.743090000e+00,5.078040000e-01
3.991698000e+00,6.742546000e+00,5.053540000e-01
3.994649000e+00,6.742003000e+00,5.051570000e-01
3.997599000e+00,6.741459000e+00,5.124380000e-01
4.000550000e+00,6.740916000e+00,5.130400000e-01
4.003501000e+00,6.740372000e+00,5.071730000e-01
4.006452000e+00,6.739829000e+00,5.042760000e-01
4.009402000e+00,6.739285000e+00,5.142730000e-01
4.012353000e+00,6.738742000e+00,5.046800000e-01
4.015304000e+00,6.738198000e+00,5.118060000e-01
4.018255000e+00,6.737655000e+00,5.139410000e-01
4.021205000e+00,6.737112000e+00,5.014180000e-01
4.024156000e+00,6.736569000e+00,4.997920000e-01
4.027107000e+00,6.736025000e+00,5.103110000e-01
4.030058000e+00,6.735482000e+00,5.047830000e-01
4.033008000e+00,6.734939000e+00,5.104930000e-01
4.035959000e+00,6.734396000e+00,5.142340000e-01
4.038910000e+00,6.733853000e+00,5.122870000e-01
4.041860000e+00,6.733310000e+00,5.119410000e-01
4.044811000e+00,6.732766000e+00,5.119870000e-01
4.047762000e+00,6.732223000e+00,5.087430000e-01
4.050713000e+00,6.731680000e+00,5.148060000e-01
4.053663000e+00,6.731137000e+00,5.070720000e-01
4.056614000e+00,6.730595000e+00,5.046810000e-01
4.059565000e+00,6.730052000e+00,5.081600000e-01
4.062516000e+00,6.729509000e+00,5.043260000e-01
4.065466000e+00,6.728966000e+00,5.145710000e-01
4.068417000e+00,6.728423000e+00,5.093520000e-01
4.071368000e+00,6.727880000e+00,5.043380000e-01
4.074319000e+00,6.727338000e+00,5.051410000e-01
4.077269000e+00,6.726795000e+00,5.097550000e-01
4.080220000e+00,6.726252000e+00,5.073830000e-01
4.083171000e+00,6.725710000e+00,5.083830000e-01
4.086122000e+00,6.725167000e+00,5.136960000e-01
4.089072000e+00,6.724625000e+00,5.110260000e-01
4.092023000e+00,6.724082000e+00,5.086380000e-01
4.094974000e+00,6.723540000e+00,5.151920000e-01
4.097924000e+00,6.722997000e+00,5.045470000e-01
4.100875000e+00,6.722455000e+00,5.046350000e-01
4.103826000e+00,6.721913000e+00,5.141340000e-01
4.106777000e+00,6.721370000e+00,5.120960000e-01
4.109727000e+00,6.720828000e+00,5.041630000e-01
4.112678000e+00,6.720286000e+00,5.122470000e-01
4.115629000e+00,6.719744000e+00,5.034740000e-01
4.118580000e+00,6.719201000e+00,5.128900000e-01
4.121530000e+00,6.718659000e+00,5.056120000e-01
4.124481000e+00,6.718117000e+00,5.034110000e-01
4.127432000e+00,6.717575000e+00,5.082840000e-01
4.130383000e+00,6.717033000e+00,5.202320000e-01
4.133333000e+00,6.716491000e+00,5.055410000e-01
4.136284000e+00,6.715949000e+00,5.197300000e-01
4.139235000e+00,6.715407000e+00,5.097320000e-01
4.142186000e+00,6.714866000e+00,5.085980000e-01
4.145136000e+00,6.714324000e+00,5.157650000e-01
4.148087000e+00,6.713782000e+00,5.166350000e-01
4.151038000e+00,6.713240000e+00,5.043420000e-01
4.153988000e+00,6.712699000e+00,5.097060000e-01
4.156939000e+00,6.712157000e+00,5.144140000e-01
4.159890000e+00,6.711615000e+00,5.044920000e-01
4.162841000e+00,6.711074000e+00,5.161310000e-01
4.165791000e+00,6.710532000e+00,5.093890000e-01
4.168742000e+00,6.709991000e+00,5.161750000e-01
4.171693000e+00,6.709450000e+00,5.149700000e-01
4.174644000e+00,6.708908000e+00,5.073900000e-01
4.177594000e+00,6.708367000e+00,5.113990000e-01
4.180545000e+00,6.707826000e+00,5.173340000e-01
4.183496000e+00,6.707284000e+00,5.148130000e-01
4.186447000e+00,6.706743000e+00,5.148850000e-01
4.189397000e+00,6.706202000e+00,5.049220000e-01
4.192348000e+00,6.705661000e+00,5.074020000e-01
4.195299000e+00,6.705120000e+00,5.065930000e-01
4.198250000e+00,6.704579000e+00,5.008390000e-01
4.201200000e+00,6.704038000e+00,5.060780000e-01
4.204151000e+00,6.703497000e+00,5.160960000e-01
4.207102000e+00,6.702956000e+00,5.082030000e-01
4.210053000e+00,6.702415000e+00,5.175430000e-01
4.213003000e+00,6.701875000e+00,5.098700000e-01
4.215954000e+00,6.701334000e+00,5.198920000e-01
4.218905000e+00,6.700793000e+00,5.152360000e-01
4.221855000e+00,6.700253000e+00,5.148700000e-01
4.224806000e+00,6.699712000e+00,5.112120000e-01
4.227757000e+00,6.699172000e+00,5.166860000e-01
4.230708000e+00,6.698631000e+00,5.171420000e-01
4.233658000e+00,6.698091000e+00,5.096580000e-01
4.236609000e+00,6.697550000e+00,5.158760000e-01
4.239560000e+00,6.697010000e+00,5.149560000e-01
4.242511000e+00,6.696470000e+00,5.164810000e-01
4.245461000e+00,6.695929000e+00,5.307750000e-01
4.248412000e+00,6.695389000e+00,5.162640000e-01
4.251363000e+00,6.694849000e+00,5.114280000e-01
4.254314000e+00,6.694309000e+00,5.127670000e-01
4.257264000e+00,6.693769000e+00,5.073950000e-01
4.260215000e+00,6.693229000e+00,5.173950000e-01
4.263166000e+00,6.692689000e+00,5.138460000e-01
4.266117000e+00,6.692149000e+00,5.175550000e-01
4.269067000e+00,6.691610000e+00,5.160560000e-01
4.272018000e+00,6.691070000e+00,5.144910000e-01
4.274969000e+00,6.690530000e+00,5.092610000e-01
4.277919000e+00,6.689990000e+00,5.248550000e-01
4.280870000e+00,6.689451000e+00,5.190670000e-01
4.283821000e+00,6.688911000e+00,5.161160000e-01
4.286772000e+00,6.688372000e+00,5.189720000e-01
4.289722000e+00,6.687832000e+00,5.183740000e-01
4.292673000e+00,6.687293000e+00,5.169870000e-01
4.295624000e+00,6.686754000e+00,5.147900000e-01
4.298575000e+00,6.686214000e+00,5.234750000e-01
4.301525000e+00,6.685675000e+00,5.170580000e-01
4.304476000e+00,6.685136000e+00,5.166490000e-01
4.307427000e+00,6.684597000e+00,5.087030000e-01
4.310378000e+00,6.684058000e+00,5.121530000e-01
4.313328000e+00,6.683519000e+00,5.117620000e-01
4.316279000e+00,6.682980000e+00,5.266770000e-01
4.319230000e+00,6.682441000e+00,5.197640000e-01
4.322181000e+00,6.681902000e+00,5.151720000e-01
4.325131000e+00,6.681363000e+00,5.139300000e-01
4.328082000e+00,6.680824000e+00,5.252630000e-01
4.331033000e+00,6.680286000e+00,5.189450000e-01
4.333983000e+00,6.679747000e+00,5.142360000e-01
4.336934000e+00,6.679208000e+00,5.146860000e-01
4.339885000e+00,6.678670000e+00,5.202500000e-01
4.342836000e+00,6.678131000e+00,5.196540000e-01
4.345786000e+00,6.677593000e+00,5.097840000e-01
4.348737000e+00,6.677055000e+00,5.200960000e-01
4.351688000e+00,6.676516000e+00,5.190170000e-01
4.354639000e+00,6.675978000e+00,5.279060000e-01
4.357589000e+00,6.675440000e+00,5.125080000e-01
4.360540000e+00,6.674902000e+00,5.237570000e-01
4.363491000e+00,6.674364000e+00,5.209380000e-01
4.366442000e+00,6.673826000e+00,5.146020000e-01
4.369392000e+00,6.673288000e+00,5.181960000e-01
4.372343000e+00,6.672750000e+00,5.157120000e-01
4.375294000e+00,6.672212000e+00,5.171540000e-01
4.378245000e+00,6.671675000e+00,5.150690000e-01
4.381195000e+00,6.671137000e+00,5.292660000e-01
4.384146000e+00,6.670599000e+00,5.242340000e-01
4.387097000e+00,6.670062000e+00,5.216570000e-01
4.390048000e+00,6.669524000e+00,5.149630000e-01
4.392998000e+00,6.668987000e+00,5.274240000e-01
4.395949000e+00,6.668449000e+00,5.179240000e-01
4.398900000e+00,6.667912000e+00,5.279860000e-01
4.401850000e+00,6.667375000e+00,5.162640000e-01
4.404801000e+00,6.666837000e+00,5.228500000e-01
4.407752000e+00,6.666300000e+00,5.236150000e-01
4.410703000e+00,6.665763000e+00,5.169350000e-01
4.413653000e+00,6.665226000e+00,5.230280000e-01
4.416604000e+00,6.664689000e+00,5.225710000e-01
4.419555000e+00,6.664152000e+00,5.196190000e-01
4.422506000e+00,6.663615000e+00,5.280180000e-01
4.425456000e+00,6.663079000e+00,5.183460000e-01
4.428407000e+00,6.662542000e+00,5.253650000e-01
4.431358000e+00,6.662005000e+00,5.382790000e-01
4.434309000e+00,6.661469000e+00,5.103920000e-01
4.437259000e+00,6.660932000e+00,5.271160000e-01
4.440210000e+00,6.660396000e+00,5.242540000e-01
4.443161000e+00,6.659859000e+00,5.220890000e-01
4.446112000e+00,6.659323000e+00,5.319610000e-01
4.449062000e+00,6.658787000e+00,5.210250000e-01
4.452013000e+00,6.658250000e+00,5.200850000e-01
4.454964000e+00,6.657714000e+00,5.243940000e-01
4.457914000e+00,6.657178000e+00,5.214930000e-01
4.460865000e+00,6.656642000e+00,5.214470000e-01
4.463816000e+00,6.656106000e+00,5.283090000e-01
4.466767000e+00,6.655570000e+00,5.252760000e-01
4.469717000e+00,6.655034000e+00,5.371160000e-01
4.472668000e+00,6.654499000e+00,5.128450000e-01
4.475619000e+00,6.653963000e+00,5.328720000e-01
4.478570000e+00,6.653427000e+00,5.251590000e-01
4.481520000e+00,6.652892000e+00,5.384690000e-01
4.484471000e+00,6.652356000e+00,5.270000000e-01
4.487422000e+00,6.651821000e+00,5.324070000e-01
4.490373000e+00,6.651285000e+00,5.319510000e-01
4.493323000e+00,6.650750000e+00,5.245880000e-01
4.496274000e+00,6.650215000e+00,5.227680000e-01
4.499225000e+00,6.649680000e+00,5.328860000e-01
4.502176000e+00,6.649145000e+00,5.256360000e-01
4.505126000e+00,6.648609000e+00,5.271500000e-01
4.508077000e+00,6.648075000e+00,5.226060000e-01
4.511028000e+00,6.647540000e+00,5.310980000e-01
4.513978000e+00,6.647005000e+00,5.244470000e-01
4.516929000e+00,6.646470000e+00,5.306230000e-01
4.519880000e+00,6.645935000e+00,5.287580000e-01
4.522831000e+00,6.645401000e+00,5.279300000e-01
4.525781000e+00,6.644866000e+00,5.301660000e-01
4.528732000e+00,6.644332000e+00,5.282870000e-01
4.531683000e+00,6.643797000e+00,5.304760000e-01
4.534634000e+00,6.643263000e+00,5.226880000e-01
4.537584000e+00,6.642728000e+00,5.219890000e-01
4.540535000e+00,6.642194000e+00,5.217670000e-01
4.543486000e+00,6.641660000e+00,5.286710000e-01
4.546437000e+00,6.641126000e+00,5.316900000e-01
4.549387000e+00,6.640592000e+00,5.163350000e-01
4.552338000e+00,6.640058000e+00,5.229850000e-01
4.555289000e+00,6.639524000e+00,5.311560000e-01
4.558240000e+00,6.638990000e+00,5.226140000e-01
4.561190000e+00,6.638456000e+00,5.216750000e-01
4.564141000e+00,6.637923000e+00,5.195670000e-01
4.567092000e+00,6.637389000e+00,5.242490000e-01
4.570043000e+00,6.636856000e+00,5.324320000e-01
4.572993000e+00,6.636322000e+00,5.302290000e-01
4.575944000e+00,6.635789000e+00,5.210880000e-01
4.578895000e+00,6.635255000e+00,5.316470000e-01
4.581845000e+00,6.634722000e+00,5.232720000e-01
4.584796000e+00,6.634189000e+00,5.239380000e-01
4.587747000e+00,6.633656000e+00,5.258840000e-01
4.590698000e+00,6.633123000e+00,5.334830000e-01
4.593648000e+00,6.632590000e+00,5.250060000e-01
4.596599000e+00,6.632057000e+00,5.239410000e-01
4.599550000e+00,6.631524000e+00,5.271840000e-01
4.602501000e+00,6.630991000e+00,5.314650000e-01
4.605451000e+00,6.630459000e+00,5.216550000e-01
4.608402000e+00,6.629926000e+00,5.305510000e-01
4.611353000e+00,6.629393000e+00,5.323580000e-01
4.614304000e+00,6.628861000e+00,5.279370000e-01
4.617254000e+00,6.628328000e+00,5.315010000e-01
4.620205000e+00,6.627796000e+00,5.353300000e-01
4.623156000e+00,6.627264000e+00,5.323030000e-01
4.626107000e+00,6.626732000e+00,5.346930000e-01
4.629057000e+00,6.626200000e+00,5.240660000e-01
4.632008000e+00,6.625667000e+00,5.250220000e-01
4.634959000e+00,6.625136000e+00,5.291070000e-01
4.637909000e+00,6.624604000e+00,5.343650000e-01
4.640860000e+00,6.624072000e+00,5.242500000e-01
4.643811000e+00,6.623540000e+00,5.380650000e-01
4.646762000e+00,6.623008000e+00,5.379520000e-01
4.649712000e+00,6.622477000e+00,5.324550000e-01
4.652663000e+00,6.621945000e+00,5.303890000e-01
4.655614000e+00,6.621414000e+00,5.324040000e-01
4.658565000e+00,6.620882000e+00,5.248570000e-01
4.661515000e+00,6.620351000e+00,5.223010000e-01
4.664466000e+00,6.619820000e+00,5.286240000e-01
4.667417000e+00,6.619289000e+00,5.269470000e-01
4.670368000e+00,6.618757000e+00,5.250300000e-01
4.673318000e+00,6.618226000e+00,5.433180000e-01
4.676269000e+00,6.617696000e+00,5.281240000e-01
4.679220000e+00,6.617165000e+00,5.404680000e-01
4.682171000e+00,6.616634000e+00,5.303180000e-01
4.685121000e+00,6.616103000e+00,5.251480000e-01
4.688072000e+00,6.615572000e+00,5.298860000e-01
4.691023000e+00,6.615042000e+00,5.289470000e-01
4.693973000e+00,6.614511000e+00,5.292240000e-01
4.696924000e+00,6.613981000e+00,5.333140000e-01
4.699875000e+00,6.613451000e+00,5.348990000e-01
4.702826000e+00,6.612920000e+00,5.257240000e-01
4.705776000e+00,6.612390000e+00,5.201220000e-01
4.708727000e+00,6.611860000e+00,5.325470000e-01
4.711678000e+00,6.611330000e+00,5.361230000e-01
4.714629000e+00,6.610800000e+00,5.219590000e-01
4.717579000e+00,6.610270000e+00,5.350720000e-01
4.720530000e+00,6.609740000e+00,5.235070000e-01
4.723481000e+00,6.609211000e+00,5.373150000e-01
4.726432000e+00,6.608681000e+00,5.260350000e-01
4.729382000e+00,6.608151000e+00,5.302060000e-01
4.732333000e+00,6.607622000e+00,5.354340000e-01
4.735284000e+00,6.607092000e+00,5.348460000e-01
4.738235000e+00,6.606563000e+00,5.383970000e-01
4.741185000e+00,6.606034000e+00,5.353470000e-01
4.744136000e+00,6.605505000e+00,5.267000000e-01
4.747087000e+00,6.604975000e+00,5.372770000e-01
4.750038000e+00,6.604446000e+00,5.342270000e-01
4.752988000e+00,6.603917000e+00,5.336770000e-01
4.755939000e+00,6.603388000e+00,5.273070000e-01
4.758890000e+00,6.602860000e+00,5.407420000e-01
4.761840000e+00,6.602331000e+00,5.371920000e-01
4.764791000e+00,6.601802000e+00,5.367270000e-01
4.767742000e+00,6.601274000e+00,5.341660000e-01
4.770693000e+00,6.600745000e+00,5.263760000e-01
4.773643000e+00,6.600217000e+00,5.353980000e-01
4.776594000e+00,6.599688000e+00,5.324650000e-01
4.779545000e+00,6.599160000e+00,5.363790000e-01
4.782496000e+00,6.598632000e+00,5.369880000e-01
4.785446000e+00,6.598104000e+00,5.357690000e-01
4.788397000e+00,6.597576000e+00,5.340410000e-01
4.791348000e+00,6.597048000e+00,5.319820000e-01
4.794299000e+00,6.596520000e+00,5.315560000e-01
4.797249000e+00,6.595992000e+00,5.420490000e-01
4.800200000e+00,6.595464000e+00,5.258590000e-01
4.803151000e+00,6.594937000e+00,5.391210000e-01
4.806102000e+00,6.594409000e+00,5.426590000e-01
4.809052000e+00,6.593882000e+00,5.285110000e-01
4.812003000e+00,6.593354000e+00,5.375600000e-01
4.814954000e+00,6.592827000e+00,5.360070000e-01
4.817904000e+00,6.592300000e+00,5.425420000e-01
4.820855000e+00,6.591773000e+00,5.391780000e-01
4.823806000e+00,6.591245000e+00,5.490960000e-01
4.826757000e+00,6.590718000e+00,5.359370000e-01
4.829707000e+00,6.590192000e+00,5.383060000e-01
4.832658000e+00,6.589665000e+00,5.420460000e-01
4.835609000e+00,6.589138000e+00,5.328700000e-01
4.838560000e+00,6.588611000e+00,5.443680000e-01
4.841510000e+00,6.588085000e+00,5.439480000e-01
4.844461000e+00,6.587558000e+00,5.327420000e-01
4.847412000e+00,6.587032000e+00,5.335950000e-01
4.850363000e+00,6.586505000e+00,5.288260000e-01
4.853313000e+00,6.585979000e+00,5.434730000e-01
4.856264000e+00,6.585453000e+00,5.296010000e-01
4.859215000e+00,6.584927000e+00,5.453200000e-01
4.862166000e+00,6.584401000e+00,5.429710000e-01
4.865116000e+00,6.583875000e+00,5.386610000e-01
4.868067000e+00,6.583349000e+00,5.309250000e-01
4.871018000e+00,6.582823000e+00,5.460530000e-01
4.873968000e+00,6.582297000e+00,5.312620000e-01
4.876919000e+00,6.581772000e+00,5.384700000e-01
4.879870000e+00,6.581246000e+00,5.477680000e-01
4.882821000e+00,6.580721000e+00,5.401130000e-01
4.885771000e+00,6.580195000e+00,5.414830000e-01
4.888722000e+00,6.579670000e+00,5.386120000e-01
4.891673000e+00,6.579145000e+00,5.303800000e-01
4.894624000e+00,6.578620000e+00,5.350410000e-01
4.897574000e+00,6.578094000e+00,5.424200000e-01
4.900525000e+00,6.577569000e+00,5.382300000e-01
4.903476000e+00,6.577045000e+00,5.376210000e-01
4.906427000e+00,6.576520000e+00,5.387000000e-01
4.909377000e+00,6.575995000e+00,5.525500000e-01
4.912328000e+00,6.575470000e+00,5.294390000e-01
4.915279000e+00,6.574946000e+00,5.321170000e-01
4.918230000e+00,6.574421000e+00,5.446610000e-01
4.921180000e+00,6.573897000e+00,5.464980000e-01
4.924131000e+00,6.573373000e+00,5.337330000e-01
4.927082000e+00,6.572848000e+00,5.490070000e-01
4.930033000e+00,6.572324000e+00,5.348110000e-01
4.932983000e+00,6.571800000e+00,5.488630000e-01
4.935934000e+00,6.571276000e+00,5.451250000e-01
4.938885000e+00,6.570752000e+00,5.333200000e-01
4.941835000e+00,6.570228000e+00,5.361820000e-01
4.944786000e+00,6.569705000e+00,5.396710000e-01
4.947737000e+00,6.569181000e+00,5.477880000e-01
4.950688000e+00,6.568657000e+00,5.496540000e-01
4.953638000e+00,6.568134000e+00,5.410430000e-01
4.956589000e+00,6.567610000e+00,5.306790000e-01
4.959540000e+00,6.567087000e+00,5.367010000e-01
4.962491000e+00,6.566564000e+00,5.472100000e-01
4.965441000e+00,6.566041000e+00,5.441740000e-01
4.968392000e+00,6.565518000e+00,5.419960000e-01
4.971343000e+00,6.564995000e+00,5.420910000e-01
4.974294000e+00,6.564472000e+00,5.395940000e-01
4.977244000e+00,6.563949000e+00,5.411300000e-01
4.980195000e+00,6.563426000e+00,5.364940000e-01
4.983146000e+00,6.562904000e+00,5.544250000e-01
4.986097000e+00,6.562381000e+00,5.400710000e-01
4.989047000e+00,6.561858000e+00,5.437510000e-01
4.991998000e+00,6.561336000e+00,5.381990000e-01
4.994949000e+00,6.560814000e+00,5.392160000e-01
4.997899000e+00,6.560292000e+00,5.430210000e-01
5.000850000e+00,6.559769000e+00,5.365740000e-01
5.003801000e+00,6.559247000e+00,5.434090000e-01
5.006752000e+00,6.558725000e+00,5.377190000e-01
5.009702000e+00,6.558203000e+00,5.474130000e-01
5.012653000e+00,6.557682000e+00,5.373710000e-01
5.015604000e+00,6.557160000e+00,5.430820000e-01
5.018555000e+00,6.556638000e+00,5.383400000e-01
5.021505000e+00,6.556117000e+00,5.489290000e-01
5.024456000e+00,6.555595000e+00,5.504670000e-01
5.027407000e+00,6.555074000e+00,5.429900000e-01
5.030358000e+00,6.554553000e+00,5.458060000e-01
5.033308000e+00,6.554031000e+00,5.514980000e-01
5.036259000e+00,6.553510000e+00,5.372650000e-01
5.039210000e+00,6.552989000e+00,5.467940000e-01
5.042161000e+00,6.552468000e+00,5.451870000e-01
5.045111000e+00,6.551947000e+00,5.525370000e-01
5.048062000e+00,6.551427000e+00,5.425270000e-01
5.051013000e+00,6.550906000e+00,5.544740000e-01
5.053963000e+00,6.550385000e+00,5.459520000e-01
5.056914000e+00,6.549865000e+00,5.515860000e-01
5.059865000e+00,6.549344000e+00,5.433980000e-01
5.062816000e+00,6.548824000e+00,5.557570000e-01
5.065766000e+00,6.548304000e+00,5.396010000e-01
5.068717000e+00,6.547784000e+00,5.460200000e-01
5.071668000e+00,6.547263000e+00,5.459560000e-01
5.074619000e+00,6.546743000e+00,5.495230000e-01
5.077569000e+00,6.546223000e+00,5.552670000e-01
5.080520000e+00,6.545704000e+00,5.476490000e-01
5.083471000e+00,6.545184000e+00,5.429520000e-01
5.086422000e+00,6.544664000e+00,5.491390000e-01
5.089372000e+00,6.544145000e+00,5.446920000e-01
5.092323000e+00,6.543625000e+00,5.518040000e-01
5.095274000e+00,6.543106000e+00,5.437370000e-01
5.098225000e+00,6.542586000e+00,5.469400000e-01
5.101175000e+00,6.542067000e+00,5.510920000e-01
5.104126000e+00,6.541548000e+00,5.528030000e-01
5.107077000e+00,6.541029000e+00,5.460910000e-01
5.110028000e+00,6.540510000e+00,5.503550000e-01
5.112978000e+00,6.539991000e+00,5.594960000e-01
5.115929000e+00,6.539472000e+00,5.442490000e-01
5.118880000e+00,6.538954000e+00,5.446710000e-01
5.121830000e+00,6.538435000e+00,5.498540000e-01
5.124781000e+00,6.537917000e+00,5.494470000e-01
5.127732000e+00,6.537398000e+00,5.518550000e-01
5.130683000e+00,6.536880000e+00,5.475570000e-01
5.133633000e+00,6.536361000e+00,5.396460000e-01
5.136584000e+00,6.535843000e+00,5.419960000e-01
5.139535000e+00,6.535325000e+00,5.470010000e-01
5.142486000e+00,6.534807000e+00,5.446340000e-01
5.145436000e+00,6.534289000e+00,5.525410000e-01
5.148387000e+00,6.533771000e+00,5.450720000e-01
5.151338000e+00,6.533254000e+00,5.515720000e-01
5.154289000e+00,6.532736000e+00,5.476360000e-01
5.157239000e+00,6.532218000e+00,5.544810000e-01
5.160190000e+00,6.531701000e+00,5.517620000e-01
5.163141000e+00,6.531184000e+00,5.463070000e-01
5.166092000e+00,6.530666000e+00,5.545630000e-01
5.169042000e+00,6.530149000e+00,5.601400000e-01
5.171993000e+00,6.529632000e+00,5.549560000e-01
5.174944000e+00,6.529115000e+00,5.522240000e-01
5.177894000e+00,6.528598000e+00,5.454350000e-01
5.180845000e+00,6.528081000e+00,5.490880000e-01
5.183796000e+00,6.527564000e+00,5.380740000e-01
5.186747000e+00,6.527048000e+00,5.563010000e-01
5.189697000e+00,6.526531000e+00,5.471190000e-01
5.192648000e+00,6.526014000e+00,5.548970000e-01
5.195599000e+00,6.525498000e+00,5.416270000e-01
5.198550000e+00,6.524982000e+00,5.488340000e-01
5.201500000e+00,6.524465000e+00,5.467020000e-01
5.204451000e+00,6.523949000e+00,5.537070000e-01
5.207402000e+00,6.523433000e+00,5.385560000e-01
5.210353000e+00,6.522917000e+00,5.479800000e-01
5.213303000e+00,6.522401000e+00,5.515270000e-01
5.216254000e+00,6.521886000e+00,5.498900000e-01
5.219205000e+00,6.521370000e+00,5.542620000e-01
5.222156000e+00,6.520854000e+00,5.545130000e-01
5.225106000e+00,6.520339000e+00,5.580520000e-01
5.228057000e+00,6.519823000e+00,5.508210000e-01
5.231008000e+00,6.519308000e+00,5.464370000e-01
5.233958000e+00,6.518793000e+00,5.533850000e-01
5.236909000e+00,6.518278000e+00,5.511790000e-01
5.239860000e+00,6.517762000e+00,5.449290000e-01
5.242811000e+00,6.517247000e+00,5.485450000e-01
5.245761000e+00,6.516733000e+00,5.499710000e-01
5.248712000e+00,6.516218000e+00,5.446120000e-01
5.251663000e+00,6.515703000e+00,5.628390000e-01
5.254614000e+00,6.515188000e+00,5.536870000e-01
5.257564000e+00,6.514674000e+00,5.556330000e-01
5.260515000e+00,6.514159000e+00,5.541750000e-01
5.263466000e+00,6.513645000e+00,5.577130000e-01
5.266417000e+00,6.513131000e+00,5.542480000e-01
5.269367000e+00,6.512617000e+00,5.518870000e-01
5.272318000e+00,6.512102000e+00,5.620590000e-01
5.275269000e+00,6.511588000e+00,5.497870000e-01
5.278220000e+00,6.511075000e+00,5.444430000e-01
5.281170000e+00,6.510561000e+00,5.545610000e-01
5.284121000e+00,6.510047000e+00,5.595670000e-01
5.287072000e+00,6.509533000e+00,5.521480000e-01
5.290023000e+00,6.509020000e+00,5.500220000e-01
5.292973000e+00,6.508506000e+00,5.531950000e-01
5.295924000e+00,6.507993000e+00,5.519620000e-01
5.298875000e+00,6.507480000e+00,5.565150000e-01
5.301825000e+00,6.506966000e+00,5.523210000e-01
5.304776000e+00,6.506453000e+00,5.466840000e-01
5.307727000e+00,6.505940000e+00,5.553240000e-01
5.310678000e+00,6.505427000e+00,5.555170000e-01
5.313628000e+00,6.504915000e+00,5.454090000e-01
5.316579000e+00,6.504402000e+00,5.493230000e-01
5.319530000e+00,6.503889000e+00,5.692400000e-01
5.322481000e+00,6.503377000e+00,5.519270000e-01
5.325431000e+00,6.502864000e+00,5.611870000e-01
5.328382000e+00,6.502352000e+00,5.618140000e-01
5.331333000e+00,6.501839000e+00,5.511040000e-01
5.334284000e+00,6.501327000e+00,5.544400000e-01
5.337234000e+00,6.500815000e+00,5.560650000e-01
5.340185000e+00,6.500303000e+00,5.545130000e-01
5.343136000e+00,6.499791000e+00,5.644470000e-01
5.346087000e+00,6.499279000e+00,5.604920000e-01
5.349037000e+00,6.498768000e+00,5.589690000e-01
5.351988000e+00,6.498256000e+00,5.551080000e-01
5.354939000e+00,6.497744000e+00,5.565390000e-01
5.357889000e+00,6.497233000e+00,5.631470000e-01
5.360840000e+00,6.496721000e+00,5.485070000e-01
5.363791000e+00,6.496210000e+00,5.503040000e-01
5.366742000e+00,6.495699000e+00,5.633130000e-01
5.369692000e+00,6.495188000e+00,5.534860000e-01
5.372643000e+00,6.494677000e+00,5.575860000e-01
5.375594000e+00,6.494166000e+00,5.576420000e-01
5.378545000e+00,6.493655000e+00,5.541730000e-01
5.381495000e+00,6.493144000e+00,5.576350000e-01
5.384446000e+00,6.492634000e+00,5.618680000e-01
5.387397000e+00,6.492123000e+00,5.671530000e-01
5.390348000e+00,6.491613000e+00,5.610840000e-01
5.393298000e+00,6.491102000e+00,5.521920000e-01
5.396249000e+00,6.490592000e+00,5.566430000e-01
5.399200000e+00,6.490082000e+00,5.573330000e-01
5.402151000e+00,6.489572000e+00,5.559140000e-01
5.405101000e+00,6.489062000e+00,5.562790000e-01
5.408052000e+00,6.488552000e+00,5.650990000e-01
5.411003000e+00,6.488042000e+00,5.561490000e-01
5.413953000e+00,6.487532000e+00,5.590740000e-01
5.416904000e+00,6.487023000e+00,5.616220000e-01
5.419855000e+00,6.486513000e+00,5.566150000e-01
5.422806000e+00,6.486004000e+00,5.608450000e-01
5.425756000e+00,6.485494000e+00,5.580860000e-01
5.428707000e+00,6.484985000e+00,5.568810000e-01
5.431658000e+00,6.484476000e+00,5.587530000e-01
5.434609000e+00,6.483967000e+00,5.535920000e-01
5.437559000e+00,6.483458000e+00,5.567360000e-01
5.440510000e+00,6.482949000e+00,5.641000000e-01
5.443461000e+00,6.482440000e+00,5.595960000e-01
5.446412000e+00,6.481931000e+00,5.558520000e-01
5.449362000e+00,6.481423000e+00,5.618670000e-01
5.452313000e+00,6.480914000e+00,5.597170000e-01
5.455264000e+00,6.480406000e+00,5.631810000e-01
5.458215000e+00,6.479897000e+00,5.521260000e-01
5.461165000e+00,6.479389000e+00,5.569930000e-01
5.464116000e+00,6.478881000e+00,5.636880000e-01
5.467067000e+00,6.478373000e+00,5.658360000e-01
5.470018000e+00,6.477865000e+00,5.650270000e-01
5.472968000e+00,6.477357000e+00,5.690600000e-01
5.475919000e+00,6.476849000e+00,5.657380000e-01
5.478870000e+00,6.476341000e+00,5.651110000e-01
5.481820000e+00,6.475834000e+00,5.589770000e-01
5.484771000e+00,6.475326000e+00,5.573770000e-01
5.487722000e+00,6.474819000e+00,5.617290000e-01
5.490673000e+00,6.474311000e+00,5.572930000e-01
5.493623000e+00,6.473804000e+00,5.635940000e-01
5.496574000e+00,6.473297000e+00,5.557710000e-01
5.499525000e+00,6.472790000e+00,5.608120000e-01
5.502476000e+00,6.472283000e+00,5.616430000e-01
5.505426000e+00,6.471776000e+00,5.590170000e-01
5.508377000e+00,6.471269000e+00,5.629810000e-01
5.511328000e+00,6.470763000e+00,5.571590000e-01
5.514279000e+00,6.470256000e+00,5.623680000e-01
5.517229000e+00,6.469749000e+00,5.573230000e-01
5.520180000e+00,6.469243000e+00,5.629430000e-01
5.523131000e+00,6.468737000e+00,5.634180000e-01
5.526082000e+00,6.468231000e+00,5.638630000e-01
5.529032000e+00,6.467724000e+00,5.675330000e-01
5.531983000e+00,6.467218000e+00,5.700820000e-01
5.534934000e+00,6.466712000e+00,5.626670000e-01
5.537884000e+00,6.466207000e+00,5.562090000e-01
5.540835000e+00,6.465701000e+00,5.613210000e-01
5.543786000e+00,6.465195000e+00,5.618040000e-01
5.546737000e+00,6.464690000e+00,5.684910000e-01
5.549687000e+00,6.464184000e+00,5.644870000e-01
5.552638000e+00,6.463679000e+00,5.650850000e-01
5.555589000e+00,6.463173000e+00,5.572940000e-01
5.558540000e+00,6.462668000e+00,5.707760000e-01
5.561490000e+00,6.462163000e+00,5.637070000e-01
5.564441000e+00,6.461658000e+00,5.655060000e-01
5.567392000e+00,6.461153000e+00,5.669810000e-01
5.570343000e+00,6.460648000e+00,5.734020000e-01
5.573293000e+00,6.460143000e+00,5.610720000e-01
5.576244000e+00,6.459639000e+00,5.710370000e-01
5.579195000e+00,6.459134000e+00,5.716820000e-01
5.582146000e+00,6.458630000e+00,5.590450000e-01
5.585096000e+00,6.458125000e+00,5.701020000e-01
5.588047000e+00,6.457621000e+00,5.677610000e-01
5.590998000e+00,6.457117000e+00,5.616300000e-01
5.593948000e+00,6.456613000e+00,5.674280000e-01
5.596899000e+00,6.456109000e+00,5.704210000e-01
5.599850000e+00,6.455605000e+00,5.717070000e-01
5.602801000e+00,6.455101000e+00,5.645710000e-01
5.605751000e+00,6.454598000e+00,5.604290000e-01
5.608702000e+00,6.454094000e+00,5.670000000e-01
5.611653000e+00,6.453590000e+00,5.702770000e-01
5.614604000e+00,6.453087000e+00,5.686690000e-01
5.617554000e+00,6.452584000e+00,5.697580000e-01
5.620505000e+00,6.452080000e+00,5.648840000e-01
5.623456000e+00,6.451577000e+00,5.618360000e-01
5.626407000e+00,6.451074000e+00,5.587600000e-01
5.629357000e+00,6.450571000e+00,5.624110000e-01
5.632308000e+00,6.450068000e+00,5.710540000e-01
5.635259000e+00,6.449566000e+00,5.571990000e-01
5.638210000e+00,6.449063000e+00,5.653980000e-01
5.641160000e+00,6.448560000e+00,5.707780000e-01
5.644111000e+00,6.448058000e+00,5.581890000e-01
5.647062000e+00,6.447555000e+00,5.660700000e-01
5.650013000e+00,6.447053000e+00,5.624010000e-01
5.652963000e+00,6.446551000e+00,5.690870000e-01
5.655914000e+00,6.446049000e+00,5.731070000e-01
5.658865000e+00,6.445547000e+00,5.711670000e-01
5.661815000e+00,6.445045000e+00,5.705070000e-01
5.664766000e+00,6.444543000e+00,5.610650000e-01
5.667717000e+00,6.444041000e+00,5.722850000e-01
5.670668000e+00,6.443540000e+00,5.695310000e-01
5.673618000e+00,6.443038000e+00,5.698120000e-01
5.676569000e+00,6.442537000e+00,5.612370000e-01
5.679520000e+00,6.442035000e+00,5.730450000e-01
5.682471000e+00,6.441534000e+00,5.660640000e-01
5.685421000e+00,6.441033000e+00,5.675810000e-01
5.688372000e+00,6.440532000e+00,5.703810000e-01
5.691323000e+00,6.440031000e+00,5.641190000e-01
5.694274000e+00,6.439530000e+00,5.769140000e-01
5.697224000e+00,6.439029000e+00,5.671050000e-01
5.700175000e+00,6.438528000e+00,5.800090000e-01
5.703126000e+00,6.438028000e+00,5.732110000e-01
5.706077000e+00,6.437527000e+00,5.738080000e-01
5.709027000e+00,6.437027000e+00,5.649080000e-01
5.711978000e+00,6.436526000e+00,5.686310000e-01
5.714929000e+00,6.436026000e+00,5.701820000e-01
5.717879000e+00,6.435526000e+00,5.671500000e-01
5.720830000e+00,6.435026000e+00,5.765650000e-01
5.723781000e+00,6.434526000e+00,5.711570000e-01
5.726732000e+00,6.434026000e+00,5.689190000e-01
5.729682000e+00,6.433526000e+00,5.580580000e-01
5.732633000e+00,6.433027000e+00,5.733150000e-01
5.735584000e+00,6.432527000e+00,5.801830000e-01
5.738535000e+00,6.432028000e+00,5.731010000e-01
5.741485000e+00,6.431528000e+00,5.709020000e-01
5.744436000e+00,6.431029000e+00,5.836290000e-01
5.747387000e+00,6.430530000e+00,5.644800000e-01
5.750338000e+00,6.430030000e+00,5.816060000e-01
5.753288000e+00,6.429531000e+00,5.763800000e-01
5.756239000e+00,6.429033000e+00,5.682300000e-01
5.759190000e+00,6.428534000e+00,5.660700000e-01
5.762141000e+00,6.428035000e+00,5.638080000e-01
5.765091000e+00,6.427536000e+00,5.681090000e-01
5.768042000e+00,6.427038000e+00,5.720250000e-01
5.770993000e+00,6.426539000e+00,5.812160000e-01
5.773943000e+00,6.426041000e+00,5.798980000e-01
5.776894000e+00,6.425543000e+00,5.738850000e-01
5.779845000e+00,6.425045000e+00,5.737800000e-01
5.782796000e+00,6.424547000e+00,5.754350000e-01
5.785746000e+00,6.424049000e+00,5.813740000e-01
5.788697000e+00,6.423551000e+00,5.815030000e-01
5.791648000e+00,6.423053000e+00,5.702030000e-01
5.794599000e+00,6.422555000e+00,5.696310000e-01
5.797549000e+00,6.422058000e+00,5.680330000e-01
5.800500000e+00,6.421560000e+00,5.649270000e-01
5.803451000e+00,6.421063000e+00,5.652520000e-01
5.806402000e+00,6.420565000e+00,5.844940000e-01
5.809352000e+00,6.420068000e+00,5.773660000e-01
5.812303000e+00,6.419571000e+00,5.745270000e-01
5.815254000e+00,6.419074000e+00,5.689640000e-01
5.818205000e+00,6.418577000e+00,5.811760000e-01
5.821155000e+00,6.418080000e+00,5.792680000e-01
5.824106000e+00,6.417583000e+00,5.780860000e-01
5.827057000e+00,6.417087000e+00,5.620090000e-01
5.830008000e+00,6.416590000e+00,5.661650000e-01
5.832958000e+00,6.416094000e+00,5.715260000e-01
5.835909000e+00,6.415597000e+00,5.749340000e-01
5.838860000e+00,6.415101000e+00,5.782350000e-01
5.841810000e+00,6.414605000e+00,5.758560000e-01
5.844761000e+00,6.414109000e+00,5.766580000e-01
5.847712000e+00,6.413613000e+00,5.782850000e-01
5.850663000e+00,6.413117000e+00,5.866410000e-01
5.853613000e+00,6.412621000e+00,5.758450000e-01
5.856564000e+00,6.412125000e+00,5.739690000e-01
5.859515000e+00,6.411630000e+00,5.628160000e-01
5.862466000e+00,6.411134000e+00,5.831850000e-01
5.865416000e+00,6.410639000e+00,5.760440000e-01
5.868367000e+00,6.410144000e+00,5.851970000e-01
5.871318000e+00,6.409648000e+00,5.774500000e-01
5.874269000e+00,6.409153000e+00,5.844200000e-01
5.877219000e+00,6.408658000e+00,5.703020000e-01
5.880170000e+00,6.408163000e+00,5.759380000e-01
5.883121000e+00,6.407668000e+00,5.698890000e-01
5.886072000e+00,6.407174000e+00,5.673580000e-01
5.889022000e+00,6.406679000e+00,5.796950000e-01
5.891973000e+00,6.406184000e+00,5.548810000e-01
5.894924000e+00,6.405690000e+00,5.690160000e-01
5.897874000e+00,6.405196000e+00,5.671150000e-01
5.900825000e+00,6.404701000e+00,5.878850000e-01
5.903776000e+00,6.404207000e+00,5.787750000e-01
5.906727000e+00,6.403713000e+00,5.768450000e-01
5.909677000e+00,6.403219000e+00,5.759500000e-01
5.912628000e+00,6.402725000e+00,5.591290000e-01
5.915579000e+00,6.402231000e+00,5.709420000e-01
5.918530000e+00,6.401738000e+00,5.728930000e-01
5.921480000e+00,6.401244000e+00,5.764360000e-01
5.924431000e+00,6.400750000e+00,5.736960000e-01
5.927382000e+00,6.400257000e+00,5.824110000e-01
5.930333000e+00,6.399764000e+00,5.731220000e-01
5.933283000e+00,6.399270000e+00,5.869040000e-01
5.936234000e+00,6.398777000e+00,5.737810000e-01
5.939185000e+00,6.398284000e+00,5.790010000e-01
5.942136000e+00,6.397791000e+00,5.717250000e-01
5.945086000e+00,6.397298000e+00,5.742530000e-01
5.948037000e+00,6.396806000e+00,5.810920000e-01
5.950988000e+00,6.396313000e+00,5.767390000e-01
5.953938000e+00,6.395820000e+00,5.833730000e-01
5.956889000e+00,6.395328000e+00,5.762000000e-01
5.959840000e+00,6.394836000e+00,5.759900000e-01
5.962791000e+00,6.394343000e+00,5.861910000e-01
5.965741000e+00,6.393851000e+00,5.743100000e-01
5.968692000e+00,6.393359000e+00,5.752060000e-01
5.971643000e+00,6.392867000e+00,5.858840000e-01
5.974594000e+00,6.392375000e+00,5.799890000e-01
5.977544000e+00,6.391883000e+00,5.711140000e-01
5.980495000e+00,6.391391000e+00,5.711700000e-01
5.983446000e+00,6.390900000e+00,5.687160000e-01
5.986397000e+00,6.390408000e+00,5.676080000e-01
5.989347000e+00,6.389917000e+00,5.786940000e-01
5.992298000e+00,6.389426000e+00,5.718510000e-01
5.995249000e+00,6.388934000e+00,5.816820000e-01
5.998200000e+00,6.388443000e+00,5.873690000e-01
6.001150000e+00,6.387952000e+00,5.649980000e-01
6.004101000e+00,6.387461000e+00,5.701100000e-01
6.007052000e+00,6.386970000e+00,5.817530000e-01
6.010003000e+00,6.386480000e+00,5.791630000e-01
6.012953000e+00,6.385989000e+00,5.769840000e-01
6.015904000e+00,6.385498000e+00,5.864190000e-01
6.018855000e+00,6.385008000e+00,5.731310000e-01
6.021805000e+00,6.384517000e+00,5.836200000e-01
6.024756000e+00,6.384027000e+00,5.915670000e-01
6.027707000e+00,6.383537000e+00,5.786760000e-01
6.030658000e+00,6.383047000e+00,5.901800000e-01
6.033608000e+00,6.382557000e+00,5.792860000e-01
6.036559000e+00,6.382067000e+00,5.780800000e-01
6.039510000e+00,6.381577000e+00,5.838930000e-01
6.042461000e+00,6.381087000e+00,5.892370000e-01
6.045411000e+00,6.380598000e+00,5.759870000e-01
6.048362000e+00,6.380108000e+00,5.805700000e-01
6.051313000e+00,6.379619000e+00,5.780560000e-01
6.054264000e+00,6.379129000e+00,5.704290000e-01
6.057214000e+00,6.378640000e+00,5.777120000e-01
6.060165000e+00,6.378151000e+00,5.804590000e-01
6.063116000e+00,6.377662000e+00,5.764480000e-01
6.066067000e+00,6.377173000e+00,5.893870000e-01
6.069017000e+00,6.376684000e+00,5.773860000e-01
6.071968000e+00,6.376195000e+00,5.763620000e-01
6.074919000e+00,6.375707000e+00,5.849090000e-01
6.077869000e+00,6.375218000e+00,5.851480000e-01
6.080820000e+00,6.374730000e+00,5.781060000e-01
6.083771000e+00,6.374241000e+00,5.896160000e-01
6.086722000e+00,6.373753000e+00,5.807940000e-01
6.089672000e+00,6.373265000e+00,5.862970000e-01
6.092623000e+00,6.372777000e+00,5.801600000e-01
6.095574000e+00,6.372289000e+00,5.781470000e-01
6.098525000e+00,6.371801000e+00,5.842300000e-01
6.101475000e+00,6.371313000e+00,5.765910000e-01
6.104426000e+00,6.370825000e+00,5.825230000e-01
6.107377000e+00,6.370337000e+00,5.777180000e-01
6.110328000e+00,6.369850000e+00,5.802920000e-01
6.113278000e+00,6.369362000e+00,5.780290000e-01
6.116229000e+00,6.368875000e+00,5.817120000e-01
6.119180000e+00,6.368388000e+00,5.804570000e-01
6.122131000e+00,6.367901000e+00,5.932600000e-01
6.125081000e+00,6.367414000e+00,5.863260000e-01
6.128032000e+00,6.366927000e+00,5.860280000e-01
6.130983000e+00,6.366440000e+00,5.854610000e-01
6.133933000e+00,6.365953000e+00,5.796950000e-01
6.136884000e+00,6.365466000e+00,5.783700000e-01
6.139835000e+00,6.364980000e+00,5.762230000e-01
6.142786000e+00,6.364493000e+00,5.877280000e-01
6.145736000e+00,6.364007000e+00,5.750650000e-01
6.148687000e+00,6.363521000e+00,5.992980000e-01
6.151638000e+00,6.363034000e+00,5.768080000e-01
6.154589000e+00,6.362548000e+00,5.735480000e-01
6.157539000e+00,6.362062000e+00,5.821640000e-01
6.160490000e+00,6.361576000e+00,5.736040000e-01
6.163441000e+00,6.361091000e+00,5.957520000e-01
6.166392000e+00,6.360605000e+00,5.847750000e-01
6.169342000e+00,6.360119000e+00,5.869080000e-01
6.172293000e+00,6.359634000e+00,5.850830000e-01
6.175244000e+00,6.359148000e+00,5.659470000e-01
6.178195000e+00,6.358663000e+00,5.820430000e-01
6.181145000e+00,6.358178000e+00,5.784160000e-01
6.184096000e+00,6.357692000e+00,5.761230000e-01
6.187047000e+00,6.357207000e+00,5.849040000e-01
6.189997000e+00,6.356722000e+00,5.747560000e-01
6.192948000e+00,6.356238000e+00,5.802200000e-01
6.195899000e+00,6.355753000e+00,5.746270000e-01
6.198850000e+00,6.355268000e+00,5.832670000e-01
6.201800000e+00,6.354783000e+00,5.953200000e-01
6.204751000e+00,6.354299000e+00,5.792850000e-01
6.207702000e+00,6.353815000e+00,5.846170000e-01
6.210653000e+00,6.353330000e+00,5.861210000e-01
6.213603000e+00,6.352846000e+00,5.798060000e-01
6.216554000e+00,6.352362000e+00,5.912340000e-01
6.219505000e+00,6.351878000e+00,5.861740000e-01
6.222456000e+00,6.351394000e+00,5.786210000e-01
6.225406000e+00,6.350910000e+00,5.872560000e-01
6.228357000e+00,6.350426000e+00,5.878240000e-01
6.231308000e+00,6.349943000e+00,5.934960000e-01
6.234259000e+00,6.349459000e+00,5.945200000e-01
6.237209000e+00,6.348976000e+00,5.886590000e-01
6.240160000e+00,6.348492000e+00,6.014680000e-01
6.243111000e+00,6.348009000e+00,5.816470000e-01
6.246062000e+00,6.347526000e+00,5.889620000e-01
6.249012000e+00,6.347043000e+00,5.782840000e-01
6.251963000e+00,6.346560000e+00,5.910540000e-01
6.254914000e+00,6.346077000e+00,5.893180000e-01
6.257864000e+00,6.345594000e+00,5.723820000e-01
6.260815000e+00,6.345112000e+00,5.898790000e-01
6.263766000e+00,6.344629000e+00,5.822490000e-01
6.266717000e+00,6.344147000e+00,5.847230000e-01
6.269667000e+00,6.343664000e+00,5.825260000e-01
6.272618000e+00,6.343182000e+00,5.840500000e-01
6.275569000e+00,6.342700000e+00,5.796950000e-01
6.278520000e+00,6.342218000e+00,5.893360000e-01
6.281470000e+00,6.341736000e+00,5.819220000e-01
6.284421000e+00,6.341254000e+00,5.893980000e-01
6.287372000e+00,6.340772000e+00,5.885890000e-01
6.290323000e+00,6.340290000e+00,5.813050000e-01
6.293273000e+00,6.339808000e+00,5.930610000e-01
6.296224000e+00,6.339327000e+00,5.900430000e-01
6.299175000e+00,6.338845000e+00,5.978900000e-01
6.302126000e+00,6.338364000e+00,5.896860000e-01
6.305076000e+00,6.337883000e+00,5.840000000e-01
6.308027000e+00,6.337402000e+00,5.871690000e-01
6.310978000e+00,6.336921000e+00,5.853460000e-01
6.313928000e+00,6.336440000e+00,5.924440000e-01
6.316879000e+00,6.335959000e+00,5.805480000e-01
6.319830000e+00,6.335478000e+00,5.911990000e-01
6.322781000e+00,6.334997000e+00,5.934340000e-01
6.325731000e+00,6.334517000e+00,5.842500000e-01
6.328682000e+00,6.334036000e+00,5.937880000e-01
6.331633000e+00,6.333556000e+00,5.898340000e-01
6.334584000e+00,6.333075000e+00,5.783510000e-01
6.337534000e+00,6.332595000e+00,6.006320000e-01
6.340485000e+00,6.332115000e+00,5.859450000e-01
6.343436000e+00,6.331635000e+00,5.757710000e-01
6.346387000e+00,6.331155000e+00,6.006560000e-01
6.349337000e+00,6.330675000e+00,5.919250000e-01
6.352288000e+00,6.330196000e+00,5.817420000e-01
6.355239000e+00,6.329716000e+00,5.989640000e-01
6.358190000e+00,6.329236000e+00,5.938080000e-01
6.361140000e+00,6.328757000e+00,5.907840000e-01
6.364091000e+00,6.328277000e+00,5.934000000e-01
6.367042000e+00,6.327798000e+00,5.916290000e-01
6.369992000e+00,6.327319000e+00,5.898100000e-01
6.372943000e+00,6.326840000e+00,5.970080000e-01
6.375894000e+00,6.326361000e+00,5.811900000e-01
6.378845000e+00,6.325882000e+00,5.970900000e-01
6.381795000e+00,6.325403000e+00,5.963750000e-01
6.384746000e+00,6.324925000e+00,5.881220000e-01
6.387697000e+00,6.324446000e+00,5.870780000e-01
6.390648000e+00,6.323967000e+00,5.868530000e-01
6.393598000e+00,6.323489000e+00,5.891880000e-01
6.396549000e+00,6.323011000e+00,5.940440000e-01
6.399500000e+00,6.322533000e+00,5.882240000e-01
6.402451000e+00,6.322054000e+00,5.874370000e-01
6.405401000e+00,6.321576000e+00,5.957200000e-01
6.408352000e+00,6.321098000e+00,5.908890000e-01
6.411303000e+00,6.320621000e+00,5.928070000e-01
6.414254000e+00,6.320143000e+00,5.917450000e-01
6.417204000e+00,6.319665000e+00,5.902060000e-01
6.420155000e+00,6.319188000e+00,5.926900000e-01
6.423106000e+00,6.318710000e+00,5.958760000e-01
6.426057000e+00,6.318233000e+00,5.818370000e-01
6.429007000e+00,6.317755000e+00,5.964060000e-01
6.431958000e+00,6.317278000e+00,5.909330000e-01
6.434909000e+00,6.316801000e+00,6.023910000e-01
6.437859000e+00,6.316324000e+00,5.924460000e-01
6.440810000e+00,6.315847000e+00,5.866260000e-01
6.443761000e+00,6.315370000e+00,5.952500000e-01
6.446712000e+00,6.314894000e+00,5.896870000e-01
6.449662000e+00,6.314417000e+00,5.845560000e-01
6.452613000e+00,6.313941000e+00,5.933000000e-01
6.455564000e+00,6.313464000e+00,5.927620000e-01
6.458515000e+00,6.312988000e+00,5.932460000e-01
6.461465000e+00,6.312512000e+00,5.970430000e-01
6.464416000e+00,6.312035000e+00,5.921450000e-01
6.467367000e+00,6.311559000e+00,5.918630000e-01
6.470318000e+00,6.311083000e+00,5.946580000e-01
6.473268000e+00,6.310608000e+00,6.023390000e-01
6.476219000e+00,6.310132000e+00,5.911320000e-01
6.479170000e+00,6.309656000e+00,5.951280000e-01
6.482121000e+00,6.309181000e+00,5.928890000e-01
6.485071000e+00,6.308705000e+00,5.893440000e-01
6.488022000e+00,6.308230000e+00,5.944430000e-01
6.490973000e+00,6.307754000e+00,5.954440000e-01
6.493923000e+00,6.307279000e+00,5.945160000e-01
6.496874000e+00,6.306804000e+00,6.083090000e-01
6.499825000e+00,6.306329000e+00,5.905560000e-01
6.502776000e+00,6.305854000e+00,5.984330000e-01
6.505726000e+00,6.305379000e+00,5.995430000e-01
6.508677000e+00,6.304905000e+00,5.931130000e-01
6.511628000e+00,6.304430000e+00,5.923840000e-01
6.514579000e+00,6.303956000e+00,6.055680000e-01
6.517529000e+00,6.303481000e+00,5.967730000e-01
6.520480000e+00,6.303007000e+00,5.942440000e-01
6.523431000e+00,6.302532000e+00,6.099410000e-01
6.526382000e+00,6.302058000e+00,6.096960000e-01
6.529332000e+00,6.301584000e+00,5.902640000e-01
6.532283000e+00,6.301110000e+00,5.876200000e-01
6.535234000e+00,6.300636000e+00,6.014900000e-01
6.538185000e+00,6.300163000e+00,5.960980000e-01
6.541135000e+00,6.299689000e+00,5.971830000e-01
6.544086000e+00,6.299215000e+00,5.910530000e-01
6.547037000e+00,6.298742000e+00,5.977820000e-01
6.549987000e+00,6.298268000e+00,6.005860000e-01
6.552938000e+00,6.297795000e+00,5.838230000e-01
6.555889000e+00,6.297322000e+00,5.968430000e-01
6.558840000e+00,6.296849000e+00,5.885110000e-01
6.561790000e+00,6.296376000e+00,5.949460000e-01
6.564741000e+00,6.295903000e+00,5.981110000e-01
6.567692000e+00,6.295430000e+00,5.950840000e-01
6.570643000e+00,6.294957000e+00,5.991810000e-01
6.573593000e+00,6.294485000e+00,6.010870000e-01
6.576544000e+00,6.294012000e+00,6.011270000e-01
6.579495000e+00,6.293540000e+00,5.813670000e-01
6.582446000e+00,6.293067000e+00,5.945660000e-01
6.585396000e+00,6.292595000e+00,6.060620000e-01
6.588347000e+00,6.292123000e+00,6.030860000e-01
6.591298000e+00,6.291651000e+00,5.942700000e-01
6.594249000e+00,6.291179000e+00,6.023540000e-01
6.597199000e+00,6.290707000e+00,5.998090000e-01
6.600150000e+00,6.290235000e+00,6.010060000e-01
6.603101000e+00,6.289763000e+00,5.930100000e-01
6.606052000e+00,6.289292000e+00,5.823390000e-01
6.609002000e+00,6.288820000e+00,5.928960000e-01
6.611953000e+00,6.288349000e+00,5.912880000e-01
6.614904000e+00,6.287877000e+00,6.016300000e-01
6.617854000e+00,6.287406000e+00,5.955340000e-01
6.620805000e+00,6.286935000e+00,6.002830000e-01
6.623756000e+00,6.286464000e+00,5.908770000e-01
6.626707000e+00,6.285993000e+00,5.862910000e-01
6.629657000e+00,6.285522000e+00,5.896270000e-01
6.632608000e+00,6.285051000e+00,5.902420000e-01
6.635559000e+00,6.284581000e+00,5.936750000e-01
6.638510000e+00,6.284110000e+00,5.988410000e-01
6.641460000e+00,6.283640000e+00,6.026730000e-01
6.644411000e+00,6.283169000e+00,6.057800000e-01
6.647362000e+00,6.282699000e+00,5.969660000e-01
6.650313000e+00,6.282229000e+00,6.007130000e-01
6.653263000e+00,6.281759000e+00,6.010580000e-01
6.656214000e+00,6.281289000e+00,6.063390000e-01
6.659165000e+00,6.280819000e+00,5.980760000e-01
6.662116000e+00,6.280349000e+00,6.095680000e-01
6.665066000e+00,6.279879000e+00,6.032290000e-01
6.668017000e+00,6.279410000e+00,6.002250000e-01
6.670968000e+00,6.278940000e+00,6.017260000e-01
6.673918000e+00,6.278471000e+00,6.011230000e-01
6.676869000e+00,6.278001000e+00,6.039030000e-01
6.679820000e+00,6.277532000e+00,5.959650000e-01
6.682771000e+00,6.277063000e+00,6.003910000e-01
6.685721000e+00,6.276594000e+00,5.992610000e-01
6.688672000e+00,6.276125000e+00,5.987440000e-01
6.691623000e+00,6.275656000e+00,6.023720000e-01
6.694574000e+00,6.275187000e+00,6.117750000e-01
6.697524000e+00,6.274718000e+00,6.035220000e-01
6.700475000e+00,6.274250000e+00,6.084690000e-01
6.703426000e+00,6.273781000e+00,5.994480000e-01
6.706377000e+00,6.273313000e+00,6.068750000e-01
6.709327000e+00,6.272844000e+00,5.978950000e-01
6.712278000e+00,6.272376000e+00,6.008860000e-01
6.715229000e+00,6.271908000e+00,6.122550000e-01
6.718180000e+00,6.271440000e+00,5.972300000e-01
6.721130000e+00,6.270972000e+00,5.976720000e-01
6.724081000e+00,6.270504000e+00,5.972930000e-01
6.727032000e+00,6.270036000e+00,6.046140000e-01
6.729982000e+00,6.269569000e+00,6.042990000e-01
6.732933000e+00,6.269101000e+00,6.001620000e-01
6.735884000e+00,6.268634000e+00,6.117350000e-01
6.738835000e+00,6.268166000e+00,6.034410000e-01
6.741785000e+00,6.267699000e+00,6.135210000e-01
6.744736000e+00,6.267232000e+00,6.041740000e-01
6.747687000e+00,6.266765000e+00,5.927380000e-01
6.750638000e+00,6.266298000e+00,5.986160000e-01
6.753588000e+00,6.265831000e+00,6.129090000e-01
6.756539000e+00,6.265364000e+00,6.127360000e-01
6.759490000e+00,6.264897000e+00,6.076450000e-01
6.762441000e+00,6.264431000e+00,5.978470000e-01
6.765391000e+00,6.263964000e+00,6.128580000e-01
6.768342000e+00,6.263498000e+00,5.979680000e-01
6.771293000e+00,6.263031000e+00,6.122710000e-01
6.774244000e+00,6.262565000e+00,6.074980000e-01
6.777194000e+00,6.262099000e+00,6.080990000e-01
6.780145000e+00,6.261633000e+00,6.055610000e-01
6.783096000e+00,6.261167000e+00,6.027100000e-01
6.786047000e+00,6.260701000e+00,6.035820000e-01
6.788997000e+00,6.260235000e+00,5.919140000e-01
6.791948000e+00,6.259769000e+00,6.103700000e-01
6.794899000e+00,6.259304000e+00,6.079590000e-01
6.797849000e+00,6.258838000e+00,6.088510000e-01
6.800800000e+00,6.258373000e+00,6.017430000e-01
6.803751000e+00,6.257907000e+00,6.015970000e-01
6.806702000e+00,6.257442000e+00,6.029920000e-01
6.809652000e+00,6.256977000e+00,6.084620000e-01
6.812603000e+00,6.256512000e+00,6.057430000e-01
6.815554000e+00,6.256047000e+00,5.959490000e-01
6.818505000e+00,6.255582000e+00,6.058590000e-01
6.821455000e+00,6.255117000e+00,6.000140000e-01
6.824406000e+00,6.254653000e+00,6.097680000e-01
6.827357000e+00,6.254188000e+00,6.122250000e-01
6.830308000e+00,6.253724000e+00,6.056270000e-01
6.833258000e+00,6.253259000e+00,5.977230000e-01
6.836209000e+00,6.252795000e+00,5.991790000e-01
6.839160000e+00,6.252331000e+00,6.129180000e-01
6.842111000e+00,6.251866000e+00,6.004200000e-01
6.845061000e+00,6.251402000e+00,6.030650000e-01
6.848012000e+00,6.250938000e+00,6.005870000e-01
6.850963000e+00,6.250475000e+00,6.031970000e-01
6.853913000e+00,6.250011000e+00,6.059880000e-01
6.856864000e+00,6.249547000e+00,6.112900000e-01
6.859815000e+00,6.249084000e+00,6.062040000e-01
6.862766000e+00,6.248620000e+00,5.943450000e-01
6.865716000e+00,6.248157000e+00,6.056280000e-01
6.868667000e+00,6.247694000e+00,6.047790000e-01
6.871618000e+00,6.247230000e+00,6.001720000e-01
6.874569000e+00,6.246767000e+00,6.040160000e-01
6.877519000e+00,6.246304000e+00,6.019180000e-01
6.880470000e+00,6.245841000e+00,6.141270000e-01
6.883421000e+00,6.245378000e+00,6.052590000e-01
6.886372000e+00,6.244916000e+00,6.061160000e-01
6.889322000e+00,6.244453000e+00,6.162220000e-01
6.892273000e+00,6.243991000e+00,5.946840000e-01
6.895224000e+00,6.243528000e+00,6.083990000e-01
6.898175000e+00,6.243066000e+00,6.100640000e-01
6.901125000e+00,6.242603000e+00,6.188140000e-01
6.904076000e+00,6.242141000e+00,6.020010000e-01
6.907027000e+00,6.241679000e+00,6.090440000e-01
6.909977000e+00,6.241217000e+00,6.094350000e-01
6.912928000e+00,6.240755000e+00,6.174320000e-01
6.915879000e+00,6.240294000e+00,6.085590000e-01
6.918830000e+00,6.239832000e+00,6.109900000e-01
6.921780000e+00,6.239370000e+00,6.050170000e-01
6.924731000e+00,6.238909000e+00,6.080080000e-01
6.927682000e+00,6.238447000e+00,6.208300000e-01
6.930633000e+00,6.237986000e+00,6.046700000e-01
6.933583000e+00,6.237525000e+00,6.161640000e-01
6.936534000e+00,6.237064000e+00,6.034900000e-01
6.939485000e+00,6.236602000e+00,6.016360000e-01
6.942436000e+00,6.236142000e+00,6.014800000e-01
6.945386000e+00,6.235681000e+00,5.952170000e-01
6.948337000e+00,6.235220000e+00,6.001380000e-01
6.951288000e+00,6.234759000e+00,6.083290000e-01
6.954239000e+00,6.234299000e+00,6.237960000e-01
6.957189000e+00,6.233838000e+00,6.092550000e-01
6.960140000e+00,6.233378000e+00,6.080950000e-01
6.963091000e+00,6.232917000e+00,6.130370000e-01
6.966042000e+00,6.232457000e+00,6.081790000e-01
6.968992000e+00,6.231997000e+00,6.077520000e-01
6.971943000e+00,6.231537000e+00,6.140680000e-01
6.974894000e+00,6.231077000e+00,6.142430000e-01
6.977844000e+00,6.230617000e+00,6.095610000e-01
6.980795000e+00,6.230157000e+00,6.156130000e-01
6.983746000e+00,6.229698000e+00,6.102740000e-01
6.986697000e+00,6.229238000e+00,6.030930000e-01
6.989647000e+00,6.228779000e+00,6.172710000e-01
6.992598000e+00,6.228319000e+00,5.997120000e-01
6.995549000e+00,6.227860000e+00,6.142200000e-01
6.998500000e+00,6.227401000e+00,6.086140000e-01
7.001450000e+00,6.226942000e+00,5.995680000e-01
7.004401000e+00,6.226483000e+00,6.064150000e-01
7.007352000e+00,6.226024000e+00,6.147900000e-01
7.010303000e+00,6.225565000e+00,6.154650000e-01
7.013253000e+00,6.225106000e+00,6.057120000e-01
7.016204000e+00,6.224647000e+00,6.130800000e-01
7.019155000e+00,6.224189000e+00,6.090310000e-01
7.022106000e+00,6.223730000e+00,6.018760000e-01
7.025056000e+00,6.223272000e+00,6.022620000e-01
7.028007000e+00,6.222814000e+00,6.002910000e-01
7.030958000e+00,6.222355000e+00,6.023200000e-01
7.033908000e+00,6.221897000e+00,6.197450000e-01
7.036859000e+00,6.221439000e+00,6.060790000e-01
7.039810000e+00,6.220981000e+00,6.114140000e-01
7.042761000e+00,6.220524000e+00,6.121940000e-01
7.045711000e+00,6.220066000e+00,6.000470000e-01
7.048662000e+00,6.219608000e+00,6.184270000e-01
7.051613000e+00,6.219151000e+00,6.160360000e-01
7.054564000e+00,6.218693000e+00,6.240200000e-01
7.057514000e+00,6.218236000e+00,6.064930000e-01
7.060465000e+00,6.217779000e+00,6.122670000e-01
7.063416000e+00,6.217321000e+00,6.123730000e-01
7.066367000e+00,6.216864000e+00,6.023500000e-01
7.069317000e+00,6.216407000e+00,6.228180000e-01
7.072268000e+00,6.215950000e+00,6.205430000e-01
7.075219000e+00,6.215494000e+00,6.159410000e-01
7.078170000e+00,6.215037000e+00,6.163350000e-01
7.081120000e+00,6.214580000e+00,6.118070000e-01
7.084071000e+00,6.214124000e+00,6.092920000e-01
7.087022000e+00,6.213667000e+00,6.102970000e-01
7.089972000e+00,6.213211000e+00,6.049580000e-01
7.092923000e+00,6.212755000e+00,6.077360000e-01
7.095874000e+00,6.212298000e+00,6.120580000e-01
7.098825000e+00,6.211842000e+00,6.114830000e-01
7.101775000e+00,6.211386000e+00,6.083920000e-01
7.104726000e+00,6.210930000e+00,6.182710000e-01
7.107677000e+00,6.210475000e+00,6.115820000e-01
7.110628000e+00,6.210019000e+00,6.086200000e-01
7.113578000e+00,6.209563000e+00,6.142680000e-01
7.116529000e+00,6.209108000e+00,6.126860000e-01
7.119480000e+00,6.208652000e+00,6.107490000e-01
7.122431000e+00,6.208197000e+00,6.164650000e-01
7.125381000e+00,6.207742000e+00,6.040580000e-01
7.128332000e+00,6.207287000e+00,6.057940000e-01
7.131283000e+00,6.206831000e+00,6.116640000e-01
7.134234000e+00,6.206376000e+00,6.202360000e-01
7.137184000e+00,6.205922000e+00,6.138980000e-01
7.140135000e+00,6.205467000e+00,6.177680000e-01
7.143086000e+00,6.205012000e+00,5.897110000e-01
7.146037000e+00,6.204557000e+00,6.186630000e-01
7.148987000e+00,6.204103000e+00,6.163670000e-01
7.151938000e+00,6.203648000e+00,6.144190000e-01
7.154889000e+00,6.203194000e+00,5.997950000e-01
7.157839000e+00,6.202740000e+00,6.170830000e-01
7.160790000e+00,6.202286000e+00,6.178860000e-01
7.163741000e+00,6.201832000e+00,6.250650000e-01
7.166692000e+00,6.201378000e+00,6.035660000e-01
7.169642000e+00,6.200924000e+00,6.147240000e-01
7.172593000e+00,6.200470000e+00,6.125240000e-01
7.175544000e+00,6.200016000e+00,6.178840000e-01
7.178495000e+00,6.199563000e+00,6.131470000e-01
7.181445000e+00,6.199109000e+00,6.172260000e-01
7.184396000e+00,6.198656000e+00,6.147250000e-01
7.187347000e+00,6.198202000e+00,6.149900000e-01
7.190298000e+00,6.197749000e+00,6.024660000e-01
7.193248000e+00,6.197296000e+00,6.147590000e-01
7.196199000e+00,6.196843000e+00,6.234620000e-01
7.199150000e+00,6.196390000e+00,6.118620000e-01
7.202101000e+00,6.195937000e+00,6.091120000e-01
7.205051000e+00,6.195484000e+00,6.195550000e-01
7.208002000e+00,6.195032000e+00,6.118990000e-01
7.210953000e+00,6.194579000e+00,6.153930000e-01
7.213903000e+00,6.194126000e+00,6.073080000e-01
7.216854000e+00,6.193674000e+00,6.164390000e-01
7.219805000e+00,6.193222000e+00,6.166680000e-01
7.222756000e+00,6.192769000e+00,6.259650000e-01
7.225706000e+00,6.192317000e+00,6.193980000e-01
7.228657000e+00,6.191865000e+00,6.235470000e-01
7.231608000e+00,6.191413000e+00,6.176330000e-01
7.234559000e+00,6.190961000e+00,6.265330000e-01
7.237509000e+00,6.190510000e+00,6.064570000e-01
7.240460000e+00,6.190058000e+00,6.269690000e-01
7.243411000e+00,6.189606000e+00,6.274830000e-01
7.246362000e+00,6.189155000e+00,6.219260000e-01
7.249312000e+00,6.188703000e+00,6.288450000e-01
7.252263000e+00,6.188252000e+00,6.070930000e-01
7.255214000e+00,6.187801000e+00,6.197940000e-01
7.258165000e+00,6.187350000e+00,6.123120000e-01
7.261115000e+00,6.186898000e+00,6.212750000e-01
7.264066000e+00,6.186447000e+00,6.163370000e-01
7.267017000e+00,6.185997000e+00,6.111990000e-01
7.269967000e+00,6.185546000e+00,6.077370000e-01
7.272918000e+00,6.185095000e+00,6.222830000e-01
7.275869000e+00,6.184645000e+00,6.169300000e-01
7.278820000e+00,6.184194000e+00,6.270840000e-01
7.281770000e+00,6.183744000e+00,6.214470000e-01
7.284721000e+00,6.183293000e+00,6.197970000e-01
7.287672000e+00,6.182843000e+00,6.219940000e-01
7.290623000e+00,6.182393000e+00,6.223580000e-01
7.293573000e+00,6.181943000e+00,6.134520000e-01
7.296524000e+00,6.181493000e+00,6.086020000e-01
7.299475000e+00,6.181043000e+00,6.181720000e-01
7.302426000e+00,6.180593000e+00,6.255220000e-01
7.305376000e+00,6.180143000e+00,6.140520000e-01
7.308327000e+00,6.179694000e+00,6.301750000e-01
7.311278000e+00,6.179244000e+00,6.192350000e-01
7.314229000e+00,6.178795000e+00,6.157620000e-01
7.317179000e+00,6.178345000e+00,6.098210000e-01
7.320130000e+00,6.177896000e+00,6.185460000e-01
7.323081000e+00,6.177447000e+00,6.174930000e-01
7.326032000e+00,6.176998000e+00,6.124060000e-01
7.328982000e+00,6.176549000e+00,6.210570000e-01
7.331933000e+00,6.176100000e+00,6.164210000e-01
7.334884000e+00,6.175651000e+00,6.155180000e-01
7.337834000e+00,6.175203000e+00,6.216510000e-01
7.340785000e+00,6.174754000e+00,6.153520000e-01
7.343736000e+00,6.174305000e+00,6.235610000e-01
7.346687000e+00,6.173857000e+00,6.230130000e-01
7.349637000e+00,6.173409000e+00,6.208550000e-01
7.352588000e+00,6.172960000e+00,6.206090000e-01
7.355539000e+00,6.172512000e+00,6.179110000e-01
7.358490000e+00,6.172064000e+00,6.216830000e-01
7.361440000e+00,6.171616000e+00,6.177810000e-01
7.364391000e+00,6.171168000e+00,6.152860000e-01
7.367342000e+00,6.170720000e+00,6.175690000e-01
7.370293000e+00,6.170273000e+00,6.089480000e-01
7.373243000e+00,6.169825000e+00,6.248420000e-01
7.376194000e+00,6.169377000e+00,6.220030000e-01
7.379145000e+00,6.168930000e+00,6.395530000e-01
7.382096000e+00,6.168483000e+00,6.145990000e-01
7.385046000e+00,6.168035000e+00,6.058240000e-01
7.387997000e+00,6.167588000e+00,6.186140000e-01
7.390948000e+00,6.167141000e+00,6.296480000e-01
7.393898000e+00,6.166694000e+00,6.309980000e-01
7.396849000e+00,6.166247000e+00,6.087680000e-01
7.399800000e+00,6.165800000e+00,6.208580000e-01
7.402751000e+00,6.165354000e+00,6.100040000e-01
7.405701000e+00,6.164907000e+00,6.177840000e-01
7.408652000e+00,6.164460000e+00,6.172970000e-01
7.411603000e+00,6.164014000e+00,6.175480000e-01
7.414554000e+00,6.163568000e+00,6.122610000e-01
7.417504000e+00,6.163121000e+00,6.276990000e-01
7.420455000e+00,6.162675000e+00,6.135550000e-01
7.423406000e+00,6.162229000e+00,6.207730000e-01
7.426357000e+00,6.161783000e+00,6.251350000e-01
7.429307000e+00,6.161337000e+00,6.219590000e-01
7.432258000e+00,6.160891000e+00,6.186580000e-01
7.435209000e+00,6.160446000e+00,6.292150000e-01
7.438160000e+00,6.160000000e+00,6.222060000e-01
7.441110000e+00,6.159554000e+00,6.250540000e-01
7.444061000e+00,6.159109000e+00,6.238630000e-01
7.447012000e+00,6.158663000e+00,6.276360000e-01
7.449962000e+00,6.158218000e+00,6.216700000e-01
7.452913000e+00,6.157773000e+00,6.222430000e-01
7.455864000e+00,6.157328000e+00,6.226740000e-01
7.458815000e+00,6.156883000e+00,6.187530000e-01
7.461765000e+00,6.156438000e+00,6.205240000e-01
7.464716000e+00,6.155993000e+00,6.323500000e-01
7.467667000e+00,6.155548000e+00,6.293070000e-01
7.470618000e+00,6.155104000e+00,6.292440000e-01
7.473568000e+00,6.154659000e+00,6.278280000e-01
7.476519000e+00,6.154214000e+00,6.208550000e-01
7.479470000e+00,6.153770000e+00,6.152430000e-01
7.482421000e+00,6.153326000e+00,6.221180000e-01
7.485371000e+00,6.152882000e+00,6.184580000e-01
7.488322000e+00,6.152437000e+00,6.186830000e-01
7.491273000e+00,6.151993000e+00,6.336250000e-01
7.494224000e+00,6.151549000e+00,6.172210000e-01
7.497174000e+00,6.151106000e+00,6.292030000e-01
7.500125000e+00,6.150662000e+00,6.193380000e-01
7.503076000e+00,6.150218000e+00,6.253150000e-01
7.506027000e+00,6.149774000e+00,6.388570000e-01
7.508977000e+00,6.149331000e+00,6.236010000e-01
7.511928000e+00,6.148888000e+00,6.136210000e-01
7.514879000e+00,6.148444000e+00,6.176460000e-01
7.517829000e+00,6.148001000e+00,6.302470000e-01
7.520780000e+00,6.147558000e+00,6.254520000e-01
7.523731000e+00,6.147115000e+00,6.249250000e-01
7.526682000e+00,6.146672000e+00,6.281400000e-01
7.529632000e+00,6.146229000e+00,6.298720000e-01
7.532583000e+00,6.145786000e+00,6.144760000e-01
7.535534000e+00,6.145343000e+00,6.286240000e-01
7.538485000e+00,6.144901000e+00,6.213650000e-01
7.541435000e+00,6.144458000e+00,6.198610000e-01
7.544386000e+00,6.144016000e+00,6.248280000e-01
7.547337000e+00,6.143573000e+00,6.272900000e-01
7.550288000e+00,6.143131000e+00,6.378600000e-01
7.553238000e+00,6.142689000e+00,6.337600000e-01
7.556189000e+00,6.142247000e+00,6.306380000e-01
7.559140000e+00,6.141805000e+00,6.272150000e-01
7.562091000e+00,6.141363000e+00,6.228080000e-01
7.565041000e+00,6.140921000e+00,6.210880000e-01
7.567992000e+00,6.140479000e+00,6.302920000e-01
7.570943000e+00,6.140038000e+00,6.267380000e-01
7.573893000e+00,6.139596000e+00,6.138080000e-01
7.576844000e+00,6.139155000e+00,6.208690000e-01
7.579795000e+00,6.138713000e+00,6.323650000e-01
7.582746000e+00,6.138272000e+00,6.231610000e-01
7.585696000e+00,6.137831000e+00,6.101110000e-01
7.588647000e+00,6.137390000e+00,6.144310000e-01
7.591598000e+00,6.136949000e+00,6.263800000e-01
7.594549000e+00,6.136508000e+00,6.248390000e-01
7.597499000e+00,6.136067000e+00,6.337540000e-01
7.600450000e+00,6.135626000e+00,6.212980000e-01
7.603401000e+00,6.135186000e+00,6.244200000e-01
7.606352000e+00,6.134745000e+00,6.325360000e-01
7.609302000e+00,6.134304000e+00,6.311990000e-01
7.612253000e+00,6.133864000e+00,6.236690000e-01
7.615204000e+00,6.133424000e+00,6.292750000e-01
7.618155000e+00,6.132984000e+00,6.228230000e-01
7.621105000e+00,6.132543000e+00,6.295290000e-01
7.624056000e+00,6.132103000e+00,6.254470000e-01
7.627007000e+00,6.131663000e+00,6.345400000e-01
7.629957000e+00,6.131224000e+00,6.265410000e-01
7.632908000e+00,6.130784000e+00,6.233730000e-01
7.635859000e+00,6.130344000e+00,6.246160000e-01
7.638810000e+00,6.129904000e+00,6.361230000e-01
7.641760000e+00,6.129465000e+00,6.233700000e-01
7.644711000e+00,6.129025000e+00,6.302760000e-01
7.647662000e+00,6.128586000e+00,6.381810000e-01
7.650613000e+00,6.128147000e+00,6.260030000e-01
7.653563000e+00,6.127708000e+00,6.201820000e-01
7.656514000e+00,6.127269000e+00,6.164110000e-01
7.659465000e+00,6.126830000e+00,6.264470000e-01
7.662416000e+00,6.126391000e+00,6.360170000e-01
7.665366000e+00,6.125952000e+00,6.379060000e-01
7.668317000e+00,6.125513000e+00,6.358580000e-01
7.671268000e+00,6.125075000e+00,6.263740000e-01
7.674219000e+00,6.124636000e+00,6.313390000e-01
7.677169000e+00,6.124198000e+00,6.333020000e-01
7.680120000e+00,6.123759000e+00,6.286640000e-01
7.683071000e+00,6.123321000e+00,6.336330000e-01
7.686022000e+00,6.122883000e+00,6.252130000e-01
7.688972000e+00,6.122445000e+00,6.299280000e-01
7.691923000e+00,6.122007000e+00,6.304410000e-01
7.694874000e+00,6.121569000e+00,6.337070000e-01
7.697824000e+00,6.121131000e+00,6.410430000e-01
7.700775000e+00,6.120693000e+00,6.359880000e-01
7.703726000e+00,6.120255000e+00,6.242580000e-01
7.706677000e+00,6.119818000e+00,6.323400000e-01
7.709627000e+00,6.119380000e+00,6.261850000e-01
7.712578000e+00,6.118943000e+00,6.252510000e-01
7.715529000e+00,6.118506000e+00,6.308600000e-01
7.718480000e+00,6.118068000e+00,6.298610000e-01
7.721430000e+00,6.117631000e+00,6.249470000e-01
7.724381000e+00,6.117194000e+00,6.351390000e-01
7.727332000e+00,6.116757000e+00,6.177290000e-01
7.730283000e+00,6.116320000e+00,6.351650000e-01
7.733233000e+00,6.115883000e+00,6.316030000e-01
7.736184000e+00,6.115447000e+00,6.298980000e-01
7.739135000e+00,6.115010000e+00,6.273550000e-01
7.742086000e+00,6.114574000e+00,6.264860000e-01
7.745036000e+00,6.114137000e+00,6.325510000e-01
7.747987000e+00,6.113701000e+00,6.356650000e-01
7.750938000e+00,6.113264000e+00,6.303670000e-01
7.753888000e+00,6.112828000e+00,6.187740000e-01
7.756839000e+00,6.112392000e+00,6.302740000e-01
7.759790000e+00,6.111956000e+00,6.285680000e-01
7.762741000e+00,6.111520000e+00,6.292850000e-01
7.765691000e+00,6.111084000e+00,6.329190000e-01
7.768642000e+00,6.110649000e+00,6.137490000e-01
7.771593000e+00,6.110213000e+00,6.310620000e-01
7.774544000e+00,6.109777000e+00,6.273100000e-01
7.777494000e+00,6.109342000e+00,6.325490000e-01
7.780445000e+00,6.108907000e+00,6.294550000e-01
7.783396000e+00,6.108471000e+00,6.345790000e-01
7.786347000e+00,6.108036000e+00,6.343740000e-01
7.789297000e+00,6.107601000e+00,6.301120000e-01
7.792248000e+00,6.107166000e+00,6.346400000e-01
7.795199000e+00,6.106731000e+00,6.434560000e-01
7.798150000e+00,6.106296000e+00,6.442380000e-01
7.801100000e+00,6.105861000e+00,6.173480000e-01
7.804051000e+00,6.105427000e+00,6.302200000e-01
7.807002000e+00,6.104992000e+00,6.292510000e-01
7.809952000e+00,6.104557000e+00,6.346960000e-01
7.812903000e+00,6.104123000e+00,6.374240000e-01
7.815854000e+00,6.103689000e+00,6.358300000e-01
7.818805000e+00,6.103254000e+00,6.312990000e-01
7.821755000e+00,6.102820000e+00,6.250440000e-01
7.824706000e+00,6.102386000e+00,6.256510000e-01
7.827657000e+00,6.101952000e+00,6.335940000e-01
7.830608000e+00,6.101518000e+00,6.216150000e-01
7.833558000e+00,6.101084000e+00,6.201750000e-01
7.836509000e+00,6.100651000e+00,6.390610000e-01
7.839460000e+00,6.100217000e+00,6.212130000e-01
7.842411000e+00,6.099783000e+00,6.430410000e-01
7.845361000e+00,6.099350000e+00,6.168650000e-01
7.848312000e+00,6.098916000e+00,6.333000000e-01
7.851263000e+00,6.098483000e+00,6.385640000e-01
7.854214000e+00,6.098050000e+00,6.428140000e-01
7.857164000e+00,6.097617000e+00,6.459930000e-01
7.860115000e+00,6.097184000e+00,6.494930000e-01
7.863066000e+00,6.096751000e+00,6.275820000e-01
7.866017000e+00,6.096318000e+00,6.412590000e-01
7.868967000e+00,6.095885000e+00,6.378290000e-01
7.871918000e+00,6.095452000e+00,6.348970000e-01
7.874869000e+00,6.095020000e+00,6.300100000e-01
7.877819000e+00,6.094587000e+00,6.417040000e-01
7.880770000e+00,6.094155000e+00,6.292350000e-01
7.883721000e+00,6.093722000e+00,6.373260000e-01
7.886672000e+00,6.093290000e+00,6.284050000e-01
7.889622000e+00,6.092858000e+00,6.232030000e-01
7.892573000e+00,6.092426000e+00,6.325370000e-01
7.895524000e+00,6.091994000e+00,6.409720000e-01
7.898475000e+00,6.091562000e+00,6.385710000e-01
7.901425000e+00,6.091130000e+00,6.381530000e-01
7.904376000e+00,6.090698000e+00,6.422850000e-01
7.907327000e+00,6.090267000e+00,6.266630000e-01
7.910278000e+00,6.089835000e+00,6.361430000e-01
7.913228000e+00,6.089404000e+00,6.411490000e-01
7.916179000e+00,6.088972000e+00,6.425900000e-01
7.919130000e+00,6.088541000e+00,6.280000000e-01
7.922081000e+00,6.088110000e+00,6.372140000e-01
7.925031000e+00,6.087679000e+00,6.210900000e-01
7.927982000e+00,6.087248000e+00,6.307180000e-01
7.930933000e+00,6.086817000e+00,6.402120000e-01
7.933883000e+00,6.086386000e+00,6.342320000e-01
7.936834000e+00,6.085955000e+00,6.286730000e-01
7.939785000e+00,6.085524000e+00,6.328430000e-01
7.942736000e+00,6.085093000e+00,6.361440000e-01
7.945686000e+00,6.084663000e+00,6.378980000e-01
7.948637000e+00,6.084232000e+00,6.330640000e-01
7.951588000e+00,6.083802000e+00,6.438980000e-01
7.954539000e+00,6.083372000e+00,6.327920000e-01
7.957489000e+00,6.082942000e+00,6.247330000e-01
7.960440000e+00,6.082512000e+00,6.354670000e-01
7.963391000e+00,6.082081000e+00,6.474420000e-01
7.966342000e+00,6.081652000e+00,6.344860000e-01
7.969292000e+00,6.081222000e+00,6.286670000e-01
7.972243000e+00,6.080792000e+00,6.324120000e-01
7.975194000e+00,6.080362000e+00,6.396700000e-01
7.978145000e+00,6.079933000e+00,6.480860000e-01
7.981095000e+00,6.079503000e+00,6.368990000e-01
7.984046000e+00,6.079074000e+00,6.340260000e-01
7.986997000e+00,6.078644000e+00,6.360930000e-01
7.989947000e+00,6.078215000e+00,6.428480000e-01
7.992898000e+00,6.077786000e+00,6.364310000e-01
7.995849000e+00,6.077357000e+00,6.467190000e-01
7.998800000e+00,6.076928000e+00,6.506780000e-01
8.001750000e+00,6.076499000e+00,6.383550000e-01
8.004701000e+00,6.076070000e+00,6.358000000e-01
8.007652000e+00,6.075641000e+00,6.296180000e-01
8.010603000e+00,6.075213000e+00,6.444310000e-01
8.013553000e+00,6.074784000e+00,6.449350000e-01
8.016504000e+00,6.074356000e+00,6.398600000e-01
8.019455000e+00,6.073927000e+00,6.429930000e-01
8.022406000e+00,6.073499000e+00,6.392490000e-01
8.025356000e+00,6.073071000e+00,6.438630000e-01
8.028307000e+00,6.072643000e+00,6.429600000e-01
8.031258000e+00,6.072215000e+00,6.334360000e-01
8.034209000e+00,6.071787000e+00,6.335750000e-01
8.037159000e+00,6.071359000e+00,6.351540000e-01
8.040110000e+00,6.070931000e+00,6.349810000e-01
8.043061000e+00,6.070503000e+00,6.341860000e-01
8.046012000e+00,6.070076000e+00,6.373010000e-01
8.048962000e+00,6.069648000e+00,6.246580000e-01
8.051913000e+00,6.069220000e+00,6.352220000e-01
8.054864000e+00,6.068793000e+00,6.458540000e-01
8.057814000e+00,6.068366000e+00,6.246100000e-01
8.060765000e+00,6.067939000e+00,6.352680000e-01
8.063716000e+00,6.067512000e+00,6.367060000e-01
8.066667000e+00,6.067084000e+00,6.391840000e-01
8.069617000e+00,6.066658000e+00,6.267560000e-01
8.072568000e+00,6.066231000e+00,6.411030000e-01
8.075519000e+00,6.065804000e+00,6.475790000e-01
8.078470000e+00,6.065377000e+00,6.413210000e-01
8.081420000e+00,6.064951000e+00,6.401340000e-01
8.084371000e+00,6.064524000e+00,6.294840000e-01
8.087322000e+00,6.064098000e+00,6.345390000e-01
8.090273000e+00,6.063671000e+00,6.420050000e-01
8.093223000e+00,6.063245000e+00,6.486300000e-01
8.096174000e+00,6.062819000e+00,6.498470000e-01
8.099125000e+00,6.062393000e+00,6.382870000e-01
8.102076000e+00,6.061967000e+00,6.344500000e-01
8.105026000e+00,6.061541000e+00,6.493590000e-01
8.107977000e+00,6.061115000e+00,6.401370000e-01
8.110928000e+00,6.060689000e+00,6.446870000e-01
8.113878000e+00,6.060263000e+00,6.473790000e-01
8.116829000e+00,6.059838000e+00,6.343210000e-01
8.119780000e+00,6.059412000e+00,6.404300000e-01
8.122731000e+00,6.058987000e+00,6.341830000e-01
8.125681000e+00,6.058562000e+00,6.400650000e-01
8.128632000e+00,6.058136000e+00,6.344470000e-01
8.131583000e+00,6.057711000e+00,6.342740000e-01
8.134534000e+00,6.057286000e+00,6.441260000e-01
8.137484000e+00,6.056861000e+00,6.285470000e-01
8.140435000e+00,6.056436000e+00,6.444850000e-01
8.143386000e+00,6.056011000e+00,6.470830000e-01
8.146337000e+00,6.055587000e+00,6.369180000e-01
8.149287000e+00,6.055162000e+00,6.230000000e-01
8.152238000e+00,6.054737000e+00,6.379240000e-01
8.155189000e+00,6.054313000e+00,6.375510000e-01
8.158140000e+00,6.053889000e+00,6.462760000e-01
8.161090000e+00,6.053464000e+00,6.352360000e-01
8.164041000e+00,6.053040000e+00,6.396790000e-01
8.166992000e+00,6.052616000e+00,6.324020000e-01
8.169942000e+00,6.052192000e+00,6.443830000e-01
8.172893000e+00,6.051768000e+00,6.392360000e-01
8.175844000e+00,6.051344000e+00,6.433900000e-01
8.178795000e+00,6.050920000e+00,6.358350000e-01
8.181745000e+00,6.050496000e+00,6.495270000e-01
8.184696000e+00,6.050073000e+00,6.362300000e-01
8.187647000e+00,6.049649000e+00,6.364910000e-01
8.190598000e+00,6.049226000e+00,6.455160000e-01
8.193548000e+00,6.048802000e+00,6.435850000e-01
8.196499000e+00,6.048379000e+00,6.423360000e-01
8.199450000e+00,6.047956000e+00,6.461910000e-01
8.202401000e+00,6.047533000e+00,6.540720000e-01
8.205351000e+00,6.047110000e+00,6.575870000e-01
8.208302000e+00,6.046687000e+00,6.331290000e-01
8.211253000e+00,6.046264000e+00,6.477910000e-01
8.214204000e+00,6.045841000e+00,6.416930000e-01
8.217154000e+00,6.045418000e+00,6.368790000e-01
8.220105000e+00,6.044996000e+00,6.462450000e-01
8.223056000e+00,6.044573000e+00,6.417600000e-01
8.226007000e+00,6.044151000e+00,6.454370000e-01
8.228957000e+00,6.043728000e+00,6.434160000e-01
8.231908000e+00,6.043306000e+00,6.359530000e-01
8.234859000e+00,6.042884000e+00,6.407640000e-01
8.237809000e+00,6.042462000e+00,6.496360000e-01
8.240760000e+00,6.042039000e+00,6.445030000e-01
8.243711000e+00,6.041618000e+00,6.415950000e-01
8.246662000e+00,6.041196000e+00,6.344930000e-01
8.249612000e+00,6.040774000e+00,6.469480000e-01
8.252563000e+00,6.040352000e+00,6.424270000e-01
8.255514000e+00,6.039931000e+00,6.383940000e-01
8.258465000e+00,6.039509000e+00,6.421140000e-01
8.261415000e+00,6.039088000e+00,6.410930000e-01
8.264366000e+00,6.038666000e+00,6.382600000e-01
8.267317000e+00,6.038245000e+00,6.421470000e-01
8.270268000e+00,6.037824000e+00,6.492470000e-01
8.273218000e+00,6.037403000e+00,6.457080000e-01
8.276169000e+00,6.036981000e+00,6.564290000e-01
8.279120000e+00,6.036561000e+00,6.510740000e-01
8.282071000e+00,6.036140000e+00,6.441410000e-01
8.285021000e+00,6.035719000e+00,6.416390000e-01
8.287972000e+00,6.035298000e+00,6.434320000e-01
8.290923000e+00,6.034878000e+00,6.512450000e-01
8.293873000e+00,6.034457000e+00,6.407070000e-01
8.296824000e+00,6.034037000e+00,6.357680000e-01
8.299775000e+00,6.033616000e+00,6.472850000e-01
8.302726000e+00,6.033196000e+00,6.407920000e-01
8.305676000e+00,6.032776000e+00,6.522690000e-01
8.308627000e+00,6.032356000e+00,6.396020000e-01
8.311578000e+00,6.031935000e+00,6.512610000e-01
8.314529000e+00,6.031516000e+00,6.428510000e-01
8.317479000e+00,6.031096000e+00,6.460810000e-01
8.320430000e+00,6.030676000e+00,6.527390000e-01
8.323381000e+00,6.030256000e+00,6.392360000e-01
8.326332000e+00,6.029837000e+00,6.467450000e-01
8.329282000e+00,6.029417000e+00,6.440950000e-01
8.332233000e+00,6.028998000e+00,6.562580000e-01
8.335184000e+00,6.028578000e+00,6.479420000e-01
8.338135000e+00,6.028159000e+00,6.414720000e-01
8.341085000e+00,6.027740000e+00,6.539710000e-01
8.344036000e+00,6.027321000e+00,6.548530000e-01
8.346987000e+00,6.026902000e+00,6.423490000e-01
8.349937000e+00,6.026483000e+00,6.441820000e-01
8.352888000e+00,6.026064000e+00,6.477080000e-01
8.355839000e+00,6.025645000e+00,6.476040000e-01
8.358790000e+00,6.025226000e+00,6.393850000e-01
8.361740000e+00,6.024808000e+00,6.536340000e-01
8.364691000e+00,6.024389000e+00,6.391950000e-01
8.367642000e+00,6.023971000e+00,6.493750000e-01
8.370593000e+00,6.023552000e+00,6.491410000e-01
8.373543000e+00,6.023134000e+00,6.472980000e-01
8.376494000e+00,6.022716000e+00,6.508840000e-01
8.379445000e+00,6.022298000e+00,6.413170000e-01
8.382396000e+00,6.021880000e+00,6.462920000e-01
8.385346000e+00,6.021462000e+00,6.436720000e-01
8.388297000e+00,6.021044000e+00,6.318820000e-01
8.391248000e+00,6.020626000e+00,6.434370000e-01
8.394199000e+00,6.020208000e+00,6.487740000e-01
8.397149000e+00,6.019791000e+00,6.334030000e-01
8.400100000e+00,6.019373000e+00,6.390350000e-01
8.403051000e+00,6.018956000e+00,6.498360000e-01
8.406002000e+00,6.018538000e+00,6.290270000e-01
8.408952000e+00,6.018121000e+00,6.658060000e-01
8.411903000e+00,6.017704000e+00,6.323390000e-01
8.414854000e+00,6.017286000e+00,6.495370000e-01
8.417804000e+00,6.016869000e+00,6.546410000e-01
8.420755000e+00,6.016452000e+00,6.488620000e-01
8.423706000e+00,6.016036000e+00,6.445450000e-01
8.426657000e+00,6.015619000e+00,6.474630000e-01
8.429607000e+00,6.015202000e+00,6.485640000e-01
8.432558000e+00,6.014785000e+00,6.367550000e-01
8.435509000e+00,6.014369000e+00,6.404900000e-01
8.438460000e+00,6.013952000e+00,6.310640000e-01
8.441410000e+00,6.013536000e+00,6.509530000e-01
8.444361000e+00,6.013120000e+00,6.449850000e-01
8.447312000e+00,6.012703000e+00,6.433890000e-01
8.450263000e+00,6.012287000e+00,6.600420000e-01
8.453213000e+00,6.011871000e+00,6.520980000e-01
8.456164000e+00,6.011455000e+00,6.580030000e-01
8.459115000e+00,6.011039000e+00,6.397610000e-01
8.462066000e+00,6.010624000e+00,6.449010000e-01
8.465016000e+00,6.010208000e+00,6.452800000e-01
8.467967000e+00,6.009792000e+00,6.545360000e-01
8.470918000e+00,6.009377000e+00,6.573070000e-01
8.473868000e+00,6.008961000e+00,6.366960000e-01
8.476819000e+00,6.008546000e+00,6.376180000e-01
8.479770000e+00,6.008130000e+00,6.457390000e-01
8.482721000e+00,6.007715000e+00,6.444060000e-01
8.485671000e+00,6.007300000e+00,6.478810000e-01
8.488622000e+00,6.006885000e+00,6.530380000e-01
8.491573000e+00,6.006470000e+00,6.515440000e-01
8.494524000e+00,6.006055000e+00,6.439000000e-01
8.497474000e+00,6.005640000e+00,6.518690000e-01
8.500425000e+00,6.005225000e+00,6.452420000e-01
8.503376000e+00,6.004811000e+00,6.534940000e-01
8.506327000e+00,6.004396000e+00,6.449510000e-01
8.509277000e+00,6.003982000e+00,6.518610000e-01
8.512228000e+00,6.003567000e+00,6.583400000e-01
8.515179000e+00,6.003153000e+00,6.444660000e-01
8.518130000e+00,6.002739000e+00,6.584180000e-01
8.521080000e+00,6.002325000e+00,6.514480000e-01
8.524031000e+00,6.001910000e+00,6.498990000e-01
8.526982000e+00,6.001496000e+00,6.480580000e-01
8.529932000e+00,6.001082000e+00,6.511850000e-01
8.532883000e+00,6.000669000e+00,6.550120000e-01
8.535834000e+00,6.000255000e+00,6.492310000e-01
8.538785000e+00,5.999841000e+00,6.503310000e-01
8.541735000e+00,5.999428000e+00,6.467260000e-01
8.544686000e+00,5.999014000e+00,6.507770000e-01
8.547637000e+00,5.998601000e+00,6.428800000e-01
8.550588000e+00,5.998187000e+00,6.427020000e-01
8.553538000e+00,5.997774000e+00,6.551650000e-01
8.556489000e+00,5.997361000e+00,6.435830000e-01
8.559440000e+00,5.996948000e+00,6.533270000e-01
8.562391000e+00,5.996535000e+00,6.488250000e-01
8.565341000e+00,5.996122000e+00,6.570240000e-01
8.568292000e+00,5.995709000e+00,6.559450000e-01
8.571243000e+00,5.995296000e+00,6.529490000e-01
8.574194000e+00,5.994883000e+00,6.423830000e-01
8.577144000e+00,5.994471000e+00,6.550150000e-01
8.580095000e+00,5.994058000e+00,6.474520000e-01
8.583046000e+00,5.993646000e+00,6.538410000e-01
8.585996000e+00,5.993233000e+00,6.448010000e-01
8.588947000e+00,5.992821000e+00,6.513260000e-01
8.591898000e+00,5.992409000e+00,6.384870000e-01
8.594849000e+00,5.991997000e+00,6.417060000e-01
8.597799000e+00,5.991585000e+00,6.410170000e-01
8.600750000e+00,5.991173000e+00,6.489550000e-01
8.603701000e+00,5.990761000e+00,6.490210000e-01
8.606652000e+00,5.990349000e+00,6.619840000e-01
8.609602000e+00,5.989937000e+00,6.412090000e-01
8.612553000e+00,5.989526000e+00,6.442280000e-01
8.615504000e+00,5.989114000e+00,6.537250000e-01
8.618455000e+00,5.988703000e+00,6.569680000e-01
8.621405000e+00,5.988291000e+00,6.468730000e-01
8.624356000e+00,5.987880000e+00,6.687540000e-01
8.627307000e+00,5.987469000e+00,6.541790000e-01
8.630258000e+00,5.987057000e+00,6.572700000e-01
8.633208000e+00,5.986646000e+00,6.573520000e-01
8.636159000e+00,5.986235000e+00,6.492420000e-01
8.639110000e+00,5.985824000e+00,6.493020000e-01
8.642061000e+00,5.985414000e+00,6.637760000e-01
8.645011000e+00,5.985003000e+00,6.514030000e-01
8.647962000e+00,5.984592000e+00,6.593420000e-01
8.650913000e+00,5.984182000e+00,6.515300000e-01
8.653863000e+00,5.983771000e+00,6.407720000e-01
8.656814000e+00,5.983361000e+00,6.475450000e-01
8.659765000e+00,5.982950000e+00,6.445910000e-01
8.662716000e+00,5.982540000e+00,6.537820000e-01
8.665666000e+00,5.982130000e+00,6.523130000e-01
8.668617000e+00,5.981720000e+00,6.445780000e-01
8.671568000e+00,5.981310000e+00,6.488240000e-01
8.674519000e+00,5.980900000e+00,6.566040000e-01
8.677469000e+00,5.980490000e+00,6.555370000e-01
8.680420000e+00,5.980080000e+00,6.464670000e-01
8.683371000e+00,5.979670000e+00,6.535950000e-01
8.686322000e+00,5.979261000e+00,6.521600000e-01
8.689272000e+00,5.978851000e+00,6.466750000e-01
8.692223000e+00,5.978442000e+00,6.514120000e-01
8.695174000e+00,5.978032000e+00,6.539690000e-01
8.698125000e+00,5.977623000e+00,6.522090000e-01
8.701075000e+00,5.977214000e+00,6.462300000e-01
8.704026000e+00,5.976805000e+00,6.519170000e-01
8.706977000e+00,5.976396000e+00,6.493530000e-01
8.709927000e+00,5.975987000e+00,6.505920000e-01
8.712878000e+00,5.975578000e+00,6.495220000e-01
8.715829000e+00,5.975169000e+00,6.521010000e-01
8.718780000e+00,5.974760000e+00,6.528660000e-01
8.721730000e+00,5.974351000e+00,6.446640000e-01
8.724681000e+00,5.973943000e+00,6.682110000e-01
8.727632000e+00,5.973534000e+00,6.534840000e-01
8.730583000e+00,5.973126000e+00,6.470910000e-01
8.733533000e+00,5.972718000e+00,6.574100000e-01
8.736484000e+00,5.972309000e+00,6.591260000e-01
8.739435000e+00,5.971901000e+00,6.521130000e-01
8.742386000e+00,5.971493000e+00,6.492890000e-01
8.745336000e+00,5.971085000e+00,6.556020000e-01
8.748287000e+00,5.970677000e+00,6.512150000e-01
8.751238000e+00,5.970269000e+00,6.604400000e-01
8.754189000e+00,5.969861000e+00,6.655010000e-01
8.757139000e+00,5.969454000e+00,6.559830000e-01
8.760090000e+00,5.969046000e+00,6.583080000e-01
8.763041000e+00,5.968639000e+00,6.597150000e-01
8.765991000e+00,5.968231000e+00,6.625810000e-01
8.768942000e+00,5.967824000e+00,6.499570000e-01
8.771893000e+00,5.967416000e+00,6.581820000e-01
8.774844000e+00,5.967009000e+00,6.614610000e-01
8.777794000e+00,5.966602000e+00,6.667210000e-01
8.780745000e+00,5.966195000e+00,6.515210000e-01
8.783696000e+00,5.965788000e+00,6.594730000e-01
8.786647000e+00,5.965381000e+00,6.571420000e-01
8.789597000e+00,5.964974000e+00,6.461650000e-01
8.792548000e+00,5.964568000e+00,6.622780000e-01
8.795499000e+00,5.964161000e+00,6.617020000e-01
8.798450000e+00,5.963754000e+00,6.585800000e-01
8.801400000e+00,5.963348000e+00,6.516250000e-01
8.804351000e+00,5.962941000e+00,6.494670000e-01
8.807302000e+00,5.962535000e+00,6.581400000e-01
8.810253000e+00,5.962129000e+00,6.435140000e-01
8.813203000e+00,5.961723000e+00,6.492990000e-01
8.816154000e+00,5.961317000e+00,6.587450000e-01
8.819105000e+00,5.960911000e+00,6.514200000e-01
8.822056000e+00,5.960505000e+00,6.578970000e-01
8.825006000e+00,5.960099000e+00,6.674740000e-01
8.827957000e+00,5.959693000e+00,6.504910000e-01
8.830908000e+00,5.959287000e+00,6.590270000e-01
8.833858000e+00,5.958882000e+00,6.481780000e-01
8.836809000e+00,5.958476000e+00,6.544290000e-01
8.839760000e+00,5.958071000e+00,6.561770000e-01
8.842711000e+00,5.957665000e+00,6.535220000e-01
8.845661000e+00,5.957260000e+00,6.563700000e-01
8.848612000e+00,5.956855000e+00,6.554400000e-01
8.851563000e+00,5.956450000e+00,6.494900000e-01
8.854514000e+00,5.956044000e+00,6.578030000e-01
8.857464000e+00,5.955639000e+00,6.552250000e-01
8.860415000e+00,5.955235000e+00,6.591880000e-01
8.863366000e+00,5.954830000e+00,6.625110000e-01
8.866317000e+00,5.954425000e+00,6.580790000e-01
8.869267000e+00,5.954020000e+00,6.579480000e-01
8.872218000e+00,5.953616000e+00,6.535500000e-01
8.875169000e+00,5.953211000e+00,6.578620000e-01
8.878120000e+00,5.952807000e+00,6.478860000e-01
8.881070000e+00,5.952402000e+00,6.621910000e-01
8.884021000e+00,5.951998000e+00,6.563660000e-01
8.886972000e+00,5.951594000e+00,6.515330000e-01
8.889922000e+00,5.951190000e+00,6.611120000e-01
8.892873000e+00,5.950786000e+00,6.617420000e-01
8.895824000e+00,5.950382000e+00,6.475230000e-01
8.898775000e+00,5.949978000e+00,6.708260000e-01
8.901725000e+00,5.949574000e+00,6.549610000e-01
8.904676000e+00,5.949170000e+00,6.587380000e-01
8.907627000e+00,5.948767000e+00,6.691710000e-01
8.910578000e+00,5.948363000e+00,6.625540000e-01
8.913528000e+00,5.947960000e+00,6.559700000e-01
8.916479000e+00,5.947556000e+00,6.567260000e-01
8.919430000e+00,5.947153000e+00,6.604200000e-01
8.922381000e+00,5.946750000e+00,6.605340000e-01
8.925331000e+00,5.946347000e+00,6.653530000e-01
8.928282000e+00,5.945943000e+00,6.546640000e-01
8.931233000e+00,5.945540000e+00,6.549020000e-01
8.934184000e+00,5.945137000e+00,6.581580000e-01
8.937134000e+00,5.944735000e+00,6.567340000e-01
8.940085000e+00,5.944332000e+00,6.665110000e-01
8.943036000e+00,5.943929000e+00,6.566890000e-01
8.945986000e+00,5.943527000e+00,6.576440000e-01
8.948937000e+00,5.943124000e+00,6.638800000e-01
8.951888000e+00,5.942722000e+00,6.629980000e-01
8.954839000e+00,5.942319000e+00,6.490180000e-01
8.957789000e+00,5.941917000e+00,6.787930000e-01
8.960740000e+00,5.941515000e+00,6.570440000e-01
8.963691000e+00,5.941112000e+00,6.621350000e-01
8.966642000e+00,5.940710000e+00,6.600950000e-01
8.969592000e+00,5.940308000e+00,6.669620000e-01
8.972543000e+00,5.939907000e+00,6.690320000e-01
8.975494000e+00,5.939505000e+00,6.541840000e-01
8.978445000e+00,5.939103000e+00,6.563210000e-01
8.981395000e+00,5.938701000e+00,6.603660000e-01
8.984346000e+00,5.938300000e+00,6.562670000e-01
8.987297000e+00,5.937898000e+00,6.573570000e-01
8.990248000e+00,5.937497000e+00,6.765860000e-01
8.993198000e+00,5.937095000e+00,6.584030000e-01
8.996149000e+00,5.936694000e+00,6.598760000e-01
8.999100000e+00,5.936293000e+00,6.498810000e-01
9.002051000e+00,5.935892000e+00,6.608970000e-01
9.005001000e+00,5.935491000e+00,6.622660000e-01
9.007952000e+00,5.935090000e+00,6.674080000e-01
9.010903000e+00,5.934689000e+00,6.537940000e-01
9.013853000e+00,5.934288000e+00,6.654380000e-01
9.016804000e+00,5.933887000e+00,6.569240000e-01
9.019755000e+00,5.933487000e+00,6.455310000e-01
9.022706000e+00,5.933086000e+00,6.618810000e-01
9.025656000e+00,5.932685000e+00,6.547630000e-01
9.028607000e+00,5.932285000e+00,6.661230000e-01
9.031558000e+00,5.931885000e+00,6.595230000e-01
9.034509000e+00,5.931484000e+00,6.598620000e-01
9.037459000e+00,5.931084000e+00,6.527250000e-01
9.040410000e+00,5.930684000e+00,6.549860000e-01
9.043361000e+00,5.930284000e+00,6.558410000e-01
9.046312000e+00,5.929884000e+00,6.598630000e-01
9.049262000e+00,5.929484000e+00,6.555490000e-01
9.052213000e+00,5.929084000e+00,6.731360000e-01
9.055164000e+00,5.928685000e+00,6.516230000e-01
9.058115000e+00,5.928285000e+00,6.713610000e-01
9.061065000e+00,5.927885000e+00,6.474110000e-01
9.064016000e+00,5.927486000e+00,6.644370000e-01
9.066967000e+00,5.927087000e+00,6.624260000e-01
9.069917000e+00,5.926687000e+00,6.615170000e-01
9.072868000e+00,5.926288000e+00,6.558910000e-01
9.075819000e+00,5.925889000e+00,6.517980000e-01
9.078770000e+00,5.925490000e+00,6.661610000e-01
9.081720000e+00,5.925091000e+00,6.621590000e-01
9.084671000e+00,5.924692000e+00,6.704350000e-01
9.087622000e+00,5.924293000e+00,6.702800000e-01
9.090573000e+00,5.923894000e+00,6.591100000e-01
9.093523000e+00,5.923495000e+00,6.588900000e-01
9.096474000e+00,5.923097000e+00,6.723230000e-01
9.099425000e+00,5.922698000e+00,6.603190000e-01
9.102376000e+00,5.922300000e+00,6.612990000e-01
9.105326000e+00,5.921901000e+00,6.585620000e-01
9.108277000e+00,5.921503000e+00,6.728460000e-01
9.111228000e+00,5.921105000e+00,6.549390000e-01
9.114179000e+00,5.920707000e+00,6.617400000e-01
9.117129000e+00,5.920308000e+00,6.672490000e-01
9.120080000e+00,5.919910000e+00,6.656110000e-01
9.123031000e+00,5.919512000e+00,6.707480000e-01
9.125981000e+00,5.919115000e+00,6.636110000e-01
9.128932000e+00,5.918717000e+00,6.616720000e-01
9.131883000e+00,5.918319000e+00,6.662810000e-01
9.134834000e+00,5.917922000e+00,6.702490000e-01
9.137784000e+00,5.917524000e+00,6.780180000e-01
9.140735000e+00,5.917126000e+00,6.699940000e-01
9.143686000e+00,5.916729000e+00,6.510960000e-01
9.146637000e+00,5.916332000e+00,6.708510000e-01
9.149587000e+00,5.915935000e+00,6.625820000e-01
9.152538000e+00,5.915537000e+00,6.540600000e-01
9.155489000e+00,5.915140000e+00,6.724340000e-01
9.158440000e+00,5.914743000e+00,6.495860000e-01
9.161390000e+00,5.914346000e+00,6.671450000e-01
9.164341000e+00,5.913949000e+00,6.614750000e-01
9.167292000e+00,5.913553000e+00,6.643360000e-01
9.170243000e+00,5.913156000e+00,6.619620000e-01
9.173193000e+00,5.912759000e+00,6.738080000e-01
9.176144000e+00,5.912363000e+00,6.784110000e-01
9.179095000e+00,5.911966000e+00,6.693850000e-01
9.182046000e+00,5.911570000e+00,6.515880000e-01
9.184996000e+00,5.911174000e+00,6.591770000e-01
9.187947000e+00,5.910777000e+00,6.811650000e-01
9.190898000e+00,5.910381000e+00,6.594410000e-01
9.193848000e+00,5.909985000e+00,6.513670000e-01
9.196799000e+00,5.909589000e+00,6.561850000e-01
9.199750000e+00,5.909193000e+00,6.646500000e-01
9.202701000e+00,5.908797000e+00,6.669170000e-01
9.205651000e+00,5.908402000e+00,6.631120000e-01
9.208602000e+00,5.908006000e+00,6.666570000e-01
9.211553000e+00,5.907610000e+00,6.660090000e-01
9.214504000e+00,5.907215000e+00,6.588940000e-01
9.217454000e+00,5.906819000e+00,6.663010000e-01
9.220405000e+00,5.906424000e+00,6.670070000e-01
9.223356000e+00,5.906028000e+00,6.701460000e-01
9.226307000e+00,5.905633000e+00,6.743280000e-01
9.229257000e+00,5.905238000e+00,6.661740000e-01
9.232208000e+00,5.904843000e+00,6.726700000e-01
9.235159000e+00,5.904448000e+00,6.681880000e-01
9.238110000e+00,5.904053000e+00,6.623620000e-01
9.241060000e+00,5.903658000e+00,6.664660000e-01
9.244011000e+00,5.903263000e+00,6.659910000e-01
9.246962000e+00,5.902869000e+00,6.542610000e-01
9.249912000e+00,5.902474000e+00,6.624560000e-01
9.252863000e+00,5.902079000e+00,6.577880000e-01
9.255814000e+00,5.901685000e+00,6.608340000e-01
9.258765000e+00,5.901291000e+00,6.656030000e-01
9.261715000e+00,5.900896000e+00,6.521490000e-01
9.264666000e+00,5.900502000e+00,6.659950000e-01
9.267617000e+00,5.900108000e+00,6.703590000e-01
9.270568000e+00,5.899714000e+00,6.693350000e-01
9.273518000e+00,5.899320000e+00,6.702490000e-01
9.276469000e+00,5.898926000e+00,6.837440000e-01
9.279420000e+00,5.898532000e+00,6.592000000e-01
9.282371000e+00,5.898138000e+00,6.714130000e-01
9.285321000e+00,5.897744000e+00,6.675090000e-01
9.288272000e+00,5.897351000e+00,6.600170000e-01
9.291223000e+00,5.896957000e+00,6.733950000e-01
9.294174000e+00,5.896564000e+00,6.698400000e-01
9.297124000e+00,5.896170000e+00,6.646360000e-01
9.300075000e+00,5.895777000e+00,6.674720000e-01
9.303026000e+00,5.895384000e+00,6.725590000e-01
9.305976000e+00,5.894990000e+00,6.595590000e-01
9.308927000e+00,5.894597000e+00,6.704600000e-01
9.311878000e+00,5.894204000e+00,6.584880000e-01
9.314829000e+00,5.893811000e+00,6.664470000e-01
9.317779000e+00,5.893418000e+00,6.667520000e-01
9.320730000e+00,5.893026000e+00,6.616150000e-01
9.323681000e+00,5.892633000e+00,6.626210000e-01
9.326632000e+00,5.892240000e+00,6.708770000e-01
9.329582000e+00,5.891848000e+00,6.762360000e-01
9.332533000e+00,5.891455000e+00,6.749410000e-01
9.335484000e+00,5.891063000e+00,6.774900000e-01
9.338435000e+00,5.890670000e+00,6.616510000e-01
9.341385000e+00,5.890278000e+00,6.741440000e-01
9.344336000e+00,5.889886000e+00,6.701460000e-01
9.347287000e+00,5.889494000e+00,6.689310000e-01
9.350238000e+00,5.889102000e+00,6.700740000e-01
9.353188000e+00,5.888710000e+00,6.653610000e-01
9.356139000e+00,5.888318000e+00,6.671490000e-01
9.359090000e+00,5.887926000e+00,6.725050000e-01
9.362041000e+00,5.887534000e+00,6.749500000e-01
9.364991000e+00,5.887143000e+00,6.670370000e-01
9.367942000e+00,5.886751000e+00,6.674980000e-01
9.370893000e+00,5.886360000e+00,6.745600000e-01
9.373843000e+00,5.885968000e+00,6.734970000e-01
9.376794000e+00,5.885577000e+00,6.679980000e-01
9.379745000e+00,5.885185000e+00,6.671910000e-01
9.382696000e+00,5.884794000e+00,6.632130000e-01
9.385646000e+00,5.884403000e+00,6.664300000e-01
9.388597000e+00,5.884012000e+00,6.654440000e-01
9.391548000e+00,5.883621000e+00,6.732520000e-01
9.394499000e+00,5.883230000e+00,6.760370000e-01
9.397449000e+00,5.882839000e+00,6.661880000e-01
9.400400000e+00,5.882449000e+00,6.767590000e-01
9.403351000e+00,5.882058000e+00,6.642370000e-01
9.406302000e+00,5.881667000e+00,6.584490000e-01
9.409252000e+00,5.881277000e+00,6.789870000e-01
9.412203000e+00,5.880886000e+00,6.703720000e-01
9.415154000e+00,5.880496000e+00,6.724630000e-01
9.418105000e+00,5.880106000e+00,6.693740000e-01
9.421055000e+00,5.879715000e+00,6.696080000e-01
9.424006000e+00,5.879325000e+00,6.621320000e-01
9.426957000e+00,5.878935000e+00,6.655960000e-01
9.429907000e+00,5.878545000e+00,6.690670000e-01
9.432858000e+00,5.878155000e+00,6.649510000e-01
9.435809000e+00,5.877765000e+00,6.592120000e-01
9.438760000e+00,5.877375000e+00,6.684530000e-01
9.441710000e+00,5.876986000e+00,6.548300000e-01
9.444661000e+00,5.876596000e+00,6.813310000e-01
9.447612000e+00,5.876207000e+00,6.784750000e-01
9.450563000e+00,5.875817000e+00,6.686140000e-01
9.453513000e+00,5.875428000e+00,6.693840000e-01
9.456464000e+00,5.875038000e+00,6.787720000e-01
9.459415000e+00,5.874649000e+00,6.600120000e-01
9.462366000e+00,5.874260000e+00,6.723180000e-01
9.465316000e+00,5.873871000e+00,6.766970000e-01
9.468267000e+00,5.873482000e+00,6.791730000e-01
9.471218000e+00,5.873093000e+00,6.646230000e-01
9.474169000e+00,5.872704000e+00,6.691810000e-01
9.477119000e+00,5.872315000e+00,6.578310000e-01
9.480070000e+00,5.871926000e+00,6.640630000e-01
9.483021000e+00,5.871538000e+00,6.881750000e-01
9.485971000e+00,5.871149000e+00,6.683990000e-01
9.488922000e+00,5.870761000e+00,6.748280000e-01
9.491873000e+00,5.870372000e+00,6.646480000e-01
9.494824000e+00,5.869984000e+00,6.740130000e-01
9.497774000e+00,5.869595000e+00,6.569730000e-01
9.500725000e+00,5.869207000e+00,6.728220000e-01
9.503676000e+00,5.868819000e+00,6.456480000e-01
9.506627000e+00,5.868431000e+00,6.847620000e-01
9.509577000e+00,5.868043000e+00,6.681600000e-01
9.512528000e+00,5.867655000e+00,6.714960000e-01
9.515479000e+00,5.867267000e+00,6.734720000e-01
9.518430000e+00,5.866880000e+00,6.677100000e-01
9.521380000e+00,5.866492000e+00,6.593300000e-01
9.524331000e+00,5.866104000e+00,6.738350000e-01
9.527282000e+00,5.865717000e+00,6.660930000e-01
9.530233000e+00,5.865329000e+00,6.676720000e-01
9.533183000e+00,5.864942000e+00,6.655620000e-01
9.536134000e+00,5.864555000e+00,6.677670000e-01
9.539085000e+00,5.864167000e+00,6.718400000e-01
9.542036000e+00,5.863780000e+00,6.765910000e-01
9.544986000e+00,5.863393000e+00,6.781720000e-01
9.547937000e+00,5.863006000e+00,6.637970000e-01
9.550888000e+00,5.862619000e+00,6.704720000e-01
9.553838000e+00,5.862232000e+00,6.669060000e-01
9.556789000e+00,5.861845000e+00,6.628850000e-01
9.559740000e+00,5.861459000e+00,6.789960000e-01
9.562691000e+00,5.861072000e+00,6.797870000e-01
9.565641000e+00,5.860685000e+00,6.676690000e-01
9.568592000e+00,5.860299000e+00,6.748730000e-01
9.571543000e+00,5.859912000e+00,6.698220000e-01
9.574494000e+00,5.859526000e+00,6.904250000e-01
9.577444000e+00,5.859140000e+00,6.731730000e-01
9.580395000e+00,5.858754000e+00,6.854350000e-01
9.583346000e+00,5.858367000e+00,6.759980000e-01
9.586297000e+00,5.857981000e+00,6.816270000e-01
9.589247000e+00,5.857595000e+00,6.719940000e-01
9.592198000e+00,5.857210000e+00,6.766980000e-01
9.595149000e+00,5.856824000e+00,6.609690000e-01
9.598100000e+00,5.856438000e+00,6.635350000e-01
9.601050000e+00,5.856052000e+00,6.664470000e-01
9.604001000e+00,5.855667000e+00,6.699130000e-01
9.606952000e+00,5.855281000e+00,6.789950000e-01
9.609902000e+00,5.854896000e+00,6.789730000e-01
9.612853000e+00,5.854510000e+00,6.804690000e-01
9.615804000e+00,5.854125000e+00,6.576790000e-01
9.618755000e+00,5.853740000e+00,6.777560000e-01
9.621705000e+00,5.853354000e+00,6.692060000e-01
9.624656000e+00,5.852969000e+00,6.602650000e-01
9.627607000e+00,5.852584000e+00,6.646400000e-01
9.630558000e+00,5.852199000e+00,6.788580000e-01
9.633508000e+00,5.851815000e+00,6.715640000e-01
9.636459000e+00,5.851430000e+00,6.620890000e-01
9.639410000e+00,5.851045000e+00,6.755970000e-01
9.642361000e+00,5.850660000e+00,6.758630000e-01
9.645311000e+00,5.850276000e+00,6.749530000e-01
9.648262000e+00,5.849891000e+00,6.820370000e-01
9.651213000e+00,5.849507000e+00,6.655330000e-01
9.654164000e+00,5.849122000e+00,6.742230000e-01
9.657114000e+00,5.848738000e+00,6.744390000e-01
9.660065000e+00,5.848354000e+00,6.801900000e-01
9.663016000e+00,5.847970000e+00,6.695290000e-01
9.665966000e+00,5.847586000e+00,6.811640000e-01
9.668917000e+00,5.847202000e+00,6.697960000e-01
9.671868000e+00,5.846818000e+00,6.625080000e-01
9.674819000e+00,5.846434000e+00,6.668400000e-01
9.677769000e+00,5.846050000e+00,6.755220000e-01
9.680720000e+00,5.845666000e+00,6.698780000e-01
9.683671000e+00,5.845283000e+00,6.704190000e-01
9.686622000e+00,5.844899000e+00,6.789850000e-01
9.689572000e+00,5.844516000e+00,6.688100000e-01
9.692523000e+00,5.844132000e+00,6.715220000e-01
9.695474000e+00,5.843749000e+00,6.671520000e-01
9.698425000e+00,5.843366000e+00,6.804830000e-01
9.701375000e+00,5.842983000e+00,6.791510000e-01
9.704326000e+00,5.842600000e+00,6.663360000e-01
9.707277000e+00,5.842216000e+00,6.761390000e-01
9.710228000e+00,5.841833000e+00,6.805590000e-01
9.713178000e+00,5.841451000e+00,6.629410000e-01
9.716129000e+00,5.841068000e+00,6.686980000e-01
9.719080000e+00,5.840685000e+00,6.732720000e-01
9.722031000e+00,5.840302000e+00,6.807610000e-01
9.724981000e+00,5.839920000e+00,6.723970000e-01
9.727932000e+00,5.839537000e+00,6.793340000e-01
9.730883000e+00,5.839155000e+00,6.705840000e-01
9.733833000e+00,5.838772000e+00,6.659730000e-01
9.736784000e+00,5.838390000e+00,6.731150000e-01
9.739735000e+00,5.838008000e+00,6.718450000e-01
9.742686000e+00,5.837626000e+00,6.828650000e-01
9.745636000e+00,5.837244000e+00,6.736230000e-01
9.748587000e+00,5.836862000e+00,6.695660000e-01
9.751538000e+00,5.836480000e+00,6.752560000e-01
9.754489000e+00,5.836098000e+00,6.674070000e-01
9.757439000e+00,5.835716000e+00,6.810940000e-01
9.760390000e+00,5.835334000e+00,6.760910000e-01
9.763341000e+00,5.834953000e+00,6.735120000e-01
9.766292000e+00,5.834571000e+00,6.800470000e-01
9.769242000e+00,5.834189000e+00,6.685390000e-01
9.772193000e+00,5.833808000e+00,6.813180000e-01
9.775144000e+00,5.833427000e+00,6.787410000e-01
9.778095000e+00,5.833045000e+00,6.863980000e-01
9.781045000e+00,5.832664000e+00,6.695090000e-01
9.783996000e+00,5.832283000e+00,6.870660000e-01
9.786947000e+00,5.831902000e+00,6.705620000e-01
9.789897000e+00,5.831521000e+00,6.795330000e-01
9.792848000e+00,5.831140000e+00,6.793660000e-01
9.795799000e+00,5.830759000e+00,6.773340000e-01
9.798750000e+00,5.830378000e+00,6.667560000e-01
9.801700000e+00,5.829998000e+00,6.737290000e-01
9.804651000e+00,5.829617000e+00,6.703050000e-01
9.807602000e+00,5.829236000e+00,6.902370000e-01
9.810553000e+00,5.828856000e+00,6.781260000e-01
9.813503000e+00,5.828475000e+00,6.769680000e-01
9.816454000e+00,5.828095000e+00,6.733560000e-01
9.819405000e+00,5.827715000e+00,6.706440000e-01
9.822356000e+00,5.827335000e+00,6.737960000e-01
9.825306000e+00,5.826954000e+00,6.675780000e-01
9.828257000e+00,5.826574000e+00,6.773960000e-01
9.831208000e+00,5.826194000e+00,6.812970000e-01
9.834159000e+00,5.825815000e+00,6.678170000e-01
9.837109000e+00,5.825435000e+00,6.842960000e-01
9.840060000e+00,5.825055000e+00,6.854880000e-01
9.843011000e+00,5.824675000e+00,6.722190000e-01
9.845961000e+00,5.824296000e+00,6.686290000e-01
9.848912000e+00,5.823916000e+00,6.770530000e-01
9.851863000e+00,5.823537000e+00,6.756290000e-01
9.854814000e+00,5.823157000e+00,6.735560000e-01
9.857764000e+00,5.822778000e+00,6.753290000e-01
9.860715000e+00,5.822399000e+00,6.760860000e-01
9.863666000e+00,5.822019000e+00,6.738780000e-01
9.866617000e+00,5.821640000e+00,6.786480000e-01
9.869567000e+00,5.821261000e+00,6.594570000e-01
9.872518000e+00,5.820882000e+00,6.762300000e-01
9.875469000e+00,5.820503000e+00,6.821410000e-01
9.878420000e+00,5.820124000e+00,6.677840000e-01
9.881370000e+00,5.819746000e+00,6.820670000e-01
9.884321000e+00,5.819367000e+00,6.685900000e-01
9.887272000e+00,5.818988000e+00,6.778320000e-01
9.890223000e+00,5.818610000e+00,6.754490000e-01
9.893173000e+00,5.818231000e+00,6.789190000e-01
9.896124000e+00,5.817853000e+00,6.863770000e-01
9.899075000e+00,5.817475000e+00,6.767160000e-01
9.902026000e+00,5.817096000e+00,6.867960000e-01
9.904976000e+00,5.816718000e+00,6.805810000e-01
9.907927000e+00,5.816340000e+00,6.797590000e-01
9.910878000e+00,5.815962000e+00,6.619350000e-01
9.913828000e+00,5.815584000e+00,6.657410000e-01
9.916779000e+00,5.815206000e+00,6.766160000e-01
9.919730000e+00,5.814828000e+00,7.001090000e-01
9.922681000e+00,5.814451000e+00,6.817740000e-01
9.925631000e+00,5.814073000e+00,6.656830000e-01
9.928582000e+00,5.813695000e+00,6.861340000e-01
9.931533000e+00,5.813318000e+00,6.711330000e-01
9.934484000e+00,5.812940000e+00,6.765630000e-01
9.937434000e+00,5.812563000e+00,6.724260000e-01
9.940385000e+00,5.812185000e+00,6.793210000e-01
9.943336000e+00,5.811808000e+00,6.773010000e-01
9.946287000e+00,5.811431000e+00,6.788120000e-01
9.949237000e+00,5.811054000e+00,6.787000000e-01
9.952188000e+00,5.810677000e+00,6.838410000e-01
9.955139000e+00,5.810300000e+00,6.754880000e-01
9.958090000e+00,5.809923000e+00,6.850750000e-01
9.961040000e+00,5.809546000e+00,6.846870000e-01
9.963991000e+00,5.809169000e+00,6.871940000e-01
9.966942000e+00,5.808793000e+00,6.797210000e-01
9.969892000e+00,5.808416000e+00,6.845310000e-01
9.972843000e+00,5.808040000e+00,6.793240000e-01
9.975794000e+00,5.807663000e+00,6.696700000e-01
9.978745000e+00,5.807287000e+00,6.896630000e-01
9.981695000e+00,5.806910000e+00,6.748440000e-01
9.984646000e+00,5.806534000e+00,6.880890000e-01
9.987597000e+00,5.806158000e+00,6.869410000e-01
9.990548000e+00,5.805782000e+00,6.736490000e-01
9.993498000e+00,5.805406000e+00,6.697820000e-01
9.996449000e+00,5.805030000e+00,6.805500000e-01
9.999400000e+00,5.804654000e+00,6.772710000e-01
1.000235100e+01,5.804278000e+00,6.806220000e-01
1.000530100e+01,5.803902000e+00,6.882920000e-01
1.000825200e+01,5.803527000e+00,6.769780000e-01
1.001120300e+01,5.803151000e+00,6.681190000e-01
1.001415400e+01,5.802775000e+00,6.884820000e-01
1.001710400e+01,5.802400000e+00,6.773280000e-01
1.002005500e+01,5.802025000e+00,6.823890000e-01
1.002300600e+01,5.801649000e+00,6.950490000e-01
1.002595600e+01,5.801274000e+00,6.890940000e-01
1.002890700e+01,5.800899000e+00,6.795980000e-01
1.003185800e+01,5.800524000e+00,6.850600000e-01
1.003480900e+01,5.800149000e+00,6.830500000e-01
1.003775900e+01,5.799774000e+00,6.817680000e-01
1.004071000e+01,5.799399000e+00,6.799740000e-01
1.004366100e+01,5.799024000e+00,6.720680000e-01
1.004661200e+01,5.798649000e+00,6.818840000e-01
1.004956200e+01,5.798274000e+00,6.805510000e-01
1.005251300e+01,5.797900000e+00,6.808370000e-01
1.005546400e+01,5.797525000e+00,6.764030000e-01
1.005841500e+01,5.797151000e+00,6.798720000e-01
1.006136500e+01,5.796776000e+00,6.858530000e-01
1.006431600e+01,5.796402000e+00,6.725420000e-01
1.006726700e+01,5.796028000e+00,6.869970000e-01
1.007021800e+01,5.795653000e+00,6.838500000e-01
1.007316800e+01,5.795279000e+00,6.816400000e-01
1.007611900e+01,5.794905000e+00,6.793040000e-01
1.007907000e+01,5.794531000e+00,6.893440000e-01
1.008202100e+01,5.794157000e+00,6.851450000e-01
1.008497100e+01,5.793784000e+00,6.768950000e-01
1.008792200e+01,5.793410000e+00,6.624860000e-01
1.009087300e+01,5.793036000e+00,6.785090000e-01
1.009382300e+01,5.792662000e+00,6.721590000e-01
1.009677400e+01,5.792289000e+00,6.794130000e-01
1.009972500e+01,5.791915000e+00,6.938340000e-01
1.010267600e+01,5.791542000e+00,6.861040000e-01
1.010562600e+01,5.791169000e+00,6.828360000e-01
1.010857700e+01,5.790795000e+00,6.831260000e-01
1.011152800e+01,5.790422000e+00,6.742600000e-01
1.011447900e+01,5.790049000e+00,6.844860000e-01
1.011742900e+01,5.789676000e+00,6.758700000e-01
1.012038000e+01,5.789303000e+00,6.848620000e-01
1.012333100e+01,5.788930000e+00,6.781030000e-01
1.012628200e+01,5.788557000e+00,7.018090000e-01
1.012923200e+01,5.788184000e+00,6.706440000e-01
1.013218300e+01,5.787812000e+00,6.997160000e-01
1.013513400e+01,5.787439000e+00,6.797140000e-01
1.013808500e+01,5.787066000e+00,6.789900000e-01
1.014103500e+01,5.786694000e+00,6.826000000e-01
1.014398600e+01,5.786321000e+00,6.839030000e-01
1.014693700e+01,5.785949000e+00,6.795530000e-01
1.014988700e+01,5.785577000e+00,6.777100000e-01
1.015283800e+01,5.785204000e+00,6.863050000e-01
1.015578900e+01,5.784832000e+00,6.981480000e-01
1.015874000e+01,5.784460000e+00,6.794840000e-01
1.016169000e+01,5.784088000e+00,6.865760000e-01
1.016464100e+01,5.783716000e+00,6.791400000e-01
1.016759200e+01,5.783344000e+00,6.932240000e-01
1.017054300e+01,5.782972000e+00,6.907490000e-01
1.017349300e+01,5.782601000e+00,6.875300000e-01
1.017644400e+01,5.782229000e+00,6.707430000e-01
1.017939500e+01,5.781857000e+00,6.828790000e-01
1.018234600e+01,5.781486000e+00,6.791760000e-01
1.018529600e+01,5.781114000e+00,6.853240000e-01
1.018824700e+01,5.780743000e+00,6.718270000e-01
1.019119800e+01,5.780372000e+00,6.843280000e-01
1.019414900e+01,5.780000000e+00,6.871700000e-01
1.019709900e+01,5.779629000e+00,6.846180000e-01
1.020005000e+01,5.779258000e+00,6.826390000e-01
1.020300100e+01,5.778887000e+00,6.757770000e-01
1.020595100e+01,5.778516000e+00,6.834210000e-01
1.020890200e+01,5.778145000e+00,6.793340000e-01
1.021185300e+01,5.777774000e+00,6.921290000e-01
1.021480400e+01,5.777404000e+00,6.684440000e-01
1.021775400e+01,5.777033000e+00,6.744240000e-01
1.022070500e+01,5.776662000e+00,6.856220000e-01
1.022365600e+01,5.776292000e+00,6.713780000e-01
1.022660700e+01,5.775921000e+00,6.917490000e-01
1.022955700e+01,5.775551000e+00,6.857550000e-01
1.023250800e+01,5.775181000e+00,6.918700000e-01
1.023545900e+01,5.774810000e+00,6.848780000e-01
1.023841000e+01,5.774440000e+00,6.914470000e-01
1.024136000e+01,5.774070000e+00,6.972060000e-01
1.024431100e+01,5.773700000e+00,6.929750000e-01
1.024726200e+01,5.773330000e+00,6.886870000e-01
1.025021300e+01,5.772960000e+00,6.804140000e-01
1.025316300e+01,5.772590000e+00,6.962170000e-01
1.025611400e+01,5.772220000e+00,6.915690000e-01
1.025906500e+01,5.771851000e+00,7.098470000e-01
1.026201600e+01,5.771481000e+00,6.904990000e-01
1.026496600e+01,5.771111000e+00,6.789730000e-01
1.026791700e+01,5.770742000e+00,6.936590000e-01
1.027086800e+01,5.770372000e+00,6.859220000e-01
1.027381800e+01,5.770003000e+00,6.805630000e-01
1.027676900e+01,5.769634000e+00,6.904790000e-01
1.027972000e+01,5.769264000e+00,6.918190000e-01
1.028267100e+01,5.768895000e+00,6.921750000e-01
1.028562100e+01,5.768526000e+00,7.002670000e-01
1.028857200e+01,5.768157000e+00,6.871760000e-01
1.029152300e+01,5.767788000e+00,6.929950000e-01
1.029447400e+01,5.767419000e+00,6.869210000e-01
1.029742400e+01,5.767050000e+00,6.925710000e-01
1.030037500e+01,5.766682000e+00,6.760430000e-01
1.030332600e+01,5.766313000e+00,6.872280000e-01
1.030627700e+01,5.765944000e+00,6.760710000e-01
1.030922700e+01,5.765576000e+00,6.817230000e-01
1.031217800e+01,5.765207000e+00,6.846400000e-01
1.031512900e+01,5.764839000e+00,6.808280000e-01
1.031808000e+01,5.764471000e+00,6.790210000e-01
1.032103000e+01,5.764102000e+00,6.892700000e-01
1.032398100e+01,5.763734000e+00,6.922850000e-01
1.032693200e+01,5.763366000e+00,6.897930000e-01
1.032988200e+01,5.762998000e+00,6.888020000e-01
1.033283300e+01,5.762630000e+00,6.873130000e-01
1.033578400e+01,5.762262000e+00,6.899110000e-01
1.033873500e+01,5.761894000e+00,6.950980000e-01
1.034168500e+01,5.761526000e+00,6.833590000e-01
1.034463600e+01,5.761159000e+00,6.741810000e-01
1.034758700e+01,5.760791000e+00,6.854560000e-01
1.035053800e+01,5.760423000e+00,6.849580000e-01
1.035348800e+01,5.760056000e+00,6.759820000e-01
1.035643900e+01,5.759688000e+00,6.812880000e-01
1.035939000e+01,5.759321000e+00,6.882250000e-01
1.036234100e+01,5.758954000e+00,6.914520000e-01
1.036529100e+01,5.758586000e+00,6.893690000e-01
1.036824200e+01,5.758219000e+00,6.905210000e-01
1.037119300e+01,5.757852000e+00,6.914800000e-01
1.037414400e+01,5.757485000e+00,6.875570000e-01
1.037709400e+01,5.757118000e+00,6.822280000e-01
1.038004500e+01,5.756751000e+00,6.936980000e-01
1.038299600e+01,5.756384000e+00,6.937680000e-01
1.038594600e+01,5.756018000e+00,6.836270000e-01
1.038889700e+01,5.755651000e+00,6.889840000e-01
1.039184800e+01,5.755284000e+00,6.924700000e-01
1.039479900e+01,5.754918000e+00,6.937170000e-01
1.039774900e+01,5.754551000e+00,6.717960000e-01
1.040070000e+01,5.754185000e+00,6.857890000e-01
1.040365100e+01,5.753819000e+00,6.787290000e-01
1.040660200e+01,5.753452000e+00,6.801360000e-01
1.040955200e+01,5.753086000e+00,6.983360000e-01
1.041250300e+01,5.752720000e+00,6.997220000e-01
1.041545400e+01,5.752354000e+00,6.863870000e-01
1.041840500e+01,5.751988000e+00,6.950660000e-01
1.042135500e+01,5.751622000e+00,6.910010000e-01
1.042430600e+01,5.751256000e+00,6.756640000e-01
1.042725700e+01,5.750890000e+00,6.892700000e-01
1.043020800e+01,5.750524000e+00,6.937330000e-01
1.043315800e+01,5.750159000e+00,6.899850000e-01
1.043610900e+01,5.749793000e+00,6.915920000e-01
1.043906000e+01,5.749428000e+00,6.938970000e-01
1.044201100e+01,5.749062000e+00,6.890230000e-01
1.044496100e+01,5.748697000e+00,6.755930000e-01
1.044791200e+01,5.748331000e+00,6.824030000e-01
1.045086300e+01,5.747966000e+00,6.902460000e-01
1.045381300e+01,5.747601000e+00,6.999930000e-01
1.045676400e+01,5.747236000e+00,6.944640000e-01
1.045971500e+01,5.746871000e+00,6.937760000e-01
1.046266600e+01,5.746506000e+00,6.926410000e-01
1.046561600e+01,5.746141000e+00,6.830090000e-01
1.046856700e+01,5.745776000e+00,6.879830000e-01
1.047151800e+01,5.745411000e+00,6.879140000e-01
1.047446900e+01,5.745047000e+00,6.891590000e-01
1.047741900e+01,5.744682000e+00,6.900590000e-01
1.048037000e+01,5.744317000e+00,6.964380000e-01
1.048332100e+01,5.743953000e+00,6.869180000e-01
1.048627200e+01,5.743588000e+00,6.917680000e-01
1.048922200e+01,5.743224000e+00,6.772140000e-01
1.049217300e+01,5.742860000e+00,6.999590000e-01
1.049512400e+01,5.742495000e+00,6.883060000e-01
1.049807500e+01,5.742131000e+00,6.935240000e-01
1.050102500e+01,5.741767000e+00,6.741550000e-01
1.050397600e+01,5.741403000e+00,7.130880000e-01
1.050692700e+01,5.741039000e+00,6.913330000e-01
1.050987700e+01,5.740675000e+00,6.812460000e-01
1.051282800e+01,5.740311000e+00,6.807130000e-01
1.051577900e+01,5.739948000e+00,6.950020000e-01
1.051873000e+01,5.739584000e+00,6.876640000e-01
1.052168000e+01,5.739220000e+00,6.725010000e-01
1.052463100e+01,5.738857000e+00,6.806420000e-01
1.052758200e+01,5.738493000e+00,6.889970000e-01
1.053053300e+01,5.738130000e+00,6.910640000e-01
1.053348300e+01,5.737766000e+00,6.818500000e-01
1.053643400e+01,5.737403000e+00,6.882990000e-01
1.053938500e+01,5.737040000e+00,6.778100000e-01
1.054233600e+01,5.736677000e+00,6.967130000e-01
1.054528600e+01,5.736314000e+00,6.865300000e-01
1.054823700e+01,5.735951000e+00,6.772240000e-01
1.055118800e+01,5.735588000e+00,7.001410000e-01
1.055413900e+01,5.735225000e+00,6.900720000e-01
1.055708900e+01,5.734862000e+00,6.941190000e-01
1.056004000e+01,5.734499000e+00,6.881600000e-01
1.056299100e+01,5.734137000e+00,6.915160000e-01
1.056594100e+01,5.733774000e+00,6.944020000e-01
1.056889200e+01,5.733411000e+00,6.972740000e-01
1.057184300e+01,5.733049000e+00,6.973080000e-01
1.057479400e+01,5.732686000e+00,6.819020000e-01
1.057774400e+01,5.732324000e+00,7.016640000e-01
1.058069500e+01,5.731962000e+00,6.899760000e-01
1.058364600e+01,5.731600000e+00,7.037870000e-01
1.058659700e+01,5.731237000e+00,6.850890000e-01
1.058954700e+01,5.730875000e+00,6.997970000e-01
1.059249800e+01,5.730513000e+00,6.882770000e-01
1.059544900e+01,5.730151000e+00,6.841540000e-01
1.059840000e+01,5.729790000e+00,6.839860000e-01
1.060135000e+01,5.729428000e+00,6.855580000e-01
1.060430100e+01,5.729066000e+00,6.980500000e-01
1.060725200e+01,5.728704000e+00,6.903840000e-01
1.061020300e+01,5.728343000e+00,6.860790000e-01
1.061315300e+01,5.727981000e+00,6.872060000e-01
1.061610400e+01,5.727620000e+00,6.941030000e-01
1.061905500e+01,5.727258000e+00,6.879470000e-01
1.062200600e+01,5.726897000e+00,6.985680000e-01
1.062495600e+01,5.726536000e+00,6.857980000e-01
1.062790700e+01,5.726174000e+00,6.745320000e-01
1.063085800e+01,5.725813000e+00,6.944250000e-01
1.063380800e+01,5.725452000e+00,6.814270000e-01
1.063675900e+01,5.725091000e+00,6.949990000e-01
1.063971000e+01,5.724730000e+00,6.980370000e-01
1.064266100e+01,5.724369000e+00,6.981080000e-01
1.064561100e+01,5.724009000e+00,6.940800000e-01
1.064856200e+01,5.723648000e+00,6.929030000e-01
1.065151300e+01,5.723287000e+00,6.892700000e-01
1.065446400e+01,5.722927000e+00,7.051940000e-01
1.065741400e+01,5.722566000e+00,6.960790000e-01
1.066036500e+01,5.722206000e+00,6.882400000e-01
1.066331600e+01,5.721845000e+00,6.962390000e-01
1.066626700e+01,5.721485000e+00,6.883100000e-01
1.066921700e+01,5.721124000e+00,6.880490000e-01
1.067216800e+01,5.720764000e+00,6.877370000e-01
1.067511900e+01,5.720404000e+00,6.983200000e-01
1.067807000e+01,5.720044000e+00,6.964600000e-01
1.068102000e+01,5.719684000e+00,6.916360000e-01
1.068397100e+01,5.719324000e+00,6.929470000e-01
1.068692200e+01,5.718964000e+00,6.898830000e-01
1.068987200e+01,5.718604000e+00,7.066830000e-01
1.069282300e+01,5.718245000e+00,6.929760000e-01
1.069577400e+01,5.717885000e+00,6.956920000e-01
1.069872500e+01,5.717525000e+00,6.897950000e-01
1.070167500e+01,5.717166000e+00,6.870600000e-01
1.070462600e+01,5.716806000e+00,6.947960000e-01
1.070757700e+01,5.716447000e+00,6.890370000e-01
1.071052800e+01,5.716088000e+00,6.896840000e-01
1.071347800e+01,5.715728000e+00,6.963630000e-01
1.071642900e+01,5.715369000e+00,7.028340000e-01
1.071938000e+01,5.715010000e+00,7.027200000e-01
1.072233100e+01,5.714651000e+00,7.037890000e-01
1.072528100e+01,5.714292000e+00,6.941980000e-01
1.072823200e+01,5.713933000e+00,6.952440000e-01
1.073118300e+01,5.713574000e+00,6.986670000e-01
1.073413400e+01,5.713215000e+00,6.886130000e-01
1.073708400e+01,5.712856000e+00,6.984940000e-01
1.074003500e+01,5.712498000e+00,6.950520000e-01
1.074298600e+01,5.712139000e+00,7.073830000e-01
1.074593600e+01,5.711781000e+00,6.958390000e-01
1.074888700e+01,5.711422000e+00,6.922930000e-01
1.075183800e+01,5.711064000e+00,6.926770000e-01
1.075478900e+01,5.710705000e+00,7.104640000e-01
1.075773900e+01,5.710347000e+00,6.924470000e-01
1.076069000e+01,5.709989000e+00,7.031040000e-01
1.076364100e+01,5.709631000e+00,6.928340000e-01
1.076659200e+01,5.709273000e+00,7.013700000e-01
1.076954200e+01,5.708915000e+00,6.898760000e-01
1.077249300e+01,5.708557000e+00,6.900590000e-01
1.077544400e+01,5.708199000e+00,7.034140000e-01
1.077839500e+01,5.707841000e+00,7.009920000e-01
1.078134500e+01,5.707483000e+00,6.968410000e-01
1.078429600e+01,5.707125000e+00,6.889320000e-01
1.078724700e+01,5.706768000e+00,7.009530000e-01
1.079019800e+01,5.706410000e+00,6.947400000e-01
1.079314800e+01,5.706053000e+00,6.891440000e-01
1.079609900e+01,5.705695000e+00,6.963490000e-01
1.079905000e+01,5.705338000e+00,6.963250000e-01
1.080200100e+01,5.704981000e+00,6.948930000e-01
1.080495100e+01,5.704623000e+00,6.787920000e-01
1.080790200e+01,5.704266000e+00,6.966190000e-01
1.081085300e+01,5.703909000e+00,6.807730000e-01
1.081380300e+01,5.703552000e+00,6.928270000e-01
1.081675400e+01,5.703195000e+00,7.019830000e-01
1.081970500e+01,5.702838000e+00,7.106400000e-01
1.082265600e+01,5.702481000e+00,6.934810000e-01
1.082560600e+01,5.702125000e+00,7.026020000e-01
1.082855700e+01,5.701768000e+00,7.093790000e-01
1.083150800e+01,5.701411000e+00,7.010790000e-01
1.083445900e+01,5.701055000e+00,7.049950000e-01
1.083740900e+01,5.700698000e+00,7.035740000e-01
1.084036000e+01,5.700342000e+00,7.066230000e-01
1.084331100e+01,5.699985000e+00,7.164810000e-01
1.084626200e+01,5.699629000e+00,7.047940000e-01
1.084921200e+01,5.699273000e+00,6.953520000e-01
1.085216300e+01,5.698917000e+00,7.021190000e-01
1.085511400e+01,5.698560000e+00,6.953980000e-01
1.085806500e+01,5.698204000e+00,7.018300000e-01
1.086101500e+01,5.697848000e+00,6.970520000e-01
1.086396600e+01,5.697493000e+00,6.981910000e-01
1.086691700e+01,5.697137000e+00,6.883150000e-01
1.086986700e+01,5.696781000e+00,6.946980000e-01
1.087281800e+01,5.696425000e+00,6.920870000e-01
1.087576900e+01,5.696069000e+00,6.973110000e-01
1.087872000e+01,5.695714000e+00,6.887360000e-01
1.088167000e+01,5.695358000e+00,7.026380000e-01
1.088462100e+01,5.695003000e+00,6.990180000e-01
1.088757200e+01,5.694648000e+00,7.097330000e-01
1.089052300e+01,5.694292000e+00,7.116380000e-01
1.089347300e+01,5.693937000e+00,6.857720000e-01
1.089642400e+01,5.693582000e+00,6.983880000e-01
1.089937500e+01,5.693227000e+00,6.952690000e-01
1.090232600e+01,5.692871000e+00,6.895180000e-01
1.090527600e+01,5.692516000e+00,6.908050000e-01
1.090822700e+01,5.692162000e+00,7.051480000e-01
1.091117800e+01,5.691807000e+00,7.028230000e-01
1.091412900e+01,5.691452000e+00,7.053660000e-01
1.091707900e+01,5.691097000e+00,6.977590000e-01
1.092003000e+01,5.690742000e+00,6.922440000e-01
1.092298100e+01,5.690388000e+00,7.003580000e-01
1.092593100e+01,5.690033000e+00,6.959390000e-01
1.092888200e+01,5.689679000e+00,6.973360000e-01
1.093183300e+01,5.689324000e+00,6.915400000e-01
1.093478400e+01,5.688970000e+00,7.001900000e-01
1.093773400e+01,5.688616000e+00,6.976340000e-01
1.094068500e+01,5.688261000e+00,7.004130000e-01
1.094363600e+01,5.687907000e+00,7.011700000e-01
1.094658700e+01,5.687553000e+00,6.977120000e-01
1.094953700e+01,5.687199000e+00,6.914010000e-01
1.095248800e+01,5.686845000e+00,6.831890000e-01
1.095543900e+01,5.686491000e+00,7.037080000e-01
1.095839000e+01,5.686137000e+00,7.003620000e-01
1.096134000e+01,5.685784000e+00,6.899490000e-01
1.096429100e+01,5.685430000e+00,6.957410000e-01
1.096724200e+01,5.685076000e+00,6.948940000e-01
1.097019300e+01,5.684723000e+00,6.893850000e-01
1.097314300e+01,5.684369000e+00,6.984080000e-01
1.097609400e+01,5.684016000e+00,6.934900000e-01
1.097904500e+01,5.683662000e+00,6.931080000e-01
1.098199500e+01,5.683309000e+00,7.014830000e-01
1.098494600e+01,5.682956000e+00,6.946900000e-01
1.098789700e+01,5.682603000e+00,7.045040000e-01
1.099084800e+01,5.682249000e+00,6.973480000e-01
1.099379800e+01,5.681896000e+00,7.083440000e-01
1.099674900e+01,5.681543000e+00,6.976070000e-01
1.099970000e+01,5.681190000e+00,6.982730000e-01
1.100265100e+01,5.680838000e+00,7.008830000e-01
1.100560100e+01,5.680485000e+00,6.973320000e-01
1.100855200e+01,5.680132000e+00,6.955290000e-01
1.101150300e+01,5.679779000e+00,6.989850000e-01
1.101445400e+01,5.679427000e+00,6.967900000e-01
1.101740400e+01,5.679074000e+00,7.044390000e-01
1.102035500e+01,5.678722000e+00,6.918480000e-01
1.102330600e+01,5.678369000e+00,6.959880000e-01
1.102625700e+01,5.678017000e+00,6.958140000e-01
1.102920700e+01,5.677665000e+00,6.991250000e-01
1.103215800e+01,5.677312000e+00,7.078320000e-01
1.103510900e+01,5.676960000e+00,7.123470000e-01
1.103806000e+01,5.676608000e+00,7.099170000e-01
1.104101000e+01,5.676256000e+00,6.993810000e-01
1.104396100e+01,5.675904000e+00,6.929650000e-01
1.104691200e+01,5.675552000e+00,7.025180000e-01
1.104986200e+01,5.675200000e+00,6.949060000e-01
1.105281300e+01,5.674849000e+00,7.120650000e-01
1.105576400e+01,5.674497000e+00,6.872530000e-01
1.105871500e+01,5.674145000e+00,7.150800000e-01
1.106166500e+01,5.673794000e+00,6.976870000e-01
1.106461600e+01,5.673442000e+00,6.940040000e-01
1.106756700e+01,5.673091000e+00,7.048840000e-01
1.107051800e+01,5.672739000e+00,6.936360000e-01
1.107346800e+01,5.672388000e+00,6.951320000e-01
1.107641900e+01,5.672037000e+00,7.121200000e-01
1.107937000e+01,5.671686000e+00,6.950830000e-01
1.108232100e+01,5.671334000e+00,7.025320000e-01
1.108527100e+01,5.670983000e+00,7.019550000e-01
1.108822200e+01,5.670632000e+00,6.991530000e-01
1.109117300e+01,5.670281000e+00,6.966840000e-01
1.109412400e+01,5.669931000e+00,6.844790000e-01
1.109707400e+01,5.669580000e+00,7.096280000e-01
1.110002500e+01,5.669229000e+00,7.045540000e-01
1.110297600e+01,5.668878000e+00,6.936650000e-01
1.110592600e+01,5.668528000e+00,7.014220000e-01
1.110887700e+01,5.668177000e+00,6.896580000e-01
1.111182800e+01,5.667827000e+00,7.043730000e-01
1.111477900e+01,5.667476000e+00,7.037850000e-01
1.111772900e+01,5.667126000e+00,6.950990000e-01
1.112068000e+01,5.666776000e+00,6.928480000e-01
1.112363100e+01,5.666425000e+00,7.070440000e-01
1.112658200e+01,5.666075000e+00,7.012920000e-01
1.112953200e+01,5.665725000e+00,7.020080000e-01
1.113248300e+01,5.665375000e+00,6.955610000e-01
1.113543400e+01,5.665025000e+00,7.005760000e-01
1.113838500e+01,5.664675000e+00,7.046690000e-01
1.114133500e+01,5.664325000e+00,6.932600000e-01
1.114428600e+01,5.663975000e+00,7.043040000e-01
1.114723700e+01,5.663626000e+00,7.057630000e-01
1.115018800e+01,5.663276000e+00,7.018480000e-01
1.115313800e+01,5.662926000e+00,7.064190000e-01
1.115608900e+01,5.662577000e+00,7.000650000e-01
1.115904000e+01,5.662227000e+00,6.995460000e-01
1.116199000e+01,5.661878000e+00,6.905340000e-01
1.116494100e+01,5.661529000e+00,7.002640000e-01
1.116789200e+01,5.661179000e+00,6.828040000e-01
1.117084300e+01,5.660830000e+00,6.895480000e-01
1.117379300e+01,5.660481000e+00,7.072700000e-01
1.117674400e+01,5.660132000e+00,6.942590000e-01
1.117969500e+01,5.659783000e+00,7.115220000e-01
1.118264600e+01,5.659434000e+00,7.029970000e-01
1.118559600e+01,5.659085000e+00,6.879890000e-01
1.118854700e+01,5.658736000e+00,6.988140000e-01
1.119149800e+01,5.658387000e+00,6.994100000e-01
1.119444900e+01,5.658039000e+00,6.917010000e-01
1.119739900e+01,5.657690000e+00,7.049600000e-01
1.120035000e+01,5.657341000e+00,7.038440000e-01
1.120330100e+01,5.656993000e+00,6.918670000e-01
1.120625200e+01,5.656644000e+00,6.944310000e-01
1.120920200e+01,5.656296000e+00,7.122410000e-01
1.121215300e+01,5.655948000e+00,6.942450000e-01
1.121510400e+01,5.655599000e+00,6.959730000e-01
1.121805500e+01,5.655251000e+00,7.103840000e-01
1.122100500e+01,5.654903000e+00,7.040800000e-01
1.122395600e+01,5.654555000e+00,7.158660000e-01
1.122690700e+01,5.654207000e+00,6.991600000e-01
1.122985700e+01,5.653859000e+00,6.998410000e-01
1.123280800e+01,5.653511000e+00,6.997980000e-01
1.123575900e+01,5.653163000e+00,6.945900000e-01
1.123871000e+01,5.652815000e+00,6.990490000e-01
1.124166000e+01,5.652468000e+00,6.860850000e-01
1.124461100e+01,5.652120000e+00,7.059780000e-01
1.124756200e+01,5.651772000e+00,6.953180000e-01
1.125051300e+01,5.651425000e+00,7.013070000e-01
1.125346300e+01,5.651078000e+00,7.112020000e-01
1.125641400e+01,5.650730000e+00,7.030220000e-01
1.125936500e+01,5.650383000e+00,7.064920000e-01
1.126231600e+01,5.650036000e+00,7.142910000e-01
1.126526600e+01,5.649688000e+00,6.944360000e-01
1.126821700e+01,5.649341000e+00,7.072120000e-01
1.127116800e+01,5.648994000e+00,7.020850000e-01
1.127411900e+01,5.648647000e+00,7.013560000e-01
1.127706900e+01,5.648300000e+00,7.111200000e-01
1.128002000e+01,5.647953000e+00,7.007310000e-01
1.128297100e+01,5.647606000e+00,7.070990000e-01
1.128592100e+01,5.647260000e+00,6.991110000e-01
1.128887200e+01,5.646913000e+00,7.168740000e-01
1.129182300e+01,5.646566000e+00,7.062420000e-01
1.129477400e+01,5.646220000e+00,6.929010000e-01
1.129772400e+01,5.645873000e+00,7.020410000e-01
1.130067500e+01,5.645527000e+00,6.946250000e-01
1.130362600e+01,5.645180000e+00,7.017710000e-01
1.130657700e+01,5.644834000e+00,7.144730000e-01
1.130952700e+01,5.644488000e+00,7.086160000e-01
1.131247800e+01,5.644142000e+00,7.061750000e-01
1.131542900e+01,5.643795000e+00,7.088910000e-01
1.131838000e+01,5.643449000e+00,6.861730000e-01
1.132133000e+01,5.643103000e+00,7.007200000e-01
1.132428100e+01,5.642757000e+00,7.078990000e-01
1.132723200e+01,5.642412000e+00,6.965420000e-01
1.133018300e+01,5.642066000e+00,7.085010000e-01
1.133313300e+01,5.641720000e+00,7.078420000e-01
1.133608400e+01,5.641374000e+00,7.224590000e-01
1.133903500e+01,5.641029000e+00,7.106950000e-01
1.134198500e+01,5.640683000e+00,6.986780000e-01
1.134493600e+01,5.640338000e+00,7.041610000e-01
1.134788700e+01,5.639992000e+00,6.971560000e-01
1.135083800e+01,5.639647000e+00,7.037250000e-01
1.135378800e+01,5.639301000e+00,7.101690000e-01
1.135673900e+01,5.638956000e+00,6.981930000e-01
1.135969000e+01,5.638611000e+00,6.949230000e-01
1.136264100e+01,5.638266000e+00,6.978670000e-01
1.136559100e+01,5.637921000e+00,6.929290000e-01
1.136854200e+01,5.637576000e+00,7.204510000e-01
1.137149300e+01,5.637231000e+00,6.944390000e-01
1.137444400e+01,5.636886000e+00,7.051820000e-01
1.137739400e+01,5.636541000e+00,7.162500000e-01
1.138034500e+01,5.636196000e+00,7.072620000e-01
1.138329600e+01,5.635852000e+00,6.960350000e-01
1.138624700e+01,5.635507000e+00,7.188360000e-01
1.138919700e+01,5.635162000e+00,7.080090000e-01
1.139214800e+01,5.634818000e+00,7.042210000e-01
1.139509900e+01,5.634473000e+00,6.928600000e-01
1.139805000e+01,5.634129000e+00,6.987060000e-01
1.140100000e+01,5.633785000e+00,7.008510000e-01
1.140395100e+01,5.633440000e+00,7.099910000e-01
1.140690200e+01,5.633096000e+00,6.982620000e-01
1.140985200e+01,5.632752000e+00,7.055600000e-01
1.141280300e+01,5.632408000e+00,6.991480000e-01
1.141575400e+01,5.632064000e+00,7.043960000e-01
1.141870500e+01,5.631720000e+00,7.217920000e-01
1.142165500e+01,5.631376000e+00,7.091190000e-01
1.142460600e+01,5.631032000e+00,6.998040000e-01
1.142755700e+01,5.630689000e+00,7.022450000e-01
1.143050800e+01,5.630345000e+00,7.116760000e-01
1.143345800e+01,5.630001000e+00,7.071050000e-01
1.143640900e+01,5.629658000e+00,7.015540000e-01
1.143936000e+01,5.629314000e+00,7.139750000e-01
1.144231100e+01,5.628971000e+00,6.996500000e-01
1.144526100e+01,5.628627000e+00,7.156910000e-01
1.144821200e+01,5.628284000e+00,7.055720000e-01
1.145116300e+01,5.627941000e+00,7.035990000e-01
1.145411400e+01,5.627597000e+00,7.233300000e-01
1.145706400e+01,5.627254000e+00,7.082600000e-01
1.146001500e+01,5.626911000e+00,7.008290000e-01
1.146296600e+01,5.626568000e+00,7.135110000e-01
1.146591600e+01,5.626225000e+00,7.146420000e-01
1.146886700e+01,5.625882000e+00,7.109320000e-01
1.147181800e+01,5.625539000e+00,6.963560000e-01
1.147476900e+01,5.625197000e+00,7.173970000e-01
1.147771900e+01,5.624854000e+00,7.125480000e-01
1.148067000e+01,5.624511000e+00,7.092750000e-01
1.148362100e+01,5.624169000e+00,7.064760000e-01
1.148657200e+01,5.623826000e+00,7.070930000e-01
1.148952200e+01,5.623484000e+00,6.963570000e-01
1.149247300e+01,5.623141000e+00,7.131840000e-01
1.149542400e+01,5.622799000e+00,7.093830000e-01
1.149837500e+01,5.622457000e+00,7.043560000e-01
1.150132500e+01,5.622114000e+00,7.040790000e-01
1.150427600e+01,5.621772000e+00,7.092320000e-01
1.150722700e+01,5.621430000e+00,7.031030000e-01
1.151017800e+01,5.621088000e+00,7.137800000e-01
1.151312800e+01,5.620746000e+00,6.855370000e-01
1.151607900e+01,5.620404000e+00,7.202600000e-01
1.151903000e+01,5.620062000e+00,6.993550000e-01
1.152198000e+01,5.619720000e+00,6.999480000e-01
1.152493100e+01,5.619379000e+00,6.994070000e-01
1.152788200e+01,5.619037000e+00,7.069820000e-01
1.153083300e+01,5.618695000e+00,7.105650000e-01
1.153378300e+01,5.618354000e+00,6.957130000e-01
1.153673400e+01,5.618012000e+00,7.117050000e-01
1.153968500e+01,5.617671000e+00,7.102860000e-01
1.154263600e+01,5.617330000e+00,7.100690000e-01
1.154558600e+01,5.616988000e+00,7.092500000e-01
1.154853700e+01,5.616647000e+00,6.956600000e-01
1.155148800e+01,5.616306000e+00,7.069760000e-01
1.155443900e+01,5.615965000e+00,7.034810000e-01
1.155738900e+01,5.615624000e+00,7.112930000e-01
1.156034000e+01,5.615283000e+00,7.082540000e-01
1.156329100e+01,5.614942000e+00,7.109950000e-01
1.156624200e+01,5.614601000e+00,6.955900000e-01
1.156919200e+01,5.614260000e+00,6.926660000e-01
1.157214300e+01,5.613919000e+00,7.231220000e-01
1.157509400e+01,5.613579000e+00,7.053450000e-01
1.157804500e+01,5.613238000e+00,7.061430000e-01
1.158099500e+01,5.612897000e+00,7.144190000e-01
1.158394600e+01,5.612557000e+00,7.053060000e-01
1.158689700e+01,5.612216000e+00,6.910490000e-01
1.158984700e+01,5.611876000e+00,7.112860000e-01
1.159279800e+01,5.611536000e+00,7.035480000e-01
1.159574900e+01,5.611195000e+00,6.907830000e-01
1.159870000e+01,5.610855000e+00,7.067330000e-01
1.160165000e+01,5.610515000e+00,7.082350000e-01
1.160460100e+01,5.610175000e+00,7.093130000e-01
1.160755200e+01,5.609835000e+00,6.990910000e-01
1.161050300e+01,5.609495000e+00,7.097140000e-01
1.161345300e+01,5.609155000e+00,7.046400000e-01
1.161640400e+01,5.608815000e+00,7.064210000e-01
1.161935500e+01,5.608475000e+00,7.128260000e-01
1.162230600e+01,5.608136000e+00,7.074410000e-01
1.162525600e+01,5.607796000e+00,7.123230000e-01
1.162820700e+01,5.607456000e+00,7.163910000e-01
1.163115800e+01,5.607117000e+00,7.101840000e-01
1.163410900e+01,5.606777000e+00,7.106700000e-01
1.163705900e+01,5.606438000e+00,7.032460000e-01
1.164001000e+01,5.606099000e+00,7.019000000e-01
1.164296100e+01,5.605759000e+00,7.016740000e-01
1.164591100e+01,5.605420000e+00,7.137320000e-01
1.164886200e+01,5.605081000e+00,7.044290000e-01
1.165181300e+01,5.604742000e+00,7.066170000e-01
1.165476400e+01,5.604403000e+00,7.208370000e-01
1.165771400e+01,5.604064000e+00,6.991580000e-01
1.166066500e+01,5.603725000e+00,7.079660000e-01
1.166361600e+01,5.603386000e+00,7.122550000e-01
1.166656700e+01,5.603047000e+00,7.066560000e-01
1.166951700e+01,5.602708000e+00,7.064280000e-01
1.167246800e+01,5.602370000e+00,7.023630000e-01
1.167541900e+01,5.602031000e+00,7.114940000e-01
1.167837000e+01,5.601692000e+00,7.074510000e-01
1.168132000e+01,5.601354000e+00,7.161610000e-01
1.168427100e+01,5.601016000e+00,7.097130000e-01
1.168722200e+01,5.600677000e+00,6.957610000e-01
1.169017300e+01,5.600339000e+00,7.187870000e-01
1.169312300e+01,5.600001000e+00,7.192790000e-01
1.169607400e+01,5.599662000e+00,7.224600000e-01
1.169902500e+01,5.599324000e+00,7.043160000e-01
1.170197500e+01,5.598986000e+00,7.003790000e-01
1.170492600e+01,5.598648000e+00,7.152820000e-01
1.170787700e+01,5.598310000e+00,7.159100000e-01
1.171082800e+01,5.597972000e+00,7.101300000e-01
1.171377800e+01,5.597634000e+00,7.118910000e-01
1.171672900e+01,5.597297000e+00,7.133490000e-01
1.171968000e+01,5.596959000e+00,7.123510000e-01
1.172263100e+01,5.596621000e+00,7.040740000e-01
1.172558100e+01,5.596284000e+00,7.016630000e-01
1.172853200e+01,5.595946000e+00,7.152720000e-01
1.173148300e+01,5.595608000e+00,7.104810000e-01
1.173443400e+01,5.595271000e+00,7.094270000e-01
1.173738400e+01,5.594934000e+00,7.064740000e-01
1.174033500e+01,5.594596000e+00,7.141600000e-01
1.174328600e+01,5.594259000e+00,7.111560000e-01
1.174623700e+01,5.593922000e+00,7.280090000e-01
1.174918700e+01,5.593585000e+00,7.000880000e-01
1.175213800e+01,5.593248000e+00,7.017980000e-01
1.175508900e+01,5.592911000e+00,7.132170000e-01
1.175804000e+01,5.592574000e+00,7.025690000e-01
1.176099000e+01,5.592237000e+00,7.170240000e-01
1.176394100e+01,5.591900000e+00,7.035210000e-01
1.176689200e+01,5.591563000e+00,7.185180000e-01
1.176984200e+01,5.591227000e+00,7.004870000e-01
1.177279300e+01,5.590890000e+00,7.251890000e-01
1.177574400e+01,5.590553000e+00,7.078540000e-01
1.177869500e+01,5.590217000e+00,6.936900000e-01
1.178164500e+01,5.589880000e+00,7.067680000e-01
1.178459600e+01,5.589544000e+00,7.050130000e-01
1.178754700e+01,5.589208000e+00,7.178570000e-01
1.179049800e+01,5.588871000e+00,7.206220000e-01
1.179344800e+01,5.588535000e+00,7.108510000e-01
1.179639900e+01,5.588199000e+00,7.209150000e-01
1.179935000e+01,5.587863000e+00,6.988200000e-01
1.180230100e+01,5.587527000e+00,7.058290000e-01
1.180525100e+01,5.587191000e+00,7.133490000e-01
1.180820200e+01,5.586855000e+00,7.127990000e-01
1.181115300e+01,5.586519000e+00,7.065150000e-01
1.181410400e+01,5.586183000e+00,7.180620000e-01
1.181705400e+01,5.585847000e+00,7.136720000e-01
1.182000500e+01,5.585512000e+00,7.098490000e-01
1.182295600e+01,5.585176000e+00,7.213740000e-01
1.182590600e+01,5.584841000e+00,7.102600000e-01
1.182885700e+01,5.584505000e+00,7.202920000e-01
1.183180800e+01,5.584170000e+00,7.092480000e-01
1.183475900e+01,5.583834000e+00,7.194720000e-01
1.183770900e+01,5.583499000e+00,7.039160000e-01
1.184066000e+01,5.583164000e+00,7.148090000e-01
1.184361100e+01,5.582828000e+00,7.099220000e-01
1.184656200e+01,5.582493000e+00,7.117320000e-01
1.184951200e+01,5.582158000e+00,7.135950000e-01
1.185246300e+01,5.581823000e+00,7.045600000e-01
1.185541400e+01,5.581488000e+00,7.011730000e-01
1.185836500e+01,5.581153000e+00,7.116720000e-01
1.186131500e+01,5.580818000e+00,7.129850000e-01
1.186426600e+01,5.580484000e+00,7.018250000e-01
1.186721700e+01,5.580149000e+00,7.206630000e-01
1.187016800e+01,5.579814000e+00,6.982010000e-01
1.187311800e+01,5.579479000e+00,7.096480000e-01
1.187606900e+01,5.579145000e+00,7.061020000e-01
1.187902000e+01,5.578810000e+00,7.186680000e-01
1.188197000e+01,5.578476000e+00,7.018820000e-01
1.188492100e+01,5.578142000e+00,6.984680000e-01
1.188787200e+01,5.577807000e+00,7.106230000e-01
1.189082300e+01,5.577473000e+00,7.136940000e-01
1.189377300e+01,5.577139000e+00,7.093060000e-01
1.189672400e+01,5.576805000e+00,7.219590000e-01
1.189967500e+01,5.576471000e+00,7.146200000e-01
1.190262600e+01,5.576137000e+00,7.061490000e-01
1.190557600e+01,5.575803000e+00,7.084720000e-01
1.190852700e+01,5.575469000e+00,7.045600000e-01
1.191147800e+01,5.575135000e+00,7.181910000e-01
1.191442900e+01,5.574801000e+00,7.113840000e-01
1.191737900e+01,5.574467000e+00,7.118390000e-01
1.192033000e+01,5.574134000e+00,7.084570000e-01
1.192328100e+01,5.573800000e+00,7.147850000e-01
1.192623200e+01,5.573466000e+00,7.080510000e-01
1.192918200e+01,5.573133000e+00,7.016420000e-01
1.193213300e+01,5.572800000e+00,7.119750000e-01
1.193508400e+01,5.572466000e+00,7.063540000e-01
1.193803500e+01,5.572133000e+00,7.043210000e-01
1.194098500e+01,5.571800000e+00,7.210020000e-01
1.194393600e+01,5.571466000e+00,7.244790000e-01
1.194688700e+01,5.571133000e+00,7.236600000e-01
1.194983700e+01,5.570800000e+00,7.129230000e-01
1.195278800e+01,5.570467000e+00,7.199060000e-01
1.195573900e+01,5.570134000e+00,7.042220000e-01
1.195869000e+01,5.569801000e+00,7.117470000e-01
1.196164000e+01,5.569468000e+00,7.235010000e-01
1.196459100e+01,5.569136000e+00,7.052380000e-01
1.196754200e+01,5.568803000e+00,7.091970000e-01
1.197049300e+01,5.568470000e+00,7.211270000e-01
1.197344300e+01,5.568138000e+00,7.214040000e-01
1.197639400e+01,5.567805000e+00,7.162750000e-01
1.197934500e+01,5.567473000e+00,7.132420000e-01
1.198229600e+01,5.567140000e+00,7.125550000e-01
1.198524600e+01,5.566808000e+00,7.212930000e-01
1.198819700e+01,5.566475000e+00,7.005840000e-01
1.199114800e+01,5.566143000e+00,7.221170000e-01
1.199409900e+01,5.565811000e+00,7.236880000e-01
1.199704900e+01,5.565479000e+00,7.007090000e-01
1.200000000e+01,5.565147000e+00,7.130020000e-01
