T_nr_keV,dRdT_Kopeikin,dRdT_Mueller,dRdT_hibrido
2.000000000e-01,3.129676000e+02,3.397733000e+02,3.397733000e+02
2.009000000e-01,3.099163000e+02,3.365117000e+02,3.365117000e+02
2.018000000e-01,3.068982000e+02,3.332850000e+02,3.332850000e+02
2.027000000e-01,3.039141000e+02,3.300944000e+02,3.300944000e+02
2.036000000e-01,3.009640000e+02,3.269398000e+02,3.269398000e+02
2.045000000e-01,2.980455000e+02,3.238185000e+02,3.238185000e+02
2.054000000e-01,2.951619000e+02,3.207340000e+02,3.207340000e+02
2.063000000e-01,2.923079000e+02,3.176808000e+02,3.176808000e+02
2.072000000e-01,2.894886000e+02,3.146642000e+02,3.146642000e+02
2.081000000e-01,2.866984000e+02,3.116783000e+02,3.116783000e+02
2.090000000e-01,2.839410000e+02,3.087268000e+02,3.087268000e+02
2.099000000e-01,2.812131000e+02,3.058064000e+02,3.058064000e+02
2.108000000e-01,2.785162000e+02,3.029186000e+02,3.029186000e+02
2.117000000e-01,2.758489000e+02,3.000620000e+02,3.000620000e+02
2.126000000e-01,2.732110000e+02,2.972363000e+02,2.972363000e+02
2.135000000e-01,2.706028000e+02,2.944418000e+02,2.944418000e+02
2.144000000e-01,2.680227000e+02,2.916767000e+02,2.916767000e+02
2.153000000e-01,2.654721000e+02,2.889426000e+02,2.889426000e+02
2.162000000e-01,2.629483000e+02,2.862367000e+02,2.862367000e+02
2.171000000e-01,2.604538000e+02,2.835615000e+02,2.835615000e+02
2.180000000e-01,2.579852000e+02,2.809134000e+02,2.809134000e+02
2.189000000e-01,2.555453000e+02,2.782955000e+02,2.782955000e+02
2.198000000e-01,2.531305000e+02,2.757039000e+02,2.757039000e+02
2.207000000e-01,2.507439000e+02,2.731418000e+02,2.731418000e+02
2.216000000e-01,2.483817000e+02,2.706052000e+02,2.706052000e+02
2.225000000e-01,2.460470000e+02,2.680974000e+02,2.680974000e+02
2.234000000e-01,2.437361000e+02,2.656147000e+02,2.656147000e+02
2.243000000e-01,2.414519000e+02,2.631599000e+02,2.631599000e+02
2.252000000e-01,2.391913000e+02,2.607297000e+02,2.607297000e+02
2.261000000e-01,2.369563000e+02,2.583264000e+02,2.583264000e+02
2.270000000e-01,2.347446000e+02,2.559475000e+02,2.559475000e+02
2.279000000e-01,2.325576000e+02,2.535944000e+02,2.535944000e+02
2.288000000e-01,2.303938000e+02,2.512656000e+02,2.512656000e+02
2.297000000e-01,2.282535000e+02,2.489614000e+02,2.489614000e+02
2.306000000e-01,2.261364000e+02,2.466816000e+02,2.466816000e+02
2.315000000e-01,2.240416000e+02,2.444250000e+02,2.444250000e+02
2.324000000e-01,2.219702000e+02,2.421930000e+02,2.421930000e+02
2.333000000e-01,2.199196000e+02,2.399829000e+02,2.399829000e+02
2.342000000e-01,2.178928000e+02,2.377976000e+02,2.377976000e+02
2.351000000e-01,2.158855000e+02,2.356327000e+02,2.356327000e+02
2.360000000e-01,2.139020000e+02,2.334929000e+02,2.334929000e+02
2.369000000e-01,2.119378000e+02,2.313733000e+02,2.313733000e+02
2.378000000e-01,2.099957000e+02,2.292769000e+02,2.292769000e+02
2.387000000e-01,2.080735000e+02,2.272014000e+02,2.272014000e+02
2.396000000e-01,2.061718000e+02,2.251474000e+02,2.251474000e+02
2.405000000e-01,2.042906000e+02,2.231149000e+02,2.231149000e+02
2.414000000e-01,2.024282000e+02,2.211022000e+02,2.211022000e+02
2.423000000e-01,2.005869000e+02,2.191118000e+02,2.191118000e+02
2.432000000e-01,1.987633000e+02,2.171400000e+02,2.171400000e+02
2.441000000e-01,1.969606000e+02,2.151901000e+02,2.151901000e+02
2.450000000e-01,1.951756000e+02,2.132589000e+02,2.132589000e+02
2.459000000e-01,1.934096000e+02,2.113478000e+02,2.113478000e+02
2.468000000e-01,1.916623000e+02,2.094564000e+02,2.094564000e+02
2.477000000e-01,1.899321000e+02,2.075830000e+02,2.075830000e+02
2.486000000e-01,1.882215000e+02,2.057304000e+02,2.057304000e+02
2.495000000e-01,1.865272000e+02,2.038950000e+02,2.038950000e+02
2.504000000e-01,1.848514000e+02,2.020792000e+02,2.020792000e+02
2.513000000e-01,1.831925000e+02,2.002814000e+02,2.002814000e+02
2.522000000e-01,1.815500000e+02,1.985010000e+02,1.985010000e+02
2.531000000e-01,1.799257000e+02,1.967399000e+02,1.967399000e+02
2.540000000e-01,1.783167000e+02,1.949951000e+02,1.949951000e+02
2.549000000e-01,1.767251000e+02,1.932688000e+02,1.932688000e+02
2.558000000e-01,1.751495000e+02,1.915595000e+02,1.915595000e+02
2.567000000e-01,1.735890000e+02,1.898664000e+02,1.898664000e+02
2.576000000e-01,1.720459000e+02,1.881918000e+02,1.881918000e+02
2.585000000e-01,1.705170000e+02,1.865325000e+02,1.865325000e+02
2.594000000e-01,1.690042000e+02,1.848904000e+02,1.848904000e+02
2.603000000e-01,1.675067000e+02,1.832648000e+02,1.832648000e+02
2.612000000e-01,1.660231000e+02,1.816540000e+02,1.816540000e+02
2.621000000e-01,1.645559000e+02,1.800610000e+02,1.800610000e+02
2.630000000e-01,1.631025000e+02,1.784827000e+02,1.784827000e+02
2.639000000e-01,1.616632000e+02,1.769197000e+02,1.769197000e+02
2.648000000e-01,1.602393000e+02,1.753732000e+02,1.753732000e+02
2.657000000e-01,1.588285000e+02,1.738408000e+02,1.738408000e+02
2.666000000e-01,1.574323000e+02,1.723240000e+02,1.723240000e+02
2.675000000e-01,1.560501000e+02,1.708224000e+02,1.708224000e+02
2.684000000e-01,1.546808000e+02,1.693344000e+02,1.693344000e+02
2.693000000e-01,1.533260000e+02,1.678621000e+02,1.678621000e+02
2.702000000e-01,1.519844000e+02,1.664039000e+02,1.664039000e+02
2.711000000e-01,1.506552000e+02,1.649589000e+02,1.649589000e+02
2.720000000e-01,1.493406000e+02,1.635296000e+02,1.635296000e+02
2.729000000e-01,1.480383000e+02,1.621134000e+02,1.621134000e+02
2.738000000e-01,1.467482000e+02,1.607103000e+02,1.607103000e+02
2.747000000e-01,1.454722000e+02,1.593222000e+02,1.593222000e+02
2.756000000e-01,1.442079000e+02,1.579467000e+02,1.579467000e+02
2.765000000e-01,1.429558000e+02,1.565840000e+02,1.565840000e+02
2.774000000e-01,1.417170000e+02,1.552357000e+02,1.552357000e+02
2.783000000e-01,1.404897000e+02,1.538996000e+02,1.538996000e+02
2.792000000e-01,1.392742000e+02,1.525760000e+02,1.525760000e+02
2.801000000e-01,1.380716000e+02,1.512663000e+02,1.512663000e+02
2.810000000e-01,1.368801000e+02,1.499683000e+02,1.499683000e+02
2.819000000e-01,1.356999000e+02,1.486824000e+02,1.486824000e+02
2.828000000e-01,1.345323000e+02,1.474099000e+02,1.474099000e+02
2.837000000e-01,1.333755000e+02,1.461489000e+02,1.461489000e+02
2.846000000e-01,1.322294000e+02,1.448993000e+02,1.448993000e+02
2.855000000e-01,1.310958000e+02,1.436630000e+02,1.436630000e+02
2.864000000e-01,1.299726000e+02,1.424378000e+02,1.424378000e+02
2.873000000e-01,1.288598000e+02,1.412236000e+02,1.412236000e+02
2.882000000e-01,1.277588000e+02,1.400220000e+02,1.400220000e+02
2.891000000e-01,1.266682000e+02,1.388315000e+02,1.388315000e+02
2.900000000e-01,1.255875000e+02,1.376515000e+02,1.376515000e+02
2.909000000e-01,1.245180000e+02,1.364834000e+02,1.364834000e+02
2.918000000e-01,1.234589000e+02,1.353265000e+02,1.353265000e+02
2.927000000e-01,1.224094000e+02,1.341798000e+02,1.341798000e+02
2.936000000e-01,1.213702000e+02,1.330440000e+02,1.330440000e+02
2.945000000e-01,1.203417000e+02,1.319195000e+02,1.319195000e+02
2.954000000e-01,1.193225000e+02,1.308051000e+02,1.308051000e+02
2.963000000e-01,1.183126000e+02,1.297005000e+02,1.297005000e+02
2.972000000e-01,1.173135000e+02,1.286075000e+02,1.286075000e+02
2.981000000e-01,1.163236000e+02,1.275242000e+02,1.275242000e+02
2.990000000e-01,1.153426000e+02,1.264505000e+02,1.264505000e+02
2.999000000e-01,1.143714000e+02,1.253873000e+02,1.253873000e+02
3.009000000e-01,1.134098000e+02,1.243342000e+02,1.243342000e+02
3.018000000e-01,1.124569000e+02,1.232905000e+02,1.232905000e+02
3.027000000e-01,1.115126000e+02,1.222560000e+02,1.222560000e+02
3.036000000e-01,1.105783000e+02,1.212322000e+02,1.212322000e+02
3.045000000e-01,1.096525000e+02,1.202175000e+02,1.202175000e+02
3.054000000e-01,1.087351000e+02,1.192117000e+02,1.192117000e+02
3.063000000e-01,1.078264000e+02,1.182154000e+02,1.182154000e+02
3.072000000e-01,1.069268000e+02,1.172288000e+02,1.172288000e+02
3.081000000e-01,1.060353000e+02,1.162508000e+02,1.162508000e+02
3.090000000e-01,1.051518000e+02,1.152815000e+02,1.152815000e+02
3.099000000e-01,1.042771000e+02,1.143216000e+02,1.143216000e+02
3.108000000e-01,1.034107000e+02,1.133706000e+02,1.133706000e+02
3.117000000e-01,1.025520000e+02,1.124280000e+02,1.124280000e+02
3.126000000e-01,1.017010000e+02,1.114936000e+02,1.114936000e+02
3.135000000e-01,1.008586000e+02,1.105686000e+02,1.105686000e+02
3.144000000e-01,1.000239000e+02,1.096519000e+02,1.096519000e+02
3.153000000e-01,9.919656000e+01,1.087432000e+02,1.087432000e+02
3.162000000e-01,9.837658000e+01,1.078424000e+02,1.078424000e+02
3.171000000e-01,9.756492000e+01,1.069506000e+02,1.069506000e+02
3.180000000e-01,9.676053000e+01,1.060668000e+02,1.060668000e+02
3.189000000e-01,9.596322000e+01,1.051906000e+02,1.051906000e+02
3.198000000e-01,9.517291000e+01,1.043221000e+02,1.043221000e+02
3.207000000e-01,9.439050000e+01,1.034622000e+02,1.034622000e+02
3.216000000e-01,9.361508000e+01,1.026099000e+02,1.026099000e+02
3.225000000e-01,9.284641000e+01,1.017651000e+02,1.017651000e+02
3.234000000e-01,9.208443000e+01,1.009275000e+02,1.009275000e+02
3.243000000e-01,9.132982000e+01,1.000981000e+02,1.000981000e+02
3.252000000e-01,9.058204000e+01,9.927613000e+01,9.927613000e+01
3.261000000e-01,8.984071000e+01,9.846129000e+01,9.846129000e+01
3.270000000e-01,8.910577000e+01,9.765350000e+01,9.765350000e+01
3.279000000e-01,8.837757000e+01,9.685317000e+01,9.685317000e+01
3.288000000e-01,8.765616000e+01,9.606035000e+01,9.606035000e+01
3.297000000e-01,8.694091000e+01,9.527437000e+01,9.527437000e+01
3.306000000e-01,8.623174000e+01,9.449517000e+01,9.449517000e+01
3.315000000e-01,8.552862000e+01,9.372269000e+01,9.372269000e+01
3.324000000e-01,8.483235000e+01,9.295787000e+01,9.295787000e+01
3.333000000e-01,8.414199000e+01,9.219962000e+01,9.219962000e+01
3.342000000e-01,8.345747000e+01,9.144788000e+01,9.144788000e+01
3.351000000e-01,8.277876000e+01,9.070260000e+01,9.070260000e+01
3.360000000e-01,8.210619000e+01,8.996414000e+01,8.996414000e+01
3.369000000e-01,8.143979000e+01,8.923253000e+01,8.923253000e+01
3.378000000e-01,8.077904000e+01,8.850719000e+01,8.850719000e+01
3.387000000e-01,8.012390000e+01,8.778805000e+01,8.778805000e+01
3.396000000e-01,7.947432000e+01,8.707507000e+01,8.707507000e+01
3.405000000e-01,7.883082000e+01,8.636881000e+01,8.636881000e+01
3.414000000e-01,7.819300000e+01,8.566883000e+01,8.566883000e+01
3.423000000e-01,7.756060000e+01,8.497482000e+01,8.497482000e+01
3.432000000e-01,7.693356000e+01,8.428674000e+01,8.428674000e+01
3.441000000e-01,7.631185000e+01,8.360451000e+01,8.360451000e+01
3.450000000e-01,7.569600000e+01,8.292874000e+01,8.292874000e+01
3.459000000e-01,7.508553000e+01,8.225889000e+01,8.225889000e+01
3.468000000e-01,7.448024000e+01,8.159474000e+01,8.159474000e+01
3.477000000e-01,7.388008000e+01,8.093622000e+01,8.093622000e+01
3.486000000e-01,7.328501000e+01,8.028329000e+01,8.028329000e+01
3.495000000e-01,7.269546000e+01,7.963642000e+01,7.963642000e+01
3.504000000e-01,7.211114000e+01,7.899526000e+01,7.899526000e+01
3.513000000e-01,7.153176000e+01,7.835954000e+01,7.835954000e+01
3.522000000e-01,7.095730000e+01,7.772919000e+01,7.772919000e+01
3.531000000e-01,7.038771000e+01,7.710418000e+01,7.710418000e+01
3.540000000e-01,6.982317000e+01,7.648468000e+01,7.648468000e+01
3.549000000e-01,6.926383000e+01,7.587088000e+01,7.587088000e+01
3.558000000e-01,6.870922000e+01,7.526224000e+01,7.526224000e+01
3.567000000e-01,6.815931000e+01,7.465874000e+01,7.465874000e+01
3.576000000e-01,6.761406000e+01,7.406032000e+01,7.406032000e+01
3.585000000e-01,6.707343000e+01,7.346693000e+01,7.346693000e+01
3.594000000e-01,6.653782000e+01,7.287904000e+01,7.287904000e+01
3.603000000e-01,6.600688000e+01,7.229622000e+01,7.229622000e+01
3.612000000e-01,6.548042000e+01,7.171830000e+01,7.171830000e+01
3.621000000e-01,6.495841000e+01,7.114522000e+01,7.114522000e+01
3.630000000e-01,6.444081000e+01,7.057695000e+01,7.057695000e+01
3.639000000e-01,6.392759000e+01,7.001345000e+01,7.001345000e+01
3.648000000e-01,6.341919000e+01,6.945520000e+01,6.945520000e+01
3.657000000e-01,6.291512000e+01,6.890166000e+01,6.890166000e+01
3.666000000e-01,6.241530000e+01,6.835275000e+01,6.835275000e+01
3.675000000e-01,6.191970000e+01,6.780842000e+01,6.780842000e+01
3.684000000e-01,6.142826000e+01,6.726864000e+01,6.726864000e+01
3.693000000e-01,6.094097000e+01,6.673336000e+01,6.673336000e+01
3.702000000e-01,6.045814000e+01,6.620294000e+01,6.620294000e+01
3.711000000e-01,5.997949000e+01,6.567707000e+01,6.567707000e+01
3.720000000e-01,5.950485000e+01,6.515557000e+01,6.515557000e+01
3.729000000e-01,5.903420000e+01,6.463841000e+01,6.463841000e+01
3.738000000e-01,5.856750000e+01,6.412554000e+01,6.412554000e+01
3.747000000e-01,5.810471000e+01,6.361693000e+01,6.361693000e+01
3.756000000e-01,5.764590000e+01,6.311266000e+01,6.311266000e+01
3.765000000e-01,5.719126000e+01,6.261293000e+01,6.261293000e+01
3.774000000e-01,5.674043000e+01,6.211734000e+01,6.211734000e+01
3.783000000e-01,5.629335000e+01,6.162585000e+01,6.162585000e+01
3.792000000e-01,5.585001000e+01,6.113843000e+01,6.113843000e+01
3.801000000e-01,5.541036000e+01,6.065504000e+01,6.065504000e+01
3.810000000e-01,5.497437000e+01,6.017564000e+01,6.017564000e+01
3.819000000e-01,5.454212000e+01,5.970033000e+01,5.970033000e+01
3.828000000e-01,5.411374000e+01,5.922923000e+01,5.922923000e+01
3.837000000e-01,5.368892000e+01,5.876202000e+01,5.876202000e+01
3.846000000e-01,5.326761000e+01,5.829865000e+01,5.829865000e+01
3.855000000e-01,5.284979000e+01,5.783910000e+01,5.783910000e+01
3.864000000e-01,5.243543000e+01,5.738333000e+01,5.738333000e+01
3.873000000e-01,5.202449000e+01,5.693130000e+01,5.693130000e+01
3.882000000e-01,5.161693000e+01,5.648299000e+01,5.648299000e+01
3.891000000e-01,5.121303000e+01,5.603868000e+01,5.603868000e+01
3.900000000e-01,5.081250000e+01,5.559807000e+01,5.559807000e+01
3.909000000e-01,5.041525000e+01,5.516106000e+01,5.516106000e+01
3.918000000e-01,5.002126000e+01,5.472764000e+01,5.472764000e+01
3.927000000e-01,4.963050000e+01,5.429776000e+01,5.429776000e+01
3.936000000e-01,4.924293000e+01,5.387139000e+01,5.387139000e+01
3.945000000e-01,4.885852000e+01,5.344852000e+01,5.344852000e+01
3.954000000e-01,4.847724000e+01,5.302910000e+01,5.302910000e+01
3.963000000e-01,4.809930000e+01,5.261336000e+01,5.261336000e+01
3.972000000e-01,4.772449000e+01,5.220108000e+01,5.220108000e+01
3.981000000e-01,4.735271000e+01,5.179215000e+01,5.179215000e+01
3.990000000e-01,4.698393000e+01,5.138656000e+01,5.138656000e+01
3.999000000e-01,4.661813000e+01,5.098426000e+01,5.098426000e+01
4.008000000e-01,4.625528000e+01,5.058524000e+01,5.058524000e+01
4.017000000e-01,4.589534000e+01,5.018946000e+01,5.018946000e+01
4.026000000e-01,4.553829000e+01,4.979690000e+01,4.979690000e+01
4.035000000e-01,4.518410000e+01,4.940752000e+01,4.940752000e+01
4.044000000e-01,4.483299000e+01,4.902158000e+01,4.902158000e+01
4.053000000e-01,4.448467000e+01,4.863877000e+01,4.863877000e+01
4.062000000e-01,4.413911000e+01,4.825906000e+01,4.825906000e+01
4.071000000e-01,4.379630000e+01,4.788242000e+01,4.788242000e+01
4.080000000e-01,4.345619000e+01,4.750883000e+01,4.750883000e+01
4.089000000e-01,4.311877000e+01,4.713825000e+01,4.713825000e+01
4.098000000e-01,4.278400000e+01,4.677067000e+01,4.677067000e+01
4.107000000e-01,4.245187000e+01,4.640606000e+01,4.640606000e+01
4.116000000e-01,4.212236000e+01,4.604439000e+01,4.604439000e+01
4.125000000e-01,4.179548000e+01,4.568569000e+01,4.568569000e+01
4.134000000e-01,4.147135000e+01,4.533005000e+01,4.533005000e+01
4.143000000e-01,4.114977000e+01,4.497729000e+01,4.497729000e+01
4.152000000e-01,4.083072000e+01,4.462735000e+01,4.462735000e+01
4.161000000e-01,4.051419000e+01,4.428024000e+01,4.428024000e+01
4.170000000e-01,4.020015000e+01,4.393591000e+01,4.393591000e+01
4.179000000e-01,3.988859000e+01,4.359434000e+01,4.359434000e+01
4.188000000e-01,3.957949000e+01,4.325552000e+01,4.325552000e+01
4.197000000e-01,3.927284000e+01,4.291941000e+01,4.291941000e+01
4.206000000e-01,3.896860000e+01,4.258600000e+01,4.258600000e+01
4.215000000e-01,3.866677000e+01,4.225526000e+01,4.225526000e+01
4.224000000e-01,3.836732000e+01,4.192717000e+01,4.192717000e+01
4.233000000e-01,3.807041000e+01,4.160189000e+01,4.160189000e+01
4.242000000e-01,3.777584000e+01,4.127920000e+01,4.127920000e+01
4.251000000e-01,3.748360000e+01,4.095910000e+01,4.095910000e+01
4.260000000e-01,3.719367000e+01,4.064155000e+01,4.064155000e+01
4.269000000e-01,3.690603000e+01,4.032653000e+01,4.032653000e+01
4.278000000e-01,3.662066000e+01,4.001402000e+01,4.001402000e+01
4.287000000e-01,3.633755000e+01,3.970400000e+01,3.970400000e+01
4.296000000e-01,3.605668000e+01,3.939645000e+01,3.939645000e+01
4.305000000e-01,3.577803000e+01,3.909135000e+01,3.909135000e+01
4.314000000e-01,3.550158000e+01,3.878868000e+01,3.878868000e+01
4.323000000e-01,3.522733000e+01,3.848841000e+01,3.848841000e+01
4.332000000e-01,3.495524000e+01,3.819053000e+01,3.819053000e+01
4.341000000e-01,3.468531000e+01,3.789502000e+01,3.789502000e+01
4.350000000e-01,3.441760000e+01,3.760196000e+01,3.760196000e+01
4.359000000e-01,3.415205000e+01,3.731125000e+01,3.731125000e+01
4.368000000e-01,3.388860000e+01,3.702285000e+01,3.702285000e+01
4.377000000e-01,3.362723000e+01,3.673672000e+01,3.673672000e+01
4.386000000e-01,3.336792000e+01,3.645287000e+01,3.645287000e+01
4.395000000e-01,3.311067000e+01,3.617125000e+01,3.617125000e+01
4.404000000e-01,3.285545000e+01,3.589187000e+01,3.589187000e+01
4.413000000e-01,3.260225000e+01,3.561469000e+01,3.561469000e+01
4.422000000e-01,3.235105000e+01,3.533969000e+01,3.533969000e+01
4.431000000e-01,3.210183000e+01,3.506687000e+01,3.506687000e+01
4.440000000e-01,3.185459000e+01,3.479620000e+01,3.479620000e+01
4.449000000e-01,3.160930000e+01,3.452767000e+01,3.452767000e+01
4.458000000e-01,3.136595000e+01,3.426125000e+01,3.426125000e+01
4.467000000e-01,3.112452000e+01,3.399693000e+01,3.399693000e+01
4.476000000e-01,3.088500000e+01,3.373468000e+01,3.373468000e+01
4.485000000e-01,3.064737000e+01,3.347451000e+01,3.347451000e+01
4.494000000e-01,3.041162000e+01,3.321637000e+01,3.321637000e+01
4.503000000e-01,3.017779000e+01,3.296033000e+01,3.296033000e+01
4.512000000e-01,2.994583000e+01,3.270633000e+01,3.270633000e+01
4.521000000e-01,2.971569000e+01,3.245432000e+01,3.245432000e+01
4.530000000e-01,2.948737000e+01,3.220428000e+01,3.220428000e+01
4.539000000e-01,2.926084000e+01,3.195620000e+01,3.195620000e+01
4.548000000e-01,2.903610000e+01,3.171006000e+01,3.171006000e+01
4.557000000e-01,2.881313000e+01,3.146585000e+01,3.146585000e+01
4.566000000e-01,2.859191000e+01,3.122355000e+01,3.122355000e+01
4.575000000e-01,2.837243000e+01,3.098314000e+01,3.098314000e+01
4.584000000e-01,2.815467000e+01,3.074461000e+01,3.074461000e+01
4.593000000e-01,2.793863000e+01,3.050795000e+01,3.050795000e+01
4.602000000e-01,2.772428000e+01,3.027313000e+01,3.027313000e+01
4.611000000e-01,2.751161000e+01,3.004014000e+01,3.004014000e+01
4.620000000e-01,2.730062000e+01,2.980897000e+01,2.980897000e+01
4.629000000e-01,2.709127000e+01,2.957961000e+01,2.957961000e+01
4.638000000e-01,2.688356000e+01,2.935202000e+01,2.935202000e+01
4.647000000e-01,2.667748000e+01,2.912622000e+01,2.912622000e+01
4.656000000e-01,2.647302000e+01,2.890216000e+01,2.890216000e+01
4.665000000e-01,2.627014000e+01,2.867985000e+01,2.867985000e+01
4.674000000e-01,2.606886000e+01,2.845927000e+01,2.845927000e+01
4.683000000e-01,2.586914000e+01,2.824041000e+01,2.824041000e+01
4.692000000e-01,2.567098000e+01,2.802324000e+01,2.802324000e+01
4.701000000e-01,2.547437000e+01,2.780776000e+01,2.780776000e+01
4.710000000e-01,2.527928000e+01,2.759395000e+01,2.759395000e+01
4.719000000e-01,2.508571000e+01,2.738180000e+01,2.738180000e+01
4.728000000e-01,2.489365000e+01,2.717129000e+01,2.717129000e+01
4.737000000e-01,2.470307000e+01,2.696242000e+01,2.696242000e+01
4.746000000e-01,2.451397000e+01,2.675516000e+01,2.675516000e+01
4.755000000e-01,2.432634000e+01,2.654951000e+01,2.654951000e+01
4.764000000e-01,2.414019000e+01,2.634548000e+01,2.634548000e+01
4.773000000e-01,2.395547000e+01,2.614302000e+01,2.614302000e+01
4.782000000e-01,2.377217000e+01,2.594213000e+01,2.594213000e+01
4.791000000e-01,2.359029000e+01,2.574279000e+01,2.574279000e+01
4.800000000e-01,2.340980000e+01,2.554498000e+01,2.554498000e+01
4.809000000e-01,2.323070000e+01,2.534870000e+01,2.534870000e+01
4.818000000e-01,2.305297000e+01,2.515393000e+01,2.515393000e+01
4.827000000e-01,2.287660000e+01,2.496067000e+01,2.496067000e+01
4.836000000e-01,2.270158000e+01,2.476889000e+01,2.476889000e+01
4.845000000e-01,2.252790000e+01,2.457858000e+01,2.457858000e+01
4.854000000e-01,2.235554000e+01,2.438974000e+01,2.438974000e+01
4.863000000e-01,2.218449000e+01,2.420236000e+01,2.420236000e+01
4.872000000e-01,2.201474000e+01,2.401641000e+01,2.401641000e+01
4.881000000e-01,2.184628000e+01,2.383189000e+01,2.383189000e+01
4.890000000e-01,2.167909000e+01,2.364879000e+01,2.364879000e+01
4.899000000e-01,2.151317000e+01,2.346709000e+01,2.346709000e+01
4.908000000e-01,2.134849000e+01,2.328679000e+01,2.328679000e+01
4.917000000e-01,2.118506000e+01,2.310787000e+01,2.310787000e+01
4.926000000e-01,2.102286000e+01,2.293032000e+01,2.293032000e+01
4.935000000e-01,2.086187000e+01,2.275413000e+01,2.275413000e+01
4.944000000e-01,2.070208000e+01,2.257929000e+01,2.257929000e+01
4.953000000e-01,2.054350000e+01,2.240578000e+01,2.240578000e+01
4.962000000e-01,2.038609000e+01,2.223361000e+01,2.223361000e+01
4.971000000e-01,2.022986000e+01,2.206275000e+01,2.206275000e+01
4.980000000e-01,2.007480000e+01,2.189320000e+01,2.189320000e+01
4.989000000e-01,1.992090000e+01,2.172494000e+01,2.172494000e+01
4.998000000e-01,1.976815000e+01,2.155797000e+01,2.155797000e+01
5.008000000e-01,1.961654000e+01,2.139227000e+01,2.139227000e+01
5.017000000e-01,1.946607000e+01,2.122784000e+01,2.122784000e+01
5.026000000e-01,1.931673000e+01,2.106466000e+01,2.106466000e+01
5.035000000e-01,1.916850000e+01,2.090272000e+01,2.090272000e+01
5.044000000e-01,1.902139000e+01,2.074202000e+01,2.074202000e+01
5.053000000e-01,1.887538000e+01,2.058254000e+01,2.058254000e+01
5.062000000e-01,1.873047000e+01,2.042428000e+01,2.042428000e+01
5.071000000e-01,1.858665000e+01,2.026722000e+01,2.026722000e+01
5.080000000e-01,1.844391000e+01,2.011136000e+01,2.011136000e+01
5.089000000e-01,1.830224000e+01,1.995668000e+01,1.995668000e+01
5.098000000e-01,1.816163000e+01,1.980318000e+01,1.980318000e+01
5.107000000e-01,1.802208000e+01,1.965084000e+01,1.965084000e+01
5.116000000e-01,1.788359000e+01,1.949966000e+01,1.949966000e+01
5.125000000e-01,1.774613000e+01,1.934963000e+01,1.934963000e+01
5.134000000e-01,1.760971000e+01,1.920074000e+01,1.920074000e+01
5.143000000e-01,1.747432000e+01,1.905297000e+01,1.905297000e+01
5.152000000e-01,1.733995000e+01,1.890633000e+01,1.890633000e+01
5.161000000e-01,1.720660000e+01,1.876080000e+01,1.876080000e+01
5.170000000e-01,1.707427000e+01,1.861640000e+01,1.861640000e+01
5.179000000e-01,1.694294000e+01,1.847309000e+01,1.847309000e+01
5.188000000e-01,1.681260000e+01,1.833086000e+01,1.833086000e+01
5.197000000e-01,1.668324000e+01,1.818971000e+01,1.818971000e+01
5.206000000e-01,1.655487000e+01,1.804963000e+01,1.804963000e+01
5.215000000e-01,1.642746000e+01,1.791061000e+01,1.791061000e+01
5.224000000e-01,1.630101000e+01,1.777265000e+01,1.777265000e+01
5.233000000e-01,1.617552000e+01,1.763572000e+01,1.763572000e+01
5.242000000e-01,1.605098000e+01,1.749983000e+01,1.749983000e+01
5.251000000e-01,1.592739000e+01,1.736497000e+01,1.736497000e+01
5.260000000e-01,1.580472000e+01,1.723112000e+01,1.723112000e+01
5.269000000e-01,1.568299000e+01,1.709829000e+01,1.709829000e+01
5.278000000e-01,1.556218000e+01,1.696646000e+01,1.696646000e+01
5.287000000e-01,1.544228000e+01,1.683562000e+01,1.683562000e+01
5.296000000e-01,1.532329000e+01,1.670577000e+01,1.670577000e+01
5.305000000e-01,1.520519000e+01,1.657690000e+01,1.657690000e+01
5.314000000e-01,1.508800000e+01,1.644900000e+01,1.644900000e+01
5.323000000e-01,1.497169000e+01,1.632207000e+01,1.632207000e+01
5.332000000e-01,1.485626000e+01,1.619609000e+01,1.619609000e+01
5.341000000e-01,1.474171000e+01,1.607106000e+01,1.607106000e+01
5.350000000e-01,1.462802000e+01,1.594696000e+01,1.594696000e+01
5.359000000e-01,1.451519000e+01,1.582381000e+01,1.582381000e+01
5.368000000e-01,1.440322000e+01,1.570158000e+01,1.570158000e+01
5.377000000e-01,1.429210000e+01,1.558026000e+01,1.558026000e+01
5.386000000e-01,1.418181000e+01,1.545986000e+01,1.545986000e+01
5.395000000e-01,1.407237000e+01,1.534037000e+01,1.534037000e+01
5.404000000e-01,1.396375000e+01,1.522177000e+01,1.522177000e+01
5.413000000e-01,1.385595000e+01,1.510406000e+01,1.510406000e+01
5.422000000e-01,1.374897000e+01,1.498724000e+01,1.498724000e+01
5.431000000e-01,1.364280000e+01,1.487129000e+01,1.487129000e+01
5.440000000e-01,1.353746000e+01,1.475624000e+01,1.475624000e+01
5.449000000e-01,1.343293000e+01,1.464207000e+01,1.464207000e+01
5.458000000e-01,1.332919000e+01,1.452875000e+01,1.452875000e+01
5.467000000e-01,1.322623000e+01,1.441629000e+01,1.441629000e+01
5.476000000e-01,1.312406000e+01,1.430466000e+01,1.430466000e+01
5.485000000e-01,1.302265000e+01,1.419388000e+01,1.419388000e+01
5.494000000e-01,1.292202000e+01,1.408392000e+01,1.408392000e+01
5.503000000e-01,1.282214000e+01,1.397479000e+01,1.397479000e+01
5.512000000e-01,1.272302000e+01,1.386647000e+01,1.386647000e+01
5.521000000e-01,1.262465000e+01,1.375896000e+01,1.375896000e+01
5.530000000e-01,1.252702000e+01,1.365226000e+01,1.365226000e+01
5.539000000e-01,1.243012000e+01,1.354636000e+01,1.354636000e+01
5.548000000e-01,1.233396000e+01,1.344125000e+01,1.344125000e+01
5.557000000e-01,1.223852000e+01,1.333692000e+01,1.333692000e+01
5.566000000e-01,1.214381000e+01,1.323337000e+01,1.323337000e+01
5.575000000e-01,1.204980000e+01,1.313060000e+01,1.313060000e+01
5.584000000e-01,1.195650000e+01,1.302860000e+01,1.302860000e+01
5.593000000e-01,1.186391000e+01,1.292735000e+01,1.292735000e+01
5.602000000e-01,1.177201000e+01,1.282686000e+01,1.282686000e+01
5.611000000e-01,1.168083000e+01,1.272716000e+01,1.272716000e+01
5.620000000e-01,1.159036000e+01,1.262822000e+01,1.262822000e+01
5.629000000e-01,1.150056000e+01,1.253001000e+01,1.253001000e+01
5.638000000e-01,1.141144000e+01,1.243254000e+01,1.243254000e+01
5.647000000e-01,1.132298000e+01,1.233580000e+01,1.233580000e+01
5.656000000e-01,1.123519000e+01,1.223977000e+01,1.223977000e+01
5.665000000e-01,1.114806000e+01,1.214447000e+01,1.214447000e+01
5.674000000e-01,1.106157000e+01,1.204987000e+01,1.204987000e+01
5.683000000e-01,1.097574000e+01,1.195598000e+01,1.195598000e+01
5.692000000e-01,1.089054000e+01,1.186278000e+01,1.186278000e+01
5.701000000e-01,1.080598000e+01,1.177028000e+01,1.177028000e+01
5.710000000e-01,1.072205000e+01,1.167847000e+01,1.167847000e+01
5.719000000e-01,1.063874000e+01,1.158735000e+01,1.158735000e+01
5.728000000e-01,1.055606000e+01,1.149690000e+01,1.149690000e+01
5.737000000e-01,1.047398000e+01,1.140712000e+01,1.140712000e+01
5.746000000e-01,1.039254000e+01,1.131803000e+01,1.131803000e+01
5.755000000e-01,1.031173000e+01,1.122964000e+01,1.122964000e+01
5.764000000e-01,1.023152000e+01,1.114191000e+01,1.114191000e+01
5.773000000e-01,1.015191000e+01,1.105483000e+01,1.105483000e+01
5.782000000e-01,1.007288000e+01,1.096840000e+01,1.096840000e+01
5.791000000e-01,9.994432000e+00,1.088261000e+01,1.088261000e+01
5.800000000e-01,9.916565000e+00,1.079745000e+01,1.079745000e+01
5.809000000e-01,9.839270000e+00,1.071293000e+01,1.071293000e+01
5.818000000e-01,9.762543000e+00,1.062904000e+01,1.062904000e+01
5.827000000e-01,9.686379000e+00,1.054577000e+01,1.054577000e+01
5.836000000e-01,9.610773000e+00,1.046312000e+01,1.046312000e+01
5.845000000e-01,9.535720000e+00,1.038108000e+01,1.038108000e+01
5.854000000e-01,9.461216000e+00,1.029966000e+01,1.029966000e+01
5.863000000e-01,9.387266000e+00,1.021884000e+01,1.021884000e+01
5.872000000e-01,9.313895000e+00,1.013868000e+01,1.013868000e+01
5.881000000e-01,9.241056000e+00,1.005911000e+01,1.005911000e+01
5.890000000e-01,9.168746000e+00,9.980124000e+00,9.980124000e+00
5.899000000e-01,9.096960000e+00,9.901729000e+00,9.901729000e+00
5.908000000e-01,9.025695000e+00,9.823915000e+00,9.823915000e+00
5.917000000e-01,8.954947000e+00,9.746678000e+00,9.746678000e+00
5.926000000e-01,8.884714000e+00,9.670014000e+00,9.670014000e+00
5.935000000e-01,8.814990000e+00,9.593918000e+00,9.593918000e+00
5.944000000e-01,8.745774000e+00,9.518386000e+00,9.518386000e+00
5.953000000e-01,8.677061000e+00,9.443414000e+00,9.443414000e+00
5.962000000e-01,8.608849000e+00,9.368998000e+00,9.368998000e+00
5.971000000e-01,8.541157000e+00,9.295159000e+00,9.295159000e+00
5.980000000e-01,8.473989000e+00,9.221900000e+00,9.221900000e+00
5.989000000e-01,8.407312000e+00,9.149184000e+00,9.149184000e+00
5.998000000e-01,8.341122000e+00,9.077007000e+00,9.077007000e+00
6.007000000e-01,8.275415000e+00,9.005364000e+00,9.005364000e+00
6.016000000e-01,8.210189000e+00,8.934252000e+00,8.934252000e+00
6.025000000e-01,8.145441000e+00,8.863666000e+00,8.863666000e+00
6.034000000e-01,8.081166000e+00,8.793603000e+00,8.793603000e+00
6.043000000e-01,8.017363000e+00,8.724059000e+00,8.724059000e+00
6.052000000e-01,7.954027000e+00,8.655030000e+00,8.655030000e+00
6.061000000e-01,7.891156000e+00,8.586511000e+00,8.586511000e+00
6.070000000e-01,7.828781000e+00,8.518537000e+00,8.518537000e+00
6.079000000e-01,7.766885000e+00,8.451089000e+00,8.451089000e+00
6.088000000e-01,7.705443000e+00,8.384139000e+00,8.384139000e+00
6.097000000e-01,7.644454000e+00,8.317686000e+00,8.317686000e+00
6.106000000e-01,7.583913000e+00,8.251723000e+00,8.251723000e+00
6.115000000e-01,7.523819000e+00,8.186249000e+00,8.186249000e+00
6.124000000e-01,7.464167000e+00,8.121259000e+00,8.121259000e+00
6.133000000e-01,7.404955000e+00,8.056750000e+00,8.056750000e+00
6.142000000e-01,7.346179000e+00,7.992718000e+00,7.992718000e+00
6.151000000e-01,7.287837000e+00,7.929160000e+00,7.929160000e+00
6.160000000e-01,7.229958000e+00,7.866107000e+00,7.866107000e+00
6.169000000e-01,7.172530000e+00,7.803545000e+00,7.803545000e+00
6.178000000e-01,7.115527000e+00,7.741446000e+00,7.741446000e+00
6.187000000e-01,7.058945000e+00,7.679806000e+00,7.679806000e+00
6.196000000e-01,7.002781000e+00,7.618622000e+00,7.618622000e+00
6.205000000e-01,6.947034000e+00,7.557890000e+00,7.557890000e+00
6.214000000e-01,6.891699000e+00,7.497608000e+00,7.497608000e+00
6.223000000e-01,6.836774000e+00,7.437771000e+00,7.437771000e+00
6.232000000e-01,6.782256000e+00,7.378376000e+00,7.378376000e+00
6.241000000e-01,6.728150000e+00,7.319428000e+00,7.319428000e+00
6.250000000e-01,6.674494000e+00,7.260969000e+00,7.260969000e+00
6.259000000e-01,6.621236000e+00,7.202942000e+00,7.202942000e+00
6.268000000e-01,6.568373000e+00,7.145344000e+00,7.145344000e+00
6.277000000e-01,6.515903000e+00,7.088171000e+00,7.088171000e+00
6.286000000e-01,6.463822000e+00,7.031421000e+00,7.031421000e+00
6.295000000e-01,6.412129000e+00,6.975090000e+00,6.975090000e+00
6.304000000e-01,6.360820000e+00,6.919176000e+00,6.919176000e+00
6.313000000e-01,6.309893000e+00,6.863675000e+00,6.863675000e+00
6.322000000e-01,6.259355000e+00,6.808596000e+00,6.808596000e+00
6.331000000e-01,6.209238000e+00,6.753972000e+00,6.753972000e+00
6.340000000e-01,6.159494000e+00,6.699753000e+00,6.699753000e+00
6.349000000e-01,6.110121000e+00,6.645934000e+00,6.645934000e+00
6.358000000e-01,6.061115000e+00,6.592513000e+00,6.592513000e+00
6.367000000e-01,6.012474000e+00,6.539486000e+00,6.539486000e+00
6.376000000e-01,5.964195000e+00,6.486852000e+00,6.486852000e+00
6.385000000e-01,5.916277000e+00,6.434606000e+00,6.434606000e+00
6.394000000e-01,5.868715000e+00,6.382747000e+00,6.382747000e+00
6.403000000e-01,5.821545000e+00,6.331311000e+00,6.331311000e+00
6.412000000e-01,5.774745000e+00,6.280275000e+00,6.280275000e+00
6.421000000e-01,5.728294000e+00,6.229616000e+00,6.229616000e+00
6.430000000e-01,5.682189000e+00,6.179332000e+00,6.179332000e+00
6.439000000e-01,5.636428000e+00,6.129420000e+00,6.129420000e+00
6.448000000e-01,5.591008000e+00,6.079876000e+00,6.079876000e+00
6.457000000e-01,5.545927000e+00,6.030698000e+00,6.030698000e+00
6.466000000e-01,5.501182000e+00,5.981885000e+00,5.981885000e+00
6.475000000e-01,5.456799000e+00,5.933462000e+00,5.933462000e+00
6.484000000e-01,5.412774000e+00,5.885426000e+00,5.885426000e+00
6.493000000e-01,5.369077000e+00,5.837746000e+00,5.837746000e+00
6.502000000e-01,5.325706000e+00,5.790418000e+00,5.790418000e+00
6.511000000e-01,5.282658000e+00,5.743440000e+00,5.743440000e+00
6.520000000e-01,5.239931000e+00,5.696810000e+00,5.696810000e+00
6.529000000e-01,5.197522000e+00,5.650524000e+00,5.650524000e+00
6.538000000e-01,5.155430000e+00,5.604580000e+00,5.604580000e+00
6.547000000e-01,5.113687000e+00,5.559015000e+00,5.559015000e+00
6.556000000e-01,5.072273000e+00,5.513808000e+00,5.513808000e+00
6.565000000e-01,5.031168000e+00,5.468934000e+00,5.468934000e+00
6.574000000e-01,4.990369000e+00,5.424393000e+00,5.424393000e+00
6.583000000e-01,4.949874000e+00,5.380181000e+00,5.380181000e+00
6.592000000e-01,4.909680000e+00,5.336296000e+00,5.336296000e+00
6.601000000e-01,4.869785000e+00,5.292736000e+00,5.292736000e+00
6.610000000e-01,4.830190000e+00,5.249502000e+00,5.249502000e+00
6.619000000e-01,4.790940000e+00,5.206643000e+00,5.206643000e+00
6.628000000e-01,4.751981000e+00,5.164100000e+00,5.164100000e+00
6.637000000e-01,4.713311000e+00,5.121873000e+00,5.121873000e+00
6.646000000e-01,4.674929000e+00,5.079957000e+00,5.079957000e+00
6.655000000e-01,4.636831000e+00,5.038353000e+00,5.038353000e+00
6.664000000e-01,4.599015000e+00,4.997056000e+00,4.997056000e+00
6.673000000e-01,4.561480000e+00,4.956065000e+00,4.956065000e+00
6.682000000e-01,4.524262000e+00,4.915420000e+00,4.915420000e+00
6.691000000e-01,4.487333000e+00,4.875091000e+00,4.875091000e+00
6.700000000e-01,4.450677000e+00,4.835061000e+00,4.835061000e+00
6.709000000e-01,4.414292000e+00,4.795327000e+00,4.795327000e+00
6.718000000e-01,4.378175000e+00,4.755887000e+00,4.755887000e+00
6.727000000e-01,4.342325000e+00,4.716740000e+00,4.716740000e+00
6.736000000e-01,4.306740000e+00,4.677882000e+00,4.677882000e+00
6.745000000e-01,4.271449000e+00,4.639349000e+00,4.639349000e+00
6.754000000e-01,4.236437000e+00,4.601122000e+00,4.601122000e+00
6.763000000e-01,4.201682000e+00,4.563179000e+00,4.563179000e+00
6.772000000e-01,4.167183000e+00,4.525516000e+00,4.525516000e+00
6.781000000e-01,4.132936000e+00,4.488133000e+00,4.488133000e+00
6.790000000e-01,4.098941000e+00,4.451027000e+00,4.451027000e+00
6.799000000e-01,4.065195000e+00,4.414196000e+00,4.414196000e+00
6.808000000e-01,4.031732000e+00,4.377679000e+00,4.377679000e+00
6.817000000e-01,3.998527000e+00,4.341448000e+00,4.341448000e+00
6.826000000e-01,3.965565000e+00,4.305486000e+00,4.305486000e+00
6.835000000e-01,3.932843000e+00,4.269791000e+00,4.269791000e+00
6.844000000e-01,3.900359000e+00,4.234361000e+00,4.234361000e+00
6.853000000e-01,3.868111000e+00,4.199194000e+00,4.199194000e+00
6.862000000e-01,3.836097000e+00,4.164287000e+00,4.164287000e+00
6.871000000e-01,3.804364000e+00,4.129695000e+00,4.129695000e+00
6.880000000e-01,3.772861000e+00,4.095360000e+00,4.095360000e+00
6.889000000e-01,3.741586000e+00,4.061280000e+00,4.061280000e+00
6.898000000e-01,3.710536000e+00,4.027453000e+00,4.027453000e+00
6.907000000e-01,3.679710000e+00,3.993877000e+00,3.993877000e+00
6.916000000e-01,3.649106000e+00,3.960551000e+00,3.960551000e+00
6.925000000e-01,3.618741000e+00,3.927495000e+00,3.927495000e+00
6.934000000e-01,3.588624000e+00,3.894717000e+00,3.894717000e+00
6.943000000e-01,3.558724000e+00,3.862183000e+00,3.862183000e+00
6.952000000e-01,3.529040000e+00,3.829890000e+00,3.829890000e+00
6.961000000e-01,3.499570000e+00,3.797837000e+00,3.797837000e+00
6.970000000e-01,3.470314000e+00,3.766023000e+00,3.766023000e+00
6.979000000e-01,3.441269000e+00,3.734445000e+00,3.734445000e+00
6.988000000e-01,3.412483000e+00,3.703156000e+00,3.703156000e+00
6.997000000e-01,3.383905000e+00,3.672100000e+00,3.672100000e+00
7.007000000e-01,3.355536000e+00,3.641275000e+00,3.641275000e+00
7.016000000e-01,3.327372000e+00,3.610680000e+00,3.610680000e+00
7.025000000e-01,3.299414000e+00,3.580312000e+00,3.580312000e+00
7.034000000e-01,3.271659000e+00,3.550170000e+00,3.550170000e+00
7.043000000e-01,3.244141000e+00,3.520291000e+00,3.520291000e+00
7.052000000e-01,3.216838000e+00,3.490649000e+00,3.490649000e+00
7.061000000e-01,3.189734000e+00,3.461229000e+00,3.461229000e+00
7.070000000e-01,3.162828000e+00,3.432027000e+00,3.432027000e+00
7.079000000e-01,3.136120000e+00,3.403044000e+00,3.403044000e+00
7.088000000e-01,3.109607000e+00,3.374276000e+00,3.374276000e+00
7.097000000e-01,3.083316000e+00,3.345752000e+00,3.345752000e+00
7.106000000e-01,3.057238000e+00,3.317464000e+00,3.317464000e+00
7.115000000e-01,3.031353000e+00,3.289386000e+00,3.289386000e+00
7.124000000e-01,3.005658000e+00,3.261519000e+00,3.261519000e+00
7.133000000e-01,2.980152000e+00,3.233859000e+00,3.233859000e+00
7.142000000e-01,2.954834000e+00,3.206406000e+00,3.206406000e+00
7.151000000e-01,2.929728000e+00,3.179184000e+00,3.179184000e+00
7.160000000e-01,2.904830000e+00,3.152191000e+00,3.152191000e+00
7.169000000e-01,2.880116000e+00,3.125399000e+00,3.125399000e+00
7.178000000e-01,2.855585000e+00,3.098807000e+00,3.098807000e+00
7.187000000e-01,2.831236000e+00,3.072414000e+00,3.072414000e+00
7.196000000e-01,2.807068000e+00,3.046218000e+00,3.046218000e+00
7.205000000e-01,2.783107000e+00,3.020248000e+00,3.020248000e+00
7.214000000e-01,2.759343000e+00,2.994493000e+00,2.994493000e+00
7.223000000e-01,2.735755000e+00,2.968930000e+00,2.968930000e+00
7.232000000e-01,2.712343000e+00,2.943559000e+00,2.943559000e+00
7.241000000e-01,2.689106000e+00,2.918377000e+00,2.918377000e+00
7.250000000e-01,2.666042000e+00,2.893385000e+00,2.893385000e+00
7.259000000e-01,2.643187000e+00,2.868618000e+00,2.868618000e+00
7.268000000e-01,2.620512000e+00,2.844047000e+00,2.844047000e+00
7.277000000e-01,2.598007000e+00,2.819660000e+00,2.819660000e+00
7.286000000e-01,2.575670000e+00,2.795456000e+00,2.795456000e+00
7.295000000e-01,2.553500000e+00,2.771434000e+00,2.771434000e+00
7.304000000e-01,2.531501000e+00,2.747595000e+00,2.747595000e+00
7.313000000e-01,2.509708000e+00,2.723980000e+00,2.723980000e+00
7.322000000e-01,2.488079000e+00,2.700542000e+00,2.700542000e+00
7.331000000e-01,2.466613000e+00,2.677280000e+00,2.677280000e+00
7.340000000e-01,2.445308000e+00,2.654193000e+00,2.654193000e+00
7.349000000e-01,2.424164000e+00,2.631279000e+00,2.631279000e+00
7.358000000e-01,2.403199000e+00,2.608559000e+00,2.608559000e+00
7.367000000e-01,2.382417000e+00,2.586035000e+00,2.586035000e+00
7.376000000e-01,2.361792000e+00,2.563681000e+00,2.563681000e+00
7.385000000e-01,2.341323000e+00,2.541495000e+00,2.541495000e+00
7.394000000e-01,2.321009000e+00,2.519476000e+00,2.519476000e+00
7.403000000e-01,2.300848000e+00,2.497622000e+00,2.497622000e+00
7.412000000e-01,2.280880000e+00,2.475975000e+00,2.475975000e+00
7.421000000e-01,2.261067000e+00,2.454496000e+00,2.454496000e+00
7.430000000e-01,2.241404000e+00,2.433178000e+00,2.433178000e+00
7.439000000e-01,2.221891000e+00,2.412021000e+00,2.412021000e+00
7.448000000e-01,2.202526000e+00,2.391023000e+00,2.391023000e+00
7.457000000e-01,2.183328000e+00,2.370204000e+00,2.370204000e+00
7.466000000e-01,2.164299000e+00,2.349567000e+00,2.349567000e+00
7.475000000e-01,2.145415000e+00,2.329086000e+00,2.329086000e+00
7.484000000e-01,2.126675000e+00,2.308759000e+00,2.308759000e+00
7.493000000e-01,2.108078000e+00,2.288586000e+00,2.288586000e+00
7.502000000e-01,2.089626000e+00,2.268568000e+00,2.268568000e+00
7.511000000e-01,2.071353000e+00,2.248744000e+00,2.248744000e+00
7.520000000e-01,2.053220000e+00,2.229068000e+00,2.229068000e+00
7.529000000e-01,2.035226000e+00,2.209542000e+00,2.209542000e+00
7.538000000e-01,2.017369000e+00,2.190163000e+00,2.190163000e+00
7.547000000e-01,1.999649000e+00,2.170930000e+00,2.170930000e+00
7.556000000e-01,1.982096000e+00,2.151877000e+00,2.151877000e+00
7.565000000e-01,1.964687000e+00,2.132978000e+00,2.132978000e+00
7.574000000e-01,1.947411000e+00,2.114223000e+00,2.114223000e+00
7.583000000e-01,1.930268000e+00,2.095609000e+00,2.095609000e+00
7.592000000e-01,1.913256000e+00,2.077136000e+00,2.077136000e+00
7.601000000e-01,1.896397000e+00,2.058827000e+00,2.058827000e+00
7.610000000e-01,1.879685000e+00,2.040676000e+00,2.040676000e+00
7.619000000e-01,1.863102000e+00,2.022662000e+00,2.022662000e+00
7.628000000e-01,1.846646000e+00,2.004786000e+00,2.004786000e+00
7.637000000e-01,1.830316000e+00,1.987044000e+00,1.987044000e+00
7.646000000e-01,1.814127000e+00,1.969454000e+00,1.969454000e+00
7.655000000e-01,1.798087000e+00,1.952024000e+00,1.952024000e+00
7.664000000e-01,1.782170000e+00,1.934725000e+00,1.934725000e+00
7.673000000e-01,1.766375000e+00,1.917558000e+00,1.917558000e+00
7.682000000e-01,1.750702000e+00,1.900522000e+00,1.900522000e+00
7.691000000e-01,1.735160000e+00,1.883627000e+00,1.883627000e+00
7.700000000e-01,1.719766000e+00,1.866890000e+00,1.866890000e+00
7.709000000e-01,1.704490000e+00,1.850281000e+00,1.850281000e+00
7.718000000e-01,1.689332000e+00,1.833798000e+00,1.833798000e+00
7.727000000e-01,1.674290000e+00,1.817440000e+00,1.817440000e+00
7.736000000e-01,1.659374000e+00,1.801217000e+00,1.801217000e+00
7.745000000e-01,1.644601000e+00,1.785148000e+00,1.785148000e+00
7.754000000e-01,1.629941000e+00,1.769202000e+00,1.769202000e+00
7.763000000e-01,1.615394000e+00,1.753377000e+00,1.753377000e+00
7.772000000e-01,1.600959000e+00,1.737673000e+00,1.737673000e+00
7.781000000e-01,1.586645000e+00,1.722100000e+00,1.722100000e+00
7.790000000e-01,1.572469000e+00,1.706674000e+00,1.706674000e+00
7.799000000e-01,1.558401000e+00,1.691367000e+00,1.691367000e+00
7.808000000e-01,1.544441000e+00,1.676176000e+00,1.676176000e+00
7.817000000e-01,1.530589000e+00,1.661102000e+00,1.661102000e+00
7.826000000e-01,1.516856000e+00,1.646155000e+00,1.646155000e+00
7.835000000e-01,1.503252000e+00,1.631350000e+00,1.631350000e+00
7.844000000e-01,1.489752000e+00,1.616657000e+00,1.616657000e+00
7.853000000e-01,1.476356000e+00,1.602077000e+00,1.602077000e+00
7.862000000e-01,1.463063000e+00,1.587608000e+00,1.587608000e+00
7.871000000e-01,1.449888000e+00,1.573269000e+00,1.573269000e+00
7.880000000e-01,1.436833000e+00,1.559059000e+00,1.559059000e+00
7.889000000e-01,1.423878000e+00,1.544959000e+00,1.544959000e+00
7.898000000e-01,1.411022000e+00,1.530966000e+00,1.530966000e+00
7.907000000e-01,1.398264000e+00,1.517081000e+00,1.517081000e+00
7.916000000e-01,1.385627000e+00,1.503327000e+00,1.503327000e+00
7.925000000e-01,1.373098000e+00,1.489692000e+00,1.489692000e+00
7.934000000e-01,1.360665000e+00,1.476161000e+00,1.476161000e+00
7.943000000e-01,1.348326000e+00,1.462735000e+00,1.462735000e+00
7.952000000e-01,1.336082000e+00,1.449411000e+00,1.449411000e+00
7.961000000e-01,1.323960000e+00,1.436223000e+00,1.436223000e+00
7.970000000e-01,1.311934000e+00,1.423140000e+00,1.423140000e+00
7.979000000e-01,1.300000000e+00,1.410158000e+00,1.410158000e+00
7.988000000e-01,1.288157000e+00,1.397276000e+00,1.397276000e+00
7.997000000e-01,1.276408000e+00,1.384499000e+00,1.384499000e+00
8.006000000e-01,1.264776000e+00,1.371850000e+00,1.371850000e+00
8.015000000e-01,1.253232000e+00,1.359300000e+00,1.359300000e+00
8.024000000e-01,1.241775000e+00,1.346846000e+00,1.346846000e+00
8.033000000e-01,1.230405000e+00,1.334488000e+00,1.334488000e+00
8.042000000e-01,1.219137000e+00,1.322242000e+00,1.322242000e+00
8.051000000e-01,1.207971000e+00,1.310110000e+00,1.310110000e+00
8.060000000e-01,1.196889000e+00,1.298071000e+00,1.298071000e+00
8.069000000e-01,1.185892000e+00,1.286125000e+00,1.286125000e+00
8.078000000e-01,1.174979000e+00,1.274272000e+00,1.274272000e+00
8.087000000e-01,1.164176000e+00,1.262539000e+00,1.262539000e+00
8.096000000e-01,1.153460000e+00,1.250903000e+00,1.250903000e+00
8.105000000e-01,1.142827000e+00,1.239357000e+00,1.239357000e+00
8.114000000e-01,1.132275000e+00,1.227900000e+00,1.227900000e+00
8.123000000e-01,1.121812000e+00,1.216541000e+00,1.216541000e+00
8.132000000e-01,1.111452000e+00,1.205295000e+00,1.205295000e+00
8.141000000e-01,1.101172000e+00,1.194136000e+00,1.194136000e+00
8.150000000e-01,1.090972000e+00,1.183063000e+00,1.183063000e+00
8.159000000e-01,1.080850000e+00,1.172077000e+00,1.172077000e+00
8.168000000e-01,1.070828000e+00,1.161200000e+00,1.161200000e+00
8.177000000e-01,1.060892000e+00,1.150416000e+00,1.150416000e+00
8.186000000e-01,1.051034000e+00,1.139717000e+00,1.139717000e+00
8.195000000e-01,1.041252000e+00,1.129100000e+00,1.129100000e+00
8.204000000e-01,1.031552000e+00,1.118573000e+00,1.118573000e+00
8.213000000e-01,1.021952000e+00,1.108154000e+00,1.108154000e+00
8.222000000e-01,1.012426000e+00,1.097816000e+00,1.097816000e+00
8.231000000e-01,1.002975000e+00,1.087558000e+00,1.087558000e+00
8.240000000e-01,9.935974000e-01,1.077380000e+00,1.077380000e+00
8.249000000e-01,9.843151000e-01,1.067305000e+00,1.067305000e+00
8.258000000e-01,9.751133000e-01,1.057317000e+00,1.057317000e+00
8.267000000e-01,9.659836000e-01,1.047407000e+00,1.047407000e+00
8.276000000e-01,9.569255000e-01,1.037575000e+00,1.037575000e+00
8.285000000e-01,9.479476000e-01,1.027828000e+00,1.027828000e+00
8.294000000e-01,9.390605000e-01,1.018180000e+00,1.018180000e+00
8.303000000e-01,9.302434000e-01,1.008607000e+00,1.008607000e+00
8.312000000e-01,9.214959000e-01,9.991085000e-01,9.991085000e-01
8.321000000e-01,9.128175000e-01,9.896845000e-01,9.896845000e-01
8.330000000e-01,9.042337000e-01,9.803622000e-01,9.803622000e-01
8.339000000e-01,8.957205000e-01,9.711157000e-01,9.711157000e-01
8.348000000e-01,8.872747000e-01,9.619415000e-01,9.619415000e-01
8.357000000e-01,8.788959000e-01,9.528391000e-01,9.528391000e-01
8.366000000e-01,8.705992000e-01,9.438248000e-01,9.438248000e-01
8.375000000e-01,8.623811000e-01,9.348946000e-01,9.348946000e-01
8.384000000e-01,8.542284000e-01,9.260344000e-01,9.260344000e-01
8.393000000e-01,8.461407000e-01,9.172438000e-01,9.172438000e-01
8.402000000e-01,8.381236000e-01,9.085288000e-01,9.085288000e-01
8.411000000e-01,8.301921000e-01,8.999051000e-01,8.999051000e-01
8.420000000e-01,8.223240000e-01,8.913492000e-01,8.913492000e-01
8.429000000e-01,8.145188000e-01,8.828605000e-01,8.828605000e-01
8.438000000e-01,8.067762000e-01,8.744387000e-01,8.744387000e-01
8.447000000e-01,7.991208000e-01,8.661099000e-01,8.661099000e-01
8.456000000e-01,7.915288000e-01,8.578487000e-01,8.578487000e-01
8.465000000e-01,7.839978000e-01,8.496526000e-01,8.496526000e-01
8.474000000e-01,7.765274000e-01,8.415211000e-01,8.415211000e-01
8.483000000e-01,7.691349000e-01,8.334726000e-01,8.334726000e-01
8.492000000e-01,7.618107000e-01,8.254969000e-01,8.254969000e-01
8.501000000e-01,7.545456000e-01,8.175841000e-01,8.175841000e-01
8.510000000e-01,7.473392000e-01,8.097338000e-01,8.097338000e-01
8.519000000e-01,7.402024000e-01,8.019577000e-01,8.019577000e-01
8.528000000e-01,7.331379000e-01,7.942585000e-01,7.942585000e-01
8.537000000e-01,7.261306000e-01,7.866202000e-01,7.866202000e-01
8.546000000e-01,7.191801000e-01,7.790422000e-01,7.790422000e-01
8.555000000e-01,7.122920000e-01,7.715307000e-01,7.715307000e-01
8.564000000e-01,7.054791000e-01,7.640994000e-01,7.640994000e-01
8.573000000e-01,6.987216000e-01,7.567268000e-01,7.567268000e-01
8.582000000e-01,6.920189000e-01,7.494126000e-01,7.494126000e-01
8.591000000e-01,6.853725000e-01,7.421582000e-01,7.421582000e-01
8.600000000e-01,6.788034000e-01,7.349861000e-01,7.349861000e-01
8.609000000e-01,6.722877000e-01,7.278709000e-01,7.278709000e-01
8.618000000e-01,6.658251000e-01,7.208121000e-01,7.208121000e-01
8.627000000e-01,6.594152000e-01,7.138095000e-01,7.138095000e-01
8.636000000e-01,6.530801000e-01,7.068865000e-01,7.068865000e-01
8.645000000e-01,6.467985000e-01,7.000204000e-01,7.000204000e-01
8.654000000e-01,6.405681000e-01,6.932089000e-01,6.932089000e-01
8.663000000e-01,6.343887000e-01,6.864517000e-01,6.864517000e-01
8.672000000e-01,6.282791000e-01,6.797688000e-01,6.797688000e-01
8.681000000e-01,6.222239000e-01,6.731439000e-01,6.731439000e-01
8.690000000e-01,6.162183000e-01,6.665718000e-01,6.665718000e-01
8.699000000e-01,6.102617000e-01,6.600522000e-01,6.600522000e-01
8.708000000e-01,6.043708000e-01,6.536025000e-01,6.536025000e-01
8.717000000e-01,5.985345000e-01,6.472111000e-01,6.472111000e-01
8.726000000e-01,5.927459000e-01,6.408707000e-01,6.408707000e-01
8.735000000e-01,5.870047000e-01,6.345810000e-01,6.345810000e-01
8.744000000e-01,5.813257000e-01,6.283577000e-01,6.283577000e-01
8.753000000e-01,5.757008000e-01,6.221923000e-01,6.221923000e-01
8.762000000e-01,5.701219000e-01,6.160762000e-01,6.160762000e-01
8.771000000e-01,5.645888000e-01,6.100090000e-01,6.100090000e-01
8.780000000e-01,5.591149000e-01,6.040054000e-01,6.040054000e-01
8.789000000e-01,5.536941000e-01,5.980587000e-01,5.980587000e-01
8.798000000e-01,5.483176000e-01,5.921596000e-01,5.921596000e-01
8.807000000e-01,5.429852000e-01,5.863078000e-01,5.863078000e-01
8.816000000e-01,5.377098000e-01,5.805174000e-01,5.805174000e-01
8.825000000e-01,5.324858000e-01,5.747823000e-01,5.747823000e-01
8.834000000e-01,5.273046000e-01,5.690932000e-01,5.690932000e-01
8.843000000e-01,5.221657000e-01,5.634498000e-01,5.634498000e-01
8.852000000e-01,5.170822000e-01,5.578662000e-01,5.578662000e-01
8.861000000e-01,5.120479000e-01,5.523358000e-01,5.523358000e-01
8.870000000e-01,5.070548000e-01,5.468499000e-01,5.468499000e-01
8.879000000e-01,5.021024000e-01,5.414082000e-01,5.414082000e-01
8.888000000e-01,4.972042000e-01,5.360252000e-01,5.360252000e-01
8.897000000e-01,4.923527000e-01,5.306929000e-01,5.306929000e-01
8.906000000e-01,4.875407000e-01,5.254035000e-01,5.254035000e-01
8.915000000e-01,4.827679000e-01,5.201569000e-01,5.201569000e-01
8.924000000e-01,4.780485000e-01,5.149684000e-01,5.149684000e-01
8.933000000e-01,4.733727000e-01,5.098277000e-01,5.098277000e-01
8.942000000e-01,4.687350000e-01,5.047285000e-01,5.047285000e-01
8.951000000e-01,4.641348000e-01,4.996705000e-01,4.996705000e-01
8.960000000e-01,4.595878000e-01,4.946707000e-01,4.946707000e-01
8.969000000e-01,4.550811000e-01,4.897152000e-01,4.897152000e-01
8.978000000e-01,4.506107000e-01,4.847999000e-01,4.847999000e-01
8.987000000e-01,4.461765000e-01,4.799243000e-01,4.799243000e-01
8.996000000e-01,4.417954000e-01,4.751074000e-01,4.751074000e-01
9.006000000e-01,4.374510000e-01,4.703312000e-01,4.703312000e-01
9.015000000e-01,4.331415000e-01,4.655936000e-01,4.655936000e-01
9.024000000e-01,4.288674000e-01,4.608955000e-01,4.608955000e-01
9.033000000e-01,4.246450000e-01,4.562549000e-01,4.562549000e-01
9.042000000e-01,4.204563000e-01,4.516519000e-01,4.516519000e-01
9.051000000e-01,4.163009000e-01,4.470862000e-01,4.470862000e-01
9.060000000e-01,4.121823000e-01,4.425617000e-01,4.425617000e-01
9.069000000e-01,4.081105000e-01,4.380899000e-01,4.380899000e-01
9.078000000e-01,4.040709000e-01,4.336544000e-01,4.336544000e-01
9.087000000e-01,4.000633000e-01,4.292549000e-01,4.292549000e-01
9.096000000e-01,3.960937000e-01,4.248986000e-01,4.248986000e-01
9.105000000e-01,3.921661000e-01,4.205899000e-01,4.205899000e-01
9.114000000e-01,3.882693000e-01,4.163163000e-01,4.163163000e-01
9.123000000e-01,3.844031000e-01,4.120776000e-01,4.120776000e-01
9.132000000e-01,3.805764000e-01,4.078841000e-01,4.078841000e-01
9.141000000e-01,3.767866000e-01,4.037331000e-01,4.037331000e-01
9.150000000e-01,3.730263000e-01,3.996160000e-01,3.996160000e-01
9.159000000e-01,3.692951000e-01,3.955326000e-01,3.955326000e-01
9.168000000e-01,3.656051000e-01,3.914969000e-01,3.914969000e-01
9.177000000e-01,3.619470000e-01,3.874983000e-01,3.874983000e-01
9.186000000e-01,3.583169000e-01,3.835325000e-01,3.835325000e-01
9.195000000e-01,3.547145000e-01,3.795991000e-01,3.795991000e-01
9.204000000e-01,3.511551000e-01,3.757161000e-01,3.757161000e-01
9.213000000e-01,3.476226000e-01,3.718649000e-01,3.718649000e-01
9.222000000e-01,3.441170000e-01,3.680452000e-01,3.680452000e-01
9.231000000e-01,3.406420000e-01,3.642613000e-01,3.642613000e-01
9.240000000e-01,3.372049000e-01,3.605217000e-01,3.605217000e-01
9.249000000e-01,3.337941000e-01,3.568128000e-01,3.568128000e-01
9.258000000e-01,3.304095000e-01,3.531343000e-01,3.531343000e-01
9.267000000e-01,3.270586000e-01,3.494951000e-01,3.494951000e-01
9.276000000e-01,3.237407000e-01,3.458941000e-01,3.458941000e-01
9.285000000e-01,3.204484000e-01,3.423226000e-01,3.423226000e-01
9.294000000e-01,3.171815000e-01,3.387806000e-01,3.387806000e-01
9.303000000e-01,3.139517000e-01,3.352813000e-01,3.352813000e-01
9.312000000e-01,3.107498000e-01,3.318142000e-01,3.318142000e-01
9.321000000e-01,3.075727000e-01,3.283755000e-01,3.283755000e-01
9.330000000e-01,3.044219000e-01,3.249670000e-01,3.249670000e-01
9.339000000e-01,3.013086000e-01,3.216014000e-01,3.216014000e-01
9.348000000e-01,2.982196000e-01,3.182635000e-01,3.182635000e-01
9.357000000e-01,2.951547000e-01,3.149531000e-01,3.149531000e-01
9.366000000e-01,2.921200000e-01,3.116771000e-01,3.116771000e-01
9.375000000e-01,2.891171000e-01,3.084372000e-01,3.084372000e-01
9.384000000e-01,2.861378000e-01,3.052241000e-01,3.052241000e-01
9.393000000e-01,2.831820000e-01,3.020376000e-01,3.020376000e-01
9.402000000e-01,2.802603000e-01,2.988897000e-01,2.988897000e-01
9.411000000e-01,2.773649000e-01,2.957713000e-01,2.957713000e-01
9.420000000e-01,2.744924000e-01,2.926787000e-01,2.926787000e-01
9.429000000e-01,2.716443000e-01,2.896138000e-01,2.896138000e-01
9.438000000e-01,2.688309000e-01,2.865877000e-01,2.865877000e-01
9.447000000e-01,2.660399000e-01,2.835866000e-01,2.835866000e-01
9.456000000e-01,2.632711000e-01,2.806104000e-01,2.806104000e-01
9.465000000e-01,2.605312000e-01,2.776665000e-01,2.776665000e-01
9.474000000e-01,2.578198000e-01,2.747545000e-01,2.747545000e-01
9.483000000e-01,2.551302000e-01,2.718667000e-01,2.718667000e-01
9.492000000e-01,2.524622000e-01,2.690028000e-01,2.690028000e-01
9.501000000e-01,2.498274000e-01,2.661759000e-01,2.661759000e-01
9.510000000e-01,2.472152000e-01,2.633740000e-01,2.633740000e-01
9.519000000e-01,2.446241000e-01,2.605955000e-01,2.605955000e-01
9.528000000e-01,2.420578000e-01,2.578443000e-01,2.578443000e-01
9.537000000e-01,2.395214000e-01,2.551262000e-01,2.551262000e-01
9.546000000e-01,2.370054000e-01,2.524306000e-01,2.524306000e-01
9.555000000e-01,2.345099000e-01,2.497575000e-01,2.497575000e-01
9.564000000e-01,2.320439000e-01,2.471168000e-01,2.471168000e-01
9.573000000e-01,2.296015000e-01,2.445020000e-01,2.445020000e-01
9.582000000e-01,2.271790000e-01,2.419090000e-01,2.419090000e-01
9.591000000e-01,2.247782000e-01,2.393398000e-01,2.393398000e-01
9.600000000e-01,2.224076000e-01,2.368036000e-01,2.368036000e-01
9.609000000e-01,2.200564000e-01,2.342886000e-01,2.342886000e-01
9.618000000e-01,2.177245000e-01,2.317946000e-01,2.317946000e-01
9.627000000e-01,2.154192000e-01,2.293295000e-01,2.293295000e-01
9.636000000e-01,2.131376000e-01,2.268904000e-01,2.268904000e-01
9.645000000e-01,2.108749000e-01,2.244716000e-01,2.244716000e-01
9.654000000e-01,2.086316000e-01,2.220740000e-01,2.220740000e-01
9.663000000e-01,2.064181000e-01,2.197086000e-01,2.197086000e-01
9.672000000e-01,2.042228000e-01,2.173629000e-01,2.173629000e-01
9.681000000e-01,2.020457000e-01,2.150370000e-01,2.150370000e-01
9.690000000e-01,1.998932000e-01,2.127376000e-01,2.127376000e-01
9.699000000e-01,1.977639000e-01,2.104631000e-01,2.104631000e-01
9.708000000e-01,1.956522000e-01,2.082078000e-01,2.082078000e-01
9.717000000e-01,1.935586000e-01,2.059719000e-01,2.059719000e-01
9.726000000e-01,1.914935000e-01,2.037667000e-01,2.037667000e-01
9.735000000e-01,1.894456000e-01,2.015800000e-01,2.015800000e-01
9.744000000e-01,1.874149000e-01,1.994116000e-01,1.994116000e-01
9.753000000e-01,1.854074000e-01,1.972683000e-01,1.972683000e-01
9.762000000e-01,1.834217000e-01,1.951483000e-01,1.951483000e-01
9.771000000e-01,1.814526000e-01,1.930462000e-01,1.930462000e-01
9.780000000e-01,1.795010000e-01,1.909627000e-01,1.909627000e-01
9.789000000e-01,1.775759000e-01,1.889076000e-01,1.889076000e-01
9.798000000e-01,1.756670000e-01,1.868699000e-01,1.868699000e-01
9.807000000e-01,1.737742000e-01,1.848493000e-01,1.848493000e-01
9.816000000e-01,1.719040000e-01,1.828529000e-01,1.828529000e-01
9.825000000e-01,1.700537000e-01,1.808777000e-01,1.808777000e-01
9.834000000e-01,1.682190000e-01,1.789191000e-01,1.789191000e-01
9.843000000e-01,1.664017000e-01,1.769790000e-01,1.769790000e-01
9.852000000e-01,1.646084000e-01,1.750647000e-01,1.750647000e-01
9.861000000e-01,1.628304000e-01,1.731665000e-01,1.731665000e-01
9.870000000e-01,1.610674000e-01,1.712843000e-01,1.712843000e-01
9.879000000e-01,1.593269000e-01,1.694261000e-01,1.694261000e-01
9.888000000e-01,1.576039000e-01,1.675866000e-01,1.675866000e-01
9.897000000e-01,1.558955000e-01,1.657626000e-01,1.657626000e-01
9.906000000e-01,1.542048000e-01,1.639573000e-01,1.639573000e-01
9.915000000e-01,1.525354000e-01,1.621748000e-01,1.621748000e-01
9.924000000e-01,1.508802000e-01,1.604073000e-01,1.604073000e-01
9.933000000e-01,1.492391000e-01,1.586548000e-01,1.586548000e-01
9.942000000e-01,1.476208000e-01,1.569265000e-01,1.569265000e-01
9.951000000e-01,1.460172000e-01,1.552139000e-01,1.552139000e-01
9.960000000e-01,1.444273000e-01,1.535159000e-01,1.535159000e-01
9.969000000e-01,1.428558000e-01,1.518374000e-01,1.518374000e-01
9.978000000e-01,1.413024000e-01,1.501781000e-01,1.501781000e-01
9.987000000e-01,1.397623000e-01,1.485330000e-01,1.485330000e-01
9.996000000e-01,1.382364000e-01,1.469030000e-01,1.469030000e-01
1.000500000e+00,1.367317000e-01,1.452956000e-01,1.452956000e-01
1.001400000e+00,1.352399000e-01,1.437019000e-01,1.437019000e-01
1.002300000e+00,1.337608000e-01,1.421217000e-01,1.421217000e-01
1.003200000e+00,1.323011000e-01,1.405622000e-01,1.405622000e-01
1.004100000e+00,1.308561000e-01,1.390184000e-01,1.390184000e-01
1.005000000e+00,1.294235000e-01,1.374877000e-01,1.374877000e-01
1.005900000e+00,1.280064000e-01,1.359737000e-01,1.359737000e-01
1.006800000e+00,1.266069000e-01,1.344784000e-01,1.344784000e-01
1.007700000e+00,1.252193000e-01,1.329958000e-01,1.329958000e-01
1.008600000e+00,1.238438000e-01,1.315262000e-01,1.315262000e-01
1.009500000e+00,1.224883000e-01,1.300780000e-01,1.300780000e-01
1.010400000e+00,1.211443000e-01,1.286421000e-01,1.286421000e-01
1.011300000e+00,1.198117000e-01,1.272185000e-01,1.272185000e-01
1.012200000e+00,1.184963000e-01,1.258133000e-01,1.258133000e-01
1.013100000e+00,1.171945000e-01,1.244228000e-01,1.244228000e-01
1.014000000e+00,1.159038000e-01,1.230441000e-01,1.230441000e-01
1.014900000e+00,1.146270000e-01,1.216805000e-01,1.216805000e-01
1.015800000e+00,1.133661000e-01,1.203340000e-01,1.203340000e-01
1.016700000e+00,1.121158000e-01,1.189990000e-01,1.189990000e-01
1.017600000e+00,1.108765000e-01,1.176759000e-01,1.176759000e-01
1.018500000e+00,1.096551000e-01,1.163722000e-01,1.163722000e-01
1.019400000e+00,1.084439000e-01,1.150796000e-01,1.150796000e-01
1.020300000e+00,1.072429000e-01,1.137981000e-01,1.137981000e-01
1.021200000e+00,1.060577000e-01,1.125338000e-01,1.125338000e-01
1.022100000e+00,1.048843000e-01,1.112823000e-01,1.112823000e-01
1.023000000e+00,1.037207000e-01,1.100416000e-01,1.100416000e-01
1.023900000e+00,1.025701000e-01,1.088152000e-01,1.088152000e-01
1.024800000e+00,1.014331000e-01,1.076037000e-01,1.076037000e-01
1.025700000e+00,1.003055000e-01,1.064025000e-01,1.064025000e-01
1.026600000e+00,9.918856000e-02,1.052131000e-01,1.052131000e-01
1.027500000e+00,9.808666000e-02,1.040404000e-01,1.040404000e-01
1.028400000e+00,9.699378000e-02,1.028777000e-01,1.028777000e-01
1.029300000e+00,9.590987000e-02,1.017249000e-01,1.017249000e-01
1.030200000e+00,9.484112000e-02,1.005891000e-01,1.005891000e-01
1.031100000e+00,9.378166000e-02,9.946365000e-02,9.946365000e-02
1.032000000e+00,9.273081000e-02,9.834787000e-02,9.834787000e-02
1.032900000e+00,9.169282000e-02,9.724658000e-02,9.724658000e-02
1.033800000e+00,9.066549000e-02,9.615734000e-02,9.615734000e-02
1.034700000e+00,8.964640000e-02,9.507744000e-02,9.507744000e-02
1.035600000e+00,8.863807000e-02,9.400976000e-02,9.400976000e-02
1.036500000e+00,8.764160000e-02,9.295563000e-02,9.295563000e-02
1.037400000e+00,8.665300000e-02,9.191053000e-02,9.191053000e-02
1.038300000e+00,8.567323000e-02,9.087557000e-02,9.087557000e-02
1.039200000e+00,8.470634000e-02,8.985549000e-02,8.985549000e-02
1.040100000e+00,8.374698000e-02,8.884416000e-02,8.884416000e-02
1.041000000e+00,8.279510000e-02,8.784152000e-02,8.784152000e-02
1.041900000e+00,8.185612000e-02,8.685399000e-02,8.685399000e-02
1.042800000e+00,8.092474000e-02,8.587540000e-02,8.587540000e-02
1.043700000e+00,8.000049000e-02,8.490522000e-02,8.490522000e-02
1.044600000e+00,7.908736000e-02,8.394824000e-02,8.394824000e-02
1.045500000e+00,7.818272000e-02,8.300140000e-02,8.300140000e-02
1.046400000e+00,7.728487000e-02,8.206271000e-02,8.206271000e-02
1.047300000e+00,7.639650000e-02,8.113544000e-02,8.113544000e-02
1.048200000e+00,7.551749000e-02,8.021940000e-02,8.021940000e-02
1.049100000e+00,7.464504000e-02,7.931124000e-02,7.931124000e-02
1.050000000e+00,7.378078000e-02,7.841287000e-02,7.841287000e-02
1.050900000e+00,7.292678000e-02,7.752669000e-02,7.752669000e-02
1.051800000e+00,7.207921000e-02,7.664813000e-02,7.664813000e-02
1.052700000e+00,7.123864000e-02,7.577786000e-02,7.577786000e-02
1.053600000e+00,7.040915000e-02,7.492064000e-02,7.492064000e-02
1.054500000e+00,6.958594000e-02,7.407077000e-02,7.407077000e-02
1.055400000e+00,6.876900000e-02,7.322824000e-02,7.322824000e-02
1.056300000e+00,6.796316000e-02,7.239866000e-02,7.239866000e-02
1.057200000e+00,6.716383000e-02,7.157662000e-02,7.157662000e-02
1.058100000e+00,6.637061000e-02,7.076167000e-02,7.076167000e-02
1.059000000e+00,6.558741000e-02,6.995827000e-02,6.995827000e-02
1.059900000e+00,6.481146000e-02,6.916320000e-02,6.916320000e-02
1.060800000e+00,6.404148000e-02,6.837497000e-02,6.837497000e-02
1.061700000e+00,6.328050000e-02,6.759703000e-02,6.759703000e-02
1.062600000e+00,6.252743000e-02,6.682809000e-02,6.682809000e-02
1.063500000e+00,6.178020000e-02,6.606577000e-02,6.606577000e-02
1.064400000e+00,6.104103000e-02,6.531256000e-02,6.531256000e-02
1.065300000e+00,6.031037000e-02,6.456895000e-02,6.456895000e-02
1.066200000e+00,5.958541000e-02,6.383173000e-02,6.383173000e-02
1.067100000e+00,5.886762000e-02,6.310256000e-02,6.310256000e-02
1.068000000e+00,5.815889000e-02,6.238348000e-02,6.238348000e-02
1.068900000e+00,5.745572000e-02,6.167059000e-02,6.167059000e-02
1.069800000e+00,5.675891000e-02,6.096476000e-02,6.096476000e-02
1.070700000e+00,5.607163000e-02,6.026947000e-02,6.026947000e-02
1.071600000e+00,5.538979000e-02,5.958014000e-02,5.958014000e-02
1.072500000e+00,5.471355000e-02,5.889699000e-02,5.889699000e-02
1.073400000e+00,5.404725000e-02,5.822473000e-02,5.822473000e-02
1.074300000e+00,5.338625000e-02,5.755824000e-02,5.755824000e-02
1.075200000e+00,5.273054000e-02,5.689751000e-02,5.689751000e-02
1.076100000e+00,5.208440000e-02,5.624716000e-02,5.624716000e-02
1.077000000e+00,5.144378000e-02,5.560278000e-02,5.560278000e-02
1.077900000e+00,5.080833000e-02,5.496397000e-02,5.496397000e-02
1.078800000e+00,5.018174000e-02,5.433470000e-02,5.433470000e-02
1.079700000e+00,4.956105000e-02,5.371174000e-02,5.371174000e-02
1.080600000e+00,4.894539000e-02,5.309417000e-02,5.309417000e-02
1.081500000e+00,4.833795000e-02,5.248536000e-02,5.248536000e-02
1.082400000e+00,4.773674000e-02,5.188314000e-02,5.188314000e-02
1.083300000e+00,4.714042000e-02,5.128613000e-02,5.128613000e-02
1.084200000e+00,4.655174000e-02,5.069718000e-02,5.069718000e-02
1.085100000e+00,4.596954000e-02,5.011506000e-02,5.011506000e-02
1.086000000e+00,4.539211000e-02,4.953795000e-02,4.953795000e-02
1.086900000e+00,4.482178000e-02,4.896828000e-02,4.896828000e-02
1.087800000e+00,4.425815000e-02,4.840561000e-02,4.840561000e-02
1.088700000e+00,4.369917000e-02,4.784777000e-02,4.784777000e-02
1.089600000e+00,4.314681000e-02,4.729682000e-02,4.729682000e-02
1.090500000e+00,4.260130000e-02,4.675297000e-02,4.675297000e-02
1.091400000e+00,4.206033000e-02,4.621380000e-02,4.621380000e-02
1.092300000e+00,4.152553000e-02,4.568100000e-02,4.568100000e-02
1.093200000e+00,4.099771000e-02,4.515538000e-02,4.515538000e-02
1.094100000e+00,4.047430000e-02,4.463428000e-02,4.463428000e-02
1.095000000e+00,3.995667000e-02,4.411909000e-02,4.411909000e-02
1.095900000e+00,3.944610000e-02,4.361111000e-02,4.361111000e-02
1.096800000e+00,3.893983000e-02,4.310750000e-02,4.310750000e-02
1.097700000e+00,3.843898000e-02,4.260940000e-02,4.260940000e-02
1.098600000e+00,3.794523000e-02,4.211849000e-02,4.211849000e-02
1.099500000e+00,3.745566000e-02,4.163180000e-02,4.163180000e-02
1.100500000e+00,3.697121000e-02,4.115027000e-02,4.115027000e-02
1.101400000e+00,3.649385000e-02,4.067588000e-02,4.067588000e-02
1.102300000e+00,3.602056000e-02,4.020557000e-02,4.020557000e-02
1.103200000e+00,3.555211000e-02,3.974011000e-02,3.974011000e-02
1.104100000e+00,3.509073000e-02,3.928172000e-02,3.928172000e-02
1.105000000e+00,3.463329000e-02,3.882725000e-02,3.882725000e-02
1.105900000e+00,3.418046000e-02,3.837737000e-02,3.837737000e-02
1.106800000e+00,3.373463000e-02,3.793445000e-02,3.793445000e-02
1.107700000e+00,3.329263000e-02,3.749532000e-02,3.749532000e-02
1.108600000e+00,3.285504000e-02,3.706054000e-02,3.706054000e-02
1.109500000e+00,3.242434000e-02,3.663258000e-02,3.663258000e-02
1.110400000e+00,3.199737000e-02,3.620829000e-02,3.620829000e-02
1.111300000e+00,3.157463000e-02,3.578816000e-02,3.578816000e-02
1.112200000e+00,3.115866000e-02,3.537467000e-02,3.537467000e-02
1.113100000e+00,3.074631000e-02,3.496473000e-02,3.496473000e-02
1.114000000e+00,3.033804000e-02,3.455879000e-02,3.455879000e-02
1.114900000e+00,2.993639000e-02,3.415931000e-02,3.415931000e-02
1.115800000e+00,2.953825000e-02,3.376325000e-02,3.376325000e-02
1.116700000e+00,2.914408000e-02,3.337106000e-02,3.337106000e-02
1.117600000e+00,2.875634000e-02,3.298512000e-02,3.298512000e-02
1.118500000e+00,2.837201000e-02,3.260248000e-02,3.260248000e-02
1.119400000e+00,2.799156000e-02,3.222361000e-02,3.222361000e-02
1.120300000e+00,2.761734000e-02,3.185078000e-02,3.185078000e-02
1.121200000e+00,2.724641000e-02,3.148113000e-02,3.148113000e-02
1.122100000e+00,2.687931000e-02,3.111516000e-02,3.111516000e-02
1.123000000e+00,2.651821000e-02,3.075499000e-02,3.075499000e-02
1.123900000e+00,2.616030000e-02,3.039790000e-02,3.039790000e-02
1.124800000e+00,2.580617000e-02,3.004443000e-02,3.004443000e-02
1.125700000e+00,2.545780000e-02,2.969651000e-02,2.969651000e-02
1.126600000e+00,2.511251000e-02,2.935156000e-02,2.935156000e-02
1.127500000e+00,2.477098000e-02,2.901020000e-02,2.901020000e-02
1.128400000e+00,2.443495000e-02,2.867412000e-02,2.867412000e-02
1.129300000e+00,2.410191000e-02,2.834090000e-02,2.834090000e-02
1.130200000e+00,2.377261000e-02,2.801127000e-02,2.801127000e-02
1.131100000e+00,2.344853000e-02,2.768663000e-02,2.768663000e-02
1.132000000e+00,2.312734000e-02,2.736477000e-02,2.736477000e-02
1.132900000e+00,2.280991000e-02,2.704648000e-02,2.704648000e-02
1.133800000e+00,2.249740000e-02,2.673292000e-02,2.673292000e-02
1.134700000e+00,2.218769000e-02,2.642201000e-02,2.642201000e-02
1.135600000e+00,2.188176000e-02,2.611472000e-02,2.611472000e-02
1.136500000e+00,2.158045000e-02,2.581185000e-02,2.581185000e-02
1.137400000e+00,2.128184000e-02,2.551155000e-02,2.551155000e-02
1.138300000e+00,2.098704000e-02,2.521489000e-02,2.521489000e-02
1.139200000e+00,2.069656000e-02,2.492236000e-02,2.492236000e-02
1.140100000e+00,2.040868000e-02,2.463231000e-02,2.463231000e-02
1.141000000e+00,2.012465000e-02,2.434595000e-02,2.434595000e-02
1.141900000e+00,1.984462000e-02,2.406340000e-02,2.406340000e-02
1.142800000e+00,1.956710000e-02,2.378326000e-02,2.378326000e-02
1.143700000e+00,1.929348000e-02,2.350685000e-02,2.350685000e-02
1.144600000e+00,1.902354000e-02,2.323396000e-02,2.323396000e-02
1.145500000e+00,1.875601000e-02,2.296339000e-02,2.296339000e-02
1.146400000e+00,1.849245000e-02,2.269662000e-02,2.269662000e-02
1.147300000e+00,1.823223000e-02,2.243306000e-02,2.243306000e-02
1.148200000e+00,1.797434000e-02,2.217174000e-02,2.217174000e-02
1.149100000e+00,1.772047000e-02,2.191429000e-02,2.191429000e-02
1.150000000e+00,1.746962000e-02,2.165974000e-02,2.165974000e-02
1.150900000e+00,1.722100000e-02,2.140736000e-02,2.140736000e-02
1.151800000e+00,1.697648000e-02,2.115892000e-02,2.115892000e-02
1.152700000e+00,1.673463000e-02,2.091309000e-02,2.091309000e-02
1.153600000e+00,1.649494000e-02,2.066933000e-02,2.066933000e-02
1.154500000e+00,1.625940000e-02,2.042962000e-02,2.042962000e-02
1.155400000e+00,1.602621000e-02,2.019220000e-02,2.019220000e-02
1.156300000e+00,1.579508000e-02,1.995679000e-02,1.995679000e-02
1.157200000e+00,1.556818000e-02,1.972551000e-02,1.972551000e-02
1.158100000e+00,1.534330000e-02,1.949621000e-02,1.949621000e-02
1.159000000e+00,1.512059000e-02,1.926904000e-02,1.926904000e-02
1.159900000e+00,1.490178000e-02,1.904573000e-02,1.904573000e-02
1.160800000e+00,1.468486000e-02,1.882429000e-02,1.882429000e-02
1.161700000e+00,1.447025000e-02,1.860513000e-02,1.860513000e-02
1.162600000e+00,1.425915000e-02,1.838947000e-02,1.838947000e-02
1.163500000e+00,1.404986000e-02,1.817561000e-02,1.817561000e-02
1.164400000e+00,1.384301000e-02,1.796420000e-02,1.796420000e-02
1.165300000e+00,1.363927000e-02,1.775592000e-02,1.775592000e-02
1.166200000e+00,1.343726000e-02,1.754939000e-02,1.754939000e-02
1.167100000e+00,1.323783000e-02,1.734547000e-02,1.734547000e-02
1.168000000e+00,1.304112000e-02,1.714433000e-02,1.714433000e-02
1.168900000e+00,1.284605000e-02,1.694486000e-02,1.694486000e-02
1.169800000e+00,1.265369000e-02,1.674818000e-02,1.674818000e-02
1.170700000e+00,1.246367000e-02,1.655393000e-02,1.655393000e-02
1.171600000e+00,1.227522000e-02,1.636130000e-02,1.636130000e-02
1.172500000e+00,1.208958000e-02,1.617161000e-02,1.617161000e-02
1.173400000e+00,1.190593000e-02,1.598401000e-02,1.598401000e-02
1.174300000e+00,1.172377000e-02,1.579798000e-02,1.579798000e-02
1.175200000e+00,1.154451000e-02,1.561504000e-02,1.561504000e-02
1.176100000e+00,1.136690000e-02,1.543387000e-02,1.543387000e-02
1.177000000e+00,1.119072000e-02,1.525422000e-02,1.525422000e-02
1.177900000e+00,1.101749000e-02,1.507779000e-02,1.507779000e-02
1.178800000e+00,1.084559000e-02,1.490282000e-02,1.490282000e-02
1.179700000e+00,1.067528000e-02,1.472959000e-02,1.472959000e-02
1.180600000e+00,1.050752000e-02,1.455920000e-02,1.455920000e-02
1.181500000e+00,1.034102000e-02,1.439022000e-02,1.439022000e-02
1.182400000e+00,1.017625000e-02,1.422318000e-02,1.422318000e-02
1.183300000e+00,1.001369000e-02,1.405863000e-02,1.405863000e-02
1.184200000e+00,9.852343000e-03,1.389543000e-02,1.389543000e-02
1.185100000e+00,9.692934000e-03,1.373437000e-02,1.373437000e-02
1.186000000e+00,9.535460000e-03,1.357545000e-02,1.357545000e-02
1.186900000e+00,9.379180000e-03,1.341783000e-02,1.341783000e-02
1.187800000e+00,9.225047000e-03,1.326255000e-02,1.326255000e-02
1.188700000e+00,9.072567000e-03,1.310906000e-02,1.310906000e-02
1.189600000e+00,8.921259000e-03,1.295683000e-02,1.295683000e-02
1.190500000e+00,8.772311000e-03,1.280713000e-02,1.280713000e-02
1.191400000e+00,8.624734000e-03,1.265888000e-02,1.265888000e-02
1.192300000e+00,8.478345000e-03,1.251190000e-02,1.251190000e-02
1.193200000e+00,8.334455000e-03,1.236754000e-02,1.236754000e-02
1.194100000e+00,8.191691000e-03,1.222436000e-02,1.222436000e-02
1.195000000e+00,8.050353000e-03,1.208266000e-02,1.208266000e-02
1.195900000e+00,7.911209000e-03,1.194324000e-02,1.194324000e-02
1.196800000e+00,7.773170000e-03,1.180494000e-02,1.180494000e-02
1.197700000e+00,7.636793000e-03,1.166835000e-02,1.166835000e-02
1.198600000e+00,7.502307000e-03,1.153368000e-02,1.153368000e-02
1.199500000e+00,7.368904000e-03,1.140010000e-02,1.140010000e-02
1.200400000e+00,7.237400000e-03,1.126844000e-02,1.126844000e-02
1.201300000e+00,7.107483000e-03,1.113836000e-02,1.113836000e-02
1.202200000e+00,6.978628000e-03,1.100934000e-02,1.100934000e-02
1.203100000e+00,6.851908000e-03,1.088243000e-02,1.088243000e-02
1.204000000e+00,6.726474000e-03,1.075678000e-02,1.075678000e-02
1.204900000e+00,6.602113000e-03,1.063219000e-02,1.063219000e-02
1.205800000e+00,6.480057000e-03,1.050984000e-02,1.050984000e-02
1.206700000e+00,6.359020000e-03,1.038847000e-02,1.038847000e-02
1.207600000e+00,6.239311000e-03,1.026838000e-02,1.026838000e-02
1.208500000e+00,6.121586000e-03,1.015019000e-02,1.015019000e-02
1.209400000e+00,6.004860000e-03,1.003294000e-02,1.003294000e-02
1.210300000e+00,5.889716000e-03,9.917203000e-03,9.917203000e-03
1.211200000e+00,5.776238000e-03,9.803029000e-03,9.803029000e-03
1.212100000e+00,5.663739000e-03,9.689771000e-03,9.689771000e-03
1.213000000e+00,5.553071000e-03,9.578222000e-03,9.578222000e-03
1.213900000e+00,5.443757000e-03,9.467924000e-03,9.467924000e-03
1.214800000e+00,5.335400000e-03,9.358512000e-03,9.358512000e-03
1.215700000e+00,5.229124000e-03,9.251007000e-03,9.251007000e-03
1.216600000e+00,5.123888000e-03,9.144450000e-03,9.144450000e-03
1.217500000e+00,5.019775000e-03,9.038914000e-03,9.038914000e-03
1.218400000e+00,4.917619000e-03,8.935144000e-03,8.935144000e-03
1.219300000e+00,4.816381000e-03,8.832197000e-03,8.832197000e-03
1.220200000e+00,4.716529000e-03,8.730491000e-03,8.730491000e-03
1.221100000e+00,4.618307000e-03,8.630234000e-03,8.630234000e-03
1.222000000e+00,4.520984000e-03,8.530770000e-03,8.530770000e-03
1.222900000e+00,4.425308000e-03,8.432758000e-03,8.432758000e-03
1.223800000e+00,4.330939000e-03,8.335889000e-03,8.335889000e-03
1.224700000e+00,4.237450000e-03,8.239788000e-03,8.239788000e-03
1.225600000e+00,4.145864000e-03,8.145337000e-03,8.145337000e-03
1.226500000e+00,4.055268000e-03,8.051738000e-03,8.051738000e-03
1.227400000e+00,3.965696000e-03,7.959020000e-03,7.959020000e-03
1.228300000e+00,3.877952000e-03,7.867864000e-03,7.867864000e-03
1.229200000e+00,3.791049000e-03,7.777421000e-03,7.777421000e-03
1.230100000e+00,3.705440000e-03,7.688074000e-03,7.688074000e-03
1.231000000e+00,3.621328000e-03,7.599987000e-03,7.599987000e-03
1.231900000e+00,3.538039000e-03,7.512590000e-03,7.512590000e-03
1.232800000e+00,3.456308000e-03,7.426493000e-03,7.426493000e-03
1.233700000e+00,3.375750000e-03,7.341368000e-03,7.341368000e-03
1.234600000e+00,3.295996000e-03,7.256909000e-03,7.256909000e-03
1.235500000e+00,3.218060000e-03,7.173945000e-03,7.173945000e-03
1.236400000e+00,3.140978000e-03,7.091678000e-03,7.091678000e-03
1.237300000e+00,3.064907000e-03,7.010238000e-03,7.010238000e-03
1.238200000e+00,2.990456000e-03,6.930110000e-03,6.930110000e-03
1.239100000e+00,2.916773000e-03,6.850602000e-03,6.850602000e-03
1.240000000e+00,2.844372000e-03,6.772126000e-03,6.772126000e-03
1.240900000e+00,2.773261000e-03,6.694681000e-03,6.694681000e-03
1.241800000e+00,2.702899000e-03,6.617835000e-03,6.617835000e-03
1.242700000e+00,2.634084000e-03,6.542215000e-03,6.542215000e-03
1.243600000e+00,2.566237000e-03,6.467359000e-03,6.467359000e-03
1.244500000e+00,2.499184000e-03,6.393129000e-03,6.393129000e-03
1.245400000e+00,2.433811000e-03,6.320214000e-03,6.320214000e-03
1.246300000e+00,2.369152000e-03,6.247856000e-03,6.247856000e-03
1.247200000e+00,2.305561000e-03,6.176329000e-03,6.176329000e-03
1.248100000e+00,2.243319000e-03,6.105843000e-03,6.105843000e-03
1.249000000e+00,2.181775000e-03,6.035896000e-03,6.035896000e-03
1.249900000e+00,2.121564000e-03,5.966972000e-03,5.966972000e-03
1.250800000e+00,2.062378000e-03,5.898831000e-03,5.898831000e-03
1.251700000e+00,2.003874000e-03,5.831210000e-03,5.831210000e-03
1.252600000e+00,1.946962000e-03,5.764796000e-03,5.764796000e-03
1.253500000e+00,1.890760000e-03,5.698917000e-03,5.698917000e-03
1.254400000e+00,1.835467000e-03,5.633723000e-03,5.633723000e-03
1.255300000e+00,1.781528000e-03,5.569544000e-03,5.569544000e-03
1.256200000e+00,1.728238000e-03,5.505848000e-03,5.505848000e-03
1.257100000e+00,1.676120000e-03,5.443027000e-03,5.443027000e-03
1.258000000e+00,1.625037000e-03,5.380971000e-03,5.380971000e-03
1.258900000e+00,1.574585000e-03,5.319383000e-03,5.319383000e-03
1.259800000e+00,1.525563000e-03,5.258848000e-03,5.258848000e-03
1.260700000e+00,1.477263000e-03,5.198841000e-03,5.198841000e-03
1.261600000e+00,1.429759000e-03,5.139417000e-03,5.139417000e-03
1.262500000e+00,1.383573000e-03,5.080954000e-03,5.080954000e-03
1.263400000e+00,1.337985000e-03,5.022925000e-03,5.022925000e-03
1.264300000e+00,1.293456000e-03,4.965662000e-03,4.965662000e-03
1.265200000e+00,1.249927000e-03,4.909122000e-03,4.909122000e-03
1.266100000e+00,1.206983000e-03,4.853001000e-03,4.853001000e-03
1.267000000e+00,1.165348000e-03,4.797821000e-03,4.797821000e-03
1.267900000e+00,1.124408000e-03,4.743137000e-03,4.743137000e-03
1.268800000e+00,1.084190000e-03,4.688968000e-03,4.688968000e-03
1.269700000e+00,1.045217000e-03,4.635684000e-03,4.635684000e-03
1.270600000e+00,1.006796000e-03,4.582791000e-03,4.582791000e-03
1.271500000e+00,9.693539000e-04,4.530592000e-03,4.530592000e-03
1.272400000e+00,9.328457000e-04,4.479050000e-03,4.479050000e-03
1.273300000e+00,8.968755000e-04,4.427886000e-03,4.427886000e-03
1.274200000e+00,8.621302000e-04,4.377582000e-03,4.377582000e-03
1.275100000e+00,8.280195000e-04,4.327722000e-03,4.327722000e-03
1.276000000e+00,7.945928000e-04,4.278340000e-03,4.278340000e-03
1.276900000e+00,7.623051000e-04,4.229751000e-03,4.229751000e-03
1.277800000e+00,7.305247000e-04,4.181514000e-03,4.181514000e-03
1.278700000e+00,6.996765000e-04,4.133924000e-03,4.133924000e-03
1.279600000e+00,6.696663000e-04,4.086914000e-03,4.086914000e-03
1.280500000e+00,6.401498000e-04,4.040245000e-03,4.040245000e-03
1.281400000e+00,6.118018000e-04,3.994381000e-03,3.994381000e-03
1.282300000e+00,5.840031000e-04,3.948895000e-03,3.948895000e-03
1.283200000e+00,5.568760000e-04,3.903870000e-03,3.903870000e-03
1.284100000e+00,5.307591000e-04,3.859538000e-03,3.859538000e-03
1.285000000e+00,5.051065000e-04,3.815523000e-03,3.815523000e-03
1.285900000e+00,4.803629000e-04,3.772130000e-03,3.772130000e-03
1.286800000e+00,4.563404000e-04,3.729229000e-03,3.729229000e-03
1.287700000e+00,4.327692000e-04,3.686635000e-03,3.686635000e-03
1.288600000e+00,4.103318000e-04,3.644814000e-03,3.644814000e-03
1.289500000e+00,3.883393000e-04,3.603294000e-03,3.603294000e-03
1.290400000e+00,3.670261000e-04,3.562237000e-03,3.562237000e-03
1.291300000e+00,3.465772000e-04,3.521765000e-03,3.521765000e-03
1.292200000e+00,3.265512000e-04,3.481581000e-03,3.481581000e-03
1.293100000e+00,3.074287000e-04,3.442008000e-03,3.442008000e-03
1.294000000e+00,2.888955000e-04,3.402834000e-03,3.402834000e-03
1.294900000e+00,2.708397000e-04,3.363984000e-03,3.363984000e-03
1.295800000e+00,2.537647000e-04,3.325797000e-03,3.325797000e-03
1.296700000e+00,2.370846000e-04,3.287876000e-03,3.287876000e-03
1.297600000e+00,2.211050000e-04,3.250430000e-03,3.250430000e-03
1.298500000e+00,2.058329000e-04,3.213461000e-03,3.213461000e-03
1.299400000e+00,1.909440000e-04,3.176752000e-03,3.176752000e-03
1.300400000e+00,1.769645000e-04,3.140657000e-03,3.140657000e-03
1.301300000e+00,1.634339000e-04,3.104866000e-03,3.104866000e-03
1.302200000e+00,1.504261000e-04,3.069429000e-03,3.069429000e-03
1.303100000e+00,1.382197000e-04,3.034534000e-03,3.034534000e-03
1.304000000e+00,1.263697000e-04,2.999881000e-03,2.999881000e-03
1.304900000e+00,1.152486000e-04,2.965722000e-03,2.965722000e-03
1.305800000e+00,1.046738000e-04,2.931933000e-03,2.931933000e-03
1.306700000e+00,9.446787000e-05,2.898395000e-03,2.898395000e-03
1.307600000e+00,8.513450000e-05,2.865450000e-03,2.865450000e-03
1.308500000e+00,7.613126000e-05,2.832731000e-03,2.832731000e-03
1.309400000e+00,6.769946000e-05,2.800401000e-03,2.800401000e-03
1.310300000e+00,5.988926000e-05,2.768495000e-03,2.768495000e-03
1.311200000e+00,5.239831000e-05,2.736809000e-03,2.736809000e-03
1.312100000e+00,4.566598000e-05,2.705642000e-03,2.705642000e-03
1.313000000e+00,3.932005000e-05,2.674742000e-03,2.674742000e-03
1.313900000e+00,3.340955000e-05,2.644141000e-03,2.644141000e-03
1.314800000e+00,2.817550000e-05,2.614008000e-03,2.614008000e-03
1.315700000e+00,2.323553000e-05,2.584078000e-03,2.584078000e-03
1.316600000e+00,1.891311000e-05,2.554577000e-03,2.554577000e-03
1.317500000e+00,1.503762000e-05,2.525388000e-03,2.525388000e-03
1.318400000e+00,1.148152000e-05,2.496422000e-03,2.496422000e-03
1.319300000e+00,8.637737000e-06,2.467956000e-03,2.467956000e-03
1.320200000e+00,6.063502000e-06,2.439680000e-03,2.439680000e-03
1.321100000e+00,3.984826000e-06,2.411754000e-03,2.411754000e-03
1.322000000e+00,2.395503000e-06,2.384175000e-03,2.384175000e-03
1.322900000e+00,1.065811000e-06,2.356782000e-03,2.356782000e-03
1.323800000e+00,3.911931000e-07,2.329857000e-03,2.329857000e-03
1.324700000e+00,0.000000000e+00,2.303138000e-03,2.303138000e-03
1.325600000e+00,0.000000000e+00,2.276700000e-03,2.276700000e-03
1.326500000e+00,0.000000000e+00,2.250638000e-03,2.250638000e-03
1.327400000e+00,0.000000000e+00,2.224749000e-03,2.224749000e-03
1.328300000e+00,0.000000000e+00,2.199259000e-03,2.199259000e-03
1.329200000e+00,0.000000000e+00,2.174004000e-03,2.174004000e-03
1.330100000e+00,0.000000000e+00,2.148975000e-03,2.148975000e-03
1.331000000e+00,0.000000000e+00,2.124340000e-03,2.124340000e-03
1.331900000e+00,0.000000000e+00,2.099867000e-03,2.099867000e-03
1.332800000e+00,0.000000000e+00,2.075733000e-03,2.075733000e-03
1.333700000e+00,0.000000000e+00,2.051859000e-03,2.051859000e-03
1.334600000e+00,0.000000000e+00,2.028161000e-03,2.028161000e-03
1.335500000e+00,0.000000000e+00,2.004870000e-03,2.004870000e-03
1.336400000e+00,0.000000000e+00,1.981731000e-03,1.981731000e-03
1.337300000e+00,0.000000000e+00,1.958880000e-03,1.958880000e-03
1.338200000e+00,0.000000000e+00,1.936305000e-03,1.936305000e-03
1.339100000e+00,0.000000000e+00,1.913877000e-03,1.913877000e-03
1.340000000e+00,0.000000000e+00,1.891843000e-03,1.891843000e-03
1.340900000e+00,0.000000000e+00,1.869960000e-03,1.869960000e-03
1.341800000e+00,0.000000000e+00,1.848323000e-03,1.848323000e-03
1.342700000e+00,0.000000000e+00,1.826973000e-03,1.826973000e-03
1.343600000e+00,0.000000000e+00,1.805759000e-03,1.805759000e-03
1.344500000e+00,0.000000000e+00,1.784895000e-03,1.784895000e-03
1.345400000e+00,0.000000000e+00,1.764196000e-03,1.764196000e-03
1.346300000e+00,0.000000000e+00,1.743707000e-03,1.743707000e-03
1.347200000e+00,0.000000000e+00,1.723511000e-03,1.723511000e-03
1.348100000e+00,0.000000000e+00,1.703443000e-03,1.703443000e-03
1.349000000e+00,0.000000000e+00,1.683685000e-03,1.683685000e-03
1.349900000e+00,0.000000000e+00,1.664103000e-03,1.664103000e-03
1.350800000e+00,0.000000000e+00,1.644700000e-03,1.644700000e-03
1.351700000e+00,0.000000000e+00,1.625592000e-03,1.625592000e-03
1.352600000e+00,0.000000000e+00,1.606604000e-03,1.606604000e-03
1.353500000e+00,0.000000000e+00,1.587893000e-03,1.587893000e-03
1.354400000e+00,0.000000000e+00,1.569364000e-03,1.569364000e-03
1.355300000e+00,0.000000000e+00,1.550989000e-03,1.550989000e-03
1.356200000e+00,0.000000000e+00,1.532907000e-03,1.532907000e-03
1.357100000e+00,0.000000000e+00,1.514938000e-03,1.514938000e-03
1.358000000e+00,0.000000000e+00,1.497218000e-03,1.497218000e-03
1.358900000e+00,0.000000000e+00,1.479682000e-03,1.479682000e-03
1.359800000e+00,0.000000000e+00,1.462280000e-03,1.462280000e-03
1.360700000e+00,0.000000000e+00,1.445167000e-03,1.445167000e-03
1.361600000e+00,0.000000000e+00,1.428159000e-03,1.428159000e-03
1.362500000e+00,0.000000000e+00,1.411377000e-03,1.411377000e-03
1.363400000e+00,0.000000000e+00,1.394778000e-03,1.394778000e-03
1.364300000e+00,0.000000000e+00,1.378297000e-03,1.378297000e-03
1.365200000e+00,0.000000000e+00,1.362097000e-03,1.362097000e-03
1.366100000e+00,0.000000000e+00,1.345996000e-03,1.345996000e-03
1.367000000e+00,0.000000000e+00,1.330103000e-03,1.330103000e-03
1.367900000e+00,0.000000000e+00,1.314388000e-03,1.314388000e-03
1.368800000e+00,0.000000000e+00,1.298780000e-03,1.298780000e-03
1.369700000e+00,0.000000000e+00,1.283443000e-03,1.283443000e-03
1.370600000e+00,0.000000000e+00,1.268198000e-03,1.268198000e-03
1.371500000e+00,0.000000000e+00,1.253146000e-03,1.253146000e-03
1.372400000e+00,0.000000000e+00,1.238267000e-03,1.238267000e-03
1.373300000e+00,0.000000000e+00,1.223485000e-03,1.223485000e-03
1.374200000e+00,0.000000000e+00,1.208962000e-03,1.208962000e-03
1.375100000e+00,0.000000000e+00,1.194527000e-03,1.194527000e-03
1.376000000e+00,0.000000000e+00,1.180272000e-03,1.180272000e-03
1.376900000e+00,0.000000000e+00,1.166181000e-03,1.166181000e-03
1.377800000e+00,0.000000000e+00,1.152182000e-03,1.152182000e-03
1.378700000e+00,0.000000000e+00,1.138429000e-03,1.138429000e-03
1.379600000e+00,0.000000000e+00,1.124758000e-03,1.124758000e-03
1.380500000e+00,0.000000000e+00,1.111258000e-03,1.111258000e-03
1.381400000e+00,0.000000000e+00,1.097913000e-03,1.097913000e-03
1.382300000e+00,0.000000000e+00,1.084656000e-03,1.084656000e-03
1.383200000e+00,0.000000000e+00,1.071630000e-03,1.071630000e-03
1.384100000e+00,0.000000000e+00,1.058681000e-03,1.058681000e-03
1.385000000e+00,0.000000000e+00,1.045897000e-03,1.045897000e-03
1.385900000e+00,0.000000000e+00,1.033257000e-03,1.033257000e-03
1.386800000e+00,0.000000000e+00,1.020703000e-03,1.020703000e-03
1.387700000e+00,0.000000000e+00,1.008364000e-03,1.008364000e-03
1.388600000e+00,0.000000000e+00,9.960983000e-04,9.960983000e-04
1.389500000e+00,0.000000000e+00,9.839925000e-04,9.839925000e-04
1.390400000e+00,0.000000000e+00,9.720188000e-04,9.720188000e-04
1.391300000e+00,0.000000000e+00,9.601312000e-04,9.601312000e-04
1.392200000e+00,0.000000000e+00,9.484430000e-04,9.484430000e-04
1.393100000e+00,0.000000000e+00,9.368233000e-04,9.368233000e-04
1.394000000e+00,0.000000000e+00,9.253607000e-04,9.253607000e-04
1.394900000e+00,0.000000000e+00,9.140175000e-04,9.140175000e-04
1.395800000e+00,0.000000000e+00,9.027619000e-04,9.027619000e-04
1.396700000e+00,0.000000000e+00,8.916890000e-04,8.916890000e-04
1.397600000e+00,0.000000000e+00,8.806806000e-04,8.806806000e-04
1.398500000e+00,0.000000000e+00,8.698281000e-04,8.698281000e-04
1.399400000e+00,0.000000000e+00,8.590816000e-04,8.590816000e-04
1.400300000e+00,0.000000000e+00,8.484254000e-04,8.484254000e-04
1.401200000e+00,0.000000000e+00,8.379350000e-04,8.379350000e-04
1.402100000e+00,0.000000000e+00,8.275053000e-04,8.275053000e-04
1.403000000e+00,0.000000000e+00,8.172315000e-04,8.172315000e-04
1.403900000e+00,0.000000000e+00,8.070499000e-04,8.070499000e-04
1.404800000e+00,0.000000000e+00,7.969624000e-04,7.969624000e-04
1.405700000e+00,0.000000000e+00,7.870234000e-04,7.870234000e-04
1.406600000e+00,0.000000000e+00,7.771417000e-04,7.771417000e-04
1.407500000e+00,0.000000000e+00,7.674171000e-04,7.674171000e-04
1.408400000e+00,0.000000000e+00,7.577705000e-04,7.577705000e-04
1.409300000e+00,0.000000000e+00,7.482226000e-04,7.482226000e-04
1.410200000e+00,0.000000000e+00,7.388060000e-04,7.388060000e-04
1.411100000e+00,0.000000000e+00,7.294435000e-04,7.294435000e-04
1.412000000e+00,0.000000000e+00,7.202400000e-04,7.202400000e-04
1.412900000e+00,0.000000000e+00,7.111004000e-04,7.111004000e-04
1.413800000e+00,0.000000000e+00,7.020647000e-04,7.020647000e-04
1.414700000e+00,0.000000000e+00,6.931430000e-04,6.931430000e-04
1.415600000e+00,0.000000000e+00,6.842725000e-04,6.842725000e-04
1.416500000e+00,0.000000000e+00,6.755638000e-04,6.755638000e-04
1.417400000e+00,0.000000000e+00,6.669046000e-04,6.669046000e-04
1.418300000e+00,0.000000000e+00,6.583553000e-04,6.583553000e-04
1.419200000e+00,0.000000000e+00,6.499028000e-04,6.499028000e-04
1.420100000e+00,0.000000000e+00,6.415101000e-04,6.415101000e-04
1.421000000e+00,0.000000000e+00,6.332599000e-04,6.332599000e-04
1.421900000e+00,0.000000000e+00,6.250563000e-04,6.250563000e-04
1.422800000e+00,0.000000000e+00,6.169687000e-04,6.169687000e-04
1.423700000e+00,0.000000000e+00,6.089613000e-04,6.089613000e-04
1.424600000e+00,0.000000000e+00,6.010224000e-04,6.010224000e-04
1.425500000e+00,0.000000000e+00,5.932069000e-04,5.932069000e-04
1.426400000e+00,0.000000000e+00,5.854354000e-04,5.854354000e-04
1.427300000e+00,0.000000000e+00,5.777865000e-04,5.777865000e-04
1.428200000e+00,0.000000000e+00,5.702012000e-04,5.702012000e-04
1.429100000e+00,0.000000000e+00,5.626936000e-04,5.626936000e-04
1.430000000e+00,0.000000000e+00,5.552904000e-04,5.552904000e-04
1.430900000e+00,0.000000000e+00,5.479290000e-04,5.479290000e-04
1.431800000e+00,0.000000000e+00,5.406968000e-04,5.406968000e-04
1.432700000e+00,0.000000000e+00,5.335121000e-04,5.335121000e-04
1.433600000e+00,0.000000000e+00,5.264142000e-04,5.264142000e-04
1.434500000e+00,0.000000000e+00,5.194025000e-04,5.194025000e-04
1.435400000e+00,0.000000000e+00,5.124366000e-04,5.124366000e-04
1.436300000e+00,0.000000000e+00,5.055942000e-04,5.055942000e-04
1.437200000e+00,0.000000000e+00,4.987897000e-04,4.987897000e-04
1.438100000e+00,0.000000000e+00,4.920813000e-04,4.920813000e-04
1.439000000e+00,0.000000000e+00,4.854412000e-04,4.854412000e-04
1.439900000e+00,0.000000000e+00,4.788582000e-04,4.788582000e-04
1.440800000e+00,0.000000000e+00,4.723789000e-04,4.723789000e-04
1.441700000e+00,0.000000000e+00,4.659356000e-04,4.659356000e-04
1.442600000e+00,0.000000000e+00,4.595973000e-04,4.595973000e-04
1.443500000e+00,0.000000000e+00,4.533102000e-04,4.533102000e-04
1.444400000e+00,0.000000000e+00,4.470912000e-04,4.470912000e-04
1.445300000e+00,0.000000000e+00,4.409569000e-04,4.409569000e-04
1.446200000e+00,0.000000000e+00,4.348567000e-04,4.348567000e-04
1.447100000e+00,0.000000000e+00,4.288704000e-04,4.288704000e-04
1.448000000e+00,0.000000000e+00,4.229186000e-04,4.229186000e-04
1.448900000e+00,0.000000000e+00,4.170457000e-04,4.170457000e-04
1.449800000e+00,0.000000000e+00,4.112392000e-04,4.112392000e-04
1.450700000e+00,0.000000000e+00,4.054779000e-04,4.054779000e-04
1.451600000e+00,0.000000000e+00,3.998135000e-04,3.998135000e-04
1.452500000e+00,0.000000000e+00,3.941805000e-04,3.941805000e-04
1.453400000e+00,0.000000000e+00,3.886368000e-04,3.886368000e-04
1.454300000e+00,0.000000000e+00,3.831418000e-04,3.831418000e-04
1.455200000e+00,0.000000000e+00,3.777042000e-04,3.777042000e-04
1.456100000e+00,0.000000000e+00,3.723445000e-04,3.723445000e-04
1.457000000e+00,0.000000000e+00,3.670145000e-04,3.670145000e-04
1.457900000e+00,0.000000000e+00,3.617839000e-04,3.617839000e-04
1.458800000e+00,0.000000000e+00,3.565853000e-04,3.565853000e-04
1.459700000e+00,0.000000000e+00,3.514557000e-04,3.514557000e-04
1.460600000e+00,0.000000000e+00,3.463856000e-04,3.463856000e-04
1.461500000e+00,0.000000000e+00,3.413553000e-04,3.413553000e-04
1.462400000e+00,0.000000000e+00,3.364112000e-04,3.364112000e-04
1.463300000e+00,0.000000000e+00,3.314944000e-04,3.314944000e-04
1.464200000e+00,0.000000000e+00,3.266577000e-04,3.266577000e-04
1.465100000e+00,0.000000000e+00,3.218633000e-04,3.218633000e-04
1.466000000e+00,0.000000000e+00,3.171211000e-04,3.171211000e-04
1.466900000e+00,0.000000000e+00,3.124465000e-04,3.124465000e-04
1.467800000e+00,0.000000000e+00,3.077978000e-04,3.077978000e-04
1.468700000e+00,0.000000000e+00,3.032401000e-04,3.032401000e-04
1.469600000e+00,0.000000000e+00,2.987078000e-04,2.987078000e-04
1.470500000e+00,0.000000000e+00,2.942400000e-04,2.942400000e-04
1.471400000e+00,0.000000000e+00,2.898218000e-04,2.898218000e-04
1.472300000e+00,0.000000000e+00,2.854424000e-04,2.854424000e-04
1.473200000e+00,0.000000000e+00,2.811360000e-04,2.811360000e-04
1.474100000e+00,0.000000000e+00,2.768533000e-04,2.768533000e-04
1.475000000e+00,0.000000000e+00,2.726466000e-04,2.726466000e-04
1.475900000e+00,0.000000000e+00,2.684725000e-04,2.684725000e-04
1.476800000e+00,0.000000000e+00,2.643500000e-04,2.643500000e-04
1.477700000e+00,0.000000000e+00,2.602823000e-04,2.602823000e-04
1.478600000e+00,0.000000000e+00,2.562426000e-04,2.562426000e-04
1.479500000e+00,0.000000000e+00,2.522791000e-04,2.522791000e-04
1.480400000e+00,0.000000000e+00,2.483375000e-04,2.483375000e-04
1.481300000e+00,0.000000000e+00,2.444594000e-04,2.444594000e-04
1.482200000e+00,0.000000000e+00,2.406191000e-04,2.406191000e-04
1.483100000e+00,0.000000000e+00,2.368200000e-04,2.368200000e-04
1.484000000e+00,0.000000000e+00,2.330789000e-04,2.330789000e-04
1.484900000e+00,0.000000000e+00,2.293587000e-04,2.293587000e-04
1.485800000e+00,0.000000000e+00,2.257135000e-04,2.257135000e-04
1.486700000e+00,0.000000000e+00,2.220897000e-04,2.220897000e-04
1.487600000e+00,0.000000000e+00,2.185196000e-04,2.185196000e-04
1.488500000e+00,0.000000000e+00,2.149904000e-04,2.149904000e-04
1.489400000e+00,0.000000000e+00,2.114942000e-04,2.114942000e-04
1.490300000e+00,0.000000000e+00,2.080576000e-04,2.080576000e-04
1.491200000e+00,0.000000000e+00,2.046402000e-04,2.046402000e-04
1.492100000e+00,0.000000000e+00,2.012883000e-04,2.012883000e-04
1.493000000e+00,0.000000000e+00,1.979610000e-04,1.979610000e-04
1.493900000e+00,0.000000000e+00,1.946794000e-04,1.946794000e-04
1.494800000e+00,0.000000000e+00,1.914403000e-04,1.914403000e-04
1.495700000e+00,0.000000000e+00,1.882280000e-04,1.882280000e-04
1.496600000e+00,0.000000000e+00,1.850754000e-04,1.850754000e-04
1.497500000e+00,0.000000000e+00,1.819405000e-04,1.819405000e-04
1.498400000e+00,0.000000000e+00,1.788633000e-04,1.788633000e-04
1.499300000e+00,0.000000000e+00,1.758125000e-04,1.758125000e-04
1.500300000e+00,0.000000000e+00,1.728013000e-04,1.728013000e-04
1.501200000e+00,0.000000000e+00,1.698329000e-04,1.698329000e-04
1.502100000e+00,0.000000000e+00,1.668866000e-04,1.668866000e-04
1.503000000e+00,0.000000000e+00,1.639990000e-04,1.639990000e-04
1.503900000e+00,0.000000000e+00,1.611277000e-04,1.611277000e-04
1.504800000e+00,0.000000000e+00,1.583081000e-04,1.583081000e-04
1.505700000e+00,0.000000000e+00,1.555154000e-04,1.555154000e-04
1.506600000e+00,0.000000000e+00,1.527575000e-04,1.527575000e-04
1.507500000e+00,0.000000000e+00,1.500418000e-04,1.500418000e-04
1.508400000e+00,0.000000000e+00,1.473448000e-04,1.473448000e-04
1.509300000e+00,0.000000000e+00,1.447045000e-04,1.447045000e-04
1.510200000e+00,0.000000000e+00,1.420793000e-04,1.420793000e-04
1.511100000e+00,0.000000000e+00,1.395011000e-04,1.395011000e-04
1.512000000e+00,0.000000000e+00,1.369493000e-04,1.369493000e-04
1.512900000e+00,0.000000000e+00,1.344290000e-04,1.344290000e-04
1.513800000e+00,0.000000000e+00,1.319491000e-04,1.319491000e-04
1.514700000e+00,0.000000000e+00,1.294859000e-04,1.294859000e-04
1.515600000e+00,0.000000000e+00,1.270765000e-04,1.270765000e-04
1.516500000e+00,0.000000000e+00,1.246810000e-04,1.246810000e-04
1.517400000e+00,0.000000000e+00,1.223291000e-04,1.223291000e-04
1.518300000e+00,0.000000000e+00,1.200023000e-04,1.200023000e-04
1.519200000e+00,0.000000000e+00,1.177047000e-04,1.177047000e-04
1.520100000e+00,0.000000000e+00,1.154451000e-04,1.154451000e-04
1.521000000e+00,0.000000000e+00,1.132009000e-04,1.132009000e-04
1.521900000e+00,0.000000000e+00,1.110073000e-04,1.110073000e-04
1.522800000e+00,0.000000000e+00,1.088264000e-04,1.088264000e-04
1.523700000e+00,0.000000000e+00,1.066866000e-04,1.066866000e-04
1.524600000e+00,0.000000000e+00,1.045700000e-04,1.045700000e-04
1.525500000e+00,0.000000000e+00,1.024811000e-04,1.024811000e-04
1.526400000e+00,0.000000000e+00,1.004273000e-04,1.004273000e-04
1.527300000e+00,0.000000000e+00,9.838856000e-05,9.838856000e-05
1.528200000e+00,0.000000000e+00,9.639639000e-05,9.639639000e-05
1.529100000e+00,0.000000000e+00,9.441609000e-05,9.441609000e-05
1.530000000e+00,0.000000000e+00,9.247520000e-05,9.247520000e-05
1.530900000e+00,0.000000000e+00,9.055489000e-05,9.055489000e-05
1.531800000e+00,0.000000000e+00,8.866175000e-05,8.866175000e-05
1.532700000e+00,0.000000000e+00,8.680023000e-05,8.680023000e-05
1.533600000e+00,0.000000000e+00,8.495409000e-05,8.495409000e-05
1.534500000e+00,0.000000000e+00,8.315020000e-05,8.315020000e-05
1.535400000e+00,0.000000000e+00,8.135730000e-05,8.135730000e-05
1.536300000e+00,0.000000000e+00,7.960290000e-05,7.960290000e-05
1.537200000e+00,0.000000000e+00,7.786610000e-05,7.786610000e-05
1.538100000e+00,0.000000000e+00,7.615646000e-05,7.615646000e-05
1.539000000e+00,0.000000000e+00,7.447465000e-05,7.447465000e-05
1.539900000e+00,0.000000000e+00,7.280907000e-05,7.280907000e-05
1.540800000e+00,0.000000000e+00,7.118117000e-05,7.118117000e-05
1.541700000e+00,0.000000000e+00,6.956345000e-05,6.956345000e-05
1.542600000e+00,0.000000000e+00,6.798387000e-05,6.798387000e-05
1.543500000e+00,0.000000000e+00,6.641862000e-05,6.641862000e-05
1.544400000e+00,0.000000000e+00,6.488102000e-05,6.488102000e-05
1.545300000e+00,0.000000000e+00,6.336721000e-05,6.336721000e-05
1.546200000e+00,0.000000000e+00,6.187091000e-05,6.187091000e-05
1.547100000e+00,0.000000000e+00,6.040753000e-05,6.040753000e-05
1.548000000e+00,0.000000000e+00,5.895358000e-05,5.895358000e-05
1.548900000e+00,0.000000000e+00,5.753791000e-05,5.753791000e-05
1.549800000e+00,0.000000000e+00,5.613305000e-05,5.613305000e-05
1.550700000e+00,0.000000000e+00,5.475673000e-05,5.475673000e-05
1.551600000e+00,0.000000000e+00,5.340000000e-05,5.340000000e-05
1.552500000e+00,0.000000000e+00,5.206240000e-05,5.206240000e-05
1.553400000e+00,0.000000000e+00,5.075284000e-05,5.075284000e-05
1.554300000e+00,0.000000000e+00,4.945333000e-05,4.945333000e-05
1.555200000e+00,0.000000000e+00,4.819001000e-05,4.819001000e-05
1.556100000e+00,0.000000000e+00,4.693514000e-05,4.693514000e-05
1.557000000e+00,0.000000000e+00,4.571000000e-05,4.571000000e-05
1.557900000e+00,0.000000000e+00,4.450015000e-05,4.450015000e-05
1.558800000e+00,0.000000000e+00,4.331131000e-05,4.331131000e-05
1.559700000e+00,0.000000000e+00,4.214560000e-05,4.214560000e-05
1.560600000e+00,0.000000000e+00,4.099247000e-05,4.099247000e-05
1.561500000e+00,0.000000000e+00,3.987002000e-05,3.987002000e-05
1.562400000e+00,0.000000000e+00,3.875542000e-05,3.875542000e-05
1.563300000e+00,0.000000000e+00,3.767199000e-05,3.767199000e-05
1.564200000e+00,0.000000000e+00,3.659952000e-05,3.659952000e-05
1.565100000e+00,0.000000000e+00,3.555011000e-05,3.555011000e-05
1.566000000e+00,0.000000000e+00,3.451893000e-05,3.451893000e-05
1.566900000e+00,0.000000000e+00,3.350299000e-05,3.350299000e-05
1.567800000e+00,0.000000000e+00,3.251230000e-05,3.251230000e-05
1.568700000e+00,0.000000000e+00,3.152929000e-05,3.152929000e-05
1.569600000e+00,0.000000000e+00,3.057828000e-05,3.057828000e-05
1.570500000e+00,0.000000000e+00,2.963431000e-05,2.963431000e-05
1.571400000e+00,0.000000000e+00,2.871557000e-05,2.871557000e-05
1.572300000e+00,0.000000000e+00,2.781023000e-05,2.781023000e-05
1.573200000e+00,0.000000000e+00,2.692286000e-05,2.692286000e-05
1.574100000e+00,0.000000000e+00,2.605541000e-05,2.605541000e-05
1.575000000e+00,0.000000000e+00,2.519889000e-05,2.519889000e-05
1.575900000e+00,0.000000000e+00,2.436857000e-05,2.436857000e-05
1.576800000e+00,0.000000000e+00,2.354480000e-05,2.354480000e-05
1.577700000e+00,0.000000000e+00,2.274850000e-05,2.274850000e-05
1.578600000e+00,0.000000000e+00,2.196089000e-05,2.196089000e-05
1.579500000e+00,0.000000000e+00,2.119397000e-05,2.119397000e-05
1.580400000e+00,0.000000000e+00,2.044181000e-05,2.044181000e-05
1.581300000e+00,0.000000000e+00,1.970381000e-05,1.970381000e-05
1.582200000e+00,0.000000000e+00,1.898640000e-05,1.898640000e-05
1.583100000e+00,0.000000000e+00,1.827683000e-05,1.827683000e-05
1.584000000e+00,0.000000000e+00,1.759348000e-05,1.759348000e-05
1.584900000e+00,0.000000000e+00,1.691600000e-05,1.691600000e-05
1.585800000e+00,0.000000000e+00,1.626194000e-05,1.626194000e-05
1.586700000e+00,0.000000000e+00,1.561763000e-05,1.561763000e-05
1.587600000e+00,0.000000000e+00,1.499065000e-05,1.499065000e-05
1.588500000e+00,0.000000000e+00,1.437886000e-05,1.437886000e-05
1.589400000e+00,0.000000000e+00,1.377851000e-05,1.377851000e-05
1.590300000e+00,0.000000000e+00,1.319860000e-05,1.319860000e-05
1.591200000e+00,0.000000000e+00,1.262446000e-05,1.262446000e-05
1.592100000e+00,0.000000000e+00,1.207579000e-05,1.207579000e-05
1.593000000e+00,0.000000000e+00,1.153239000e-05,1.153239000e-05
1.593900000e+00,0.000000000e+00,1.100938000e-05,1.100938000e-05
1.594800000e+00,0.000000000e+00,1.049641000e-05,1.049641000e-05
1.595700000e+00,0.000000000e+00,9.998351000e-06,9.998351000e-06
1.596600000e+00,0.000000000e+00,9.515207000e-06,9.515207000e-06
1.597500000e+00,0.000000000e+00,9.041685000e-06,9.041685000e-06
1.598400000e+00,0.000000000e+00,8.587777000e-06,8.587777000e-06
1.599300000e+00,0.000000000e+00,8.138782000e-06,8.138782000e-06
1.600200000e+00,0.000000000e+00,7.713140000e-06,7.713140000e-06
1.601100000e+00,0.000000000e+00,7.292620000e-06,7.292620000e-06
1.602000000e+00,0.000000000e+00,6.890332000e-06,6.890332000e-06
1.602900000e+00,0.000000000e+00,6.497723000e-06,6.497723000e-06
1.603800000e+00,0.000000000e+00,6.118406000e-06,6.118406000e-06
1.604700000e+00,0.000000000e+00,5.753153000e-06,5.753153000e-06
1.605600000e+00,0.000000000e+00,5.396431000e-06,5.396431000e-06
1.606500000e+00,0.000000000e+00,5.057991000e-06,5.057991000e-06
1.607400000e+00,0.000000000e+00,4.723973000e-06,4.723973000e-06
1.608300000e+00,0.000000000e+00,4.411333000e-06,4.411333000e-06
1.609200000e+00,0.000000000e+00,4.103430000e-06,4.103430000e-06
1.610100000e+00,0.000000000e+00,3.812289000e-06,3.812289000e-06
1.611000000e+00,0.000000000e+00,3.529983000e-06,3.529983000e-06
1.611900000e+00,0.000000000e+00,3.259986000e-06,3.259986000e-06
1.612800000e+00,0.000000000e+00,3.002768000e-06,3.002768000e-06
1.613700000e+00,0.000000000e+00,2.753567000e-06,2.753567000e-06
1.614600000e+00,0.000000000e+00,2.520936000e-06,2.520936000e-06
1.615500000e+00,0.000000000e+00,2.292287000e-06,2.292287000e-06
1.616400000e+00,0.000000000e+00,2.083656000e-06,2.083656000e-06
1.617300000e+00,0.000000000e+00,1.878955000e-06,1.878955000e-06
1.618200000e+00,0.000000000e+00,1.690106000e-06,1.690106000e-06
1.619100000e+00,0.000000000e+00,1.508877000e-06,1.508877000e-06
1.620000000e+00,0.000000000e+00,1.339484000e-06,1.339484000e-06
1.620900000e+00,0.000000000e+00,1.181258000e-06,1.181258000e-06
1.621800000e+00,0.000000000e+00,1.030997000e-06,1.030997000e-06
1.622700000e+00,0.000000000e+00,8.953145000e-07,8.953145000e-07
1.623600000e+00,0.000000000e+00,7.638692000e-07,7.638692000e-07
1.624500000e+00,0.000000000e+00,6.502795000e-07,6.502795000e-07
1.625400000e+00,0.000000000e+00,5.401449000e-07,5.401449000e-07
1.626300000e+00,0.000000000e+00,4.453976000e-07,4.453976000e-07
1.627200000e+00,0.000000000e+00,3.567822000e-07,3.567822000e-07
1.628100000e+00,0.000000000e+00,2.799270000e-07,2.799270000e-07
1.629000000e+00,0.000000000e+00,2.124002000e-07,2.124002000e-07
1.629900000e+00,0.000000000e+00,1.531390000e-07,1.531390000e-07
1.630800000e+00,0.000000000e+00,1.062783000e-07,1.062783000e-07
1.631700000e+00,0.000000000e+00,6.431729000e-08,6.431729000e-08
1.632600000e+00,0.000000000e+00,3.770819000e-08,3.770819000e-08
1.633500000e+00,0.000000000e+00,1.421731000e-08,1.421731000e-08
1.634400000e+00,0.000000000e+00,5.994094000e-09,5.994094000e-09
1.635300000e+00,0.000000000e+00,0.000000000e+00,0.000000000e+00
1.636200000e+00,0.000000000e+00,0.000000000e+00,0.000000000e+00
1.637100000e+00,0.000000000e+00,0.000000000e+00,0.000000000e+00
1.638000000e+00,0.000000000e+00,0.000000000e+00,0.000000000e+00
1.638900000e+00,0.000000000e+00,0.000000000e+00,0.000000000e+00
1.639800000e+00,0.000000000e+00,0.000000000e+00,0.000000000e+00
1.640700000e+00,0.000000000e+00,0.000000000e+00,0.000000000e+00
1.641600000e+00,0.000000000e+00,0.000000000e+00,0.000000000e+00
1.642500000e+00,0.000000000e+00,0.000000000e+00,0.000000000e+00
1.643400000e+00,0.000000000e+00,0.000000000e+00,0.000000000e+00
1.644300000e+00,0.000000000e+00,0.000000000e+00,0.000000000e+00
1.645200000e+00,0.000000000e+00,0.000000000e+00,0.000000000e+00
1.646100000e+00,0.000000000e+00,0.000000000e+00,0.000000000e+00
1.647000000e+00,0.000000000e+00,0.000000000e+00,0.000000000e+00
1.647900000e+00,0.000000000e+00,0.000000000e+00,0.000000000e+00
1.648800000e+00,0.000000000e+00,0.000000000e+00,0.000000000e+00
1.649700000e+00,0.000000000e+00,0.000000000e+00,0.000000000e+00
1.650600000e+00,0.000000000e+00,0.000000000e+00,0.000000000e+00
1.651500000e+00,0.000000000e+00,0.000000000e+00,0.000000000e+00
1.652400000e+00,0.000000000e+00,0.000000000e+00,0.000000000e+00
1.653300000e+00,0.000000000e+00,0.000000000e+00,0.000000000e+00
1.654200000e+00,0.000000000e+00,0.000000000e+00,0.000000000e+00
1.655100000e+00,0.000000000e+00,0.000000000e+00,0.000000000e+00
1.656000000e+00,0.000000000e+00,0.000000000e+00,0.000000000e+00
1.656900000e+00,0.000000000e+00,0.000000000e+00,0.000000000e+00
1.657800000e+00,0.000000000e+00,0.000000000e+00,0.000000000e+00
1.658700000e+00,0.000000000e+00,0.000000000e+00,0.000000000e+00
1.659600000e+00,0.000000000e+00,0.000000000e+00,0.000000000e+00
1.660500000e+00,0.000000000e+00,0.000000000e+00,0.000000000e+00
1.661400000e+00,0.000000000e+00,0.000000000e+00,0.000000000e+00
1.662300000e+00,0.000000000e+00,0.000000000e+00,0.000000000e+00
1.663200000e+00,0.000000000e+00,0.000000000e+00,0.000000000e+00
1.664100000e+00,0.000000000e+00,0.000000000e+00,0.000000000e+00
1.665000000e+00,0.000000000e+00,0.000000000e+00,0.000000000e+00
1.665900000e+00,0.000000000e+00,0.000000000e+00,0.000000000e+00
1.666800000e+00,0.000000000e+00,0.000000000e+00,0.000000000e+00
1.667700000e+00,0.000000000e+00,0.000000000e+00,0.000000000e+00
1.668600000e+00,0.000000000e+00,0.000000000e+00,0.000000000e+00
1.669500000e+00,0.000000000e+00,0.000000000e+00,0.000000000e+00
1.670400000e+00,0.000000000e+00,0.000000000e+00,0.000000000e+00
1.671300000e+00,0.000000000e+00,0.000000000e+00,0.000000000e+00
1.672200000e+00,0.000000000e+00,0.000000000e+00,0.000000000e+00
1.673100000e+00,0.000000000e+00,0.000000000e+00,0.000000000e+00
1.674000000e+00,0.000000000e+00,0.000000000e+00,0.000000000e+00
1.674900000e+00,0.000000000e+00,0.000000000e+00,0.000000000e+00
1.675800000e+00,0.000000000e+00,0.000000000e+00,0.000000000e+00
1.676700000e+00,0.000000000e+00,0.000000000e+00,0.000000000e+00
1.677600000e+00,0.000000000e+00,0.000000000e+00,0.000000000e+00
1.678500000e+00,0.000000000e+00,0.000000000e+00,0.000000000e+00
1.679400000e+00,0.000000000e+00,0.000000000e+00,0.000000000e+00
1.680300000e+00,0.000000000e+00,0.000000000e+00,0.000000000e+00
1.681200000e+00,0.000000000e+00,0.000000000e+00,0.000000000e+00
1.682100000e+00,0.000000000e+00,0.000000000e+00,0.000000000e+00
1.683000000e+00,0.000000000e+00,0.000000000e+00,0.000000000e+00
1.683900000e+00,0.000000000e+00,0.000000000e+00,0.000000000e+00
1.684800000e+00,0.000000000e+00,0.000000000e+00,0.000000000e+00
1.685700000e+00,0.000000000e+00,0.000000000e+00,0.000000000e+00
1.686600000e+00,0.000000000e+00,0.000000000e+00,0.000000000e+00
1.687500000e+00,0.000000000e+00,0.000000000e+00,0.000000000e+00
1.688400000e+00,0.000000000e+00,0.000000000e+00,0.000000000e+00
1.689300000e+00,0.000000000e+00,0.000000000e+00,0.000000000e+00
1.690200000e+00,0.000000000e+00,0.000000000e+00,0.000000000e+00
1.691100000e+00,0.000000000e+00,0.000000000e+00,0.000000000e+00
1.692000000e+00,0.000000000e+00,0.000000000e+00,0.000000000e+00
1.692900000e+00,0.000000000e+00,0.000000000e+00,0.000000000e+00
1.693800000e+00,0.000000000e+00,0.000000000e+00,0.000000000e+00
1.694700000e+00,0.000000000e+00,0.000000000e+00,0.000000000e+00
1.695600000e+00,0.000000000e+00,0.000000000e+00,0.000000000e+00
1.696500000e+00,0.000000000e+00,0.000000000e+00,0.000000000e+00
1.697400000e+00,0.000000000e+00,0.000000000e+00,0.000000000e+00
1.698300000e+00,0.000000000e+00,0.000000000e+00,0.000000000e+00
1.699200000e+00,0.000000000e+00,0.000000000e+00,0.000000000e+00
1.700200000e+00,0.000000000e+00,0.000000000e+00,0.000000000e+00
1.701100000e+00,0.000000000e+00,0.000000000e+00,0.000000000e+00
1.702000000e+00,0.000000000e+00,0.000000000e+00,0.000000000e+00
1.702900000e+00,0.000000000e+00,0.000000000e+00,0.000000000e+00
1.703800000e+00,0.000000000e+00,0.000000000e+00,0.000000000e+00
1.704700000e+00,0.000000000e+00,0.000000000e+00,0.000000000e+00
1.705600000e+00,0.000000000e+00,0.000000000e+00,0.000000000e+00
1.706500000e+00,0.000000000e+00,0.000000000e+00,0.000000000e+00
1.707400000e+00,0.000000000e+00,0.000000000e+00,0.000000000e+00
1.708300000e+00,0.000000000e+00,0.000000000e+00,0.000000000e+00
1.709200000e+00,0.000000000e+00,0.000000000e+00,0.000000000e+00
1.710100000e+00,0.000000000e+00,0.000000000e+00,0.000000000e+00
1.711000000e+00,0.000000000e+00,0.000000000e+00,0.000000000e+00
1.711900000e+00,0.000000000e+00,0.000000000e+00,0.000000000e+00
1.712800000e+00,0.000000000e+00,0.000000000e+00,0.000000000e+00
1.713700000e+00,0.000000000e+00,0.000000000e+00,0.000000000e+00
1.714600000e+00,0.000000000e+00,0.000000000e+00,0.000000000e+00
1.715500000e+00,0.000000000e+00,0.000000000e+00,0.000000000e+00
1.716400000e+00,0.000000000e+00,0.000000000e+00,0.000000000e+00
1.717300000e+00,0.000000000e+00,0.000000000e+00,0.000000000e+00
1.718200000e+00,0.000000000e+00,0.000000000e+00,0.000000000e+00
1.719100000e+00,0.000000000e+00,0.000000000e+00,0.000000000e+00
1.720000000e+00,0.000000000e+00,0.000000000e+00,0.000000000e+00
1.720900000e+00,0.000000000e+00,0.000000000e+00,0.000000000e+00
1.721800000e+00,0.000000000e+00,0.000000000e+00,0.000000000e+00
1.722700000e+00,0.000000000e+00,0.000000000e+00,0.000000000e+00
1.723600000e+00,0.000000000e+00,0.000000000e+00,0.000000000e+00
1.724500000e+00,0.000000000e+00,0.000000000e+00,0.000000000e+00
1.725400000e+00,0.000000000e+00,0.000000000e+00,0.000000000e+00
1.726300000e+00,0.000000000e+00,0.000000000e+00,0.000000000e+00
1.727200000e+00,0.000000000e+00,0.000000000e+00,0.000000000e+00
1.728100000e+00,0.000000000e+00,0.000000000e+00,0.000000000e+00
1.729000000e+00,0.000000000e+00,0.000000000e+00,0.000000000e+00
1.729900000e+00,0.000000000e+00,0.000000000e+00,0.000000000e+00
1.730800000e+00,0.000000000e+00,0.000000000e+00,0.000000000e+00
1.731700000e+00,0.000000000e+00,0.000000000e+00,0.000000000e+00
1.732600000e+00,0.000000000e+00,0.000000000e+00,0.000000000e+00
1.733500000e+00,0.000000000e+00,0.000000000e+00,0.000000000e+00
1.734400000e+00,0.000000000e+00,0.000000000e+00,0.000000000e+00
1.735300000e+00,0.000000000e+00,0.000000000e+00,0.000000000e+00
1.736200000e+00,0.000000000e+00,0.000000000e+00,0.000000000e+00
1.737100000e+00,0.000000000e+00,0.000000000e+00,0.000000000e+00
1.738000000e+00,0.000000000e+00,0.000000000e+00,0.000000000e+00
1.738900000e+00,0.000000000e+00,0.000000000e+00,0.000000000e+00
1.739800000e+00,0.000000000e+00,0.000000000e+00,0.000000000e+00
1.740700000e+00,0.000000000e+00,0.000000000e+00,0.000000000e+00
1.741600000e+00,0.000000000e+00,0.000000000e+00,0.000000000e+00
1.742500000e+00,0.000000000e+00,0.000000000e+00,0.000000000e+00
1.743400000e+00,0.000000000e+00,0.000000000e+00,0.000000000e+00
1.744300000e+00,0.000000000e+00,0.000000000e+00,0.000000000e+00
1.745200000e+00,0.000000000e+00,0.000000000e+00,0.000000000e+00
1.746100000e+00,0.000000000e+00,0.000000000e+00,0.000000000e+00
1.747000000e+00,0.000000000e+00,0.000000000e+00,0.000000000e+00
1.747900000e+00,0.000000000e+00,0.000000000e+00,0.000000000e+00
1.748800000e+00,0.000000000e+00,0.000000000e+00,0.000000000e+00
1.749700000e+00,0.000000000e+00,0.000000000e+00,0.000000000e+00
1.750600000e+00,0.000000000e+00,0.000000000e+00,0.000000000e+00
1.751500000e+00,0.000000000e+00,0.000000000e+00,0.000000000e+00
1.752400000e+00,0.000000000e+00,0.000000000e+00,0.000000000e+00
1.753300000e+00,0.000000000e+00,0.000000000e+00,0.000000000e+00
1.754200000e+00,0.000000000e+00,0.000000000e+00,0.000000000e+00
1.755100000e+00,0.000000000e+00,0.000000000e+00,0.000000000e+00
1.756000000e+00,0.000000000e+00,0.000000000e+00,0.000000000e+00
1.756900000e+00,0.000000000e+00,0.000000000e+00,0.000000000e+00
1.757800000e+00,0.000000000e+00,0.000000000e+00,0.000000000e+00
1.758700000e+00,0.000000000e+00,0.000000000e+00,0.000000000e+00
1.759600000e+00,0.000000000e+00,0.000000000e+00,0.000000000e+00
1.760500000e+00,0.000000000e+00,0.000000000e+00,0.000000000e+00
1.761400000e+00,0.000000000e+00,0.000000000e+00,0.000000000e+00
1.762300000e+00,0.000000000e+00,0.000000000e+00,0.000000000e+00
1.763200000e+00,0.000000000e+00,0.000000000e+00,0.000000000e+00
1.764100000e+00,0.000000000e+00,0.000000000e+00,0.000000000e+00
1.765000000e+00,0.000000000e+00,0.000000000e+00,0.000000000e+00
1.765900000e+00,0.000000000e+00,0.000000000e+00,0.000000000e+00
1.766800000e+00,0.000000000e+00,0.000000000e+00,0.000000000e+00
1.767700000e+00,0.000000000e+00,0.000000000e+00,0.000000000e+00
1.768600000e+00,0.000000000e+00,0.000000000e+00,0.000000000e+00
1.769500000e+00,0.000000000e+00,0.000000000e+00,0.000000000e+00
1.770400000e+00,0.000000000e+00,0.000000000e+00,0.000000000e+00
1.771300000e+00,0.000000000e+00,0.000000000e+00,0.000000000e+00
1.772200000e+00,0.000000000e+00,0.000000000e+00,0.000000000e+00
1.773100000e+00,0.000000000e+00,0.000000000e+00,0.000000000e+00
1.774000000e+00,0.000000000e+00,0.000000000e+00,0.000000000e+00
1.774900000e+00,0.000000000e+00,0.000000000e+00,0.000000000e+00
1.775800000e+00,0.000000000e+00,0.000000000e+00,0.000000000e+00
1.776700000e+00,0.000000000e+00,0.000000000e+00,0.000000000e+00
1.777600000e+00,0.000000000e+00,0.000000000e+00,0.000000000e+00
1.778500000e+00,0.000000000e+00,0.000000000e+00,0.000000000e+00
1.779400000e+00,0.000000000e+00,0.000000000e+00,0.000000000e+00
1.780300000e+00,0.000000000e+00,0.000000000e+00,0.000000000e+00
1.781200000e+00,0.000000000e+00,0.000000000e+00,0.000000000e+00
1.782100000e+00,0.000000000e+00,0.000000000e+00,0.000000000e+00
1.783000000e+00,0.000000000e+00,0.000000000e+00,0.000000000e+00
1.783900000e+00,0.000000000e+00,0.000000000e+00,0.000000000e+00
1.784800000e+00,0.000000000e+00,0.000000000e+00,0.000000000e+00
1.785700000e+00,0.000000000e+00,0.000000000e+00,0.000000000e+00
1.786600000e+00,0.000000000e+00,0.000000000e+00,0.000000000e+00
1.787500000e+00,0.000000000e+00,0.000000000e+00,0.000000000e+00
1.788400000e+00,0.000000000e+00,0.000000000e+00,0.000000000e+00
1.789300000e+00,0.000000000e+00,0.000000000e+00,0.000000000e+00
1.790200000e+00,0.000000000e+00,0.000000000e+00,0.000000000e+00
1.791100000e+00,0.000000000e+00,0.000000000e+00,0.000000000e+00
1.792000000e+00,0.000000000e+00,0.000000000e+00,0.000000000e+00
1.792900000e+00,0.000000000e+00,0.000000000e+00,0.000000000e+00
1.793800000e+00,0.000000000e+00,0.000000000e+00,0.000000000e+00
1.794700000e+00,0.000000000e+00,0.000000000e+00,0.000000000e+00
1.795600000e+00,0.000000000e+00,0.000000000e+00,0.000000000e+00
1.796500000e+00,0.000000000e+00,0.000000000e+00,0.000000000e+00
1.797400000e+00,0.000000000e+00,0.000000000e+00,0.000000000e+00
1.798300000e+00,0.000000000e+00,0.000000000e+00,0.000000000e+00
1.799200000e+00,0.000000000e+00,0.000000000e+00,0.000000000e+00
1.800100000e+00,0.000000000e+00,0.000000000e+00,0.000000000e+00
1.801000000e+00,0.000000000e+00,0.000000000e+00,0.000000000e+00
1.801900000e+00,0.000000000e+00,0.000000000e+00,0.000000000e+00
1.802800000e+00,0.000000000e+00,0.000000000e+00,0.000000000e+00
1.803700000e+00,0.000000000e+00,0.000000000e+00,0.000000000e+00
1.804600000e+00,0.000000000e+00,0.000000000e+00,0.000000000e+00
1.805500000e+00,0.000000000e+00,0.000000000e+00,0.000000000e+00
1.806400000e+00,0.000000000e+00,0.000000000e+00,0.000000000e+00
1.807300000e+00,0.000000000e+00,0.000000000e+00,0.000000000e+00
1.808200000e+00,0.000000000e+00,0.000000000e+00,0.000000000e+00
1.809100000e+00,0.000000000e+00,0.000000000e+00,0.000000000e+00
1.810000000e+00,0.000000000e+00,0.000000000e+00,0.000000000e+00
1.810900000e+00,0.000000000e+00,0.000000000e+00,0.000000000e+00
1.811800000e+00,0.000000000e+00,0.000000000e+00,0.000000000e+00
1.812700000e+00,0.000000000e+00,0.000000000e+00,0.000000000e+00
1.813600000e+00,0.000000000e+00,0.000000000e+00,0.000000000e+00
1.814500000e+00,0.000000000e+00,0.000000000e+00,0.000000000e+00
1.815400000e+00,0.000000000e+00,0.000000000e+00,0.000000000e+00
1.816300000e+00,0.000000000e+00,0.000000000e+00,0.000000000e+00
1.817200000e+00,0.000000000e+00,0.000000000e+00,0.000000000e+00
1.818100000e+00,0.000000000e+00,0.000000000e+00,0.000000000e+00
1.819000000e+00,0.000000000e+00,0.000000000e+00,0.000000000e+00
1.819900000e+00,0.000000000e+00,0.000000000e+00,0.000000000e+00
1.820800000e+00,0.000000000e+00,0.000000000e+00,0.000000000e+00
1.821700000e+00,0.000000000e+00,0.000000000e+00,0.000000000e+00
1.822600000e+00,0.000000000e+00,0.000000000e+00,0.000000000e+00
1.823500000e+00,0.000000000e+00,0.000000000e+00,0.000000000e+00
1.824400000e+00,0.000000000e+00,0.000000000e+00,0.000000000e+00
1.825300000e+00,0.000000000e+00,0.000000000e+00,0.000000000e+00
1.826200000e+00,0.000000000e+00,0.000000000e+00,0.000000000e+00
1.827100000e+00,0.000000000e+00,0.000000000e+00,0.000000000e+00
1.828000000e+00,0.000000000e+00,0.000000000e+00,0.000000000e+00
1.828900000e+00,0.000000000e+00,0.000000000e+00,0.000000000e+00
1.829800000e+00,0.000000000e+00,0.000000000e+00,0.000000000e+00
1.830700000e+00,0.000000000e+00,0.000000000e+00,0.000000000e+00
1.831600000e+00,0.000000000e+00,0.000000000e+00,0.000000000e+00
1.832500000e+00,0.000000000e+00,0.000000000e+00,0.000000000e+00
1.833400000e+00,0.000000000e+00,0.000000000e+00,0.000000000e+00
1.834300000e+00,0.000000000e+00,0.000000000e+00,0.000000000e+00
1.835200000e+00,0.000000000e+00,0.000000000e+00,0.000000000e+00
1.836100000e+00,0.000000000e+00,0.000000000e+00,0.000000000e+00
1.837000000e+00,0.000000000e+00,0.000000000e+00,0.000000000e+00
1.837900000e+00,0.000000000e+00,0.000000000e+00,0.000000000e+00
1.838800000e+00,0.000000000e+00,0.000000000e+00,0.000000000e+00
1.839700000e+00,0.000000000e+00,0.000000000e+00,0.000000000e+00
1.840600000e+00,0.000000000e+00,0.000000000e+00,0.000000000e+00
1.841500000e+00,0.000000000e+00,0.000000000e+00,0.000000000e+00
1.842400000e+00,0.000000000e+00,0.000000000e+00,0.000000000e+00
1.843300000e+00,0.000000000e+00,0.000000000e+00,0.000000000e+00
1.844200000e+00,0.000000000e+00,0.000000000e+00,0.000000000e+00
1.845100000e+00,0.000000000e+00,0.000000000e+00,0.000000000e+00
1.846000000e+00,0.000000000e+00,0.000000000e+00,0.000000000e+00
1.846900000e+00,0.000000000e+00,0.000000000e+00,0.000000000e+00
1.847800000e+00,0.000000000e+00,0.000000000e+00,0.000000000e+00
1.848700000e+00,0.000000000e+00,0.000000000e+00,0.000000000e+00
1.849600000e+00,0.000000000e+00,0.000000000e+00,0.000000000e+00
1.850500000e+00,0.000000000e+00,0.000000000e+00,0.000000000e+00
1.851400000e+00,0.000000000e+00,0.000000000e+00,0.000000000e+00
1.852300000e+00,0.000000000e+00,0.000000000e+00,0.000000000e+00
1.853200000e+00,0.000000000e+00,0.000000000e+00,0.000000000e+00
1.854100000e+00,0.000000000e+00,0.000000000e+00,0.000000000e+00
1.855000000e+00,0.000000000e+00,0.000000000e+00,0.000000000e+00
1.855900000e+00,0.000000000e+00,0.000000000e+00,0.000000000e+00
1.856800000e+00,0.000000000e+00,0.000000000e+00,0.000000000e+00
1.857700000e+00,0.000000000e+00,0.000000000e+00,0.000000000e+00
1.858600000e+00,0.000000000e+00,0.000000000e+00,0.000000000e+00
1.859500000e+00,0.000000000e+00,0.000000000e+00,0.000000000e+00
1.860400000e+00,0.000000000e+00,0.000000000e+00,0.000000000e+00
1.861300000e+00,0.000000000e+00,0.000000000e+00,0.000000000e+00
1.862200000e+00,0.000000000e+00,0.000000000e+00,0.000000000e+00
1.863100000e+00,0.000000000e+00,0.000000000e+00,0.000000000e+00
1.864000000e+00,0.000000000e+00,0.000000000e+00,0.000000000e+00
1.864900000e+00,0.000000000e+00,0.000000000e+00,0.000000000e+00
1.865800000e+00,0.000000000e+00,0.000000000e+00,0.000000000e+00
1.866700000e+00,0.000000000e+00,0.000000000e+00,0.000000000e+00
1.867600000e+00,0.000000000e+00,0.000000000e+00,0.000000000e+00
1.868500000e+00,0.000000000e+00,0.000000000e+00,0.000000000e+00
1.869400000e+00,0.000000000e+00,0.000000000e+00,0.000000000e+00
1.870300000e+00,0.000000000e+00,0.000000000e+00,0.000000000e+00
1.871200000e+00,0.000000000e+00,0.000000000e+00,0.000000000e+00
1.872100000e+00,0.000000000e+00,0.000000000e+00,0.000000000e+00
1.873000000e+00,0.000000000e+00,0.000000000e+00,0.000000000e+00
1.873900000e+00,0.000000000e+00,0.000000000e+00,0.000000000e+00
1.874800000e+00,0.000000000e+00,0.000000000e+00,0.000000000e+00
1.875700000e+00,0.000000000e+00,0.000000000e+00,0.000000000e+00
1.876600000e+00,0.000000000e+00,0.000000000e+00,0.000000000e+00
1.877500000e+00,0.000000000e+00,0.000000000e+00,0.000000000e+00
1.878400000e+00,0.000000000e+00,0.000000000e+00,0.000000000e+00
1.879300000e+00,0.000000000e+00,0.000000000e+00,0.000000000e+00
1.880200000e+00,0.000000000e+00,0.000000000e+00,0.000000000e+00
1.881100000e+00,0.000000000e+00,0.000000000e+00,0.000000000e+00
1.882000000e+00,0.000000000e+00,0.000000000e+00,0.000000000e+00
1.882900000e+00,0.000000000e+00,0.000000000e+00,0.000000000e+00
1.883800000e+00,0.000000000e+00,0.000000000e+00,0.000000000e+00
1.884700000e+00,0.000000000e+00,0.000000000e+00,0.000000000e+00
1.885600000e+00,0.000000000e+00,0.000000000e+00,0.000000000e+00
1.886500000e+00,0.000000000e+00,0.000000000e+00,0.000000000e+00
1.887400000e+00,0.000000000e+00,0.000000000e+00,0.000000000e+00
1.888300000e+00,0.000000000e+00,0.000000000e+00,0.000000000e+00
1.889200000e+00,0.000000000e+00,0.000000000e+00,0.000000000e+00
1.890100000e+00,0.000000000e+00,0.000000000e+00,0.000000000e+00
1.891000000e+00,0.000000000e+00,0.000000000e+00,0.000000000e+00
1.891900000e+00,0.000000000e+00,0.000000000e+00,0.000000000e+00
1.892800000e+00,0.000000000e+00,0.000000000e+00,0.000000000e+00
1.893700000e+00,0.000000000e+00,0.000000000e+00,0.000000000e+00
1.894600000e+00,0.000000000e+00,0.000000000e+00,0.000000000e+00
1.895500000e+00,0.000000000e+00,0.000000000e+00,0.000000000e+00
1.896400000e+00,0.000000000e+00,0.000000000e+00,0.000000000e+00
1.897300000e+00,0.000000000e+00,0.000000000e+00,0.000000000e+00
1.898200000e+00,0.000000000e+00,0.000000000e+00,0.000000000e+00
1.899100000e+00,0.000000000e+00,0.000000000e+00,0.000000000e+00
1.900100000e+00,0.000000000e+00,0.000000000e+00,0.000000000e+00
1.901000000e+00,0.000000000e+00,0.000000000e+00,0.000000000e+00
1.901900000e+00,0.000000000e+00,0.000000000e+00,0.000000000e+00
1.902800000e+00,0.000000000e+00,0.000000000e+00,0.000000000e+00
1.903700000e+00,0.000000000e+00,0.000000000e+00,0.000000000e+00
1.904600000e+00,0.000000000e+00,0.000000000e+00,0.000000000e+00
1.905500000e+00,0.000000000e+00,0.000000000e+00,0.000000000e+00
1.906400000e+00,0.000000000e+00,0.000000000e+00,0.000000000e+00
1.907300000e+00,0.000000000e+00,0.000000000e+00,0.000000000e+00
1.908200000e+00,0.000000000e+00,0.000000000e+00,0.000000000e+00
1.909100000e+00,0.000000000e+00,0.000000000e+00,0.000000000e+00
1.910000000e+00,0.000000000e+00,0.000000000e+00,0.000000000e+00
1.910900000e+00,0.000000000e+00,0.000000000e+00,0.000000000e+00
1.911800000e+00,0.000000000e+00,0.000000000e+00,0.000000000e+00
1.912700000e+00,0.000000000e+00,0.000000000e+00,0.000000000e+00
1.913600000e+00,0.000000000e+00,0.000000000e+00,0.000000000e+00
1.914500000e+00,0.000000000e+00,0.000000000e+00,0.000000000e+00
1.915400000e+00,0.000000000e+00,0.000000000e+00,0.000000000e+00
1.916300000e+00,0.000000000e+00,0.000000000e+00,0.000000000e+00
1.917200000e+00,0.000000000e+00,0.000000000e+00,0.000000000e+00
1.918100000e+00,0.000000000e+00,0.000000000e+00,0.000000000e+00
1.919000000e+00,0.000000000e+00,0.000000000e+00,0.000000000e+00
1.919900000e+00,0.000000000e+00,0.000000000e+00,0.000000000e+00
1.920800000e+00,0.000000000e+00,0.000000000e+00,0.000000000e+00
1.921700000e+00,0.000000000e+00,0.000000000e+00,0.000000000e+00
1.922600000e+00,0.000000000e+00,0.000000000e+00,0.000000000e+00
1.923500000e+00,0.000000000e+00,0.000000000e+00,0.000000000e+00
1.924400000e+00,0.000000000e+00,0.000000000e+00,0.000000000e+00
1.925300000e+00,0.000000000e+00,0.000000000e+00,0.000000000e+00
1.926200000e+00,0.000000000e+00,0.000000000e+00,0.000000000e+00
1.927100000e+00,0.000000000e+00,0.000000000e+00,0.000000000e+00
1.928000000e+00,0.000000000e+00,0.000000000e+00,0.000000000e+00
1.928900000e+00,0.000000000e+00,0.000000000e+00,0.000000000e+00
1.929800000e+00,0.000000000e+00,0.000000000e+00,0.000000000e+00
1.930700000e+00,0.000000000e+00,0.000000000e+00,0.000000000e+00
1.931600000e+00,0.000000000e+00,0.000000000e+00,0.000000000e+00
1.932500000e+00,0.000000000e+00,0.000000000e+00,0.000000000e+00
1.933400000e+00,0.000000000e+00,0.000000000e+00,0.000000000e+00
1.934300000e+00,0.000000000e+00,0.000000000e+00,0.000000000e+00
1.935200000e+00,0.000000000e+00,0.000000000e+00,0.000000000e+00
1.936100000e+00,0.000000000e+00,0.000000000e+00,0.000000000e+00
1.937000000e+00,0.000000000e+00,0.000000000e+00,0.000000000e+00
1.937900000e+00,0.000000000e+00,0.000000000e+00,0.000000000e+00
1.938800000e+00,0.000000000e+00,0.000000000e+00,0.000000000e+00
1.939700000e+00,0.000000000e+00,0.000000000e+00,0.000000000e+00
1.940600000e+00,0.000000000e+00,0.000000000e+00,0.000000000e+00
1.941500000e+00,0.000000000e+00,0.000000000e+00,0.000000000e+00
1.942400000e+00,0.000000000e+00,0.000000000e+00,0.000000000e+00
1.943300000e+00,0.000000000e+00,0.000000000e+00,0.000000000e+00
1.944200000e+00,0.000000000e+00,0.000000000e+00,0.000000000e+00
1.945100000e+00,0.000000000e+00,0.000000000e+00,0.000000000e+00
1.946000000e+00,0.000000000e+00,0.000000000e+00,0.000000000e+00
1.946900000e+00,0.000000000e+00,0.000000000e+00,0.000000000e+00
1.947800000e+00,0.000000000e+00,0.000000000e+00,0.000000000e+00
1.948700000e+00,0.000000000e+00,0.000000000e+00,0.000000000e+00
1.949600000e+00,0.000000000e+00,0.000000000e+00,0.000000000e+00
1.950500000e+00,0.000000000e+00,0.000000000e+00,0.000000000e+00
1.951400000e+00,0.000000000e+00,0.000000000e+00,0.000000000e+00
1.952300000e+00,0.000000000e+00,0.000000000e+00,0.000000000e+00
1.953200000e+00,0.000000000e+00,0.000000000e+00,0.000000000e+00
1.954100000e+00,0.000000000e+00,0.000000000e+00,0.000000000e+00
1.955000000e+00,0.000000000e+00,0.000000000e+00,0.000000000e+00
1.955900000e+00,0.000000000e+00,0.000000000e+00,0.000000000e+00
1.956800000e+00,0.000000000e+00,0.000000000e+00,0.000000000e+00
1.957700000e+00,0.000000000e+00,0.000000000e+00,0.000000000e+00
1.958600000e+00,0.000000000e+00,0.000000000e+00,0.000000000e+00
1.959500000e+00,0.000000000e+00,0.000000000e+00,0.000000000e+00
1.960400000e+00,0.000000000e+00,0.000000000e+00,0.000000000e+00
1.961300000e+00,0.000000000e+00,0.000000000e+00,0.000000000e+00
1.962200000e+00,0.000000000e+00,0.000000000e+00,0.000000000e+00
1.963100000e+00,0.000000000e+00,0.000000000e+00,0.000000000e+00
1.964000000e+00,0.000000000e+00,0.000000000e+00,0.000000000e+00
1.964900000e+00,0.000000000e+00,0.000000000e+00,0.000000000e+00
1.965800000e+00,0.000000000e+00,0.000000000e+00,0.000000000e+00
1.966700000e+00,0.000000000e+00,0.000000000e+00,0.000000000e+00
1.967600000e+00,0.000000000e+00,0.000000000e+00,0.000000000e+00
1.968500000e+00,0.000000000e+00,0.000000000e+00,0.000000000e+00
1.969400000e+00,0.000000000e+00,0.000000000e+00,0.000000000e+00
1.970300000e+00,0.000000000e+00,0.000000000e+00,0.000000000e+00
1.971200000e+00,0.000000000e+00,0.000000000e+00,0.000000000e+00
1.972100000e+00,0.000000000e+00,0.000000000e+00,0.000000000e+00
1.973000000e+00,0.000000000e+00,0.000000000e+00,0.000000000e+00
1.973900000e+00,0.000000000e+00,0.000000000e+00,0.000000000e+00
1.974800000e+00,0.000000000e+00,0.000000000e+00,0.000000000e+00
1.975700000e+00,0.000000000e+00,0.000000000e+00,0.000000000e+00
1.976600000e+00,0.000000000e+00,0.000000000e+00,0.000000000e+00
1.977500000e+00,0.000000000e+00,0.000000000e+00,0.000000000e+00
1.978400000e+00,0.000000000e+00,0.000000000e+00,0.000000000e+00
1.979300000e+00,0.000000000e+00,0.000000000e+00,0.000000000e+00
1.980200000e+00,0.000000000e+00,0.000000000e+00,0.000000000e+00
1.981100000e+00,0.000000000e+00,0.000000000e+00,0.000000000e+00
1.982000000e+00,0.000000000e+00,0.000000000e+00,0.000000000e+00
1.982900000e+00,0.000000000e+00,0.000000000e+00,0.000000000e+00
1.983800000e+00,0.000000000e+00,0.000000000e+00,0.000000000e+00
1.984700000e+00,0.000000000e+00,0.000000000e+00,0.000000000e+00
1.985600000e+00,0.000000000e+00,0.000000000e+00,0.000000000e+00
1.986500000e+00,0.000000000e+00,0.000000000e+00,0.000000000e+00
1.987400000e+00,0.000000000e+00,0.000000000e+00,0.000000000e+00
1.988300000e+00,0.000000000e+00,0.000000000e+00,0.000000000e+00
1.989200000e+00,0.000000000e+00,0.000000000e+00,0.000000000e+00
1.990100000e+00,0.000000000e+00,0.000000000e+00,0.000000000e+00
1.991000000e+00,0.000000000e+00,0.000000000e+00,0.000000000e+00
1.991900000e+00,0.000000000e+00,0.000000000e+00,0.000000000e+00
1.992800000e+00,0.000000000e+00,0.000000000e+00,0.000000000e+00
1.993700000e+00,0.000000000e+00,0.000000000e+00,0.000000000e+00
1.994600000e+00,0.000000000e+00,0.000000000e+00,0.000000000e+00
1.995500000e+00,0.000000000e+00,0.000000000e+00,0.000000000e+00
1.996400000e+00,0.000000000e+00,0.000000000e+00,0.000000000e+00
1.997300000e+00,0.000000000e+00,0.000000000e+00,0.000000000e+00
1.998200000e+00,0.000000000e+00,0.000000000e+00,0.000000000e+00
1.999100000e+00,0.000000000e+00,0.000000000e+00,0.000000000e+00
2.000000000e+00,0.000000000e+00,0.000000000e+00,0.000000000e+00
