# NE_LO   sin2theta_W   A(s)   dchi2
    1    0.000000E+00    3.567709E-02    6.809416E+03
    2    0.000000E+00    3.567709E-02    4.969798E+03
    3    0.000000E+00    3.567709E-02    3.757416E+03
    4    0.000000E+00    3.567709E-02    2.857334E+03
    1    1.666667E-04    3.589148E-02    6.806388E+03
    2    1.666667E-04    3.589148E-02    4.967589E+03
    3    1.666667E-04    3.589148E-02    3.755746E+03
    4    1.666667E-04    3.589148E-02    2.856063E+03
    1    3.333333E-04    3.610650E-02    6.803353E+03
    2    3.333333E-04    3.610650E-02    4.965373E+03
    3    3.333333E-04    3.610650E-02    3.754070E+03
    4    3.333333E-04    3.610650E-02    2.854789E+03
    1    5.000000E-04    3.632217E-02    6.800309E+03
    2    5.000000E-04    3.632217E-02    4.963151E+03
    3    5.000000E-04    3.632217E-02    3.752391E+03
    4    5.000000E-04    3.632217E-02    2.853512E+03
    1    6.666667E-04    3.653848E-02    6.797256E+03
    2    6.666667E-04    3.653848E-02    4.960923E+03
    3    6.666667E-04    3.653848E-02    3.750706E+03
    4    6.666667E-04    3.653848E-02    2.852231E+03
    1    8.333333E-04    3.675543E-02    6.794195E+03
    2    8.333333E-04    3.675543E-02    4.958689E+03
    3    8.333333E-04    3.675543E-02    3.749017E+03
    4    8.333333E-04    3.675543E-02    2.850947E+03
    1    1.000000E-03    3.697303E-02    6.791126E+03
    2    1.000000E-03    3.697303E-02    4.956449E+03
    3    1.000000E-03    3.697303E-02    3.747324E+03
    4    1.000000E-03    3.697303E-02    2.849659E+03
    1    1.166667E-03    3.719127E-02    6.788048E+03
    2    1.166667E-03    3.719127E-02    4.954203E+03
    3    1.166667E-03    3.719127E-02    3.745626E+03
    4    1.166667E-03    3.719127E-02    2.848367E+03
    1    1.333333E-03    3.741014E-02    6.784962E+03
    2    1.333333E-03    3.741014E-02    4.951951E+03
    3    1.333333E-03    3.741014E-02    3.743923E+03
    4    1.333333E-03    3.741014E-02    2.847073E+03
    1    1.500000E-03    3.762967E-02    6.781868E+03
    2    1.500000E-03    3.762967E-02    4.949693E+03
    3    1.500000E-03    3.762967E-02    3.742215E+03
    4    1.500000E-03    3.762967E-02    2.845774E+03
    1    1.666667E-03    3.784983E-02    6.778766E+03
    2    1.666667E-03    3.784983E-02    4.947428E+03
    3    1.666667E-03    3.784983E-02    3.740503E+03
    4    1.666667E-03    3.784983E-02    2.844472E+03
    1    1.833333E-03    3.807063E-02    6.775655E+03
    2    1.833333E-03    3.807063E-02    4.945158E+03
    3    1.833333E-03    3.807063E-02    3.738787E+03
    4    1.833333E-03    3.807063E-02    2.843167E+03
    1    2.000000E-03    3.829208E-02    6.772535E+03
    2    2.000000E-03    3.829208E-02    4.942881E+03
    3    2.000000E-03    3.829208E-02    3.737065E+03
    4    2.000000E-03    3.829208E-02    2.841858E+03
    1    2.166667E-03    3.851417E-02    6.769408E+03
    2    2.166667E-03    3.851417E-02    4.940598E+03
    3    2.166667E-03    3.851417E-02    3.735340E+03
    4    2.166667E-03    3.851417E-02    2.840545E+03
    1    2.333333E-03    3.873690E-02    6.766272E+03
    2    2.333333E-03    3.873690E-02    4.938310E+03
    3    2.333333E-03    3.873690E-02    3.733609E+03
    4    2.333333E-03    3.873690E-02    2.839230E+03
    1    2.500000E-03    3.896028E-02    6.763127E+03
    2    2.500000E-03    3.896028E-02    4.936015E+03
    3    2.500000E-03    3.896028E-02    3.731874E+03
    4    2.500000E-03    3.896028E-02    2.837910E+03
    1    2.666667E-03    3.918429E-02    6.759975E+03
    2    2.666667E-03    3.918429E-02    4.933714E+03
    3    2.666667E-03    3.918429E-02    3.730135E+03
    4    2.666667E-03    3.918429E-02    2.836587E+03
    1    2.833333E-03    3.940895E-02    6.756814E+03
    2    2.833333E-03    3.940895E-02    4.931407E+03
    3    2.833333E-03    3.940895E-02    3.728390E+03
    4    2.833333E-03    3.940895E-02    2.835261E+03
    1    3.000000E-03    3.963425E-02    6.753645E+03
    2    3.000000E-03    3.963425E-02    4.929094E+03
    3    3.000000E-03    3.963425E-02    3.726642E+03
    4    3.000000E-03    3.963425E-02    2.833931E+03
    1    3.166667E-03    3.986020E-02    6.750467E+03
    2    3.166667E-03    3.986020E-02    4.926775E+03
    3    3.166667E-03    3.986020E-02    3.724888E+03
    4    3.166667E-03    3.986020E-02    2.832598E+03
    1    3.333333E-03    4.008678E-02    6.747282E+03
    2    3.333333E-03    4.008678E-02    4.924450E+03
    3    3.333333E-03    4.008678E-02    3.723131E+03
    4    3.333333E-03    4.008678E-02    2.831261E+03
    1    3.500000E-03    4.031401E-02    6.744088E+03
    2    3.500000E-03    4.031401E-02    4.922119E+03
    3    3.500000E-03    4.031401E-02    3.721368E+03
    4    3.500000E-03    4.031401E-02    2.829921E+03
    1    3.666667E-03    4.054188E-02    6.740885E+03
    2    3.666667E-03    4.054188E-02    4.919782E+03
    3    3.666667E-03    4.054188E-02    3.719601E+03
    4    3.666667E-03    4.054188E-02    2.828577E+03
    1    3.833333E-03    4.077039E-02    6.737675E+03
    2    3.833333E-03    4.077039E-02    4.917438E+03
    3    3.833333E-03    4.077039E-02    3.717830E+03
    4    3.833333E-03    4.077039E-02    2.827230E+03
    1    4.000000E-03    4.099955E-02    6.734456E+03
    2    4.000000E-03    4.099955E-02    4.915089E+03
    3    4.000000E-03    4.099955E-02    3.716053E+03
    4    4.000000E-03    4.099955E-02    2.825879E+03
    1    4.166667E-03    4.122934E-02    6.731229E+03
    2    4.166667E-03    4.122934E-02    4.912734E+03
    3    4.166667E-03    4.122934E-02    3.714273E+03
    4    4.166667E-03    4.122934E-02    2.824525E+03
    1    4.333333E-03    4.145978E-02    6.727994E+03
    2    4.333333E-03    4.145978E-02    4.910373E+03
    3    4.333333E-03    4.145978E-02    3.712488E+03
    4    4.333333E-03    4.145978E-02    2.823168E+03
    1    4.500000E-03    4.169086E-02    6.724750E+03
    2    4.500000E-03    4.169086E-02    4.908005E+03
    3    4.500000E-03    4.169086E-02    3.710698E+03
    4    4.500000E-03    4.169086E-02    2.821806E+03
    1    4.666667E-03    4.192258E-02    6.721498E+03
    2    4.666667E-03    4.192258E-02    4.905632E+03
    3    4.666667E-03    4.192258E-02    3.708903E+03
    4    4.666667E-03    4.192258E-02    2.820442E+03
    1    4.833333E-03    4.215495E-02    6.718238E+03
    2    4.833333E-03    4.215495E-02    4.903253E+03
    3    4.833333E-03    4.215495E-02    3.707105E+03
    4    4.833333E-03    4.215495E-02    2.819074E+03
    1    5.000000E-03    4.238796E-02    6.714970E+03
    2    5.000000E-03    4.238796E-02    4.900868E+03
    3    5.000000E-03    4.238796E-02    3.705301E+03
    4    5.000000E-03    4.238796E-02    2.817703E+03
    1    5.166667E-03    4.262160E-02    6.711694E+03
    2    5.166667E-03    4.262160E-02    4.898476E+03
    3    5.166667E-03    4.262160E-02    3.703493E+03
    4    5.166667E-03    4.262160E-02    2.816328E+03
    1    5.333333E-03    4.285590E-02    6.708409E+03
    2    5.333333E-03    4.285590E-02    4.896079E+03
    3    5.333333E-03    4.285590E-02    3.701681E+03
    4    5.333333E-03    4.285590E-02    2.814950E+03
    1    5.500000E-03    4.309083E-02    6.705116E+03
    2    5.500000E-03    4.309083E-02    4.893676E+03
    3    5.500000E-03    4.309083E-02    3.699864E+03
    4    5.500000E-03    4.309083E-02    2.813568E+03
    1    5.666667E-03    4.332641E-02    6.701815E+03
    2    5.666667E-03    4.332641E-02    4.891267E+03
    3    5.666667E-03    4.332641E-02    3.698042E+03
    4    5.666667E-03    4.332641E-02    2.812183E+03
    1    5.833333E-03    4.356262E-02    6.698506E+03
    2    5.833333E-03    4.356262E-02    4.888852E+03
    3    5.833333E-03    4.356262E-02    3.696216E+03
    4    5.833333E-03    4.356262E-02    2.810794E+03
    1    6.000000E-03    4.379948E-02    6.695189E+03
    2    6.000000E-03    4.379948E-02    4.886430E+03
    3    6.000000E-03    4.379948E-02    3.694386E+03
    4    6.000000E-03    4.379948E-02    2.809402E+03
    1    6.166667E-03    4.403699E-02    6.691863E+03
    2    6.166667E-03    4.403699E-02    4.884003E+03
    3    6.166667E-03    4.403699E-02    3.692551E+03
    4    6.166667E-03    4.403699E-02    2.808007E+03
    1    6.333333E-03    4.427513E-02    6.688530E+03
    2    6.333333E-03    4.427513E-02    4.881570E+03
    3    6.333333E-03    4.427513E-02    3.690711E+03
    4    6.333333E-03    4.427513E-02    2.806608E+03
    1    6.500000E-03    4.451392E-02    6.685188E+03
    2    6.500000E-03    4.451392E-02    4.879131E+03
    3    6.500000E-03    4.451392E-02    3.688867E+03
    4    6.500000E-03    4.451392E-02    2.805206E+03
    1    6.666667E-03    4.475335E-02    6.681838E+03
    2    6.666667E-03    4.475335E-02    4.876686E+03
    3    6.666667E-03    4.475335E-02    3.687019E+03
    4    6.666667E-03    4.475335E-02    2.803800E+03
    1    6.833333E-03    4.499342E-02    6.678480E+03
    2    6.833333E-03    4.499342E-02    4.874235E+03
    3    6.833333E-03    4.499342E-02    3.685166E+03
    4    6.833333E-03    4.499342E-02    2.802391E+03
    1    7.000000E-03    4.523413E-02    6.675114E+03
    2    7.000000E-03    4.523413E-02    4.871779E+03
    3    7.000000E-03    4.523413E-02    3.683308E+03
    4    7.000000E-03    4.523413E-02    2.800978E+03
    1    7.166667E-03    4.547549E-02    6.671739E+03
    2    7.166667E-03    4.547549E-02    4.869316E+03
    3    7.166667E-03    4.547549E-02    3.681446E+03
    4    7.166667E-03    4.547549E-02    2.799562E+03
    1    7.333333E-03    4.571748E-02    6.668357E+03
    2    7.333333E-03    4.571748E-02    4.866847E+03
    3    7.333333E-03    4.571748E-02    3.679580E+03
    4    7.333333E-03    4.571748E-02    2.798143E+03
    1    7.500000E-03    4.596012E-02    6.664966E+03
    2    7.500000E-03    4.596012E-02    4.864373E+03
    3    7.500000E-03    4.596012E-02    3.677709E+03
    4    7.500000E-03    4.596012E-02    2.796720E+03
    1    7.666667E-03    4.620341E-02    6.661567E+03
    2    7.666667E-03    4.620341E-02    4.861892E+03
    3    7.666667E-03    4.620341E-02    3.675834E+03
    4    7.666667E-03    4.620341E-02    2.795294E+03
    1    7.833333E-03    4.644733E-02    6.658161E+03
    2    7.833333E-03    4.644733E-02    4.859406E+03
    3    7.833333E-03    4.644733E-02    3.673954E+03
    4    7.833333E-03    4.644733E-02    2.793865E+03
    1    8.000000E-03    4.669190E-02    6.654746E+03
    2    8.000000E-03    4.669190E-02    4.856913E+03
    3    8.000000E-03    4.669190E-02    3.672069E+03
    4    8.000000E-03    4.669190E-02    2.792432E+03
    1    8.166667E-03    4.693711E-02    6.651323E+03
    2    8.166667E-03    4.693711E-02    4.854415E+03
    3    8.166667E-03    4.693711E-02    3.670181E+03
    4    8.166667E-03    4.693711E-02    2.790995E+03
    1    8.333333E-03    4.718296E-02    6.647892E+03
    2    8.333333E-03    4.718296E-02    4.851911E+03
    3    8.333333E-03    4.718296E-02    3.668287E+03
    4    8.333333E-03    4.718296E-02    2.789555E+03
    1    8.500000E-03    4.742945E-02    6.644452E+03
    2    8.500000E-03    4.742945E-02    4.849401E+03
    3    8.500000E-03    4.742945E-02    3.666390E+03
    4    8.500000E-03    4.742945E-02    2.788112E+03
    1    8.666667E-03    4.767658E-02    6.641005E+03
    2    8.666667E-03    4.767658E-02    4.846885E+03
    3    8.666667E-03    4.767658E-02    3.664488E+03
    4    8.666667E-03    4.767658E-02    2.786666E+03
    1    8.833333E-03    4.792436E-02    6.637550E+03
    2    8.833333E-03    4.792436E-02    4.844363E+03
    3    8.833333E-03    4.792436E-02    3.662581E+03
    4    8.833333E-03    4.792436E-02    2.785216E+03
    1    9.000000E-03    4.817278E-02    6.634086E+03
    2    9.000000E-03    4.817278E-02    4.841835E+03
    3    9.000000E-03    4.817278E-02    3.660670E+03
    4    9.000000E-03    4.817278E-02    2.783763E+03
    1    9.166667E-03    4.842184E-02    6.630615E+03
    2    9.166667E-03    4.842184E-02    4.839302E+03
    3    9.166667E-03    4.842184E-02    3.658754E+03
    4    9.166667E-03    4.842184E-02    2.782306E+03
    1    9.333333E-03    4.867155E-02    6.627136E+03
    2    9.333333E-03    4.867155E-02    4.836762E+03
    3    9.333333E-03    4.867155E-02    3.656834E+03
    4    9.333333E-03    4.867155E-02    2.780846E+03
    1    9.500000E-03    4.892189E-02    6.623648E+03
    2    9.500000E-03    4.892189E-02    4.834217E+03
    3    9.500000E-03    4.892189E-02    3.654910E+03
    4    9.500000E-03    4.892189E-02    2.779383E+03
    1    9.666667E-03    4.917288E-02    6.620153E+03
    2    9.666667E-03    4.917288E-02    4.831666E+03
    3    9.666667E-03    4.917288E-02    3.652981E+03
    4    9.666667E-03    4.917288E-02    2.777916E+03
    1    9.833333E-03    4.942451E-02    6.616649E+03
    2    9.833333E-03    4.942451E-02    4.829109E+03
    3    9.833333E-03    4.942451E-02    3.651048E+03
    4    9.833333E-03    4.942451E-02    2.776446E+03
    1    1.000000E-02    4.967679E-02    6.613138E+03
    2    1.000000E-02    4.967679E-02    4.826546E+03
    3    1.000000E-02    4.967679E-02    3.649110E+03
    4    1.000000E-02    4.967679E-02    2.774972E+03
    1    1.016667E-02    4.992970E-02    6.609618E+03
    2    1.016667E-02    4.992970E-02    4.823977E+03
    3    1.016667E-02    4.992970E-02    3.647168E+03
    4    1.016667E-02    4.992970E-02    2.773495E+03
    1    1.033333E-02    5.018326E-02    6.606091E+03
    2    1.033333E-02    5.018326E-02    4.821403E+03
    3    1.033333E-02    5.018326E-02    3.645222E+03
    4    1.033333E-02    5.018326E-02    2.772015E+03
    1    1.050000E-02    5.043746E-02    6.602555E+03
    2    1.050000E-02    5.043746E-02    4.818822E+03
    3    1.050000E-02    5.043746E-02    3.643271E+03
    4    1.050000E-02    5.043746E-02    2.770532E+03
    1    1.066667E-02    5.069230E-02    6.599012E+03
    2    1.066667E-02    5.069230E-02    4.816236E+03
    3    1.066667E-02    5.069230E-02    3.641316E+03
    4    1.066667E-02    5.069230E-02    2.769045E+03
    1    1.083333E-02    5.094778E-02    6.595460E+03
    2    1.083333E-02    5.094778E-02    4.813644E+03
    3    1.083333E-02    5.094778E-02    3.639356E+03
    4    1.083333E-02    5.094778E-02    2.767555E+03
    1    1.100000E-02    5.120391E-02    6.591901E+03
    2    1.100000E-02    5.120391E-02    4.811046E+03
    3    1.100000E-02    5.120391E-02    3.637392E+03
    4    1.100000E-02    5.120391E-02    2.766061E+03
    1    1.116667E-02    5.146068E-02    6.588333E+03
    2    1.116667E-02    5.146068E-02    4.808443E+03
    3    1.116667E-02    5.146068E-02    3.635423E+03
    4    1.116667E-02    5.146068E-02    2.764564E+03
    1    1.133333E-02    5.171809E-02    6.584758E+03
    2    1.133333E-02    5.171809E-02    4.805833E+03
    3    1.133333E-02    5.171809E-02    3.633451E+03
    4    1.133333E-02    5.171809E-02    2.763064E+03
    1    1.150000E-02    5.197614E-02    6.581175E+03
    2    1.150000E-02    5.197614E-02    4.803218E+03
    3    1.150000E-02    5.197614E-02    3.631473E+03
    4    1.150000E-02    5.197614E-02    2.761560E+03
    1    1.166667E-02    5.223483E-02    6.577584E+03
    2    1.166667E-02    5.223483E-02    4.800597E+03
    3    1.166667E-02    5.223483E-02    3.629492E+03
    4    1.166667E-02    5.223483E-02    2.760053E+03
    1    1.183333E-02    5.249417E-02    6.573984E+03
    2    1.183333E-02    5.249417E-02    4.797970E+03
    3    1.183333E-02    5.249417E-02    3.627506E+03
    4    1.183333E-02    5.249417E-02    2.758543E+03
    1    1.200000E-02    5.275415E-02    6.570377E+03
    2    1.200000E-02    5.275415E-02    4.795338E+03
    3    1.200000E-02    5.275415E-02    3.625515E+03
    4    1.200000E-02    5.275415E-02    2.757029E+03
    1    1.216667E-02    5.301477E-02    6.566762E+03
    2    1.216667E-02    5.301477E-02    4.792699E+03
    3    1.216667E-02    5.301477E-02    3.623521E+03
    4    1.216667E-02    5.301477E-02    2.755512E+03
    1    1.233333E-02    5.327603E-02    6.563139E+03
    2    1.233333E-02    5.327603E-02    4.790055E+03
    3    1.233333E-02    5.327603E-02    3.621521E+03
    4    1.233333E-02    5.327603E-02    2.753992E+03
    1    1.250000E-02    5.353794E-02    6.559509E+03
    2    1.250000E-02    5.353794E-02    4.787405E+03
    3    1.250000E-02    5.353794E-02    3.619518E+03
    4    1.250000E-02    5.353794E-02    2.752469E+03
    1    1.266667E-02    5.380049E-02    6.555870E+03
    2    1.266667E-02    5.380049E-02    4.784750E+03
    3    1.266667E-02    5.380049E-02    3.617510E+03
    4    1.266667E-02    5.380049E-02    2.750942E+03
    1    1.283333E-02    5.406368E-02    6.552223E+03
    2    1.283333E-02    5.406368E-02    4.782088E+03
    3    1.283333E-02    5.406368E-02    3.615498E+03
    4    1.283333E-02    5.406368E-02    2.749412E+03
    1    1.300000E-02    5.432751E-02    6.548569E+03
    2    1.300000E-02    5.432751E-02    4.779421E+03
    3    1.300000E-02    5.432751E-02    3.613481E+03
    4    1.300000E-02    5.432751E-02    2.747878E+03
    1    1.316667E-02    5.459198E-02    6.544907E+03
    2    1.316667E-02    5.459198E-02    4.776748E+03
    3    1.316667E-02    5.459198E-02    3.611461E+03
    4    1.316667E-02    5.459198E-02    2.746341E+03
    1    1.333333E-02    5.485710E-02    6.541236E+03
    2    1.333333E-02    5.485710E-02    4.774069E+03
    3    1.333333E-02    5.485710E-02    3.609435E+03
    4    1.333333E-02    5.485710E-02    2.744801E+03
    1    1.350000E-02    5.512286E-02    6.537558E+03
    2    1.350000E-02    5.512286E-02    4.771385E+03
    3    1.350000E-02    5.512286E-02    3.607406E+03
    4    1.350000E-02    5.512286E-02    2.743258E+03
    1    1.366667E-02    5.538926E-02    6.533872E+03
    2    1.366667E-02    5.538926E-02    4.768695E+03
    3    1.366667E-02    5.538926E-02    3.605372E+03
    4    1.366667E-02    5.538926E-02    2.741711E+03
    1    1.383333E-02    5.565630E-02    6.530179E+03
    2    1.383333E-02    5.565630E-02    4.765999E+03
    3    1.383333E-02    5.565630E-02    3.603334E+03
    4    1.383333E-02    5.565630E-02    2.740161E+03
    1    1.400000E-02    5.592399E-02    6.526477E+03
    2    1.400000E-02    5.592399E-02    4.763297E+03
    3    1.400000E-02    5.592399E-02    3.601291E+03
    4    1.400000E-02    5.592399E-02    2.738608E+03
    1    1.416667E-02    5.619231E-02    6.522768E+03
    2    1.416667E-02    5.619231E-02    4.760590E+03
    3    1.416667E-02    5.619231E-02    3.599244E+03
    4    1.416667E-02    5.619231E-02    2.737052E+03
    1    1.433333E-02    5.646128E-02    6.519050E+03
    2    1.433333E-02    5.646128E-02    4.757877E+03
    3    1.433333E-02    5.646128E-02    3.597193E+03
    4    1.433333E-02    5.646128E-02    2.735492E+03
    1    1.450000E-02    5.673090E-02    6.515325E+03
    2    1.450000E-02    5.673090E-02    4.755158E+03
    3    1.450000E-02    5.673090E-02    3.595138E+03
    4    1.450000E-02    5.673090E-02    2.733929E+03
    1    1.466667E-02    5.700115E-02    6.511593E+03
    2    1.466667E-02    5.700115E-02    4.752434E+03
    3    1.466667E-02    5.700115E-02    3.593078E+03
    4    1.466667E-02    5.700115E-02    2.732362E+03
    1    1.483333E-02    5.727205E-02    6.507852E+03
    2    1.483333E-02    5.727205E-02    4.749704E+03
    3    1.483333E-02    5.727205E-02    3.591014E+03
    4    1.483333E-02    5.727205E-02    2.730793E+03
    1    1.500000E-02    5.754358E-02    6.504103E+03
    2    1.500000E-02    5.754358E-02    4.746968E+03
    3    1.500000E-02    5.754358E-02    3.588946E+03
    4    1.500000E-02    5.754358E-02    2.729220E+03
    1    1.516667E-02    5.781576E-02    6.500347E+03
    2    1.516667E-02    5.781576E-02    4.744227E+03
    3    1.516667E-02    5.781576E-02    3.586873E+03
    4    1.516667E-02    5.781576E-02    2.727644E+03
    1    1.533333E-02    5.808859E-02    6.496583E+03
    2    1.533333E-02    5.808859E-02    4.741480E+03
    3    1.533333E-02    5.808859E-02    3.584796E+03
    4    1.533333E-02    5.808859E-02    2.726064E+03
    1    1.550000E-02    5.836205E-02    6.492811E+03
    2    1.550000E-02    5.836205E-02    4.738727E+03
    3    1.550000E-02    5.836205E-02    3.582715E+03
    4    1.550000E-02    5.836205E-02    2.724482E+03
    1    1.566667E-02    5.863616E-02    6.489032E+03
    2    1.566667E-02    5.863616E-02    4.735968E+03
    3    1.566667E-02    5.863616E-02    3.580629E+03
    4    1.566667E-02    5.863616E-02    2.722896E+03
    1    1.583333E-02    5.891091E-02    6.485245E+03
    2    1.583333E-02    5.891091E-02    4.733204E+03
    3    1.583333E-02    5.891091E-02    3.578539E+03
    4    1.583333E-02    5.891091E-02    2.721306E+03
    1    1.600000E-02    5.918630E-02    6.481450E+03
    2    1.600000E-02    5.918630E-02    4.730435E+03
    3    1.600000E-02    5.918630E-02    3.576445E+03
    4    1.600000E-02    5.918630E-02    2.719714E+03
    1    1.616667E-02    5.946233E-02    6.477647E+03
    2    1.616667E-02    5.946233E-02    4.727659E+03
    3    1.616667E-02    5.946233E-02    3.574347E+03
    4    1.616667E-02    5.946233E-02    2.718118E+03
    1    1.633333E-02    5.973901E-02    6.473836E+03
    2    1.633333E-02    5.973901E-02    4.724878E+03
    3    1.633333E-02    5.973901E-02    3.572244E+03
    4    1.633333E-02    5.973901E-02    2.716519E+03
    1    1.650000E-02    6.001633E-02    6.470018E+03
    2    1.650000E-02    6.001633E-02    4.722091E+03
    3    1.650000E-02    6.001633E-02    3.570137E+03
    4    1.650000E-02    6.001633E-02    2.714917E+03
    1    1.666667E-02    6.029429E-02    6.466192E+03
    2    1.666667E-02    6.029429E-02    4.719299E+03
    3    1.666667E-02    6.029429E-02    3.568026E+03
    4    1.666667E-02    6.029429E-02    2.713312E+03
    1    1.683333E-02    6.057289E-02    6.462359E+03
    2    1.683333E-02    6.057289E-02    4.716501E+03
    3    1.683333E-02    6.057289E-02    3.565911E+03
    4    1.683333E-02    6.057289E-02    2.711703E+03
    1    1.700000E-02    6.085214E-02    6.458517E+03
    2    1.700000E-02    6.085214E-02    4.713698E+03
    3    1.700000E-02    6.085214E-02    3.563791E+03
    4    1.700000E-02    6.085214E-02    2.710091E+03
    1    1.716667E-02    6.113202E-02    6.454669E+03
    2    1.716667E-02    6.113202E-02    4.710889E+03
    3    1.716667E-02    6.113202E-02    3.561668E+03
    4    1.716667E-02    6.113202E-02    2.708476E+03
    1    1.733333E-02    6.141255E-02    6.450812E+03
    2    1.733333E-02    6.141255E-02    4.708074E+03
    3    1.733333E-02    6.141255E-02    3.559539E+03
    4    1.733333E-02    6.141255E-02    2.706858E+03
    1    1.750000E-02    6.169372E-02    6.446947E+03
    2    1.750000E-02    6.169372E-02    4.705253E+03
    3    1.750000E-02    6.169372E-02    3.557407E+03
    4    1.750000E-02    6.169372E-02    2.705236E+03
    1    1.766667E-02    6.197554E-02    6.443075E+03
    2    1.766667E-02    6.197554E-02    4.702427E+03
    3    1.766667E-02    6.197554E-02    3.555271E+03
    4    1.766667E-02    6.197554E-02    2.703612E+03
    1    1.783333E-02    6.225799E-02    6.439196E+03
    2    1.783333E-02    6.225799E-02    4.699596E+03
    3    1.783333E-02    6.225799E-02    3.553130E+03
    4    1.783333E-02    6.225799E-02    2.701984E+03
    1    1.800000E-02    6.254109E-02    6.435309E+03
    2    1.800000E-02    6.254109E-02    4.696759E+03
    3    1.800000E-02    6.254109E-02    3.550985E+03
    4    1.800000E-02    6.254109E-02    2.700352E+03
    1    1.816667E-02    6.282483E-02    6.431414E+03
    2    1.816667E-02    6.282483E-02    4.693916E+03
    3    1.816667E-02    6.282483E-02    3.548836E+03
    4    1.816667E-02    6.282483E-02    2.698718E+03
    1    1.833333E-02    6.310921E-02    6.427511E+03
    2    1.833333E-02    6.310921E-02    4.691068E+03
    3    1.833333E-02    6.310921E-02    3.546682E+03
    4    1.833333E-02    6.310921E-02    2.697080E+03
    1    1.850000E-02    6.339424E-02    6.423601E+03
    2    1.850000E-02    6.339424E-02    4.688214E+03
    3    1.850000E-02    6.339424E-02    3.544524E+03
    4    1.850000E-02    6.339424E-02    2.695440E+03
    1    1.866667E-02    6.367990E-02    6.419683E+03
    2    1.866667E-02    6.367990E-02    4.685355E+03
    3    1.866667E-02    6.367990E-02    3.542363E+03
    4    1.866667E-02    6.367990E-02    2.693796E+03
    1    1.883333E-02    6.396621E-02    6.415758E+03
    2    1.883333E-02    6.396621E-02    4.682490E+03
    3    1.883333E-02    6.396621E-02    3.540197E+03
    4    1.883333E-02    6.396621E-02    2.692149E+03
    1    1.900000E-02    6.425316E-02    6.411824E+03
    2    1.900000E-02    6.425316E-02    4.679619E+03
    3    1.900000E-02    6.425316E-02    3.538026E+03
    4    1.900000E-02    6.425316E-02    2.690498E+03
    1    1.916667E-02    6.454075E-02    6.407884E+03
    2    1.916667E-02    6.454075E-02    4.676743E+03
    3    1.916667E-02    6.454075E-02    3.535852E+03
    4    1.916667E-02    6.454075E-02    2.688845E+03
    1    1.933333E-02    6.482899E-02    6.403936E+03
    2    1.933333E-02    6.482899E-02    4.673862E+03
    3    1.933333E-02    6.482899E-02    3.533673E+03
    4    1.933333E-02    6.482899E-02    2.687188E+03
    1    1.950000E-02    6.511787E-02    6.399980E+03
    2    1.950000E-02    6.511787E-02    4.670974E+03
    3    1.950000E-02    6.511787E-02    3.531490E+03
    4    1.950000E-02    6.511787E-02    2.685528E+03
    1    1.966667E-02    6.540739E-02    6.396017E+03
    2    1.966667E-02    6.540739E-02    4.668082E+03
    3    1.966667E-02    6.540739E-02    3.529304E+03
    4    1.966667E-02    6.540739E-02    2.683865E+03
    1    1.983333E-02    6.569755E-02    6.392046E+03
    2    1.983333E-02    6.569755E-02    4.665184E+03
    3    1.983333E-02    6.569755E-02    3.527112E+03
    4    1.983333E-02    6.569755E-02    2.682199E+03
    1    2.000000E-02    6.598835E-02    6.388067E+03
    2    2.000000E-02    6.598835E-02    4.662280E+03
    3    2.000000E-02    6.598835E-02    3.524917E+03
    4    2.000000E-02    6.598835E-02    2.680529E+03
    1    2.016667E-02    6.627980E-02    6.384081E+03
    2    2.016667E-02    6.627980E-02    4.659371E+03
    3    2.016667E-02    6.627980E-02    3.522718E+03
    4    2.016667E-02    6.627980E-02    2.678857E+03
    1    2.033333E-02    6.657189E-02    6.380088E+03
    2    2.033333E-02    6.657189E-02    4.656456E+03
    3    2.033333E-02    6.657189E-02    3.520514E+03
    4    2.033333E-02    6.657189E-02    2.677181E+03
    1    2.050000E-02    6.686462E-02    6.376087E+03
    2    2.050000E-02    6.686462E-02    4.653536E+03
    3    2.050000E-02    6.686462E-02    3.518306E+03
    4    2.050000E-02    6.686462E-02    2.675502E+03
    1    2.066667E-02    6.715799E-02    6.372078E+03
    2    2.066667E-02    6.715799E-02    4.650610E+03
    3    2.066667E-02    6.715799E-02    3.516094E+03
    4    2.066667E-02    6.715799E-02    2.673820E+03
    1    2.083333E-02    6.745201E-02    6.368062E+03
    2    2.083333E-02    6.745201E-02    4.647679E+03
    3    2.083333E-02    6.745201E-02    3.513878E+03
    4    2.083333E-02    6.745201E-02    2.672135E+03
    1    2.100000E-02    6.774666E-02    6.364038E+03
    2    2.100000E-02    6.774666E-02    4.644743E+03
    3    2.100000E-02    6.774666E-02    3.511658E+03
    4    2.100000E-02    6.774666E-02    2.670446E+03
    1    2.116667E-02    6.804196E-02    6.360007E+03
    2    2.116667E-02    6.804196E-02    4.641801E+03
    3    2.116667E-02    6.804196E-02    3.509434E+03
    4    2.116667E-02    6.804196E-02    2.668755E+03
    1    2.133333E-02    6.833790E-02    6.355969E+03
    2    2.133333E-02    6.833790E-02    4.638853E+03
    3    2.133333E-02    6.833790E-02    3.507205E+03
    4    2.133333E-02    6.833790E-02    2.667060E+03
    1    2.150000E-02    6.863449E-02    6.351923E+03
    2    2.150000E-02    6.863449E-02    4.635900E+03
    3    2.150000E-02    6.863449E-02    3.504973E+03
    4    2.150000E-02    6.863449E-02    2.665362E+03
    1    2.166667E-02    6.893171E-02    6.347869E+03
    2    2.166667E-02    6.893171E-02    4.632942E+03
    3    2.166667E-02    6.893171E-02    3.502736E+03
    4    2.166667E-02    6.893171E-02    2.663662E+03
    1    2.183333E-02    6.922958E-02    6.343808E+03
    2    2.183333E-02    6.922958E-02    4.629978E+03
    3    2.183333E-02    6.922958E-02    3.500495E+03
    4    2.183333E-02    6.922958E-02    2.661957E+03
    1    2.200000E-02    6.952809E-02    6.339740E+03
    2    2.200000E-02    6.952809E-02    4.627009E+03
    3    2.200000E-02    6.952809E-02    3.498250E+03
    4    2.200000E-02    6.952809E-02    2.660250E+03
    1    2.216667E-02    6.982724E-02    6.335664E+03
    2    2.216667E-02    6.982724E-02    4.624034E+03
    3    2.216667E-02    6.982724E-02    3.496001E+03
    4    2.216667E-02    6.982724E-02    2.658540E+03
    1    2.233333E-02    7.012704E-02    6.331580E+03
    2    2.233333E-02    7.012704E-02    4.621054E+03
    3    2.233333E-02    7.012704E-02    3.493748E+03
    4    2.233333E-02    7.012704E-02    2.656827E+03
    1    2.250000E-02    7.042747E-02    6.327490E+03
    2    2.250000E-02    7.042747E-02    4.618068E+03
    3    2.250000E-02    7.042747E-02    3.491491E+03
    4    2.250000E-02    7.042747E-02    2.655110E+03
    1    2.266667E-02    7.072855E-02    6.323392E+03
    2    2.266667E-02    7.072855E-02    4.615077E+03
    3    2.266667E-02    7.072855E-02    3.489229E+03
    4    2.266667E-02    7.072855E-02    2.653390E+03
    1    2.283333E-02    7.103028E-02    6.319286E+03
    2    2.283333E-02    7.103028E-02    4.612081E+03
    3    2.283333E-02    7.103028E-02    3.486964E+03
    4    2.283333E-02    7.103028E-02    2.651668E+03
    1    2.300000E-02    7.133264E-02    6.315173E+03
    2    2.300000E-02    7.133264E-02    4.609079E+03
    3    2.300000E-02    7.133264E-02    3.484694E+03
    4    2.300000E-02    7.133264E-02    2.649942E+03
    1    2.316667E-02    7.163564E-02    6.311053E+03
    2    2.316667E-02    7.163564E-02    4.606072E+03
    3    2.316667E-02    7.163564E-02    3.482421E+03
    4    2.316667E-02    7.163564E-02    2.648213E+03
    1    2.333333E-02    7.193929E-02    6.306925E+03
    2    2.333333E-02    7.193929E-02    4.603059E+03
    3    2.333333E-02    7.193929E-02    3.480143E+03
    4    2.333333E-02    7.193929E-02    2.646481E+03
    1    2.350000E-02    7.224358E-02    6.302790E+03
    2    2.350000E-02    7.224358E-02    4.600041E+03
    3    2.350000E-02    7.224358E-02    3.477861E+03
    4    2.350000E-02    7.224358E-02    2.644746E+03
    1    2.366667E-02    7.254851E-02    6.298647E+03
    2    2.366667E-02    7.254851E-02    4.597018E+03
    3    2.366667E-02    7.254851E-02    3.475575E+03
    4    2.366667E-02    7.254851E-02    2.643007E+03
    1    2.383333E-02    7.285409E-02    6.294497E+03
    2    2.383333E-02    7.285409E-02    4.593989E+03
    3    2.383333E-02    7.285409E-02    3.473286E+03
    4    2.383333E-02    7.285409E-02    2.641266E+03
    1    2.400000E-02    7.316030E-02    6.290340E+03
    2    2.400000E-02    7.316030E-02    4.590955E+03
    3    2.400000E-02    7.316030E-02    3.470992E+03
    4    2.400000E-02    7.316030E-02    2.639522E+03
    1    2.416667E-02    7.346716E-02    6.286176E+03
    2    2.416667E-02    7.346716E-02    4.587915E+03
    3    2.416667E-02    7.346716E-02    3.468694E+03
    4    2.416667E-02    7.346716E-02    2.637774E+03
    1    2.433333E-02    7.377466E-02    6.282004E+03
    2    2.433333E-02    7.377466E-02    4.584871E+03
    3    2.433333E-02    7.377466E-02    3.466392E+03
    4    2.433333E-02    7.377466E-02    2.636024E+03
    1    2.450000E-02    7.408281E-02    6.277825E+03
    2    2.450000E-02    7.408281E-02    4.581820E+03
    3    2.450000E-02    7.408281E-02    3.464086E+03
    4    2.450000E-02    7.408281E-02    2.634270E+03
    1    2.466667E-02    7.439159E-02    6.273638E+03
    2    2.466667E-02    7.439159E-02    4.578765E+03
    3    2.466667E-02    7.439159E-02    3.461776E+03
    4    2.466667E-02    7.439159E-02    2.632513E+03
    1    2.483333E-02    7.470102E-02    6.269444E+03
    2    2.483333E-02    7.470102E-02    4.575704E+03
    3    2.483333E-02    7.470102E-02    3.459461E+03
    4    2.483333E-02    7.470102E-02    2.630753E+03
    1    2.500000E-02    7.501109E-02    6.265243E+03
    2    2.500000E-02    7.501109E-02    4.572638E+03
    3    2.500000E-02    7.501109E-02    3.457143E+03
    4    2.500000E-02    7.501109E-02    2.628991E+03
    1    2.516667E-02    7.532180E-02    6.261035E+03
    2    2.516667E-02    7.532180E-02    4.569567E+03
    3    2.516667E-02    7.532180E-02    3.454821E+03
    4    2.516667E-02    7.532180E-02    2.627225E+03
    1    2.533333E-02    7.563316E-02    6.256819E+03
    2    2.533333E-02    7.563316E-02    4.566490E+03
    3    2.533333E-02    7.563316E-02    3.452495E+03
    4    2.533333E-02    7.563316E-02    2.625456E+03
    1    2.550000E-02    7.594515E-02    6.252596E+03
    2    2.550000E-02    7.594515E-02    4.563408E+03
    3    2.550000E-02    7.594515E-02    3.450165E+03
    4    2.550000E-02    7.594515E-02    2.623684E+03
    1    2.566667E-02    7.625779E-02    6.248366E+03
    2    2.566667E-02    7.625779E-02    4.560320E+03
    3    2.566667E-02    7.625779E-02    3.447830E+03
    4    2.566667E-02    7.625779E-02    2.621909E+03
    1    2.583333E-02    7.657107E-02    6.244129E+03
    2    2.583333E-02    7.657107E-02    4.557228E+03
    3    2.583333E-02    7.657107E-02    3.445492E+03
    4    2.583333E-02    7.657107E-02    2.620130E+03
    1    2.600000E-02    7.688499E-02    6.239884E+03
    2    2.600000E-02    7.688499E-02    4.554130E+03
    3    2.600000E-02    7.688499E-02    3.443150E+03
    4    2.600000E-02    7.688499E-02    2.618349E+03
    1    2.616667E-02    7.719956E-02    6.235632E+03
    2    2.616667E-02    7.719956E-02    4.551026E+03
    3    2.616667E-02    7.719956E-02    3.440804E+03
    4    2.616667E-02    7.719956E-02    2.616565E+03
    1    2.633333E-02    7.751477E-02    6.231373E+03
    2    2.633333E-02    7.751477E-02    4.547918E+03
    3    2.633333E-02    7.751477E-02    3.438454E+03
    4    2.633333E-02    7.751477E-02    2.614778E+03
    1    2.650000E-02    7.783061E-02    6.227106E+03
    2    2.650000E-02    7.783061E-02    4.544804E+03
    3    2.650000E-02    7.783061E-02    3.436099E+03
    4    2.650000E-02    7.783061E-02    2.612988E+03
    1    2.666667E-02    7.814711E-02    6.222833E+03
    2    2.666667E-02    7.814711E-02    4.541685E+03
    3    2.666667E-02    7.814711E-02    3.433741E+03
    4    2.666667E-02    7.814711E-02    2.611194E+03
    1    2.683333E-02    7.846424E-02    6.218552E+03
    2    2.683333E-02    7.846424E-02    4.538561E+03
    3    2.683333E-02    7.846424E-02    3.431379E+03
    4    2.683333E-02    7.846424E-02    2.609398E+03
    1    2.700000E-02    7.878202E-02    6.214264E+03
    2    2.700000E-02    7.878202E-02    4.535431E+03
    3    2.700000E-02    7.878202E-02    3.429013E+03
    4    2.700000E-02    7.878202E-02    2.607599E+03
    1    2.716667E-02    7.910043E-02    6.209969E+03
    2    2.716667E-02    7.910043E-02    4.532296E+03
    3    2.716667E-02    7.910043E-02    3.426643E+03
    4    2.716667E-02    7.910043E-02    2.605797E+03
    1    2.733333E-02    7.941949E-02    6.205667E+03
    2    2.733333E-02    7.941949E-02    4.529156E+03
    3    2.733333E-02    7.941949E-02    3.424269E+03
    4    2.733333E-02    7.941949E-02    2.603991E+03
    1    2.750000E-02    7.973920E-02    6.201357E+03
    2    2.750000E-02    7.973920E-02    4.526011E+03
    3    2.750000E-02    7.973920E-02    3.421891E+03
    4    2.750000E-02    7.973920E-02    2.602183E+03
    1    2.766667E-02    8.005954E-02    6.197040E+03
    2    2.766667E-02    8.005954E-02    4.522861E+03
    3    2.766667E-02    8.005954E-02    3.419509E+03
    4    2.766667E-02    8.005954E-02    2.600372E+03
    1    2.783333E-02    8.038053E-02    6.192717E+03
    2    2.783333E-02    8.038053E-02    4.519705E+03
    3    2.783333E-02    8.038053E-02    3.417123E+03
    4    2.783333E-02    8.038053E-02    2.598557E+03
    1    2.800000E-02    8.070216E-02    6.188386E+03
    2    2.800000E-02    8.070216E-02    4.516544E+03
    3    2.800000E-02    8.070216E-02    3.414733E+03
    4    2.800000E-02    8.070216E-02    2.596740E+03
    1    2.816667E-02    8.102443E-02    6.184048E+03
    2    2.816667E-02    8.102443E-02    4.513378E+03
    3    2.816667E-02    8.102443E-02    3.412340E+03
    4    2.816667E-02    8.102443E-02    2.594920E+03
    1    2.833333E-02    8.134734E-02    6.179702E+03
    2    2.833333E-02    8.134734E-02    4.510207E+03
    3    2.833333E-02    8.134734E-02    3.409942E+03
    4    2.833333E-02    8.134734E-02    2.593096E+03
    1    2.850000E-02    8.167090E-02    6.175350E+03
    2    2.850000E-02    8.167090E-02    4.507030E+03
    3    2.850000E-02    8.167090E-02    3.407540E+03
    4    2.850000E-02    8.167090E-02    2.591270E+03
    1    2.866667E-02    8.199509E-02    6.170991E+03
    2    2.866667E-02    8.199509E-02    4.503849E+03
    3    2.866667E-02    8.199509E-02    3.405135E+03
    4    2.866667E-02    8.199509E-02    2.589441E+03
    1    2.883333E-02    8.231993E-02    6.166624E+03
    2    2.883333E-02    8.231993E-02    4.500662E+03
    3    2.883333E-02    8.231993E-02    3.402726E+03
    4    2.883333E-02    8.231993E-02    2.587608E+03
    1    2.900000E-02    8.264542E-02    6.162251E+03
    2    2.900000E-02    8.264542E-02    4.497470E+03
    3    2.900000E-02    8.264542E-02    3.400312E+03
    4    2.900000E-02    8.264542E-02    2.585773E+03
    1    2.916667E-02    8.297154E-02    6.157870E+03
    2    2.916667E-02    8.297154E-02    4.494272E+03
    3    2.916667E-02    8.297154E-02    3.397895E+03
    4    2.916667E-02    8.297154E-02    2.583935E+03
    1    2.933333E-02    8.329831E-02    6.153482E+03
    2    2.933333E-02    8.329831E-02    4.491070E+03
    3    2.933333E-02    8.329831E-02    3.395474E+03
    4    2.933333E-02    8.329831E-02    2.582094E+03
    1    2.950000E-02    8.362572E-02    6.149088E+03
    2    2.950000E-02    8.362572E-02    4.487863E+03
    3    2.950000E-02    8.362572E-02    3.393049E+03
    4    2.950000E-02    8.362572E-02    2.580250E+03
    1    2.966667E-02    8.395377E-02    6.144686E+03
    2    2.966667E-02    8.395377E-02    4.484650E+03
    3    2.966667E-02    8.395377E-02    3.390620E+03
    4    2.966667E-02    8.395377E-02    2.578403E+03
    1    2.983333E-02    8.428246E-02    6.140277E+03
    2    2.983333E-02    8.428246E-02    4.481432E+03
    3    2.983333E-02    8.428246E-02    3.388187E+03
    4    2.983333E-02    8.428246E-02    2.576553E+03
    1    3.000000E-02    8.461180E-02    6.135861E+03
    2    3.000000E-02    8.461180E-02    4.478209E+03
    3    3.000000E-02    8.461180E-02    3.385750E+03
    4    3.000000E-02    8.461180E-02    2.574700E+03
    1    3.016667E-02    8.494177E-02    6.131438E+03
    2    3.016667E-02    8.494177E-02    4.474981E+03
    3    3.016667E-02    8.494177E-02    3.383310E+03
    4    3.016667E-02    8.494177E-02    2.572844E+03
    1    3.033333E-02    8.527239E-02    6.127008E+03
    2    3.033333E-02    8.527239E-02    4.471748E+03
    3    3.033333E-02    8.527239E-02    3.380866E+03
    4    3.033333E-02    8.527239E-02    2.570985E+03
    1    3.050000E-02    8.560365E-02    6.122571E+03
    2    3.050000E-02    8.560365E-02    4.468510E+03
    3    3.050000E-02    8.560365E-02    3.378417E+03
    4    3.050000E-02    8.560365E-02    2.569123E+03
    1    3.066667E-02    8.593556E-02    6.118127E+03
    2    3.066667E-02    8.593556E-02    4.465267E+03
    3    3.066667E-02    8.593556E-02    3.375965E+03
    4    3.066667E-02    8.593556E-02    2.567258E+03
    1    3.083333E-02    8.626810E-02    6.113677E+03
    2    3.083333E-02    8.626810E-02    4.462018E+03
    3    3.083333E-02    8.626810E-02    3.373509E+03
    4    3.083333E-02    8.626810E-02    2.565391E+03
    1    3.100000E-02    8.660129E-02    6.109219E+03
    2    3.100000E-02    8.660129E-02    4.458765E+03
    3    3.100000E-02    8.660129E-02    3.371049E+03
    4    3.100000E-02    8.660129E-02    2.563520E+03
    1    3.116667E-02    8.693512E-02    6.104754E+03
    2    3.116667E-02    8.693512E-02    4.455506E+03
    3    3.116667E-02    8.693512E-02    3.368586E+03
    4    3.116667E-02    8.693512E-02    2.561647E+03
    1    3.133333E-02    8.726960E-02    6.100282E+03
    2    3.133333E-02    8.726960E-02    4.452242E+03
    3    3.133333E-02    8.726960E-02    3.366118E+03
    4    3.133333E-02    8.726960E-02    2.559770E+03
    1    3.150000E-02    8.760471E-02    6.095803E+03
    2    3.150000E-02    8.760471E-02    4.448974E+03
    3    3.150000E-02    8.760471E-02    3.363647E+03
    4    3.150000E-02    8.760471E-02    2.557891E+03
    1    3.166667E-02    8.794047E-02    6.091318E+03
    2    3.166667E-02    8.794047E-02    4.445700E+03
    3    3.166667E-02    8.794047E-02    3.361172E+03
    4    3.166667E-02    8.794047E-02    2.556009E+03
    1    3.183333E-02    8.827687E-02    6.086825E+03
    2    3.183333E-02    8.827687E-02    4.442421E+03
    3    3.183333E-02    8.827687E-02    3.358693E+03
    4    3.183333E-02    8.827687E-02    2.554124E+03
    1    3.200000E-02    8.861391E-02    6.082326E+03
    2    3.200000E-02    8.861391E-02    4.439137E+03
    3    3.200000E-02    8.861391E-02    3.356210E+03
    4    3.200000E-02    8.861391E-02    2.552236E+03
    1    3.216667E-02    8.895159E-02    6.077819E+03
    2    3.216667E-02    8.895159E-02    4.435848E+03
    3    3.216667E-02    8.895159E-02    3.353723E+03
    4    3.216667E-02    8.895159E-02    2.550345E+03
    1    3.233333E-02    8.928992E-02    6.073306E+03
    2    3.233333E-02    8.928992E-02    4.432554E+03
    3    3.233333E-02    8.928992E-02    3.351233E+03
    4    3.233333E-02    8.928992E-02    2.548451E+03
    1    3.250000E-02    8.962889E-02    6.068786E+03
    2    3.250000E-02    8.962889E-02    4.429255E+03
    3    3.250000E-02    8.962889E-02    3.348739E+03
    4    3.250000E-02    8.962889E-02    2.546554E+03
    1    3.266667E-02    8.996850E-02    6.064259E+03
    2    3.266667E-02    8.996850E-02    4.425951E+03
    3    3.266667E-02    8.996850E-02    3.346241E+03
    4    3.266667E-02    8.996850E-02    2.544654E+03
    1    3.283333E-02    9.030875E-02    6.059725E+03
    2    3.283333E-02    9.030875E-02    4.422642E+03
    3    3.283333E-02    9.030875E-02    3.343739E+03
    4    3.283333E-02    9.030875E-02    2.542752E+03
    1    3.300000E-02    9.064964E-02    6.055184E+03
    2    3.300000E-02    9.064964E-02    4.419328E+03
    3    3.300000E-02    9.064964E-02    3.341233E+03
    4    3.300000E-02    9.064964E-02    2.540847E+03
    1    3.316667E-02    9.099118E-02    6.050637E+03
    2    3.316667E-02    9.099118E-02    4.416009E+03
    3    3.316667E-02    9.099118E-02    3.338724E+03
    4    3.316667E-02    9.099118E-02    2.538938E+03
    1    3.333333E-02    9.133336E-02    6.046082E+03
    2    3.333333E-02    9.133336E-02    4.412685E+03
    3    3.333333E-02    9.133336E-02    3.336211E+03
    4    3.333333E-02    9.133336E-02    2.537027E+03
    1    3.350000E-02    9.167618E-02    6.041521E+03
    2    3.350000E-02    9.167618E-02    4.409356E+03
    3    3.350000E-02    9.167618E-02    3.333694E+03
    4    3.350000E-02    9.167618E-02    2.535113E+03
    1    3.366667E-02    9.201964E-02    6.036953E+03
    2    3.366667E-02    9.201964E-02    4.406022E+03
    3    3.366667E-02    9.201964E-02    3.331173E+03
    4    3.366667E-02    9.201964E-02    2.533196E+03
    1    3.383333E-02    9.236375E-02    6.032378E+03
    2    3.383333E-02    9.236375E-02    4.402683E+03
    3    3.383333E-02    9.236375E-02    3.328649E+03
    4    3.383333E-02    9.236375E-02    2.531277E+03
    1    3.400000E-02    9.270850E-02    6.027796E+03
    2    3.400000E-02    9.270850E-02    4.399339E+03
    3    3.400000E-02    9.270850E-02    3.326121E+03
    4    3.400000E-02    9.270850E-02    2.529354E+03
    1    3.416667E-02    9.305389E-02    6.023208E+03
    2    3.416667E-02    9.305389E-02    4.395990E+03
    3    3.416667E-02    9.305389E-02    3.323589E+03
    4    3.416667E-02    9.305389E-02    2.527429E+03
    1    3.433333E-02    9.339992E-02    6.018613E+03
    2    3.433333E-02    9.339992E-02    4.392637E+03
    3    3.433333E-02    9.339992E-02    3.321053E+03
    4    3.433333E-02    9.339992E-02    2.525501E+03
    1    3.450000E-02    9.374659E-02    6.014011E+03
    2    3.450000E-02    9.374659E-02    4.389278E+03
    3    3.450000E-02    9.374659E-02    3.318514E+03
    4    3.450000E-02    9.374659E-02    2.523570E+03
    1    3.466667E-02    9.409391E-02    6.009402E+03
    2    3.466667E-02    9.409391E-02    4.385914E+03
    3    3.466667E-02    9.409391E-02    3.315971E+03
    4    3.466667E-02    9.409391E-02    2.521636E+03
    1    3.483333E-02    9.444187E-02    6.004786E+03
    2    3.483333E-02    9.444187E-02    4.382546E+03
    3    3.483333E-02    9.444187E-02    3.313424E+03
    4    3.483333E-02    9.444187E-02    2.519699E+03
    1    3.500000E-02    9.479047E-02    6.000164E+03
    2    3.500000E-02    9.479047E-02    4.379172E+03
    3    3.500000E-02    9.479047E-02    3.310873E+03
    4    3.500000E-02    9.479047E-02    2.517759E+03
    1    3.516667E-02    9.513971E-02    5.995535E+03
    2    3.516667E-02    9.513971E-02    4.375794E+03
    3    3.516667E-02    9.513971E-02    3.308319E+03
    4    3.516667E-02    9.513971E-02    2.515817E+03
    1    3.533333E-02    9.548960E-02    5.990899E+03
    2    3.533333E-02    9.548960E-02    4.372410E+03
    3    3.533333E-02    9.548960E-02    3.305761E+03
    4    3.533333E-02    9.548960E-02    2.513872E+03
    1    3.550000E-02    9.584013E-02    5.986257E+03
    2    3.550000E-02    9.584013E-02    4.369022E+03
    3    3.550000E-02    9.584013E-02    3.303199E+03
    4    3.550000E-02    9.584013E-02    2.511924E+03
    1    3.566667E-02    9.619130E-02    5.981608E+03
    2    3.566667E-02    9.619130E-02    4.365629E+03
    3    3.566667E-02    9.619130E-02    3.300634E+03
    4    3.566667E-02    9.619130E-02    2.509973E+03
    1    3.583333E-02    9.654311E-02    5.976952E+03
    2    3.583333E-02    9.654311E-02    4.362231E+03
    3    3.583333E-02    9.654311E-02    3.298065E+03
    4    3.583333E-02    9.654311E-02    2.508019E+03
    1    3.600000E-02    9.689556E-02    5.972289E+03
    2    3.600000E-02    9.689556E-02    4.358828E+03
    3    3.600000E-02    9.689556E-02    3.295492E+03
    4    3.600000E-02    9.689556E-02    2.506063E+03
    1    3.616667E-02    9.724866E-02    5.967620E+03
    2    3.616667E-02    9.724866E-02    4.355420E+03
    3    3.616667E-02    9.724866E-02    3.292916E+03
    4    3.616667E-02    9.724866E-02    2.504103E+03
    1    3.633333E-02    9.760240E-02    5.962944E+03
    2    3.633333E-02    9.760240E-02    4.352008E+03
    3    3.633333E-02    9.760240E-02    3.290336E+03
    4    3.633333E-02    9.760240E-02    2.502141E+03
    1    3.650000E-02    9.795678E-02    5.958262E+03
    2    3.650000E-02    9.795678E-02    4.348590E+03
    3    3.650000E-02    9.795678E-02    3.287752E+03
    4    3.650000E-02    9.795678E-02    2.500176E+03
    1    3.666667E-02    9.831180E-02    5.953573E+03
    2    3.666667E-02    9.831180E-02    4.345168E+03
    3    3.666667E-02    9.831180E-02    3.285164E+03
    4    3.666667E-02    9.831180E-02    2.498209E+03
    1    3.683333E-02    9.866746E-02    5.948877E+03
    2    3.683333E-02    9.866746E-02    4.341741E+03
    3    3.683333E-02    9.866746E-02    3.282573E+03
    4    3.683333E-02    9.866746E-02    2.496238E+03
    1    3.700000E-02    9.902377E-02    5.944175E+03
    2    3.700000E-02    9.902377E-02    4.338309E+03
    3    3.700000E-02    9.902377E-02    3.279978E+03
    4    3.700000E-02    9.902377E-02    2.494265E+03
    1    3.716667E-02    9.938072E-02    5.939466E+03
    2    3.716667E-02    9.938072E-02    4.334872E+03
    3    3.716667E-02    9.938072E-02    3.277380E+03
    4    3.716667E-02    9.938072E-02    2.492289E+03
    1    3.733333E-02    9.973831E-02    5.934750E+03
    2    3.733333E-02    9.973831E-02    4.331430E+03
    3    3.733333E-02    9.973831E-02    3.274778E+03
    4    3.733333E-02    9.973831E-02    2.490311E+03
    1    3.750000E-02    1.000965E-01    5.930028E+03
    2    3.750000E-02    1.000965E-01    4.327984E+03
    3    3.750000E-02    1.000965E-01    3.272172E+03
    4    3.750000E-02    1.000965E-01    2.488329E+03
    1    3.766667E-02    1.004554E-01    5.925299E+03
    2    3.766667E-02    1.004554E-01    4.324532E+03
    3    3.766667E-02    1.004554E-01    3.269563E+03
    4    3.766667E-02    1.004554E-01    2.486345E+03
    1    3.783333E-02    1.008149E-01    5.920564E+03
    2    3.783333E-02    1.008149E-01    4.321076E+03
    3    3.783333E-02    1.008149E-01    3.266950E+03
    4    3.783333E-02    1.008149E-01    2.484358E+03
    1    3.800000E-02    1.011751E-01    5.915822E+03
    2    3.800000E-02    1.011751E-01    4.317615E+03
    3    3.800000E-02    1.011751E-01    3.264333E+03
    4    3.800000E-02    1.011751E-01    2.482368E+03
    1    3.816667E-02    1.015359E-01    5.911073E+03
    2    3.816667E-02    1.015359E-01    4.314150E+03
    3    3.816667E-02    1.015359E-01    3.261713E+03
    4    3.816667E-02    1.015359E-01    2.480375E+03
    1    3.833333E-02    1.018973E-01    5.906318E+03
    2    3.833333E-02    1.018973E-01    4.310679E+03
    3    3.833333E-02    1.018973E-01    3.259089E+03
    4    3.833333E-02    1.018973E-01    2.478380E+03
    1    3.850000E-02    1.022594E-01    5.901557E+03
    2    3.850000E-02    1.022594E-01    4.307204E+03
    3    3.850000E-02    1.022594E-01    3.256462E+03
    4    3.850000E-02    1.022594E-01    2.476382E+03
    1    3.866667E-02    1.026222E-01    5.896789E+03
    2    3.866667E-02    1.026222E-01    4.303724E+03
    3    3.866667E-02    1.026222E-01    3.253831E+03
    4    3.866667E-02    1.026222E-01    2.474381E+03
    1    3.883333E-02    1.029855E-01    5.892014E+03
    2    3.883333E-02    1.029855E-01    4.300240E+03
    3    3.883333E-02    1.029855E-01    3.251196E+03
    4    3.883333E-02    1.029855E-01    2.472378E+03
    1    3.900000E-02    1.033495E-01    5.887233E+03
    2    3.900000E-02    1.033495E-01    4.296750E+03
    3    3.900000E-02    1.033495E-01    3.248558E+03
    4    3.900000E-02    1.033495E-01    2.470372E+03
    1    3.916667E-02    1.037142E-01    5.882446E+03
    2    3.916667E-02    1.037142E-01    4.293256E+03
    3    3.916667E-02    1.037142E-01    3.245917E+03
    4    3.916667E-02    1.037142E-01    2.468363E+03
    1    3.933333E-02    1.040795E-01    5.877652E+03
    2    3.933333E-02    1.040795E-01    4.289757E+03
    3    3.933333E-02    1.040795E-01    3.243271E+03
    4    3.933333E-02    1.040795E-01    2.466351E+03
    1    3.950000E-02    1.044454E-01    5.872851E+03
    2    3.950000E-02    1.044454E-01    4.286254E+03
    3    3.950000E-02    1.044454E-01    3.240622E+03
    4    3.950000E-02    1.044454E-01    2.464337E+03
    1    3.966667E-02    1.048120E-01    5.868044E+03
    2    3.966667E-02    1.048120E-01    4.282745E+03
    3    3.966667E-02    1.048120E-01    3.237970E+03
    4    3.966667E-02    1.048120E-01    2.462320E+03
    1    3.983333E-02    1.051792E-01    5.863231E+03
    2    3.983333E-02    1.051792E-01    4.279232E+03
    3    3.983333E-02    1.051792E-01    3.235314E+03
    4    3.983333E-02    1.051792E-01    2.460300E+03
    1    4.000000E-02    1.055471E-01    5.858411E+03
    2    4.000000E-02    1.055471E-01    4.275715E+03
    3    4.000000E-02    1.055471E-01    3.232654E+03
    4    4.000000E-02    1.055471E-01    2.458278E+03
    1    4.016667E-02    1.059156E-01    5.853585E+03
    2    4.016667E-02    1.059156E-01    4.272192E+03
    3    4.016667E-02    1.059156E-01    3.229991E+03
    4    4.016667E-02    1.059156E-01    2.456252E+03
    1    4.033333E-02    1.062848E-01    5.848752E+03
    2    4.033333E-02    1.062848E-01    4.268665E+03
    3    4.033333E-02    1.062848E-01    3.227325E+03
    4    4.033333E-02    1.062848E-01    2.454224E+03
    1    4.050000E-02    1.066546E-01    5.843913E+03
    2    4.050000E-02    1.066546E-01    4.265133E+03
    3    4.050000E-02    1.066546E-01    3.224654E+03
    4    4.050000E-02    1.066546E-01    2.452194E+03
    1    4.066667E-02    1.070250E-01    5.839067E+03
    2    4.066667E-02    1.070250E-01    4.261597E+03
    3    4.066667E-02    1.070250E-01    3.221981E+03
    4    4.066667E-02    1.070250E-01    2.450161E+03
    1    4.083333E-02    1.073961E-01    5.834216E+03
    2    4.083333E-02    1.073961E-01    4.258056E+03
    3    4.083333E-02    1.073961E-01    3.219303E+03
    4    4.083333E-02    1.073961E-01    2.448125E+03
    1    4.100000E-02    1.077678E-01    5.829357E+03
    2    4.100000E-02    1.077678E-01    4.254510E+03
    3    4.100000E-02    1.077678E-01    3.216623E+03
    4    4.100000E-02    1.077678E-01    2.446086E+03
    1    4.116667E-02    1.081402E-01    5.824493E+03
    2    4.116667E-02    1.081402E-01    4.250960E+03
    3    4.116667E-02    1.081402E-01    3.213938E+03
    4    4.116667E-02    1.081402E-01    2.444045E+03
    1    4.133333E-02    1.085132E-01    5.819622E+03
    2    4.133333E-02    1.085132E-01    4.247405E+03
    3    4.133333E-02    1.085132E-01    3.211251E+03
    4    4.133333E-02    1.085132E-01    2.442001E+03
    1    4.150000E-02    1.088868E-01    5.814744E+03
    2    4.150000E-02    1.088868E-01    4.243845E+03
    3    4.150000E-02    1.088868E-01    3.208559E+03
    4    4.150000E-02    1.088868E-01    2.439954E+03
    1    4.166667E-02    1.092611E-01    5.809861E+03
    2    4.166667E-02    1.092611E-01    4.240281E+03
    3    4.166667E-02    1.092611E-01    3.205864E+03
    4    4.166667E-02    1.092611E-01    2.437905E+03
    1    4.183333E-02    1.096360E-01    5.804971E+03
    2    4.183333E-02    1.096360E-01    4.236712E+03
    3    4.183333E-02    1.096360E-01    3.203166E+03
    4    4.183333E-02    1.096360E-01    2.435853E+03
    1    4.200000E-02    1.100116E-01    5.800075E+03
    2    4.200000E-02    1.100116E-01    4.233138E+03
    3    4.200000E-02    1.100116E-01    3.200464E+03
    4    4.200000E-02    1.100116E-01    2.433799E+03
    1    4.216667E-02    1.103878E-01    5.795172E+03
    2    4.216667E-02    1.103878E-01    4.229560E+03
    3    4.216667E-02    1.103878E-01    3.197759E+03
    4    4.216667E-02    1.103878E-01    2.431742E+03
    1    4.233333E-02    1.107647E-01    5.790263E+03
    2    4.233333E-02    1.107647E-01    4.225978E+03
    3    4.233333E-02    1.107647E-01    3.195051E+03
    4    4.233333E-02    1.107647E-01    2.429682E+03
    1    4.250000E-02    1.111422E-01    5.785348E+03
    2    4.250000E-02    1.111422E-01    4.222390E+03
    3    4.250000E-02    1.111422E-01    3.192338E+03
    4    4.250000E-02    1.111422E-01    2.427619E+03
    1    4.266667E-02    1.115203E-01    5.780427E+03
    2    4.266667E-02    1.115203E-01    4.218798E+03
    3    4.266667E-02    1.115203E-01    3.189623E+03
    4    4.266667E-02    1.115203E-01    2.425554E+03
    1    4.283333E-02    1.118991E-01    5.775499E+03
    2    4.283333E-02    1.118991E-01    4.215202E+03
    3    4.283333E-02    1.118991E-01    3.186904E+03
    4    4.283333E-02    1.118991E-01    2.423486E+03
    1    4.300000E-02    1.122785E-01    5.770565E+03
    2    4.300000E-02    1.122785E-01    4.211601E+03
    3    4.300000E-02    1.122785E-01    3.184181E+03
    4    4.300000E-02    1.122785E-01    2.421416E+03
    1    4.316667E-02    1.126586E-01    5.765625E+03
    2    4.316667E-02    1.126586E-01    4.207996E+03
    3    4.316667E-02    1.126586E-01    3.181455E+03
    4    4.316667E-02    1.126586E-01    2.419343E+03
    1    4.333333E-02    1.130393E-01    5.760679E+03
    2    4.333333E-02    1.130393E-01    4.204385E+03
    3    4.333333E-02    1.130393E-01    3.178726E+03
    4    4.333333E-02    1.130393E-01    2.417268E+03
    1    4.350000E-02    1.134207E-01    5.755726E+03
    2    4.350000E-02    1.134207E-01    4.200771E+03
    3    4.350000E-02    1.134207E-01    3.175993E+03
    4    4.350000E-02    1.134207E-01    2.415189E+03
    1    4.366667E-02    1.138027E-01    5.750767E+03
    2    4.366667E-02    1.138027E-01    4.197152E+03
    3    4.366667E-02    1.138027E-01    3.173257E+03
    4    4.366667E-02    1.138027E-01    2.413109E+03
    1    4.383333E-02    1.141853E-01    5.745802E+03
    2    4.383333E-02    1.141853E-01    4.193528E+03
    3    4.383333E-02    1.141853E-01    3.170517E+03
    4    4.383333E-02    1.141853E-01    2.411025E+03
    1    4.400000E-02    1.145686E-01    5.740831E+03
    2    4.400000E-02    1.145686E-01    4.189900E+03
    3    4.400000E-02    1.145686E-01    3.167774E+03
    4    4.400000E-02    1.145686E-01    2.408939E+03
    1    4.416667E-02    1.149525E-01    5.735854E+03
    2    4.416667E-02    1.149525E-01    4.186267E+03
    3    4.416667E-02    1.149525E-01    3.165028E+03
    4    4.416667E-02    1.149525E-01    2.406851E+03
    1    4.433333E-02    1.153371E-01    5.730870E+03
    2    4.433333E-02    1.153371E-01    4.182630E+03
    3    4.433333E-02    1.153371E-01    3.162278E+03
    4    4.433333E-02    1.153371E-01    2.404759E+03
    1    4.450000E-02    1.157223E-01    5.725880E+03
    2    4.450000E-02    1.157223E-01    4.178988E+03
    3    4.450000E-02    1.157223E-01    3.159524E+03
    4    4.450000E-02    1.157223E-01    2.402666E+03
    1    4.466667E-02    1.161081E-01    5.720885E+03
    2    4.466667E-02    1.161081E-01    4.175342E+03
    3    4.466667E-02    1.161081E-01    3.156768E+03
    4    4.466667E-02    1.161081E-01    2.400569E+03
    1    4.483333E-02    1.164946E-01    5.715883E+03
    2    4.483333E-02    1.164946E-01    4.171692E+03
    3    4.483333E-02    1.164946E-01    3.154008E+03
    4    4.483333E-02    1.164946E-01    2.398471E+03
    1    4.500000E-02    1.168817E-01    5.710875E+03
    2    4.500000E-02    1.168817E-01    4.168037E+03
    3    4.500000E-02    1.168817E-01    3.151244E+03
    4    4.500000E-02    1.168817E-01    2.396369E+03
    1    4.516667E-02    1.172695E-01    5.705861E+03
    2    4.516667E-02    1.172695E-01    4.164377E+03
    3    4.516667E-02    1.172695E-01    3.148477E+03
    4    4.516667E-02    1.172695E-01    2.394265E+03
    1    4.533333E-02    1.176579E-01    5.700840E+03
    2    4.533333E-02    1.176579E-01    4.160713E+03
    3    4.533333E-02    1.176579E-01    3.145707E+03
    4    4.533333E-02    1.176579E-01    2.392159E+03
    1    4.550000E-02    1.180470E-01    5.695814E+03
    2    4.550000E-02    1.180470E-01    4.157045E+03
    3    4.550000E-02    1.180470E-01    3.142934E+03
    4    4.550000E-02    1.180470E-01    2.390049E+03
    1    4.566667E-02    1.184367E-01    5.690782E+03
    2    4.566667E-02    1.184367E-01    4.153372E+03
    3    4.566667E-02    1.184367E-01    3.140157E+03
    4    4.566667E-02    1.184367E-01    2.387938E+03
    1    4.583333E-02    1.188270E-01    5.685743E+03
    2    4.583333E-02    1.188270E-01    4.149694E+03
    3    4.583333E-02    1.188270E-01    3.137377E+03
    4    4.583333E-02    1.188270E-01    2.385823E+03
    1    4.600000E-02    1.192180E-01    5.680699E+03
    2    4.600000E-02    1.192180E-01    4.146013E+03
    3    4.600000E-02    1.192180E-01    3.134593E+03
    4    4.600000E-02    1.192180E-01    2.383707E+03
    1    4.616667E-02    1.196096E-01    5.675648E+03
    2    4.616667E-02    1.196096E-01    4.142327E+03
    3    4.616667E-02    1.196096E-01    3.131806E+03
    4    4.616667E-02    1.196096E-01    2.381587E+03
    1    4.633333E-02    1.200019E-01    5.670591E+03
    2    4.633333E-02    1.200019E-01    4.138636E+03
    3    4.633333E-02    1.200019E-01    3.129016E+03
    4    4.633333E-02    1.200019E-01    2.379466E+03
    1    4.650000E-02    1.203948E-01    5.665529E+03
    2    4.650000E-02    1.203948E-01    4.134941E+03
    3    4.650000E-02    1.203948E-01    3.126222E+03
    4    4.650000E-02    1.203948E-01    2.377341E+03
    1    4.666667E-02    1.207884E-01    5.660460E+03
    2    4.666667E-02    1.207884E-01    4.131242E+03
    3    4.666667E-02    1.207884E-01    3.123426E+03
    4    4.666667E-02    1.207884E-01    2.375214E+03
    1    4.683333E-02    1.211826E-01    5.655386E+03
    2    4.683333E-02    1.211826E-01    4.127538E+03
    3    4.683333E-02    1.211826E-01    3.120625E+03
    4    4.683333E-02    1.211826E-01    2.373085E+03
    1    4.700000E-02    1.215774E-01    5.650305E+03
    2    4.700000E-02    1.215774E-01    4.123830E+03
    3    4.700000E-02    1.215774E-01    3.117822E+03
    4    4.700000E-02    1.215774E-01    2.370953E+03
    1    4.716667E-02    1.219729E-01    5.645218E+03
    2    4.716667E-02    1.219729E-01    4.120118E+03
    3    4.716667E-02    1.219729E-01    3.115015E+03
    4    4.716667E-02    1.219729E-01    2.368819E+03
    1    4.733333E-02    1.223690E-01    5.640126E+03
    2    4.733333E-02    1.223690E-01    4.116401E+03
    3    4.733333E-02    1.223690E-01    3.112205E+03
    4    4.733333E-02    1.223690E-01    2.366682E+03
    1    4.750000E-02    1.227658E-01    5.635027E+03
    2    4.750000E-02    1.227658E-01    4.112680E+03
    3    4.750000E-02    1.227658E-01    3.109392E+03
    4    4.750000E-02    1.227658E-01    2.364542E+03
    1    4.766667E-02    1.231632E-01    5.629923E+03
    2    4.766667E-02    1.231632E-01    4.108954E+03
    3    4.766667E-02    1.231632E-01    3.106575E+03
    4    4.766667E-02    1.231632E-01    2.362401E+03
    1    4.783333E-02    1.235612E-01    5.624813E+03
    2    4.783333E-02    1.235612E-01    4.105225E+03
    3    4.783333E-02    1.235612E-01    3.103755E+03
    4    4.783333E-02    1.235612E-01    2.360256E+03
    1    4.800000E-02    1.239599E-01    5.619696E+03
    2    4.800000E-02    1.239599E-01    4.101491E+03
    3    4.800000E-02    1.239599E-01    3.100932E+03
    4    4.800000E-02    1.239599E-01    2.358109E+03
    1    4.816667E-02    1.243593E-01    5.614574E+03
    2    4.816667E-02    1.243593E-01    4.097752E+03
    3    4.816667E-02    1.243593E-01    3.098106E+03
    4    4.816667E-02    1.243593E-01    2.355960E+03
    1    4.833333E-02    1.247592E-01    5.609446E+03
    2    4.833333E-02    1.247592E-01    4.094010E+03
    3    4.833333E-02    1.247592E-01    3.095276E+03
    4    4.833333E-02    1.247592E-01    2.353808E+03
    1    4.850000E-02    1.251598E-01    5.604312E+03
    2    4.850000E-02    1.251598E-01    4.090263E+03
    3    4.850000E-02    1.251598E-01    3.092443E+03
    4    4.850000E-02    1.251598E-01    2.351654E+03
    1    4.866667E-02    1.255611E-01    5.599172E+03
    2    4.866667E-02    1.255611E-01    4.086511E+03
    3    4.866667E-02    1.255611E-01    3.089607E+03
    4    4.866667E-02    1.255611E-01    2.349497E+03
    1    4.883333E-02    1.259630E-01    5.594026E+03
    2    4.883333E-02    1.259630E-01    4.082756E+03
    3    4.883333E-02    1.259630E-01    3.086768E+03
    4    4.883333E-02    1.259630E-01    2.347338E+03
    1    4.900000E-02    1.263656E-01    5.588875E+03
    2    4.900000E-02    1.263656E-01    4.078996E+03
    3    4.900000E-02    1.263656E-01    3.083925E+03
    4    4.900000E-02    1.263656E-01    2.345176E+03
    1    4.916667E-02    1.267687E-01    5.583717E+03
    2    4.916667E-02    1.267687E-01    4.075232E+03
    3    4.916667E-02    1.267687E-01    3.081079E+03
    4    4.916667E-02    1.267687E-01    2.343012E+03
    1    4.933333E-02    1.271726E-01    5.578554E+03
    2    4.933333E-02    1.271726E-01    4.071463E+03
    3    4.933333E-02    1.271726E-01    3.078230E+03
    4    4.933333E-02    1.271726E-01    2.340845E+03
    1    4.950000E-02    1.275770E-01    5.573385E+03
    2    4.950000E-02    1.275770E-01    4.067691E+03
    3    4.950000E-02    1.275770E-01    3.075378E+03
    4    4.950000E-02    1.275770E-01    2.338676E+03
    1    4.966667E-02    1.279822E-01    5.568210E+03
    2    4.966667E-02    1.279822E-01    4.063914E+03
    3    4.966667E-02    1.279822E-01    3.072522E+03
    4    4.966667E-02    1.279822E-01    2.336505E+03
    1    4.983333E-02    1.283879E-01    5.563030E+03
    2    4.983333E-02    1.283879E-01    4.060133E+03
    3    4.983333E-02    1.283879E-01    3.069664E+03
    4    4.983333E-02    1.283879E-01    2.334331E+03
    1    5.000000E-02    1.287943E-01    5.557843E+03
    2    5.000000E-02    1.287943E-01    4.056348E+03
    3    5.000000E-02    1.287943E-01    3.066802E+03
    4    5.000000E-02    1.287943E-01    2.332155E+03
    1    5.016667E-02    1.292013E-01    5.552651E+03
    2    5.016667E-02    1.292013E-01    4.052558E+03
    3    5.016667E-02    1.292013E-01    3.063937E+03
    4    5.016667E-02    1.292013E-01    2.329976E+03
    1    5.033333E-02    1.296090E-01    5.547453E+03
    2    5.033333E-02    1.296090E-01    4.048765E+03
    3    5.033333E-02    1.296090E-01    3.061069E+03
    4    5.033333E-02    1.296090E-01    2.327795E+03
    1    5.050000E-02    1.300174E-01    5.542249E+03
    2    5.050000E-02    1.300174E-01    4.044967E+03
    3    5.050000E-02    1.300174E-01    3.058197E+03
    4    5.050000E-02    1.300174E-01    2.325611E+03
    1    5.066667E-02    1.304263E-01    5.537040E+03
    2    5.066667E-02    1.304263E-01    4.041165E+03
    3    5.066667E-02    1.304263E-01    3.055323E+03
    4    5.066667E-02    1.304263E-01    2.323425E+03
    1    5.083333E-02    1.308359E-01    5.531825E+03
    2    5.083333E-02    1.308359E-01    4.037358E+03
    3    5.083333E-02    1.308359E-01    3.052445E+03
    4    5.083333E-02    1.308359E-01    2.321237E+03
    1    5.100000E-02    1.312462E-01    5.526604E+03
    2    5.100000E-02    1.312462E-01    4.033548E+03
    3    5.100000E-02    1.312462E-01    3.049564E+03
    4    5.100000E-02    1.312462E-01    2.319046E+03
    1    5.116667E-02    1.316571E-01    5.521377E+03
    2    5.116667E-02    1.316571E-01    4.029733E+03
    3    5.116667E-02    1.316571E-01    3.046680E+03
    4    5.116667E-02    1.316571E-01    2.316853E+03
    1    5.133333E-02    1.320686E-01    5.516145E+03
    2    5.133333E-02    1.320686E-01    4.025915E+03
    3    5.133333E-02    1.320686E-01    3.043793E+03
    4    5.133333E-02    1.320686E-01    2.314658E+03
    1    5.150000E-02    1.324808E-01    5.510907E+03
    2    5.150000E-02    1.324808E-01    4.022092E+03
    3    5.150000E-02    1.324808E-01    3.040903E+03
    4    5.150000E-02    1.324808E-01    2.312460E+03
    1    5.166667E-02    1.328936E-01    5.505664E+03
    2    5.166667E-02    1.328936E-01    4.018265E+03
    3    5.166667E-02    1.328936E-01    3.038009E+03
    4    5.166667E-02    1.328936E-01    2.310259E+03
    1    5.183333E-02    1.333071E-01    5.500414E+03
    2    5.183333E-02    1.333071E-01    4.014434E+03
    3    5.183333E-02    1.333071E-01    3.035113E+03
    4    5.183333E-02    1.333071E-01    2.308057E+03
    1    5.200000E-02    1.337212E-01    5.495159E+03
    2    5.200000E-02    1.337212E-01    4.010598E+03
    3    5.200000E-02    1.337212E-01    3.032213E+03
    4    5.200000E-02    1.337212E-01    2.305852E+03
    1    5.216667E-02    1.341359E-01    5.489899E+03
    2    5.216667E-02    1.341359E-01    4.006759E+03
    3    5.216667E-02    1.341359E-01    3.029310E+03
    4    5.216667E-02    1.341359E-01    2.303644E+03
    1    5.233333E-02    1.345513E-01    5.484633E+03
    2    5.233333E-02    1.345513E-01    4.002916E+03
    3    5.233333E-02    1.345513E-01    3.026404E+03
    4    5.233333E-02    1.345513E-01    2.301435E+03
    1    5.250000E-02    1.349673E-01    5.479361E+03
    2    5.250000E-02    1.349673E-01    3.999068E+03
    3    5.250000E-02    1.349673E-01    3.023496E+03
    4    5.250000E-02    1.349673E-01    2.299222E+03
    1    5.266667E-02    1.353840E-01    5.474083E+03
    2    5.266667E-02    1.353840E-01    3.995216E+03
    3    5.266667E-02    1.353840E-01    3.020584E+03
    4    5.266667E-02    1.353840E-01    2.297008E+03
    1    5.283333E-02    1.358013E-01    5.468801E+03
    2    5.283333E-02    1.358013E-01    3.991361E+03
    3    5.283333E-02    1.358013E-01    3.017668E+03
    4    5.283333E-02    1.358013E-01    2.294791E+03
    1    5.300000E-02    1.362193E-01    5.463512E+03
    2    5.300000E-02    1.362193E-01    3.987501E+03
    3    5.300000E-02    1.362193E-01    3.014750E+03
    4    5.300000E-02    1.362193E-01    2.292572E+03
    1    5.316667E-02    1.366379E-01    5.458218E+03
    2    5.316667E-02    1.366379E-01    3.983637E+03
    3    5.316667E-02    1.366379E-01    3.011829E+03
    4    5.316667E-02    1.366379E-01    2.290350E+03
    1    5.333333E-02    1.370571E-01    5.452918E+03
    2    5.333333E-02    1.370571E-01    3.979769E+03
    3    5.333333E-02    1.370571E-01    3.008905E+03
    4    5.333333E-02    1.370571E-01    2.288127E+03
    1    5.350000E-02    1.374770E-01    5.447613E+03
    2    5.350000E-02    1.374770E-01    3.975897E+03
    3    5.350000E-02    1.374770E-01    3.005977E+03
    4    5.350000E-02    1.374770E-01    2.285901E+03
    1    5.366667E-02    1.378975E-01    5.442302E+03
    2    5.366667E-02    1.378975E-01    3.972021E+03
    3    5.366667E-02    1.378975E-01    3.003047E+03
    4    5.366667E-02    1.378975E-01    2.283672E+03
    1    5.383333E-02    1.383187E-01    5.436986E+03
    2    5.383333E-02    1.383187E-01    3.968141E+03
    3    5.383333E-02    1.383187E-01    3.000113E+03
    4    5.383333E-02    1.383187E-01    2.281441E+03
    1    5.400000E-02    1.387405E-01    5.431664E+03
    2    5.400000E-02    1.387405E-01    3.964257E+03
    3    5.400000E-02    1.387405E-01    2.997177E+03
    4    5.400000E-02    1.387405E-01    2.279208E+03
    1    5.416667E-02    1.391630E-01    5.426337E+03
    2    5.416667E-02    1.391630E-01    3.960369E+03
    3    5.416667E-02    1.391630E-01    2.994237E+03
    4    5.416667E-02    1.391630E-01    2.276973E+03
    1    5.433333E-02    1.395861E-01    5.421004E+03
    2    5.433333E-02    1.395861E-01    3.956477E+03
    3    5.433333E-02    1.395861E-01    2.991295E+03
    4    5.433333E-02    1.395861E-01    2.274735E+03
    1    5.450000E-02    1.400098E-01    5.415666E+03
    2    5.450000E-02    1.400098E-01    3.952581E+03
    3    5.450000E-02    1.400098E-01    2.988349E+03
    4    5.450000E-02    1.400098E-01    2.272495E+03
    1    5.466667E-02    1.404342E-01    5.410323E+03
    2    5.466667E-02    1.404342E-01    3.948681E+03
    3    5.466667E-02    1.404342E-01    2.985401E+03
    4    5.466667E-02    1.404342E-01    2.270253E+03
    1    5.483333E-02    1.408592E-01    5.404974E+03
    2    5.483333E-02    1.408592E-01    3.944777E+03
    3    5.483333E-02    1.408592E-01    2.982449E+03
    4    5.483333E-02    1.408592E-01    2.268008E+03
    1    5.500000E-02    1.412849E-01    5.399619E+03
    2    5.500000E-02    1.412849E-01    3.940869E+03
    3    5.500000E-02    1.412849E-01    2.979494E+03
    4    5.500000E-02    1.412849E-01    2.265762E+03
    1    5.516667E-02    1.417112E-01    5.394259E+03
    2    5.516667E-02    1.417112E-01    3.936957E+03
    3    5.516667E-02    1.417112E-01    2.976537E+03
    4    5.516667E-02    1.417112E-01    2.263512E+03
    1    5.533333E-02    1.421381E-01    5.388894E+03
    2    5.533333E-02    1.421381E-01    3.933041E+03
    3    5.533333E-02    1.421381E-01    2.973576E+03
    4    5.533333E-02    1.421381E-01    2.261261E+03
    1    5.550000E-02    1.425657E-01    5.383523E+03
    2    5.550000E-02    1.425657E-01    3.929122E+03
    3    5.550000E-02    1.425657E-01    2.970613E+03
    4    5.550000E-02    1.425657E-01    2.259007E+03
    1    5.566667E-02    1.429939E-01    5.378147E+03
    2    5.566667E-02    1.429939E-01    3.925198E+03
    3    5.566667E-02    1.429939E-01    2.967646E+03
    4    5.566667E-02    1.429939E-01    2.256752E+03
    1    5.583333E-02    1.434228E-01    5.372766E+03
    2    5.583333E-02    1.434228E-01    3.921270E+03
    3    5.583333E-02    1.434228E-01    2.964677E+03
    4    5.583333E-02    1.434228E-01    2.254493E+03
    1    5.600000E-02    1.438523E-01    5.367379E+03
    2    5.600000E-02    1.438523E-01    3.917339E+03
    3    5.600000E-02    1.438523E-01    2.961704E+03
    4    5.600000E-02    1.438523E-01    2.252233E+03
    1    5.616667E-02    1.442825E-01    5.361987E+03
    2    5.616667E-02    1.442825E-01    3.913403E+03
    3    5.616667E-02    1.442825E-01    2.958729E+03
    4    5.616667E-02    1.442825E-01    2.249970E+03
    1    5.633333E-02    1.447133E-01    5.356589E+03
    2    5.633333E-02    1.447133E-01    3.909464E+03
    3    5.633333E-02    1.447133E-01    2.955751E+03
    4    5.633333E-02    1.447133E-01    2.247706E+03
    1    5.650000E-02    1.451447E-01    5.351186E+03
    2    5.650000E-02    1.451447E-01    3.905521E+03
    3    5.650000E-02    1.451447E-01    2.952769E+03
    4    5.650000E-02    1.451447E-01    2.245438E+03
    1    5.666667E-02    1.455768E-01    5.345778E+03
    2    5.666667E-02    1.455768E-01    3.901574E+03
    3    5.666667E-02    1.455768E-01    2.949785E+03
    4    5.666667E-02    1.455768E-01    2.243169E+03
    1    5.683333E-02    1.460095E-01    5.340365E+03
    2    5.683333E-02    1.460095E-01    3.897623E+03
    3    5.683333E-02    1.460095E-01    2.946798E+03
    4    5.683333E-02    1.460095E-01    2.240898E+03
    1    5.700000E-02    1.464429E-01    5.334946E+03
    2    5.700000E-02    1.464429E-01    3.893668E+03
    3    5.700000E-02    1.464429E-01    2.943808E+03
    4    5.700000E-02    1.464429E-01    2.238624E+03
    1    5.716667E-02    1.468769E-01    5.329522E+03
    2    5.716667E-02    1.468769E-01    3.889709E+03
    3    5.716667E-02    1.468769E-01    2.940815E+03
    4    5.716667E-02    1.468769E-01    2.236348E+03
    1    5.733333E-02    1.473116E-01    5.324093E+03
    2    5.733333E-02    1.473116E-01    3.885747E+03
    3    5.733333E-02    1.473116E-01    2.937819E+03
    4    5.733333E-02    1.473116E-01    2.234070E+03
    1    5.750000E-02    1.477469E-01    5.318658E+03
    2    5.750000E-02    1.477469E-01    3.881781E+03
    3    5.750000E-02    1.477469E-01    2.934820E+03
    4    5.750000E-02    1.477469E-01    2.231789E+03
    1    5.766667E-02    1.481828E-01    5.313219E+03
    2    5.766667E-02    1.481828E-01    3.877810E+03
    3    5.766667E-02    1.481828E-01    2.931819E+03
    4    5.766667E-02    1.481828E-01    2.229507E+03
    1    5.783333E-02    1.486194E-01    5.307774E+03
    2    5.783333E-02    1.486194E-01    3.873836E+03
    3    5.783333E-02    1.486194E-01    2.928814E+03
    4    5.783333E-02    1.486194E-01    2.227222E+03
    1    5.800000E-02    1.490566E-01    5.302324E+03
    2    5.800000E-02    1.490566E-01    3.869859E+03
    3    5.800000E-02    1.490566E-01    2.925807E+03
    4    5.800000E-02    1.490566E-01    2.224935E+03
    1    5.816667E-02    1.494945E-01    5.296868E+03
    2    5.816667E-02    1.494945E-01    3.865877E+03
    3    5.816667E-02    1.494945E-01    2.922797E+03
    4    5.816667E-02    1.494945E-01    2.222646E+03
    1    5.833333E-02    1.499330E-01    5.291408E+03
    2    5.833333E-02    1.499330E-01    3.861892E+03
    3    5.833333E-02    1.499330E-01    2.919783E+03
    4    5.833333E-02    1.499330E-01    2.220354E+03
    1    5.850000E-02    1.503721E-01    5.285942E+03
    2    5.850000E-02    1.503721E-01    3.857903E+03
    3    5.850000E-02    1.503721E-01    2.916768E+03
    4    5.850000E-02    1.503721E-01    2.218061E+03
    1    5.866667E-02    1.508119E-01    5.280471E+03
    2    5.866667E-02    1.508119E-01    3.853910E+03
    3    5.866667E-02    1.508119E-01    2.913749E+03
    4    5.866667E-02    1.508119E-01    2.215765E+03
    1    5.883333E-02    1.512524E-01    5.274995E+03
    2    5.883333E-02    1.512524E-01    3.849913E+03
    3    5.883333E-02    1.512524E-01    2.910727E+03
    4    5.883333E-02    1.512524E-01    2.213467E+03
    1    5.900000E-02    1.516934E-01    5.269514E+03
    2    5.900000E-02    1.516934E-01    3.845913E+03
    3    5.900000E-02    1.516934E-01    2.907703E+03
    4    5.900000E-02    1.516934E-01    2.211167E+03
    1    5.916667E-02    1.521352E-01    5.264027E+03
    2    5.916667E-02    1.521352E-01    3.841909E+03
    3    5.916667E-02    1.521352E-01    2.904675E+03
    4    5.916667E-02    1.521352E-01    2.208865E+03
    1    5.933333E-02    1.525775E-01    5.258536E+03
    2    5.933333E-02    1.525775E-01    3.837901E+03
    3    5.933333E-02    1.525775E-01    2.901645E+03
    4    5.933333E-02    1.525775E-01    2.206561E+03
    1    5.950000E-02    1.530205E-01    5.253040E+03
    2    5.950000E-02    1.530205E-01    3.833889E+03
    3    5.950000E-02    1.530205E-01    2.898612E+03
    4    5.950000E-02    1.530205E-01    2.204255E+03
    1    5.966667E-02    1.534642E-01    5.247538E+03
    2    5.966667E-02    1.534642E-01    3.829874E+03
    3    5.966667E-02    1.534642E-01    2.895576E+03
    4    5.966667E-02    1.534642E-01    2.201946E+03
    1    5.983333E-02    1.539084E-01    5.242031E+03
    2    5.983333E-02    1.539084E-01    3.825855E+03
    3    5.983333E-02    1.539084E-01    2.892538E+03
    4    5.983333E-02    1.539084E-01    2.199635E+03
    1    6.000000E-02    1.543534E-01    5.236520E+03
    2    6.000000E-02    1.543534E-01    3.821832E+03
    3    6.000000E-02    1.543534E-01    2.889496E+03
    4    6.000000E-02    1.543534E-01    2.197323E+03
    1    6.016667E-02    1.547989E-01    5.231003E+03
    2    6.016667E-02    1.547989E-01    3.817806E+03
    3    6.016667E-02    1.547989E-01    2.886452E+03
    4    6.016667E-02    1.547989E-01    2.195008E+03
    1    6.033333E-02    1.552452E-01    5.225481E+03
    2    6.033333E-02    1.552452E-01    3.813776E+03
    3    6.033333E-02    1.552452E-01    2.883405E+03
    4    6.033333E-02    1.552452E-01    2.192691E+03
    1    6.050000E-02    1.556920E-01    5.219954E+03
    2    6.050000E-02    1.556920E-01    3.809742E+03
    3    6.050000E-02    1.556920E-01    2.880356E+03
    4    6.050000E-02    1.556920E-01    2.190371E+03
    1    6.066667E-02    1.561395E-01    5.214422E+03
    2    6.066667E-02    1.561395E-01    3.805705E+03
    3    6.066667E-02    1.561395E-01    2.877303E+03
    4    6.066667E-02    1.561395E-01    2.188050E+03
    1    6.083333E-02    1.565877E-01    5.208885E+03
    2    6.083333E-02    1.565877E-01    3.801664E+03
    3    6.083333E-02    1.565877E-01    2.874248E+03
    4    6.083333E-02    1.565877E-01    2.185727E+03
    1    6.100000E-02    1.570364E-01    5.203343E+03
    2    6.100000E-02    1.570364E-01    3.797619E+03
    3    6.100000E-02    1.570364E-01    2.871190E+03
    4    6.100000E-02    1.570364E-01    2.183401E+03
    1    6.116667E-02    1.574859E-01    5.197797E+03
    2    6.116667E-02    1.574859E-01    3.793571E+03
    3    6.116667E-02    1.574859E-01    2.868129E+03
    4    6.116667E-02    1.574859E-01    2.181074E+03
    1    6.133333E-02    1.579359E-01    5.192245E+03
    2    6.133333E-02    1.579359E-01    3.789519E+03
    3    6.133333E-02    1.579359E-01    2.865066E+03
    4    6.133333E-02    1.579359E-01    2.178744E+03
    1    6.150000E-02    1.583866E-01    5.186688E+03
    2    6.150000E-02    1.583866E-01    3.785463E+03
    3    6.150000E-02    1.583866E-01    2.862000E+03
    4    6.150000E-02    1.583866E-01    2.176413E+03
    1    6.166667E-02    1.588380E-01    5.181126E+03
    2    6.166667E-02    1.588380E-01    3.781404E+03
    3    6.166667E-02    1.588380E-01    2.858931E+03
    4    6.166667E-02    1.588380E-01    2.174079E+03
    1    6.183333E-02    1.592900E-01    5.175560E+03
    2    6.183333E-02    1.592900E-01    3.777341E+03
    3    6.183333E-02    1.592900E-01    2.855859E+03
    4    6.183333E-02    1.592900E-01    2.171743E+03
    1    6.200000E-02    1.597426E-01    5.169988E+03
    2    6.200000E-02    1.597426E-01    3.773275E+03
    3    6.200000E-02    1.597426E-01    2.852785E+03
    4    6.200000E-02    1.597426E-01    2.169405E+03
    1    6.216667E-02    1.601959E-01    5.164412E+03
    2    6.216667E-02    1.601959E-01    3.769205E+03
    3    6.216667E-02    1.601959E-01    2.849708E+03
    4    6.216667E-02    1.601959E-01    2.167065E+03
    1    6.233333E-02    1.606498E-01    5.158831E+03
    2    6.233333E-02    1.606498E-01    3.765132E+03
    3    6.233333E-02    1.606498E-01    2.846628E+03
    4    6.233333E-02    1.606498E-01    2.164723E+03
    1    6.250000E-02    1.611044E-01    5.153244E+03
    2    6.250000E-02    1.611044E-01    3.761055E+03
    3    6.250000E-02    1.611044E-01    2.843545E+03
    4    6.250000E-02    1.611044E-01    2.162379E+03
    1    6.266667E-02    1.615596E-01    5.147653E+03
    2    6.266667E-02    1.615596E-01    3.756974E+03
    3    6.266667E-02    1.615596E-01    2.840460E+03
    4    6.266667E-02    1.615596E-01    2.160033E+03
    1    6.283333E-02    1.620154E-01    5.142058E+03
    2    6.283333E-02    1.620154E-01    3.752890E+03
    3    6.283333E-02    1.620154E-01    2.837373E+03
    4    6.283333E-02    1.620154E-01    2.157685E+03
    1    6.300000E-02    1.624719E-01    5.136457E+03
    2    6.300000E-02    1.624719E-01    3.748802E+03
    3    6.300000E-02    1.624719E-01    2.834282E+03
    4    6.300000E-02    1.624719E-01    2.155335E+03
    1    6.316667E-02    1.629290E-01    5.130851E+03
    2    6.316667E-02    1.629290E-01    3.744711E+03
    3    6.316667E-02    1.629290E-01    2.831189E+03
    4    6.316667E-02    1.629290E-01    2.152983E+03
    1    6.333333E-02    1.633868E-01    5.125241E+03
    2    6.333333E-02    1.633868E-01    3.740616E+03
    3    6.333333E-02    1.633868E-01    2.828093E+03
    4    6.333333E-02    1.633868E-01    2.150628E+03
    1    6.350000E-02    1.638452E-01    5.119626E+03
    2    6.350000E-02    1.638452E-01    3.736518E+03
    3    6.350000E-02    1.638452E-01    2.824995E+03
    4    6.350000E-02    1.638452E-01    2.148272E+03
    1    6.366667E-02    1.643043E-01    5.114006E+03
    2    6.366667E-02    1.643043E-01    3.732417E+03
    3    6.366667E-02    1.643043E-01    2.821894E+03
    4    6.366667E-02    1.643043E-01    2.145914E+03
    1    6.383333E-02    1.647640E-01    5.108381E+03
    2    6.383333E-02    1.647640E-01    3.728312E+03
    3    6.383333E-02    1.647640E-01    2.818790E+03
    4    6.383333E-02    1.647640E-01    2.143554E+03
    1    6.400000E-02    1.652243E-01    5.102752E+03
    2    6.400000E-02    1.652243E-01    3.724203E+03
    3    6.400000E-02    1.652243E-01    2.815684E+03
    4    6.400000E-02    1.652243E-01    2.141192E+03
    1    6.416667E-02    1.656853E-01    5.097118E+03
    2    6.416667E-02    1.656853E-01    3.720091E+03
    3    6.416667E-02    1.656853E-01    2.812575E+03
    4    6.416667E-02    1.656853E-01    2.138827E+03
    1    6.433333E-02    1.661469E-01    5.091479E+03
    2    6.433333E-02    1.661469E-01    3.715975E+03
    3    6.433333E-02    1.661469E-01    2.809463E+03
    4    6.433333E-02    1.661469E-01    2.136461E+03
    1    6.450000E-02    1.666092E-01    5.085835E+03
    2    6.450000E-02    1.666092E-01    3.711856E+03
    3    6.450000E-02    1.666092E-01    2.806349E+03
    4    6.450000E-02    1.666092E-01    2.134093E+03
    1    6.466667E-02    1.670721E-01    5.080187E+03
    2    6.466667E-02    1.670721E-01    3.707734E+03
    3    6.466667E-02    1.670721E-01    2.803233E+03
    4    6.466667E-02    1.670721E-01    2.131723E+03
    1    6.483333E-02    1.675357E-01    5.074534E+03
    2    6.483333E-02    1.675357E-01    3.703608E+03
    3    6.483333E-02    1.675357E-01    2.800113E+03
    4    6.483333E-02    1.675357E-01    2.129351E+03
    1    6.500000E-02    1.679999E-01    5.068876E+03
    2    6.500000E-02    1.679999E-01    3.699479E+03
    3    6.500000E-02    1.679999E-01    2.796991E+03
    4    6.500000E-02    1.679999E-01    2.126977E+03
    1    6.516667E-02    1.684647E-01    5.063214E+03
    2    6.516667E-02    1.684647E-01    3.695346E+03
    3    6.516667E-02    1.684647E-01    2.793867E+03
    4    6.516667E-02    1.684647E-01    2.124601E+03
    1    6.533333E-02    1.689302E-01    5.057547E+03
    2    6.533333E-02    1.689302E-01    3.691210E+03
    3    6.533333E-02    1.689302E-01    2.790740E+03
    4    6.533333E-02    1.689302E-01    2.122223E+03
    1    6.550000E-02    1.693963E-01    5.051875E+03
    2    6.550000E-02    1.693963E-01    3.687071E+03
    3    6.550000E-02    1.693963E-01    2.787610E+03
    4    6.550000E-02    1.693963E-01    2.119843E+03
    1    6.566667E-02    1.698631E-01    5.046199E+03
    2    6.566667E-02    1.698631E-01    3.682928E+03
    3    6.566667E-02    1.698631E-01    2.784478E+03
    4    6.566667E-02    1.698631E-01    2.117461E+03
    1    6.583333E-02    1.703305E-01    5.040518E+03
    2    6.583333E-02    1.703305E-01    3.678782E+03
    3    6.583333E-02    1.703305E-01    2.781343E+03
    4    6.583333E-02    1.703305E-01    2.115077E+03
    1    6.600000E-02    1.707985E-01    5.034832E+03
    2    6.600000E-02    1.707985E-01    3.674632E+03
    3    6.600000E-02    1.707985E-01    2.778206E+03
    4    6.600000E-02    1.707985E-01    2.112692E+03
    1    6.616667E-02    1.712672E-01    5.029142E+03
    2    6.616667E-02    1.712672E-01    3.670480E+03
    3    6.616667E-02    1.712672E-01    2.775066E+03
    4    6.616667E-02    1.712672E-01    2.110304E+03
    1    6.633333E-02    1.717365E-01    5.023448E+03
    2    6.633333E-02    1.717365E-01    3.666323E+03
    3    6.633333E-02    1.717365E-01    2.771924E+03
    4    6.633333E-02    1.717365E-01    2.107914E+03
    1    6.650000E-02    1.722065E-01    5.017749E+03
    2    6.650000E-02    1.722065E-01    3.662164E+03
    3    6.650000E-02    1.722065E-01    2.768779E+03
    4    6.650000E-02    1.722065E-01    2.105523E+03
    1    6.666667E-02    1.726771E-01    5.012045E+03
    2    6.666667E-02    1.726771E-01    3.658001E+03
    3    6.666667E-02    1.726771E-01    2.765632E+03
    4    6.666667E-02    1.726771E-01    2.103130E+03
    1    6.683333E-02    1.731484E-01    5.006337E+03
    2    6.683333E-02    1.731484E-01    3.653835E+03
    3    6.683333E-02    1.731484E-01    2.762482E+03
    4    6.683333E-02    1.731484E-01    2.100734E+03
    1    6.700000E-02    1.736203E-01    5.000624E+03
    2    6.700000E-02    1.736203E-01    3.649665E+03
    3    6.700000E-02    1.736203E-01    2.759330E+03
    4    6.700000E-02    1.736203E-01    2.098337E+03
    1    6.716667E-02    1.740928E-01    4.994906E+03
    2    6.716667E-02    1.740928E-01    3.645493E+03
    3    6.716667E-02    1.740928E-01    2.756175E+03
    4    6.716667E-02    1.740928E-01    2.095938E+03
    1    6.733333E-02    1.745660E-01    4.989185E+03
    2    6.733333E-02    1.745660E-01    3.641317E+03
    3    6.733333E-02    1.745660E-01    2.753018E+03
    4    6.733333E-02    1.745660E-01    2.093537E+03
    1    6.750000E-02    1.750398E-01    4.983458E+03
    2    6.750000E-02    1.750398E-01    3.637137E+03
    3    6.750000E-02    1.750398E-01    2.749858E+03
    4    6.750000E-02    1.750398E-01    2.091134E+03
    1    6.766667E-02    1.755143E-01    4.977728E+03
    2    6.766667E-02    1.755143E-01    3.632955E+03
    3    6.766667E-02    1.755143E-01    2.746696E+03
    4    6.766667E-02    1.755143E-01    2.088730E+03
    1    6.783333E-02    1.759894E-01    4.971992E+03
    2    6.783333E-02    1.759894E-01    3.628769E+03
    3    6.783333E-02    1.759894E-01    2.743531E+03
    4    6.783333E-02    1.759894E-01    2.086323E+03
    1    6.800000E-02    1.764652E-01    4.966253E+03
    2    6.800000E-02    1.764652E-01    3.624580E+03
    3    6.800000E-02    1.764652E-01    2.740364E+03
    4    6.800000E-02    1.764652E-01    2.083914E+03
    1    6.816667E-02    1.769416E-01    4.960509E+03
    2    6.816667E-02    1.769416E-01    3.620388E+03
    3    6.816667E-02    1.769416E-01    2.737194E+03
    4    6.816667E-02    1.769416E-01    2.081504E+03
    1    6.833333E-02    1.774186E-01    4.954760E+03
    2    6.833333E-02    1.774186E-01    3.616192E+03
    3    6.833333E-02    1.774186E-01    2.734022E+03
    4    6.833333E-02    1.774186E-01    2.079092E+03
    1    6.850000E-02    1.778963E-01    4.949007E+03
    2    6.850000E-02    1.778963E-01    3.611994E+03
    3    6.850000E-02    1.778963E-01    2.730848E+03
    4    6.850000E-02    1.778963E-01    2.076678E+03
    1    6.866667E-02    1.783746E-01    4.943250E+03
    2    6.866667E-02    1.783746E-01    3.607792E+03
    3    6.866667E-02    1.783746E-01    2.727671E+03
    4    6.866667E-02    1.783746E-01    2.074262E+03
    1    6.883333E-02    1.788536E-01    4.937488E+03
    2    6.883333E-02    1.788536E-01    3.603587E+03
    3    6.883333E-02    1.788536E-01    2.724492E+03
    4    6.883333E-02    1.788536E-01    2.071845E+03
    1    6.900000E-02    1.793332E-01    4.931722E+03
    2    6.900000E-02    1.793332E-01    3.599378E+03
    3    6.900000E-02    1.793332E-01    2.721310E+03
    4    6.900000E-02    1.793332E-01    2.069425E+03
    1    6.916667E-02    1.798134E-01    4.925952E+03
    2    6.916667E-02    1.798134E-01    3.595167E+03
    3    6.916667E-02    1.798134E-01    2.718126E+03
    4    6.916667E-02    1.798134E-01    2.067004E+03
    1    6.933333E-02    1.802943E-01    4.920177E+03
    2    6.933333E-02    1.802943E-01    3.590952E+03
    3    6.933333E-02    1.802943E-01    2.714940E+03
    4    6.933333E-02    1.802943E-01    2.064581E+03
    1    6.950000E-02    1.807759E-01    4.914398E+03
    2    6.950000E-02    1.807759E-01    3.586735E+03
    3    6.950000E-02    1.807759E-01    2.711751E+03
    4    6.950000E-02    1.807759E-01    2.062156E+03
    1    6.966667E-02    1.812580E-01    4.908615E+03
    2    6.966667E-02    1.812580E-01    3.582514E+03
    3    6.966667E-02    1.812580E-01    2.708560E+03
    4    6.966667E-02    1.812580E-01    2.059729E+03
    1    6.983333E-02    1.817409E-01    4.902828E+03
    2    6.983333E-02    1.817409E-01    3.578290E+03
    3    6.983333E-02    1.817409E-01    2.705366E+03
    4    6.983333E-02    1.817409E-01    2.057300E+03
    1    7.000000E-02    1.822243E-01    4.897036E+03
    2    7.000000E-02    1.822243E-01    3.574063E+03
    3    7.000000E-02    1.822243E-01    2.702170E+03
    4    7.000000E-02    1.822243E-01    2.054870E+03
    1    7.016667E-02    1.827084E-01    4.891240E+03
    2    7.016667E-02    1.827084E-01    3.569832E+03
    3    7.016667E-02    1.827084E-01    2.698972E+03
    4    7.016667E-02    1.827084E-01    2.052438E+03
    1    7.033333E-02    1.831932E-01    4.885439E+03
    2    7.033333E-02    1.831932E-01    3.565599E+03
    3    7.033333E-02    1.831932E-01    2.695771E+03
    4    7.033333E-02    1.831932E-01    2.050004E+03
    1    7.050000E-02    1.836786E-01    4.879635E+03
    2    7.050000E-02    1.836786E-01    3.561362E+03
    3    7.050000E-02    1.836786E-01    2.692568E+03
    4    7.050000E-02    1.836786E-01    2.047568E+03
    1    7.066667E-02    1.841646E-01    4.873826E+03
    2    7.066667E-02    1.841646E-01    3.557123E+03
    3    7.066667E-02    1.841646E-01    2.689363E+03
    4    7.066667E-02    1.841646E-01    2.045131E+03
    1    7.083333E-02    1.846513E-01    4.868013E+03
    2    7.083333E-02    1.846513E-01    3.552880E+03
    3    7.083333E-02    1.846513E-01    2.686155E+03
    4    7.083333E-02    1.846513E-01    2.042691E+03
    1    7.100000E-02    1.851386E-01    4.862195E+03
    2    7.100000E-02    1.851386E-01    3.548635E+03
    3    7.100000E-02    1.851386E-01    2.682945E+03
    4    7.100000E-02    1.851386E-01    2.040250E+03
    1    7.116667E-02    1.856265E-01    4.856374E+03
    2    7.116667E-02    1.856265E-01    3.544386E+03
    3    7.116667E-02    1.856265E-01    2.679733E+03
    4    7.116667E-02    1.856265E-01    2.037808E+03
    1    7.133333E-02    1.861151E-01    4.850548E+03
    2    7.133333E-02    1.861151E-01    3.540134E+03
    3    7.133333E-02    1.861151E-01    2.676519E+03
    4    7.133333E-02    1.861151E-01    2.035363E+03
    1    7.150000E-02    1.866044E-01    4.844719E+03
    2    7.150000E-02    1.866044E-01    3.535879E+03
    3    7.150000E-02    1.866044E-01    2.673302E+03
    4    7.150000E-02    1.866044E-01    2.032917E+03
    1    7.166667E-02    1.870942E-01    4.838885E+03
    2    7.166667E-02    1.870942E-01    3.531622E+03
    3    7.166667E-02    1.870942E-01    2.670083E+03
    4    7.166667E-02    1.870942E-01    2.030469E+03
    1    7.183333E-02    1.875848E-01    4.833047E+03
    2    7.183333E-02    1.875848E-01    3.527361E+03
    3    7.183333E-02    1.875848E-01    2.666861E+03
    4    7.183333E-02    1.875848E-01    2.028019E+03
    1    7.200000E-02    1.880759E-01    4.827205E+03
    2    7.200000E-02    1.880759E-01    3.523097E+03
    3    7.200000E-02    1.880759E-01    2.663638E+03
    4    7.200000E-02    1.880759E-01    2.025568E+03
    1    7.216667E-02    1.885677E-01    4.821358E+03
    2    7.216667E-02    1.885677E-01    3.518830E+03
    3    7.216667E-02    1.885677E-01    2.660412E+03
    4    7.216667E-02    1.885677E-01    2.023115E+03
    1    7.233333E-02    1.890602E-01    4.815508E+03
    2    7.233333E-02    1.890602E-01    3.514560E+03
    3    7.233333E-02    1.890602E-01    2.657184E+03
    4    7.233333E-02    1.890602E-01    2.020660E+03
    1    7.250000E-02    1.895533E-01    4.809654E+03
    2    7.250000E-02    1.895533E-01    3.510288E+03
    3    7.250000E-02    1.895533E-01    2.653953E+03
    4    7.250000E-02    1.895533E-01    2.018203E+03
    1    7.266667E-02    1.900470E-01    4.803795E+03
    2    7.266667E-02    1.900470E-01    3.506012E+03
    3    7.266667E-02    1.900470E-01    2.650720E+03
    4    7.266667E-02    1.900470E-01    2.015745E+03
    1    7.283333E-02    1.905414E-01    4.797933E+03
    2    7.283333E-02    1.905414E-01    3.501733E+03
    3    7.283333E-02    1.905414E-01    2.647486E+03
    4    7.283333E-02    1.905414E-01    2.013285E+03
    1    7.300000E-02    1.910364E-01    4.792066E+03
    2    7.300000E-02    1.910364E-01    3.497452E+03
    3    7.300000E-02    1.910364E-01    2.644248E+03
    4    7.300000E-02    1.910364E-01    2.010823E+03
    1    7.316667E-02    1.915321E-01    4.786196E+03
    2    7.316667E-02    1.915321E-01    3.493167E+03
    3    7.316667E-02    1.915321E-01    2.641009E+03
    4    7.316667E-02    1.915321E-01    2.008360E+03
    1    7.333333E-02    1.920284E-01    4.780321E+03
    2    7.333333E-02    1.920284E-01    3.488880E+03
    3    7.333333E-02    1.920284E-01    2.637768E+03
    4    7.333333E-02    1.920284E-01    2.005895E+03
    1    7.350000E-02    1.925253E-01    4.774443E+03
    2    7.350000E-02    1.925253E-01    3.484589E+03
    3    7.350000E-02    1.925253E-01    2.634524E+03
    4    7.350000E-02    1.925253E-01    2.003428E+03
    1    7.366667E-02    1.930229E-01    4.768560E+03
    2    7.366667E-02    1.930229E-01    3.480296E+03
    3    7.366667E-02    1.930229E-01    2.631278E+03
    4    7.366667E-02    1.930229E-01    2.000960E+03
    1    7.383333E-02    1.935212E-01    4.762674E+03
    2    7.383333E-02    1.935212E-01    3.476000E+03
    3    7.383333E-02    1.935212E-01    2.628030E+03
    4    7.383333E-02    1.935212E-01    1.998490E+03
    1    7.400000E-02    1.940200E-01    4.756784E+03
    2    7.400000E-02    1.940200E-01    3.471701E+03
    3    7.400000E-02    1.940200E-01    2.624779E+03
    4    7.400000E-02    1.940200E-01    1.996018E+03
    1    7.416667E-02    1.945195E-01    4.750889E+03
    2    7.416667E-02    1.945195E-01    3.467399E+03
    3    7.416667E-02    1.945195E-01    2.621527E+03
    4    7.416667E-02    1.945195E-01    1.993545E+03
    1    7.433333E-02    1.950197E-01    4.744991E+03
    2    7.433333E-02    1.950197E-01    3.463094E+03
    3    7.433333E-02    1.950197E-01    2.618272E+03
    4    7.433333E-02    1.950197E-01    1.991070E+03
    1    7.450000E-02    1.955205E-01    4.739089E+03
    2    7.450000E-02    1.955205E-01    3.458786E+03
    3    7.450000E-02    1.955205E-01    2.615016E+03
    4    7.450000E-02    1.955205E-01    1.988593E+03
    1    7.466667E-02    1.960219E-01    4.733183E+03
    2    7.466667E-02    1.960219E-01    3.454476E+03
    3    7.466667E-02    1.960219E-01    2.611757E+03
    4    7.466667E-02    1.960219E-01    1.986115E+03
    1    7.483333E-02    1.965240E-01    4.727273E+03
    2    7.483333E-02    1.965240E-01    3.450163E+03
    3    7.483333E-02    1.965240E-01    2.608496E+03
    4    7.483333E-02    1.965240E-01    1.983635E+03
    1    7.500000E-02    1.970267E-01    4.721359E+03
    2    7.500000E-02    1.970267E-01    3.445847E+03
    3    7.500000E-02    1.970267E-01    2.605232E+03
    4    7.500000E-02    1.970267E-01    1.981153E+03
    1    7.516667E-02    1.975301E-01    4.715442E+03
    2    7.516667E-02    1.975301E-01    3.441528E+03
    3    7.516667E-02    1.975301E-01    2.601967E+03
    4    7.516667E-02    1.975301E-01    1.978670E+03
    1    7.533333E-02    1.980341E-01    4.709520E+03
    2    7.533333E-02    1.980341E-01    3.437206E+03
    3    7.533333E-02    1.980341E-01    2.598700E+03
    4    7.533333E-02    1.980341E-01    1.976186E+03
    1    7.550000E-02    1.985388E-01    4.703595E+03
    2    7.550000E-02    1.985388E-01    3.432881E+03
    3    7.550000E-02    1.985388E-01    2.595430E+03
    4    7.550000E-02    1.985388E-01    1.973699E+03
    1    7.566667E-02    1.990441E-01    4.697666E+03
    2    7.566667E-02    1.990441E-01    3.428554E+03
    3    7.566667E-02    1.990441E-01    2.592159E+03
    4    7.566667E-02    1.990441E-01    1.971211E+03
    1    7.583333E-02    1.995500E-01    4.691733E+03
    2    7.583333E-02    1.995500E-01    3.424224E+03
    3    7.583333E-02    1.995500E-01    2.588885E+03
    4    7.583333E-02    1.995500E-01    1.968722E+03
    1    7.600000E-02    2.000566E-01    4.685796E+03
    2    7.600000E-02    2.000566E-01    3.419891E+03
    3    7.600000E-02    2.000566E-01    2.585609E+03
    4    7.600000E-02    2.000566E-01    1.966231E+03
    1    7.616667E-02    2.005638E-01    4.679856E+03
    2    7.616667E-02    2.005638E-01    3.415556E+03
    3    7.616667E-02    2.005638E-01    2.582331E+03
    4    7.616667E-02    2.005638E-01    1.963738E+03
    1    7.633333E-02    2.010717E-01    4.673912E+03
    2    7.633333E-02    2.010717E-01    3.411217E+03
    3    7.633333E-02    2.010717E-01    2.579051E+03
    4    7.633333E-02    2.010717E-01    1.961244E+03
    1    7.650000E-02    2.015802E-01    4.667964E+03
    2    7.650000E-02    2.015802E-01    3.406876E+03
    3    7.650000E-02    2.015802E-01    2.575769E+03
    4    7.650000E-02    2.015802E-01    1.958748E+03
    1    7.666667E-02    2.020893E-01    4.662013E+03
    2    7.666667E-02    2.020893E-01    3.402533E+03
    3    7.666667E-02    2.020893E-01    2.572485E+03
    4    7.666667E-02    2.020893E-01    1.956251E+03
    1    7.683333E-02    2.025991E-01    4.656057E+03
    2    7.683333E-02    2.025991E-01    3.398186E+03
    3    7.683333E-02    2.025991E-01    2.569199E+03
    4    7.683333E-02    2.025991E-01    1.953752E+03
    1    7.700000E-02    2.031096E-01    4.650098E+03
    2    7.700000E-02    2.031096E-01    3.393837E+03
    3    7.700000E-02    2.031096E-01    2.565911E+03
    4    7.700000E-02    2.031096E-01    1.951251E+03
    1    7.716667E-02    2.036206E-01    4.644136E+03
    2    7.716667E-02    2.036206E-01    3.389485E+03
    3    7.716667E-02    2.036206E-01    2.562621E+03
    4    7.716667E-02    2.036206E-01    1.948749E+03
    1    7.733333E-02    2.041323E-01    4.638169E+03
    2    7.733333E-02    2.041323E-01    3.385131E+03
    3    7.733333E-02    2.041323E-01    2.559329E+03
    4    7.733333E-02    2.041323E-01    1.946246E+03
    1    7.750000E-02    2.046447E-01    4.632199E+03
    2    7.750000E-02    2.046447E-01    3.380774E+03
    3    7.750000E-02    2.046447E-01    2.556034E+03
    4    7.750000E-02    2.046447E-01    1.943741E+03
    1    7.766667E-02    2.051577E-01    4.626226E+03
    2    7.766667E-02    2.051577E-01    3.376414E+03
    3    7.766667E-02    2.051577E-01    2.552738E+03
    4    7.766667E-02    2.051577E-01    1.941234E+03
    1    7.783333E-02    2.056713E-01    4.620249E+03
    2    7.783333E-02    2.056713E-01    3.372052E+03
    3    7.783333E-02    2.056713E-01    2.549440E+03
    4    7.783333E-02    2.056713E-01    1.938726E+03
    1    7.800000E-02    2.061856E-01    4.614268E+03
    2    7.800000E-02    2.061856E-01    3.367687E+03
    3    7.800000E-02    2.061856E-01    2.546140E+03
    4    7.800000E-02    2.061856E-01    1.936216E+03
    1    7.816667E-02    2.067006E-01    4.608283E+03
    2    7.816667E-02    2.067006E-01    3.363319E+03
    3    7.816667E-02    2.067006E-01    2.542838E+03
    4    7.816667E-02    2.067006E-01    1.933705E+03
    1    7.833333E-02    2.072161E-01    4.602296E+03
    2    7.833333E-02    2.072161E-01    3.358949E+03
    3    7.833333E-02    2.072161E-01    2.539533E+03
    4    7.833333E-02    2.072161E-01    1.931193E+03
    1    7.850000E-02    2.077323E-01    4.596304E+03
    2    7.850000E-02    2.077323E-01    3.354576E+03
    3    7.850000E-02    2.077323E-01    2.536227E+03
    4    7.850000E-02    2.077323E-01    1.928678E+03
    1    7.866667E-02    2.082492E-01    4.590309E+03
    2    7.866667E-02    2.082492E-01    3.350201E+03
    3    7.866667E-02    2.082492E-01    2.532919E+03
    4    7.866667E-02    2.082492E-01    1.926163E+03
    1    7.883333E-02    2.087667E-01    4.584310E+03
    2    7.883333E-02    2.087667E-01    3.345822E+03
    3    7.883333E-02    2.087667E-01    2.529609E+03
    4    7.883333E-02    2.087667E-01    1.923646E+03
    1    7.900000E-02    2.092848E-01    4.578308E+03
    2    7.900000E-02    2.092848E-01    3.341442E+03
    3    7.900000E-02    2.092848E-01    2.526297E+03
    4    7.900000E-02    2.092848E-01    1.921127E+03
    1    7.916667E-02    2.098036E-01    4.572303E+03
    2    7.916667E-02    2.098036E-01    3.337059E+03
    3    7.916667E-02    2.098036E-01    2.522983E+03
    4    7.916667E-02    2.098036E-01    1.918607E+03
    1    7.933333E-02    2.103230E-01    4.566294E+03
    2    7.933333E-02    2.103230E-01    3.332673E+03
    3    7.933333E-02    2.103230E-01    2.519668E+03
    4    7.933333E-02    2.103230E-01    1.916086E+03
    1    7.950000E-02    2.108431E-01    4.560281E+03
    2    7.950000E-02    2.108431E-01    3.328285E+03
    3    7.950000E-02    2.108431E-01    2.516350E+03
    4    7.950000E-02    2.108431E-01    1.913563E+03
    1    7.966667E-02    2.113638E-01    4.554265E+03
    2    7.966667E-02    2.113638E-01    3.323894E+03
    3    7.966667E-02    2.113638E-01    2.513030E+03
    4    7.966667E-02    2.113638E-01    1.911038E+03
    1    7.983333E-02    2.118852E-01    4.548246E+03
    2    7.983333E-02    2.118852E-01    3.319501E+03
    3    7.983333E-02    2.118852E-01    2.509709E+03
    4    7.983333E-02    2.118852E-01    1.908512E+03
    1    8.000000E-02    2.124071E-01    4.542223E+03
    2    8.000000E-02    2.124071E-01    3.315105E+03
    3    8.000000E-02    2.124071E-01    2.506385E+03
    4    8.000000E-02    2.124071E-01    1.905985E+03
    1    8.016667E-02    2.129298E-01    4.536196E+03
    2    8.016667E-02    2.129298E-01    3.310707E+03
    3    8.016667E-02    2.129298E-01    2.503060E+03
    4    8.016667E-02    2.129298E-01    1.903456E+03
    1    8.033333E-02    2.134531E-01    4.530167E+03
    2    8.033333E-02    2.134531E-01    3.306306E+03
    3    8.033333E-02    2.134531E-01    2.499733E+03
    4    8.033333E-02    2.134531E-01    1.900926E+03
    1    8.050000E-02    2.139770E-01    4.524134E+03
    2    8.050000E-02    2.139770E-01    3.301903E+03
    3    8.050000E-02    2.139770E-01    2.496404E+03
    4    8.050000E-02    2.139770E-01    1.898395E+03
    1    8.066667E-02    2.145015E-01    4.518097E+03
    2    8.066667E-02    2.145015E-01    3.297497E+03
    3    8.066667E-02    2.145015E-01    2.493073E+03
    4    8.066667E-02    2.145015E-01    1.895862E+03
    1    8.083333E-02    2.150267E-01    4.512057E+03
    2    8.083333E-02    2.150267E-01    3.293089E+03
    3    8.083333E-02    2.150267E-01    2.489740E+03
    4    8.083333E-02    2.150267E-01    1.893327E+03
    1    8.100000E-02    2.155526E-01    4.506014E+03
    2    8.100000E-02    2.155526E-01    3.288679E+03
    3    8.100000E-02    2.155526E-01    2.486406E+03
    4    8.100000E-02    2.155526E-01    1.890792E+03
    1    8.116667E-02    2.160791E-01    4.499968E+03
    2    8.116667E-02    2.160791E-01    3.284266E+03
    3    8.116667E-02    2.160791E-01    2.483069E+03
    4    8.116667E-02    2.160791E-01    1.888254E+03
    1    8.133333E-02    2.166062E-01    4.493918E+03
    2    8.133333E-02    2.166062E-01    3.279850E+03
    3    8.133333E-02    2.166062E-01    2.479731E+03
    4    8.133333E-02    2.166062E-01    1.885716E+03
    1    8.150000E-02    2.171340E-01    4.487865E+03
    2    8.150000E-02    2.171340E-01    3.275433E+03
    3    8.150000E-02    2.171340E-01    2.476391E+03
    4    8.150000E-02    2.171340E-01    1.883176E+03
    1    8.166667E-02    2.176624E-01    4.481809E+03
    2    8.166667E-02    2.176624E-01    3.271012E+03
    3    8.166667E-02    2.176624E-01    2.473049E+03
    4    8.166667E-02    2.176624E-01    1.880634E+03
    1    8.183333E-02    2.181914E-01    4.475749E+03
    2    8.183333E-02    2.181914E-01    3.266590E+03
    3    8.183333E-02    2.181914E-01    2.469705E+03
    4    8.183333E-02    2.181914E-01    1.878092E+03
    1    8.200000E-02    2.187211E-01    4.469686E+03
    2    8.200000E-02    2.187211E-01    3.262165E+03
    3    8.200000E-02    2.187211E-01    2.466360E+03
    4    8.200000E-02    2.187211E-01    1.875548E+03
    1    8.216667E-02    2.192515E-01    4.463620E+03
    2    8.216667E-02    2.192515E-01    3.257738E+03
    3    8.216667E-02    2.192515E-01    2.463013E+03
    4    8.216667E-02    2.192515E-01    1.873002E+03
    1    8.233333E-02    2.197825E-01    4.457551E+03
    2    8.233333E-02    2.197825E-01    3.253308E+03
    3    8.233333E-02    2.197825E-01    2.459664E+03
    4    8.233333E-02    2.197825E-01    1.870456E+03
    1    8.250000E-02    2.203141E-01    4.451478E+03
    2    8.250000E-02    2.203141E-01    3.248876E+03
    3    8.250000E-02    2.203141E-01    2.456313E+03
    4    8.250000E-02    2.203141E-01    1.867907E+03
    1    8.266667E-02    2.208463E-01    4.445403E+03
    2    8.266667E-02    2.208463E-01    3.244442E+03
    3    8.266667E-02    2.208463E-01    2.452960E+03
    4    8.266667E-02    2.208463E-01    1.865358E+03
    1    8.283333E-02    2.213793E-01    4.439324E+03
    2    8.283333E-02    2.213793E-01    3.240005E+03
    3    8.283333E-02    2.213793E-01    2.449606E+03
    4    8.283333E-02    2.213793E-01    1.862807E+03
    1    8.300000E-02    2.219128E-01    4.433242E+03
    2    8.300000E-02    2.219128E-01    3.235566E+03
    3    8.300000E-02    2.219128E-01    2.446250E+03
    4    8.300000E-02    2.219128E-01    1.860255E+03
    1    8.316667E-02    2.224470E-01    4.427157E+03
    2    8.316667E-02    2.224470E-01    3.231125E+03
    3    8.316667E-02    2.224470E-01    2.442892E+03
    4    8.316667E-02    2.224470E-01    1.857702E+03
    1    8.333333E-02    2.229818E-01    4.421068E+03
    2    8.333333E-02    2.229818E-01    3.226682E+03
    3    8.333333E-02    2.229818E-01    2.439533E+03
    4    8.333333E-02    2.229818E-01    1.855147E+03
    1    8.350000E-02    2.235173E-01    4.414977E+03
    2    8.350000E-02    2.235173E-01    3.222236E+03
    3    8.350000E-02    2.235173E-01    2.436172E+03
    4    8.350000E-02    2.235173E-01    1.852591E+03
    1    8.366667E-02    2.240534E-01    4.408882E+03
    2    8.366667E-02    2.240534E-01    3.217788E+03
    3    8.366667E-02    2.240534E-01    2.432809E+03
    4    8.366667E-02    2.240534E-01    1.850034E+03
    1    8.383333E-02    2.245902E-01    4.402785E+03
    2    8.383333E-02    2.245902E-01    3.213338E+03
    3    8.383333E-02    2.245902E-01    2.429444E+03
    4    8.383333E-02    2.245902E-01    1.847475E+03
    1    8.400000E-02    2.251276E-01    4.396684E+03
    2    8.400000E-02    2.251276E-01    3.208885E+03
    3    8.400000E-02    2.251276E-01    2.426078E+03
    4    8.400000E-02    2.251276E-01    1.844915E+03
    1    8.416667E-02    2.256656E-01    4.390581E+03
    2    8.416667E-02    2.256656E-01    3.204430E+03
    3    8.416667E-02    2.256656E-01    2.422710E+03
    4    8.416667E-02    2.256656E-01    1.842354E+03
    1    8.433333E-02    2.262043E-01    4.384474E+03
    2    8.433333E-02    2.262043E-01    3.199973E+03
    3    8.433333E-02    2.262043E-01    2.419340E+03
    4    8.433333E-02    2.262043E-01    1.839791E+03
    1    8.450000E-02    2.267437E-01    4.378364E+03
    2    8.450000E-02    2.267437E-01    3.195514E+03
    3    8.450000E-02    2.267437E-01    2.415969E+03
    4    8.450000E-02    2.267437E-01    1.837228E+03
    1    8.466667E-02    2.272836E-01    4.372251E+03
    2    8.466667E-02    2.272836E-01    3.191053E+03
    3    8.466667E-02    2.272836E-01    2.412596E+03
    4    8.466667E-02    2.272836E-01    1.834663E+03
    1    8.483333E-02    2.278243E-01    4.366135E+03
    2    8.483333E-02    2.278243E-01    3.186589E+03
    3    8.483333E-02    2.278243E-01    2.409221E+03
    4    8.483333E-02    2.278243E-01    1.832096E+03
    1    8.500000E-02    2.283655E-01    4.360017E+03
    2    8.500000E-02    2.283655E-01    3.182124E+03
    3    8.500000E-02    2.283655E-01    2.405845E+03
    4    8.500000E-02    2.283655E-01    1.829529E+03
    1    8.516667E-02    2.289074E-01    4.353895E+03
    2    8.516667E-02    2.289074E-01    3.177656E+03
    3    8.516667E-02    2.289074E-01    2.402467E+03
    4    8.516667E-02    2.289074E-01    1.826960E+03
    1    8.533333E-02    2.294499E-01    4.347770E+03
    2    8.533333E-02    2.294499E-01    3.173186E+03
    3    8.533333E-02    2.294499E-01    2.399087E+03
    4    8.533333E-02    2.294499E-01    1.824390E+03
    1    8.550000E-02    2.299931E-01    4.341643E+03
    2    8.550000E-02    2.299931E-01    3.168713E+03
    3    8.550000E-02    2.299931E-01    2.395706E+03
    4    8.550000E-02    2.299931E-01    1.821819E+03
    1    8.566667E-02    2.305370E-01    4.335512E+03
    2    8.566667E-02    2.305370E-01    3.164239E+03
    3    8.566667E-02    2.305370E-01    2.392323E+03
    4    8.566667E-02    2.305370E-01    1.819246E+03
    1    8.583333E-02    2.310814E-01    4.329379E+03
    2    8.583333E-02    2.310814E-01    3.159763E+03
    3    8.583333E-02    2.310814E-01    2.388939E+03
    4    8.583333E-02    2.310814E-01    1.816673E+03
    1    8.600000E-02    2.316265E-01    4.323243E+03
    2    8.600000E-02    2.316265E-01    3.155284E+03
    3    8.600000E-02    2.316265E-01    2.385553E+03
    4    8.600000E-02    2.316265E-01    1.814098E+03
    1    8.616667E-02    2.321723E-01    4.317103E+03
    2    8.616667E-02    2.321723E-01    3.150804E+03
    3    8.616667E-02    2.321723E-01    2.382165E+03
    4    8.616667E-02    2.321723E-01    1.811522E+03
    1    8.633333E-02    2.327187E-01    4.310961E+03
    2    8.633333E-02    2.327187E-01    3.146321E+03
    3    8.633333E-02    2.327187E-01    2.378776E+03
    4    8.633333E-02    2.327187E-01    1.808944E+03
    1    8.650000E-02    2.332657E-01    4.304817E+03
    2    8.650000E-02    2.332657E-01    3.141836E+03
    3    8.650000E-02    2.332657E-01    2.375385E+03
    4    8.650000E-02    2.332657E-01    1.806366E+03
    1    8.666667E-02    2.338134E-01    4.298669E+03
    2    8.666667E-02    2.338134E-01    3.137349E+03
    3    8.666667E-02    2.338134E-01    2.371993E+03
    4    8.666667E-02    2.338134E-01    1.803786E+03
    1    8.683333E-02    2.343617E-01    4.292518E+03
    2    8.683333E-02    2.343617E-01    3.132860E+03
    3    8.683333E-02    2.343617E-01    2.368599E+03
    4    8.683333E-02    2.343617E-01    1.801205E+03
    1    8.700000E-02    2.349107E-01    4.286365E+03
    2    8.700000E-02    2.349107E-01    3.128370E+03
    3    8.700000E-02    2.349107E-01    2.365204E+03
    4    8.700000E-02    2.349107E-01    1.798623E+03
    1    8.716667E-02    2.354603E-01    4.280209E+03
    2    8.716667E-02    2.354603E-01    3.123877E+03
    3    8.716667E-02    2.354603E-01    2.361807E+03
    4    8.716667E-02    2.354603E-01    1.796040E+03
    1    8.733333E-02    2.360105E-01    4.274050E+03
    2    8.733333E-02    2.360105E-01    3.119382E+03
    3    8.733333E-02    2.360105E-01    2.358409E+03
    4    8.733333E-02    2.360105E-01    1.793456E+03
    1    8.750000E-02    2.365614E-01    4.267889E+03
    2    8.750000E-02    2.365614E-01    3.114885E+03
    3    8.750000E-02    2.365614E-01    2.355009E+03
    4    8.750000E-02    2.365614E-01    1.790870E+03
    1    8.766667E-02    2.371130E-01    4.261724E+03
    2    8.766667E-02    2.371130E-01    3.110386E+03
    3    8.766667E-02    2.371130E-01    2.351607E+03
    4    8.766667E-02    2.371130E-01    1.788284E+03
    1    8.783333E-02    2.376651E-01    4.255557E+03
    2    8.783333E-02    2.376651E-01    3.105885E+03
    3    8.783333E-02    2.376651E-01    2.348204E+03
    4    8.783333E-02    2.376651E-01    1.785696E+03
    1    8.800000E-02    2.382180E-01    4.249388E+03
    2    8.800000E-02    2.382180E-01    3.101382E+03
    3    8.800000E-02    2.382180E-01    2.344800E+03
    4    8.800000E-02    2.382180E-01    1.783107E+03
    1    8.816667E-02    2.387714E-01    4.243215E+03
    2    8.816667E-02    2.387714E-01    3.096877E+03
    3    8.816667E-02    2.387714E-01    2.341394E+03
    4    8.816667E-02    2.387714E-01    1.780517E+03
    1    8.833333E-02    2.393255E-01    4.237040E+03
    2    8.833333E-02    2.393255E-01    3.092370E+03
    3    8.833333E-02    2.393255E-01    2.337987E+03
    4    8.833333E-02    2.393255E-01    1.777926E+03
    1    8.850000E-02    2.398803E-01    4.230863E+03
    2    8.850000E-02    2.398803E-01    3.087861E+03
    3    8.850000E-02    2.398803E-01    2.334578E+03
    4    8.850000E-02    2.398803E-01    1.775334E+03
    1    8.866667E-02    2.404356E-01    4.224682E+03
    2    8.866667E-02    2.404356E-01    3.083351E+03
    3    8.866667E-02    2.404356E-01    2.331167E+03
    4    8.866667E-02    2.404356E-01    1.772740E+03
    1    8.883333E-02    2.409917E-01    4.218499E+03
    2    8.883333E-02    2.409917E-01    3.078838E+03
    3    8.883333E-02    2.409917E-01    2.327756E+03
    4    8.883333E-02    2.409917E-01    1.770146E+03
    1    8.900000E-02    2.415483E-01    4.212314E+03
    2    8.900000E-02    2.415483E-01    3.074324E+03
    3    8.900000E-02    2.415483E-01    2.324343E+03
    4    8.900000E-02    2.415483E-01    1.767550E+03
    1    8.916667E-02    2.421056E-01    4.206126E+03
    2    8.916667E-02    2.421056E-01    3.069807E+03
    3    8.916667E-02    2.421056E-01    2.320928E+03
    4    8.916667E-02    2.421056E-01    1.764954E+03
    1    8.933333E-02    2.426636E-01    4.199935E+03
    2    8.933333E-02    2.426636E-01    3.065289E+03
    3    8.933333E-02    2.426636E-01    2.317512E+03
    4    8.933333E-02    2.426636E-01    1.762356E+03
    1    8.950000E-02    2.432222E-01    4.193741E+03
    2    8.950000E-02    2.432222E-01    3.060769E+03
    3    8.950000E-02    2.432222E-01    2.314094E+03
    4    8.950000E-02    2.432222E-01    1.759757E+03
    1    8.966667E-02    2.437814E-01    4.187546E+03
    2    8.966667E-02    2.437814E-01    3.056247E+03
    3    8.966667E-02    2.437814E-01    2.310676E+03
    4    8.966667E-02    2.437814E-01    1.757157E+03
    1    8.983333E-02    2.443413E-01    4.181347E+03
    2    8.983333E-02    2.443413E-01    3.051723E+03
    3    8.983333E-02    2.443413E-01    2.307255E+03
    4    8.983333E-02    2.443413E-01    1.754556E+03
    1    9.000000E-02    2.449018E-01    4.175146E+03
    2    9.000000E-02    2.449018E-01    3.047197E+03
    3    9.000000E-02    2.449018E-01    2.303834E+03
    4    9.000000E-02    2.449018E-01    1.751954E+03
    1    9.016667E-02    2.454630E-01    4.168943E+03
    2    9.016667E-02    2.454630E-01    3.042670E+03
    3    9.016667E-02    2.454630E-01    2.300411E+03
    4    9.016667E-02    2.454630E-01    1.749351E+03
    1    9.033333E-02    2.460248E-01    4.162737E+03
    2    9.033333E-02    2.460248E-01    3.038141E+03
    3    9.033333E-02    2.460248E-01    2.296986E+03
    4    9.033333E-02    2.460248E-01    1.746747E+03
    1    9.050000E-02    2.465873E-01    4.156529E+03
    2    9.050000E-02    2.465873E-01    3.033610E+03
    3    9.050000E-02    2.465873E-01    2.293561E+03
    4    9.050000E-02    2.465873E-01    1.744142E+03
    1    9.066667E-02    2.471504E-01    4.150318E+03
    2    9.066667E-02    2.471504E-01    3.029077E+03
    3    9.066667E-02    2.471504E-01    2.290134E+03
    4    9.066667E-02    2.471504E-01    1.741536E+03
    1    9.083333E-02    2.477141E-01    4.144105E+03
    2    9.083333E-02    2.477141E-01    3.024542E+03
    3    9.083333E-02    2.477141E-01    2.286705E+03
    4    9.083333E-02    2.477141E-01    1.738929E+03
    1    9.100000E-02    2.482785E-01    4.137889E+03
    2    9.100000E-02    2.482785E-01    3.020006E+03
    3    9.100000E-02    2.482785E-01    2.283275E+03
    4    9.100000E-02    2.482785E-01    1.736321E+03
    1    9.116667E-02    2.488435E-01    4.131671E+03
    2    9.116667E-02    2.488435E-01    3.015467E+03
    3    9.116667E-02    2.488435E-01    2.279844E+03
    4    9.116667E-02    2.488435E-01    1.733712E+03
    1    9.133333E-02    2.494091E-01    4.125451E+03
    2    9.133333E-02    2.494091E-01    3.010928E+03
    3    9.133333E-02    2.494091E-01    2.276412E+03
    4    9.133333E-02    2.494091E-01    1.731101E+03
    1    9.150000E-02    2.499754E-01    4.119228E+03
    2    9.150000E-02    2.499754E-01    3.006386E+03
    3    9.150000E-02    2.499754E-01    2.272978E+03
    4    9.150000E-02    2.499754E-01    1.728490E+03
    1    9.166667E-02    2.505424E-01    4.113003E+03
    2    9.166667E-02    2.505424E-01    3.001843E+03
    3    9.166667E-02    2.505424E-01    2.269543E+03
    4    9.166667E-02    2.505424E-01    1.725878E+03
    1    9.183333E-02    2.511100E-01    4.106776E+03
    2    9.183333E-02    2.511100E-01    2.997298E+03
    3    9.183333E-02    2.511100E-01    2.266107E+03
    4    9.183333E-02    2.511100E-01    1.723265E+03
    1    9.200000E-02    2.516782E-01    4.100546E+03
    2    9.200000E-02    2.516782E-01    2.992751E+03
    3    9.200000E-02    2.516782E-01    2.262669E+03
    4    9.200000E-02    2.516782E-01    1.720651E+03
    1    9.216667E-02    2.522471E-01    4.094314E+03
    2    9.216667E-02    2.522471E-01    2.988202E+03
    3    9.216667E-02    2.522471E-01    2.259231E+03
    4    9.216667E-02    2.522471E-01    1.718036E+03
    1    9.233333E-02    2.528166E-01    4.088079E+03
    2    9.233333E-02    2.528166E-01    2.983652E+03
    3    9.233333E-02    2.528166E-01    2.255790E+03
    4    9.233333E-02    2.528166E-01    1.715420E+03
    1    9.250000E-02    2.533867E-01    4.081843E+03
    2    9.250000E-02    2.533867E-01    2.979101E+03
    3    9.250000E-02    2.533867E-01    2.252349E+03
    4    9.250000E-02    2.533867E-01    1.712803E+03
    1    9.266667E-02    2.539575E-01    4.075604E+03
    2    9.266667E-02    2.539575E-01    2.974547E+03
    3    9.266667E-02    2.539575E-01    2.248907E+03
    4    9.266667E-02    2.539575E-01    1.710185E+03
    1    9.283333E-02    2.545290E-01    4.069363E+03
    2    9.283333E-02    2.545290E-01    2.969992E+03
    3    9.283333E-02    2.545290E-01    2.245463E+03
    4    9.283333E-02    2.545290E-01    1.707566E+03
    1    9.300000E-02    2.551011E-01    4.063119E+03
    2    9.300000E-02    2.551011E-01    2.965435E+03
    3    9.300000E-02    2.551011E-01    2.242018E+03
    4    9.300000E-02    2.551011E-01    1.704946E+03
    1    9.316667E-02    2.556738E-01    4.056874E+03
    2    9.316667E-02    2.556738E-01    2.960877E+03
    3    9.316667E-02    2.556738E-01    2.238571E+03
    4    9.316667E-02    2.556738E-01    1.702325E+03
    1    9.333333E-02    2.562472E-01    4.050626E+03
    2    9.333333E-02    2.562472E-01    2.956317E+03
    3    9.333333E-02    2.562472E-01    2.235124E+03
    4    9.333333E-02    2.562472E-01    1.699704E+03
    1    9.350000E-02    2.568212E-01    4.044376E+03
    2    9.350000E-02    2.568212E-01    2.951756E+03
    3    9.350000E-02    2.568212E-01    2.231675E+03
    4    9.350000E-02    2.568212E-01    1.697081E+03
    1    9.366667E-02    2.573958E-01    4.038124E+03
    2    9.366667E-02    2.573958E-01    2.947193E+03
    3    9.366667E-02    2.573958E-01    2.228225E+03
    4    9.366667E-02    2.573958E-01    1.694458E+03
    1    9.383333E-02    2.579711E-01    4.031870E+03
    2    9.383333E-02    2.579711E-01    2.942628E+03
    3    9.383333E-02    2.579711E-01    2.224774E+03
    4    9.383333E-02    2.579711E-01    1.691833E+03
    1    9.400000E-02    2.585470E-01    4.025614E+03
    2    9.400000E-02    2.585470E-01    2.938062E+03
    3    9.400000E-02    2.585470E-01    2.221322E+03
    4    9.400000E-02    2.585470E-01    1.689208E+03
    1    9.416667E-02    2.591236E-01    4.019355E+03
    2    9.416667E-02    2.591236E-01    2.933494E+03
    3    9.416667E-02    2.591236E-01    2.217869E+03
    4    9.416667E-02    2.591236E-01    1.686582E+03
    1    9.433333E-02    2.597008E-01    4.013095E+03
    2    9.433333E-02    2.597008E-01    2.928925E+03
    3    9.433333E-02    2.597008E-01    2.214414E+03
    4    9.433333E-02    2.597008E-01    1.683955E+03
    1    9.450000E-02    2.602787E-01    4.006832E+03
    2    9.450000E-02    2.602787E-01    2.924354E+03
    3    9.450000E-02    2.602787E-01    2.210958E+03
    4    9.450000E-02    2.602787E-01    1.681327E+03
    1    9.466667E-02    2.608572E-01    4.000567E+03
    2    9.466667E-02    2.608572E-01    2.919782E+03
    3    9.466667E-02    2.608572E-01    2.207502E+03
    4    9.466667E-02    2.608572E-01    1.678698E+03
    1    9.483333E-02    2.614364E-01    3.994301E+03
    2    9.483333E-02    2.614364E-01    2.915209E+03
    3    9.483333E-02    2.614364E-01    2.204044E+03
    4    9.483333E-02    2.614364E-01    1.676069E+03
    1    9.500000E-02    2.620161E-01    3.988032E+03
    2    9.500000E-02    2.620161E-01    2.910633E+03
    3    9.500000E-02    2.620161E-01    2.200584E+03
    4    9.500000E-02    2.620161E-01    1.673438E+03
    1    9.516667E-02    2.625966E-01    3.981761E+03
    2    9.516667E-02    2.625966E-01    2.906057E+03
    3    9.516667E-02    2.625966E-01    2.197124E+03
    4    9.516667E-02    2.625966E-01    1.670807E+03
    1    9.533333E-02    2.631776E-01    3.975488E+03
    2    9.533333E-02    2.631776E-01    2.901479E+03
    3    9.533333E-02    2.631776E-01    2.193663E+03
    4    9.533333E-02    2.631776E-01    1.668175E+03
    1    9.550000E-02    2.637594E-01    3.969214E+03
    2    9.550000E-02    2.637594E-01    2.896899E+03
    3    9.550000E-02    2.637594E-01    2.190201E+03
    4    9.550000E-02    2.637594E-01    1.665542E+03
    1    9.566667E-02    2.643417E-01    3.962937E+03
    2    9.566667E-02    2.643417E-01    2.892318E+03
    3    9.566667E-02    2.643417E-01    2.186737E+03
    4    9.566667E-02    2.643417E-01    1.662908E+03
    1    9.583333E-02    2.649247E-01    3.956658E+03
    2    9.583333E-02    2.649247E-01    2.887735E+03
    3    9.583333E-02    2.649247E-01    2.183273E+03
    4    9.583333E-02    2.649247E-01    1.660273E+03
    1    9.600000E-02    2.655084E-01    3.950378E+03
    2    9.600000E-02    2.655084E-01    2.883152E+03
    3    9.600000E-02    2.655084E-01    2.179807E+03
    4    9.600000E-02    2.655084E-01    1.657638E+03
    1    9.616667E-02    2.660926E-01    3.944095E+03
    2    9.616667E-02    2.660926E-01    2.878566E+03
    3    9.616667E-02    2.660926E-01    2.176340E+03
    4    9.616667E-02    2.660926E-01    1.655002E+03
    1    9.633333E-02    2.666776E-01    3.937811E+03
    2    9.633333E-02    2.666776E-01    2.873980E+03
    3    9.633333E-02    2.666776E-01    2.172873E+03
    4    9.633333E-02    2.666776E-01    1.652365E+03
    1    9.650000E-02    2.672631E-01    3.931524E+03
    2    9.650000E-02    2.672631E-01    2.869392E+03
    3    9.650000E-02    2.672631E-01    2.169404E+03
    4    9.650000E-02    2.672631E-01    1.649727E+03
    1    9.666667E-02    2.678493E-01    3.925236E+03
    2    9.666667E-02    2.678493E-01    2.864802E+03
    3    9.666667E-02    2.678493E-01    2.165934E+03
    4    9.666667E-02    2.678493E-01    1.647088E+03
    1    9.683333E-02    2.684362E-01    3.918946E+03
    2    9.683333E-02    2.684362E-01    2.860212E+03
    3    9.683333E-02    2.684362E-01    2.162463E+03
    4    9.683333E-02    2.684362E-01    1.644449E+03
    1    9.700000E-02    2.690237E-01    3.912654E+03
    2    9.700000E-02    2.690237E-01    2.855620E+03
    3    9.700000E-02    2.690237E-01    2.158991E+03
    4    9.700000E-02    2.690237E-01    1.641809E+03
    1    9.716667E-02    2.696118E-01    3.906361E+03
    2    9.716667E-02    2.696118E-01    2.851026E+03
    3    9.716667E-02    2.696118E-01    2.155519E+03
    4    9.716667E-02    2.696118E-01    1.639168E+03
    1    9.733333E-02    2.702006E-01    3.900065E+03
    2    9.733333E-02    2.702006E-01    2.846432E+03
    3    9.733333E-02    2.702006E-01    2.152045E+03
    4    9.733333E-02    2.702006E-01    1.636526E+03
    1    9.750000E-02    2.707900E-01    3.893768E+03
    2    9.750000E-02    2.707900E-01    2.841836E+03
    3    9.750000E-02    2.707900E-01    2.148570E+03
    4    9.750000E-02    2.707900E-01    1.633884E+03
    1    9.766667E-02    2.713801E-01    3.887469E+03
    2    9.766667E-02    2.713801E-01    2.837238E+03
    3    9.766667E-02    2.713801E-01    2.145094E+03
    4    9.766667E-02    2.713801E-01    1.631241E+03
    1    9.783333E-02    2.719708E-01    3.881168E+03
    2    9.783333E-02    2.719708E-01    2.832640E+03
    3    9.783333E-02    2.719708E-01    2.141618E+03
    4    9.783333E-02    2.719708E-01    1.628597E+03
    1    9.800000E-02    2.725621E-01    3.874866E+03
    2    9.800000E-02    2.725621E-01    2.828040E+03
    3    9.800000E-02    2.725621E-01    2.138140E+03
    4    9.800000E-02    2.725621E-01    1.625952E+03
    1    9.816667E-02    2.731541E-01    3.868562E+03
    2    9.816667E-02    2.731541E-01    2.823439E+03
    3    9.816667E-02    2.731541E-01    2.134661E+03
    4    9.816667E-02    2.731541E-01    1.623307E+03
    1    9.833333E-02    2.737468E-01    3.862256E+03
    2    9.833333E-02    2.737468E-01    2.818837E+03
    3    9.833333E-02    2.737468E-01    2.131182E+03
    4    9.833333E-02    2.737468E-01    1.620661E+03
    1    9.850000E-02    2.743400E-01    3.855948E+03
    2    9.850000E-02    2.743400E-01    2.814233E+03
    3    9.850000E-02    2.743400E-01    2.127701E+03
    4    9.850000E-02    2.743400E-01    1.618014E+03
    1    9.866667E-02    2.749340E-01    3.849639E+03
    2    9.866667E-02    2.749340E-01    2.809628E+03
    3    9.866667E-02    2.749340E-01    2.124220E+03
    4    9.866667E-02    2.749340E-01    1.615367E+03
    1    9.883333E-02    2.755285E-01    3.843328E+03
    2    9.883333E-02    2.755285E-01    2.805023E+03
    3    9.883333E-02    2.755285E-01    2.120737E+03
    4    9.883333E-02    2.755285E-01    1.612718E+03
    1    9.900000E-02    2.761237E-01    3.837016E+03
    2    9.900000E-02    2.761237E-01    2.800415E+03
    3    9.900000E-02    2.761237E-01    2.117254E+03
    4    9.900000E-02    2.761237E-01    1.610070E+03
    1    9.916667E-02    2.767196E-01    3.830702E+03
    2    9.916667E-02    2.767196E-01    2.795807E+03
    3    9.916667E-02    2.767196E-01    2.113770E+03
    4    9.916667E-02    2.767196E-01    1.607420E+03
    1    9.933333E-02    2.773161E-01    3.824386E+03
    2    9.933333E-02    2.773161E-01    2.791198E+03
    3    9.933333E-02    2.773161E-01    2.110285E+03
    4    9.933333E-02    2.773161E-01    1.604770E+03
    1    9.950000E-02    2.779132E-01    3.818069E+03
    2    9.950000E-02    2.779132E-01    2.786587E+03
    3    9.950000E-02    2.779132E-01    2.106799E+03
    4    9.950000E-02    2.779132E-01    1.602119E+03
    1    9.966667E-02    2.785109E-01    3.811750E+03
    2    9.966667E-02    2.785109E-01    2.781975E+03
    3    9.966667E-02    2.785109E-01    2.103313E+03
    4    9.966667E-02    2.785109E-01    1.599468E+03
    1    9.983333E-02    2.791094E-01    3.805429E+03
    2    9.983333E-02    2.791094E-01    2.777362E+03
    3    9.983333E-02    2.791094E-01    2.099825E+03
    4    9.983333E-02    2.791094E-01    1.596816E+03
    1    1.000000E-01    2.797084E-01    3.799107E+03
    2    1.000000E-01    2.797084E-01    2.772748E+03
    3    1.000000E-01    2.797084E-01    2.096337E+03
    4    1.000000E-01    2.797084E-01    1.594163E+03
    1    1.001667E-01    2.803081E-01    3.792784E+03
    2    1.001667E-01    2.803081E-01    2.768133E+03
    3    1.001667E-01    2.803081E-01    2.092847E+03
    4    1.001667E-01    2.803081E-01    1.591509E+03
    1    1.003333E-01    2.809084E-01    3.786459E+03
    2    1.003333E-01    2.809084E-01    2.763517E+03
    3    1.003333E-01    2.809084E-01    2.089357E+03
    4    1.003333E-01    2.809084E-01    1.588855E+03
    1    1.005000E-01    2.815094E-01    3.780133E+03
    2    1.005000E-01    2.815094E-01    2.758900E+03
    3    1.005000E-01    2.815094E-01    2.085866E+03
    4    1.005000E-01    2.815094E-01    1.586201E+03
    1    1.006667E-01    2.821111E-01    3.773805E+03
    2    1.006667E-01    2.821111E-01    2.754281E+03
    3    1.006667E-01    2.821111E-01    2.082375E+03
    4    1.006667E-01    2.821111E-01    1.583545E+03
    1    1.008333E-01    2.827133E-01    3.767475E+03
    2    1.008333E-01    2.827133E-01    2.749662E+03
    3    1.008333E-01    2.827133E-01    2.078882E+03
    4    1.008333E-01    2.827133E-01    1.580889E+03
    1    1.010000E-01    2.833162E-01    3.761145E+03
    2    1.010000E-01    2.833162E-01    2.745042E+03
    3    1.010000E-01    2.833162E-01    2.075389E+03
    4    1.010000E-01    2.833162E-01    1.578233E+03
    1    1.011667E-01    2.839198E-01    3.754812E+03
    2    1.011667E-01    2.839198E-01    2.740420E+03
    3    1.011667E-01    2.839198E-01    2.071895E+03
    4    1.011667E-01    2.839198E-01    1.575576E+03
    1    1.013333E-01    2.845240E-01    3.748479E+03
    2    1.013333E-01    2.845240E-01    2.735798E+03
    3    1.013333E-01    2.845240E-01    2.068400E+03
    4    1.013333E-01    2.845240E-01    1.572918E+03
    1    1.015000E-01    2.851288E-01    3.742144E+03
    2    1.015000E-01    2.851288E-01    2.731174E+03
    3    1.015000E-01    2.851288E-01    2.064904E+03
    4    1.015000E-01    2.851288E-01    1.570260E+03
    1    1.016667E-01    2.857343E-01    3.735808E+03
    2    1.016667E-01    2.857343E-01    2.726550E+03
    3    1.016667E-01    2.857343E-01    2.061408E+03
    4    1.016667E-01    2.857343E-01    1.567601E+03
    1    1.018333E-01    2.863404E-01    3.729470E+03
    2    1.018333E-01    2.863404E-01    2.721924E+03
    3    1.018333E-01    2.863404E-01    2.057911E+03
    4    1.018333E-01    2.863404E-01    1.564942E+03
    1    1.020000E-01    2.869472E-01    3.723131E+03
    2    1.020000E-01    2.869472E-01    2.717298E+03
    3    1.020000E-01    2.869472E-01    2.054413E+03
    4    1.020000E-01    2.869472E-01    1.562282E+03
    1    1.021667E-01    2.875546E-01    3.716791E+03
    2    1.021667E-01    2.875546E-01    2.712670E+03
    3    1.021667E-01    2.875546E-01    2.050914E+03
    4    1.021667E-01    2.875546E-01    1.559621E+03
    1    1.023333E-01    2.881626E-01    3.710449E+03
    2    1.023333E-01    2.881626E-01    2.708042E+03
    3    1.023333E-01    2.881626E-01    2.047415E+03
    4    1.023333E-01    2.881626E-01    1.556960E+03
    1    1.025000E-01    2.887713E-01    3.704106E+03
    2    1.025000E-01    2.887713E-01    2.703413E+03
    3    1.025000E-01    2.887713E-01    2.043915E+03
    4    1.025000E-01    2.887713E-01    1.554299E+03
    1    1.026667E-01    2.893806E-01    3.697762E+03
    2    1.026667E-01    2.893806E-01    2.698782E+03
    3    1.026667E-01    2.893806E-01    2.040415E+03
    4    1.026667E-01    2.893806E-01    1.551637E+03
    1    1.028333E-01    2.899906E-01    3.691417E+03
    2    1.028333E-01    2.899906E-01    2.694151E+03
    3    1.028333E-01    2.899906E-01    2.036913E+03
    4    1.028333E-01    2.899906E-01    1.548974E+03
    1    1.030000E-01    2.906012E-01    3.685070E+03
    2    1.030000E-01    2.906012E-01    2.689519E+03
    3    1.030000E-01    2.906012E-01    2.033411E+03
    4    1.030000E-01    2.906012E-01    1.546311E+03
    1    1.031667E-01    2.912125E-01    3.678723E+03
    2    1.031667E-01    2.912125E-01    2.684886E+03
    3    1.031667E-01    2.912125E-01    2.029909E+03
    4    1.031667E-01    2.912125E-01    1.543647E+03
    1    1.033333E-01    2.918244E-01    3.672374E+03
    2    1.033333E-01    2.918244E-01    2.680253E+03
    3    1.033333E-01    2.918244E-01    2.026405E+03
    4    1.033333E-01    2.918244E-01    1.540983E+03
    1    1.035000E-01    2.924369E-01    3.666024E+03
    2    1.035000E-01    2.924369E-01    2.675618E+03
    3    1.035000E-01    2.924369E-01    2.022901E+03
    4    1.035000E-01    2.924369E-01    1.538319E+03
    1    1.036667E-01    2.930501E-01    3.659672E+03
    2    1.036667E-01    2.930501E-01    2.670983E+03
    3    1.036667E-01    2.930501E-01    2.019397E+03
    4    1.036667E-01    2.930501E-01    1.535654E+03
    1    1.038333E-01    2.936639E-01    3.653320E+03
    2    1.038333E-01    2.936639E-01    2.666346E+03
    3    1.038333E-01    2.936639E-01    2.015891E+03
    4    1.038333E-01    2.936639E-01    1.532988E+03
    1    1.040000E-01    2.942784E-01    3.646966E+03
    2    1.040000E-01    2.942784E-01    2.661709E+03
    3    1.040000E-01    2.942784E-01    2.012386E+03
    4    1.040000E-01    2.942784E-01    1.530322E+03
    1    1.041667E-01    2.948935E-01    3.640612E+03
    2    1.041667E-01    2.948935E-01    2.657071E+03
    3    1.041667E-01    2.948935E-01    2.008879E+03
    4    1.041667E-01    2.948935E-01    1.527656E+03
    1    1.043333E-01    2.955092E-01    3.634256E+03
    2    1.043333E-01    2.955092E-01    2.652433E+03
    3    1.043333E-01    2.955092E-01    2.005372E+03
    4    1.043333E-01    2.955092E-01    1.524989E+03
    1    1.045000E-01    2.961256E-01    3.627899E+03
    2    1.045000E-01    2.961256E-01    2.647793E+03
    3    1.045000E-01    2.961256E-01    2.001864E+03
    4    1.045000E-01    2.961256E-01    1.522321E+03
    1    1.046667E-01    2.967427E-01    3.621541E+03
    2    1.046667E-01    2.967427E-01    2.643153E+03
    3    1.046667E-01    2.967427E-01    1.998356E+03
    4    1.046667E-01    2.967427E-01    1.519653E+03
    1    1.048333E-01    2.973603E-01    3.615182E+03
    2    1.048333E-01    2.973603E-01    2.638512E+03
    3    1.048333E-01    2.973603E-01    1.994847E+03
    4    1.048333E-01    2.973603E-01    1.516985E+03
    1    1.050000E-01    2.979787E-01    3.608823E+03
    2    1.050000E-01    2.979787E-01    2.633870E+03
    3    1.050000E-01    2.979787E-01    1.991338E+03
    4    1.050000E-01    2.979787E-01    1.514316E+03
    1    1.051667E-01    2.985976E-01    3.602462E+03
    2    1.051667E-01    2.985976E-01    2.629228E+03
    3    1.051667E-01    2.985976E-01    1.987828E+03
    4    1.051667E-01    2.985976E-01    1.511647E+03
    1    1.053333E-01    2.992172E-01    3.596100E+03
    2    1.053333E-01    2.992172E-01    2.624585E+03
    3    1.053333E-01    2.992172E-01    1.984318E+03
    4    1.053333E-01    2.992172E-01    1.508978E+03
    1    1.055000E-01    2.998375E-01    3.589737E+03
    2    1.055000E-01    2.998375E-01    2.619941E+03
    3    1.055000E-01    2.998375E-01    1.980807E+03
    4    1.055000E-01    2.998375E-01    1.506308E+03
    1    1.056667E-01    3.004584E-01    3.583373E+03
    2    1.056667E-01    3.004584E-01    2.615296E+03
    3    1.056667E-01    3.004584E-01    1.977295E+03
    4    1.056667E-01    3.004584E-01    1.503637E+03
    1    1.058333E-01    3.010799E-01    3.577008E+03
    2    1.058333E-01    3.010799E-01    2.610651E+03
    3    1.058333E-01    3.010799E-01    1.973783E+03
    4    1.058333E-01    3.010799E-01    1.500967E+03
    1    1.060000E-01    3.017021E-01    3.570643E+03
    2    1.060000E-01    3.017021E-01    2.606005E+03
    3    1.060000E-01    3.017021E-01    1.970270E+03
    4    1.060000E-01    3.017021E-01    1.498296E+03
    1    1.061667E-01    3.023249E-01    3.564276E+03
    2    1.061667E-01    3.023249E-01    2.601359E+03
    3    1.061667E-01    3.023249E-01    1.966757E+03
    4    1.061667E-01    3.023249E-01    1.495624E+03
    1    1.063333E-01    3.029483E-01    3.557909E+03
    2    1.063333E-01    3.029483E-01    2.596712E+03
    3    1.063333E-01    3.029483E-01    1.963244E+03
    4    1.063333E-01    3.029483E-01    1.492952E+03
    1    1.065000E-01    3.035724E-01    3.551541E+03
    2    1.065000E-01    3.035724E-01    2.592064E+03
    3    1.065000E-01    3.035724E-01    1.959730E+03
    4    1.065000E-01    3.035724E-01    1.490280E+03
    1    1.066667E-01    3.041972E-01    3.545172E+03
    2    1.066667E-01    3.041972E-01    2.587415E+03
    3    1.066667E-01    3.041972E-01    1.956216E+03
    4    1.066667E-01    3.041972E-01    1.487607E+03
    1    1.068333E-01    3.048226E-01    3.538802E+03
    2    1.068333E-01    3.048226E-01    2.582766E+03
    3    1.068333E-01    3.048226E-01    1.952701E+03
    4    1.068333E-01    3.048226E-01    1.484935E+03
    1    1.070000E-01    3.054486E-01    3.532431E+03
    2    1.070000E-01    3.054486E-01    2.578117E+03
    3    1.070000E-01    3.054486E-01    1.949185E+03
    4    1.070000E-01    3.054486E-01    1.482261E+03
    1    1.071667E-01    3.060752E-01    3.526060E+03
    2    1.071667E-01    3.060752E-01    2.573467E+03
    3    1.071667E-01    3.060752E-01    1.945670E+03
    4    1.071667E-01    3.060752E-01    1.479588E+03
    1    1.073333E-01    3.067026E-01    3.519687E+03
    2    1.073333E-01    3.067026E-01    2.568816E+03
    3    1.073333E-01    3.067026E-01    1.942153E+03
    4    1.073333E-01    3.067026E-01    1.476914E+03
    1    1.075000E-01    3.073305E-01    3.513314E+03
    2    1.075000E-01    3.073305E-01    2.564165E+03
    3    1.075000E-01    3.073305E-01    1.938637E+03
    4    1.075000E-01    3.073305E-01    1.474240E+03
    1    1.076667E-01    3.079591E-01    3.506941E+03
    2    1.076667E-01    3.079591E-01    2.559513E+03
    3    1.076667E-01    3.079591E-01    1.935120E+03
    4    1.076667E-01    3.079591E-01    1.471565E+03
    1    1.078333E-01    3.085883E-01    3.500566E+03
    2    1.078333E-01    3.085883E-01    2.554860E+03
    3    1.078333E-01    3.085883E-01    1.931602E+03
    4    1.078333E-01    3.085883E-01    1.468890E+03
    1    1.080000E-01    3.092182E-01    3.494191E+03
    2    1.080000E-01    3.092182E-01    2.550207E+03
    3    1.080000E-01    3.092182E-01    1.928085E+03
    4    1.080000E-01    3.092182E-01    1.466215E+03
    1    1.081667E-01    3.098487E-01    3.487815E+03
    2    1.081667E-01    3.098487E-01    2.545554E+03
    3    1.081667E-01    3.098487E-01    1.924566E+03
    4    1.081667E-01    3.098487E-01    1.463540E+03
    1    1.083333E-01    3.104799E-01    3.481439E+03
    2    1.083333E-01    3.104799E-01    2.540900E+03
    3    1.083333E-01    3.104799E-01    1.921048E+03
    4    1.083333E-01    3.104799E-01    1.460864E+03
    1    1.085000E-01    3.111117E-01    3.475061E+03
    2    1.085000E-01    3.111117E-01    2.536246E+03
    3    1.085000E-01    3.111117E-01    1.917529E+03
    4    1.085000E-01    3.111117E-01    1.458188E+03
    1    1.086667E-01    3.117442E-01    3.468684E+03
    2    1.086667E-01    3.117442E-01    2.531591E+03
    3    1.086667E-01    3.117442E-01    1.914010E+03
    4    1.086667E-01    3.117442E-01    1.455512E+03
    1    1.088333E-01    3.123773E-01    3.462305E+03
    2    1.088333E-01    3.123773E-01    2.526936E+03
    3    1.088333E-01    3.123773E-01    1.910490E+03
    4    1.088333E-01    3.123773E-01    1.452835E+03
    1    1.090000E-01    3.130110E-01    3.455926E+03
    2    1.090000E-01    3.130110E-01    2.522280E+03
    3    1.090000E-01    3.130110E-01    1.906970E+03
    4    1.090000E-01    3.130110E-01    1.450159E+03
    1    1.091667E-01    3.136454E-01    3.449547E+03
    2    1.091667E-01    3.136454E-01    2.517624E+03
    3    1.091667E-01    3.136454E-01    1.903450E+03
    4    1.091667E-01    3.136454E-01    1.447482E+03
    1    1.093333E-01    3.142804E-01    3.443167E+03
    2    1.093333E-01    3.142804E-01    2.512968E+03
    3    1.093333E-01    3.142804E-01    1.899929E+03
    4    1.093333E-01    3.142804E-01    1.444805E+03
    1    1.095000E-01    3.149160E-01    3.436786E+03
    2    1.095000E-01    3.149160E-01    2.508311E+03
    3    1.095000E-01    3.149160E-01    1.896409E+03
    4    1.095000E-01    3.149160E-01    1.442127E+03
    1    1.096667E-01    3.155523E-01    3.430405E+03
    2    1.096667E-01    3.155523E-01    2.503654E+03
    3    1.096667E-01    3.155523E-01    1.892888E+03
    4    1.096667E-01    3.155523E-01    1.439450E+03
    1    1.098333E-01    3.161893E-01    3.424023E+03
    2    1.098333E-01    3.161893E-01    2.498996E+03
    3    1.098333E-01    3.161893E-01    1.889366E+03
    4    1.098333E-01    3.161893E-01    1.436772E+03
    1    1.100000E-01    3.168269E-01    3.417641E+03
    2    1.100000E-01    3.168269E-01    2.494338E+03
    3    1.100000E-01    3.168269E-01    1.885845E+03
    4    1.100000E-01    3.168269E-01    1.434094E+03
    1    1.101667E-01    3.174651E-01    3.411258E+03
    2    1.101667E-01    3.174651E-01    2.489680E+03
    3    1.101667E-01    3.174651E-01    1.882323E+03
    4    1.101667E-01    3.174651E-01    1.431415E+03
    1    1.103333E-01    3.181040E-01    3.404875E+03
    2    1.103333E-01    3.181040E-01    2.485021E+03
    3    1.103333E-01    3.181040E-01    1.878800E+03
    4    1.103333E-01    3.181040E-01    1.428737E+03
    1    1.105000E-01    3.187435E-01    3.398492E+03
    2    1.105000E-01    3.187435E-01    2.480362E+03
    3    1.105000E-01    3.187435E-01    1.875278E+03
    4    1.105000E-01    3.187435E-01    1.426058E+03
    1    1.106667E-01    3.193836E-01    3.392108E+03
    2    1.106667E-01    3.193836E-01    2.475703E+03
    3    1.106667E-01    3.193836E-01    1.871755E+03
    4    1.106667E-01    3.193836E-01    1.423380E+03
    1    1.108333E-01    3.200244E-01    3.385724E+03
    2    1.108333E-01    3.200244E-01    2.471044E+03
    3    1.108333E-01    3.200244E-01    1.868233E+03
    4    1.108333E-01    3.200244E-01    1.420701E+03
    1    1.110000E-01    3.206659E-01    3.379339E+03
    2    1.110000E-01    3.206659E-01    2.466384E+03
    3    1.110000E-01    3.206659E-01    1.864710E+03
    4    1.110000E-01    3.206659E-01    1.418022E+03
    1    1.111667E-01    3.213079E-01    3.372954E+03
    2    1.111667E-01    3.213079E-01    2.461724E+03
    3    1.111667E-01    3.213079E-01    1.861186E+03
    4    1.111667E-01    3.213079E-01    1.415342E+03
    1    1.113333E-01    3.219507E-01    3.366569E+03
    2    1.113333E-01    3.219507E-01    2.457063E+03
    3    1.113333E-01    3.219507E-01    1.857663E+03
    4    1.113333E-01    3.219507E-01    1.412663E+03
    1    1.115000E-01    3.225940E-01    3.360183E+03
    2    1.115000E-01    3.225940E-01    2.452403E+03
    3    1.115000E-01    3.225940E-01    1.854139E+03
    4    1.115000E-01    3.225940E-01    1.409983E+03
    1    1.116667E-01    3.232380E-01    3.353797E+03
    2    1.116667E-01    3.232380E-01    2.447742E+03
    3    1.116667E-01    3.232380E-01    1.850616E+03
    4    1.116667E-01    3.232380E-01    1.407304E+03
    1    1.118333E-01    3.238827E-01    3.347411E+03
    2    1.118333E-01    3.238827E-01    2.443081E+03
    3    1.118333E-01    3.238827E-01    1.847092E+03
    4    1.118333E-01    3.238827E-01    1.404624E+03
    1    1.120000E-01    3.245280E-01    3.341024E+03
    2    1.120000E-01    3.245280E-01    2.438420E+03
    3    1.120000E-01    3.245280E-01    1.843568E+03
    4    1.120000E-01    3.245280E-01    1.401944E+03
    1    1.121667E-01    3.251739E-01    3.334637E+03
    2    1.121667E-01    3.251739E-01    2.433759E+03
    3    1.121667E-01    3.251739E-01    1.840043E+03
    4    1.121667E-01    3.251739E-01    1.399264E+03
    1    1.123333E-01    3.258205E-01    3.328250E+03
    2    1.123333E-01    3.258205E-01    2.429097E+03
    3    1.123333E-01    3.258205E-01    1.836519E+03
    4    1.123333E-01    3.258205E-01    1.396584E+03
    1    1.125000E-01    3.264677E-01    3.321863E+03
    2    1.125000E-01    3.264677E-01    2.424435E+03
    3    1.125000E-01    3.264677E-01    1.832995E+03
    4    1.125000E-01    3.264677E-01    1.393904E+03
    1    1.126667E-01    3.271156E-01    3.315476E+03
    2    1.126667E-01    3.271156E-01    2.419774E+03
    3    1.126667E-01    3.271156E-01    1.829470E+03
    4    1.126667E-01    3.271156E-01    1.391224E+03
    1    1.128333E-01    3.277641E-01    3.309088E+03
    2    1.128333E-01    3.277641E-01    2.415112E+03
    3    1.128333E-01    3.277641E-01    1.825945E+03
    4    1.128333E-01    3.277641E-01    1.388543E+03
    1    1.130000E-01    3.284132E-01    3.302700E+03
    2    1.130000E-01    3.284132E-01    2.410450E+03
    3    1.130000E-01    3.284132E-01    1.822421E+03
    4    1.130000E-01    3.284132E-01    1.385863E+03
    1    1.131667E-01    3.290630E-01    3.296312E+03
    2    1.131667E-01    3.290630E-01    2.405787E+03
    3    1.131667E-01    3.290630E-01    1.818896E+03
    4    1.131667E-01    3.290630E-01    1.383182E+03
    1    1.133333E-01    3.297134E-01    3.289924E+03
    2    1.133333E-01    3.297134E-01    2.401125E+03
    3    1.133333E-01    3.297134E-01    1.815371E+03
    4    1.133333E-01    3.297134E-01    1.380502E+03
    1    1.135000E-01    3.303645E-01    3.283536E+03
    2    1.135000E-01    3.303645E-01    2.396463E+03
    3    1.135000E-01    3.303645E-01    1.811846E+03
    4    1.135000E-01    3.303645E-01    1.377821E+03
    1    1.136667E-01    3.310162E-01    3.277148E+03
    2    1.136667E-01    3.310162E-01    2.391801E+03
    3    1.136667E-01    3.310162E-01    1.808321E+03
    4    1.136667E-01    3.310162E-01    1.375141E+03
    1    1.138333E-01    3.316686E-01    3.270760E+03
    2    1.138333E-01    3.316686E-01    2.387138E+03
    3    1.138333E-01    3.316686E-01    1.804796E+03
    4    1.138333E-01    3.316686E-01    1.372460E+03
    1    1.140000E-01    3.323216E-01    3.264372E+03
    2    1.140000E-01    3.323216E-01    2.382476E+03
    3    1.140000E-01    3.323216E-01    1.801271E+03
    4    1.140000E-01    3.323216E-01    1.369780E+03
    1    1.141667E-01    3.329752E-01    3.257983E+03
    2    1.141667E-01    3.329752E-01    2.377813E+03
    3    1.141667E-01    3.329752E-01    1.797746E+03
    4    1.141667E-01    3.329752E-01    1.367099E+03
    1    1.143333E-01    3.336295E-01    3.251595E+03
    2    1.143333E-01    3.336295E-01    2.373151E+03
    3    1.143333E-01    3.336295E-01    1.794221E+03
    4    1.143333E-01    3.336295E-01    1.364418E+03
    1    1.145000E-01    3.342844E-01    3.245207E+03
    2    1.145000E-01    3.342844E-01    2.368488E+03
    3    1.145000E-01    3.342844E-01    1.790696E+03
    4    1.145000E-01    3.342844E-01    1.361738E+03
    1    1.146667E-01    3.349400E-01    3.238818E+03
    2    1.146667E-01    3.349400E-01    2.363826E+03
    3    1.146667E-01    3.349400E-01    1.787171E+03
    4    1.146667E-01    3.349400E-01    1.359057E+03
    1    1.148333E-01    3.355962E-01    3.232430E+03
    2    1.148333E-01    3.355962E-01    2.359163E+03
    3    1.148333E-01    3.355962E-01    1.783646E+03
    4    1.148333E-01    3.355962E-01    1.356376E+03
    1    1.150000E-01    3.362530E-01    3.226042E+03
    2    1.150000E-01    3.362530E-01    2.354501E+03
    3    1.150000E-01    3.362530E-01    1.780121E+03
    4    1.150000E-01    3.362530E-01    1.353696E+03
    1    1.151667E-01    3.369105E-01    3.219654E+03
    2    1.151667E-01    3.369105E-01    2.349839E+03
    3    1.151667E-01    3.369105E-01    1.776596E+03
    4    1.151667E-01    3.369105E-01    1.351015E+03
    1    1.153333E-01    3.375687E-01    3.213266E+03
    2    1.153333E-01    3.375687E-01    2.345176E+03
    3    1.153333E-01    3.375687E-01    1.773071E+03
    4    1.153333E-01    3.375687E-01    1.348335E+03
    1    1.155000E-01    3.382274E-01    3.206878E+03
    2    1.155000E-01    3.382274E-01    2.340514E+03
    3    1.155000E-01    3.382274E-01    1.769546E+03
    4    1.155000E-01    3.382274E-01    1.345654E+03
    1    1.156667E-01    3.388869E-01    3.200490E+03
    2    1.156667E-01    3.388869E-01    2.335852E+03
    3    1.156667E-01    3.388869E-01    1.766021E+03
    4    1.156667E-01    3.388869E-01    1.342974E+03
    1    1.158333E-01    3.395469E-01    3.194102E+03
    2    1.158333E-01    3.395469E-01    2.331190E+03
    3    1.158333E-01    3.395469E-01    1.762496E+03
    4    1.158333E-01    3.395469E-01    1.340293E+03
    1    1.160000E-01    3.402076E-01    3.187715E+03
    2    1.160000E-01    3.402076E-01    2.326528E+03
    3    1.160000E-01    3.402076E-01    1.758972E+03
    4    1.160000E-01    3.402076E-01    1.337613E+03
    1    1.161667E-01    3.408690E-01    3.181328E+03
    2    1.161667E-01    3.408690E-01    2.321867E+03
    3    1.161667E-01    3.408690E-01    1.755447E+03
    4    1.161667E-01    3.408690E-01    1.334933E+03
    1    1.163333E-01    3.415310E-01    3.174941E+03
    2    1.163333E-01    3.415310E-01    2.317205E+03
    3    1.163333E-01    3.415310E-01    1.751923E+03
    4    1.163333E-01    3.415310E-01    1.332253E+03
    1    1.165000E-01    3.421936E-01    3.168554E+03
    2    1.165000E-01    3.421936E-01    2.312544E+03
    3    1.165000E-01    3.421936E-01    1.748399E+03
    4    1.165000E-01    3.421936E-01    1.329573E+03
    1    1.166667E-01    3.428569E-01    3.162167E+03
    2    1.166667E-01    3.428569E-01    2.307883E+03
    3    1.166667E-01    3.428569E-01    1.744875E+03
    4    1.166667E-01    3.428569E-01    1.326893E+03
    1    1.168333E-01    3.435208E-01    3.155781E+03
    2    1.168333E-01    3.435208E-01    2.303222E+03
    3    1.168333E-01    3.435208E-01    1.741351E+03
    4    1.168333E-01    3.435208E-01    1.324213E+03
    1    1.170000E-01    3.441853E-01    3.149395E+03
    2    1.170000E-01    3.441853E-01    2.298561E+03
    3    1.170000E-01    3.441853E-01    1.737827E+03
    4    1.170000E-01    3.441853E-01    1.321534E+03
    1    1.171667E-01    3.448505E-01    3.143009E+03
    2    1.171667E-01    3.448505E-01    2.293900E+03
    3    1.171667E-01    3.448505E-01    1.734303E+03
    4    1.171667E-01    3.448505E-01    1.318854E+03
    1    1.173333E-01    3.455164E-01    3.136624E+03
    2    1.173333E-01    3.455164E-01    2.289240E+03
    3    1.173333E-01    3.455164E-01    1.730780E+03
    4    1.173333E-01    3.455164E-01    1.316175E+03
    1    1.175000E-01    3.461829E-01    3.130239E+03
    2    1.175000E-01    3.461829E-01    2.284580E+03
    3    1.175000E-01    3.461829E-01    1.727257E+03
    4    1.175000E-01    3.461829E-01    1.313495E+03
    1    1.176667E-01    3.468500E-01    3.123854E+03
    2    1.176667E-01    3.468500E-01    2.279920E+03
    3    1.176667E-01    3.468500E-01    1.723734E+03
    4    1.176667E-01    3.468500E-01    1.310816E+03
    1    1.178333E-01    3.475178E-01    3.117470E+03
    2    1.178333E-01    3.475178E-01    2.275261E+03
    3    1.178333E-01    3.475178E-01    1.720211E+03
    4    1.178333E-01    3.475178E-01    1.308137E+03
    1    1.180000E-01    3.481862E-01    3.111086E+03
    2    1.180000E-01    3.481862E-01    2.270601E+03
    3    1.180000E-01    3.481862E-01    1.716688E+03
    4    1.180000E-01    3.481862E-01    1.305459E+03
    1    1.181667E-01    3.488552E-01    3.104703E+03
    2    1.181667E-01    3.488552E-01    2.265943E+03
    3    1.181667E-01    3.488552E-01    1.713166E+03
    4    1.181667E-01    3.488552E-01    1.302780E+03
    1    1.183333E-01    3.495249E-01    3.098320E+03
    2    1.183333E-01    3.495249E-01    2.261284E+03
    3    1.183333E-01    3.495249E-01    1.709644E+03
    4    1.183333E-01    3.495249E-01    1.300102E+03
    1    1.185000E-01    3.501953E-01    3.091937E+03
    2    1.185000E-01    3.501953E-01    2.256626E+03
    3    1.185000E-01    3.501953E-01    1.706122E+03
    4    1.185000E-01    3.501953E-01    1.297423E+03
    1    1.186667E-01    3.508662E-01    3.085555E+03
    2    1.186667E-01    3.508662E-01    2.251968E+03
    3    1.186667E-01    3.508662E-01    1.702600E+03
    4    1.186667E-01    3.508662E-01    1.294745E+03
    1    1.188333E-01    3.515379E-01    3.079173E+03
    2    1.188333E-01    3.515379E-01    2.247310E+03
    3    1.188333E-01    3.515379E-01    1.699079E+03
    4    1.188333E-01    3.515379E-01    1.292068E+03
    1    1.190000E-01    3.522101E-01    3.072792E+03
    2    1.190000E-01    3.522101E-01    2.242653E+03
    3    1.190000E-01    3.522101E-01    1.695558E+03
    4    1.190000E-01    3.522101E-01    1.289390E+03
    1    1.191667E-01    3.528830E-01    3.066412E+03
    2    1.191667E-01    3.528830E-01    2.237996E+03
    3    1.191667E-01    3.528830E-01    1.692037E+03
    4    1.191667E-01    3.528830E-01    1.286713E+03
    1    1.193333E-01    3.535566E-01    3.060032E+03
    2    1.193333E-01    3.535566E-01    2.233340E+03
    3    1.193333E-01    3.535566E-01    1.688517E+03
    4    1.193333E-01    3.535566E-01    1.284035E+03
    1    1.195000E-01    3.542308E-01    3.053652E+03
    2    1.195000E-01    3.542308E-01    2.228684E+03
    3    1.195000E-01    3.542308E-01    1.684997E+03
    4    1.195000E-01    3.542308E-01    1.281359E+03
    1    1.196667E-01    3.549056E-01    3.047274E+03
    2    1.196667E-01    3.549056E-01    2.224028E+03
    3    1.196667E-01    3.549056E-01    1.681477E+03
    4    1.196667E-01    3.549056E-01    1.278682E+03
    1    1.198333E-01    3.555811E-01    3.040895E+03
    2    1.198333E-01    3.555811E-01    2.219373E+03
    3    1.198333E-01    3.555811E-01    1.677957E+03
    4    1.198333E-01    3.555811E-01    1.276006E+03
    1    1.200000E-01    3.562572E-01    3.034518E+03
    2    1.200000E-01    3.562572E-01    2.214719E+03
    3    1.200000E-01    3.562572E-01    1.674438E+03
    4    1.200000E-01    3.562572E-01    1.273329E+03
    1    1.201667E-01    3.569339E-01    3.028141E+03
    2    1.201667E-01    3.569339E-01    2.210064E+03
    3    1.201667E-01    3.569339E-01    1.670919E+03
    4    1.201667E-01    3.569339E-01    1.270654E+03
    1    1.203333E-01    3.576113E-01    3.021764E+03
    2    1.203333E-01    3.576113E-01    2.205411E+03
    3    1.203333E-01    3.576113E-01    1.667401E+03
    4    1.203333E-01    3.576113E-01    1.267978E+03
    1    1.205000E-01    3.582894E-01    3.015389E+03
    2    1.205000E-01    3.582894E-01    2.200758E+03
    3    1.205000E-01    3.582894E-01    1.663883E+03
    4    1.205000E-01    3.582894E-01    1.265303E+03
    1    1.206667E-01    3.589681E-01    3.009014E+03
    2    1.206667E-01    3.589681E-01    2.196105E+03
    3    1.206667E-01    3.589681E-01    1.660365E+03
    4    1.206667E-01    3.589681E-01    1.262628E+03
    1    1.208333E-01    3.596474E-01    3.002640E+03
    2    1.208333E-01    3.596474E-01    2.191453E+03
    3    1.208333E-01    3.596474E-01    1.656848E+03
    4    1.208333E-01    3.596474E-01    1.259953E+03
    1    1.210000E-01    3.603274E-01    2.996266E+03
    2    1.210000E-01    3.603274E-01    2.186801E+03
    3    1.210000E-01    3.603274E-01    1.653331E+03
    4    1.210000E-01    3.603274E-01    1.257279E+03
    1    1.211667E-01    3.610080E-01    2.989894E+03
    2    1.211667E-01    3.610080E-01    2.182150E+03
    3    1.211667E-01    3.610080E-01    1.649815E+03
    4    1.211667E-01    3.610080E-01    1.254604E+03
    1    1.213333E-01    3.616892E-01    2.983522E+03
    2    1.213333E-01    3.616892E-01    2.177500E+03
    3    1.213333E-01    3.616892E-01    1.646299E+03
    4    1.213333E-01    3.616892E-01    1.251931E+03
    1    1.215000E-01    3.623711E-01    2.977151E+03
    2    1.215000E-01    3.623711E-01    2.172850E+03
    3    1.215000E-01    3.623711E-01    1.642783E+03
    4    1.215000E-01    3.623711E-01    1.249257E+03
    1    1.216667E-01    3.630537E-01    2.970780E+03
    2    1.216667E-01    3.630537E-01    2.168201E+03
    3    1.216667E-01    3.630537E-01    1.639268E+03
    4    1.216667E-01    3.630537E-01    1.246584E+03
    1    1.218333E-01    3.637369E-01    2.964411E+03
    2    1.218333E-01    3.637369E-01    2.163552E+03
    3    1.218333E-01    3.637369E-01    1.635754E+03
    4    1.218333E-01    3.637369E-01    1.243912E+03
    1    1.220000E-01    3.644207E-01    2.958043E+03
    2    1.220000E-01    3.644207E-01    2.158904E+03
    3    1.220000E-01    3.644207E-01    1.632239E+03
    4    1.220000E-01    3.644207E-01    1.241239E+03
    1    1.221667E-01    3.651051E-01    2.951675E+03
    2    1.221667E-01    3.651051E-01    2.154256E+03
    3    1.221667E-01    3.651051E-01    1.628726E+03
    4    1.221667E-01    3.651051E-01    1.238567E+03
    1    1.223333E-01    3.657902E-01    2.945308E+03
    2    1.223333E-01    3.657902E-01    2.149610E+03
    3    1.223333E-01    3.657902E-01    1.625212E+03
    4    1.223333E-01    3.657902E-01    1.235896E+03
    1    1.225000E-01    3.664760E-01    2.938942E+03
    2    1.225000E-01    3.664760E-01    2.144964E+03
    3    1.225000E-01    3.664760E-01    1.621700E+03
    4    1.225000E-01    3.664760E-01    1.233224E+03
    1    1.226667E-01    3.671624E-01    2.932577E+03
    2    1.226667E-01    3.671624E-01    2.140318E+03
    3    1.226667E-01    3.671624E-01    1.618188E+03
    4    1.226667E-01    3.671624E-01    1.230554E+03
    1    1.228333E-01    3.678494E-01    2.926213E+03
    2    1.228333E-01    3.678494E-01    2.135673E+03
    3    1.228333E-01    3.678494E-01    1.614676E+03
    4    1.228333E-01    3.678494E-01    1.227883E+03
    1    1.230000E-01    3.685371E-01    2.919850E+03
    2    1.230000E-01    3.685371E-01    2.131029E+03
    3    1.230000E-01    3.685371E-01    1.611165E+03
    4    1.230000E-01    3.685371E-01    1.225213E+03
    1    1.231667E-01    3.692254E-01    2.913488E+03
    2    1.231667E-01    3.692254E-01    2.126386E+03
    3    1.231667E-01    3.692254E-01    1.607654E+03
    4    1.231667E-01    3.692254E-01    1.222544E+03
    1    1.233333E-01    3.699144E-01    2.907127E+03
    2    1.233333E-01    3.699144E-01    2.121744E+03
    3    1.233333E-01    3.699144E-01    1.604144E+03
    4    1.233333E-01    3.699144E-01    1.219874E+03
    1    1.235000E-01    3.706040E-01    2.900767E+03
    2    1.235000E-01    3.706040E-01    2.117102E+03
    3    1.235000E-01    3.706040E-01    1.600635E+03
    4    1.235000E-01    3.706040E-01    1.217206E+03
    1    1.236667E-01    3.712942E-01    2.894408E+03
    2    1.236667E-01    3.712942E-01    2.112461E+03
    3    1.236667E-01    3.712942E-01    1.597126E+03
    4    1.236667E-01    3.712942E-01    1.214537E+03
    1    1.238333E-01    3.719851E-01    2.888050E+03
    2    1.238333E-01    3.719851E-01    2.107821E+03
    3    1.238333E-01    3.719851E-01    1.593618E+03
    4    1.238333E-01    3.719851E-01    1.211869E+03
    1    1.240000E-01    3.726766E-01    2.881694E+03
    2    1.240000E-01    3.726766E-01    2.103181E+03
    3    1.240000E-01    3.726766E-01    1.590110E+03
    4    1.240000E-01    3.726766E-01    1.209202E+03
    1    1.241667E-01    3.733688E-01    2.875338E+03
    2    1.241667E-01    3.733688E-01    2.098543E+03
    3    1.241667E-01    3.733688E-01    1.586603E+03
    4    1.241667E-01    3.733688E-01    1.206535E+03
    1    1.243333E-01    3.740616E-01    2.868983E+03
    2    1.243333E-01    3.740616E-01    2.093905E+03
    3    1.243333E-01    3.740616E-01    1.583097E+03
    4    1.243333E-01    3.740616E-01    1.203869E+03
    1    1.245000E-01    3.747551E-01    2.862630E+03
    2    1.245000E-01    3.747551E-01    2.089268E+03
    3    1.245000E-01    3.747551E-01    1.579591E+03
    4    1.245000E-01    3.747551E-01    1.201203E+03
    1    1.246667E-01    3.754492E-01    2.856278E+03
    2    1.246667E-01    3.754492E-01    2.084632E+03
    3    1.246667E-01    3.754492E-01    1.576086E+03
    4    1.246667E-01    3.754492E-01    1.198537E+03
    1    1.248333E-01    3.761439E-01    2.849927E+03
    2    1.248333E-01    3.761439E-01    2.079996E+03
    3    1.248333E-01    3.761439E-01    1.572581E+03
    4    1.248333E-01    3.761439E-01    1.195872E+03
    1    1.250000E-01    3.768393E-01    2.843577E+03
    2    1.250000E-01    3.768393E-01    2.075362E+03
    3    1.250000E-01    3.768393E-01    1.569078E+03
    4    1.250000E-01    3.768393E-01    1.193208E+03
    1    1.251667E-01    3.775353E-01    2.837228E+03
    2    1.251667E-01    3.775353E-01    2.070729E+03
    3    1.251667E-01    3.775353E-01    1.565575E+03
    4    1.251667E-01    3.775353E-01    1.190544E+03
    1    1.253333E-01    3.782320E-01    2.830881E+03
    2    1.253333E-01    3.782320E-01    2.066096E+03
    3    1.253333E-01    3.782320E-01    1.562072E+03
    4    1.253333E-01    3.782320E-01    1.187880E+03
    1    1.255000E-01    3.789293E-01    2.824535E+03
    2    1.255000E-01    3.789293E-01    2.061464E+03
    3    1.255000E-01    3.789293E-01    1.558570E+03
    4    1.255000E-01    3.789293E-01    1.185217E+03
    1    1.256667E-01    3.796273E-01    2.818190E+03
    2    1.256667E-01    3.796273E-01    2.056834E+03
    3    1.256667E-01    3.796273E-01    1.555069E+03
    4    1.256667E-01    3.796273E-01    1.182555E+03
    1    1.258333E-01    3.803258E-01    2.811847E+03
    2    1.258333E-01    3.803258E-01    2.052204E+03
    3    1.258333E-01    3.803258E-01    1.551569E+03
    4    1.258333E-01    3.803258E-01    1.179893E+03
    1    1.260000E-01    3.810251E-01    2.805505E+03
    2    1.260000E-01    3.810251E-01    2.047575E+03
    3    1.260000E-01    3.810251E-01    1.548069E+03
    4    1.260000E-01    3.810251E-01    1.177232E+03
    1    1.261667E-01    3.817250E-01    2.799164E+03
    2    1.261667E-01    3.817250E-01    2.042947E+03
    3    1.261667E-01    3.817250E-01    1.544571E+03
    4    1.261667E-01    3.817250E-01    1.174571E+03
    1    1.263333E-01    3.824255E-01    2.792824E+03
    2    1.263333E-01    3.824255E-01    2.038321E+03
    3    1.263333E-01    3.824255E-01    1.541072E+03
    4    1.263333E-01    3.824255E-01    1.171911E+03
    1    1.265000E-01    3.831266E-01    2.786486E+03
    2    1.265000E-01    3.831266E-01    2.033695E+03
    3    1.265000E-01    3.831266E-01    1.537575E+03
    4    1.265000E-01    3.831266E-01    1.169252E+03
    1    1.266667E-01    3.838284E-01    2.780150E+03
    2    1.266667E-01    3.838284E-01    2.029070E+03
    3    1.266667E-01    3.838284E-01    1.534079E+03
    4    1.266667E-01    3.838284E-01    1.166593E+03
    1    1.268333E-01    3.845309E-01    2.773814E+03
    2    1.268333E-01    3.845309E-01    2.024446E+03
    3    1.268333E-01    3.845309E-01    1.530583E+03
    4    1.268333E-01    3.845309E-01    1.163934E+03
    1    1.270000E-01    3.852340E-01    2.767481E+03
    2    1.270000E-01    3.852340E-01    2.019824E+03
    3    1.270000E-01    3.852340E-01    1.527088E+03
    4    1.270000E-01    3.852340E-01    1.161277E+03
    1    1.271667E-01    3.859377E-01    2.761148E+03
    2    1.271667E-01    3.859377E-01    2.015202E+03
    3    1.271667E-01    3.859377E-01    1.523594E+03
    4    1.271667E-01    3.859377E-01    1.158619E+03
    1    1.273333E-01    3.866421E-01    2.754818E+03
    2    1.273333E-01    3.866421E-01    2.010582E+03
    3    1.273333E-01    3.866421E-01    1.520100E+03
    4    1.273333E-01    3.866421E-01    1.155963E+03
    1    1.275000E-01    3.873471E-01    2.748488E+03
    2    1.275000E-01    3.873471E-01    2.005962E+03
    3    1.275000E-01    3.873471E-01    1.516608E+03
    4    1.275000E-01    3.873471E-01    1.153307E+03
    1    1.276667E-01    3.880528E-01    2.742160E+03
    2    1.276667E-01    3.880528E-01    2.001344E+03
    3    1.276667E-01    3.880528E-01    1.513116E+03
    4    1.276667E-01    3.880528E-01    1.150652E+03
    1    1.278333E-01    3.887591E-01    2.735834E+03
    2    1.278333E-01    3.887591E-01    1.996727E+03
    3    1.278333E-01    3.887591E-01    1.509625E+03
    4    1.278333E-01    3.887591E-01    1.147997E+03
    1    1.280000E-01    3.894660E-01    2.729509E+03
    2    1.280000E-01    3.894660E-01    1.992111E+03
    3    1.280000E-01    3.894660E-01    1.506135E+03
    4    1.280000E-01    3.894660E-01    1.145343E+03
    1    1.281667E-01    3.901736E-01    2.723186E+03
    2    1.281667E-01    3.901736E-01    1.987496E+03
    3    1.281667E-01    3.901736E-01    1.502646E+03
    4    1.281667E-01    3.901736E-01    1.142690E+03
    1    1.283333E-01    3.908818E-01    2.716865E+03
    2    1.283333E-01    3.908818E-01    1.982882E+03
    3    1.283333E-01    3.908818E-01    1.499158E+03
    4    1.283333E-01    3.908818E-01    1.140037E+03
    1    1.285000E-01    3.915907E-01    2.710545E+03
    2    1.285000E-01    3.915907E-01    1.978270E+03
    3    1.285000E-01    3.915907E-01    1.495671E+03
    4    1.285000E-01    3.915907E-01    1.137386E+03
    1    1.286667E-01    3.923002E-01    2.704227E+03
    2    1.286667E-01    3.923002E-01    1.973658E+03
    3    1.286667E-01    3.923002E-01    1.492185E+03
    4    1.286667E-01    3.923002E-01    1.134734E+03
    1    1.288333E-01    3.930103E-01    2.697910E+03
    2    1.288333E-01    3.930103E-01    1.969048E+03
    3    1.288333E-01    3.930103E-01    1.488699E+03
    4    1.288333E-01    3.930103E-01    1.132084E+03
    1    1.290000E-01    3.937211E-01    2.691595E+03
    2    1.290000E-01    3.937211E-01    1.964439E+03
    3    1.290000E-01    3.937211E-01    1.485215E+03
    4    1.290000E-01    3.937211E-01    1.129434E+03
    1    1.291667E-01    3.944326E-01    2.685282E+03
    2    1.291667E-01    3.944326E-01    1.959832E+03
    3    1.291667E-01    3.944326E-01    1.481731E+03
    4    1.291667E-01    3.944326E-01    1.126785E+03
    1    1.293333E-01    3.951446E-01    2.678971E+03
    2    1.293333E-01    3.951446E-01    1.955225E+03
    3    1.293333E-01    3.951446E-01    1.478248E+03
    4    1.293333E-01    3.951446E-01    1.124136E+03
    1    1.295000E-01    3.958574E-01    2.672661E+03
    2    1.295000E-01    3.958574E-01    1.950620E+03
    3    1.295000E-01    3.958574E-01    1.474767E+03
    4    1.295000E-01    3.958574E-01    1.121489E+03
    1    1.296667E-01    3.965707E-01    2.666353E+03
    2    1.296667E-01    3.965707E-01    1.946016E+03
    3    1.296667E-01    3.965707E-01    1.471286E+03
    4    1.296667E-01    3.965707E-01    1.118842E+03
    1    1.298333E-01    3.972847E-01    2.660047E+03
    2    1.298333E-01    3.972847E-01    1.941414E+03
    3    1.298333E-01    3.972847E-01    1.467806E+03
    4    1.298333E-01    3.972847E-01    1.116196E+03
    1    1.300000E-01    3.979994E-01    2.653742E+03
    2    1.300000E-01    3.979994E-01    1.936813E+03
    3    1.300000E-01    3.979994E-01    1.464327E+03
    4    1.300000E-01    3.979994E-01    1.113550E+03
    1    1.301667E-01    3.987147E-01    2.647440E+03
    2    1.301667E-01    3.987147E-01    1.932213E+03
    3    1.301667E-01    3.987147E-01    1.460850E+03
    4    1.301667E-01    3.987147E-01    1.110906E+03
    1    1.303333E-01    3.994306E-01    2.641139E+03
    2    1.303333E-01    3.994306E-01    1.927614E+03
    3    1.303333E-01    3.994306E-01    1.457373E+03
    4    1.303333E-01    3.994306E-01    1.108262E+03
    1    1.305000E-01    4.001472E-01    2.634840E+03
    2    1.305000E-01    4.001472E-01    1.923017E+03
    3    1.305000E-01    4.001472E-01    1.453897E+03
    4    1.305000E-01    4.001472E-01    1.105619E+03
    1    1.306667E-01    4.008644E-01    2.628543E+03
    2    1.306667E-01    4.008644E-01    1.918421E+03
    3    1.306667E-01    4.008644E-01    1.450423E+03
    4    1.306667E-01    4.008644E-01    1.102976E+03
    1    1.308333E-01    4.015823E-01    2.622248E+03
    2    1.308333E-01    4.015823E-01    1.913827E+03
    3    1.308333E-01    4.015823E-01    1.446949E+03
    4    1.308333E-01    4.015823E-01    1.100335E+03
    1    1.310000E-01    4.023008E-01    2.615955E+03
    2    1.310000E-01    4.023008E-01    1.909234E+03
    3    1.310000E-01    4.023008E-01    1.443477E+03
    4    1.310000E-01    4.023008E-01    1.097694E+03
    1    1.311667E-01    4.030199E-01    2.609664E+03
    2    1.311667E-01    4.030199E-01    1.904643E+03
    3    1.311667E-01    4.030199E-01    1.440005E+03
    4    1.311667E-01    4.030199E-01    1.095054E+03
    1    1.313333E-01    4.037397E-01    2.603375E+03
    2    1.313333E-01    4.037397E-01    1.900052E+03
    3    1.313333E-01    4.037397E-01    1.436535E+03
    4    1.313333E-01    4.037397E-01    1.092415E+03
    1    1.315000E-01    4.044601E-01    2.597088E+03
    2    1.315000E-01    4.044601E-01    1.895464E+03
    3    1.315000E-01    4.044601E-01    1.433065E+03
    4    1.315000E-01    4.044601E-01    1.089777E+03
    1    1.316667E-01    4.051812E-01    2.590802E+03
    2    1.316667E-01    4.051812E-01    1.890877E+03
    3    1.316667E-01    4.051812E-01    1.429597E+03
    4    1.316667E-01    4.051812E-01    1.087140E+03
    1    1.318333E-01    4.059029E-01    2.584519E+03
    2    1.318333E-01    4.059029E-01    1.886291E+03
    3    1.318333E-01    4.059029E-01    1.426130E+03
    4    1.318333E-01    4.059029E-01    1.084503E+03
    1    1.320000E-01    4.066253E-01    2.578238E+03
    2    1.320000E-01    4.066253E-01    1.881707E+03
    3    1.320000E-01    4.066253E-01    1.422664E+03
    4    1.320000E-01    4.066253E-01    1.081868E+03
    1    1.321667E-01    4.073482E-01    2.571959E+03
    2    1.321667E-01    4.073482E-01    1.877124E+03
    3    1.321667E-01    4.073482E-01    1.419200E+03
    4    1.321667E-01    4.073482E-01    1.079233E+03
    1    1.323333E-01    4.080719E-01    2.565682E+03
    2    1.323333E-01    4.080719E-01    1.872543E+03
    3    1.323333E-01    4.080719E-01    1.415736E+03
    4    1.323333E-01    4.080719E-01    1.076599E+03
    1    1.325000E-01    4.087962E-01    2.559407E+03
    2    1.325000E-01    4.087962E-01    1.867963E+03
    3    1.325000E-01    4.087962E-01    1.412273E+03
    4    1.325000E-01    4.087962E-01    1.073966E+03
    1    1.326667E-01    4.095211E-01    2.553134E+03
    2    1.326667E-01    4.095211E-01    1.863385E+03
    3    1.326667E-01    4.095211E-01    1.408812E+03
    4    1.326667E-01    4.095211E-01    1.071334E+03
    1    1.328333E-01    4.102467E-01    2.546864E+03
    2    1.328333E-01    4.102467E-01    1.858808E+03
    3    1.328333E-01    4.102467E-01    1.405352E+03
    4    1.328333E-01    4.102467E-01    1.068702E+03
    1    1.330000E-01    4.109729E-01    2.540595E+03
    2    1.330000E-01    4.109729E-01    1.854233E+03
    3    1.330000E-01    4.109729E-01    1.401893E+03
    4    1.330000E-01    4.109729E-01    1.066072E+03
    1    1.331667E-01    4.116997E-01    2.534329E+03
    2    1.331667E-01    4.116997E-01    1.849660E+03
    3    1.331667E-01    4.116997E-01    1.398436E+03
    4    1.331667E-01    4.116997E-01    1.063443E+03
    1    1.333333E-01    4.124272E-01    2.528065E+03
    2    1.333333E-01    4.124272E-01    1.845088E+03
    3    1.333333E-01    4.124272E-01    1.394979E+03
    4    1.333333E-01    4.124272E-01    1.060814E+03
    1    1.335000E-01    4.131553E-01    2.521803E+03
    2    1.335000E-01    4.131553E-01    1.840518E+03
    3    1.335000E-01    4.131553E-01    1.391524E+03
    4    1.335000E-01    4.131553E-01    1.058187E+03
    1    1.336667E-01    4.138841E-01    2.515544E+03
    2    1.336667E-01    4.138841E-01    1.835950E+03
    3    1.336667E-01    4.138841E-01    1.388070E+03
    4    1.336667E-01    4.138841E-01    1.055560E+03
    1    1.338333E-01    4.146135E-01    2.509286E+03
    2    1.338333E-01    4.146135E-01    1.831383E+03
    3    1.338333E-01    4.146135E-01    1.384617E+03
    4    1.338333E-01    4.146135E-01    1.052934E+03
    1    1.340000E-01    4.153436E-01    2.503032E+03
    2    1.340000E-01    4.153436E-01    1.826818E+03
    3    1.340000E-01    4.153436E-01    1.381166E+03
    4    1.340000E-01    4.153436E-01    1.050310E+03
    1    1.341667E-01    4.160743E-01    2.496779E+03
    2    1.341667E-01    4.160743E-01    1.822254E+03
    3    1.341667E-01    4.160743E-01    1.377715E+03
    4    1.341667E-01    4.160743E-01    1.047686E+03
    1    1.343333E-01    4.168056E-01    2.490529E+03
    2    1.343333E-01    4.168056E-01    1.817692E+03
    3    1.343333E-01    4.168056E-01    1.374266E+03
    4    1.343333E-01    4.168056E-01    1.045063E+03
    1    1.345000E-01    4.175376E-01    2.484281E+03
    2    1.345000E-01    4.175376E-01    1.813132E+03
    3    1.345000E-01    4.175376E-01    1.370819E+03
    4    1.345000E-01    4.175376E-01    1.042442E+03
    1    1.346667E-01    4.182703E-01    2.478035E+03
    2    1.346667E-01    4.182703E-01    1.808574E+03
    3    1.346667E-01    4.182703E-01    1.367373E+03
    4    1.346667E-01    4.182703E-01    1.039821E+03
    1    1.348333E-01    4.190035E-01    2.471792E+03
    2    1.348333E-01    4.190035E-01    1.804018E+03
    3    1.348333E-01    4.190035E-01    1.363928E+03
    4    1.348333E-01    4.190035E-01    1.037201E+03
    1    1.350000E-01    4.197374E-01    2.465551E+03
    2    1.350000E-01    4.197374E-01    1.799463E+03
    3    1.350000E-01    4.197374E-01    1.360484E+03
    4    1.350000E-01    4.197374E-01    1.034582E+03
    1    1.351667E-01    4.204720E-01    2.459313E+03
    2    1.351667E-01    4.204720E-01    1.794910E+03
    3    1.351667E-01    4.204720E-01    1.357042E+03
    4    1.351667E-01    4.204720E-01    1.031965E+03
    1    1.353333E-01    4.212072E-01    2.453077E+03
    2    1.353333E-01    4.212072E-01    1.790359E+03
    3    1.353333E-01    4.212072E-01    1.353601E+03
    4    1.353333E-01    4.212072E-01    1.029348E+03
    1    1.355000E-01    4.219430E-01    2.446843E+03
    2    1.355000E-01    4.219430E-01    1.785809E+03
    3    1.355000E-01    4.219430E-01    1.350161E+03
    4    1.355000E-01    4.219430E-01    1.026732E+03
    1    1.356667E-01    4.226795E-01    2.440612E+03
    2    1.356667E-01    4.226795E-01    1.781262E+03
    3    1.356667E-01    4.226795E-01    1.346723E+03
    4    1.356667E-01    4.226795E-01    1.024118E+03
    1    1.358333E-01    4.234166E-01    2.434384E+03
    2    1.358333E-01    4.234166E-01    1.776716E+03
    3    1.358333E-01    4.234166E-01    1.343286E+03
    4    1.358333E-01    4.234166E-01    1.021504E+03
    1    1.360000E-01    4.241544E-01    2.428158E+03
    2    1.360000E-01    4.241544E-01    1.772172E+03
    3    1.360000E-01    4.241544E-01    1.339851E+03
    4    1.360000E-01    4.241544E-01    1.018892E+03
    1    1.361667E-01    4.248928E-01    2.421935E+03
    2    1.361667E-01    4.248928E-01    1.767630E+03
    3    1.361667E-01    4.248928E-01    1.336417E+03
    4    1.361667E-01    4.248928E-01    1.016280E+03
    1    1.363333E-01    4.256319E-01    2.415714E+03
    2    1.363333E-01    4.256319E-01    1.763090E+03
    3    1.363333E-01    4.256319E-01    1.332984E+03
    4    1.363333E-01    4.256319E-01    1.013670E+03
    1    1.365000E-01    4.263716E-01    2.409496E+03
    2    1.365000E-01    4.263716E-01    1.758552E+03
    3    1.365000E-01    4.263716E-01    1.329553E+03
    4    1.365000E-01    4.263716E-01    1.011061E+03
    1    1.366667E-01    4.271119E-01    2.403281E+03
    2    1.366667E-01    4.271119E-01    1.754015E+03
    3    1.366667E-01    4.271119E-01    1.326123E+03
    4    1.366667E-01    4.271119E-01    1.008453E+03
    1    1.368333E-01    4.278529E-01    2.397068E+03
    2    1.368333E-01    4.278529E-01    1.749481E+03
    3    1.368333E-01    4.278529E-01    1.322695E+03
    4    1.368333E-01    4.278529E-01    1.005846E+03
    1    1.370000E-01    4.285945E-01    2.390858E+03
    2    1.370000E-01    4.285945E-01    1.744949E+03
    3    1.370000E-01    4.285945E-01    1.319268E+03
    4    1.370000E-01    4.285945E-01    1.003240E+03
    1    1.371667E-01    4.293368E-01    2.384650E+03
    2    1.371667E-01    4.293368E-01    1.740418E+03
    3    1.371667E-01    4.293368E-01    1.315843E+03
    4    1.371667E-01    4.293368E-01    1.000635E+03
    1    1.373333E-01    4.300797E-01    2.378446E+03
    2    1.373333E-01    4.300797E-01    1.735890E+03
    3    1.373333E-01    4.300797E-01    1.312419E+03
    4    1.373333E-01    4.300797E-01    9.980316E+02
    1    1.375000E-01    4.308232E-01    2.372243E+03
    2    1.375000E-01    4.308232E-01    1.731363E+03
    3    1.375000E-01    4.308232E-01    1.308997E+03
    4    1.375000E-01    4.308232E-01    9.954291E+02
    1    1.376667E-01    4.315674E-01    2.366044E+03
    2    1.376667E-01    4.315674E-01    1.726839E+03
    3    1.376667E-01    4.315674E-01    1.305576E+03
    4    1.376667E-01    4.315674E-01    9.928278E+02
    1    1.378333E-01    4.323122E-01    2.359848E+03
    2    1.378333E-01    4.323122E-01    1.722316E+03
    3    1.378333E-01    4.323122E-01    1.302157E+03
    4    1.378333E-01    4.323122E-01    9.902277E+02
    1    1.380000E-01    4.330577E-01    2.353654E+03
    2    1.380000E-01    4.330577E-01    1.717796E+03
    3    1.380000E-01    4.330577E-01    1.298739E+03
    4    1.380000E-01    4.330577E-01    9.876287E+02
    1    1.381667E-01    4.338038E-01    2.347463E+03
    2    1.381667E-01    4.338038E-01    1.713277E+03
    3    1.381667E-01    4.338038E-01    1.295323E+03
    4    1.381667E-01    4.338038E-01    9.850309E+02
    1    1.383333E-01    4.345506E-01    2.341275E+03
    2    1.383333E-01    4.345506E-01    1.708761E+03
    3    1.383333E-01    4.345506E-01    1.291909E+03
    4    1.383333E-01    4.345506E-01    9.824343E+02
    1    1.385000E-01    4.352980E-01    2.335090E+03
    2    1.385000E-01    4.352980E-01    1.704247E+03
    3    1.385000E-01    4.352980E-01    1.288496E+03
    4    1.385000E-01    4.352980E-01    9.798389E+02
    1    1.386667E-01    4.360460E-01    2.328907E+03
    2    1.386667E-01    4.360460E-01    1.699735E+03
    3    1.386667E-01    4.360460E-01    1.285084E+03
    4    1.386667E-01    4.360460E-01    9.772447E+02
    1    1.388333E-01    4.367947E-01    2.322728E+03
    2    1.388333E-01    4.367947E-01    1.695225E+03
    3    1.388333E-01    4.367947E-01    1.281675E+03
    4    1.388333E-01    4.367947E-01    9.746517E+02
    1    1.390000E-01    4.375440E-01    2.316552E+03
    2    1.390000E-01    4.375440E-01    1.690717E+03
    3    1.390000E-01    4.375440E-01    1.278266E+03
    4    1.390000E-01    4.375440E-01    9.720599E+02
    1    1.391667E-01    4.382940E-01    2.310378E+03
    2    1.391667E-01    4.382940E-01    1.686211E+03
    3    1.391667E-01    4.382940E-01    1.274860E+03
    4    1.391667E-01    4.382940E-01    9.694694E+02
    1    1.393333E-01    4.390446E-01    2.304207E+03
    2    1.393333E-01    4.390446E-01    1.681707E+03
    3    1.393333E-01    4.390446E-01    1.271455E+03
    4    1.393333E-01    4.390446E-01    9.668801E+02
    1    1.395000E-01    4.397959E-01    2.298040E+03
    2    1.395000E-01    4.397959E-01    1.677206E+03
    3    1.395000E-01    4.397959E-01    1.268052E+03
    4    1.395000E-01    4.397959E-01    9.642921E+02
    1    1.396667E-01    4.405477E-01    2.291875E+03
    2    1.396667E-01    4.405477E-01    1.672707E+03
    3    1.396667E-01    4.405477E-01    1.264650E+03
    4    1.396667E-01    4.405477E-01    9.617053E+02
    1    1.398333E-01    4.413003E-01    2.285713E+03
    2    1.398333E-01    4.413003E-01    1.668210E+03
    3    1.398333E-01    4.413003E-01    1.261250E+03
    4    1.398333E-01    4.413003E-01    9.591198E+02
    1    1.400000E-01    4.420535E-01    2.279555E+03
    2    1.400000E-01    4.420535E-01    1.663715E+03
    3    1.400000E-01    4.420535E-01    1.257852E+03
    4    1.400000E-01    4.420535E-01    9.565356E+02
    1    1.401667E-01    4.428073E-01    2.273399E+03
    2    1.401667E-01    4.428073E-01    1.659223E+03
    3    1.401667E-01    4.428073E-01    1.254455E+03
    4    1.401667E-01    4.428073E-01    9.539527E+02
    1    1.403333E-01    4.435617E-01    2.267247E+03
    2    1.403333E-01    4.435617E-01    1.654732E+03
    3    1.403333E-01    4.435617E-01    1.251060E+03
    4    1.403333E-01    4.435617E-01    9.513710E+02
    1    1.405000E-01    4.443169E-01    2.261098E+03
    2    1.405000E-01    4.443169E-01    1.650244E+03
    3    1.405000E-01    4.443169E-01    1.247667E+03
    4    1.405000E-01    4.443169E-01    9.487907E+02
    1    1.406667E-01    4.450726E-01    2.254952E+03
    2    1.406667E-01    4.450726E-01    1.645759E+03
    3    1.406667E-01    4.450726E-01    1.244276E+03
    4    1.406667E-01    4.450726E-01    9.462117E+02
    1    1.408333E-01    4.458290E-01    2.248809E+03
    2    1.408333E-01    4.458290E-01    1.641275E+03
    3    1.408333E-01    4.458290E-01    1.240886E+03
    4    1.408333E-01    4.458290E-01    9.436340E+02
    1    1.410000E-01    4.465860E-01    2.242669E+03
    2    1.410000E-01    4.465860E-01    1.636794E+03
    3    1.410000E-01    4.465860E-01    1.237498E+03
    4    1.410000E-01    4.465860E-01    9.410576E+02
    1    1.411667E-01    4.473437E-01    2.236532E+03
    2    1.411667E-01    4.473437E-01    1.632315E+03
    3    1.411667E-01    4.473437E-01    1.234112E+03
    4    1.411667E-01    4.473437E-01    9.384826E+02
    1    1.413333E-01    4.481020E-01    2.230399E+03
    2    1.413333E-01    4.481020E-01    1.627839E+03
    3    1.413333E-01    4.481020E-01    1.230728E+03
    4    1.413333E-01    4.481020E-01    9.359089E+02
    1    1.415000E-01    4.488610E-01    2.224269E+03
    2    1.415000E-01    4.488610E-01    1.623365E+03
    3    1.415000E-01    4.488610E-01    1.227345E+03
    4    1.415000E-01    4.488610E-01    9.333366E+02
    1    1.416667E-01    4.496206E-01    2.218142E+03
    2    1.416667E-01    4.496206E-01    1.618893E+03
    3    1.416667E-01    4.496206E-01    1.223964E+03
    4    1.416667E-01    4.496206E-01    9.307657E+02
    1    1.418333E-01    4.503808E-01    2.212018E+03
    2    1.418333E-01    4.503808E-01    1.614424E+03
    3    1.418333E-01    4.503808E-01    1.220585E+03
    4    1.418333E-01    4.503808E-01    9.281961E+02
    1    1.420000E-01    4.511417E-01    2.205898E+03
    2    1.420000E-01    4.511417E-01    1.609957E+03
    3    1.420000E-01    4.511417E-01    1.217208E+03
    4    1.420000E-01    4.511417E-01    9.256279E+02
    1    1.421667E-01    4.519032E-01    2.199781E+03
    2    1.421667E-01    4.519032E-01    1.605492E+03
    3    1.421667E-01    4.519032E-01    1.213833E+03
    4    1.421667E-01    4.519032E-01    9.230611E+02
    1    1.423333E-01    4.526654E-01    2.193667E+03
    2    1.423333E-01    4.526654E-01    1.601030E+03
    3    1.423333E-01    4.526654E-01    1.210459E+03
    4    1.423333E-01    4.526654E-01    9.204957E+02
    1    1.425000E-01    4.534282E-01    2.187557E+03
    2    1.425000E-01    4.534282E-01    1.596571E+03
    3    1.425000E-01    4.534282E-01    1.207087E+03
    4    1.425000E-01    4.534282E-01    9.179318E+02
    1    1.426667E-01    4.541917E-01    2.181450E+03
    2    1.426667E-01    4.541917E-01    1.592114E+03
    3    1.426667E-01    4.541917E-01    1.203718E+03
    4    1.426667E-01    4.541917E-01    9.153692E+02
    1    1.428333E-01    4.549558E-01    2.175346E+03
    2    1.428333E-01    4.549558E-01    1.587659E+03
    3    1.428333E-01    4.549558E-01    1.200350E+03
    4    1.428333E-01    4.549558E-01    9.128081E+02
    1    1.430000E-01    4.557205E-01    2.169246E+03
    2    1.430000E-01    4.557205E-01    1.583207E+03
    3    1.430000E-01    4.557205E-01    1.196984E+03
    4    1.430000E-01    4.557205E-01    9.102484E+02
    1    1.431667E-01    4.564859E-01    2.163150E+03
    2    1.431667E-01    4.564859E-01    1.578758E+03
    3    1.431667E-01    4.564859E-01    1.193620E+03
    4    1.431667E-01    4.564859E-01    9.076902E+02
    1    1.433333E-01    4.572519E-01    2.157056E+03
    2    1.433333E-01    4.572519E-01    1.574310E+03
    3    1.433333E-01    4.572519E-01    1.190258E+03
    4    1.433333E-01    4.572519E-01    9.051334E+02
    1    1.435000E-01    4.580186E-01    2.150967E+03
    2    1.435000E-01    4.580186E-01    1.569866E+03
    3    1.435000E-01    4.580186E-01    1.186897E+03
    4    1.435000E-01    4.580186E-01    9.025781E+02
    1    1.436667E-01    4.587859E-01    2.144881E+03
    2    1.436667E-01    4.587859E-01    1.565424E+03
    3    1.436667E-01    4.587859E-01    1.183539E+03
    4    1.436667E-01    4.587859E-01    9.000243E+02
    1    1.438333E-01    4.595538E-01    2.138798E+03
    2    1.438333E-01    4.595538E-01    1.560985E+03
    3    1.438333E-01    4.595538E-01    1.180183E+03
    4    1.438333E-01    4.595538E-01    8.974719E+02
    1    1.440000E-01    4.603224E-01    2.132719E+03
    2    1.440000E-01    4.603224E-01    1.556548E+03
    3    1.440000E-01    4.603224E-01    1.176828E+03
    4    1.440000E-01    4.603224E-01    8.949211E+02
    1    1.441667E-01    4.610917E-01    2.126644E+03
    2    1.441667E-01    4.610917E-01    1.552114E+03
    3    1.441667E-01    4.610917E-01    1.173476E+03
    4    1.441667E-01    4.610917E-01    8.923717E+02
    1    1.443333E-01    4.618615E-01    2.120572E+03
    2    1.443333E-01    4.618615E-01    1.547682E+03
    3    1.443333E-01    4.618615E-01    1.170125E+03
    4    1.443333E-01    4.618615E-01    8.898239E+02
    1    1.445000E-01    4.626320E-01    2.114504E+03
    2    1.445000E-01    4.626320E-01    1.543254E+03
    3    1.445000E-01    4.626320E-01    1.166777E+03
    4    1.445000E-01    4.626320E-01    8.872776E+02
    1    1.446667E-01    4.634032E-01    2.108439E+03
    2    1.446667E-01    4.634032E-01    1.538827E+03
    3    1.446667E-01    4.634032E-01    1.163431E+03
    4    1.446667E-01    4.634032E-01    8.847328E+02
    1    1.448333E-01    4.641750E-01    2.102378E+03
    2    1.448333E-01    4.641750E-01    1.534404E+03
    3    1.448333E-01    4.641750E-01    1.160086E+03
    4    1.448333E-01    4.641750E-01    8.821895E+02
    1    1.450000E-01    4.649475E-01    2.096321E+03
    2    1.450000E-01    4.649475E-01    1.529983E+03
    3    1.450000E-01    4.649475E-01    1.156744E+03
    4    1.450000E-01    4.649475E-01    8.796478E+02
    1    1.451667E-01    4.657205E-01    2.090267E+03
    2    1.451667E-01    4.657205E-01    1.525565E+03
    3    1.451667E-01    4.657205E-01    1.153404E+03
    4    1.451667E-01    4.657205E-01    8.771077E+02
    1    1.453333E-01    4.664943E-01    2.084218E+03
    2    1.453333E-01    4.664943E-01    1.521150E+03
    3    1.453333E-01    4.664943E-01    1.150065E+03
    4    1.453333E-01    4.664943E-01    8.745691E+02
    1    1.455000E-01    4.672686E-01    2.078172E+03
    2    1.455000E-01    4.672686E-01    1.516737E+03
    3    1.455000E-01    4.672686E-01    1.146729E+03
    4    1.455000E-01    4.672686E-01    8.720321E+02
    1    1.456667E-01    4.680437E-01    2.072129E+03
    2    1.456667E-01    4.680437E-01    1.512327E+03
    3    1.456667E-01    4.680437E-01    1.143395E+03
    4    1.456667E-01    4.680437E-01    8.694967E+02
    1    1.458333E-01    4.688193E-01    2.066091E+03
    2    1.458333E-01    4.688193E-01    1.507920E+03
    3    1.458333E-01    4.688193E-01    1.140063E+03
    4    1.458333E-01    4.688193E-01    8.669629E+02
    1    1.460000E-01    4.695956E-01    2.060056E+03
    2    1.460000E-01    4.695956E-01    1.503516E+03
    3    1.460000E-01    4.695956E-01    1.136733E+03
    4    1.460000E-01    4.695956E-01    8.644307E+02
    1    1.461667E-01    4.703725E-01    2.054026E+03
    2    1.461667E-01    4.703725E-01    1.499114E+03
    3    1.461667E-01    4.703725E-01    1.133405E+03
    4    1.461667E-01    4.703725E-01    8.619001E+02
    1    1.463333E-01    4.711501E-01    2.047999E+03
    2    1.463333E-01    4.711501E-01    1.494716E+03
    3    1.463333E-01    4.711501E-01    1.130080E+03
    4    1.463333E-01    4.711501E-01    8.593712E+02
    1    1.465000E-01    4.719284E-01    2.041976E+03
    2    1.465000E-01    4.719284E-01    1.490320E+03
    3    1.465000E-01    4.719284E-01    1.126756E+03
    4    1.465000E-01    4.719284E-01    8.568438E+02
    1    1.466667E-01    4.727072E-01    2.035957E+03
    2    1.466667E-01    4.727072E-01    1.485927E+03
    3    1.466667E-01    4.727072E-01    1.123435E+03
    4    1.466667E-01    4.727072E-01    8.543181E+02
    1    1.468333E-01    4.734867E-01    2.029942E+03
    2    1.468333E-01    4.734867E-01    1.481537E+03
    3    1.468333E-01    4.734867E-01    1.120116E+03
    4    1.468333E-01    4.734867E-01    8.517941E+02
    1    1.470000E-01    4.742669E-01    2.023930E+03
    2    1.470000E-01    4.742669E-01    1.477149E+03
    3    1.470000E-01    4.742669E-01    1.116799E+03
    4    1.470000E-01    4.742669E-01    8.492717E+02
    1    1.471667E-01    4.750477E-01    2.017923E+03
    2    1.471667E-01    4.750477E-01    1.472765E+03
    3    1.471667E-01    4.750477E-01    1.113484E+03
    4    1.471667E-01    4.750477E-01    8.467510E+02
    1    1.473333E-01    4.758291E-01    2.011920E+03
    2    1.473333E-01    4.758291E-01    1.468384E+03
    3    1.473333E-01    4.758291E-01    1.110172E+03
    4    1.473333E-01    4.758291E-01    8.442319E+02
    1    1.475000E-01    4.766112E-01    2.005921E+03
    2    1.475000E-01    4.766112E-01    1.464005E+03
    3    1.475000E-01    4.766112E-01    1.106861E+03
    4    1.475000E-01    4.766112E-01    8.417146E+02
    1    1.476667E-01    4.773939E-01    1.999926E+03
    2    1.476667E-01    4.773939E-01    1.459630E+03
    3    1.476667E-01    4.773939E-01    1.103553E+03
    4    1.476667E-01    4.773939E-01    8.391989E+02
    1    1.478333E-01    4.781773E-01    1.993934E+03
    2    1.478333E-01    4.781773E-01    1.455257E+03
    3    1.478333E-01    4.781773E-01    1.100247E+03
    4    1.478333E-01    4.781773E-01    8.366849E+02
    1    1.480000E-01    4.789613E-01    1.987947E+03
    2    1.480000E-01    4.789613E-01    1.450888E+03
    3    1.480000E-01    4.789613E-01    1.096944E+03
    4    1.480000E-01    4.789613E-01    8.341727E+02
    1    1.481667E-01    4.797459E-01    1.981965E+03
    2    1.481667E-01    4.797459E-01    1.446521E+03
    3    1.481667E-01    4.797459E-01    1.093642E+03
    4    1.481667E-01    4.797459E-01    8.316622E+02
    1    1.483333E-01    4.805312E-01    1.975986E+03
    2    1.483333E-01    4.805312E-01    1.442158E+03
    3    1.483333E-01    4.805312E-01    1.090343E+03
    4    1.483333E-01    4.805312E-01    8.291534E+02
    1    1.485000E-01    4.813171E-01    1.970011E+03
    2    1.485000E-01    4.813171E-01    1.437797E+03
    3    1.485000E-01    4.813171E-01    1.087046E+03
    4    1.485000E-01    4.813171E-01    8.266464E+02
    1    1.486667E-01    4.821037E-01    1.964041E+03
    2    1.486667E-01    4.821037E-01    1.433440E+03
    3    1.486667E-01    4.821037E-01    1.083752E+03
    4    1.486667E-01    4.821037E-01    8.241411E+02
    1    1.488333E-01    4.828909E-01    1.958074E+03
    2    1.488333E-01    4.828909E-01    1.429085E+03
    3    1.488333E-01    4.828909E-01    1.080460E+03
    4    1.488333E-01    4.828909E-01    8.216376E+02
    1    1.490000E-01    4.836788E-01    1.952112E+03
    2    1.490000E-01    4.836788E-01    1.424734E+03
    3    1.490000E-01    4.836788E-01    1.077170E+03
    4    1.490000E-01    4.836788E-01    8.191358E+02
    1    1.491667E-01    4.844673E-01    1.946155E+03
    2    1.491667E-01    4.844673E-01    1.420386E+03
    3    1.491667E-01    4.844673E-01    1.073883E+03
    4    1.491667E-01    4.844673E-01    8.166358E+02
    1    1.493333E-01    4.852564E-01    1.940201E+03
    2    1.493333E-01    4.852564E-01    1.416040E+03
    3    1.493333E-01    4.852564E-01    1.070597E+03
    4    1.493333E-01    4.852564E-01    8.141376E+02
    1    1.495000E-01    4.860462E-01    1.934252E+03
    2    1.495000E-01    4.860462E-01    1.411698E+03
    3    1.495000E-01    4.860462E-01    1.067315E+03
    4    1.495000E-01    4.860462E-01    8.116413E+02
    1    1.496667E-01    4.868366E-01    1.928307E+03
    2    1.496667E-01    4.868366E-01    1.407360E+03
    3    1.496667E-01    4.868366E-01    1.064034E+03
    4    1.496667E-01    4.868366E-01    8.091467E+02
    1    1.498333E-01    4.876277E-01    1.922366E+03
    2    1.498333E-01    4.876277E-01    1.403024E+03
    3    1.498333E-01    4.876277E-01    1.060756E+03
    4    1.498333E-01    4.876277E-01    8.066539E+02
    1    1.500000E-01    4.884194E-01    1.916430E+03
    2    1.500000E-01    4.884194E-01    1.398691E+03
    3    1.500000E-01    4.884194E-01    1.057481E+03
    4    1.500000E-01    4.884194E-01    8.041630E+02
    1    1.501667E-01    4.892118E-01    1.910498E+03
    2    1.501667E-01    4.892118E-01    1.394362E+03
    3    1.501667E-01    4.892118E-01    1.054207E+03
    4    1.501667E-01    4.892118E-01    8.016739E+02
    1    1.503333E-01    4.900048E-01    1.904571E+03
    2    1.503333E-01    4.900048E-01    1.390036E+03
    3    1.503333E-01    4.900048E-01    1.050937E+03
    4    1.503333E-01    4.900048E-01    7.991866E+02
    1    1.505000E-01    4.907984E-01    1.898648E+03
    2    1.505000E-01    4.907984E-01    1.385713E+03
    3    1.505000E-01    4.907984E-01    1.047668E+03
    4    1.505000E-01    4.907984E-01    7.967012E+02
    1    1.506667E-01    4.915927E-01    1.892729E+03
    2    1.506667E-01    4.915927E-01    1.381393E+03
    3    1.506667E-01    4.915927E-01    1.044403E+03
    4    1.506667E-01    4.915927E-01    7.942177E+02
    1    1.508333E-01    4.923876E-01    1.886815E+03
    2    1.508333E-01    4.923876E-01    1.377077E+03
    3    1.508333E-01    4.923876E-01    1.041139E+03
    4    1.508333E-01    4.923876E-01    7.917360E+02
    1    1.510000E-01    4.931832E-01    1.880905E+03
    2    1.510000E-01    4.931832E-01    1.372764E+03
    3    1.510000E-01    4.931832E-01    1.037878E+03
    4    1.510000E-01    4.931832E-01    7.892563E+02
    1    1.511667E-01    4.939794E-01    1.875000E+03
    2    1.511667E-01    4.939794E-01    1.368454E+03
    3    1.511667E-01    4.939794E-01    1.034620E+03
    4    1.511667E-01    4.939794E-01    7.867784E+02
    1    1.513333E-01    4.947762E-01    1.869100E+03
    2    1.513333E-01    4.947762E-01    1.364148E+03
    3    1.513333E-01    4.947762E-01    1.031364E+03
    4    1.513333E-01    4.947762E-01    7.843024E+02
    1    1.515000E-01    4.955737E-01    1.863204E+03
    2    1.515000E-01    4.955737E-01    1.359844E+03
    3    1.515000E-01    4.955737E-01    1.028110E+03
    4    1.515000E-01    4.955737E-01    7.818283E+02
    1    1.516667E-01    4.963718E-01    1.857312E+03
    2    1.516667E-01    4.963718E-01    1.355545E+03
    3    1.516667E-01    4.963718E-01    1.024860E+03
    4    1.516667E-01    4.963718E-01    7.793562E+02
    1    1.518333E-01    4.971706E-01    1.851425E+03
    2    1.518333E-01    4.971706E-01    1.351248E+03
    3    1.518333E-01    4.971706E-01    1.021611E+03
    4    1.518333E-01    4.971706E-01    7.768860E+02
    1    1.520000E-01    4.979700E-01    1.845543E+03
    2    1.520000E-01    4.979700E-01    1.346955E+03
    3    1.520000E-01    4.979700E-01    1.018365E+03
    4    1.520000E-01    4.979700E-01    7.744177E+02
    1    1.521667E-01    4.987701E-01    1.839665E+03
    2    1.521667E-01    4.987701E-01    1.342665E+03
    3    1.521667E-01    4.987701E-01    1.015122E+03
    4    1.521667E-01    4.987701E-01    7.719514E+02
    1    1.523333E-01    4.995708E-01    1.833793E+03
    2    1.523333E-01    4.995708E-01    1.338379E+03
    3    1.523333E-01    4.995708E-01    1.011881E+03
    4    1.523333E-01    4.995708E-01    7.694870E+02
    1    1.525000E-01    5.003721E-01    1.827924E+03
    2    1.525000E-01    5.003721E-01    1.334096E+03
    3    1.525000E-01    5.003721E-01    1.008643E+03
    4    1.525000E-01    5.003721E-01    7.670246E+02
    1    1.526667E-01    5.011741E-01    1.822061E+03
    2    1.526667E-01    5.011741E-01    1.329817E+03
    3    1.526667E-01    5.011741E-01    1.005408E+03
    4    1.526667E-01    5.011741E-01    7.645641E+02
    1    1.528333E-01    5.019767E-01    1.816202E+03
    2    1.528333E-01    5.019767E-01    1.325541E+03
    3    1.528333E-01    5.019767E-01    1.002175E+03
    4    1.528333E-01    5.019767E-01    7.621057E+02
    1    1.530000E-01    5.027800E-01    1.810348E+03
    2    1.530000E-01    5.027800E-01    1.321268E+03
    3    1.530000E-01    5.027800E-01    9.989448E+02
    4    1.530000E-01    5.027800E-01    7.596493E+02
    1    1.531667E-01    5.035839E-01    1.804499E+03
    2    1.531667E-01    5.035839E-01    1.316999E+03
    3    1.531667E-01    5.035839E-01    9.957172E+02
    4    1.531667E-01    5.035839E-01    7.571948E+02
    1    1.533333E-01    5.043885E-01    1.798654E+03
    2    1.533333E-01    5.043885E-01    1.312733E+03
    3    1.533333E-01    5.043885E-01    9.924922E+02
    4    1.533333E-01    5.043885E-01    7.547424E+02
    1    1.535000E-01    5.051937E-01    1.792815E+03
    2    1.535000E-01    5.051937E-01    1.308471E+03
    3    1.535000E-01    5.051937E-01    9.892699E+02
    4    1.535000E-01    5.051937E-01    7.522920E+02
    1    1.536667E-01    5.059995E-01    1.786980E+03
    2    1.536667E-01    5.059995E-01    1.304213E+03
    3    1.536667E-01    5.059995E-01    9.860503E+02
    4    1.536667E-01    5.059995E-01    7.498437E+02
    1    1.538333E-01    5.068060E-01    1.781150E+03
    2    1.538333E-01    5.068060E-01    1.299958E+03
    3    1.538333E-01    5.068060E-01    9.828334E+02
    4    1.538333E-01    5.068060E-01    7.473973E+02
    1    1.540000E-01    5.076131E-01    1.775325E+03
    2    1.540000E-01    5.076131E-01    1.295707E+03
    3    1.540000E-01    5.076131E-01    9.796192E+02
    4    1.540000E-01    5.076131E-01    7.449531E+02
    1    1.541667E-01    5.084209E-01    1.769505E+03
    2    1.541667E-01    5.084209E-01    1.291459E+03
    3    1.541667E-01    5.084209E-01    9.764076E+02
    4    1.541667E-01    5.084209E-01    7.425109E+02
    1    1.543333E-01    5.092293E-01    1.763690E+03
    2    1.543333E-01    5.092293E-01    1.287215E+03
    3    1.543333E-01    5.092293E-01    9.731989E+02
    4    1.543333E-01    5.092293E-01    7.400707E+02
    1    1.545000E-01    5.100383E-01    1.757879E+03
    2    1.545000E-01    5.100383E-01    1.282974E+03
    3    1.545000E-01    5.100383E-01    9.699928E+02
    4    1.545000E-01    5.100383E-01    7.376327E+02
    1    1.546667E-01    5.108480E-01    1.752074E+03
    2    1.546667E-01    5.108480E-01    1.278737E+03
    3    1.546667E-01    5.108480E-01    9.667895E+02
    4    1.546667E-01    5.108480E-01    7.351968E+02
    1    1.548333E-01    5.116584E-01    1.746274E+03
    2    1.548333E-01    5.116584E-01    1.274504E+03
    3    1.548333E-01    5.116584E-01    9.635890E+02
    4    1.548333E-01    5.116584E-01    7.327629E+02
    1    1.550000E-01    5.124693E-01    1.740479E+03
    2    1.550000E-01    5.124693E-01    1.270275E+03
    3    1.550000E-01    5.124693E-01    9.603912E+02
    4    1.550000E-01    5.124693E-01    7.303312E+02
    1    1.551667E-01    5.132810E-01    1.734689E+03
    2    1.551667E-01    5.132810E-01    1.266049E+03
    3    1.551667E-01    5.132810E-01    9.571963E+02
    4    1.551667E-01    5.132810E-01    7.279015E+02
    1    1.553333E-01    5.140932E-01    1.728904E+03
    2    1.553333E-01    5.140932E-01    1.261827E+03
    3    1.553333E-01    5.140932E-01    9.540041E+02
    4    1.553333E-01    5.140932E-01    7.254741E+02
    1    1.555000E-01    5.149061E-01    1.723124E+03
    2    1.555000E-01    5.149061E-01    1.257608E+03
    3    1.555000E-01    5.149061E-01    9.508147E+02
    4    1.555000E-01    5.149061E-01    7.230487E+02
    1    1.556667E-01    5.157197E-01    1.717349E+03
    2    1.556667E-01    5.157197E-01    1.253393E+03
    3    1.556667E-01    5.157197E-01    9.476282E+02
    4    1.556667E-01    5.157197E-01    7.206255E+02
    1    1.558333E-01    5.165339E-01    1.711579E+03
    2    1.558333E-01    5.165339E-01    1.249183E+03
    3    1.558333E-01    5.165339E-01    9.444445E+02
    4    1.558333E-01    5.165339E-01    7.182045E+02
    1    1.560000E-01    5.173487E-01    1.705815E+03
    2    1.560000E-01    5.173487E-01    1.244975E+03
    3    1.560000E-01    5.173487E-01    9.412637E+02
    4    1.560000E-01    5.173487E-01    7.157856E+02
    1    1.561667E-01    5.181642E-01    1.700056E+03
    2    1.561667E-01    5.181642E-01    1.240772E+03
    3    1.561667E-01    5.181642E-01    9.380857E+02
    4    1.561667E-01    5.181642E-01    7.133689E+02
    1    1.563333E-01    5.189803E-01    1.694301E+03
    2    1.563333E-01    5.189803E-01    1.236572E+03
    3    1.563333E-01    5.189803E-01    9.349106E+02
    4    1.563333E-01    5.189803E-01    7.109544E+02
    1    1.565000E-01    5.197970E-01    1.688553E+03
    2    1.565000E-01    5.197970E-01    1.232377E+03
    3    1.565000E-01    5.197970E-01    9.317384E+02
    4    1.565000E-01    5.197970E-01    7.085421E+02
    1    1.566667E-01    5.206144E-01    1.682809E+03
    2    1.566667E-01    5.206144E-01    1.228185E+03
    3    1.566667E-01    5.206144E-01    9.285691E+02
    4    1.566667E-01    5.206144E-01    7.061320E+02
    1    1.568333E-01    5.214325E-01    1.677071E+03
    2    1.568333E-01    5.214325E-01    1.223997E+03
    3    1.568333E-01    5.214325E-01    9.254028E+02
    4    1.568333E-01    5.214325E-01    7.037241E+02
    1    1.570000E-01    5.222511E-01    1.671338E+03
    2    1.570000E-01    5.222511E-01    1.219813E+03
    3    1.570000E-01    5.222511E-01    9.222393E+02
    4    1.570000E-01    5.222511E-01    7.013185E+02
    1    1.571667E-01    5.230705E-01    1.665610E+03
    2    1.571667E-01    5.230705E-01    1.215632E+03
    3    1.571667E-01    5.230705E-01    9.190788E+02
    4    1.571667E-01    5.230705E-01    6.989151E+02
    1    1.573333E-01    5.238904E-01    1.659888E+03
    2    1.573333E-01    5.238904E-01    1.211456E+03
    3    1.573333E-01    5.238904E-01    9.159212E+02
    4    1.573333E-01    5.238904E-01    6.965139E+02
    1    1.575000E-01    5.247110E-01    1.654171E+03
    2    1.575000E-01    5.247110E-01    1.207283E+03
    3    1.575000E-01    5.247110E-01    9.127667E+02
    4    1.575000E-01    5.247110E-01    6.941150E+02
    1    1.576667E-01    5.255323E-01    1.648459E+03
    2    1.576667E-01    5.255323E-01    1.203115E+03
    3    1.576667E-01    5.255323E-01    9.096150E+02
    4    1.576667E-01    5.255323E-01    6.917183E+02
    1    1.578333E-01    5.263542E-01    1.642753E+03
    2    1.578333E-01    5.263542E-01    1.198950E+03
    3    1.578333E-01    5.263542E-01    9.064664E+02
    4    1.578333E-01    5.263542E-01    6.893240E+02
    1    1.580000E-01    5.271767E-01    1.637052E+03
    2    1.580000E-01    5.271767E-01    1.194790E+03
    3    1.580000E-01    5.271767E-01    9.033208E+02
    4    1.580000E-01    5.271767E-01    6.869319E+02
    1    1.581667E-01    5.279999E-01    1.631357E+03
    2    1.581667E-01    5.279999E-01    1.190633E+03
    3    1.581667E-01    5.279999E-01    9.001782E+02
    4    1.581667E-01    5.279999E-01    6.845421E+02
    1    1.583333E-01    5.288237E-01    1.625668E+03
    2    1.583333E-01    5.288237E-01    1.186481E+03
    3    1.583333E-01    5.288237E-01    8.970387E+02
    4    1.583333E-01    5.288237E-01    6.821546E+02
    1    1.585000E-01    5.296482E-01    1.619983E+03
    2    1.585000E-01    5.296482E-01    1.182332E+03
    3    1.585000E-01    5.296482E-01    8.939021E+02
    4    1.585000E-01    5.296482E-01    6.797694E+02
    1    1.586667E-01    5.304733E-01    1.614305E+03
    2    1.586667E-01    5.304733E-01    1.178187E+03
    3    1.586667E-01    5.304733E-01    8.907687E+02
    4    1.586667E-01    5.304733E-01    6.773866E+02
    1    1.588333E-01    5.312990E-01    1.608632E+03
    2    1.588333E-01    5.312990E-01    1.174047E+03
    3    1.588333E-01    5.312990E-01    8.876383E+02
    4    1.588333E-01    5.312990E-01    6.750061E+02
    1    1.590000E-01    5.321254E-01    1.602964E+03
    2    1.590000E-01    5.321254E-01    1.169911E+03
    3    1.590000E-01    5.321254E-01    8.845110E+02
    4    1.590000E-01    5.321254E-01    6.726279E+02
    1    1.591667E-01    5.329525E-01    1.597302E+03
    2    1.591667E-01    5.329525E-01    1.165778E+03
    3    1.591667E-01    5.329525E-01    8.813867E+02
    4    1.591667E-01    5.329525E-01    6.702521E+02
    1    1.593333E-01    5.337801E-01    1.591646E+03
    2    1.593333E-01    5.337801E-01    1.161650E+03
    3    1.593333E-01    5.337801E-01    8.782656E+02
    4    1.593333E-01    5.337801E-01    6.678786E+02
    1    1.595000E-01    5.346084E-01    1.585995E+03
    2    1.595000E-01    5.346084E-01    1.157526E+03
    3    1.595000E-01    5.346084E-01    8.751476E+02
    4    1.595000E-01    5.346084E-01    6.655075E+02
    1    1.596667E-01    5.354374E-01    1.580350E+03
    2    1.596667E-01    5.354374E-01    1.153406E+03
    3    1.596667E-01    5.354374E-01    8.720328E+02
    4    1.596667E-01    5.354374E-01    6.631388E+02
    1    1.598333E-01    5.362670E-01    1.574711E+03
    2    1.598333E-01    5.362670E-01    1.149290E+03
    3    1.598333E-01    5.362670E-01    8.689211E+02
    4    1.598333E-01    5.362670E-01    6.607725E+02
    1    1.600000E-01    5.370972E-01    1.569078E+03
    2    1.600000E-01    5.370972E-01    1.145179E+03
    3    1.600000E-01    5.370972E-01    8.658125E+02
    4    1.600000E-01    5.370972E-01    6.584086E+02
    1    1.601667E-01    5.379281E-01    1.563450E+03
    2    1.601667E-01    5.379281E-01    1.141071E+03
    3    1.601667E-01    5.379281E-01    8.627071E+02
    4    1.601667E-01    5.379281E-01    6.560471E+02
    1    1.603333E-01    5.387596E-01    1.557828E+03
    2    1.603333E-01    5.387596E-01    1.136968E+03
    3    1.603333E-01    5.387596E-01    8.596050E+02
    4    1.603333E-01    5.387596E-01    6.536881E+02
    1    1.605000E-01    5.395918E-01    1.552212E+03
    2    1.605000E-01    5.395918E-01    1.132869E+03
    3    1.605000E-01    5.395918E-01    8.565060E+02
    4    1.605000E-01    5.395918E-01    6.513314E+02
    1    1.606667E-01    5.404246E-01    1.546601E+03
    2    1.606667E-01    5.404246E-01    1.128775E+03
    3    1.606667E-01    5.404246E-01    8.534102E+02
    4    1.606667E-01    5.404246E-01    6.489772E+02
    1    1.608333E-01    5.412581E-01    1.540997E+03
    2    1.608333E-01    5.412581E-01    1.124684E+03
    3    1.608333E-01    5.412581E-01    8.503176E+02
    4    1.608333E-01    5.412581E-01    6.466255E+02
    1    1.610000E-01    5.420922E-01    1.535398E+03
    2    1.610000E-01    5.420922E-01    1.120598E+03
    3    1.610000E-01    5.420922E-01    8.472283E+02
    4    1.610000E-01    5.420922E-01    6.442762E+02
    1    1.611667E-01    5.429269E-01    1.529805E+03
    2    1.611667E-01    5.429269E-01    1.116516E+03
    3    1.611667E-01    5.429269E-01    8.441422E+02
    4    1.611667E-01    5.429269E-01    6.419294E+02
    1    1.613333E-01    5.437623E-01    1.524219E+03
    2    1.613333E-01    5.437623E-01    1.112439E+03
    3    1.613333E-01    5.437623E-01    8.410594E+02
    4    1.613333E-01    5.437623E-01    6.395851E+02
    1    1.615000E-01    5.445983E-01    1.518638E+03
    2    1.615000E-01    5.445983E-01    1.108366E+03
    3    1.615000E-01    5.445983E-01    8.379799E+02
    4    1.615000E-01    5.445983E-01    6.372432E+02
    1    1.616667E-01    5.454350E-01    1.513063E+03
    2    1.616667E-01    5.454350E-01    1.104297E+03
    3    1.616667E-01    5.454350E-01    8.349036E+02
    4    1.616667E-01    5.454350E-01    6.349039E+02
    1    1.618333E-01    5.462723E-01    1.507494E+03
    2    1.618333E-01    5.462723E-01    1.100232E+03
    3    1.618333E-01    5.462723E-01    8.318307E+02
    4    1.618333E-01    5.462723E-01    6.325671E+02
    1    1.620000E-01    5.471102E-01    1.501931E+03
    2    1.620000E-01    5.471102E-01    1.096172E+03
    3    1.620000E-01    5.471102E-01    8.287611E+02
    4    1.620000E-01    5.471102E-01    6.302328E+02
    1    1.621667E-01    5.479488E-01    1.496374E+03
    2    1.621667E-01    5.479488E-01    1.092117E+03
    3    1.621667E-01    5.479488E-01    8.256948E+02
    4    1.621667E-01    5.479488E-01    6.279010E+02
    1    1.623333E-01    5.487881E-01    1.490823E+03
    2    1.623333E-01    5.487881E-01    1.088065E+03
    3    1.623333E-01    5.487881E-01    8.226318E+02
    4    1.623333E-01    5.487881E-01    6.255718E+02
    1    1.625000E-01    5.496279E-01    1.485278E+03
    2    1.625000E-01    5.496279E-01    1.084018E+03
    3    1.625000E-01    5.496279E-01    8.195722E+02
    4    1.625000E-01    5.496279E-01    6.232451E+02
    1    1.626667E-01    5.504684E-01    1.479739E+03
    2    1.626667E-01    5.504684E-01    1.079976E+03
    3    1.626667E-01    5.504684E-01    8.165160E+02
    4    1.626667E-01    5.504684E-01    6.209210E+02
    1    1.628333E-01    5.513096E-01    1.474207E+03
    2    1.628333E-01    5.513096E-01    1.075938E+03
    3    1.628333E-01    5.513096E-01    8.134631E+02
    4    1.628333E-01    5.513096E-01    6.185994E+02
    1    1.630000E-01    5.521514E-01    1.468680E+03
    2    1.630000E-01    5.521514E-01    1.071905E+03
    3    1.630000E-01    5.521514E-01    8.104137E+02
    4    1.630000E-01    5.521514E-01    6.162805E+02
    1    1.631667E-01    5.529938E-01    1.463160E+03
    2    1.631667E-01    5.529938E-01    1.067876E+03
    3    1.631667E-01    5.529938E-01    8.073676E+02
    4    1.631667E-01    5.529938E-01    6.139641E+02
    1    1.633333E-01    5.538369E-01    1.457646E+03
    2    1.633333E-01    5.538369E-01    1.063851E+03
    3    1.633333E-01    5.538369E-01    8.043250E+02
    4    1.633333E-01    5.538369E-01    6.116503E+02
    1    1.635000E-01    5.546807E-01    1.452138E+03
    2    1.635000E-01    5.546807E-01    1.059832E+03
    3    1.635000E-01    5.546807E-01    8.012858E+02
    4    1.635000E-01    5.546807E-01    6.093392E+02
    1    1.636667E-01    5.555250E-01    1.446637E+03
    2    1.636667E-01    5.555250E-01    1.055816E+03
    3    1.636667E-01    5.555250E-01    7.982500E+02
    4    1.636667E-01    5.555250E-01    6.070306E+02
    1    1.638333E-01    5.563700E-01    1.441141E+03
    2    1.638333E-01    5.563700E-01    1.051806E+03
    3    1.638333E-01    5.563700E-01    7.952177E+02
    4    1.638333E-01    5.563700E-01    6.047247E+02
    1    1.640000E-01    5.572157E-01    1.435652E+03
    2    1.640000E-01    5.572157E-01    1.047800E+03
    3    1.640000E-01    5.572157E-01    7.921889E+02
    4    1.640000E-01    5.572157E-01    6.024214E+02
    1    1.641667E-01    5.580620E-01    1.430170E+03
    2    1.641667E-01    5.580620E-01    1.043798E+03
    3    1.641667E-01    5.580620E-01    7.891636E+02
    4    1.641667E-01    5.580620E-01    6.001208E+02
    1    1.643333E-01    5.589089E-01    1.424693E+03
    2    1.643333E-01    5.589089E-01    1.039801E+03
    3    1.643333E-01    5.589089E-01    7.861417E+02
    4    1.643333E-01    5.589089E-01    5.978228E+02
    1    1.645000E-01    5.597565E-01    1.419223E+03
    2    1.645000E-01    5.597565E-01    1.035809E+03
    3    1.645000E-01    5.597565E-01    7.831234E+02
    4    1.645000E-01    5.597565E-01    5.955275E+02
    1    1.646667E-01    5.606047E-01    1.413760E+03
    2    1.646667E-01    5.606047E-01    1.031821E+03
    3    1.646667E-01    5.606047E-01    7.801086E+02
    4    1.646667E-01    5.606047E-01    5.932349E+02
    1    1.648333E-01    5.614536E-01    1.408303E+03
    2    1.648333E-01    5.614536E-01    1.027838E+03
    3    1.648333E-01    5.614536E-01    7.770973E+02
    4    1.648333E-01    5.614536E-01    5.909450E+02
    1    1.650000E-01    5.623031E-01    1.402852E+03
    2    1.650000E-01    5.623031E-01    1.023860E+03
    3    1.650000E-01    5.623031E-01    7.740896E+02
    4    1.650000E-01    5.623031E-01    5.886578E+02
    1    1.651667E-01    5.631533E-01    1.397408E+03
    2    1.651667E-01    5.631533E-01    1.019887E+03
    3    1.651667E-01    5.631533E-01    7.710855E+02
    4    1.651667E-01    5.631533E-01    5.863733E+02
    1    1.653333E-01    5.640040E-01    1.391970E+03
    2    1.653333E-01    5.640040E-01    1.015918E+03
    3    1.653333E-01    5.640040E-01    7.680849E+02
    4    1.653333E-01    5.640040E-01    5.840915E+02
    1    1.655000E-01    5.648555E-01    1.386538E+03
    2    1.655000E-01    5.648555E-01    1.011954E+03
    3    1.655000E-01    5.648555E-01    7.650879E+02
    4    1.655000E-01    5.648555E-01    5.818124E+02
    1    1.656667E-01    5.657076E-01    1.381114E+03
    2    1.656667E-01    5.657076E-01    1.007995E+03
    3    1.656667E-01    5.657076E-01    7.620946E+02
    4    1.656667E-01    5.657076E-01    5.795361E+02
    1    1.658333E-01    5.665603E-01    1.375695E+03
    2    1.658333E-01    5.665603E-01    1.004040E+03
    3    1.658333E-01    5.665603E-01    7.591048E+02
    4    1.658333E-01    5.665603E-01    5.772626E+02
    1    1.660000E-01    5.674136E-01    1.370284E+03
    2    1.660000E-01    5.674136E-01    1.000091E+03
    3    1.660000E-01    5.674136E-01    7.561187E+02
    4    1.660000E-01    5.674136E-01    5.749918E+02
    1    1.661667E-01    5.682676E-01    1.364879E+03
    2    1.661667E-01    5.682676E-01    9.961460E+02
    3    1.661667E-01    5.682676E-01    7.531362E+02
    4    1.661667E-01    5.682676E-01    5.727237E+02
    1    1.663333E-01    5.691223E-01    1.359480E+03
    2    1.663333E-01    5.691223E-01    9.922060E+02
    3    1.663333E-01    5.691223E-01    7.501574E+02
    4    1.663333E-01    5.691223E-01    5.704585E+02
    1    1.665000E-01    5.699776E-01    1.354089E+03
    2    1.665000E-01    5.699776E-01    9.882709E+02
    3    1.665000E-01    5.699776E-01    7.471822E+02
    4    1.665000E-01    5.699776E-01    5.681960E+02
    1    1.666667E-01    5.708335E-01    1.348704E+03
    2    1.666667E-01    5.708335E-01    9.843406E+02
    3    1.666667E-01    5.708335E-01    7.442108E+02
    4    1.666667E-01    5.708335E-01    5.659364E+02
    1    1.668333E-01    5.716901E-01    1.343325E+03
    2    1.668333E-01    5.716901E-01    9.804153E+02
    3    1.668333E-01    5.716901E-01    7.412430E+02
    4    1.668333E-01    5.716901E-01    5.636795E+02
    1    1.670000E-01    5.725473E-01    1.337954E+03
    2    1.670000E-01    5.725473E-01    9.764948E+02
    3    1.670000E-01    5.725473E-01    7.382789E+02
    4    1.670000E-01    5.725473E-01    5.614255E+02
    1    1.671667E-01    5.734051E-01    1.332589E+03
    2    1.671667E-01    5.734051E-01    9.725793E+02
    3    1.671667E-01    5.734051E-01    7.353186E+02
    4    1.671667E-01    5.734051E-01    5.591743E+02
    1    1.673333E-01    5.742636E-01    1.327231E+03
    2    1.673333E-01    5.742636E-01    9.686687E+02
    3    1.673333E-01    5.742636E-01    7.323620E+02
    4    1.673333E-01    5.742636E-01    5.569260E+02
    1    1.675000E-01    5.751228E-01    1.321879E+03
    2    1.675000E-01    5.751228E-01    9.647631E+02
    3    1.675000E-01    5.751228E-01    7.294092E+02
    4    1.675000E-01    5.751228E-01    5.546805E+02
    1    1.676667E-01    5.759826E-01    1.316535E+03
    2    1.676667E-01    5.759826E-01    9.608624E+02
    3    1.676667E-01    5.759826E-01    7.264601E+02
    4    1.676667E-01    5.759826E-01    5.524378E+02
    1    1.678333E-01    5.768430E-01    1.311197E+03
    2    1.678333E-01    5.768430E-01    9.569668E+02
    3    1.678333E-01    5.768430E-01    7.235148E+02
    4    1.678333E-01    5.768430E-01    5.501981E+02
    1    1.680000E-01    5.777041E-01    1.305866E+03
    2    1.680000E-01    5.777041E-01    9.530762E+02
    3    1.680000E-01    5.777041E-01    7.205733E+02
    4    1.680000E-01    5.777041E-01    5.479612E+02
    1    1.681667E-01    5.785658E-01    1.300542E+03
    2    1.681667E-01    5.785658E-01    9.491906E+02
    3    1.681667E-01    5.785658E-01    7.176356E+02
    4    1.681667E-01    5.785658E-01    5.457272E+02
    1    1.683333E-01    5.794281E-01    1.295225E+03
    2    1.683333E-01    5.794281E-01    9.453100E+02
    3    1.683333E-01    5.794281E-01    7.147017E+02
    4    1.683333E-01    5.794281E-01    5.434961E+02
    1    1.685000E-01    5.802911E-01    1.289915E+03
    2    1.685000E-01    5.802911E-01    9.414345E+02
    3    1.685000E-01    5.802911E-01    7.117716E+02
    4    1.685000E-01    5.802911E-01    5.412680E+02
    1    1.686667E-01    5.811547E-01    1.284612E+03
    2    1.686667E-01    5.811547E-01    9.375641E+02
    3    1.686667E-01    5.811547E-01    7.088454E+02
    4    1.686667E-01    5.811547E-01    5.390427E+02
    1    1.688333E-01    5.820190E-01    1.279316E+03
    2    1.688333E-01    5.820190E-01    9.336988E+02
    3    1.688333E-01    5.820190E-01    7.059231E+02
    4    1.688333E-01    5.820190E-01    5.368204E+02
    1    1.690000E-01    5.828839E-01    1.274027E+03
    2    1.690000E-01    5.828839E-01    9.298387E+02
    3    1.690000E-01    5.828839E-01    7.030046E+02
    4    1.690000E-01    5.828839E-01    5.346010E+02
    1    1.691667E-01    5.837495E-01    1.268745E+03
    2    1.691667E-01    5.837495E-01    9.259836E+02
    3    1.691667E-01    5.837495E-01    7.000900E+02
    4    1.691667E-01    5.837495E-01    5.323846E+02
    1    1.693333E-01    5.846157E-01    1.263470E+03
    2    1.693333E-01    5.846157E-01    9.221338E+02
    3    1.693333E-01    5.846157E-01    6.971793E+02
    4    1.693333E-01    5.846157E-01    5.301712E+02
    1    1.695000E-01    5.854825E-01    1.258202E+03
    2    1.695000E-01    5.854825E-01    9.182891E+02
    3    1.695000E-01    5.854825E-01    6.942725E+02
    4    1.695000E-01    5.854825E-01    5.279607E+02
    1    1.696667E-01    5.863500E-01    1.252942E+03
    2    1.696667E-01    5.863500E-01    9.144495E+02
    3    1.696667E-01    5.863500E-01    6.913696E+02
    4    1.696667E-01    5.863500E-01    5.257532E+02
    1    1.698333E-01    5.872182E-01    1.247688E+03
    2    1.698333E-01    5.872182E-01    9.106153E+02
    3    1.698333E-01    5.872182E-01    6.884707E+02
    4    1.698333E-01    5.872182E-01    5.235487E+02
    1    1.700000E-01    5.880869E-01    1.242442E+03
    2    1.700000E-01    5.880869E-01    9.067862E+02
    3    1.700000E-01    5.880869E-01    6.855757E+02
    4    1.700000E-01    5.880869E-01    5.213473E+02
    1    1.701667E-01    5.889564E-01    1.237202E+03
    2    1.701667E-01    5.889564E-01    9.029624E+02
    3    1.701667E-01    5.889564E-01    6.826847E+02
    4    1.701667E-01    5.889564E-01    5.191488E+02
    1    1.703333E-01    5.898264E-01    1.231970E+03
    2    1.703333E-01    5.898264E-01    8.991438E+02
    3    1.703333E-01    5.898264E-01    6.797977E+02
    4    1.703333E-01    5.898264E-01    5.169533E+02
    1    1.705000E-01    5.906971E-01    1.226746E+03
    2    1.705000E-01    5.906971E-01    8.953305E+02
    3    1.705000E-01    5.906971E-01    6.769147E+02
    4    1.705000E-01    5.906971E-01    5.147609E+02
    1    1.706667E-01    5.915685E-01    1.221528E+03
    2    1.706667E-01    5.915685E-01    8.915225E+02
    3    1.706667E-01    5.915685E-01    6.740357E+02
    4    1.706667E-01    5.915685E-01    5.125716E+02
    1    1.708333E-01    5.924404E-01    1.216318E+03
    2    1.708333E-01    5.924404E-01    8.877199E+02
    3    1.708333E-01    5.924404E-01    6.711607E+02
    4    1.708333E-01    5.924404E-01    5.103853E+02
    1    1.710000E-01    5.933131E-01    1.211115E+03
    2    1.710000E-01    5.933131E-01    8.839226E+02
    3    1.710000E-01    5.933131E-01    6.682897E+02
    4    1.710000E-01    5.933131E-01    5.082020E+02
    1    1.711667E-01    5.941863E-01    1.205919E+03
    2    1.711667E-01    5.941863E-01    8.801306E+02
    3    1.711667E-01    5.941863E-01    6.654228E+02
    4    1.711667E-01    5.941863E-01    5.060219E+02
    1    1.713333E-01    5.950602E-01    1.200731E+03
    2    1.713333E-01    5.950602E-01    8.763440E+02
    3    1.713333E-01    5.950602E-01    6.625599E+02
    4    1.713333E-01    5.950602E-01    5.038448E+02
    1    1.715000E-01    5.959348E-01    1.195550E+03
    2    1.715000E-01    5.959348E-01    8.725628E+02
    3    1.715000E-01    5.959348E-01    6.597011E+02
    4    1.715000E-01    5.959348E-01    5.016709E+02
    1    1.716667E-01    5.968100E-01    1.190377E+03
    2    1.716667E-01    5.968100E-01    8.687870E+02
    3    1.716667E-01    5.968100E-01    6.568464E+02
    4    1.716667E-01    5.968100E-01    4.995000E+02
    1    1.718333E-01    5.976858E-01    1.185211E+03
    2    1.718333E-01    5.976858E-01    8.650166E+02
    3    1.718333E-01    5.976858E-01    6.539958E+02
    4    1.718333E-01    5.976858E-01    4.973323E+02
    1    1.720000E-01    5.985623E-01    1.180052E+03
    2    1.720000E-01    5.985623E-01    8.612517E+02
    3    1.720000E-01    5.985623E-01    6.511494E+02
    4    1.720000E-01    5.985623E-01    4.951677E+02
    1    1.721667E-01    5.994394E-01    1.174901E+03
    2    1.721667E-01    5.994394E-01    8.574922E+02
    3    1.721667E-01    5.994394E-01    6.483070E+02
    4    1.721667E-01    5.994394E-01    4.930062E+02
    1    1.723333E-01    6.003172E-01    1.169757E+03
    2    1.723333E-01    6.003172E-01    8.537382E+02
    3    1.723333E-01    6.003172E-01    6.454688E+02
    4    1.723333E-01    6.003172E-01    4.908479E+02
    1    1.725000E-01    6.011956E-01    1.164621E+03
    2    1.725000E-01    6.011956E-01    8.499897E+02
    3    1.725000E-01    6.011956E-01    6.426348E+02
    4    1.725000E-01    6.011956E-01    4.886927E+02
    1    1.726667E-01    6.020746E-01    1.159493E+03
    2    1.726667E-01    6.020746E-01    8.462467E+02
    3    1.726667E-01    6.020746E-01    6.398049E+02
    4    1.726667E-01    6.020746E-01    4.865407E+02
    1    1.728333E-01    6.029543E-01    1.154372E+03
    2    1.728333E-01    6.029543E-01    8.425093E+02
    3    1.728333E-01    6.029543E-01    6.369792E+02
    4    1.728333E-01    6.029543E-01    4.843919E+02
    1    1.730000E-01    6.038347E-01    1.149259E+03
    2    1.730000E-01    6.038347E-01    8.387774E+02
    3    1.730000E-01    6.038347E-01    6.341577E+02
    4    1.730000E-01    6.038347E-01    4.822463E+02
    1    1.731667E-01    6.047156E-01    1.144153E+03
    2    1.731667E-01    6.047156E-01    8.350511E+02
    3    1.731667E-01    6.047156E-01    6.313404E+02
    4    1.731667E-01    6.047156E-01    4.801039E+02
    1    1.733333E-01    6.055973E-01    1.139055E+03
    2    1.733333E-01    6.055973E-01    8.313303E+02
    3    1.733333E-01    6.055973E-01    6.285273E+02
    4    1.733333E-01    6.055973E-01    4.779647E+02
    1    1.735000E-01    6.064795E-01    1.133965E+03
    2    1.735000E-01    6.064795E-01    8.276152E+02
    3    1.735000E-01    6.064795E-01    6.257185E+02
    4    1.735000E-01    6.064795E-01    4.758287E+02
    1    1.736667E-01    6.073624E-01    1.128882E+03
    2    1.736667E-01    6.073624E-01    8.239057E+02
    3    1.736667E-01    6.073624E-01    6.229139E+02
    4    1.736667E-01    6.073624E-01    4.736960E+02
    1    1.738333E-01    6.082460E-01    1.123807E+03
    2    1.738333E-01    6.082460E-01    8.202018E+02
    3    1.738333E-01    6.082460E-01    6.201136E+02
    4    1.738333E-01    6.082460E-01    4.715665E+02
    1    1.740000E-01    6.091301E-01    1.118740E+03
    2    1.740000E-01    6.091301E-01    8.165036E+02
    3    1.740000E-01    6.091301E-01    6.173176E+02
    4    1.740000E-01    6.091301E-01    4.694402E+02
    1    1.741667E-01    6.100150E-01    1.113681E+03
    2    1.741667E-01    6.100150E-01    8.128111E+02
    3    1.741667E-01    6.100150E-01    6.145259E+02
    4    1.741667E-01    6.100150E-01    4.673173E+02
    1    1.743333E-01    6.109004E-01    1.108629E+03
    2    1.743333E-01    6.109004E-01    8.091243E+02
    3    1.743333E-01    6.109004E-01    6.117385E+02
    4    1.743333E-01    6.109004E-01    4.651976E+02
    1    1.745000E-01    6.117866E-01    1.103586E+03
    2    1.745000E-01    6.117866E-01    8.054432E+02
    3    1.745000E-01    6.117866E-01    6.089554E+02
    4    1.745000E-01    6.117866E-01    4.630812E+02
    1    1.746667E-01    6.126733E-01    1.098550E+03
    2    1.746667E-01    6.126733E-01    8.017678E+02
    3    1.746667E-01    6.126733E-01    6.061766E+02
    4    1.746667E-01    6.126733E-01    4.609680E+02
    1    1.748333E-01    6.135607E-01    1.093522E+03
    2    1.748333E-01    6.135607E-01    7.980982E+02
    3    1.748333E-01    6.135607E-01    6.034022E+02
    4    1.748333E-01    6.135607E-01    4.588582E+02
    1    1.750000E-01    6.144487E-01    1.088502E+03
    2    1.750000E-01    6.144487E-01    7.944343E+02
    3    1.750000E-01    6.144487E-01    6.006321E+02
    4    1.750000E-01    6.144487E-01    4.567517E+02
    1    1.751667E-01    6.153374E-01    1.083490E+03
    2    1.751667E-01    6.153374E-01    7.907763E+02
    3    1.751667E-01    6.153374E-01    5.978665E+02
    4    1.751667E-01    6.153374E-01    4.546486E+02
    1    1.753333E-01    6.162267E-01    1.078485E+03
    2    1.753333E-01    6.162267E-01    7.871240E+02
    3    1.753333E-01    6.162267E-01    5.951052E+02
    4    1.753333E-01    6.162267E-01    4.525487E+02
    1    1.755000E-01    6.171167E-01    1.073489E+03
    2    1.755000E-01    6.171167E-01    7.834776E+02
    3    1.755000E-01    6.171167E-01    5.923483E+02
    4    1.755000E-01    6.171167E-01    4.504523E+02
    1    1.756667E-01    6.180073E-01    1.068501E+03
    2    1.756667E-01    6.180073E-01    7.798370E+02
    3    1.756667E-01    6.180073E-01    5.895958E+02
    4    1.756667E-01    6.180073E-01    4.483592E+02
    1    1.758333E-01    6.188986E-01    1.063521E+03
    2    1.758333E-01    6.188986E-01    7.762023E+02
    3    1.758333E-01    6.188986E-01    5.868478E+02
    4    1.758333E-01    6.188986E-01    4.462694E+02
    1    1.760000E-01    6.197905E-01    1.058549E+03
    2    1.760000E-01    6.197905E-01    7.725735E+02
    3    1.760000E-01    6.197905E-01    5.841042E+02
    4    1.760000E-01    6.197905E-01    4.441830E+02
    1    1.761667E-01    6.206830E-01    1.053585E+03
    2    1.761667E-01    6.206830E-01    7.689505E+02
    3    1.761667E-01    6.206830E-01    5.813651E+02
    4    1.761667E-01    6.206830E-01    4.421001E+02
    1    1.763333E-01    6.215762E-01    1.048629E+03
    2    1.763333E-01    6.215762E-01    7.653335E+02
    3    1.763333E-01    6.215762E-01    5.786304E+02
    4    1.763333E-01    6.215762E-01    4.400205E+02
    1    1.765000E-01    6.224700E-01    1.043681E+03
    2    1.765000E-01    6.224700E-01    7.617224E+02
    3    1.765000E-01    6.224700E-01    5.759003E+02
    4    1.765000E-01    6.224700E-01    4.379443E+02
    1    1.766667E-01    6.233645E-01    1.038742E+03
    2    1.766667E-01    6.233645E-01    7.581173E+02
    3    1.766667E-01    6.233645E-01    5.731746E+02
    4    1.766667E-01    6.233645E-01    4.358716E+02
    1    1.768333E-01    6.242596E-01    1.033810E+03
    2    1.768333E-01    6.242596E-01    7.545181E+02
    3    1.768333E-01    6.242596E-01    5.704535E+02
    4    1.768333E-01    6.242596E-01    4.338023E+02
    1    1.770000E-01    6.251553E-01    1.028887E+03
    2    1.770000E-01    6.251553E-01    7.509249E+02
    3    1.770000E-01    6.251553E-01    5.677368E+02
    4    1.770000E-01    6.251553E-01    4.317365E+02
    1    1.771667E-01    6.260517E-01    1.023972E+03
    2    1.771667E-01    6.260517E-01    7.473378E+02
    3    1.771667E-01    6.260517E-01    5.650248E+02
    4    1.771667E-01    6.260517E-01    4.296741E+02
    1    1.773333E-01    6.269487E-01    1.019065E+03
    2    1.773333E-01    6.269487E-01    7.437566E+02
    3    1.773333E-01    6.269487E-01    5.623172E+02
    4    1.773333E-01    6.269487E-01    4.276151E+02
    1    1.775000E-01    6.278464E-01    1.014167E+03
    2    1.775000E-01    6.278464E-01    7.401815E+02
    3    1.775000E-01    6.278464E-01    5.596143E+02
    4    1.775000E-01    6.278464E-01    4.255597E+02
    1    1.776667E-01    6.287447E-01    1.009277E+03
    2    1.776667E-01    6.287447E-01    7.366125E+02
    3    1.776667E-01    6.287447E-01    5.569159E+02
    4    1.776667E-01    6.287447E-01    4.235077E+02
    1    1.778333E-01    6.296437E-01    1.004395E+03
    2    1.778333E-01    6.296437E-01    7.330496E+02
    3    1.778333E-01    6.296437E-01    5.542222E+02
    4    1.778333E-01    6.296437E-01    4.214592E+02
    1    1.780000E-01    6.305433E-01    9.995214E+02
    2    1.780000E-01    6.305433E-01    7.294927E+02
    3    1.780000E-01    6.305433E-01    5.515330E+02
    4    1.780000E-01    6.305433E-01    4.194142E+02
    1    1.781667E-01    6.314435E-01    9.946563E+02
    2    1.781667E-01    6.314435E-01    7.259420E+02
    3    1.781667E-01    6.314435E-01    5.488485E+02
    4    1.781667E-01    6.314435E-01    4.173728E+02
    1    1.783333E-01    6.323444E-01    9.897997E+02
    2    1.783333E-01    6.323444E-01    7.223974E+02
    3    1.783333E-01    6.323444E-01    5.461686E+02
    4    1.783333E-01    6.323444E-01    4.153349E+02
    1    1.785000E-01    6.332459E-01    9.849515E+02
    2    1.785000E-01    6.332459E-01    7.188590E+02
    3    1.785000E-01    6.332459E-01    5.434934E+02
    4    1.785000E-01    6.332459E-01    4.133005E+02
    1    1.786667E-01    6.341481E-01    9.801118E+02
    2    1.786667E-01    6.341481E-01    7.153268E+02
    3    1.786667E-01    6.341481E-01    5.408228E+02
    4    1.786667E-01    6.341481E-01    4.112697E+02
    1    1.788333E-01    6.350509E-01    9.752805E+02
    2    1.788333E-01    6.350509E-01    7.118007E+02
    3    1.788333E-01    6.350509E-01    5.381570E+02
    4    1.788333E-01    6.350509E-01    4.092424E+02
    1    1.790000E-01    6.359543E-01    9.704578E+02
    2    1.790000E-01    6.359543E-01    7.082809E+02
    3    1.790000E-01    6.359543E-01    5.354958E+02
    4    1.790000E-01    6.359543E-01    4.072187E+02
    1    1.791667E-01    6.368584E-01    9.656436E+02
    2    1.791667E-01    6.368584E-01    7.047673E+02
    3    1.791667E-01    6.368584E-01    5.328393E+02
    4    1.791667E-01    6.368584E-01    4.051986E+02
    1    1.793333E-01    6.377632E-01    9.608379E+02
    2    1.793333E-01    6.377632E-01    7.012599E+02
    3    1.793333E-01    6.377632E-01    5.301876E+02
    4    1.793333E-01    6.377632E-01    4.031821E+02
    1    1.795000E-01    6.386685E-01    9.560409E+02
    2    1.795000E-01    6.386685E-01    6.977588E+02
    3    1.795000E-01    6.386685E-01    5.275406E+02
    4    1.795000E-01    6.386685E-01    4.011692E+02
    1    1.796667E-01    6.395746E-01    9.512524E+02
    2    1.796667E-01    6.395746E-01    6.942640E+02
    3    1.796667E-01    6.395746E-01    5.248984E+02
    4    1.796667E-01    6.395746E-01    3.991599E+02
    1    1.798333E-01    6.404812E-01    9.464726E+02
    2    1.798333E-01    6.404812E-01    6.907755E+02
    3    1.798333E-01    6.404812E-01    5.222609E+02
    4    1.798333E-01    6.404812E-01    3.971542E+02
    1    1.800000E-01    6.413885E-01    9.417015E+02
    2    1.800000E-01    6.413885E-01    6.872934E+02
    3    1.800000E-01    6.413885E-01    5.196282E+02
    4    1.800000E-01    6.413885E-01    3.951521E+02
    1    1.801667E-01    6.422965E-01    9.369391E+02
    2    1.801667E-01    6.422965E-01    6.838175E+02
    3    1.801667E-01    6.422965E-01    5.170003E+02
    4    1.801667E-01    6.422965E-01    3.931538E+02
    1    1.803333E-01    6.432051E-01    9.321854E+02
    2    1.803333E-01    6.432051E-01    6.803481E+02
    3    1.803333E-01    6.432051E-01    5.143772E+02
    4    1.803333E-01    6.432051E-01    3.911590E+02
    1    1.805000E-01    6.441143E-01    9.274404E+02
    2    1.805000E-01    6.441143E-01    6.768850E+02
    3    1.805000E-01    6.441143E-01    5.117589E+02
    4    1.805000E-01    6.441143E-01    3.891680E+02
    1    1.806667E-01    6.450242E-01    9.227042E+02
    2    1.806667E-01    6.450242E-01    6.734283E+02
    3    1.806667E-01    6.450242E-01    5.091455E+02
    4    1.806667E-01    6.450242E-01    3.871806E+02
    1    1.808333E-01    6.459347E-01    9.179768E+02
    2    1.808333E-01    6.459347E-01    6.699780E+02
    3    1.808333E-01    6.459347E-01    5.065369E+02
    4    1.808333E-01    6.459347E-01    3.851969E+02
    1    1.810000E-01    6.468458E-01    9.132582E+02
    2    1.810000E-01    6.468458E-01    6.665342E+02
    3    1.810000E-01    6.468458E-01    5.039332E+02
    4    1.810000E-01    6.468458E-01    3.832169E+02
    1    1.811667E-01    6.477576E-01    9.085484E+02
    2    1.811667E-01    6.477576E-01    6.630968E+02
    3    1.811667E-01    6.477576E-01    5.013344E+02
    4    1.811667E-01    6.477576E-01    3.812406E+02
    1    1.813333E-01    6.486701E-01    9.038475E+02
    2    1.813333E-01    6.486701E-01    6.596659E+02
    3    1.813333E-01    6.486701E-01    4.987405E+02
    4    1.813333E-01    6.486701E-01    3.792681E+02
    1    1.815000E-01    6.495832E-01    8.991556E+02
    2    1.815000E-01    6.495832E-01    6.562415E+02
    3    1.815000E-01    6.495832E-01    4.961515E+02
    4    1.815000E-01    6.495832E-01    3.772992E+02
    1    1.816667E-01    6.504969E-01    8.944725E+02
    2    1.816667E-01    6.504969E-01    6.528237E+02
    3    1.816667E-01    6.504969E-01    4.935674E+02
    4    1.816667E-01    6.504969E-01    3.753341E+02
    1    1.818333E-01    6.514112E-01    8.897984E+02
    2    1.818333E-01    6.514112E-01    6.494123E+02
    3    1.818333E-01    6.514112E-01    4.909882E+02
    4    1.818333E-01    6.514112E-01    3.733728E+02
    1    1.820000E-01    6.523263E-01    8.851333E+02
    2    1.820000E-01    6.523263E-01    6.460075E+02
    3    1.820000E-01    6.523263E-01    4.884140E+02
    4    1.820000E-01    6.523263E-01    3.714153E+02
    1    1.821667E-01    6.532419E-01    8.804771E+02
    2    1.821667E-01    6.532419E-01    6.426092E+02
    3    1.821667E-01    6.532419E-01    4.858448E+02
    4    1.821667E-01    6.532419E-01    3.694615E+02
    1    1.823333E-01    6.541582E-01    8.758300E+02
    2    1.823333E-01    6.541582E-01    6.392176E+02
    3    1.823333E-01    6.541582E-01    4.832805E+02
    4    1.823333E-01    6.541582E-01    3.675115E+02
    1    1.825000E-01    6.550751E-01    8.711920E+02
    2    1.825000E-01    6.550751E-01    6.358325E+02
    3    1.825000E-01    6.550751E-01    4.807212E+02
    4    1.825000E-01    6.550751E-01    3.655653E+02
    1    1.826667E-01    6.559927E-01    8.665630E+02
    2    1.826667E-01    6.559927E-01    6.324541E+02
    3    1.826667E-01    6.559927E-01    4.781670E+02
    4    1.826667E-01    6.559927E-01    3.636229E+02
    1    1.828333E-01    6.569109E-01    8.619431E+02
    2    1.828333E-01    6.569109E-01    6.290823E+02
    3    1.828333E-01    6.569109E-01    4.756177E+02
    4    1.828333E-01    6.569109E-01    3.616843E+02
    1    1.830000E-01    6.578298E-01    8.573324E+02
    2    1.830000E-01    6.578298E-01    6.257172E+02
    3    1.830000E-01    6.578298E-01    4.730735E+02
    4    1.830000E-01    6.578298E-01    3.597496E+02
    1    1.831667E-01    6.587493E-01    8.527308E+02
    2    1.831667E-01    6.587493E-01    6.223588E+02
    3    1.831667E-01    6.587493E-01    4.705344E+02
    4    1.831667E-01    6.587493E-01    3.578187E+02
    1    1.833333E-01    6.596695E-01    8.481384E+02
    2    1.833333E-01    6.596695E-01    6.190071E+02
    3    1.833333E-01    6.596695E-01    4.680003E+02
    4    1.833333E-01    6.596695E-01    3.558917E+02
    1    1.835000E-01    6.605903E-01    8.435552E+02
    2    1.835000E-01    6.605903E-01    6.156621E+02
    3    1.835000E-01    6.605903E-01    4.654713E+02
    4    1.835000E-01    6.605903E-01    3.539685E+02
    1    1.836667E-01    6.615117E-01    8.389812E+02
    2    1.836667E-01    6.615117E-01    6.123238E+02
    3    1.836667E-01    6.615117E-01    4.629474E+02
    4    1.836667E-01    6.615117E-01    3.520492E+02
    1    1.838333E-01    6.624338E-01    8.344165E+02
    2    1.838333E-01    6.624338E-01    6.089923E+02
    3    1.838333E-01    6.624338E-01    4.604286E+02
    4    1.838333E-01    6.624338E-01    3.501338E+02
    1    1.840000E-01    6.633565E-01    8.298611E+02
    2    1.840000E-01    6.633565E-01    6.056675E+02
    3    1.840000E-01    6.633565E-01    4.579150E+02
    4    1.840000E-01    6.633565E-01    3.482222E+02
    1    1.841667E-01    6.642798E-01    8.253150E+02
    2    1.841667E-01    6.642798E-01    6.023496E+02
    3    1.841667E-01    6.642798E-01    4.554065E+02
    4    1.841667E-01    6.642798E-01    3.463146E+02
    1    1.843333E-01    6.652038E-01    8.207782E+02
    2    1.843333E-01    6.652038E-01    5.990385E+02
    3    1.843333E-01    6.652038E-01    4.529031E+02
    4    1.843333E-01    6.652038E-01    3.444109E+02
    1    1.845000E-01    6.661285E-01    8.162508E+02
    2    1.845000E-01    6.661285E-01    5.957342E+02
    3    1.845000E-01    6.661285E-01    4.504049E+02
    4    1.845000E-01    6.661285E-01    3.425112E+02
    1    1.846667E-01    6.670538E-01    8.117328E+02
    2    1.846667E-01    6.670538E-01    5.924367E+02
    3    1.846667E-01    6.670538E-01    4.479118E+02
    4    1.846667E-01    6.670538E-01    3.406153E+02
    1    1.848333E-01    6.679797E-01    8.072242E+02
    2    1.848333E-01    6.679797E-01    5.891462E+02
    3    1.848333E-01    6.679797E-01    4.454240E+02
    4    1.848333E-01    6.679797E-01    3.387234E+02
    1    1.850000E-01    6.689063E-01    8.027251E+02
    2    1.850000E-01    6.689063E-01    5.858625E+02
    3    1.850000E-01    6.689063E-01    4.429414E+02
    4    1.850000E-01    6.689063E-01    3.368355E+02
    1    1.851667E-01    6.698335E-01    7.982354E+02
    2    1.851667E-01    6.698335E-01    5.825857E+02
    3    1.851667E-01    6.698335E-01    4.404640E+02
    4    1.851667E-01    6.698335E-01    3.349516E+02
    1    1.853333E-01    6.707613E-01    7.937552E+02
    2    1.853333E-01    6.707613E-01    5.793159E+02
    3    1.853333E-01    6.707613E-01    4.379918E+02
    4    1.853333E-01    6.707613E-01    3.330716E+02
    1    1.855000E-01    6.716898E-01    7.892845E+02
    2    1.855000E-01    6.716898E-01    5.760530E+02
    3    1.855000E-01    6.716898E-01    4.355249E+02
    4    1.855000E-01    6.716898E-01    3.311957E+02
    1    1.856667E-01    6.726190E-01    7.848234E+02
    2    1.856667E-01    6.726190E-01    5.727971E+02
    3    1.856667E-01    6.726190E-01    4.330633E+02
    4    1.856667E-01    6.726190E-01    3.293237E+02
    1    1.858333E-01    6.735487E-01    7.803718E+02
    2    1.858333E-01    6.735487E-01    5.695482E+02
    3    1.858333E-01    6.735487E-01    4.306069E+02
    4    1.858333E-01    6.735487E-01    3.274558E+02
    1    1.860000E-01    6.744792E-01    7.759299E+02
    2    1.860000E-01    6.744792E-01    5.663062E+02
    3    1.860000E-01    6.744792E-01    4.281559E+02
    4    1.860000E-01    6.744792E-01    3.255919E+02
    1    1.861667E-01    6.754102E-01    7.714975E+02
    2    1.861667E-01    6.754102E-01    5.630713E+02
    3    1.861667E-01    6.754102E-01    4.257101E+02
    4    1.861667E-01    6.754102E-01    3.237320E+02
    1    1.863333E-01    6.763419E-01    7.670749E+02
    2    1.863333E-01    6.763419E-01    5.598435E+02
    3    1.863333E-01    6.763419E-01    4.232697E+02
    4    1.863333E-01    6.763419E-01    3.218762E+02
    1    1.865000E-01    6.772743E-01    7.626619E+02
    2    1.865000E-01    6.772743E-01    5.566227E+02
    3    1.865000E-01    6.772743E-01    4.208346E+02
    4    1.865000E-01    6.772743E-01    3.200244E+02
    1    1.866667E-01    6.782073E-01    7.582586E+02
    2    1.866667E-01    6.782073E-01    5.534090E+02
    3    1.866667E-01    6.782073E-01    4.184049E+02
    4    1.866667E-01    6.782073E-01    3.181767E+02
    1    1.868333E-01    6.791409E-01    7.538650E+02
    2    1.868333E-01    6.791409E-01    5.502024E+02
    3    1.868333E-01    6.791409E-01    4.159805E+02
    4    1.868333E-01    6.791409E-01    3.163331E+02
    1    1.870000E-01    6.800752E-01    7.494812E+02
    2    1.870000E-01    6.800752E-01    5.470029E+02
    3    1.870000E-01    6.800752E-01    4.135616E+02
    4    1.870000E-01    6.800752E-01    3.144936E+02
    1    1.871667E-01    6.810101E-01    7.451072E+02
    2    1.871667E-01    6.810101E-01    5.438105E+02
    3    1.871667E-01    6.810101E-01    4.111480E+02
    4    1.871667E-01    6.810101E-01    3.126582E+02
    1    1.873333E-01    6.819457E-01    7.407429E+02
    2    1.873333E-01    6.819457E-01    5.406253E+02
    3    1.873333E-01    6.819457E-01    4.087398E+02
    4    1.873333E-01    6.819457E-01    3.108269E+02
    1    1.875000E-01    6.828819E-01    7.363886E+02
    2    1.875000E-01    6.828819E-01    5.374473E+02
    3    1.875000E-01    6.828819E-01    4.063371E+02
    4    1.875000E-01    6.828819E-01    3.089997E+02
    1    1.876667E-01    6.838187E-01    7.320440E+02
    2    1.876667E-01    6.838187E-01    5.342765E+02
    3    1.876667E-01    6.838187E-01    4.039398E+02
    4    1.876667E-01    6.838187E-01    3.071767E+02
    1    1.878333E-01    6.847562E-01    7.277094E+02
    2    1.878333E-01    6.847562E-01    5.311129E+02
    3    1.878333E-01    6.847562E-01    4.015480E+02
    4    1.878333E-01    6.847562E-01    3.053578E+02
    1    1.880000E-01    6.856943E-01    7.233847E+02
    2    1.880000E-01    6.856943E-01    5.279566E+02
    3    1.880000E-01    6.856943E-01    3.991616E+02
    4    1.880000E-01    6.856943E-01    3.035431E+02
    1    1.881667E-01    6.866331E-01    7.190699E+02
    2    1.881667E-01    6.866331E-01    5.248075E+02
    3    1.881667E-01    6.866331E-01    3.967807E+02
    4    1.881667E-01    6.866331E-01    3.017326E+02
    1    1.883333E-01    6.875725E-01    7.147651E+02
    2    1.883333E-01    6.875725E-01    5.216656E+02
    3    1.883333E-01    6.875725E-01    3.944053E+02
    4    1.883333E-01    6.875725E-01    2.999262E+02
    1    1.885000E-01    6.885126E-01    7.104703E+02
    2    1.885000E-01    6.885126E-01    5.185311E+02
    3    1.885000E-01    6.885126E-01    3.920355E+02
    4    1.885000E-01    6.885126E-01    2.981240E+02
    1    1.886667E-01    6.894533E-01    7.061855E+02
    2    1.886667E-01    6.894533E-01    5.154039E+02
    3    1.886667E-01    6.894533E-01    3.896711E+02
    4    1.886667E-01    6.894533E-01    2.963261E+02
    1    1.888333E-01    6.903946E-01    7.019108E+02
    2    1.888333E-01    6.903946E-01    5.122840E+02
    3    1.888333E-01    6.903946E-01    3.873123E+02
    4    1.888333E-01    6.903946E-01    2.945323E+02
    1    1.890000E-01    6.913366E-01    6.976461E+02
    2    1.890000E-01    6.913366E-01    5.091715E+02
    3    1.890000E-01    6.913366E-01    3.849591E+02
    4    1.890000E-01    6.913366E-01    2.927428E+02
    1    1.891667E-01    6.922792E-01    6.933916E+02
    2    1.891667E-01    6.922792E-01    5.060663E+02
    3    1.891667E-01    6.922792E-01    3.826115E+02
    4    1.891667E-01    6.922792E-01    2.909575E+02
    1    1.893333E-01    6.932225E-01    6.891471E+02
    2    1.893333E-01    6.932225E-01    5.029685E+02
    3    1.893333E-01    6.932225E-01    3.802694E+02
    4    1.893333E-01    6.932225E-01    2.891765E+02
    1    1.895000E-01    6.941664E-01    6.849128E+02
    2    1.895000E-01    6.941664E-01    4.998782E+02
    3    1.895000E-01    6.941664E-01    3.779329E+02
    4    1.895000E-01    6.941664E-01    2.873997E+02
    1    1.896667E-01    6.951109E-01    6.806887E+02
    2    1.896667E-01    6.951109E-01    4.967953E+02
    3    1.896667E-01    6.951109E-01    3.756021E+02
    4    1.896667E-01    6.951109E-01    2.856272E+02
    1    1.898333E-01    6.960561E-01    6.764748E+02
    2    1.898333E-01    6.960561E-01    4.937198E+02
    3    1.898333E-01    6.960561E-01    3.732769E+02
    4    1.898333E-01    6.960561E-01    2.838590E+02
    1    1.900000E-01    6.970020E-01    6.722712E+02
    2    1.900000E-01    6.970020E-01    4.906518E+02
    3    1.900000E-01    6.970020E-01    3.709573E+02
    4    1.900000E-01    6.970020E-01    2.820951E+02
    1    1.901667E-01    6.979485E-01    6.680778E+02
    2    1.901667E-01    6.979485E-01    4.875913E+02
    3    1.901667E-01    6.979485E-01    3.686434E+02
    4    1.901667E-01    6.979485E-01    2.803355E+02
    1    1.903333E-01    6.988956E-01    6.638947E+02
    2    1.903333E-01    6.988956E-01    4.845382E+02
    3    1.903333E-01    6.988956E-01    3.663352E+02
    4    1.903333E-01    6.988956E-01    2.785802E+02
    1    1.905000E-01    6.998433E-01    6.597219E+02
    2    1.905000E-01    6.998433E-01    4.814928E+02
    3    1.905000E-01    6.998433E-01    3.640326E+02
    4    1.905000E-01    6.998433E-01    2.768292E+02
    1    1.906667E-01    7.007917E-01    6.555594E+02
    2    1.906667E-01    7.007917E-01    4.784548E+02
    3    1.906667E-01    7.007917E-01    3.617358E+02
    4    1.906667E-01    7.007917E-01    2.750826E+02
    1    1.908333E-01    7.017408E-01    6.514073E+02
    2    1.908333E-01    7.017408E-01    4.754245E+02
    3    1.908333E-01    7.017408E-01    3.594447E+02
    4    1.908333E-01    7.017408E-01    2.733403E+02
    1    1.910000E-01    7.026905E-01    6.472656E+02
    2    1.910000E-01    7.026905E-01    4.724017E+02
    3    1.910000E-01    7.026905E-01    3.571593E+02
    4    1.910000E-01    7.026905E-01    2.716024E+02
    1    1.911667E-01    7.036408E-01    6.431344E+02
    2    1.911667E-01    7.036408E-01    4.693865E+02
    3    1.911667E-01    7.036408E-01    3.548797E+02
    4    1.911667E-01    7.036408E-01    2.698689E+02
    1    1.913333E-01    7.045918E-01    6.390135E+02
    2    1.913333E-01    7.045918E-01    4.663789E+02
    3    1.913333E-01    7.045918E-01    3.526058E+02
    4    1.913333E-01    7.045918E-01    2.681397E+02
    1    1.915000E-01    7.055434E-01    6.349032E+02
    2    1.915000E-01    7.055434E-01    4.633790E+02
    3    1.915000E-01    7.055434E-01    3.503377E+02
    4    1.915000E-01    7.055434E-01    2.664149E+02
    1    1.916667E-01    7.064956E-01    6.308033E+02
    2    1.916667E-01    7.064956E-01    4.603868E+02
    3    1.916667E-01    7.064956E-01    3.480755E+02
    4    1.916667E-01    7.064956E-01    2.646946E+02
    1    1.918333E-01    7.074485E-01    6.267140E+02
    2    1.918333E-01    7.074485E-01    4.574022E+02
    3    1.918333E-01    7.074485E-01    3.458190E+02
    4    1.918333E-01    7.074485E-01    2.629786E+02
    1    1.920000E-01    7.084021E-01    6.226353E+02
    2    1.920000E-01    7.084021E-01    4.544254E+02
    3    1.920000E-01    7.084021E-01    3.435683E+02
    4    1.920000E-01    7.084021E-01    2.612671E+02
    1    1.921667E-01    7.093563E-01    6.185671E+02
    2    1.921667E-01    7.093563E-01    4.514563E+02
    3    1.921667E-01    7.093563E-01    3.413235E+02
    4    1.921667E-01    7.093563E-01    2.595601E+02
    1    1.923333E-01    7.103111E-01    6.145095E+02
    2    1.923333E-01    7.103111E-01    4.484949E+02
    3    1.923333E-01    7.103111E-01    3.390846E+02
    4    1.923333E-01    7.103111E-01    2.578574E+02
    1    1.925000E-01    7.112666E-01    6.104626E+02
    2    1.925000E-01    7.112666E-01    4.455413E+02
    3    1.925000E-01    7.112666E-01    3.368515E+02
    4    1.925000E-01    7.112666E-01    2.561593E+02
    1    1.926667E-01    7.122227E-01    6.064263E+02
    2    1.926667E-01    7.122227E-01    4.425954E+02
    3    1.926667E-01    7.122227E-01    3.346243E+02
    4    1.926667E-01    7.122227E-01    2.544656E+02
    1    1.928333E-01    7.131794E-01    6.024007E+02
    2    1.928333E-01    7.131794E-01    4.396574E+02
    3    1.928333E-01    7.131794E-01    3.324030E+02
    4    1.928333E-01    7.131794E-01    2.527764E+02
    1    1.930000E-01    7.141368E-01    5.983859E+02
    2    1.930000E-01    7.141368E-01    4.367272E+02
    3    1.930000E-01    7.141368E-01    3.301876E+02
    4    1.930000E-01    7.141368E-01    2.510917E+02
    1    1.931667E-01    7.150949E-01    5.943817E+02
    2    1.931667E-01    7.150949E-01    4.338048E+02
    3    1.931667E-01    7.150949E-01    3.279781E+02
    4    1.931667E-01    7.150949E-01    2.494115E+02
    1    1.933333E-01    7.160535E-01    5.903884E+02
    2    1.933333E-01    7.160535E-01    4.308903E+02
    3    1.933333E-01    7.160535E-01    3.257746E+02
    4    1.933333E-01    7.160535E-01    2.477359E+02
    1    1.935000E-01    7.170129E-01    5.864058E+02
    2    1.935000E-01    7.170129E-01    4.279836E+02
    3    1.935000E-01    7.170129E-01    3.235771E+02
    4    1.935000E-01    7.170129E-01    2.460647E+02
    1    1.936667E-01    7.179728E-01    5.824341E+02
    2    1.936667E-01    7.179728E-01    4.250849E+02
    3    1.936667E-01    7.179728E-01    3.213855E+02
    4    1.936667E-01    7.179728E-01    2.443981E+02
    1    1.938333E-01    7.189334E-01    5.784732E+02
    2    1.938333E-01    7.189334E-01    4.221941E+02
    3    1.938333E-01    7.189334E-01    3.191999E+02
    4    1.938333E-01    7.189334E-01    2.427361E+02
    1    1.940000E-01    7.198947E-01    5.745232E+02
    2    1.940000E-01    7.198947E-01    4.193112E+02
    3    1.940000E-01    7.198947E-01    3.170203E+02
    4    1.940000E-01    7.198947E-01    2.410786E+02
    1    1.941667E-01    7.208566E-01    5.705842E+02
    2    1.941667E-01    7.208566E-01    4.164363E+02
    3    1.941667E-01    7.208566E-01    3.148467E+02
    4    1.941667E-01    7.208566E-01    2.394257E+02
    1    1.943333E-01    7.218191E-01    5.666560E+02
    2    1.943333E-01    7.218191E-01    4.135694E+02
    3    1.943333E-01    7.218191E-01    3.126792E+02
    4    1.943333E-01    7.218191E-01    2.377774E+02
    1    1.945000E-01    7.227823E-01    5.627388E+02
    2    1.945000E-01    7.227823E-01    4.107105E+02
    3    1.945000E-01    7.227823E-01    3.105177E+02
    4    1.945000E-01    7.227823E-01    2.361337E+02
    1    1.946667E-01    7.237461E-01    5.588326E+02
    2    1.946667E-01    7.237461E-01    4.078595E+02
    3    1.946667E-01    7.237461E-01    3.083622E+02
    4    1.946667E-01    7.237461E-01    2.344946E+02
    1    1.948333E-01    7.247106E-01    5.549374E+02
    2    1.948333E-01    7.247106E-01    4.050167E+02
    3    1.948333E-01    7.247106E-01    3.062129E+02
    4    1.948333E-01    7.247106E-01    2.328601E+02
    1    1.950000E-01    7.256757E-01    5.510533E+02
    2    1.950000E-01    7.256757E-01    4.021819E+02
    3    1.950000E-01    7.256757E-01    3.040696E+02
    4    1.950000E-01    7.256757E-01    2.312303E+02
    1    1.951667E-01    7.266414E-01    5.471802E+02
    2    1.951667E-01    7.266414E-01    3.993551E+02
    3    1.951667E-01    7.266414E-01    3.019325E+02
    4    1.951667E-01    7.266414E-01    2.296051E+02
    1    1.953333E-01    7.276078E-01    5.433182E+02
    2    1.953333E-01    7.276078E-01    3.965365E+02
    3    1.953333E-01    7.276078E-01    2.998014E+02
    4    1.953333E-01    7.276078E-01    2.279845E+02
    1    1.955000E-01    7.285748E-01    5.394674E+02
    2    1.955000E-01    7.285748E-01    3.937260E+02
    3    1.955000E-01    7.285748E-01    2.976765E+02
    4    1.955000E-01    7.285748E-01    2.263686E+02
    1    1.956667E-01    7.295425E-01    5.356277E+02
    2    1.956667E-01    7.295425E-01    3.909236E+02
    3    1.956667E-01    7.295425E-01    2.955578E+02
    4    1.956667E-01    7.295425E-01    2.247574E+02
    1    1.958333E-01    7.305108E-01    5.317992E+02
    2    1.958333E-01    7.305108E-01    3.881294E+02
    3    1.958333E-01    7.305108E-01    2.934452E+02
    4    1.958333E-01    7.305108E-01    2.231509E+02
    1    1.960000E-01    7.314797E-01    5.279818E+02
    2    1.960000E-01    7.314797E-01    3.853434E+02
    3    1.960000E-01    7.314797E-01    2.913389E+02
    4    1.960000E-01    7.314797E-01    2.215491E+02
    1    1.961667E-01    7.324493E-01    5.241758E+02
    2    1.961667E-01    7.324493E-01    3.825655E+02
    3    1.961667E-01    7.324493E-01    2.892387E+02
    4    1.961667E-01    7.324493E-01    2.199521E+02
    1    1.963333E-01    7.334196E-01    5.203809E+02
    2    1.963333E-01    7.334196E-01    3.797959E+02
    3    1.963333E-01    7.334196E-01    2.871447E+02
    4    1.963333E-01    7.334196E-01    2.183597E+02
    1    1.965000E-01    7.343905E-01    5.165974E+02
    2    1.965000E-01    7.343905E-01    3.770345E+02
    3    1.965000E-01    7.343905E-01    2.850570E+02
    4    1.965000E-01    7.343905E-01    2.167721E+02
    1    1.966667E-01    7.353620E-01    5.128252E+02
    2    1.966667E-01    7.353620E-01    3.742814E+02
    3    1.966667E-01    7.353620E-01    2.829755E+02
    4    1.966667E-01    7.353620E-01    2.151892E+02
    1    1.968333E-01    7.363341E-01    5.090643E+02
    2    1.968333E-01    7.363341E-01    3.715365E+02
    3    1.968333E-01    7.363341E-01    2.809002E+02
    4    1.968333E-01    7.363341E-01    2.136111E+02
    1    1.970000E-01    7.373070E-01    5.053148E+02
    2    1.970000E-01    7.373070E-01    3.688000E+02
    3    1.970000E-01    7.373070E-01    2.788313E+02
    4    1.970000E-01    7.373070E-01    2.120377E+02
    1    1.971667E-01    7.382804E-01    5.015767E+02
    2    1.971667E-01    7.382804E-01    3.660718E+02
    3    1.971667E-01    7.382804E-01    2.767686E+02
    4    1.971667E-01    7.382804E-01    2.104691E+02
    1    1.973333E-01    7.392545E-01    4.978500E+02
    2    1.973333E-01    7.392545E-01    3.633519E+02
    3    1.973333E-01    7.392545E-01    2.747122E+02
    4    1.973333E-01    7.392545E-01    2.089054E+02
    1    1.975000E-01    7.402292E-01    4.941348E+02
    2    1.975000E-01    7.402292E-01    3.606404E+02
    3    1.975000E-01    7.402292E-01    2.726622E+02
    4    1.975000E-01    7.402292E-01    2.073464E+02
    1    1.976667E-01    7.412046E-01    4.904311E+02
    2    1.976667E-01    7.412046E-01    3.579372E+02
    3    1.976667E-01    7.412046E-01    2.706184E+02
    4    1.976667E-01    7.412046E-01    2.057923E+02
    1    1.978333E-01    7.421806E-01    4.867388E+02
    2    1.978333E-01    7.421806E-01    3.552425E+02
    3    1.978333E-01    7.421806E-01    2.685811E+02
    4    1.978333E-01    7.421806E-01    2.042429E+02
    1    1.980000E-01    7.431573E-01    4.830581E+02
    2    1.980000E-01    7.431573E-01    3.525561E+02
    3    1.980000E-01    7.431573E-01    2.665501E+02
    4    1.980000E-01    7.431573E-01    2.026985E+02
    1    1.981667E-01    7.441346E-01    4.793890E+02
    2    1.981667E-01    7.441346E-01    3.498782E+02
    3    1.981667E-01    7.441346E-01    2.645255E+02
    4    1.981667E-01    7.441346E-01    2.011588E+02
    1    1.983333E-01    7.451125E-01    4.757314E+02
    2    1.983333E-01    7.451125E-01    3.472088E+02
    3    1.983333E-01    7.451125E-01    2.625072E+02
    4    1.983333E-01    7.451125E-01    1.996241E+02
    1    1.985000E-01    7.460911E-01    4.720855E+02
    2    1.985000E-01    7.460911E-01    3.445479E+02
    3    1.985000E-01    7.460911E-01    2.604954E+02
    4    1.985000E-01    7.460911E-01    1.980942E+02
    1    1.986667E-01    7.470704E-01    4.684512E+02
    2    1.986667E-01    7.470704E-01    3.418954E+02
    3    1.986667E-01    7.470704E-01    2.584900E+02
    4    1.986667E-01    7.470704E-01    1.965692E+02
    1    1.988333E-01    7.480502E-01    4.648286E+02
    2    1.988333E-01    7.480502E-01    3.392515E+02
    3    1.988333E-01    7.480502E-01    2.564911E+02
    4    1.988333E-01    7.480502E-01    1.950491E+02
    1    1.990000E-01    7.490307E-01    4.612177E+02
    2    1.990000E-01    7.490307E-01    3.366161E+02
    3    1.990000E-01    7.490307E-01    2.544986E+02
    4    1.990000E-01    7.490307E-01    1.935339E+02
    1    1.991667E-01    7.500119E-01    4.576185E+02
    2    1.991667E-01    7.500119E-01    3.339892E+02
    3    1.991667E-01    7.500119E-01    2.525126E+02
    4    1.991667E-01    7.500119E-01    1.920236E+02
    1    1.993333E-01    7.509937E-01    4.540311E+02
    2    1.993333E-01    7.509937E-01    3.313710E+02
    3    1.993333E-01    7.509937E-01    2.505331E+02
    4    1.993333E-01    7.509937E-01    1.905183E+02
    1    1.995000E-01    7.519761E-01    4.504555E+02
    2    1.995000E-01    7.519761E-01    3.287613E+02
    3    1.995000E-01    7.519761E-01    2.485600E+02
    4    1.995000E-01    7.519761E-01    1.890179E+02
    1    1.996667E-01    7.529592E-01    4.468916E+02
    2    1.996667E-01    7.529592E-01    3.261603E+02
    3    1.996667E-01    7.529592E-01    2.465935E+02
    4    1.996667E-01    7.529592E-01    1.875225E+02
    1    1.998333E-01    7.539429E-01    4.433396E+02
    2    1.998333E-01    7.539429E-01    3.235679E+02
    3    1.998333E-01    7.539429E-01    2.446335E+02
    4    1.998333E-01    7.539429E-01    1.860320E+02
    1    2.000000E-01    7.549273E-01    4.397995E+02
    2    2.000000E-01    7.549273E-01    3.209842E+02
    3    2.000000E-01    7.549273E-01    2.426801E+02
    4    2.000000E-01    7.549273E-01    1.845465E+02
    1    2.001667E-01    7.559123E-01    4.362713E+02
    2    2.001667E-01    7.559123E-01    3.184091E+02
    3    2.001667E-01    7.559123E-01    2.407332E+02
    4    2.001667E-01    7.559123E-01    1.830660E+02
    1    2.003333E-01    7.568980E-01    4.327550E+02
    2    2.003333E-01    7.568980E-01    3.158428E+02
    3    2.003333E-01    7.568980E-01    2.387930E+02
    4    2.003333E-01    7.568980E-01    1.815905E+02
    1    2.005000E-01    7.578843E-01    4.292506E+02
    2    2.005000E-01    7.578843E-01    3.132852E+02
    3    2.005000E-01    7.578843E-01    2.368593E+02
    4    2.005000E-01    7.578843E-01    1.801200E+02
    1    2.006667E-01    7.588712E-01    4.257583E+02
    2    2.006667E-01    7.588712E-01    3.107363E+02
    3    2.006667E-01    7.588712E-01    2.349322E+02
    4    2.006667E-01    7.588712E-01    1.786546E+02
    1    2.008333E-01    7.598588E-01    4.222779E+02
    2    2.008333E-01    7.598588E-01    3.081962E+02
    3    2.008333E-01    7.598588E-01    2.330117E+02
    4    2.008333E-01    7.598588E-01    1.771942E+02
    1    2.010000E-01    7.608470E-01    4.188096E+02
    2    2.010000E-01    7.608470E-01    3.056648E+02
    3    2.010000E-01    7.608470E-01    2.310979E+02
    4    2.010000E-01    7.608470E-01    1.757388E+02
    1    2.011667E-01    7.618359E-01    4.153533E+02
    2    2.011667E-01    7.618359E-01    3.031423E+02
    3    2.011667E-01    7.618359E-01    2.291908E+02
    4    2.011667E-01    7.618359E-01    1.742885E+02
    1    2.013333E-01    7.628254E-01    4.119091E+02
    2    2.013333E-01    7.628254E-01    3.006286E+02
    3    2.013333E-01    7.628254E-01    2.272903E+02
    4    2.013333E-01    7.628254E-01    1.728433E+02
    1    2.015000E-01    7.638155E-01    4.084771E+02
    2    2.015000E-01    7.638155E-01    2.981237E+02
    3    2.015000E-01    7.638155E-01    2.253965E+02
    4    2.015000E-01    7.638155E-01    1.714031E+02
    1    2.016667E-01    7.648063E-01    4.050571E+02
    2    2.016667E-01    7.648063E-01    2.956277E+02
    3    2.016667E-01    7.648063E-01    2.235094E+02
    4    2.016667E-01    7.648063E-01    1.699681E+02
    1    2.018333E-01    7.657977E-01    4.016494E+02
    2    2.018333E-01    7.657977E-01    2.931406E+02
    3    2.018333E-01    7.657977E-01    2.216290E+02
    4    2.018333E-01    7.657977E-01    1.685381E+02
    1    2.020000E-01    7.667898E-01    3.982539E+02
    2    2.020000E-01    7.667898E-01    2.906624E+02
    3    2.020000E-01    7.667898E-01    2.197553E+02
    4    2.020000E-01    7.667898E-01    1.671133E+02
    1    2.021667E-01    7.677825E-01    3.948706E+02
    2    2.021667E-01    7.677825E-01    2.881931E+02
    3    2.021667E-01    7.677825E-01    2.178884E+02
    4    2.021667E-01    7.677825E-01    1.656936E+02
    1    2.023333E-01    7.687759E-01    3.914995E+02
    2    2.023333E-01    7.687759E-01    2.857328E+02
    3    2.023333E-01    7.687759E-01    2.160283E+02
    4    2.023333E-01    7.687759E-01    1.642791E+02
    1    2.025000E-01    7.697699E-01    3.881407E+02
    2    2.025000E-01    7.697699E-01    2.832814E+02
    3    2.025000E-01    7.697699E-01    2.141749E+02
    4    2.025000E-01    7.697699E-01    1.628697E+02
    1    2.026667E-01    7.707645E-01    3.847943E+02
    2    2.026667E-01    7.707645E-01    2.808390E+02
    3    2.026667E-01    7.707645E-01    2.123284E+02
    4    2.026667E-01    7.707645E-01    1.614655E+02
    1    2.028333E-01    7.717598E-01    3.814602E+02
    2    2.028333E-01    7.717598E-01    2.784057E+02
    3    2.028333E-01    7.717598E-01    2.104886E+02
    4    2.028333E-01    7.717598E-01    1.600664E+02
    1    2.030000E-01    7.727557E-01    3.781384E+02
    2    2.030000E-01    7.727557E-01    2.759813E+02
    3    2.030000E-01    7.727557E-01    2.086557E+02
    4    2.030000E-01    7.727557E-01    1.586726E+02
    1    2.031667E-01    7.737523E-01    3.748291E+02
    2    2.031667E-01    7.737523E-01    2.735660E+02
    3    2.031667E-01    7.737523E-01    2.068296E+02
    4    2.031667E-01    7.737523E-01    1.572839E+02
    1    2.033333E-01    7.747495E-01    3.715322E+02
    2    2.033333E-01    7.747495E-01    2.711598E+02
    3    2.033333E-01    7.747495E-01    2.050104E+02
    4    2.033333E-01    7.747495E-01    1.559005E+02
    1    2.035000E-01    7.757473E-01    3.682477E+02
    2    2.035000E-01    7.757473E-01    2.687627E+02
    3    2.035000E-01    7.757473E-01    2.031980E+02
    4    2.035000E-01    7.757473E-01    1.545223E+02
    1    2.036667E-01    7.767458E-01    3.649757E+02
    2    2.036667E-01    7.767458E-01    2.663746E+02
    3    2.036667E-01    7.767458E-01    2.013926E+02
    4    2.036667E-01    7.767458E-01    1.531493E+02
    1    2.038333E-01    7.777450E-01    3.617163E+02
    2    2.038333E-01    7.777450E-01    2.639957E+02
    3    2.038333E-01    7.777450E-01    1.995940E+02
    4    2.038333E-01    7.777450E-01    1.517816E+02
    1    2.040000E-01    7.787448E-01    3.584693E+02
    2    2.040000E-01    7.787448E-01    2.616260E+02
    3    2.040000E-01    7.787448E-01    1.978024E+02
    4    2.040000E-01    7.787448E-01    1.504191E+02
    1    2.041667E-01    7.797452E-01    3.552350E+02
    2    2.041667E-01    7.797452E-01    2.592654E+02
    3    2.041667E-01    7.797452E-01    1.960176E+02
    4    2.041667E-01    7.797452E-01    1.490620E+02
    1    2.043333E-01    7.807462E-01    3.520132E+02
    2    2.043333E-01    7.807462E-01    2.569141E+02
    3    2.043333E-01    7.807462E-01    1.942399E+02
    4    2.043333E-01    7.807462E-01    1.477101E+02
    1    2.045000E-01    7.817480E-01    3.488041E+02
    2    2.045000E-01    7.817480E-01    2.545719E+02
    3    2.045000E-01    7.817480E-01    1.924691E+02
    4    2.045000E-01    7.817480E-01    1.463634E+02
    1    2.046667E-01    7.827503E-01    3.456076E+02
    2    2.046667E-01    7.827503E-01    2.522390E+02
    3    2.046667E-01    7.827503E-01    1.907053E+02
    4    2.046667E-01    7.827503E-01    1.450222E+02
    1    2.048333E-01    7.837533E-01    3.424238E+02
    2    2.048333E-01    7.837533E-01    2.499153E+02
    3    2.048333E-01    7.837533E-01    1.889485E+02
    4    2.048333E-01    7.837533E-01    1.436862E+02
    1    2.050000E-01    7.847569E-01    3.392527E+02
    2    2.050000E-01    7.847569E-01    2.476009E+02
    3    2.050000E-01    7.847569E-01    1.871987E+02
    4    2.050000E-01    7.847569E-01    1.423555E+02
    1    2.051667E-01    7.857612E-01    3.360943E+02
    2    2.051667E-01    7.857612E-01    2.452958E+02
    3    2.051667E-01    7.857612E-01    1.854559E+02
    4    2.051667E-01    7.857612E-01    1.410302E+02
    1    2.053333E-01    7.867661E-01    3.329487E+02
    2    2.053333E-01    7.867661E-01    2.430000E+02
    3    2.053333E-01    7.867661E-01    1.837201E+02
    4    2.053333E-01    7.867661E-01    1.397103E+02
    1    2.055000E-01    7.877717E-01    3.298159E+02
    2    2.055000E-01    7.877717E-01    2.407135E+02
    3    2.055000E-01    7.877717E-01    1.819915E+02
    4    2.055000E-01    7.877717E-01    1.383957E+02
    1    2.056667E-01    7.887779E-01    3.266959E+02
    2    2.056667E-01    7.887779E-01    2.384364E+02
    3    2.056667E-01    7.887779E-01    1.802699E+02
    4    2.056667E-01    7.887779E-01    1.370865E+02
    1    2.058333E-01    7.897847E-01    3.235888E+02
    2    2.058333E-01    7.897847E-01    2.361687E+02
    3    2.058333E-01    7.897847E-01    1.785554E+02
    4    2.058333E-01    7.897847E-01    1.357827E+02
    1    2.060000E-01    7.907922E-01    3.204945E+02
    2    2.060000E-01    7.907922E-01    2.339104E+02
    3    2.060000E-01    7.907922E-01    1.768480E+02
    4    2.060000E-01    7.907922E-01    1.344843E+02
    1    2.061667E-01    7.918003E-01    3.174132E+02
    2    2.061667E-01    7.918003E-01    2.316615E+02
    3    2.061667E-01    7.918003E-01    1.751477E+02
    4    2.061667E-01    7.918003E-01    1.331914E+02
    1    2.063333E-01    7.928091E-01    3.143448E+02
    2    2.063333E-01    7.928091E-01    2.294220E+02
    3    2.063333E-01    7.928091E-01    1.734545E+02
    4    2.063333E-01    7.928091E-01    1.319038E+02
    1    2.065000E-01    7.938185E-01    3.112893E+02
    2    2.065000E-01    7.938185E-01    2.271920E+02
    3    2.065000E-01    7.938185E-01    1.717686E+02
    4    2.065000E-01    7.938185E-01    1.306217E+02
    1    2.066667E-01    7.948286E-01    3.082469E+02
    2    2.066667E-01    7.948286E-01    2.249715E+02
    3    2.066667E-01    7.948286E-01    1.700897E+02
    4    2.066667E-01    7.948286E-01    1.293450E+02
    1    2.068333E-01    7.958393E-01    3.052174E+02
    2    2.068333E-01    7.958393E-01    2.227605E+02
    3    2.068333E-01    7.958393E-01    1.684181E+02
    4    2.068333E-01    7.958393E-01    1.280738E+02
    1    2.070000E-01    7.968506E-01    3.022011E+02
    2    2.070000E-01    7.968506E-01    2.205590E+02
    3    2.070000E-01    7.968506E-01    1.667537E+02
    4    2.070000E-01    7.968506E-01    1.268081E+02
    1    2.071667E-01    7.978626E-01    2.991978E+02
    2    2.071667E-01    7.978626E-01    2.183671E+02
    3    2.071667E-01    7.978626E-01    1.650965E+02
    4    2.071667E-01    7.978626E-01    1.255479E+02
    1    2.073333E-01    7.988752E-01    2.962076E+02
    2    2.073333E-01    7.988752E-01    2.161847E+02
    3    2.073333E-01    7.988752E-01    1.634465E+02
    4    2.073333E-01    7.988752E-01    1.242932E+02
    1    2.075000E-01    7.998885E-01    2.932305E+02
    2    2.075000E-01    7.998885E-01    2.140119E+02
    3    2.075000E-01    7.998885E-01    1.618037E+02
    4    2.075000E-01    7.998885E-01    1.230439E+02
    1    2.076667E-01    8.009024E-01    2.902666E+02
    2    2.076667E-01    8.009024E-01    2.118488E+02
    3    2.076667E-01    8.009024E-01    1.601683E+02
    4    2.076667E-01    8.009024E-01    1.218002E+02
    1    2.078333E-01    8.019169E-01    2.873159E+02
    2    2.078333E-01    8.019169E-01    2.096952E+02
    3    2.078333E-01    8.019169E-01    1.585401E+02
    4    2.078333E-01    8.019169E-01    1.205621E+02
    1    2.080000E-01    8.029321E-01    2.843784E+02
    2    2.080000E-01    8.029321E-01    2.075513E+02
    3    2.080000E-01    8.029321E-01    1.569192E+02
    4    2.080000E-01    8.029321E-01    1.193295E+02
    1    2.081667E-01    8.039480E-01    2.814542E+02
    2    2.081667E-01    8.039480E-01    2.054171E+02
    3    2.081667E-01    8.039480E-01    1.553056E+02
    4    2.081667E-01    8.039480E-01    1.181024E+02
    1    2.083333E-01    8.049644E-01    2.785432E+02
    2    2.083333E-01    8.049644E-01    2.032925E+02
    3    2.083333E-01    8.049644E-01    1.536993E+02
    4    2.083333E-01    8.049644E-01    1.168809E+02
    1    2.085000E-01    8.059815E-01    2.756455E+02
    2    2.085000E-01    8.059815E-01    2.011777E+02
    3    2.085000E-01    8.059815E-01    1.521004E+02
    4    2.085000E-01    8.059815E-01    1.156650E+02
    1    2.086667E-01    8.069993E-01    2.727612E+02
    2    2.086667E-01    8.069993E-01    1.990726E+02
    3    2.086667E-01    8.069993E-01    1.505089E+02
    4    2.086667E-01    8.069993E-01    1.144547E+02
    1    2.088333E-01    8.080177E-01    2.698903E+02
    2    2.088333E-01    8.080177E-01    1.969773E+02
    3    2.088333E-01    8.080177E-01    1.489247E+02
    4    2.088333E-01    8.080177E-01    1.132500E+02
    1    2.090000E-01    8.090368E-01    2.670327E+02
    2    2.090000E-01    8.090368E-01    1.948917E+02
    3    2.090000E-01    8.090368E-01    1.473479E+02
    4    2.090000E-01    8.090368E-01    1.120510E+02
    1    2.091667E-01    8.100564E-01    2.641886E+02
    2    2.091667E-01    8.100564E-01    1.928159E+02
    3    2.091667E-01    8.100564E-01    1.457785E+02
    4    2.091667E-01    8.100564E-01    1.108575E+02
    1    2.093333E-01    8.110768E-01    2.613579E+02
    2    2.093333E-01    8.110768E-01    1.907500E+02
    3    2.093333E-01    8.110768E-01    1.442165E+02
    4    2.093333E-01    8.110768E-01    1.096697E+02
    1    2.095000E-01    8.120977E-01    2.585407E+02
    2    2.095000E-01    8.120977E-01    1.886939E+02
    3    2.095000E-01    8.120977E-01    1.426620E+02
    4    2.095000E-01    8.120977E-01    1.084876E+02
    1    2.096667E-01    8.131194E-01    2.557370E+02
    2    2.096667E-01    8.131194E-01    1.866476E+02
    3    2.096667E-01    8.131194E-01    1.411149E+02
    4    2.096667E-01    8.131194E-01    1.073111E+02
    1    2.098333E-01    8.141416E-01    2.529468E+02
    2    2.098333E-01    8.141416E-01    1.846112E+02
    3    2.098333E-01    8.141416E-01    1.395753E+02
    4    2.098333E-01    8.141416E-01    1.061403E+02
    1    2.100000E-01    8.151645E-01    2.501702E+02
    2    2.100000E-01    8.151645E-01    1.825848E+02
    3    2.100000E-01    8.151645E-01    1.380432E+02
    4    2.100000E-01    8.151645E-01    1.049752E+02
    1    2.101667E-01    8.161880E-01    2.474072E+02
    2    2.101667E-01    8.161880E-01    1.805682E+02
    3    2.101667E-01    8.161880E-01    1.365186E+02
    4    2.101667E-01    8.161880E-01    1.038158E+02
    1    2.103333E-01    8.172122E-01    2.446579E+02
    2    2.103333E-01    8.172122E-01    1.785616E+02
    3    2.103333E-01    8.172122E-01    1.350015E+02
    4    2.103333E-01    8.172122E-01    1.026621E+02
    1    2.105000E-01    8.182371E-01    2.419221E+02
    2    2.105000E-01    8.182371E-01    1.765649E+02
    3    2.105000E-01    8.182371E-01    1.334919E+02
    4    2.105000E-01    8.182371E-01    1.015142E+02
    1    2.106667E-01    8.192625E-01    2.392001E+02
    2    2.106667E-01    8.192625E-01    1.745783E+02
    3    2.106667E-01    8.192625E-01    1.319899E+02
    4    2.106667E-01    8.192625E-01    1.003720E+02
    1    2.108333E-01    8.202886E-01    2.364918E+02
    2    2.108333E-01    8.202886E-01    1.726016E+02
    3    2.108333E-01    8.202886E-01    1.304955E+02
    4    2.108333E-01    8.202886E-01    9.923550E+01
    1    2.110000E-01    8.213154E-01    2.337972E+02
    2    2.110000E-01    8.213154E-01    1.706350E+02
    3    2.110000E-01    8.213154E-01    1.290086E+02
    4    2.110000E-01    8.213154E-01    9.810481E+01
    1    2.111667E-01    8.223428E-01    2.311163E+02
    2    2.111667E-01    8.223428E-01    1.686784E+02
    3    2.111667E-01    8.223428E-01    1.275293E+02
    4    2.111667E-01    8.223428E-01    9.697990E+01
    1    2.113333E-01    8.233708E-01    2.284493E+02
    2    2.113333E-01    8.233708E-01    1.667319E+02
    3    2.113333E-01    8.233708E-01    1.260577E+02
    4    2.113333E-01    8.233708E-01    9.586077E+01
    1    2.115000E-01    8.243995E-01    2.257961E+02
    2    2.115000E-01    8.243995E-01    1.647955E+02
    3    2.115000E-01    8.243995E-01    1.245936E+02
    4    2.115000E-01    8.243995E-01    9.474745E+01
    1    2.116667E-01    8.254288E-01    2.231568E+02
    2    2.116667E-01    8.254288E-01    1.628692E+02
    3    2.116667E-01    8.254288E-01    1.231373E+02
    4    2.116667E-01    8.254288E-01    9.363994E+01
    1    2.118333E-01    8.264588E-01    2.205313E+02
    2    2.118333E-01    8.264588E-01    1.609530E+02
    3    2.118333E-01    8.264588E-01    1.216885E+02
    4    2.118333E-01    8.264588E-01    9.253826E+01
    1    2.120000E-01    8.274894E-01    2.179198E+02
    2    2.120000E-01    8.274894E-01    1.590470E+02
    3    2.120000E-01    8.274894E-01    1.202475E+02
    4    2.120000E-01    8.274894E-01    9.144241E+01
    1    2.121667E-01    8.285206E-01    2.153221E+02
    2    2.121667E-01    8.285206E-01    1.571512E+02
    3    2.121667E-01    8.285206E-01    1.188141E+02
    4    2.121667E-01    8.285206E-01    9.035242E+01
    1    2.123333E-01    8.295525E-01    2.127385E+02
    2    2.123333E-01    8.295525E-01    1.552655E+02
    3    2.123333E-01    8.295525E-01    1.173885E+02
    4    2.123333E-01    8.295525E-01    8.926829E+01
    1    2.125000E-01    8.305850E-01    2.101689E+02
    2    2.125000E-01    8.305850E-01    1.533901E+02
    3    2.125000E-01    8.305850E-01    1.159706E+02
    4    2.125000E-01    8.305850E-01    8.819003E+01
    1    2.126667E-01    8.316182E-01    2.076133E+02
    2    2.126667E-01    8.316182E-01    1.515249E+02
    3    2.126667E-01    8.316182E-01    1.145604E+02
    4    2.126667E-01    8.316182E-01    8.711766E+01
    1    2.128333E-01    8.326520E-01    2.050717E+02
    2    2.128333E-01    8.326520E-01    1.496700E+02
    3    2.128333E-01    8.326520E-01    1.131580E+02
    4    2.128333E-01    8.326520E-01    8.605119E+01
    1    2.130000E-01    8.336865E-01    2.025443E+02
    2    2.130000E-01    8.336865E-01    1.478253E+02
    3    2.130000E-01    8.336865E-01    1.117633E+02
    4    2.130000E-01    8.336865E-01    8.499063E+01
    1    2.131667E-01    8.347216E-01    2.000309E+02
    2    2.131667E-01    8.347216E-01    1.459910E+02
    3    2.131667E-01    8.347216E-01    1.103765E+02
    4    2.131667E-01    8.347216E-01    8.393600E+01
    1    2.133333E-01    8.357573E-01    1.975317E+02
    2    2.133333E-01    8.357573E-01    1.441670E+02
    3    2.133333E-01    8.357573E-01    1.089974E+02
    4    2.133333E-01    8.357573E-01    8.288730E+01
    1    2.135000E-01    8.367937E-01    1.950467E+02
    2    2.135000E-01    8.367937E-01    1.423533E+02
    3    2.135000E-01    8.367937E-01    1.076262E+02
    4    2.135000E-01    8.367937E-01    8.184455E+01
    1    2.136667E-01    8.378307E-01    1.925759E+02
    2    2.136667E-01    8.378307E-01    1.405500E+02
    3    2.136667E-01    8.378307E-01    1.062628E+02
    4    2.136667E-01    8.378307E-01    8.080776E+01
    1    2.138333E-01    8.388684E-01    1.901193E+02
    2    2.138333E-01    8.388684E-01    1.387571E+02
    3    2.138333E-01    8.388684E-01    1.049073E+02
    4    2.138333E-01    8.388684E-01    7.977694E+01
    1    2.140000E-01    8.399067E-01    1.876770E+02
    2    2.140000E-01    8.399067E-01    1.369746E+02
    3    2.140000E-01    8.399067E-01    1.035596E+02
    4    2.140000E-01    8.399067E-01    7.875211E+01
    1    2.141667E-01    8.409457E-01    1.852490E+02
    2    2.141667E-01    8.409457E-01    1.352025E+02
    3    2.141667E-01    8.409457E-01    1.022199E+02
    4    2.141667E-01    8.409457E-01    7.773328E+01
    1    2.143333E-01    8.419853E-01    1.828353E+02
    2    2.143333E-01    8.419853E-01    1.334409E+02
    3    2.143333E-01    8.419853E-01    1.008880E+02
    4    2.143333E-01    8.419853E-01    7.672045E+01
    1    2.145000E-01    8.430255E-01    1.804360E+02
    2    2.145000E-01    8.430255E-01    1.316898E+02
    3    2.145000E-01    8.430255E-01    9.956405E+01
    4    2.145000E-01    8.430255E-01    7.571365E+01
    1    2.146667E-01    8.440664E-01    1.780510E+02
    2    2.146667E-01    8.440664E-01    1.299491E+02
    3    2.146667E-01    8.440664E-01    9.824803E+01
    4    2.146667E-01    8.440664E-01    7.471288E+01
    1    2.148333E-01    8.451079E-01    1.756804E+02
    2    2.148333E-01    8.451079E-01    1.282190E+02
    3    2.148333E-01    8.451079E-01    9.693997E+01
    4    2.148333E-01    8.451079E-01    7.371816E+01
    1    2.150000E-01    8.461501E-01    1.733243E+02
    2    2.150000E-01    8.461501E-01    1.264994E+02
    3    2.150000E-01    8.461501E-01    9.563987E+01
    4    2.150000E-01    8.461501E-01    7.272950E+01
    1    2.151667E-01    8.471929E-01    1.709827E+02
    2    2.151667E-01    8.471929E-01    1.247904E+02
    3    2.151667E-01    8.471929E-01    9.434775E+01
    4    2.151667E-01    8.471929E-01    7.174691E+01
    1    2.153333E-01    8.482363E-01    1.686555E+02
    2    2.153333E-01    8.482363E-01    1.230919E+02
    3    2.153333E-01    8.482363E-01    9.306364E+01
    4    2.153333E-01    8.482363E-01    7.077041E+01
    1    2.155000E-01    8.492804E-01    1.663429E+02
    2    2.155000E-01    8.492804E-01    1.214041E+02
    3    2.155000E-01    8.492804E-01    9.178754E+01
    4    2.155000E-01    8.492804E-01    6.980000E+01
    1    2.156667E-01    8.503251E-01    1.640449E+02
    2    2.156667E-01    8.503251E-01    1.197268E+02
    3    2.156667E-01    8.503251E-01    9.051948E+01
    4    2.156667E-01    8.503251E-01    6.883569E+01
    1    2.158333E-01    8.513705E-01    1.617614E+02
    2    2.158333E-01    8.513705E-01    1.180603E+02
    3    2.158333E-01    8.513705E-01    8.925946E+01
    4    2.158333E-01    8.513705E-01    6.787751E+01
    1    2.160000E-01    8.524165E-01    1.594925E+02
    2    2.160000E-01    8.524165E-01    1.164043E+02
    3    2.160000E-01    8.524165E-01    8.800751E+01
    4    2.160000E-01    8.524165E-01    6.692547E+01
    1    2.161667E-01    8.534632E-01    1.572383E+02
    2    2.161667E-01    8.534632E-01    1.147591E+02
    3    2.161667E-01    8.534632E-01    8.676365E+01
    4    2.161667E-01    8.534632E-01    6.597956E+01
    1    2.163333E-01    8.545105E-01    1.549988E+02
    2    2.163333E-01    8.545105E-01    1.131246E+02
    3    2.163333E-01    8.545105E-01    8.552787E+01
    4    2.163333E-01    8.545105E-01    6.503982E+01
    1    2.165000E-01    8.555584E-01    1.527739E+02
    2    2.165000E-01    8.555584E-01    1.115008E+02
    3    2.165000E-01    8.555584E-01    8.430022E+01
    4    2.165000E-01    8.555584E-01    6.410625E+01
    1    2.166667E-01    8.566070E-01    1.505638E+02
    2    2.166667E-01    8.566070E-01    1.098878E+02
    3    2.166667E-01    8.566070E-01    8.308069E+01
    4    2.166667E-01    8.566070E-01    6.317886E+01
    1    2.168333E-01    8.576562E-01    1.483685E+02
    2    2.168333E-01    8.576562E-01    1.082856E+02
    3    2.168333E-01    8.576562E-01    8.186931E+01
    4    2.168333E-01    8.576562E-01    6.225766E+01
    1    2.170000E-01    8.587061E-01    1.461880E+02
    2    2.170000E-01    8.587061E-01    1.066941E+02
    3    2.170000E-01    8.587061E-01    8.066610E+01
    4    2.170000E-01    8.587061E-01    6.134267E+01
    1    2.171667E-01    8.597566E-01    1.440222E+02
    2    2.171667E-01    8.597566E-01    1.051135E+02
    3    2.171667E-01    8.597566E-01    7.947106E+01
    4    2.171667E-01    8.597566E-01    6.043390E+01
    1    2.173333E-01    8.608078E-01    1.418714E+02
    2    2.173333E-01    8.608078E-01    1.035437E+02
    3    2.173333E-01    8.608078E-01    7.828422E+01
    4    2.173333E-01    8.608078E-01    5.953137E+01
    1    2.175000E-01    8.618596E-01    1.397354E+02
    2    2.175000E-01    8.618596E-01    1.019848E+02
    3    2.175000E-01    8.618596E-01    7.710559E+01
    4    2.175000E-01    8.618596E-01    5.863508E+01
    1    2.176667E-01    8.629120E-01    1.376143E+02
    2    2.176667E-01    8.629120E-01    1.004367E+02
    3    2.176667E-01    8.629120E-01    7.593519E+01
    4    2.176667E-01    8.629120E-01    5.774505E+01
    1    2.178333E-01    8.639651E-01    1.355082E+02
    2    2.178333E-01    8.639651E-01    9.889958E+01
    3    2.178333E-01    8.639651E-01    7.477304E+01
    4    2.178333E-01    8.639651E-01    5.686128E+01
    1    2.180000E-01    8.650188E-01    1.334170E+02
    2    2.180000E-01    8.650188E-01    9.737337E+01
    3    2.180000E-01    8.650188E-01    7.361914E+01
    4    2.180000E-01    8.650188E-01    5.598380E+01
    1    2.181667E-01    8.660732E-01    1.313409E+02
    2    2.181667E-01    8.660732E-01    9.585811E+01
    3    2.181667E-01    8.660732E-01    7.247353E+01
    4    2.181667E-01    8.660732E-01    5.511262E+01
    1    2.183333E-01    8.671282E-01    1.292798E+02
    2    2.183333E-01    8.671282E-01    9.435381E+01
    3    2.183333E-01    8.671282E-01    7.133620E+01
    4    2.183333E-01    8.671282E-01    5.424774E+01
    1    2.185000E-01    8.681838E-01    1.272337E+02
    2    2.185000E-01    8.681838E-01    9.286051E+01
    3    2.185000E-01    8.681838E-01    7.020719E+01
    4    2.185000E-01    8.681838E-01    5.338918E+01
    1    2.186667E-01    8.692401E-01    1.252027E+02
    2    2.186667E-01    8.692401E-01    9.137822E+01
    3    2.186667E-01    8.692401E-01    6.908651E+01
    4    2.186667E-01    8.692401E-01    5.253695E+01
    1    2.188333E-01    8.702971E-01    1.231869E+02
    2    2.188333E-01    8.702971E-01    8.990697E+01
    3    2.188333E-01    8.702971E-01    6.797417E+01
    4    2.188333E-01    8.702971E-01    5.169107E+01
    1    2.190000E-01    8.713546E-01    1.211862E+02
    2    2.190000E-01    8.713546E-01    8.844677E+01
    3    2.190000E-01    8.713546E-01    6.687019E+01
    4    2.190000E-01    8.713546E-01    5.085155E+01
    1    2.191667E-01    8.724129E-01    1.192007E+02
    2    2.191667E-01    8.724129E-01    8.699766E+01
    3    2.191667E-01    8.724129E-01    6.577458E+01
    4    2.191667E-01    8.724129E-01    5.001839E+01
    1    2.193333E-01    8.734717E-01    1.172304E+02
    2    2.193333E-01    8.734717E-01    8.555964E+01
    3    2.193333E-01    8.734717E-01    6.468737E+01
    4    2.193333E-01    8.734717E-01    4.919162E+01
    1    2.195000E-01    8.745312E-01    1.152753E+02
    2    2.195000E-01    8.745312E-01    8.413275E+01
    3    2.195000E-01    8.745312E-01    6.360857E+01
    4    2.195000E-01    8.745312E-01    4.837125E+01
    1    2.196667E-01    8.755914E-01    1.133355E+02
    2    2.196667E-01    8.755914E-01    8.271700E+01
    3    2.196667E-01    8.755914E-01    6.253819E+01
    4    2.196667E-01    8.755914E-01    4.755728E+01
    1    2.198333E-01    8.766522E-01    1.114110E+02
    2    2.198333E-01    8.766522E-01    8.131242E+01
    3    2.198333E-01    8.766522E-01    6.147626E+01
    4    2.198333E-01    8.766522E-01    4.674973E+01
    1    2.200000E-01    8.777136E-01    1.095018E+02
    2    2.200000E-01    8.777136E-01    7.991903E+01
    3    2.200000E-01    8.777136E-01    6.042278E+01
    4    2.200000E-01    8.777136E-01    4.594861E+01
    1    2.201667E-01    8.787757E-01    1.076080E+02
    2    2.201667E-01    8.787757E-01    7.853684E+01
    3    2.201667E-01    8.787757E-01    5.937778E+01
    4    2.201667E-01    8.787757E-01    4.515394E+01
    1    2.203333E-01    8.798384E-01    1.057296E+02
    2    2.203333E-01    8.798384E-01    7.716589E+01
    3    2.203333E-01    8.798384E-01    5.834128E+01
    4    2.203333E-01    8.798384E-01    4.436572E+01
    1    2.205000E-01    8.809017E-01    1.038666E+02
    2    2.205000E-01    8.809017E-01    7.580619E+01
    3    2.205000E-01    8.809017E-01    5.731328E+01
    4    2.205000E-01    8.809017E-01    4.358398E+01
    1    2.206667E-01    8.819657E-01    1.020190E+02
    2    2.206667E-01    8.819657E-01    7.445777E+01
    3    2.206667E-01    8.819657E-01    5.629380E+01
    4    2.206667E-01    8.819657E-01    4.280872E+01
    1    2.208333E-01    8.830304E-01    1.001869E+02
    2    2.208333E-01    8.830304E-01    7.312065E+01
    3    2.208333E-01    8.830304E-01    5.528287E+01
    4    2.208333E-01    8.830304E-01    4.203995E+01
    1    2.210000E-01    8.840956E-01    9.837038E+01
    2    2.210000E-01    8.840956E-01    7.179484E+01
    3    2.210000E-01    8.840956E-01    5.428049E+01
    4    2.210000E-01    8.840956E-01    4.127770E+01
    1    2.211667E-01    8.851616E-01    9.656936E+01
    2    2.211667E-01    8.851616E-01    7.048038E+01
    3    2.211667E-01    8.851616E-01    5.328670E+01
    4    2.211667E-01    8.851616E-01    4.052196E+01
    1    2.213333E-01    8.862281E-01    9.478391E+01
    2    2.213333E-01    8.862281E-01    6.917728E+01
    3    2.213333E-01    8.862281E-01    5.230149E+01
    4    2.213333E-01    8.862281E-01    3.977276E+01
    1    2.215000E-01    8.872953E-01    9.301405E+01
    2    2.215000E-01    8.872953E-01    6.788557E+01
    3    2.215000E-01    8.872953E-01    5.132489E+01
    4    2.215000E-01    8.872953E-01    3.903010E+01
    1    2.216667E-01    8.883632E-01    9.125983E+01
    2    2.216667E-01    8.883632E-01    6.660526E+01
    3    2.216667E-01    8.883632E-01    5.035691E+01
    4    2.216667E-01    8.883632E-01    3.829400E+01
    1    2.218333E-01    8.894317E-01    8.952126E+01
    2    2.218333E-01    8.894317E-01    6.533638E+01
    3    2.218333E-01    8.894317E-01    4.939758E+01
    4    2.218333E-01    8.894317E-01    3.756447E+01
    1    2.220000E-01    8.905008E-01    8.779839E+01
    2    2.220000E-01    8.905008E-01    6.407896E+01
    3    2.220000E-01    8.905008E-01    4.844690E+01
    4    2.220000E-01    8.905008E-01    3.684153E+01
    1    2.221667E-01    8.915706E-01    8.609124E+01
    2    2.221667E-01    8.915706E-01    6.283300E+01
    3    2.221667E-01    8.915706E-01    4.750490E+01
    4    2.221667E-01    8.915706E-01    3.612518E+01
    1    2.223333E-01    8.926410E-01    8.439983E+01
    2    2.223333E-01    8.926410E-01    6.159855E+01
    3    2.223333E-01    8.926410E-01    4.657159E+01
    4    2.223333E-01    8.926410E-01    3.541544E+01
    1    2.225000E-01    8.937121E-01    8.272421E+01
    2    2.225000E-01    8.937121E-01    6.037561E+01
    3    2.225000E-01    8.937121E-01    4.564698E+01
    4    2.225000E-01    8.937121E-01    3.471233E+01
    1    2.226667E-01    8.947838E-01    8.106440E+01
    2    2.226667E-01    8.947838E-01    5.916421E+01
    3    2.226667E-01    8.947838E-01    4.473110E+01
    4    2.226667E-01    8.947838E-01    3.401584E+01
    1    2.228333E-01    8.958561E-01    7.942043E+01
    2    2.228333E-01    8.958561E-01    5.796437E+01
    3    2.228333E-01    8.958561E-01    4.382396E+01
    4    2.228333E-01    8.958561E-01    3.332601E+01
    1    2.230000E-01    8.969291E-01    7.779233E+01
    2    2.230000E-01    8.969291E-01    5.677612E+01
    3    2.230000E-01    8.969291E-01    4.292558E+01
    4    2.230000E-01    8.969291E-01    3.264283E+01
    1    2.231667E-01    8.980028E-01    7.618014E+01
    2    2.231667E-01    8.980028E-01    5.559947E+01
    3    2.231667E-01    8.980028E-01    4.203598E+01
    4    2.231667E-01    8.980028E-01    3.196633E+01
    1    2.233333E-01    8.990770E-01    7.458387E+01
    2    2.233333E-01    8.990770E-01    5.443445E+01
    3    2.233333E-01    8.990770E-01    4.115517E+01
    4    2.233333E-01    8.990770E-01    3.129652E+01
    1    2.235000E-01    9.001519E-01    7.300357E+01
    2    2.235000E-01    9.001519E-01    5.328107E+01
    3    2.235000E-01    9.001519E-01    4.028316E+01
    4    2.235000E-01    9.001519E-01    3.063340E+01
    1    2.236667E-01    9.012275E-01    7.143926E+01
    2    2.236667E-01    9.012275E-01    5.213938E+01
    3    2.236667E-01    9.012275E-01    3.941998E+01
    4    2.236667E-01    9.012275E-01    2.997699E+01
    1    2.238333E-01    9.023037E-01    6.989097E+01
    2    2.238333E-01    9.023037E-01    5.100937E+01
    3    2.238333E-01    9.023037E-01    3.856564E+01
    4    2.238333E-01    9.023037E-01    2.932731E+01
    1    2.240000E-01    9.033805E-01    6.835874E+01
    2    2.240000E-01    9.033805E-01    4.989108E+01
    3    2.240000E-01    9.033805E-01    3.772016E+01
    4    2.240000E-01    9.033805E-01    2.868436E+01
    1    2.241667E-01    9.044580E-01    6.684259E+01
    2    2.241667E-01    9.044580E-01    4.878453E+01
    3    2.241667E-01    9.044580E-01    3.688355E+01
    4    2.241667E-01    9.044580E-01    2.804816E+01
    1    2.243333E-01    9.055362E-01    6.534256E+01
    2    2.243333E-01    9.055362E-01    4.768975E+01
    3    2.243333E-01    9.055362E-01    3.605583E+01
    4    2.243333E-01    9.055362E-01    2.741872E+01
    1    2.245000E-01    9.066149E-01    6.385867E+01
    2    2.245000E-01    9.066149E-01    4.660674E+01
    3    2.245000E-01    9.066149E-01    3.523703E+01
    4    2.245000E-01    9.066149E-01    2.679606E+01
    1    2.246667E-01    9.076943E-01    6.239095E+01
    2    2.246667E-01    9.076943E-01    4.553554E+01
    3    2.246667E-01    9.076943E-01    3.442715E+01
    4    2.246667E-01    9.076943E-01    2.618018E+01
    1    2.248333E-01    9.087744E-01    6.093944E+01
    2    2.248333E-01    9.087744E-01    4.447617E+01
    3    2.248333E-01    9.087744E-01    3.362621E+01
    4    2.248333E-01    9.087744E-01    2.557111E+01
    1    2.250000E-01    9.098551E-01    5.950417E+01
    2    2.250000E-01    9.098551E-01    4.342864E+01
    3    2.250000E-01    9.098551E-01    3.283423E+01
    4    2.250000E-01    9.098551E-01    2.496885E+01
    1    2.251667E-01    9.109364E-01    5.808516E+01
    2    2.251667E-01    9.109364E-01    4.239299E+01
    3    2.251667E-01    9.109364E-01    3.205122E+01
    4    2.251667E-01    9.109364E-01    2.437341E+01
    1    2.253333E-01    9.120184E-01    5.668245E+01
    2    2.253333E-01    9.120184E-01    4.136924E+01
    3    2.253333E-01    9.120184E-01    3.127721E+01
    4    2.253333E-01    9.120184E-01    2.378481E+01
    1    2.255000E-01    9.131010E-01    5.529607E+01
    2    2.255000E-01    9.131010E-01    4.035740E+01
    3    2.255000E-01    9.131010E-01    3.051221E+01
    4    2.255000E-01    9.131010E-01    2.320306E+01
    1    2.256667E-01    9.141843E-01    5.392604E+01
    2    2.256667E-01    9.141843E-01    3.935749E+01
    3    2.256667E-01    9.141843E-01    2.975624E+01
    4    2.256667E-01    9.141843E-01    2.262818E+01
    1    2.258333E-01    9.152682E-01    5.257241E+01
    2    2.258333E-01    9.152682E-01    3.836955E+01
    3    2.258333E-01    9.152682E-01    2.900930E+01
    4    2.258333E-01    9.152682E-01    2.206017E+01
    1    2.260000E-01    9.163527E-01    5.123519E+01
    2    2.260000E-01    9.163527E-01    3.739360E+01
    3    2.260000E-01    9.163527E-01    2.827143E+01
    4    2.260000E-01    9.163527E-01    2.149906E+01
    1    2.261667E-01    9.174379E-01    4.991442E+01
    2    2.261667E-01    9.174379E-01    3.642965E+01
    3    2.261667E-01    9.174379E-01    2.754264E+01
    4    2.261667E-01    9.174379E-01    2.094484E+01
    1    2.263333E-01    9.185238E-01    4.861014E+01
    2    2.263333E-01    9.185238E-01    3.547772E+01
    3    2.263333E-01    9.185238E-01    2.682293E+01
    4    2.263333E-01    9.185238E-01    2.039755E+01
    1    2.265000E-01    9.196102E-01    4.732236E+01
    2    2.265000E-01    9.196102E-01    3.453785E+01
    3    2.265000E-01    9.196102E-01    2.611234E+01
    4    2.265000E-01    9.196102E-01    1.985718E+01
    1    2.266667E-01    9.206974E-01    4.605113E+01
    2    2.266667E-01    9.206974E-01    3.361005E+01
    3    2.266667E-01    9.206974E-01    2.541088E+01
    4    2.266667E-01    9.206974E-01    1.932375E+01
    1    2.268333E-01    9.217851E-01    4.479647E+01
    2    2.268333E-01    9.217851E-01    3.269435E+01
    3    2.268333E-01    9.217851E-01    2.471856E+01
    4    2.268333E-01    9.217851E-01    1.879727E+01
    1    2.270000E-01    9.228735E-01    4.355841E+01
    2    2.270000E-01    9.228735E-01    3.179076E+01
    3    2.270000E-01    9.228735E-01    2.403541E+01
    4    2.270000E-01    9.228735E-01    1.827777E+01
    1    2.271667E-01    9.239626E-01    4.233699E+01
    2    2.271667E-01    9.239626E-01    3.089931E+01
    3    2.271667E-01    9.239626E-01    2.336143E+01
    4    2.271667E-01    9.239626E-01    1.776524E+01
    1    2.273333E-01    9.250522E-01    4.113223E+01
    2    2.273333E-01    9.250522E-01    3.002003E+01
    3    2.273333E-01    9.250522E-01    2.269664E+01
    4    2.273333E-01    9.250522E-01    1.725970E+01
    1    2.275000E-01    9.261426E-01    3.994416E+01
    2    2.275000E-01    9.261426E-01    2.915293E+01
    3    2.275000E-01    9.261426E-01    2.204107E+01
    4    2.275000E-01    9.261426E-01    1.676117E+01
    1    2.276667E-01    9.272335E-01    3.877282E+01
    2    2.276667E-01    9.272335E-01    2.829804E+01
    3    2.276667E-01    9.272335E-01    2.139473E+01
    4    2.276667E-01    9.272335E-01    1.626966E+01
    1    2.278333E-01    9.283251E-01    3.761824E+01
    2    2.278333E-01    9.283251E-01    2.745537E+01
    3    2.278333E-01    9.283251E-01    2.075764E+01
    4    2.278333E-01    9.283251E-01    1.578518E+01
    1    2.280000E-01    9.294174E-01    3.648045E+01
    2    2.280000E-01    9.294174E-01    2.662496E+01
    3    2.280000E-01    9.294174E-01    2.012981E+01
    4    2.280000E-01    9.294174E-01    1.530775E+01
    1    2.281667E-01    9.305103E-01    3.535947E+01
    2    2.281667E-01    9.305103E-01    2.580683E+01
    3    2.281667E-01    9.305103E-01    1.951125E+01
    4    2.281667E-01    9.305103E-01    1.483737E+01
    1    2.283333E-01    9.316038E-01    3.425535E+01
    2    2.283333E-01    9.316038E-01    2.500099E+01
    3    2.283333E-01    9.316038E-01    1.890200E+01
    4    2.283333E-01    9.316038E-01    1.437406E+01
    1    2.285000E-01    9.326980E-01    3.316810E+01
    2    2.285000E-01    9.326980E-01    2.420747E+01
    3    2.285000E-01    9.326980E-01    1.830206E+01
    4    2.285000E-01    9.326980E-01    1.391783E+01
    1    2.286667E-01    9.337928E-01    3.209776E+01
    2    2.286667E-01    9.337928E-01    2.342630E+01
    3    2.286667E-01    9.337928E-01    1.771145E+01
    4    2.286667E-01    9.337928E-01    1.346871E+01
    1    2.288333E-01    9.348883E-01    3.104437E+01
    2    2.288333E-01    9.348883E-01    2.265749E+01
    3    2.288333E-01    9.348883E-01    1.713019E+01
    4    2.288333E-01    9.348883E-01    1.302669E+01
    1    2.290000E-01    9.359844E-01    3.000795E+01
    2    2.290000E-01    9.359844E-01    2.190106E+01
    3    2.290000E-01    9.359844E-01    1.655830E+01
    4    2.290000E-01    9.359844E-01    1.259179E+01
    1    2.291667E-01    9.370812E-01    2.898853E+01
    2    2.291667E-01    9.370812E-01    2.115705E+01
    3    2.291667E-01    9.370812E-01    1.599579E+01
    4    2.291667E-01    9.370812E-01    1.216403E+01
    1    2.293333E-01    9.381786E-01    2.798615E+01
    2    2.293333E-01    9.381786E-01    2.042547E+01
    3    2.293333E-01    9.381786E-01    1.544268E+01
    4    2.293333E-01    9.381786E-01    1.174341E+01
    1    2.295000E-01    9.392766E-01    2.700084E+01
    2    2.295000E-01    9.392766E-01    1.970635E+01
    3    2.295000E-01    9.392766E-01    1.489898E+01
    4    2.295000E-01    9.392766E-01    1.132996E+01
    1    2.296667E-01    9.403753E-01    2.603262E+01
    2    2.296667E-01    9.403753E-01    1.899970E+01
    3    2.296667E-01    9.403753E-01    1.436472E+01
    4    2.296667E-01    9.403753E-01    1.092368E+01
    1    2.298333E-01    9.414746E-01    2.508152E+01
    2    2.298333E-01    9.414746E-01    1.830555E+01
    3    2.298333E-01    9.414746E-01    1.383991E+01
    4    2.298333E-01    9.414746E-01    1.052459E+01
    1    2.300000E-01    9.425745E-01    2.414759E+01
    2    2.300000E-01    9.425745E-01    1.762393E+01
    3    2.300000E-01    9.425745E-01    1.332457E+01
    4    2.300000E-01    9.425745E-01    1.013269E+01
    1    2.301667E-01    9.436751E-01    2.323085E+01
    2    2.301667E-01    9.436751E-01    1.695485E+01
    3    2.301667E-01    9.436751E-01    1.281871E+01
    4    2.301667E-01    9.436751E-01    9.748013E+00
    1    2.303333E-01    9.447764E-01    2.233132E+01
    2    2.303333E-01    9.447764E-01    1.629834E+01
    3    2.303333E-01    9.447764E-01    1.232236E+01
    4    2.303333E-01    9.447764E-01    9.370560E+00
    1    2.305000E-01    9.458783E-01    2.144905E+01
    2    2.305000E-01    9.458783E-01    1.565442E+01
    3    2.305000E-01    9.458783E-01    1.183552E+01
    4    2.305000E-01    9.458783E-01    9.000345E+00
    1    2.306667E-01    9.469808E-01    2.058406E+01
    2    2.306667E-01    9.469808E-01    1.502311E+01
    3    2.306667E-01    9.469808E-01    1.135823E+01
    4    2.306667E-01    9.469808E-01    8.637383E+00
    1    2.308333E-01    9.480840E-01    1.973639E+01
    2    2.308333E-01    9.480840E-01    1.440445E+01
    3    2.308333E-01    9.480840E-01    1.089048E+01
    4    2.308333E-01    9.480840E-01    8.281686E+00
    1    2.310000E-01    9.491878E-01    1.890606E+01
    2    2.310000E-01    9.491878E-01    1.379844E+01
    3    2.310000E-01    9.491878E-01    1.043231E+01
    4    2.310000E-01    9.491878E-01    7.933267E+00
    1    2.311667E-01    9.502922E-01    1.809311E+01
    2    2.311667E-01    9.502922E-01    1.320511E+01
    3    2.311667E-01    9.502922E-01    9.983724E+00
    4    2.311667E-01    9.502922E-01    7.592140E+00
    1    2.313333E-01    9.513973E-01    1.729756E+01
    2    2.313333E-01    9.513973E-01    1.262449E+01
    3    2.313333E-01    9.513973E-01    9.544744E+00
    4    2.313333E-01    9.513973E-01    7.258317E+00
    1    2.315000E-01    9.525031E-01    1.651945E+01
    2    2.315000E-01    9.525031E-01    1.205659E+01
    3    2.315000E-01    9.525031E-01    9.115387E+00
    4    2.315000E-01    9.525031E-01    6.931811E+00
    1    2.316667E-01    9.536095E-01    1.575882E+01
    2    2.316667E-01    9.536095E-01    1.150145E+01
    3    2.316667E-01    9.536095E-01    8.695669E+00
    4    2.316667E-01    9.536095E-01    6.612636E+00
    1    2.318333E-01    9.547165E-01    1.501568E+01
    2    2.318333E-01    9.547165E-01    1.095907E+01
    3    2.318333E-01    9.547165E-01    8.285609E+00
    4    2.318333E-01    9.547165E-01    6.300805E+00
    1    2.320000E-01    9.558242E-01    1.429008E+01
    2    2.320000E-01    9.558242E-01    1.042950E+01
    3    2.320000E-01    9.558242E-01    7.885222E+00
    4    2.320000E-01    9.558242E-01    5.996331E+00
    1    2.321667E-01    9.569325E-01    1.358203E+01
    2    2.321667E-01    9.569325E-01    9.912740E+00
    3    2.321667E-01    9.569325E-01    7.494528E+00
    4    2.321667E-01    9.569325E-01    5.699226E+00
    1    2.323333E-01    9.580414E-01    1.289159E+01
    2    2.323333E-01    9.580414E-01    9.408824E+00
    3    2.323333E-01    9.580414E-01    7.113542E+00
    4    2.323333E-01    9.580414E-01    5.409505E+00
    1    2.325000E-01    9.591510E-01    1.221877E+01
    2    2.325000E-01    9.591510E-01    8.917771E+00
    3    2.325000E-01    9.591510E-01    6.742282E+00
    4    2.325000E-01    9.591510E-01    5.127180E+00
    1    2.326667E-01    9.602612E-01    1.156361E+01
    2    2.326667E-01    9.602612E-01    8.439606E+00
    3    2.326667E-01    9.602612E-01    6.380765E+00
    4    2.326667E-01    9.602612E-01    4.852264E+00
    1    2.328333E-01    9.613721E-01    1.092613E+01
    2    2.328333E-01    9.613721E-01    7.974351E+00
    3    2.328333E-01    9.613721E-01    6.029009E+00
    4    2.328333E-01    9.613721E-01    4.584770E+00
    1    2.330000E-01    9.624836E-01    1.030638E+01
    2    2.330000E-01    9.624836E-01    7.522029E+00
    3    2.330000E-01    9.624836E-01    5.687030E+00
    4    2.330000E-01    9.624836E-01    4.324712E+00
    1    2.331667E-01    9.635958E-01    9.704377E+00
    2    2.331667E-01    9.635958E-01    7.082662E+00
    3    2.331667E-01    9.635958E-01    5.354847E+00
    4    2.331667E-01    9.635958E-01    4.072103E+00
    1    2.333333E-01    9.647086E-01    9.120157E+00
    2    2.333333E-01    9.647086E-01    6.656274E+00
    3    2.333333E-01    9.647086E-01    5.032477E+00
    4    2.333333E-01    9.647086E-01    3.826956E+00
    1    2.335000E-01    9.658221E-01    8.553752E+00
    2    2.335000E-01    9.658221E-01    6.242888E+00
    3    2.335000E-01    9.658221E-01    4.719936E+00
    4    2.335000E-01    9.658221E-01    3.589283E+00
    1    2.336667E-01    9.669361E-01    8.005192E+00
    2    2.336667E-01    9.669361E-01    5.842526E+00
    3    2.336667E-01    9.669361E-01    4.417242E+00
    4    2.336667E-01    9.669361E-01    3.359099E+00
    1    2.338333E-01    9.680509E-01    7.474510E+00
    2    2.338333E-01    9.680509E-01    5.455212E+00
    3    2.338333E-01    9.680509E-01    4.124413E+00
    4    2.338333E-01    9.680509E-01    3.136417E+00
    1    2.340000E-01    9.691663E-01    6.961736E+00
    2    2.340000E-01    9.691663E-01    5.080967E+00
    3    2.340000E-01    9.691663E-01    3.841466E+00
    4    2.340000E-01    9.691663E-01    2.921249E+00
    1    2.341667E-01    9.702823E-01    6.466901E+00
    2    2.341667E-01    9.702823E-01    4.719817E+00
    3    2.341667E-01    9.702823E-01    3.568418E+00
    4    2.341667E-01    9.702823E-01    2.713609E+00
    1    2.343333E-01    9.713989E-01    5.990039E+00
    2    2.343333E-01    9.713989E-01    4.371782E+00
    3    2.343333E-01    9.713989E-01    3.305286E+00
    4    2.343333E-01    9.713989E-01    2.513510E+00
    1    2.345000E-01    9.725162E-01    5.531179E+00
    2    2.345000E-01    9.725162E-01    4.036887E+00
    3    2.345000E-01    9.725162E-01    3.052088E+00
    4    2.345000E-01    9.725162E-01    2.320966E+00
    1    2.346667E-01    9.736342E-01    5.090353E+00
    2    2.346667E-01    9.736342E-01    3.715154E+00
    3    2.346667E-01    9.736342E-01    2.808842E+00
    4    2.346667E-01    9.736342E-01    2.135989E+00
    1    2.348333E-01    9.747527E-01    4.667594E+00
    2    2.348333E-01    9.747527E-01    3.406606E+00
    3    2.348333E-01    9.747527E-01    2.575565E+00
    4    2.348333E-01    9.747527E-01    1.958593E+00
    1    2.350000E-01    9.758720E-01    4.262932E+00
    2    2.350000E-01    9.758720E-01    3.111267E+00
    3    2.350000E-01    9.758720E-01    2.352274E+00
    4    2.350000E-01    9.758720E-01    1.788791E+00
    1    2.351667E-01    9.769918E-01    3.876399E+00
    2    2.351667E-01    9.769918E-01    2.829159E+00
    3    2.351667E-01    9.769918E-01    2.138986E+00
    4    2.351667E-01    9.769918E-01    1.626596E+00
    1    2.353333E-01    9.781124E-01    3.508027E+00
    2    2.353333E-01    9.781124E-01    2.560306E+00
    3    2.353333E-01    9.781124E-01    1.935719E+00
    4    2.353333E-01    9.781124E-01    1.472021E+00
    1    2.355000E-01    9.792335E-01    3.157848E+00
    2    2.355000E-01    9.792335E-01    2.304730E+00
    3    2.355000E-01    9.792335E-01    1.742491E+00
    4    2.355000E-01    9.792335E-01    1.325081E+00
    1    2.356667E-01    9.803553E-01    2.825892E+00
    2    2.356667E-01    9.803553E-01    2.062455E+00
    3    2.356667E-01    9.803553E-01    1.559319E+00
    4    2.356667E-01    9.803553E-01    1.185787E+00
    1    2.358333E-01    9.814777E-01    2.512192E+00
    2    2.358333E-01    9.814777E-01    1.833504E+00
    3    2.358333E-01    9.814777E-01    1.386220E+00
    4    2.358333E-01    9.814777E-01    1.054154E+00
    1    2.360000E-01    9.826008E-01    2.216780E+00
    2    2.360000E-01    9.826008E-01    1.617899E+00
    3    2.360000E-01    9.826008E-01    1.223213E+00
    4    2.360000E-01    9.826008E-01    9.301942E-01
    1    2.361667E-01    9.837245E-01    1.939686E+00
    2    2.361667E-01    9.837245E-01    1.415664E+00
    3    2.361667E-01    9.837245E-01    1.070313E+00
    4    2.361667E-01    9.837245E-01    8.139215E-01
    1    2.363333E-01    9.848489E-01    1.680943E+00
    2    2.363333E-01    9.848489E-01    1.226823E+00
    3    2.363333E-01    9.848489E-01    9.275396E-01
    4    2.363333E-01    9.848489E-01    7.053491E-01
    1    2.365000E-01    9.859739E-01    1.440583E+00
    2    2.365000E-01    9.859739E-01    1.051398E+00
    3    2.365000E-01    9.859739E-01    7.949094E-01
    4    2.365000E-01    9.859739E-01    6.044902E-01
    1    2.366667E-01    9.870996E-01    1.218636E+00
    2    2.366667E-01    9.870996E-01    8.894120E-01
    3    2.366667E-01    9.870996E-01    6.724400E-01
    4    2.366667E-01    9.870996E-01    5.113582E-01
    1    2.368333E-01    9.882258E-01    1.015136E+00
    2    2.368333E-01    9.882258E-01    7.408889E-01
    3    2.368333E-01    9.882258E-01    5.601491E-01
    4    2.368333E-01    9.882258E-01    4.259663E-01
    1    2.370000E-01    9.893528E-01    8.301133E-01
    2    2.370000E-01    9.893528E-01    6.058516E-01
    3    2.370000E-01    9.893528E-01    4.580541E-01
    4    2.370000E-01    9.893528E-01    3.483280E-01
    1    2.371667E-01    9.904804E-01    6.636001E-01
    2    2.371667E-01    9.904804E-01    4.843233E-01
    3    2.371667E-01    9.904804E-01    3.661726E-01
    4    2.371667E-01    9.904804E-01    2.784566E-01
    1    2.373333E-01    9.916086E-01    5.156283E-01
    2    2.373333E-01    9.916086E-01    3.763272E-01
    3    2.373333E-01    9.916086E-01    2.845222E-01
    4    2.373333E-01    9.916086E-01    2.163654E-01
    1    2.375000E-01    9.927374E-01    3.862296E-01
    2    2.375000E-01    9.927374E-01    2.818866E-01
    3    2.375000E-01    9.927374E-01    2.131204E-01
    4    2.375000E-01    9.927374E-01    1.620678E-01
    1    2.376667E-01    9.938669E-01    2.754359E-01
    2    2.376667E-01    9.938669E-01    2.010247E-01
    3    2.376667E-01    9.938669E-01    1.519847E-01
    4    2.376667E-01    9.938669E-01    1.155771E-01
    1    2.378333E-01    9.949971E-01    1.832791E-01
    2    2.378333E-01    9.949971E-01    1.337648E-01
    3    2.378333E-01    9.949971E-01    1.011329E-01
    4    2.378333E-01    9.949971E-01    7.690668E-02
    1    2.380000E-01    9.961279E-01    1.097911E-01
    2    2.380000E-01    9.961279E-01    8.013014E-02
    3    2.380000E-01    9.961279E-01    6.058240E-02
    4    2.380000E-01    9.961279E-01    4.606999E-02
    1    2.381667E-01    9.972593E-01    5.500369E-02
    2    2.381667E-01    9.972593E-01    4.014401E-02
    3    2.381667E-01    9.972593E-01    3.035088E-02
    4    2.381667E-01    9.972593E-01    2.308038E-02
    1    2.383333E-01    9.983914E-01    1.894890E-02
    2    2.383333E-01    9.983914E-01    1.382970E-02
    3    2.383333E-01    9.983914E-01    1.045595E-02
    4    2.383333E-01    9.983914E-01    7.951244E-03
    1    2.385000E-01    9.995241E-01    1.658640E-03
    2    2.385000E-01    9.995241E-01    1.210545E-03
    3    2.385000E-01    9.995241E-01    9.152327E-04
    4    2.385000E-01    9.995241E-01    6.959902E-04
    1    2.386667E-01    1.000657E+00    3.164868E-03
    2    2.386667E-01    1.000657E+00    2.309854E-03
    3    2.386667E-01    1.000657E+00    1.746365E-03
    4    2.386667E-01    1.000657E+00    1.328026E-03
    1    2.388333E-01    1.001791E+00    2.349956E-02
    2    2.388333E-01    1.001791E+00    1.715097E-02
    3    2.388333E-01    1.001791E+00    1.296699E-02
    4    2.388333E-01    1.001791E+00    9.860771E-03
    1    2.390000E-01    1.002926E+00    6.269472E-02
    2    2.390000E-01    1.002926E+00    4.575724E-02
    3    2.390000E-01    1.002926E+00    3.459477E-02
    4    2.390000E-01    1.002926E+00    2.630765E-02
    1    2.391667E-01    1.004061E+00    1.207824E-01
    2    2.391667E-01    1.004061E+00    8.815204E-02
    3    2.391667E-01    1.004061E+00    6.664735E-02
    4    2.391667E-01    1.004061E+00    5.068210E-02
    1    2.393333E-01    1.005197E+00    1.977945E-01
    2    2.393333E-01    1.005197E+00    1.443587E-01
    3    2.393333E-01    1.005197E+00    1.091424E-01
    4    2.393333E-01    1.005197E+00    8.299755E-02
    1    2.395000E-01    1.006334E+00    2.937632E-01
    2    2.395000E-01    1.006334E+00    2.144007E-01
    3    2.395000E-01    1.006334E+00    1.620977E-01
    4    2.395000E-01    1.006334E+00    1.232675E-01
    1    2.396667E-01    1.007471E+00    4.087205E-01
    2    2.396667E-01    1.007471E+00    2.983014E-01
    3    2.396667E-01    1.007471E+00    2.255308E-01
    4    2.396667E-01    1.007471E+00    1.715053E-01
    1    2.398333E-01    1.008609E+00    5.426985E-01
    2    2.398333E-01    1.008609E+00    3.960842E-01
    3    2.398333E-01    1.008609E+00    2.994595E-01
    4    2.398333E-01    1.008609E+00    2.277245E-01
    1    2.400000E-01    1.009747E+00    6.957294E-01
    2    2.400000E-01    1.009747E+00    5.077726E-01
    3    2.400000E-01    1.009747E+00    3.839015E-01
    4    2.400000E-01    1.009747E+00    2.919385E-01
    1    2.401667E-01    1.010887E+00    8.678452E-01
    2    2.401667E-01    1.010887E+00    6.333899E-01
    3    2.401667E-01    1.010887E+00    4.788745E-01
    4    2.401667E-01    1.010887E+00    3.641609E-01
    1    2.403333E-01    1.012026E+00    1.059078E+00
    2    2.403333E-01    1.012026E+00    7.729597E-01
    3    2.403333E-01    1.012026E+00    5.843962E-01
    4    2.403333E-01    1.012026E+00    4.444051E-01
    1    2.405000E-01    1.013167E+00    1.269460E+00
    2    2.405000E-01    1.013167E+00    9.265054E-01
    3    2.405000E-01    1.013167E+00    7.004845E-01
    4    2.405000E-01    1.013167E+00    5.326846E-01
    1    2.406667E-01    1.014308E+00    1.499024E+00
    2    2.406667E-01    1.014308E+00    1.094051E+00
    3    2.406667E-01    1.014308E+00    8.271570E-01
    4    2.406667E-01    1.014308E+00    6.290129E-01
    1    2.408333E-01    1.015449E+00    1.747801E+00
    2    2.408333E-01    1.015449E+00    1.275619E+00
    3    2.408333E-01    1.015449E+00    9.644315E-01
    4    2.408333E-01    1.015449E+00    7.334036E-01
    1    2.410000E-01    1.016592E+00    2.015824E+00
    2    2.410000E-01    1.016592E+00    1.471233E+00
    3    2.410000E-01    1.016592E+00    1.112326E+00
    4    2.410000E-01    1.016592E+00    8.458700E-01
    1    2.411667E-01    1.017735E+00    2.303125E+00
    2    2.411667E-01    1.017735E+00    1.680917E+00
    3    2.411667E-01    1.017735E+00    1.270858E+00
    4    2.411667E-01    1.017735E+00    9.664259E-01
    1    2.413333E-01    1.018878E+00    2.609736E+00
    2    2.413333E-01    1.018878E+00    1.904695E+00
    3    2.413333E-01    1.018878E+00    1.440045E+00
    4    2.413333E-01    1.018878E+00    1.095085E+00
    1    2.415000E-01    1.020023E+00    2.935690E+00
    2    2.415000E-01    1.020023E+00    2.142590E+00
    3    2.415000E-01    1.020023E+00    1.619905E+00
    4    2.415000E-01    1.020023E+00    1.231860E+00
    1    2.416667E-01    1.021168E+00    3.281019E+00
    2    2.416667E-01    1.021168E+00    2.394625E+00
    3    2.416667E-01    1.021168E+00    1.810457E+00
    4    2.416667E-01    1.021168E+00    1.376765E+00
    1    2.418333E-01    1.022313E+00    3.645755E+00
    2    2.418333E-01    1.022313E+00    2.660825E+00
    3    2.418333E-01    1.022313E+00    2.011717E+00
    4    2.418333E-01    1.022313E+00    1.529814E+00
    1    2.420000E-01    1.023459E+00    4.029930E+00
    2    2.420000E-01    1.023459E+00    2.941212E+00
    3    2.420000E-01    1.023459E+00    2.223704E+00
    4    2.420000E-01    1.023459E+00    1.691019E+00
    1    2.421667E-01    1.024606E+00    4.433577E+00
    2    2.421667E-01    1.024606E+00    3.235811E+00
    3    2.421667E-01    1.024606E+00    2.446435E+00
    4    2.421667E-01    1.024606E+00    1.860396E+00
    1    2.423333E-01    1.025754E+00    4.856729E+00
    2    2.423333E-01    1.025754E+00    3.544645E+00
    3    2.423333E-01    1.025754E+00    2.679929E+00
    4    2.423333E-01    1.025754E+00    2.037956E+00
    1    2.425000E-01    1.026902E+00    5.299416E+00
    2    2.425000E-01    1.026902E+00    3.867737E+00
    3    2.425000E-01    1.026902E+00    2.924203E+00
    4    2.425000E-01    1.026902E+00    2.223715E+00
    1    2.426667E-01    1.028051E+00    5.761673E+00
    2    2.426667E-01    1.028051E+00    4.205111E+00
    3    2.426667E-01    1.028051E+00    3.179275E+00
    4    2.426667E-01    1.028051E+00    2.417685E+00
    1    2.428333E-01    1.029200E+00    6.243532E+00
    2    2.428333E-01    1.029200E+00    4.556792E+00
    3    2.428333E-01    1.029200E+00    3.445163E+00
    4    2.428333E-01    1.029200E+00    2.619880E+00
    1    2.430000E-01    1.030350E+00    6.745024E+00
    2    2.430000E-01    1.030350E+00    4.922802E+00
    3    2.430000E-01    1.030350E+00    3.721885E+00
    4    2.430000E-01    1.030350E+00    2.830314E+00
    1    2.431667E-01    1.031501E+00    7.266182E+00
    2    2.431667E-01    1.031501E+00    5.303165E+00
    3    2.431667E-01    1.031501E+00    4.009458E+00
    4    2.431667E-01    1.031501E+00    3.048999E+00
    1    2.433333E-01    1.032652E+00    7.807039E+00
    2    2.433333E-01    1.032652E+00    5.697905E+00
    3    2.433333E-01    1.032652E+00    4.307902E+00
    4    2.433333E-01    1.032652E+00    3.275951E+00
    1    2.435000E-01    1.033804E+00    8.367627E+00
    2    2.435000E-01    1.033804E+00    6.107046E+00
    3    2.435000E-01    1.033804E+00    4.617232E+00
    4    2.435000E-01    1.033804E+00    3.511182E+00
    1    2.436667E-01    1.034957E+00    8.947979E+00
    2    2.436667E-01    1.034957E+00    6.530611E+00
    3    2.436667E-01    1.034957E+00    4.937469E+00
    4    2.436667E-01    1.034957E+00    3.754707E+00
    1    2.438333E-01    1.036110E+00    9.548127E+00
    2    2.438333E-01    1.036110E+00    6.968625E+00
    3    2.438333E-01    1.036110E+00    5.268629E+00
    4    2.438333E-01    1.036110E+00    4.006538E+00
    1    2.440000E-01    1.037264E+00    1.016810E+01
    2    2.440000E-01    1.037264E+00    7.421110E+00
    3    2.440000E-01    1.037264E+00    5.610730E+00
    4    2.440000E-01    1.037264E+00    4.266690E+00
    1    2.441667E-01    1.038418E+00    1.080794E+01
    2    2.441667E-01    1.038418E+00    7.888091E+00
    3    2.441667E-01    1.038418E+00    5.963791E+00
    4    2.441667E-01    1.038418E+00    4.535175E+00
    1    2.443333E-01    1.039574E+00    1.146767E+01
    2    2.443333E-01    1.039574E+00    8.369591E+00
    3    2.443333E-01    1.039574E+00    6.327829E+00
    4    2.443333E-01    1.039574E+00    4.812009E+00
    1    2.445000E-01    1.040729E+00    1.214733E+01
    2    2.445000E-01    1.040729E+00    8.865634E+00
    3    2.445000E-01    1.040729E+00    6.702863E+00
    4    2.445000E-01    1.040729E+00    5.097204E+00
    1    2.446667E-01    1.041886E+00    1.284695E+01
    2    2.446667E-01    1.041886E+00    9.376244E+00
    3    2.446667E-01    1.041886E+00    7.088910E+00
    4    2.446667E-01    1.041886E+00    5.390774E+00
    1    2.448333E-01    1.043043E+00    1.356656E+01
    2    2.448333E-01    1.043043E+00    9.901446E+00
    3    2.448333E-01    1.043043E+00    7.485988E+00
    4    2.448333E-01    1.043043E+00    5.692733E+00
    1    2.450000E-01    1.044201E+00    1.430619E+01
    2    2.450000E-01    1.044201E+00    1.044126E+01
    3    2.450000E-01    1.044201E+00    7.894116E+00
    4    2.450000E-01    1.044201E+00    6.003094E+00
    1    2.451667E-01    1.045359E+00    1.506588E+01
    2    2.451667E-01    1.045359E+00    1.099572E+01
    3    2.451667E-01    1.045359E+00    8.313311E+00
    4    2.451667E-01    1.045359E+00    6.321872E+00
    1    2.453333E-01    1.046518E+00    1.584566E+01
    2    2.453333E-01    1.046518E+00    1.156483E+01
    3    2.453333E-01    1.046518E+00    8.743592E+00
    4    2.453333E-01    1.046518E+00    6.649080E+00
    1    2.455000E-01    1.047678E+00    1.664557E+01
    2    2.455000E-01    1.047678E+00    1.214863E+01
    3    2.455000E-01    1.047678E+00    9.184976E+00
    4    2.455000E-01    1.047678E+00    6.984731E+00
    1    2.456667E-01    1.048838E+00    1.746563E+01
    2    2.456667E-01    1.048838E+00    1.274715E+01
    3    2.456667E-01    1.048838E+00    9.637482E+00
    4    2.456667E-01    1.048838E+00    7.328840E+00
    1    2.458333E-01    1.049999E+00    1.830587E+01
    2    2.458333E-01    1.049999E+00    1.336039E+01
    3    2.458333E-01    1.049999E+00    1.010113E+01
    4    2.458333E-01    1.049999E+00    7.681419E+00
    1    2.460000E-01    1.051161E+00    1.916634E+01
    2    2.460000E-01    1.051161E+00    1.398840E+01
    3    2.460000E-01    1.051161E+00    1.057593E+01
    4    2.460000E-01    1.051161E+00    8.042484E+00
    1    2.461667E-01    1.052323E+00    2.004706E+01
    2    2.461667E-01    1.052323E+00    1.463119E+01
    3    2.461667E-01    1.052323E+00    1.106191E+01
    4    2.461667E-01    1.052323E+00    8.412047E+00
    1    2.463333E-01    1.053486E+00    2.094806E+01
    2    2.463333E-01    1.053486E+00    1.528878E+01
    3    2.463333E-01    1.053486E+00    1.155908E+01
    4    2.463333E-01    1.053486E+00    8.790123E+00
    1    2.465000E-01    1.054649E+00    2.186939E+01
    2    2.465000E-01    1.054649E+00    1.596120E+01
    3    2.465000E-01    1.054649E+00    1.206747E+01
    4    2.465000E-01    1.054649E+00    9.176725E+00
    1    2.466667E-01    1.055814E+00    2.281107E+01
    2    2.466667E-01    1.055814E+00    1.664848E+01
    3    2.466667E-01    1.055814E+00    1.258708E+01
    4    2.466667E-01    1.055814E+00    9.571867E+00
    1    2.468333E-01    1.056978E+00    2.377313E+01
    2    2.468333E-01    1.056978E+00    1.735063E+01
    3    2.468333E-01    1.056978E+00    1.311794E+01
    4    2.468333E-01    1.056978E+00    9.975563E+00
    1    2.470000E-01    1.058144E+00    2.475561E+01
    2    2.470000E-01    1.058144E+00    1.806768E+01
    3    2.470000E-01    1.058144E+00    1.366007E+01
    4    2.470000E-01    1.058144E+00    1.038783E+01
    1    2.471667E-01    1.059310E+00    2.575854E+01
    2    2.471667E-01    1.059310E+00    1.879966E+01
    3    2.471667E-01    1.059310E+00    1.421349E+01
    4    2.471667E-01    1.059310E+00    1.080867E+01
    1    2.473333E-01    1.060477E+00    2.678195E+01
    2    2.473333E-01    1.060477E+00    1.954659E+01
    3    2.473333E-01    1.060477E+00    1.477820E+01
    4    2.473333E-01    1.060477E+00    1.123811E+01
    1    2.475000E-01    1.061644E+00    2.782588E+01
    2    2.475000E-01    1.061644E+00    2.030850E+01
    3    2.475000E-01    1.061644E+00    1.535424E+01
    4    2.475000E-01    1.061644E+00    1.167616E+01
    1    2.476667E-01    1.062812E+00    2.889036E+01
    2    2.476667E-01    1.062812E+00    2.108540E+01
    3    2.476667E-01    1.062812E+00    1.594162E+01
    4    2.476667E-01    1.062812E+00    1.212283E+01
    1    2.478333E-01    1.063981E+00    2.997542E+01
    2    2.478333E-01    1.063981E+00    2.187732E+01
    3    2.478333E-01    1.063981E+00    1.654035E+01
    4    2.478333E-01    1.063981E+00    1.257814E+01
    1    2.480000E-01    1.065150E+00    3.108109E+01
    2    2.480000E-01    1.065150E+00    2.268429E+01
    3    2.480000E-01    1.065150E+00    1.715046E+01
    4    2.480000E-01    1.065150E+00    1.304210E+01
    1    2.481667E-01    1.066320E+00    3.220742E+01
    2    2.481667E-01    1.066320E+00    2.350633E+01
    3    2.481667E-01    1.066320E+00    1.777196E+01
    4    2.481667E-01    1.066320E+00    1.351472E+01
    1    2.483333E-01    1.067491E+00    3.335442E+01
    2    2.483333E-01    1.067491E+00    2.434346E+01
    3    2.483333E-01    1.067491E+00    1.840487E+01
    4    2.483333E-01    1.067491E+00    1.399602E+01
    1    2.485000E-01    1.068662E+00    3.452214E+01
    2    2.485000E-01    1.068662E+00    2.519571E+01
    3    2.485000E-01    1.068662E+00    1.904922E+01
    4    2.485000E-01    1.068662E+00    1.448601E+01
    1    2.486667E-01    1.069834E+00    3.571061E+01
    2    2.486667E-01    1.069834E+00    2.606310E+01
    3    2.486667E-01    1.069834E+00    1.970501E+01
    4    2.486667E-01    1.069834E+00    1.498471E+01
    1    2.488333E-01    1.071006E+00    3.691986E+01
    2    2.488333E-01    1.071006E+00    2.694566E+01
    3    2.488333E-01    1.071006E+00    2.037227E+01
    4    2.488333E-01    1.071006E+00    1.549213E+01
    1    2.490000E-01    1.072180E+00    3.814992E+01
    2    2.490000E-01    1.072180E+00    2.784341E+01
    3    2.490000E-01    1.072180E+00    2.105101E+01
    4    2.490000E-01    1.072180E+00    1.600828E+01
    1    2.491667E-01    1.073353E+00    3.940082E+01
    2    2.491667E-01    1.073353E+00    2.875638E+01
    3    2.491667E-01    1.073353E+00    2.174126E+01
    4    2.491667E-01    1.073353E+00    1.653318E+01
    1    2.493333E-01    1.074528E+00    4.067261E+01
    2    2.493333E-01    1.074528E+00    2.968458E+01
    3    2.493333E-01    1.074528E+00    2.244303E+01
    4    2.493333E-01    1.074528E+00    1.706684E+01
    1    2.495000E-01    1.075703E+00    4.196531E+01
    2    2.495000E-01    1.075703E+00    3.062805E+01
    3    2.495000E-01    1.075703E+00    2.315634E+01
    4    2.495000E-01    1.075703E+00    1.760928E+01
    1    2.496667E-01    1.076879E+00    4.327895E+01
    2    2.496667E-01    1.076879E+00    3.158680E+01
    3    2.496667E-01    1.076879E+00    2.388120E+01
    4    2.496667E-01    1.076879E+00    1.816050E+01
    1    2.498333E-01    1.078055E+00    4.461357E+01
    2    2.498333E-01    1.078055E+00    3.256086E+01
    3    2.498333E-01    1.078055E+00    2.461764E+01
    4    2.498333E-01    1.078055E+00    1.872053E+01
    1    2.500000E-01    1.079232E+00    4.596921E+01
    2    2.500000E-01    1.079232E+00    3.355026E+01
    3    2.500000E-01    1.079232E+00    2.536568E+01
    4    2.500000E-01    1.079232E+00    1.928937E+01
    1    2.501667E-01    1.080410E+00    4.734589E+01
    2    2.501667E-01    1.080410E+00    3.455502E+01
    3    2.501667E-01    1.080410E+00    2.612533E+01
    4    2.501667E-01    1.080410E+00    1.986705E+01
    1    2.503333E-01    1.081588E+00    4.874365E+01
    2    2.503333E-01    1.081588E+00    3.557517E+01
    3    2.503333E-01    1.081588E+00    2.689661E+01
    4    2.503333E-01    1.081588E+00    2.045357E+01
    1    2.505000E-01    1.082767E+00    5.016252E+01
    2    2.505000E-01    1.082767E+00    3.661072E+01
    3    2.505000E-01    1.082767E+00    2.767954E+01
    4    2.505000E-01    1.082767E+00    2.104895E+01
    1    2.506667E-01    1.083947E+00    5.160254E+01
    2    2.506667E-01    1.083947E+00    3.766170E+01
    3    2.506667E-01    1.083947E+00    2.847413E+01
    4    2.506667E-01    1.083947E+00    2.165320E+01
    1    2.508333E-01    1.085127E+00    5.306374E+01
    2    2.508333E-01    1.085127E+00    3.872815E+01
    3    2.508333E-01    1.085127E+00    2.928042E+01
    4    2.508333E-01    1.085127E+00    2.226634E+01
    1    2.510000E-01    1.086308E+00    5.454614E+01
    2    2.510000E-01    1.086308E+00    3.981007E+01
    3    2.510000E-01    1.086308E+00    3.009841E+01
    4    2.510000E-01    1.086308E+00    2.288838E+01
    1    2.511667E-01    1.087489E+00    5.604980E+01
    2    2.511667E-01    1.087489E+00    4.090750E+01
    3    2.511667E-01    1.087489E+00    3.092812E+01
    4    2.511667E-01    1.087489E+00    2.351934E+01
    1    2.513333E-01    1.088671E+00    5.757473E+01
    2    2.513333E-01    1.088671E+00    4.202046E+01
    3    2.513333E-01    1.088671E+00    3.176957E+01
    4    2.513333E-01    1.088671E+00    2.415922E+01
    1    2.515000E-01    1.089854E+00    5.912097E+01
    2    2.515000E-01    1.089854E+00    4.314897E+01
    3    2.515000E-01    1.089854E+00    3.262278E+01
    4    2.515000E-01    1.089854E+00    2.480805E+01
    1    2.516667E-01    1.091038E+00    6.068856E+01
    2    2.516667E-01    1.091038E+00    4.429306E+01
    3    2.516667E-01    1.091038E+00    3.348777E+01
    4    2.516667E-01    1.091038E+00    2.546583E+01
    1    2.518333E-01    1.092222E+00    6.227752E+01
    2    2.518333E-01    1.092222E+00    4.545276E+01
    3    2.518333E-01    1.092222E+00    3.436456E+01
    4    2.518333E-01    1.092222E+00    2.613259E+01
    1    2.520000E-01    1.093406E+00    6.388790E+01
    2    2.520000E-01    1.093406E+00    4.662808E+01
    3    2.520000E-01    1.093406E+00    3.525316E+01
    4    2.520000E-01    1.093406E+00    2.680833E+01
    1    2.521667E-01    1.094592E+00    6.551973E+01
    2    2.521667E-01    1.094592E+00    4.781905E+01
    3    2.521667E-01    1.094592E+00    3.615360E+01
    4    2.521667E-01    1.094592E+00    2.749306E+01
    1    2.523333E-01    1.095778E+00    6.717303E+01
    2    2.523333E-01    1.095778E+00    4.902570E+01
    3    2.523333E-01    1.095778E+00    3.706588E+01
    4    2.523333E-01    1.095778E+00    2.818682E+01
    1    2.525000E-01    1.096964E+00    6.884784E+01
    2    2.525000E-01    1.096964E+00    5.024805E+01
    3    2.525000E-01    1.096964E+00    3.799004E+01
    4    2.525000E-01    1.096964E+00    2.888959E+01
    1    2.526667E-01    1.098152E+00    7.054420E+01
    2    2.526667E-01    1.098152E+00    5.148613E+01
    3    2.526667E-01    1.098152E+00    3.892609E+01
    4    2.526667E-01    1.098152E+00    2.960141E+01
    1    2.528333E-01    1.099340E+00    7.226214E+01
    2    2.528333E-01    1.099340E+00    5.273995E+01
    3    2.528333E-01    1.099340E+00    3.987404E+01
    4    2.528333E-01    1.099340E+00    3.032228E+01
    1    2.530000E-01    1.100528E+00    7.400170E+01
    2    2.530000E-01    1.100528E+00    5.400955E+01
    3    2.530000E-01    1.100528E+00    4.083392E+01
    4    2.530000E-01    1.100528E+00    3.105223E+01
    1    2.531667E-01    1.101718E+00    7.576289E+01
    2    2.531667E-01    1.101718E+00    5.529495E+01
    3    2.531667E-01    1.101718E+00    4.180575E+01
    4    2.531667E-01    1.101718E+00    3.179125E+01
    1    2.533333E-01    1.102907E+00    7.754577E+01
    2    2.533333E-01    1.102907E+00    5.659617E+01
    3    2.533333E-01    1.102907E+00    4.278953E+01
    4    2.533333E-01    1.102907E+00    3.253938E+01
    1    2.535000E-01    1.104098E+00    7.935037E+01
    2    2.535000E-01    1.104098E+00    5.791323E+01
    3    2.535000E-01    1.104098E+00    4.378530E+01
    4    2.535000E-01    1.104098E+00    3.329661E+01
    1    2.536667E-01    1.105289E+00    8.117670E+01
    2    2.536667E-01    1.105289E+00    5.924617E+01
    3    2.536667E-01    1.105289E+00    4.479307E+01
    4    2.536667E-01    1.105289E+00    3.406297E+01
    1    2.538333E-01    1.106481E+00    8.302482E+01
    2    2.538333E-01    1.106481E+00    6.059501E+01
    3    2.538333E-01    1.106481E+00    4.581286E+01
    4    2.538333E-01    1.106481E+00    3.483847E+01
    1    2.540000E-01    1.107673E+00    8.489476E+01
    2    2.540000E-01    1.107673E+00    6.195976E+01
    3    2.540000E-01    1.107673E+00    4.684468E+01
    4    2.540000E-01    1.107673E+00    3.562312E+01
    1    2.541667E-01    1.108866E+00    8.678654E+01
    2    2.541667E-01    1.108866E+00    6.334047E+01
    3    2.541667E-01    1.108866E+00    4.788856E+01
    4    2.541667E-01    1.108866E+00    3.641694E+01
    1    2.543333E-01    1.110060E+00    8.870020E+01
    2    2.543333E-01    1.110060E+00    6.473714E+01
    3    2.543333E-01    1.110060E+00    4.894452E+01
    4    2.543333E-01    1.110060E+00    3.721994E+01
    1    2.545000E-01    1.111254E+00    9.063578E+01
    2    2.545000E-01    1.111254E+00    6.614981E+01
    3    2.545000E-01    1.111254E+00    5.001256E+01
    4    2.545000E-01    1.111254E+00    3.803214E+01
    1    2.546667E-01    1.112449E+00    9.259331E+01
    2    2.546667E-01    1.112449E+00    6.757849E+01
    3    2.546667E-01    1.112449E+00    5.109272E+01
    4    2.546667E-01    1.112449E+00    3.885355E+01
    1    2.548333E-01    1.113645E+00    9.457282E+01
    2    2.548333E-01    1.113645E+00    6.902322E+01
    3    2.548333E-01    1.113645E+00    5.218501E+01
    4    2.548333E-01    1.113645E+00    3.968418E+01
    1    2.550000E-01    1.114841E+00    9.657435E+01
    2    2.550000E-01    1.114841E+00    7.048402E+01
    3    2.550000E-01    1.114841E+00    5.328945E+01
    4    2.550000E-01    1.114841E+00    4.052405E+01
    1    2.551667E-01    1.116038E+00    9.859792E+01
    2    2.551667E-01    1.116038E+00    7.196091E+01
    3    2.551667E-01    1.116038E+00    5.440605E+01
    4    2.551667E-01    1.116038E+00    4.137317E+01
    1    2.553333E-01    1.117236E+00    1.006436E+02
    2    2.553333E-01    1.117236E+00    7.345392E+01
    3    2.553333E-01    1.117236E+00    5.553484E+01
    4    2.553333E-01    1.117236E+00    4.223156E+01
    1    2.555000E-01    1.118434E+00    1.027114E+02
    2    2.555000E-01    1.118434E+00    7.496307E+01
    3    2.555000E-01    1.118434E+00    5.667583E+01
    4    2.555000E-01    1.118434E+00    4.309924E+01
    1    2.556667E-01    1.119633E+00    1.048013E+02
    2    2.556667E-01    1.119633E+00    7.648839E+01
    3    2.556667E-01    1.119633E+00    5.782905E+01
    4    2.556667E-01    1.119633E+00    4.397620E+01
    1    2.558333E-01    1.120832E+00    1.069134E+02
    2    2.558333E-01    1.120832E+00    7.802990E+01
    3    2.558333E-01    1.120832E+00    5.899451E+01
    4    2.558333E-01    1.120832E+00    4.486248E+01
    1    2.560000E-01    1.122033E+00    1.090477E+02
    2    2.560000E-01    1.122033E+00    7.958763E+01
    3    2.560000E-01    1.122033E+00    6.017223E+01
    4    2.560000E-01    1.122033E+00    4.575808E+01
    1    2.561667E-01    1.123233E+00    1.112043E+02
    2    2.561667E-01    1.123233E+00    8.116160E+01
    3    2.561667E-01    1.123233E+00    6.136223E+01
    4    2.561667E-01    1.123233E+00    4.666301E+01
    1    2.563333E-01    1.124435E+00    1.133832E+02
    2    2.563333E-01    1.124435E+00    8.275183E+01
    3    2.563333E-01    1.124435E+00    6.256453E+01
    4    2.563333E-01    1.124435E+00    4.757730E+01
    1    2.565000E-01    1.125637E+00    1.155844E+02
    2    2.565000E-01    1.125637E+00    8.435836E+01
    3    2.565000E-01    1.125637E+00    6.377914E+01
    4    2.565000E-01    1.125637E+00    4.850096E+01
    1    2.566667E-01    1.126840E+00    1.178080E+02
    2    2.566667E-01    1.126840E+00    8.598120E+01
    3    2.566667E-01    1.126840E+00    6.500609E+01
    4    2.566667E-01    1.126840E+00    4.943399E+01
    1    2.568333E-01    1.128043E+00    1.200539E+02
    2    2.568333E-01    1.128043E+00    8.762038E+01
    3    2.568333E-01    1.128043E+00    6.624539E+01
    4    2.568333E-01    1.128043E+00    5.037642E+01
    1    2.570000E-01    1.129247E+00    1.223223E+02
    2    2.570000E-01    1.129247E+00    8.927592E+01
    3    2.570000E-01    1.129247E+00    6.749707E+01
    4    2.570000E-01    1.129247E+00    5.132826E+01
    1    2.571667E-01    1.130452E+00    1.246131E+02
    2    2.571667E-01    1.130452E+00    9.094786E+01
    3    2.571667E-01    1.130452E+00    6.876113E+01
    4    2.571667E-01    1.130452E+00    5.228952E+01
    1    2.573333E-01    1.131657E+00    1.269264E+02
    2    2.573333E-01    1.131657E+00    9.263621E+01
    3    2.573333E-01    1.131657E+00    7.003761E+01
    4    2.573333E-01    1.131657E+00    5.326022E+01
    1    2.575000E-01    1.132863E+00    1.292622E+02
    2    2.575000E-01    1.132863E+00    9.434100E+01
    3    2.575000E-01    1.132863E+00    7.132652E+01
    4    2.575000E-01    1.132863E+00    5.424037E+01
    1    2.576667E-01    1.134069E+00    1.316206E+02
    2    2.576667E-01    1.134069E+00    9.606225E+01
    3    2.576667E-01    1.134069E+00    7.262787E+01
    4    2.576667E-01    1.134069E+00    5.522999E+01
    1    2.578333E-01    1.135277E+00    1.340016E+02
    2    2.578333E-01    1.135277E+00    9.779999E+01
    3    2.578333E-01    1.135277E+00    7.394169E+01
    4    2.578333E-01    1.135277E+00    5.622909E+01
    1    2.580000E-01    1.136484E+00    1.364052E+02
    2    2.580000E-01    1.136484E+00    9.955425E+01
    3    2.580000E-01    1.136484E+00    7.526800E+01
    4    2.580000E-01    1.136484E+00    5.723768E+01
    1    2.581667E-01    1.137693E+00    1.388315E+02
    2    2.581667E-01    1.137693E+00    1.013250E+02
    3    2.581667E-01    1.137693E+00    7.660681E+01
    4    2.581667E-01    1.137693E+00    5.825578E+01
    1    2.583333E-01    1.138902E+00    1.412804E+02
    2    2.583333E-01    1.138902E+00    1.031124E+02
    3    2.583333E-01    1.138902E+00    7.795814E+01
    4    2.583333E-01    1.138902E+00    5.928340E+01
    1    2.585000E-01    1.140112E+00    1.437521E+02
    2    2.585000E-01    1.140112E+00    1.049164E+02
    3    2.585000E-01    1.140112E+00    7.932201E+01
    4    2.585000E-01    1.140112E+00    6.032056E+01
    1    2.586667E-01    1.141322E+00    1.462466E+02
    2    2.586667E-01    1.141322E+00    1.067369E+02
    3    2.586667E-01    1.141322E+00    8.069845E+01
    4    2.586667E-01    1.141322E+00    6.136727E+01
    1    2.588333E-01    1.142533E+00    1.487638E+02
    2    2.588333E-01    1.142533E+00    1.085741E+02
    3    2.588333E-01    1.142533E+00    8.208746E+01
    4    2.588333E-01    1.142533E+00    6.242355E+01
    1    2.590000E-01    1.143745E+00    1.513039E+02
    2    2.590000E-01    1.143745E+00    1.104280E+02
    3    2.590000E-01    1.143745E+00    8.348908E+01
    4    2.590000E-01    1.143745E+00    6.348941E+01
    1    2.591667E-01    1.144957E+00    1.538669E+02
    2    2.591667E-01    1.144957E+00    1.122985E+02
    3    2.591667E-01    1.144957E+00    8.490331E+01
    4    2.591667E-01    1.144957E+00    6.456487E+01
    1    2.593333E-01    1.146170E+00    1.564527E+02
    2    2.593333E-01    1.146170E+00    1.141858E+02
    3    2.593333E-01    1.146170E+00    8.633017E+01
    4    2.593333E-01    1.146170E+00    6.564993E+01
    1    2.595000E-01    1.147384E+00    1.590615E+02
    2    2.595000E-01    1.147384E+00    1.160898E+02
    3    2.595000E-01    1.147384E+00    8.776970E+01
    4    2.595000E-01    1.147384E+00    6.674462E+01
    1    2.596667E-01    1.148598E+00    1.616933E+02
    2    2.596667E-01    1.148598E+00    1.180106E+02
    3    2.596667E-01    1.148598E+00    8.922189E+01
    4    2.596667E-01    1.148598E+00    6.784894E+01
    1    2.598333E-01    1.149813E+00    1.643480E+02
    2    2.598333E-01    1.149813E+00    1.199481E+02
    3    2.598333E-01    1.149813E+00    9.068678E+01
    4    2.598333E-01    1.149813E+00    6.896292E+01
    1    2.600000E-01    1.151029E+00    1.670258E+02
    2    2.600000E-01    1.151029E+00    1.219025E+02
    3    2.600000E-01    1.151029E+00    9.216438E+01
    4    2.600000E-01    1.151029E+00    7.008656E+01
    1    2.601667E-01    1.152245E+00    1.697267E+02
    2    2.601667E-01    1.152245E+00    1.238737E+02
    3    2.601667E-01    1.152245E+00    9.365471E+01
    4    2.601667E-01    1.152245E+00    7.121988E+01
    1    2.603333E-01    1.153462E+00    1.724507E+02
    2    2.603333E-01    1.153462E+00    1.258618E+02
    3    2.603333E-01    1.153462E+00    9.515779E+01
    4    2.603333E-01    1.153462E+00    7.236290E+01
    1    2.605000E-01    1.154679E+00    1.751978E+02
    2    2.605000E-01    1.154679E+00    1.278667E+02
    3    2.605000E-01    1.154679E+00    9.667364E+01
    4    2.605000E-01    1.154679E+00    7.351563E+01
    1    2.606667E-01    1.155897E+00    1.779681E+02
    2    2.606667E-01    1.155897E+00    1.298886E+02
    3    2.606667E-01    1.155897E+00    9.820227E+01
    4    2.606667E-01    1.155897E+00    7.467809E+01
    1    2.608333E-01    1.157116E+00    1.807616E+02
    2    2.608333E-01    1.157116E+00    1.319274E+02
    3    2.608333E-01    1.157116E+00    9.974372E+01
    4    2.608333E-01    1.157116E+00    7.585028E+01
    1    2.610000E-01    1.158335E+00    1.835783E+02
    2    2.610000E-01    1.158335E+00    1.339832E+02
    3    2.610000E-01    1.158335E+00    1.012980E+02
    4    2.610000E-01    1.158335E+00    7.703223E+01
    1    2.611667E-01    1.159556E+00    1.864183E+02
    2    2.611667E-01    1.159556E+00    1.360559E+02
    3    2.611667E-01    1.159556E+00    1.028651E+02
    4    2.611667E-01    1.159556E+00    7.822394E+01
    1    2.613333E-01    1.160776E+00    1.892817E+02
    2    2.613333E-01    1.160776E+00    1.381457E+02
    3    2.613333E-01    1.160776E+00    1.044451E+02
    4    2.613333E-01    1.160776E+00    7.942543E+01
    1    2.615000E-01    1.161998E+00    1.921683E+02
    2    2.615000E-01    1.161998E+00    1.402525E+02
    3    2.615000E-01    1.161998E+00    1.060379E+02
    4    2.615000E-01    1.161998E+00    8.063673E+01
    1    2.616667E-01    1.163220E+00    1.950784E+02
    2    2.616667E-01    1.163220E+00    1.423764E+02
    3    2.616667E-01    1.163220E+00    1.076437E+02
    4    2.616667E-01    1.163220E+00    8.185783E+01
    1    2.618333E-01    1.164442E+00    1.980118E+02
    2    2.618333E-01    1.164442E+00    1.445174E+02
    3    2.618333E-01    1.164442E+00    1.092624E+02
    4    2.618333E-01    1.164442E+00    8.308876E+01
    1    2.620000E-01    1.165665E+00    2.009688E+02
    2    2.620000E-01    1.165665E+00    1.466755E+02
    3    2.620000E-01    1.165665E+00    1.108940E+02
    4    2.620000E-01    1.165665E+00    8.432952E+01
    1    2.621667E-01    1.166889E+00    2.039492E+02
    2    2.621667E-01    1.166889E+00    1.488507E+02
    3    2.621667E-01    1.166889E+00    1.125386E+02
    4    2.621667E-01    1.166889E+00    8.558014E+01
    1    2.623333E-01    1.168114E+00    2.069531E+02
    2    2.623333E-01    1.168114E+00    1.510431E+02
    3    2.623333E-01    1.168114E+00    1.141961E+02
    4    2.623333E-01    1.168114E+00    8.684063E+01
    1    2.625000E-01    1.169339E+00    2.099806E+02
    2    2.625000E-01    1.169339E+00    1.532526E+02
    3    2.625000E-01    1.169339E+00    1.158667E+02
    4    2.625000E-01    1.169339E+00    8.811101E+01
    1    2.626667E-01    1.170565E+00    2.130316E+02
    2    2.626667E-01    1.170565E+00    1.554794E+02
    3    2.626667E-01    1.170565E+00    1.175502E+02
    4    2.626667E-01    1.170565E+00    8.939128E+01
    1    2.628333E-01    1.171791E+00    2.161063E+02
    2    2.628333E-01    1.171791E+00    1.577235E+02
    3    2.628333E-01    1.171791E+00    1.192468E+02
    4    2.628333E-01    1.171791E+00    9.068146E+01
    1    2.630000E-01    1.173018E+00    2.192047E+02
    2    2.630000E-01    1.173018E+00    1.599848E+02
    3    2.630000E-01    1.173018E+00    1.209565E+02
    4    2.630000E-01    1.173018E+00    9.198158E+01
    1    2.631667E-01    1.174246E+00    2.223267E+02
    2    2.631667E-01    1.174246E+00    1.622634E+02
    3    2.631667E-01    1.174246E+00    1.226792E+02
    4    2.631667E-01    1.174246E+00    9.329163E+01
    1    2.633333E-01    1.175475E+00    2.254724E+02
    2    2.633333E-01    1.175475E+00    1.645593E+02
    3    2.633333E-01    1.175475E+00    1.244150E+02
    4    2.633333E-01    1.175475E+00    9.461164E+01
    1    2.635000E-01    1.176704E+00    2.286420E+02
    2    2.635000E-01    1.176704E+00    1.668725E+02
    3    2.635000E-01    1.176704E+00    1.261640E+02
    4    2.635000E-01    1.176704E+00    9.594161E+01
    1    2.636667E-01    1.177933E+00    2.318353E+02
    2    2.636667E-01    1.177933E+00    1.692031E+02
    3    2.636667E-01    1.177933E+00    1.279260E+02
    4    2.636667E-01    1.177933E+00    9.728158E+01
    1    2.638333E-01    1.179164E+00    2.350524E+02
    2    2.638333E-01    1.179164E+00    1.715511E+02
    3    2.638333E-01    1.179164E+00    1.297013E+02
    4    2.638333E-01    1.179164E+00    9.863154E+01
    1    2.640000E-01    1.180395E+00    2.382934E+02
    2    2.640000E-01    1.180395E+00    1.739166E+02
    3    2.640000E-01    1.180395E+00    1.314896E+02
    4    2.640000E-01    1.180395E+00    9.999152E+01
    1    2.641667E-01    1.181626E+00    2.415583E+02
    2    2.641667E-01    1.181626E+00    1.762994E+02
    3    2.641667E-01    1.181626E+00    1.332912E+02
    4    2.641667E-01    1.181626E+00    1.013615E+02
    1    2.643333E-01    1.182858E+00    2.448472E+02
    2    2.643333E-01    1.182858E+00    1.786998E+02
    3    2.643333E-01    1.182858E+00    1.351060E+02
    4    2.643333E-01    1.182858E+00    1.027416E+02
    1    2.645000E-01    1.184091E+00    2.481600E+02
    2    2.645000E-01    1.184091E+00    1.811176E+02
    3    2.645000E-01    1.184091E+00    1.369340E+02
    4    2.645000E-01    1.184091E+00    1.041317E+02
    1    2.646667E-01    1.185325E+00    2.514968E+02
    2    2.646667E-01    1.185325E+00    1.835530E+02
    3    2.646667E-01    1.185325E+00    1.387752E+02
    4    2.646667E-01    1.185325E+00    1.055319E+02
    1    2.648333E-01    1.186559E+00    2.548577E+02
    2    2.648333E-01    1.186559E+00    1.860059E+02
    3    2.648333E-01    1.186559E+00    1.406297E+02
    4    2.648333E-01    1.186559E+00    1.069421E+02
    1    2.650000E-01    1.187794E+00    2.582426E+02
    2    2.650000E-01    1.187794E+00    1.884763E+02
    3    2.650000E-01    1.187794E+00    1.424975E+02
    4    2.650000E-01    1.187794E+00    1.083625E+02
    1    2.651667E-01    1.189029E+00    2.616517E+02
    2    2.651667E-01    1.189029E+00    1.909644E+02
    3    2.651667E-01    1.189029E+00    1.443786E+02
    4    2.651667E-01    1.189029E+00    1.097930E+02
    1    2.653333E-01    1.190265E+00    2.650848E+02
    2    2.653333E-01    1.190265E+00    1.934701E+02
    3    2.653333E-01    1.190265E+00    1.462730E+02
    4    2.653333E-01    1.190265E+00    1.112336E+02
    1    2.655000E-01    1.191502E+00    2.685422E+02
    2    2.655000E-01    1.191502E+00    1.959934E+02
    3    2.655000E-01    1.191502E+00    1.481808E+02
    4    2.655000E-01    1.191502E+00    1.126844E+02
    1    2.656667E-01    1.192740E+00    2.720238E+02
    2    2.656667E-01    1.192740E+00    1.985344E+02
    3    2.656667E-01    1.192740E+00    1.501019E+02
    4    2.656667E-01    1.192740E+00    1.141453E+02
    1    2.658333E-01    1.193978E+00    2.755296E+02
    2    2.658333E-01    1.193978E+00    2.010931E+02
    3    2.658333E-01    1.193978E+00    1.520364E+02
    4    2.658333E-01    1.193978E+00    1.156164E+02
    1    2.660000E-01    1.195216E+00    2.790597E+02
    2    2.660000E-01    1.195216E+00    2.036695E+02
    3    2.660000E-01    1.195216E+00    1.539843E+02
    4    2.660000E-01    1.195216E+00    1.170977E+02
    1    2.661667E-01    1.196456E+00    2.826141E+02
    2    2.661667E-01    1.196456E+00    2.062637E+02
    3    2.661667E-01    1.196456E+00    1.559457E+02
    4    2.661667E-01    1.196456E+00    1.185891E+02
    1    2.663333E-01    1.197696E+00    2.861929E+02
    2    2.663333E-01    1.197696E+00    2.088756E+02
    3    2.663333E-01    1.197696E+00    1.579204E+02
    4    2.663333E-01    1.197696E+00    1.200909E+02
    1    2.665000E-01    1.198936E+00    2.897961E+02
    2    2.665000E-01    1.198936E+00    2.115054E+02
    3    2.665000E-01    1.198936E+00    1.599086E+02
    4    2.665000E-01    1.198936E+00    1.216028E+02
    1    2.666667E-01    1.200177E+00    2.934236E+02
    2    2.666667E-01    1.200177E+00    2.141529E+02
    3    2.666667E-01    1.200177E+00    1.619103E+02
    4    2.666667E-01    1.200177E+00    1.231250E+02
    1    2.668333E-01    1.201419E+00    2.970757E+02
    2    2.668333E-01    1.201419E+00    2.168183E+02
    3    2.668333E-01    1.201419E+00    1.639255E+02
    4    2.668333E-01    1.201419E+00    1.246574E+02
    1    2.670000E-01    1.202662E+00    3.007522E+02
    2    2.670000E-01    1.202662E+00    2.195016E+02
    3    2.670000E-01    1.202662E+00    1.659542E+02
    4    2.670000E-01    1.202662E+00    1.262002E+02
    1    2.671667E-01    1.203905E+00    3.044533E+02
    2    2.671667E-01    1.203905E+00    2.222028E+02
    3    2.671667E-01    1.203905E+00    1.679965E+02
    4    2.671667E-01    1.203905E+00    1.277532E+02
    1    2.673333E-01    1.205149E+00    3.081789E+02
    2    2.673333E-01    1.205149E+00    2.249219E+02
    3    2.673333E-01    1.205149E+00    1.700522E+02
    4    2.673333E-01    1.205149E+00    1.293165E+02
    1    2.675000E-01    1.206393E+00    3.119292E+02
    2    2.675000E-01    1.206393E+00    2.276590E+02
    3    2.675000E-01    1.206393E+00    1.721216E+02
    4    2.675000E-01    1.206393E+00    1.308902E+02
    1    2.676667E-01    1.207638E+00    3.157040E+02
    2    2.676667E-01    1.207638E+00    2.304141E+02
    3    2.676667E-01    1.207638E+00    1.742046E+02
    4    2.676667E-01    1.207638E+00    1.324742E+02
    1    2.678333E-01    1.208884E+00    3.195035E+02
    2    2.678333E-01    1.208884E+00    2.331871E+02
    3    2.678333E-01    1.208884E+00    1.763011E+02
    4    2.678333E-01    1.208884E+00    1.340685E+02
    1    2.680000E-01    1.210130E+00    3.233278E+02
    2    2.680000E-01    1.210130E+00    2.359782E+02
    3    2.680000E-01    1.210130E+00    1.784113E+02
    4    2.680000E-01    1.210130E+00    1.356732E+02
    1    2.681667E-01    1.211378E+00    3.271767E+02
    2    2.681667E-01    1.211378E+00    2.387873E+02
    3    2.681667E-01    1.211378E+00    1.805352E+02
    4    2.681667E-01    1.211378E+00    1.372883E+02
    1    2.683333E-01    1.212625E+00    3.310505E+02
    2    2.683333E-01    1.212625E+00    2.416146E+02
    3    2.683333E-01    1.212625E+00    1.826727E+02
    4    2.683333E-01    1.212625E+00    1.389138E+02
    1    2.685000E-01    1.213873E+00    3.349490E+02
    2    2.685000E-01    1.213873E+00    2.444599E+02
    3    2.685000E-01    1.213873E+00    1.848239E+02
    4    2.685000E-01    1.213873E+00    1.405497E+02
    1    2.686667E-01    1.215122E+00    3.388724E+02
    2    2.686667E-01    1.215122E+00    2.473234E+02
    3    2.686667E-01    1.215122E+00    1.869888E+02
    4    2.686667E-01    1.215122E+00    1.421960E+02
    1    2.688333E-01    1.216372E+00    3.428207E+02
    2    2.688333E-01    1.216372E+00    2.502050E+02
    3    2.688333E-01    1.216372E+00    1.891675E+02
    4    2.688333E-01    1.216372E+00    1.438527E+02
    1    2.690000E-01    1.217622E+00    3.467939E+02
    2    2.690000E-01    1.217622E+00    2.531048E+02
    3    2.690000E-01    1.217622E+00    1.913599E+02
    4    2.690000E-01    1.217622E+00    1.455200E+02
    1    2.691667E-01    1.218873E+00    3.507921E+02
    2    2.691667E-01    1.218873E+00    2.560228E+02
    3    2.691667E-01    1.218873E+00    1.935660E+02
    4    2.691667E-01    1.218873E+00    1.471976E+02
    1    2.693333E-01    1.220125E+00    3.548152E+02
    2    2.693333E-01    1.220125E+00    2.589590E+02
    3    2.693333E-01    1.220125E+00    1.957860E+02
    4    2.693333E-01    1.220125E+00    1.488858E+02
    1    2.695000E-01    1.221377E+00    3.588633E+02
    2    2.695000E-01    1.221377E+00    2.619136E+02
    3    2.695000E-01    1.221377E+00    1.980198E+02
    4    2.695000E-01    1.221377E+00    1.505845E+02
    1    2.696667E-01    1.222630E+00    3.629365E+02
    2    2.696667E-01    1.222630E+00    2.648863E+02
    3    2.696667E-01    1.222630E+00    2.002673E+02
    4    2.696667E-01    1.222630E+00    1.522936E+02
    1    2.698333E-01    1.223883E+00    3.670348E+02
    2    2.698333E-01    1.223883E+00    2.678775E+02
    3    2.698333E-01    1.223883E+00    2.025288E+02
    4    2.698333E-01    1.223883E+00    1.540133E+02
    1    2.700000E-01    1.225137E+00    3.711583E+02
    2    2.700000E-01    1.225137E+00    2.708869E+02
    3    2.700000E-01    1.225137E+00    2.048041E+02
    4    2.700000E-01    1.225137E+00    1.557436E+02
    1    2.701667E-01    1.226392E+00    3.753068E+02
    2    2.701667E-01    1.226392E+00    2.739147E+02
    3    2.701667E-01    1.226392E+00    2.070932E+02
    4    2.701667E-01    1.226392E+00    1.574844E+02
    1    2.703333E-01    1.227647E+00    3.794806E+02
    2    2.703333E-01    1.227647E+00    2.769609E+02
    3    2.703333E-01    1.227647E+00    2.093963E+02
    4    2.703333E-01    1.227647E+00    1.592358E+02
    1    2.705000E-01    1.228903E+00    3.836796E+02
    2    2.705000E-01    1.228903E+00    2.800255E+02
    3    2.705000E-01    1.228903E+00    2.117133E+02
    4    2.705000E-01    1.228903E+00    1.609978E+02
    1    2.706667E-01    1.230160E+00    3.879039E+02
    2    2.706667E-01    1.230160E+00    2.831086E+02
    3    2.706667E-01    1.230160E+00    2.140443E+02
    4    2.706667E-01    1.230160E+00    1.627703E+02
    1    2.708333E-01    1.231417E+00    3.921535E+02
    2    2.708333E-01    1.231417E+00    2.862101E+02
    3    2.708333E-01    1.231417E+00    2.163892E+02
    4    2.708333E-01    1.231417E+00    1.645535E+02
    1    2.710000E-01    1.232675E+00    3.964284E+02
    2    2.710000E-01    1.232675E+00    2.893301E+02
    3    2.710000E-01    1.232675E+00    2.187481E+02
    4    2.710000E-01    1.232675E+00    1.663473E+02
    1    2.711667E-01    1.233934E+00    4.007287E+02
    2    2.711667E-01    1.233934E+00    2.924687E+02
    3    2.711667E-01    1.233934E+00    2.211210E+02
    4    2.711667E-01    1.233934E+00    1.681518E+02
    1    2.713333E-01    1.235193E+00    4.050545E+02
    2    2.713333E-01    1.235193E+00    2.956258E+02
    3    2.713333E-01    1.235193E+00    2.235079E+02
    4    2.713333E-01    1.235193E+00    1.699670E+02
    1    2.715000E-01    1.236453E+00    4.094056E+02
    2    2.715000E-01    1.236453E+00    2.988014E+02
    3    2.715000E-01    1.236453E+00    2.259088E+02
    4    2.715000E-01    1.236453E+00    1.717928E+02
    1    2.716667E-01    1.237713E+00    4.137823E+02
    2    2.716667E-01    1.237713E+00    3.019957E+02
    3    2.716667E-01    1.237713E+00    2.283239E+02
    4    2.716667E-01    1.237713E+00    1.736293E+02
    1    2.718333E-01    1.238974E+00    4.181844E+02
    2    2.718333E-01    1.238974E+00    3.052086E+02
    3    2.718333E-01    1.238974E+00    2.307530E+02
    4    2.718333E-01    1.238974E+00    1.754765E+02
    1    2.720000E-01    1.240236E+00    4.226121E+02
    2    2.720000E-01    1.240236E+00    3.084401E+02
    3    2.720000E-01    1.240236E+00    2.331962E+02
    4    2.720000E-01    1.240236E+00    1.773344E+02
    1    2.721667E-01    1.241499E+00    4.270654E+02
    2    2.721667E-01    1.241499E+00    3.116903E+02
    3    2.721667E-01    1.241499E+00    2.356535E+02
    4    2.721667E-01    1.241499E+00    1.792031E+02
    1    2.723333E-01    1.242762E+00    4.315443E+02
    2    2.723333E-01    1.242762E+00    3.149592E+02
    3    2.723333E-01    1.242762E+00    2.381249E+02
    4    2.723333E-01    1.242762E+00    1.810825E+02
    1    2.725000E-01    1.244025E+00    4.360489E+02
    2    2.725000E-01    1.244025E+00    3.182468E+02
    3    2.725000E-01    1.244025E+00    2.406105E+02
    4    2.725000E-01    1.244025E+00    1.829727E+02
    1    2.726667E-01    1.245290E+00    4.405792E+02
    2    2.726667E-01    1.245290E+00    3.215532E+02
    3    2.726667E-01    1.245290E+00    2.431103E+02
    4    2.726667E-01    1.245290E+00    1.848737E+02
    1    2.728333E-01    1.246555E+00    4.451352E+02
    2    2.728333E-01    1.246555E+00    3.248784E+02
    3    2.728333E-01    1.246555E+00    2.456243E+02
    4    2.728333E-01    1.246555E+00    1.867854E+02
    1    2.730000E-01    1.247820E+00    4.497170E+02
    2    2.730000E-01    1.247820E+00    3.282224E+02
    3    2.730000E-01    1.247820E+00    2.481525E+02
    4    2.730000E-01    1.247820E+00    1.887080E+02
    1    2.731667E-01    1.249087E+00    4.543245E+02
    2    2.731667E-01    1.249087E+00    3.315852E+02
    3    2.731667E-01    1.249087E+00    2.506950E+02
    4    2.731667E-01    1.249087E+00    1.906414E+02
    1    2.733333E-01    1.250354E+00    4.589580E+02
    2    2.733333E-01    1.250354E+00    3.349668E+02
    3    2.733333E-01    1.250354E+00    2.532517E+02
    4    2.733333E-01    1.250354E+00    1.925857E+02
    1    2.735000E-01    1.251621E+00    4.636172E+02
    2    2.735000E-01    1.251621E+00    3.383674E+02
    3    2.735000E-01    1.251621E+00    2.558227E+02
    4    2.735000E-01    1.251621E+00    1.945408E+02
    1    2.736667E-01    1.252889E+00    4.683024E+02
    2    2.736667E-01    1.252889E+00    3.417868E+02
    3    2.736667E-01    1.252889E+00    2.584079E+02
    4    2.736667E-01    1.252889E+00    1.965068E+02
    1    2.738333E-01    1.254158E+00    4.730136E+02
    2    2.738333E-01    1.254158E+00    3.452252E+02
    3    2.738333E-01    1.254158E+00    2.610075E+02
    4    2.738333E-01    1.254158E+00    1.984836E+02
    1    2.740000E-01    1.255428E+00    4.777507E+02
    2    2.740000E-01    1.255428E+00    3.486826E+02
    3    2.740000E-01    1.255428E+00    2.636215E+02
    4    2.740000E-01    1.255428E+00    2.004714E+02
    1    2.741667E-01    1.256698E+00    4.825138E+02
    2    2.741667E-01    1.256698E+00    3.521589E+02
    3    2.741667E-01    1.256698E+00    2.662497E+02
    4    2.741667E-01    1.256698E+00    2.024701E+02
    1    2.743333E-01    1.257969E+00    4.873030E+02
    2    2.743333E-01    1.257969E+00    3.556542E+02
    3    2.743333E-01    1.257969E+00    2.688924E+02
    4    2.743333E-01    1.257969E+00    2.044797E+02
    1    2.745000E-01    1.259240E+00    4.921183E+02
    2    2.745000E-01    1.259240E+00    3.591686E+02
    3    2.745000E-01    1.259240E+00    2.715495E+02
    4    2.745000E-01    1.259240E+00    2.065003E+02
    1    2.746667E-01    1.260512E+00    4.969597E+02
    2    2.746667E-01    1.260512E+00    3.627021E+02
    3    2.746667E-01    1.260512E+00    2.742209E+02
    4    2.746667E-01    1.260512E+00    2.085318E+02
    1    2.748333E-01    1.261785E+00    5.018273E+02
    2    2.748333E-01    1.261785E+00    3.662547E+02
    3    2.748333E-01    1.261785E+00    2.769068E+02
    4    2.748333E-01    1.261785E+00    2.105743E+02
    1    2.750000E-01    1.263058E+00    5.067210E+02
    2    2.750000E-01    1.263058E+00    3.698263E+02
    3    2.750000E-01    1.263058E+00    2.796072E+02
    4    2.750000E-01    1.263058E+00    2.126278E+02
    1    2.751667E-01    1.264332E+00    5.116410E+02
    2    2.751667E-01    1.264332E+00    3.734171E+02
    3    2.751667E-01    1.264332E+00    2.823221E+02
    4    2.751667E-01    1.264332E+00    2.146923E+02
    1    2.753333E-01    1.265607E+00    5.165873E+02
    2    2.753333E-01    1.265607E+00    3.770271E+02
    3    2.753333E-01    1.265607E+00    2.850514E+02
    4    2.753333E-01    1.265607E+00    2.167678E+02
    1    2.755000E-01    1.266882E+00    5.215599E+02
    2    2.755000E-01    1.266882E+00    3.806563E+02
    3    2.755000E-01    1.266882E+00    2.877952E+02
    4    2.755000E-01    1.266882E+00    2.188544E+02
    1    2.756667E-01    1.268158E+00    5.265588E+02
    2    2.756667E-01    1.268158E+00    3.843047E+02
    3    2.756667E-01    1.268158E+00    2.905536E+02
    4    2.756667E-01    1.268158E+00    2.209520E+02
    1    2.758333E-01    1.269435E+00    5.315840E+02
    2    2.758333E-01    1.269435E+00    3.879724E+02
    3    2.758333E-01    1.269435E+00    2.933265E+02
    4    2.758333E-01    1.269435E+00    2.230607E+02
    1    2.760000E-01    1.270712E+00    5.366357E+02
    2    2.760000E-01    1.270712E+00    3.916593E+02
    3    2.760000E-01    1.270712E+00    2.961141E+02
    4    2.760000E-01    1.270712E+00    2.251804E+02
    1    2.761667E-01    1.271990E+00    5.417139E+02
    2    2.761667E-01    1.271990E+00    3.953656E+02
    3    2.761667E-01    1.271990E+00    2.989162E+02
    4    2.761667E-01    1.271990E+00    2.273113E+02
    1    2.763333E-01    1.273268E+00    5.468185E+02
    2    2.763333E-01    1.273268E+00    3.990911E+02
    3    2.763333E-01    1.273268E+00    3.017329E+02
    4    2.763333E-01    1.273268E+00    2.294533E+02
    1    2.765000E-01    1.274547E+00    5.519496E+02
    2    2.765000E-01    1.274547E+00    4.028361E+02
    3    2.765000E-01    1.274547E+00    3.045642E+02
    4    2.765000E-01    1.274547E+00    2.316064E+02
    1    2.766667E-01    1.275827E+00    5.571073E+02
    2    2.766667E-01    1.275827E+00    4.066004E+02
    3    2.766667E-01    1.275827E+00    3.074102E+02
    4    2.766667E-01    1.275827E+00    2.337706E+02
    1    2.768333E-01    1.277108E+00    5.622916E+02
    2    2.768333E-01    1.277108E+00    4.103841E+02
    3    2.768333E-01    1.277108E+00    3.102709E+02
    4    2.768333E-01    1.277108E+00    2.359460E+02
    1    2.770000E-01    1.278389E+00    5.675026E+02
    2    2.770000E-01    1.278389E+00    4.141872E+02
    3    2.770000E-01    1.278389E+00    3.131463E+02
    4    2.770000E-01    1.278389E+00    2.381326E+02
    1    2.771667E-01    1.279670E+00    5.727401E+02
    2    2.771667E-01    1.279670E+00    4.180098E+02
    3    2.771667E-01    1.279670E+00    3.160364E+02
    4    2.771667E-01    1.279670E+00    2.403304E+02
    1    2.773333E-01    1.280953E+00    5.780044E+02
    2    2.773333E-01    1.280953E+00    4.218519E+02
    3    2.773333E-01    1.280953E+00    3.189412E+02
    4    2.773333E-01    1.280953E+00    2.425394E+02
    1    2.775000E-01    1.282236E+00    5.832955E+02
    2    2.775000E-01    1.282236E+00    4.257136E+02
    3    2.775000E-01    1.282236E+00    3.218608E+02
    4    2.775000E-01    1.282236E+00    2.447596E+02
    1    2.776667E-01    1.283519E+00    5.886133E+02
    2    2.776667E-01    1.283519E+00    4.295947E+02
    3    2.776667E-01    1.283519E+00    3.247951E+02
    4    2.776667E-01    1.283519E+00    2.469910E+02
    1    2.778333E-01    1.284804E+00    5.939579E+02
    2    2.778333E-01    1.284804E+00    4.334954E+02
    3    2.778333E-01    1.284804E+00    3.277442E+02
    4    2.778333E-01    1.284804E+00    2.492337E+02
    1    2.780000E-01    1.286088E+00    5.993293E+02
    2    2.780000E-01    1.286088E+00    4.374157E+02
    3    2.780000E-01    1.286088E+00    3.307082E+02
    4    2.780000E-01    1.286088E+00    2.514876E+02
    1    2.781667E-01    1.287374E+00    6.047276E+02
    2    2.781667E-01    1.287374E+00    4.413557E+02
    3    2.781667E-01    1.287374E+00    3.336870E+02
    4    2.781667E-01    1.287374E+00    2.537528E+02
    1    2.783333E-01    1.288660E+00    6.101529E+02
    2    2.783333E-01    1.288660E+00    4.453152E+02
    3    2.783333E-01    1.288660E+00    3.366806E+02
    4    2.783333E-01    1.288660E+00    2.560294E+02
    1    2.785000E-01    1.289947E+00    6.156051E+02
    2    2.785000E-01    1.289947E+00    4.492945E+02
    3    2.785000E-01    1.289947E+00    3.396891E+02
    4    2.785000E-01    1.289947E+00    2.583172E+02
    1    2.786667E-01    1.291235E+00    6.210843E+02
    2    2.786667E-01    1.291235E+00    4.532934E+02
    3    2.786667E-01    1.291235E+00    3.427125E+02
    4    2.786667E-01    1.291235E+00    2.606163E+02
    1    2.788333E-01    1.292523E+00    6.265905E+02
    2    2.788333E-01    1.292523E+00    4.573121E+02
    3    2.788333E-01    1.292523E+00    3.457509E+02
    4    2.788333E-01    1.292523E+00    2.629268E+02
    1    2.790000E-01    1.293811E+00    6.321238E+02
    2    2.790000E-01    1.293811E+00    4.613505E+02
    3    2.790000E-01    1.293811E+00    3.488041E+02
    4    2.790000E-01    1.293811E+00    2.652487E+02
    1    2.791667E-01    1.295101E+00    6.376842E+02
    2    2.791667E-01    1.295101E+00    4.654087E+02
    3    2.791667E-01    1.295101E+00    3.518723E+02
    4    2.791667E-01    1.295101E+00    2.675819E+02
    1    2.793333E-01    1.296391E+00    6.432717E+02
    2    2.793333E-01    1.296391E+00    4.694868E+02
    3    2.793333E-01    1.296391E+00    3.549555E+02
    4    2.793333E-01    1.296391E+00    2.699265E+02
    1    2.795000E-01    1.297682E+00    6.488864E+02
    2    2.795000E-01    1.297682E+00    4.735846E+02
    3    2.795000E-01    1.297682E+00    3.580537E+02
    4    2.795000E-01    1.297682E+00    2.722825E+02
    1    2.796667E-01    1.298973E+00    6.545283E+02
    2    2.796667E-01    1.298973E+00    4.777023E+02
    3    2.796667E-01    1.298973E+00    3.611668E+02
    4    2.796667E-01    1.298973E+00    2.746500E+02
    1    2.798333E-01    1.300265E+00    6.601975E+02
    2    2.798333E-01    1.300265E+00    4.818399E+02
    3    2.798333E-01    1.300265E+00    3.642951E+02
    4    2.798333E-01    1.300265E+00    2.770288E+02
    1    2.800000E-01    1.301557E+00    6.658939E+02
    2    2.800000E-01    1.301557E+00    4.859974E+02
    3    2.800000E-01    1.301557E+00    3.674383E+02
    4    2.800000E-01    1.301557E+00    2.794191E+02
    1    2.801667E-01    1.302851E+00    6.716177E+02
    2    2.801667E-01    1.302851E+00    4.901748E+02
    3    2.801667E-01    1.302851E+00    3.705967E+02
    4    2.801667E-01    1.302851E+00    2.818209E+02
    1    2.803333E-01    1.304145E+00    6.773688E+02
    2    2.803333E-01    1.304145E+00    4.943722E+02
    3    2.803333E-01    1.304145E+00    3.737701E+02
    4    2.803333E-01    1.304145E+00    2.842341E+02
    1    2.805000E-01    1.305439E+00    6.831473E+02
    2    2.805000E-01    1.305439E+00    4.985896E+02
    3    2.805000E-01    1.305439E+00    3.769587E+02
    4    2.805000E-01    1.305439E+00    2.866589E+02
    1    2.806667E-01    1.306734E+00    6.889532E+02
    2    2.806667E-01    1.306734E+00    5.028270E+02
    3    2.806667E-01    1.306734E+00    3.801624E+02
    4    2.806667E-01    1.306734E+00    2.890951E+02
    1    2.808333E-01    1.308030E+00    6.947866E+02
    2    2.808333E-01    1.308030E+00    5.070845E+02
    3    2.808333E-01    1.308030E+00    3.833812E+02
    4    2.808333E-01    1.308030E+00    2.915429E+02
    1    2.810000E-01    1.309327E+00    7.006475E+02
    2    2.810000E-01    1.309327E+00    5.113620E+02
    3    2.810000E-01    1.309327E+00    3.866153E+02
    4    2.810000E-01    1.309327E+00    2.940022E+02
    1    2.811667E-01    1.310624E+00    7.065359E+02
    2    2.811667E-01    1.310624E+00    5.156596E+02
    3    2.811667E-01    1.310624E+00    3.898645E+02
    4    2.811667E-01    1.310624E+00    2.964731E+02
    1    2.813333E-01    1.311922E+00    7.124519E+02
    2    2.813333E-01    1.311922E+00    5.199774E+02
    3    2.813333E-01    1.311922E+00    3.931289E+02
    4    2.813333E-01    1.311922E+00    2.989556E+02
    1    2.815000E-01    1.313220E+00    7.183955E+02
    2    2.815000E-01    1.313220E+00    5.243153E+02
    3    2.815000E-01    1.313220E+00    3.964086E+02
    4    2.815000E-01    1.313220E+00    3.014496E+02
    1    2.816667E-01    1.314519E+00    7.243668E+02
    2    2.816667E-01    1.314519E+00    5.286733E+02
    3    2.816667E-01    1.314519E+00    3.997035E+02
    4    2.816667E-01    1.314519E+00    3.039552E+02
    1    2.818333E-01    1.315819E+00    7.303657E+02
    2    2.818333E-01    1.315819E+00    5.330516E+02
    3    2.818333E-01    1.315819E+00    4.030137E+02
    4    2.818333E-01    1.315819E+00    3.064725E+02
    1    2.820000E-01    1.317119E+00    7.363924E+02
    2    2.820000E-01    1.317119E+00    5.374501E+02
    3    2.820000E-01    1.317119E+00    4.063392E+02
    4    2.820000E-01    1.317119E+00    3.090013E+02
    1    2.821667E-01    1.318420E+00    7.424468E+02
    2    2.821667E-01    1.318420E+00    5.418689E+02
    3    2.821667E-01    1.318420E+00    4.096800E+02
    4    2.821667E-01    1.318420E+00    3.115419E+02
    1    2.823333E-01    1.319722E+00    7.485290E+02
    2    2.823333E-01    1.319722E+00    5.463080E+02
    3    2.823333E-01    1.319722E+00    4.130362E+02
    4    2.823333E-01    1.319722E+00    3.140941E+02
    1    2.825000E-01    1.321024E+00    7.546391E+02
    2    2.825000E-01    1.321024E+00    5.507673E+02
    3    2.825000E-01    1.321024E+00    4.164077E+02
    4    2.825000E-01    1.321024E+00    3.166579E+02
    1    2.826667E-01    1.322327E+00    7.607770E+02
    2    2.826667E-01    1.322327E+00    5.552470E+02
    3    2.826667E-01    1.322327E+00    4.197945E+02
    4    2.826667E-01    1.322327E+00    3.192335E+02
    1    2.828333E-01    1.323630E+00    7.669428E+02
    2    2.828333E-01    1.323630E+00    5.597471E+02
    3    2.828333E-01    1.323630E+00    4.231968E+02
    4    2.828333E-01    1.323630E+00    3.218208E+02
    1    2.830000E-01    1.324934E+00    7.731366E+02
    2    2.830000E-01    1.324934E+00    5.642676E+02
    3    2.830000E-01    1.324934E+00    4.266145E+02
    4    2.830000E-01    1.324934E+00    3.244198E+02
    1    2.831667E-01    1.326239E+00    7.793583E+02
    2    2.831667E-01    1.326239E+00    5.688085E+02
    3    2.831667E-01    1.326239E+00    4.300477E+02
    4    2.831667E-01    1.326239E+00    3.270305E+02
    1    2.833333E-01    1.327545E+00    7.856081E+02
    2    2.833333E-01    1.327545E+00    5.733698E+02
    3    2.833333E-01    1.327545E+00    4.334963E+02
    4    2.833333E-01    1.327545E+00    3.296530E+02
    1    2.835000E-01    1.328851E+00    7.918859E+02
    2    2.835000E-01    1.328851E+00    5.779516E+02
    3    2.835000E-01    1.328851E+00    4.369603E+02
    4    2.835000E-01    1.328851E+00    3.322872E+02
    1    2.836667E-01    1.330158E+00    7.981917E+02
    2    2.836667E-01    1.330158E+00    5.825539E+02
    3    2.836667E-01    1.330158E+00    4.404399E+02
    4    2.836667E-01    1.330158E+00    3.349333E+02
    1    2.838333E-01    1.331465E+00    8.045258E+02
    2    2.838333E-01    1.331465E+00    5.871767E+02
    3    2.838333E-01    1.331465E+00    4.439350E+02
    4    2.838333E-01    1.331465E+00    3.375911E+02
    1    2.840000E-01    1.332773E+00    8.108879E+02
    2    2.840000E-01    1.332773E+00    5.918201E+02
    3    2.840000E-01    1.332773E+00    4.474456E+02
    4    2.840000E-01    1.332773E+00    3.402608E+02
    1    2.841667E-01    1.334082E+00    8.172783E+02
    2    2.841667E-01    1.334082E+00    5.964841E+02
    3    2.841667E-01    1.334082E+00    4.509718E+02
    4    2.841667E-01    1.334082E+00    3.429423E+02
    1    2.843333E-01    1.335391E+00    8.236969E+02
    2    2.843333E-01    1.335391E+00    6.011687E+02
    3    2.843333E-01    1.335391E+00    4.545136E+02
    4    2.843333E-01    1.335391E+00    3.456357E+02
    1    2.845000E-01    1.336701E+00    8.301438E+02
    2    2.845000E-01    1.336701E+00    6.058739E+02
    3    2.845000E-01    1.336701E+00    4.580710E+02
    4    2.845000E-01    1.336701E+00    3.483409E+02
    1    2.846667E-01    1.338011E+00    8.366190E+02
    2    2.846667E-01    1.338011E+00    6.105997E+02
    3    2.846667E-01    1.338011E+00    4.616440E+02
    4    2.846667E-01    1.338011E+00    3.510580E+02
    1    2.848333E-01    1.339323E+00    8.431226E+02
    2    2.848333E-01    1.339323E+00    6.153463E+02
    3    2.848333E-01    1.339323E+00    4.652326E+02
    4    2.848333E-01    1.339323E+00    3.537869E+02
    1    2.850000E-01    1.340635E+00    8.496545E+02
    2    2.850000E-01    1.340635E+00    6.201136E+02
    3    2.850000E-01    1.340635E+00    4.688369E+02
    4    2.850000E-01    1.340635E+00    3.565278E+02
    1    2.851667E-01    1.341947E+00    8.562148E+02
    2    2.851667E-01    1.341947E+00    6.249016E+02
    3    2.851667E-01    1.341947E+00    4.724569E+02
    4    2.851667E-01    1.341947E+00    3.592807E+02
    1    2.853333E-01    1.343260E+00    8.628037E+02
    2    2.853333E-01    1.343260E+00    6.297104E+02
    3    2.853333E-01    1.343260E+00    4.760926E+02
    4    2.853333E-01    1.343260E+00    3.620454E+02
    1    2.855000E-01    1.344574E+00    8.694210E+02
    2    2.855000E-01    1.344574E+00    6.345400E+02
    3    2.855000E-01    1.344574E+00    4.797440E+02
    4    2.855000E-01    1.344574E+00    3.648221E+02
    1    2.856667E-01    1.345889E+00    8.760668E+02
    2    2.856667E-01    1.345889E+00    6.393904E+02
    3    2.856667E-01    1.345889E+00    4.834111E+02
    4    2.856667E-01    1.345889E+00    3.676108E+02
    1    2.858333E-01    1.347204E+00    8.827412E+02
    2    2.858333E-01    1.347204E+00    6.442616E+02
    3    2.858333E-01    1.347204E+00    4.870941E+02
    4    2.858333E-01    1.347204E+00    3.704115E+02
    1    2.860000E-01    1.348519E+00    8.894442E+02
    2    2.860000E-01    1.348519E+00    6.491538E+02
    3    2.860000E-01    1.348519E+00    4.907928E+02
    4    2.860000E-01    1.348519E+00    3.732242E+02
    1    2.861667E-01    1.349836E+00    8.961759E+02
    2    2.861667E-01    1.349836E+00    6.540668E+02
    3    2.861667E-01    1.349836E+00    4.945073E+02
    4    2.861667E-01    1.349836E+00    3.760489E+02
    1    2.863333E-01    1.351153E+00    9.029362E+02
    2    2.863333E-01    1.351153E+00    6.590008E+02
    3    2.863333E-01    1.351153E+00    4.982376E+02
    4    2.863333E-01    1.351153E+00    3.788856E+02
    1    2.865000E-01    1.352470E+00    9.097252E+02
    2    2.865000E-01    1.352470E+00    6.639557E+02
    3    2.865000E-01    1.352470E+00    5.019838E+02
    4    2.865000E-01    1.352470E+00    3.817344E+02
    1    2.866667E-01    1.353789E+00    9.165430E+02
    2    2.866667E-01    1.353789E+00    6.689317E+02
    3    2.866667E-01    1.353789E+00    5.057458E+02
    4    2.866667E-01    1.353789E+00    3.845953E+02
    1    2.868333E-01    1.355108E+00    9.233896E+02
    2    2.868333E-01    1.355108E+00    6.739286E+02
    3    2.868333E-01    1.355108E+00    5.095238E+02
    4    2.868333E-01    1.355108E+00    3.874682E+02
    1    2.870000E-01    1.356427E+00    9.302651E+02
    2    2.870000E-01    1.356427E+00    6.789466E+02
    3    2.870000E-01    1.356427E+00    5.133176E+02
    4    2.870000E-01    1.356427E+00    3.903532E+02
    1    2.871667E-01    1.357747E+00    9.371694E+02
    2    2.871667E-01    1.357747E+00    6.839856E+02
    3    2.871667E-01    1.357747E+00    5.171274E+02
    4    2.871667E-01    1.357747E+00    3.932504E+02
    1    2.873333E-01    1.359068E+00    9.441026E+02
    2    2.873333E-01    1.359068E+00    6.890458E+02
    3    2.873333E-01    1.359068E+00    5.209531E+02
    4    2.873333E-01    1.359068E+00    3.961597E+02
    1    2.875000E-01    1.360390E+00    9.510647E+02
    2    2.875000E-01    1.360390E+00    6.941270E+02
    3    2.875000E-01    1.360390E+00    5.247948E+02
    4    2.875000E-01    1.360390E+00    3.990811E+02
    1    2.876667E-01    1.361712E+00    9.580558E+02
    2    2.876667E-01    1.361712E+00    6.992294E+02
    3    2.876667E-01    1.361712E+00    5.286524E+02
    4    2.876667E-01    1.361712E+00    4.020147E+02
    1    2.878333E-01    1.363035E+00    9.650760E+02
    2    2.878333E-01    1.363035E+00    7.043530E+02
    3    2.878333E-01    1.363035E+00    5.325261E+02
    4    2.878333E-01    1.363035E+00    4.049604E+02
    1    2.880000E-01    1.364358E+00    9.721251E+02
    2    2.880000E-01    1.364358E+00    7.094978E+02
    3    2.880000E-01    1.364358E+00    5.364159E+02
    4    2.880000E-01    1.364358E+00    4.079184E+02
    1    2.881667E-01    1.365682E+00    9.792034E+02
    2    2.881667E-01    1.365682E+00    7.146638E+02
    3    2.881667E-01    1.365682E+00    5.403216E+02
    4    2.881667E-01    1.365682E+00    4.108885E+02
    1    2.883333E-01    1.367007E+00    9.863108E+02
    2    2.883333E-01    1.367007E+00    7.198511E+02
    3    2.883333E-01    1.367007E+00    5.442435E+02
    4    2.883333E-01    1.367007E+00    4.138709E+02
    1    2.885000E-01    1.368332E+00    9.934474E+02
    2    2.885000E-01    1.368332E+00    7.250597E+02
    3    2.885000E-01    1.368332E+00    5.481814E+02
    4    2.885000E-01    1.368332E+00    4.168655E+02
    1    2.886667E-01    1.369658E+00    1.000613E+03
    2    2.886667E-01    1.369658E+00    7.302896E+02
    3    2.886667E-01    1.369658E+00    5.521355E+02
    4    2.886667E-01    1.369658E+00    4.198724E+02
    1    2.888333E-01    1.370985E+00    1.007808E+03
    2    2.888333E-01    1.370985E+00    7.355408E+02
    3    2.888333E-01    1.370985E+00    5.561056E+02
    4    2.888333E-01    1.370985E+00    4.228915E+02
    1    2.890000E-01    1.372312E+00    1.015032E+03
    2    2.890000E-01    1.372312E+00    7.408134E+02
    3    2.890000E-01    1.372312E+00    5.600920E+02
    4    2.890000E-01    1.372312E+00    4.259229E+02
    1    2.891667E-01    1.373640E+00    1.022286E+03
    2    2.891667E-01    1.373640E+00    7.461074E+02
    3    2.891667E-01    1.373640E+00    5.640945E+02
    4    2.891667E-01    1.373640E+00    4.289666E+02
    1    2.893333E-01    1.374969E+00    1.029569E+03
    2    2.893333E-01    1.374969E+00    7.514228E+02
    3    2.893333E-01    1.374969E+00    5.681132E+02
    4    2.893333E-01    1.374969E+00    4.320227E+02
    1    2.895000E-01    1.376298E+00    1.036881E+03
    2    2.895000E-01    1.376298E+00    7.567596E+02
    3    2.895000E-01    1.376298E+00    5.721481E+02
    4    2.895000E-01    1.376298E+00    4.350910E+02
    1    2.896667E-01    1.377628E+00    1.044223E+03
    2    2.896667E-01    1.377628E+00    7.621179E+02
    3    2.896667E-01    1.377628E+00    5.761993E+02
    4    2.896667E-01    1.377628E+00    4.381718E+02
    1    2.898333E-01    1.378959E+00    1.051594E+03
    2    2.898333E-01    1.378959E+00    7.674978E+02
    3    2.898333E-01    1.378959E+00    5.802667E+02
    4    2.898333E-01    1.378959E+00    4.412648E+02
    1    2.900000E-01    1.380290E+00    1.058995E+03
    2    2.900000E-01    1.380290E+00    7.728992E+02
    3    2.900000E-01    1.380290E+00    5.843504E+02
    4    2.900000E-01    1.380290E+00    4.443703E+02
    1    2.901667E-01    1.381621E+00    1.066425E+03
    2    2.901667E-01    1.381621E+00    7.783221E+02
    3    2.901667E-01    1.381621E+00    5.884505E+02
    4    2.901667E-01    1.381621E+00    4.474882E+02
    1    2.903333E-01    1.382954E+00    1.073885E+03
    2    2.903333E-01    1.382954E+00    7.837666E+02
    3    2.903333E-01    1.382954E+00    5.925668E+02
    4    2.903333E-01    1.382954E+00    4.506184E+02
    1    2.905000E-01    1.384287E+00    1.081375E+03
    2    2.905000E-01    1.384287E+00    7.892327E+02
    3    2.905000E-01    1.384287E+00    5.966994E+02
    4    2.905000E-01    1.384287E+00    4.537611E+02
    1    2.906667E-01    1.385621E+00    1.088894E+03
    2    2.906667E-01    1.385621E+00    7.947205E+02
    3    2.906667E-01    1.385621E+00    6.008485E+02
    4    2.906667E-01    1.385621E+00    4.569163E+02
    1    2.908333E-01    1.386955E+00    1.096443E+03
    2    2.908333E-01    1.386955E+00    8.002299E+02
    3    2.908333E-01    1.386955E+00    6.050139E+02
    4    2.908333E-01    1.386955E+00    4.600839E+02
    1    2.910000E-01    1.388290E+00    1.104021E+03
    2    2.910000E-01    1.388290E+00    8.057611E+02
    3    2.910000E-01    1.388290E+00    6.091957E+02
    4    2.910000E-01    1.388290E+00    4.632639E+02
    1    2.911667E-01    1.389626E+00    1.111629E+03
    2    2.911667E-01    1.389626E+00    8.113139E+02
    3    2.911667E-01    1.389626E+00    6.133939E+02
    4    2.911667E-01    1.389626E+00    4.664565E+02
    1    2.913333E-01    1.390962E+00    1.119268E+03
    2    2.913333E-01    1.390962E+00    8.168886E+02
    3    2.913333E-01    1.390962E+00    6.176086E+02
    4    2.913333E-01    1.390962E+00    4.696615E+02
    1    2.915000E-01    1.392299E+00    1.126936E+03
    2    2.915000E-01    1.392299E+00    8.224849E+02
    3    2.915000E-01    1.392299E+00    6.218398E+02
    4    2.915000E-01    1.392299E+00    4.728791E+02
    1    2.916667E-01    1.393636E+00    1.134633E+03
    2    2.916667E-01    1.393636E+00    8.281031E+02
    3    2.916667E-01    1.393636E+00    6.260874E+02
    4    2.916667E-01    1.393636E+00    4.761093E+02
    1    2.918333E-01    1.394975E+00    1.142361E+03
    2    2.918333E-01    1.394975E+00    8.337432E+02
    3    2.918333E-01    1.394975E+00    6.303516E+02
    4    2.918333E-01    1.394975E+00    4.793519E+02
    1    2.920000E-01    1.396314E+00    1.150119E+03
    2    2.920000E-01    1.396314E+00    8.394051E+02
    3    2.920000E-01    1.396314E+00    6.346323E+02
    4    2.920000E-01    1.396314E+00    4.826072E+02
    1    2.921667E-01    1.397653E+00    1.157907E+03
    2    2.921667E-01    1.397653E+00    8.450889E+02
    3    2.921667E-01    1.397653E+00    6.389295E+02
    4    2.921667E-01    1.397653E+00    4.858750E+02
    1    2.923333E-01    1.398993E+00    1.165724E+03
    2    2.923333E-01    1.398993E+00    8.507946E+02
    3    2.923333E-01    1.398993E+00    6.432433E+02
    4    2.923333E-01    1.398993E+00    4.891555E+02
    1    2.925000E-01    1.400334E+00    1.173572E+03
    2    2.925000E-01    1.400334E+00    8.565222E+02
    3    2.925000E-01    1.400334E+00    6.475737E+02
    4    2.925000E-01    1.400334E+00    4.924485E+02
    1    2.926667E-01    1.401675E+00    1.181450E+03
    2    2.926667E-01    1.401675E+00    8.622718E+02
    3    2.926667E-01    1.401675E+00    6.519207E+02
    4    2.926667E-01    1.401675E+00    4.957542E+02
    1    2.928333E-01    1.403017E+00    1.189358E+03
    2    2.928333E-01    1.403017E+00    8.680434E+02
    3    2.928333E-01    1.403017E+00    6.562843E+02
    4    2.928333E-01    1.403017E+00    4.990725E+02
    1    2.930000E-01    1.404360E+00    1.197296E+03
    2    2.930000E-01    1.404360E+00    8.738371E+02
    3    2.930000E-01    1.404360E+00    6.606646E+02
    4    2.930000E-01    1.404360E+00    5.024035E+02
    1    2.931667E-01    1.405703E+00    1.205265E+03
    2    2.931667E-01    1.405703E+00    8.796528E+02
    3    2.931667E-01    1.405703E+00    6.650615E+02
    4    2.931667E-01    1.405703E+00    5.057472E+02
    1    2.933333E-01    1.407047E+00    1.213263E+03
    2    2.933333E-01    1.407047E+00    8.854906E+02
    3    2.933333E-01    1.407047E+00    6.694752E+02
    4    2.933333E-01    1.407047E+00    5.091036E+02
    1    2.935000E-01    1.408392E+00    1.221292E+03
    2    2.935000E-01    1.408392E+00    8.913505E+02
    3    2.935000E-01    1.408392E+00    6.739056E+02
    4    2.935000E-01    1.408392E+00    5.124726E+02
    1    2.936667E-01    1.409737E+00    1.229352E+03
    2    2.936667E-01    1.409737E+00    8.972325E+02
    3    2.936667E-01    1.409737E+00    6.783527E+02
    4    2.936667E-01    1.409737E+00    5.158545E+02
    1    2.938333E-01    1.411083E+00    1.237441E+03
    2    2.938333E-01    1.411083E+00    9.031367E+02
    3    2.938333E-01    1.411083E+00    6.828165E+02
    4    2.938333E-01    1.411083E+00    5.192490E+02
    1    2.940000E-01    1.412430E+00    1.245561E+03
    2    2.940000E-01    1.412430E+00    9.090631E+02
    3    2.940000E-01    1.412430E+00    6.872972E+02
    4    2.940000E-01    1.412430E+00    5.226563E+02
    1    2.941667E-01    1.413777E+00    1.253712E+03
    2    2.941667E-01    1.413777E+00    9.150117E+02
    3    2.941667E-01    1.413777E+00    6.917946E+02
    4    2.941667E-01    1.413777E+00    5.260764E+02
    1    2.943333E-01    1.415125E+00    1.261893E+03
    2    2.943333E-01    1.415125E+00    9.209825E+02
    3    2.943333E-01    1.415125E+00    6.963089E+02
    4    2.943333E-01    1.415125E+00    5.295093E+02
    1    2.945000E-01    1.416473E+00    1.270105E+03
    2    2.945000E-01    1.416473E+00    9.269757E+02
    3    2.945000E-01    1.416473E+00    7.008400E+02
    4    2.945000E-01    1.416473E+00    5.329550E+02
    1    2.946667E-01    1.417823E+00    1.278347E+03
    2    2.946667E-01    1.417823E+00    9.329911E+02
    3    2.946667E-01    1.417823E+00    7.053880E+02
    4    2.946667E-01    1.417823E+00    5.364135E+02
    1    2.948333E-01    1.419172E+00    1.286619E+03
    2    2.948333E-01    1.419172E+00    9.390289E+02
    3    2.948333E-01    1.419172E+00    7.099528E+02
    4    2.948333E-01    1.419172E+00    5.398849E+02
    1    2.950000E-01    1.420523E+00    1.294923E+03
    2    2.950000E-01    1.420523E+00    9.450890E+02
    3    2.950000E-01    1.420523E+00    7.145346E+02
    4    2.950000E-01    1.420523E+00    5.433691E+02
    1    2.951667E-01    1.421874E+00    1.303257E+03
    2    2.951667E-01    1.421874E+00    9.511716E+02
    3    2.951667E-01    1.421874E+00    7.191333E+02
    4    2.951667E-01    1.421874E+00    5.468662E+02
    1    2.953333E-01    1.423225E+00    1.311621E+03
    2    2.953333E-01    1.423225E+00    9.572765E+02
    3    2.953333E-01    1.423225E+00    7.237489E+02
    4    2.953333E-01    1.423225E+00    5.503761E+02
    1    2.955000E-01    1.424578E+00    1.320017E+03
    2    2.955000E-01    1.424578E+00    9.634039E+02
    3    2.955000E-01    1.424578E+00    7.283815E+02
    4    2.955000E-01    1.424578E+00    5.538990E+02
    1    2.956667E-01    1.425931E+00    1.328443E+03
    2    2.956667E-01    1.425931E+00    9.695537E+02
    3    2.956667E-01    1.425931E+00    7.330311E+02
    4    2.956667E-01    1.425931E+00    5.574348E+02
    1    2.958333E-01    1.427284E+00    1.336900E+03
    2    2.958333E-01    1.427284E+00    9.757261E+02
    3    2.958333E-01    1.427284E+00    7.376977E+02
    4    2.958333E-01    1.427284E+00    5.609835E+02
    1    2.960000E-01    1.428639E+00    1.345388E+03
    2    2.960000E-01    1.428639E+00    9.819210E+02
    3    2.960000E-01    1.428639E+00    7.423814E+02
    4    2.960000E-01    1.428639E+00    5.645452E+02
    1    2.961667E-01    1.429994E+00    1.353907E+03
    2    2.961667E-01    1.429994E+00    9.881384E+02
    3    2.961667E-01    1.429994E+00    7.470821E+02
    4    2.961667E-01    1.429994E+00    5.681199E+02
    1    2.963333E-01    1.431349E+00    1.362457E+03
    2    2.963333E-01    1.431349E+00    9.943784E+02
    3    2.963333E-01    1.431349E+00    7.517998E+02
    4    2.963333E-01    1.431349E+00    5.717075E+02
    1    2.965000E-01    1.432705E+00    1.371038E+03
    2    2.965000E-01    1.432705E+00    1.000641E+03
    3    2.965000E-01    1.432705E+00    7.565347E+02
    4    2.965000E-01    1.432705E+00    5.753081E+02
    1    2.966667E-01    1.434062E+00    1.379650E+03
    2    2.966667E-01    1.434062E+00    1.006926E+03
    3    2.966667E-01    1.434062E+00    7.612867E+02
    4    2.966667E-01    1.434062E+00    5.789218E+02
    1    2.968333E-01    1.435420E+00    1.388292E+03
    2    2.968333E-01    1.435420E+00    1.013234E+03
    3    2.968333E-01    1.435420E+00    7.660558E+02
    4    2.968333E-01    1.435420E+00    5.825484E+02
    1    2.970000E-01    1.436778E+00    1.396966E+03
    2    2.970000E-01    1.436778E+00    1.019565E+03
    3    2.970000E-01    1.436778E+00    7.708421E+02
    4    2.970000E-01    1.436778E+00    5.861882E+02
    1    2.971667E-01    1.438137E+00    1.405672E+03
    2    2.971667E-01    1.438137E+00    1.025918E+03
    3    2.971667E-01    1.438137E+00    7.756455E+02
    4    2.971667E-01    1.438137E+00    5.898410E+02
    1    2.973333E-01    1.439496E+00    1.414408E+03
    2    2.973333E-01    1.439496E+00    1.032294E+03
    3    2.973333E-01    1.439496E+00    7.804662E+02
    4    2.973333E-01    1.439496E+00    5.935068E+02
    1    2.975000E-01    1.440856E+00    1.423175E+03
    2    2.975000E-01    1.440856E+00    1.038693E+03
    3    2.975000E-01    1.440856E+00    7.853040E+02
    4    2.975000E-01    1.440856E+00    5.971858E+02
    1    2.976667E-01    1.442217E+00    1.431974E+03
    2    2.976667E-01    1.442217E+00    1.045115E+03
    3    2.976667E-01    1.442217E+00    7.901591E+02
    4    2.976667E-01    1.442217E+00    6.008779E+02
    1    2.978333E-01    1.443578E+00    1.440804E+03
    2    2.978333E-01    1.443578E+00    1.051559E+03
    3    2.978333E-01    1.443578E+00    7.950315E+02
    4    2.978333E-01    1.443578E+00    6.045831E+02
    1    2.980000E-01    1.444940E+00    1.449665E+03
    2    2.980000E-01    1.444940E+00    1.058027E+03
    3    2.980000E-01    1.444940E+00    7.999212E+02
    4    2.980000E-01    1.444940E+00    6.083014E+02
    1    2.981667E-01    1.446303E+00    1.458558E+03
    2    2.981667E-01    1.446303E+00    1.064517E+03
    3    2.981667E-01    1.446303E+00    8.048282E+02
    4    2.981667E-01    1.446303E+00    6.120330E+02
    1    2.983333E-01    1.447666E+00    1.467482E+03
    2    2.983333E-01    1.447666E+00    1.071030E+03
    3    2.983333E-01    1.447666E+00    8.097525E+02
    4    2.983333E-01    1.447666E+00    6.157777E+02
    1    2.985000E-01    1.449030E+00    1.476438E+03
    2    2.985000E-01    1.449030E+00    1.077566E+03
    3    2.985000E-01    1.449030E+00    8.146941E+02
    4    2.985000E-01    1.449030E+00    6.195355E+02
    1    2.986667E-01    1.450394E+00    1.485425E+03
    2    2.986667E-01    1.450394E+00    1.084125E+03
    3    2.986667E-01    1.450394E+00    8.196531E+02
    4    2.986667E-01    1.450394E+00    6.233066E+02
    1    2.988333E-01    1.451759E+00    1.494443E+03
    2    2.988333E-01    1.451759E+00    1.090708E+03
    3    2.988333E-01    1.451759E+00    8.246295E+02
    4    2.988333E-01    1.451759E+00    6.270909E+02
    1    2.990000E-01    1.453125E+00    1.503493E+03
    2    2.990000E-01    1.453125E+00    1.097313E+03
    3    2.990000E-01    1.453125E+00    8.296234E+02
    4    2.990000E-01    1.453125E+00    6.308885E+02
    1    2.991667E-01    1.454492E+00    1.512575E+03
    2    2.991667E-01    1.454492E+00    1.103941E+03
    3    2.991667E-01    1.454492E+00    8.346346E+02
    4    2.991667E-01    1.454492E+00    6.346993E+02
    1    2.993333E-01    1.455859E+00    1.521688E+03
    2    2.993333E-01    1.455859E+00    1.110592E+03
    3    2.993333E-01    1.455859E+00    8.396633E+02
    4    2.993333E-01    1.455859E+00    6.385234E+02
    1    2.995000E-01    1.457227E+00    1.530833E+03
    2    2.995000E-01    1.457227E+00    1.117267E+03
    3    2.995000E-01    1.457227E+00    8.447095E+02
    4    2.995000E-01    1.457227E+00    6.423608E+02
    1    2.996667E-01    1.458595E+00    1.540010E+03
    2    2.996667E-01    1.458595E+00    1.123964E+03
    3    2.996667E-01    1.458595E+00    8.497732E+02
    4    2.996667E-01    1.458595E+00    6.462115E+02
    1    2.998333E-01    1.459964E+00    1.549219E+03
    2    2.998333E-01    1.459964E+00    1.130685E+03
    3    2.998333E-01    1.459964E+00    8.548544E+02
    4    2.998333E-01    1.459964E+00    6.500755E+02
    1    3.000000E-01    1.461334E+00    1.558459E+03
    2    3.000000E-01    1.461334E+00    1.137429E+03
    3    3.000000E-01    1.461334E+00    8.599531E+02
    4    3.000000E-01    1.461334E+00    6.539528E+02
    1    3.001667E-01    1.462704E+00    1.567731E+03
    2    3.001667E-01    1.462704E+00    1.144196E+03
    3    3.001667E-01    1.462704E+00    8.650695E+02
    4    3.001667E-01    1.462704E+00    6.578436E+02
    1    3.003333E-01    1.464075E+00    1.577035E+03
    2    3.003333E-01    1.464075E+00    1.150986E+03
    3    3.003333E-01    1.464075E+00    8.702033E+02
    4    3.003333E-01    1.464075E+00    6.617476E+02
    1    3.005000E-01    1.465447E+00    1.586371E+03
    2    3.005000E-01    1.465447E+00    1.157800E+03
    3    3.005000E-01    1.465447E+00    8.753548E+02
    4    3.005000E-01    1.465447E+00    6.656651E+02
    1    3.006667E-01    1.466819E+00    1.595739E+03
    2    3.006667E-01    1.466819E+00    1.164637E+03
    3    3.006667E-01    1.466819E+00    8.805240E+02
    4    3.006667E-01    1.466819E+00    6.695960E+02
    1    3.008333E-01    1.468192E+00    1.605138E+03
    2    3.008333E-01    1.468192E+00    1.171497E+03
    3    3.008333E-01    1.468192E+00    8.857107E+02
    4    3.008333E-01    1.468192E+00    6.735402E+02
    1    3.010000E-01    1.469565E+00    1.614570E+03
    2    3.010000E-01    1.469565E+00    1.178381E+03
    3    3.010000E-01    1.469565E+00    8.909152E+02
    4    3.010000E-01    1.469565E+00    6.774980E+02
    1    3.011667E-01    1.470939E+00    1.624034E+03
    2    3.011667E-01    1.470939E+00    1.185288E+03
    3    3.011667E-01    1.470939E+00    8.961373E+02
    4    3.011667E-01    1.470939E+00    6.814691E+02
    1    3.013333E-01    1.472314E+00    1.633530E+03
    2    3.013333E-01    1.472314E+00    1.192219E+03
    3    3.013333E-01    1.472314E+00    9.013771E+02
    4    3.013333E-01    1.472314E+00    6.854538E+02
    1    3.015000E-01    1.473690E+00    1.643058E+03
    2    3.015000E-01    1.473690E+00    1.199173E+03
    3    3.015000E-01    1.473690E+00    9.066347E+02
    4    3.015000E-01    1.473690E+00    6.894519E+02
    1    3.016667E-01    1.475066E+00    1.652618E+03
    2    3.016667E-01    1.475066E+00    1.206150E+03
    3    3.016667E-01    1.475066E+00    9.119100E+02
    4    3.016667E-01    1.475066E+00    6.934635E+02
    1    3.018333E-01    1.476443E+00    1.662211E+03
    2    3.018333E-01    1.476443E+00    1.213151E+03
    3    3.018333E-01    1.476443E+00    9.172031E+02
    4    3.018333E-01    1.476443E+00    6.974887E+02
    1    3.020000E-01    1.477820E+00    1.671835E+03
    2    3.020000E-01    1.477820E+00    1.220176E+03
    3    3.020000E-01    1.477820E+00    9.225140E+02
    4    3.020000E-01    1.477820E+00    7.015274E+02
    1    3.021667E-01    1.479198E+00    1.681492E+03
    2    3.021667E-01    1.479198E+00    1.227224E+03
    3    3.021667E-01    1.479198E+00    9.278427E+02
    4    3.021667E-01    1.479198E+00    7.055796E+02
    1    3.023333E-01    1.480577E+00    1.691182E+03
    2    3.023333E-01    1.480577E+00    1.234296E+03
    3    3.023333E-01    1.480577E+00    9.331893E+02
    4    3.023333E-01    1.480577E+00    7.096454E+02
    1    3.025000E-01    1.481956E+00    1.700904E+03
    2    3.025000E-01    1.481956E+00    1.241391E+03
    3    3.025000E-01    1.481956E+00    9.385537E+02
    4    3.025000E-01    1.481956E+00    7.137248E+02
    1    3.026667E-01    1.483336E+00    1.710658E+03
    2    3.026667E-01    1.483336E+00    1.248510E+03
    3    3.026667E-01    1.483336E+00    9.439360E+02
    4    3.026667E-01    1.483336E+00    7.178177E+02
    1    3.028333E-01    1.484717E+00    1.720444E+03
    2    3.028333E-01    1.484717E+00    1.255653E+03
    3    3.028333E-01    1.484717E+00    9.493362E+02
    4    3.028333E-01    1.484717E+00    7.219243E+02
    1    3.030000E-01    1.486098E+00    1.730263E+03
    2    3.030000E-01    1.486098E+00    1.262819E+03
    3    3.030000E-01    1.486098E+00    9.547543E+02
    4    3.030000E-01    1.486098E+00    7.260446E+02
    1    3.031667E-01    1.487480E+00    1.740115E+03
    2    3.031667E-01    1.487480E+00    1.270009E+03
    3    3.031667E-01    1.487480E+00    9.601904E+02
    4    3.031667E-01    1.487480E+00    7.301784E+02
    1    3.033333E-01    1.488862E+00    1.749999E+03
    2    3.033333E-01    1.488862E+00    1.277223E+03
    3    3.033333E-01    1.488862E+00    9.656444E+02
    4    3.033333E-01    1.488862E+00    7.343260E+02
    1    3.035000E-01    1.490245E+00    1.759916E+03
    2    3.035000E-01    1.490245E+00    1.284461E+03
    3    3.035000E-01    1.490245E+00    9.711165E+02
    4    3.035000E-01    1.490245E+00    7.384872E+02
    1    3.036667E-01    1.491629E+00    1.769865E+03
    2    3.036667E-01    1.491629E+00    1.291722E+03
    3    3.036667E-01    1.491629E+00    9.766065E+02
    4    3.036667E-01    1.491629E+00    7.426621E+02
    1    3.038333E-01    1.493014E+00    1.779847E+03
    2    3.038333E-01    1.493014E+00    1.299007E+03
    3    3.038333E-01    1.493014E+00    9.821146E+02
    4    3.038333E-01    1.493014E+00    7.468507E+02
    1    3.040000E-01    1.494399E+00    1.789862E+03
    2    3.040000E-01    1.494399E+00    1.306317E+03
    3    3.040000E-01    1.494399E+00    9.876407E+02
    4    3.040000E-01    1.494399E+00    7.510531E+02
    1    3.041667E-01    1.495784E+00    1.799910E+03
    2    3.041667E-01    1.495784E+00    1.313650E+03
    3    3.041667E-01    1.495784E+00    9.931849E+02
    4    3.041667E-01    1.495784E+00    7.552692E+02
    1    3.043333E-01    1.497171E+00    1.809990E+03
    2    3.043333E-01    1.497171E+00    1.321007E+03
    3    3.043333E-01    1.497171E+00    9.987472E+02
    4    3.043333E-01    1.497171E+00    7.594991E+02
    1    3.045000E-01    1.498558E+00    1.820103E+03
    2    3.045000E-01    1.498558E+00    1.328388E+03
    3    3.045000E-01    1.498558E+00    1.004328E+03
    4    3.045000E-01    1.498558E+00    7.637427E+02
    1    3.046667E-01    1.499946E+00    1.830249E+03
    2    3.046667E-01    1.499946E+00    1.335793E+03
    3    3.046667E-01    1.499946E+00    1.009926E+03
    4    3.046667E-01    1.499946E+00    7.680002E+02
    1    3.048333E-01    1.501334E+00    1.840428E+03
    2    3.048333E-01    1.501334E+00    1.343222E+03
    3    3.048333E-01    1.501334E+00    1.015543E+03
    4    3.048333E-01    1.501334E+00    7.722714E+02
    1    3.050000E-01    1.502723E+00    1.850640E+03
    2    3.050000E-01    1.502723E+00    1.350675E+03
    3    3.050000E-01    1.502723E+00    1.021178E+03
    4    3.050000E-01    1.502723E+00    7.765565E+02
    1    3.051667E-01    1.504112E+00    1.860885E+03
    2    3.051667E-01    1.504112E+00    1.358152E+03
    3    3.051667E-01    1.504112E+00    1.026831E+03
    4    3.051667E-01    1.504112E+00    7.808554E+02
    1    3.053333E-01    1.505503E+00    1.871163E+03
    2    3.053333E-01    1.505503E+00    1.365653E+03
    3    3.053333E-01    1.505503E+00    1.032502E+03
    4    3.053333E-01    1.505503E+00    7.851682E+02
    1    3.055000E-01    1.506893E+00    1.881474E+03
    2    3.055000E-01    1.506893E+00    1.373179E+03
    3    3.055000E-01    1.506893E+00    1.038192E+03
    4    3.055000E-01    1.506893E+00    7.894949E+02
    1    3.056667E-01    1.508285E+00    1.891818E+03
    2    3.056667E-01    1.508285E+00    1.380728E+03
    3    3.056667E-01    1.508285E+00    1.043900E+03
    4    3.056667E-01    1.508285E+00    7.938354E+02
    1    3.058333E-01    1.509677E+00    1.902196E+03
    2    3.058333E-01    1.509677E+00    1.388302E+03
    3    3.058333E-01    1.509677E+00    1.049626E+03
    4    3.058333E-01    1.509677E+00    7.981899E+02
    1    3.060000E-01    1.511070E+00    1.912606E+03
    2    3.060000E-01    1.511070E+00    1.395900E+03
    3    3.060000E-01    1.511070E+00    1.055370E+03
    4    3.060000E-01    1.511070E+00    8.025583E+02
    1    3.061667E-01    1.512463E+00    1.923050E+03
    2    3.061667E-01    1.512463E+00    1.403523E+03
    3    3.061667E-01    1.512463E+00    1.061133E+03
    4    3.061667E-01    1.512463E+00    8.069406E+02
    1    3.063333E-01    1.513857E+00    1.933527E+03
    2    3.063333E-01    1.513857E+00    1.411169E+03
    3    3.063333E-01    1.513857E+00    1.066914E+03
    4    3.063333E-01    1.513857E+00    8.113369E+02
    1    3.065000E-01    1.515252E+00    1.944037E+03
    2    3.065000E-01    1.515252E+00    1.418840E+03
    3    3.065000E-01    1.515252E+00    1.072714E+03
    4    3.065000E-01    1.515252E+00    8.157472E+02
    1    3.066667E-01    1.516648E+00    1.954581E+03
    2    3.066667E-01    1.516648E+00    1.426535E+03
    3    3.066667E-01    1.516648E+00    1.078532E+03
    4    3.066667E-01    1.516648E+00    8.201715E+02
    1    3.068333E-01    1.518044E+00    1.965158E+03
    2    3.068333E-01    1.518044E+00    1.434255E+03
    3    3.068333E-01    1.518044E+00    1.084368E+03
    4    3.068333E-01    1.518044E+00    8.246098E+02
    1    3.070000E-01    1.519440E+00    1.975768E+03
    2    3.070000E-01    1.519440E+00    1.441999E+03
    3    3.070000E-01    1.519440E+00    1.090223E+03
    4    3.070000E-01    1.519440E+00    8.290621E+02
    1    3.071667E-01    1.520837E+00    1.986412E+03
    2    3.071667E-01    1.520837E+00    1.449767E+03
    3    3.071667E-01    1.520837E+00    1.096096E+03
    4    3.071667E-01    1.520837E+00    8.335284E+02
    1    3.073333E-01    1.522235E+00    1.997089E+03
    2    3.073333E-01    1.522235E+00    1.457560E+03
    3    3.073333E-01    1.522235E+00    1.101988E+03
    4    3.073333E-01    1.522235E+00    8.380088E+02
    1    3.075000E-01    1.523634E+00    2.007800E+03
    2    3.075000E-01    1.523634E+00    1.465377E+03
    3    3.075000E-01    1.523634E+00    1.107899E+03
    4    3.075000E-01    1.523634E+00    8.425033E+02
    1    3.076667E-01    1.525033E+00    2.018545E+03
    2    3.076667E-01    1.525033E+00    1.473219E+03
    3    3.076667E-01    1.525033E+00    1.113827E+03
    4    3.076667E-01    1.525033E+00    8.470119E+02
    1    3.078333E-01    1.526433E+00    2.029323E+03
    2    3.078333E-01    1.526433E+00    1.481085E+03
    3    3.078333E-01    1.526433E+00    1.119775E+03
    4    3.078333E-01    1.526433E+00    8.515346E+02
    1    3.080000E-01    1.527834E+00    2.040135E+03
    2    3.080000E-01    1.527834E+00    1.488976E+03
    3    3.080000E-01    1.527834E+00    1.125741E+03
    4    3.080000E-01    1.527834E+00    8.560714E+02
    1    3.081667E-01    1.529235E+00    2.050981E+03
    2    3.081667E-01    1.529235E+00    1.496892E+03
    3    3.081667E-01    1.529235E+00    1.131725E+03
    4    3.081667E-01    1.529235E+00    8.606224E+02
    1    3.083333E-01    1.530637E+00    2.061860E+03
    2    3.083333E-01    1.530637E+00    1.504832E+03
    3    3.083333E-01    1.530637E+00    1.137728E+03
    4    3.083333E-01    1.530637E+00    8.651875E+02
    1    3.085000E-01    1.532039E+00    2.072773E+03
    2    3.085000E-01    1.532039E+00    1.512797E+03
    3    3.085000E-01    1.532039E+00    1.143750E+03
    4    3.085000E-01    1.532039E+00    8.697668E+02
    1    3.086667E-01    1.533442E+00    2.083720E+03
    2    3.086667E-01    1.533442E+00    1.520786E+03
    3    3.086667E-01    1.533442E+00    1.149791E+03
    4    3.086667E-01    1.533442E+00    8.743603E+02
    1    3.088333E-01    1.534846E+00    2.094701E+03
    2    3.088333E-01    1.534846E+00    1.528801E+03
    3    3.088333E-01    1.534846E+00    1.155850E+03
    4    3.088333E-01    1.534846E+00    8.789679E+02
    1    3.090000E-01    1.536250E+00    2.105715E+03
    2    3.090000E-01    1.536250E+00    1.536840E+03
    3    3.090000E-01    1.536250E+00    1.161928E+03
    4    3.090000E-01    1.536250E+00    8.835899E+02
    1    3.091667E-01    1.537655E+00    2.116764E+03
    2    3.091667E-01    1.537655E+00    1.544903E+03
    3    3.091667E-01    1.537655E+00    1.168024E+03
    4    3.091667E-01    1.537655E+00    8.882260E+02
    1    3.093333E-01    1.539061E+00    2.127846E+03
    2    3.093333E-01    1.539061E+00    1.552992E+03
    3    3.093333E-01    1.539061E+00    1.174140E+03
    4    3.093333E-01    1.539061E+00    8.928764E+02
    1    3.095000E-01    1.540467E+00    2.138963E+03
    2    3.095000E-01    1.540467E+00    1.561105E+03
    3    3.095000E-01    1.540467E+00    1.180274E+03
    4    3.095000E-01    1.540467E+00    8.975411E+02
    1    3.096667E-01    1.541874E+00    2.150114E+03
    2    3.096667E-01    1.541874E+00    1.569243E+03
    3    3.096667E-01    1.541874E+00    1.186427E+03
    4    3.096667E-01    1.541874E+00    9.022201E+02
    1    3.098333E-01    1.543282E+00    2.161298E+03
    2    3.098333E-01    1.543282E+00    1.577406E+03
    3    3.098333E-01    1.543282E+00    1.192598E+03
    4    3.098333E-01    1.543282E+00    9.069134E+02
    1    3.100000E-01    1.544690E+00    2.172517E+03
    2    3.100000E-01    1.544690E+00    1.585594E+03
    3    3.100000E-01    1.544690E+00    1.198789E+03
    4    3.100000E-01    1.544690E+00    9.116210E+02
    1    3.101667E-01    1.546099E+00    2.183770E+03
    2    3.101667E-01    1.546099E+00    1.593807E+03
    3    3.101667E-01    1.546099E+00    1.204998E+03
    4    3.101667E-01    1.546099E+00    9.163430E+02
    1    3.103333E-01    1.547508E+00    2.195058E+03
    2    3.103333E-01    1.547508E+00    1.602045E+03
    3    3.103333E-01    1.547508E+00    1.211227E+03
    4    3.103333E-01    1.547508E+00    9.210793E+02
    1    3.105000E-01    1.548918E+00    2.206379E+03
    2    3.105000E-01    1.548918E+00    1.610308E+03
    3    3.105000E-01    1.548918E+00    1.217474E+03
    4    3.105000E-01    1.548918E+00    9.258300E+02
    1    3.106667E-01    1.550329E+00    2.217735E+03
    2    3.106667E-01    1.550329E+00    1.618596E+03
    3    3.106667E-01    1.550329E+00    1.223740E+03
    4    3.106667E-01    1.550329E+00    9.305951E+02
    1    3.108333E-01    1.551740E+00    2.229125E+03
    2    3.108333E-01    1.551740E+00    1.626909E+03
    3    3.108333E-01    1.551740E+00    1.230025E+03
    4    3.108333E-01    1.551740E+00    9.353745E+02
    1    3.110000E-01    1.553152E+00    2.240550E+03
    2    3.110000E-01    1.553152E+00    1.635247E+03
    3    3.110000E-01    1.553152E+00    1.236329E+03
    4    3.110000E-01    1.553152E+00    9.401685E+02
    1    3.111667E-01    1.554565E+00    2.252009E+03
    2    3.111667E-01    1.554565E+00    1.643611E+03
    3    3.111667E-01    1.554565E+00    1.242652E+03
    4    3.111667E-01    1.554565E+00    9.449768E+02
    1    3.113333E-01    1.555979E+00    2.263502E+03
    2    3.113333E-01    1.555979E+00    1.651999E+03
    3    3.113333E-01    1.555979E+00    1.248994E+03
    4    3.113333E-01    1.555979E+00    9.497996E+02
    1    3.115000E-01    1.557393E+00    2.275030E+03
    2    3.115000E-01    1.557393E+00    1.660413E+03
    3    3.115000E-01    1.557393E+00    1.255355E+03
    4    3.115000E-01    1.557393E+00    9.546369E+02
    1    3.116667E-01    1.558807E+00    2.286593E+03
    2    3.116667E-01    1.558807E+00    1.668851E+03
    3    3.116667E-01    1.558807E+00    1.261735E+03
    4    3.116667E-01    1.558807E+00    9.594887E+02
    1    3.118333E-01    1.560222E+00    2.298190E+03
    2    3.118333E-01    1.560222E+00    1.677315E+03
    3    3.118333E-01    1.560222E+00    1.268134E+03
    4    3.118333E-01    1.560222E+00    9.643550E+02
    1    3.120000E-01    1.561638E+00    2.309821E+03
    2    3.120000E-01    1.561638E+00    1.685805E+03
    3    3.120000E-01    1.561638E+00    1.274553E+03
    4    3.120000E-01    1.561638E+00    9.692358E+02
    1    3.121667E-01    1.563055E+00    2.321488E+03
    2    3.121667E-01    1.563055E+00    1.694319E+03
    3    3.121667E-01    1.563055E+00    1.280990E+03
    4    3.121667E-01    1.563055E+00    9.741312E+02
    1    3.123333E-01    1.564472E+00    2.333189E+03
    2    3.123333E-01    1.564472E+00    1.702859E+03
    3    3.123333E-01    1.564472E+00    1.287447E+03
    4    3.123333E-01    1.564472E+00    9.790411E+02
    1    3.125000E-01    1.565890E+00    2.344924E+03
    2    3.125000E-01    1.565890E+00    1.711424E+03
    3    3.125000E-01    1.565890E+00    1.293923E+03
    4    3.125000E-01    1.565890E+00    9.839656E+02
    1    3.126667E-01    1.567308E+00    2.356695E+03
    2    3.126667E-01    1.567308E+00    1.720015E+03
    3    3.126667E-01    1.567308E+00    1.300417E+03
    4    3.126667E-01    1.567308E+00    9.889047E+02
    1    3.128333E-01    1.568728E+00    2.368500E+03
    2    3.128333E-01    1.568728E+00    1.728631E+03
    3    3.128333E-01    1.568728E+00    1.306932E+03
    4    3.128333E-01    1.568728E+00    9.938584E+02
    1    3.130000E-01    1.570147E+00    2.380340E+03
    2    3.130000E-01    1.570147E+00    1.737273E+03
    3    3.130000E-01    1.570147E+00    1.313465E+03
    4    3.130000E-01    1.570147E+00    9.988267E+02
    1    3.131667E-01    1.571568E+00    2.392215E+03
    2    3.131667E-01    1.571568E+00    1.745939E+03
    3    3.131667E-01    1.571568E+00    1.320018E+03
    4    3.131667E-01    1.571568E+00    1.003810E+03
    1    3.133333E-01    1.572989E+00    2.404126E+03
    2    3.133333E-01    1.572989E+00    1.754632E+03
    3    3.133333E-01    1.572989E+00    1.326590E+03
    4    3.133333E-01    1.572989E+00    1.008807E+03
    1    3.135000E-01    1.574410E+00    2.416071E+03
    2    3.135000E-01    1.574410E+00    1.763350E+03
    3    3.135000E-01    1.574410E+00    1.333181E+03
    4    3.135000E-01    1.574410E+00    1.013820E+03
    1    3.136667E-01    1.575833E+00    2.428051E+03
    2    3.136667E-01    1.575833E+00    1.772093E+03
    3    3.136667E-01    1.575833E+00    1.339791E+03
    4    3.136667E-01    1.575833E+00    1.018847E+03
    1    3.138333E-01    1.577256E+00    2.440066E+03
    2    3.138333E-01    1.577256E+00    1.780863E+03
    3    3.138333E-01    1.577256E+00    1.346421E+03
    4    3.138333E-01    1.577256E+00    1.023888E+03
    1    3.140000E-01    1.578679E+00    2.452116E+03
    2    3.140000E-01    1.578679E+00    1.789657E+03
    3    3.140000E-01    1.578679E+00    1.353070E+03
    4    3.140000E-01    1.578679E+00    1.028945E+03
    1    3.141667E-01    1.580104E+00    2.464201E+03
    2    3.141667E-01    1.580104E+00    1.798478E+03
    3    3.141667E-01    1.580104E+00    1.359739E+03
    4    3.141667E-01    1.580104E+00    1.034016E+03
    1    3.143333E-01    1.581529E+00    2.476322E+03
    2    3.143333E-01    1.581529E+00    1.807324E+03
    3    3.143333E-01    1.581529E+00    1.366427E+03
    4    3.143333E-01    1.581529E+00    1.039102E+03
    1    3.145000E-01    1.582954E+00    2.488477E+03
    2    3.145000E-01    1.582954E+00    1.816195E+03
    3    3.145000E-01    1.582954E+00    1.373135E+03
    4    3.145000E-01    1.582954E+00    1.044203E+03
    1    3.146667E-01    1.584380E+00    2.500668E+03
    2    3.146667E-01    1.584380E+00    1.825093E+03
    3    3.146667E-01    1.584380E+00    1.379862E+03
    4    3.146667E-01    1.584380E+00    1.049318E+03
    1    3.148333E-01    1.585807E+00    2.512895E+03
    2    3.148333E-01    1.585807E+00    1.834016E+03
    3    3.148333E-01    1.585807E+00    1.386608E+03
    4    3.148333E-01    1.585807E+00    1.054448E+03
    1    3.150000E-01    1.587235E+00    2.525156E+03
    2    3.150000E-01    1.587235E+00    1.842965E+03
    3    3.150000E-01    1.587235E+00    1.393374E+03
    4    3.150000E-01    1.587235E+00    1.059594E+03
    1    3.151667E-01    1.588663E+00    2.537453E+03
    2    3.151667E-01    1.588663E+00    1.851940E+03
    3    3.151667E-01    1.588663E+00    1.400159E+03
    4    3.151667E-01    1.588663E+00    1.064754E+03
    1    3.153333E-01    1.590092E+00    2.549786E+03
    2    3.153333E-01    1.590092E+00    1.860941E+03
    3    3.153333E-01    1.590092E+00    1.406964E+03
    4    3.153333E-01    1.590092E+00    1.069928E+03
    1    3.155000E-01    1.591521E+00    2.562153E+03
    2    3.155000E-01    1.591521E+00    1.869967E+03
    3    3.155000E-01    1.591521E+00    1.413789E+03
    4    3.155000E-01    1.591521E+00    1.075118E+03
    1    3.156667E-01    1.592951E+00    2.574557E+03
    2    3.156667E-01    1.592951E+00    1.879020E+03
    3    3.156667E-01    1.592951E+00    1.420633E+03
    4    3.156667E-01    1.592951E+00    1.080323E+03
    1    3.158333E-01    1.594382E+00    2.586996E+03
    2    3.158333E-01    1.594382E+00    1.888098E+03
    3    3.158333E-01    1.594382E+00    1.427497E+03
    4    3.158333E-01    1.594382E+00    1.085542E+03
    1    3.160000E-01    1.595813E+00    2.599470E+03
    2    3.160000E-01    1.595813E+00    1.897203E+03
    3    3.160000E-01    1.595813E+00    1.434380E+03
    4    3.160000E-01    1.595813E+00    1.090777E+03
    1    3.161667E-01    1.597245E+00    2.611980E+03
    2    3.161667E-01    1.597245E+00    1.906333E+03
    3    3.161667E-01    1.597245E+00    1.441283E+03
    4    3.161667E-01    1.597245E+00    1.096026E+03
    1    3.163333E-01    1.598678E+00    2.624526E+03
    2    3.163333E-01    1.598678E+00    1.915489E+03
    3    3.163333E-01    1.598678E+00    1.448206E+03
    4    3.163333E-01    1.598678E+00    1.101291E+03
    1    3.165000E-01    1.600111E+00    2.637107E+03
    2    3.165000E-01    1.600111E+00    1.924672E+03
    3    3.165000E-01    1.600111E+00    1.455148E+03
    4    3.165000E-01    1.600111E+00    1.106570E+03
    1    3.166667E-01    1.601545E+00    2.649725E+03
    2    3.166667E-01    1.601545E+00    1.933880E+03
    3    3.166667E-01    1.601545E+00    1.462110E+03
    4    3.166667E-01    1.601545E+00    1.111864E+03
    1    3.168333E-01    1.602979E+00    2.662378E+03
    2    3.168333E-01    1.602979E+00    1.943115E+03
    3    3.168333E-01    1.602979E+00    1.469092E+03
    4    3.168333E-01    1.602979E+00    1.117174E+03
    1    3.170000E-01    1.604414E+00    2.675066E+03
    2    3.170000E-01    1.604414E+00    1.952376E+03
    3    3.170000E-01    1.604414E+00    1.476094E+03
    4    3.170000E-01    1.604414E+00    1.122498E+03
    1    3.171667E-01    1.605850E+00    2.687791E+03
    2    3.171667E-01    1.605850E+00    1.961663E+03
    3    3.171667E-01    1.605850E+00    1.483115E+03
    4    3.171667E-01    1.605850E+00    1.127838E+03
    1    3.173333E-01    1.607287E+00    2.700552E+03
    2    3.173333E-01    1.607287E+00    1.970976E+03
    3    3.173333E-01    1.607287E+00    1.490157E+03
    4    3.173333E-01    1.607287E+00    1.133192E+03
    1    3.175000E-01    1.608724E+00    2.713348E+03
    2    3.175000E-01    1.608724E+00    1.980316E+03
    3    3.175000E-01    1.608724E+00    1.497218E+03
    4    3.175000E-01    1.608724E+00    1.138562E+03
    1    3.176667E-01    1.610162E+00    2.726181E+03
    2    3.176667E-01    1.610162E+00    1.989681E+03
    3    3.176667E-01    1.610162E+00    1.504299E+03
    4    3.176667E-01    1.610162E+00    1.143947E+03
    1    3.178333E-01    1.611600E+00    2.739049E+03
    2    3.178333E-01    1.611600E+00    1.999073E+03
    3    3.178333E-01    1.611600E+00    1.511400E+03
    4    3.178333E-01    1.611600E+00    1.149346E+03
    1    3.180000E-01    1.613039E+00    2.751954E+03
    2    3.180000E-01    1.613039E+00    2.008492E+03
    3    3.180000E-01    1.613039E+00    1.518520E+03
    4    3.180000E-01    1.613039E+00    1.154761E+03
    1    3.181667E-01    1.614479E+00    2.764895E+03
    2    3.181667E-01    1.614479E+00    2.017936E+03
    3    3.181667E-01    1.614479E+00    1.525661E+03
    4    3.181667E-01    1.614479E+00    1.160191E+03
    1    3.183333E-01    1.615919E+00    2.777871E+03
    2    3.183333E-01    1.615919E+00    2.027407E+03
    3    3.183333E-01    1.615919E+00    1.532821E+03
    4    3.183333E-01    1.615919E+00    1.165637E+03
    1    3.185000E-01    1.617360E+00    2.790884E+03
    2    3.185000E-01    1.617360E+00    2.036905E+03
    3    3.185000E-01    1.617360E+00    1.540002E+03
    4    3.185000E-01    1.617360E+00    1.171097E+03
    1    3.186667E-01    1.618802E+00    2.803934E+03
    2    3.186667E-01    1.618802E+00    2.046429E+03
    3    3.186667E-01    1.618802E+00    1.547203E+03
    4    3.186667E-01    1.618802E+00    1.176573E+03
    1    3.188333E-01    1.620244E+00    2.817019E+03
    2    3.188333E-01    1.620244E+00    2.055979E+03
    3    3.188333E-01    1.620244E+00    1.554423E+03
    4    3.188333E-01    1.620244E+00    1.182064E+03
    1    3.190000E-01    1.621687E+00    2.830141E+03
    2    3.190000E-01    1.621687E+00    2.065556E+03
    3    3.190000E-01    1.621687E+00    1.561664E+03
    4    3.190000E-01    1.621687E+00    1.187570E+03
    1    3.191667E-01    1.623130E+00    2.843299E+03
    2    3.191667E-01    1.623130E+00    2.075159E+03
    3    3.191667E-01    1.623130E+00    1.568924E+03
    4    3.191667E-01    1.623130E+00    1.193091E+03
    1    3.193333E-01    1.624574E+00    2.856494E+03
    2    3.193333E-01    1.624574E+00    2.084789E+03
    3    3.193333E-01    1.624574E+00    1.576205E+03
    4    3.193333E-01    1.624574E+00    1.198628E+03
    1    3.195000E-01    1.626019E+00    2.869725E+03
    2    3.195000E-01    1.626019E+00    2.094446E+03
    3    3.195000E-01    1.626019E+00    1.583506E+03
    4    3.195000E-01    1.626019E+00    1.204180E+03
    1    3.196667E-01    1.627465E+00    2.882992E+03
    2    3.196667E-01    1.627465E+00    2.104129E+03
    3    3.196667E-01    1.627465E+00    1.590827E+03
    4    3.196667E-01    1.627465E+00    1.209747E+03
    1    3.198333E-01    1.628911E+00    2.896296E+03
    2    3.198333E-01    1.628911E+00    2.113839E+03
    3    3.198333E-01    1.628911E+00    1.598168E+03
    4    3.198333E-01    1.628911E+00    1.215330E+03
    1    3.200000E-01    1.630358E+00    2.909637E+03
    2    3.200000E-01    1.630358E+00    2.123575E+03
    3    3.200000E-01    1.630358E+00    1.605529E+03
    4    3.200000E-01    1.630358E+00    1.220928E+03
    1    3.201667E-01    1.631805E+00    2.923014E+03
    2    3.201667E-01    1.631805E+00    2.133339E+03
    3    3.201667E-01    1.631805E+00    1.612911E+03
    4    3.201667E-01    1.631805E+00    1.226541E+03
    1    3.203333E-01    1.633253E+00    2.936428E+03
    2    3.203333E-01    1.633253E+00    2.143129E+03
    3    3.203333E-01    1.633253E+00    1.620313E+03
    4    3.203333E-01    1.633253E+00    1.232169E+03
    1    3.205000E-01    1.634702E+00    2.949878E+03
    2    3.205000E-01    1.634702E+00    2.152945E+03
    3    3.205000E-01    1.634702E+00    1.627734E+03
    4    3.205000E-01    1.634702E+00    1.237813E+03
    1    3.206667E-01    1.636151E+00    2.963366E+03
    2    3.206667E-01    1.636151E+00    2.162789E+03
    3    3.206667E-01    1.636151E+00    1.635177E+03
    4    3.206667E-01    1.636151E+00    1.243473E+03
    1    3.208333E-01    1.637601E+00    2.976890E+03
    2    3.208333E-01    1.637601E+00    2.172659E+03
    3    3.208333E-01    1.637601E+00    1.642639E+03
    4    3.208333E-01    1.637601E+00    1.249148E+03
    1    3.210000E-01    1.639051E+00    2.990450E+03
    2    3.210000E-01    1.639051E+00    2.182556E+03
    3    3.210000E-01    1.639051E+00    1.650122E+03
    4    3.210000E-01    1.639051E+00    1.254838E+03
    1    3.211667E-01    1.640503E+00    3.004048E+03
    2    3.211667E-01    1.640503E+00    2.192481E+03
    3    3.211667E-01    1.640503E+00    1.657625E+03
    4    3.211667E-01    1.640503E+00    1.260544E+03
    1    3.213333E-01    1.641955E+00    3.017682E+03
    2    3.213333E-01    1.641955E+00    2.202432E+03
    3    3.213333E-01    1.641955E+00    1.665148E+03
    4    3.213333E-01    1.641955E+00    1.266265E+03
    1    3.215000E-01    1.643407E+00    3.031354E+03
    2    3.215000E-01    1.643407E+00    2.212409E+03
    3    3.215000E-01    1.643407E+00    1.672692E+03
    4    3.215000E-01    1.643407E+00    1.272002E+03
    1    3.216667E-01    1.644860E+00    3.045062E+03
    2    3.216667E-01    1.644860E+00    2.222414E+03
    3    3.216667E-01    1.644860E+00    1.680257E+03
    4    3.216667E-01    1.644860E+00    1.277754E+03
    1    3.218333E-01    1.646314E+00    3.058808E+03
    2    3.218333E-01    1.646314E+00    2.232446E+03
    3    3.218333E-01    1.646314E+00    1.687841E+03
    4    3.218333E-01    1.646314E+00    1.283522E+03
    1    3.220000E-01    1.647769E+00    3.072590E+03
    2    3.220000E-01    1.647769E+00    2.242505E+03
    3    3.220000E-01    1.647769E+00    1.695446E+03
    4    3.220000E-01    1.647769E+00    1.289305E+03
    1    3.221667E-01    1.649224E+00    3.086409E+03
    2    3.221667E-01    1.649224E+00    2.252591E+03
    3    3.221667E-01    1.649224E+00    1.703072E+03
    4    3.221667E-01    1.649224E+00    1.295104E+03
    1    3.223333E-01    1.650679E+00    3.100266E+03
    2    3.223333E-01    1.650679E+00    2.262705E+03
    3    3.223333E-01    1.650679E+00    1.710718E+03
    4    3.223333E-01    1.650679E+00    1.300918E+03
    1    3.225000E-01    1.652136E+00    3.114160E+03
    2    3.225000E-01    1.652136E+00    2.272845E+03
    3    3.225000E-01    1.652136E+00    1.718384E+03
    4    3.225000E-01    1.652136E+00    1.306748E+03
    1    3.226667E-01    1.653593E+00    3.128091E+03
    2    3.226667E-01    1.653593E+00    2.283012E+03
    3    3.226667E-01    1.653593E+00    1.726072E+03
    4    3.226667E-01    1.653593E+00    1.312594E+03
    1    3.228333E-01    1.655050E+00    3.142059E+03
    2    3.228333E-01    1.655050E+00    2.293207E+03
    3    3.228333E-01    1.655050E+00    1.733779E+03
    4    3.228333E-01    1.655050E+00    1.318455E+03
    1    3.230000E-01    1.656509E+00    3.156065E+03
    2    3.230000E-01    1.656509E+00    2.303429E+03
    3    3.230000E-01    1.656509E+00    1.741507E+03
    4    3.230000E-01    1.656509E+00    1.324332E+03
    1    3.231667E-01    1.657968E+00    3.170108E+03
    2    3.231667E-01    1.657968E+00    2.313678E+03
    3    3.231667E-01    1.657968E+00    1.749256E+03
    4    3.231667E-01    1.657968E+00    1.330225E+03
    1    3.233333E-01    1.659427E+00    3.184188E+03
    2    3.233333E-01    1.659427E+00    2.323954E+03
    3    3.233333E-01    1.659427E+00    1.757026E+03
    4    3.233333E-01    1.659427E+00    1.336133E+03
    1    3.235000E-01    1.660887E+00    3.198305E+03
    2    3.235000E-01    1.660887E+00    2.334258E+03
    3    3.235000E-01    1.660887E+00    1.764816E+03
    4    3.235000E-01    1.660887E+00    1.342057E+03
    1    3.236667E-01    1.662348E+00    3.212461E+03
    2    3.236667E-01    1.662348E+00    2.344589E+03
    3    3.236667E-01    1.662348E+00    1.772627E+03
    4    3.236667E-01    1.662348E+00    1.347997E+03
    1    3.238333E-01    1.663810E+00    3.226653E+03
    2    3.238333E-01    1.663810E+00    2.354947E+03
    3    3.238333E-01    1.663810E+00    1.780458E+03
    4    3.238333E-01    1.663810E+00    1.353952E+03
    1    3.240000E-01    1.665272E+00    3.240883E+03
    2    3.240000E-01    1.665272E+00    2.365333E+03
    3    3.240000E-01    1.665272E+00    1.788310E+03
    4    3.240000E-01    1.665272E+00    1.359924E+03
    1    3.241667E-01    1.666735E+00    3.255151E+03
    2    3.241667E-01    1.666735E+00    2.375746E+03
    3    3.241667E-01    1.666735E+00    1.796183E+03
    4    3.241667E-01    1.666735E+00    1.365910E+03
    1    3.243333E-01    1.668198E+00    3.269456E+03
    2    3.243333E-01    1.668198E+00    2.386187E+03
    3    3.243333E-01    1.668198E+00    1.804077E+03
    4    3.243333E-01    1.668198E+00    1.371913E+03
    1    3.245000E-01    1.669662E+00    3.283799E+03
    2    3.245000E-01    1.669662E+00    2.396655E+03
    3    3.245000E-01    1.669662E+00    1.811991E+03
    4    3.245000E-01    1.669662E+00    1.377932E+03
    1    3.246667E-01    1.671127E+00    3.298180E+03
    2    3.246667E-01    1.671127E+00    2.407151E+03
    3    3.246667E-01    1.671127E+00    1.819926E+03
    4    3.246667E-01    1.671127E+00    1.383966E+03
    1    3.248333E-01    1.672592E+00    3.312599E+03
    2    3.248333E-01    1.672592E+00    2.417674E+03
    3    3.248333E-01    1.672592E+00    1.827882E+03
    4    3.248333E-01    1.672592E+00    1.390016E+03
    1    3.250000E-01    1.674058E+00    3.327055E+03
    2    3.250000E-01    1.674058E+00    2.428225E+03
    3    3.250000E-01    1.674058E+00    1.835859E+03
    4    3.250000E-01    1.674058E+00    1.396082E+03
    1    3.251667E-01    1.675525E+00    3.341549E+03
    2    3.251667E-01    1.675525E+00    2.438803E+03
    3    3.251667E-01    1.675525E+00    1.843857E+03
    4    3.251667E-01    1.675525E+00    1.402164E+03
    1    3.253333E-01    1.676992E+00    3.356081E+03
    2    3.253333E-01    1.676992E+00    2.449409E+03
    3    3.253333E-01    1.676992E+00    1.851876E+03
    4    3.253333E-01    1.676992E+00    1.408262E+03
    1    3.255000E-01    1.678460E+00    3.370651E+03
    2    3.255000E-01    1.678460E+00    2.460043E+03
    3    3.255000E-01    1.678460E+00    1.859915E+03
    4    3.255000E-01    1.678460E+00    1.414376E+03
    1    3.256667E-01    1.679929E+00    3.385259E+03
    2    3.256667E-01    1.679929E+00    2.470704E+03
    3    3.256667E-01    1.679929E+00    1.867976E+03
    4    3.256667E-01    1.679929E+00    1.420506E+03
    1    3.258333E-01    1.681398E+00    3.399905E+03
    2    3.258333E-01    1.681398E+00    2.481393E+03
    3    3.258333E-01    1.681398E+00    1.876058E+03
    4    3.258333E-01    1.681398E+00    1.426651E+03
    1    3.260000E-01    1.682868E+00    3.414588E+03
    2    3.260000E-01    1.682868E+00    2.492110E+03
    3    3.260000E-01    1.682868E+00    1.884160E+03
    4    3.260000E-01    1.682868E+00    1.432813E+03
    1    3.261667E-01    1.684338E+00    3.429310E+03
    2    3.261667E-01    1.684338E+00    2.502855E+03
    3    3.261667E-01    1.684338E+00    1.892284E+03
    4    3.261667E-01    1.684338E+00    1.438990E+03
    1    3.263333E-01    1.685810E+00    3.444070E+03
    2    3.263333E-01    1.685810E+00    2.513627E+03
    3    3.263333E-01    1.685810E+00    1.900428E+03
    4    3.263333E-01    1.685810E+00    1.445184E+03
    1    3.265000E-01    1.687281E+00    3.458869E+03
    2    3.265000E-01    1.687281E+00    2.524428E+03
    3    3.265000E-01    1.687281E+00    1.908594E+03
    4    3.265000E-01    1.687281E+00    1.451393E+03
    1    3.266667E-01    1.688754E+00    3.473705E+03
    2    3.266667E-01    1.688754E+00    2.535256E+03
    3    3.266667E-01    1.688754E+00    1.916780E+03
    4    3.266667E-01    1.688754E+00    1.457619E+03
    1    3.268333E-01    1.690227E+00    3.488580E+03
    2    3.268333E-01    1.690227E+00    2.546112E+03
    3    3.268333E-01    1.690227E+00    1.924988E+03
    4    3.268333E-01    1.690227E+00    1.463861E+03
    1    3.270000E-01    1.691701E+00    3.503493E+03
    2    3.270000E-01    1.691701E+00    2.556996E+03
    3    3.270000E-01    1.691701E+00    1.933217E+03
    4    3.270000E-01    1.691701E+00    1.470118E+03
    1    3.271667E-01    1.693175E+00    3.518444E+03
    2    3.271667E-01    1.693175E+00    2.567908E+03
    3    3.271667E-01    1.693175E+00    1.941467E+03
    4    3.271667E-01    1.693175E+00    1.476392E+03
    1    3.273333E-01    1.694650E+00    3.533434E+03
    2    3.273333E-01    1.694650E+00    2.578848E+03
    3    3.273333E-01    1.694650E+00    1.949738E+03
    4    3.273333E-01    1.694650E+00    1.482682E+03
    1    3.275000E-01    1.696126E+00    3.548462E+03
    2    3.275000E-01    1.696126E+00    2.589816E+03
    3    3.275000E-01    1.696126E+00    1.958031E+03
    4    3.275000E-01    1.696126E+00    1.488988E+03
    1    3.276667E-01    1.697602E+00    3.563528E+03
    2    3.276667E-01    1.697602E+00    2.600813E+03
    3    3.276667E-01    1.697602E+00    1.966345E+03
    4    3.276667E-01    1.697602E+00    1.495310E+03
    1    3.278333E-01    1.699079E+00    3.578633E+03
    2    3.278333E-01    1.699079E+00    2.611837E+03
    3    3.278333E-01    1.699079E+00    1.974679E+03
    4    3.278333E-01    1.699079E+00    1.501648E+03
    1    3.280000E-01    1.700556E+00    3.593777E+03
    2    3.280000E-01    1.700556E+00    2.622889E+03
    3    3.280000E-01    1.700556E+00    1.983036E+03
    4    3.280000E-01    1.700556E+00    1.508003E+03
    1    3.281667E-01    1.702035E+00    3.608959E+03
    2    3.281667E-01    1.702035E+00    2.633970E+03
    3    3.281667E-01    1.702035E+00    1.991413E+03
    4    3.281667E-01    1.702035E+00    1.514373E+03
    1    3.283333E-01    1.703513E+00    3.624179E+03
    2    3.283333E-01    1.703513E+00    2.645079E+03
    3    3.283333E-01    1.703513E+00    1.999812E+03
    4    3.283333E-01    1.703513E+00    1.520760E+03
    1    3.285000E-01    1.704993E+00    3.639439E+03
    2    3.285000E-01    1.704993E+00    2.656215E+03
    3    3.285000E-01    1.704993E+00    2.008232E+03
    4    3.285000E-01    1.704993E+00    1.527163E+03
    1    3.286667E-01    1.706473E+00    3.654737E+03
    2    3.286667E-01    1.706473E+00    2.667381E+03
    3    3.286667E-01    1.706473E+00    2.016673E+03
    4    3.286667E-01    1.706473E+00    1.533583E+03
    1    3.288333E-01    1.707954E+00    3.670074E+03
    2    3.288333E-01    1.707954E+00    2.678574E+03
    3    3.288333E-01    1.707954E+00    2.025136E+03
    4    3.288333E-01    1.707954E+00    1.540018E+03
    1    3.290000E-01    1.709435E+00    3.685449E+03
    2    3.290000E-01    1.709435E+00    2.689796E+03
    3    3.290000E-01    1.709435E+00    2.033620E+03
    4    3.290000E-01    1.709435E+00    1.546470E+03
    1    3.291667E-01    1.710917E+00    3.700864E+03
    2    3.291667E-01    1.710917E+00    2.701046E+03
    3    3.291667E-01    1.710917E+00    2.042126E+03
    4    3.291667E-01    1.710917E+00    1.552938E+03
    1    3.293333E-01    1.712400E+00    3.716317E+03
    2    3.293333E-01    1.712400E+00    2.712324E+03
    3    3.293333E-01    1.712400E+00    2.050653E+03
    4    3.293333E-01    1.712400E+00    1.559423E+03
    1    3.295000E-01    1.713883E+00    3.731809E+03
    2    3.295000E-01    1.713883E+00    2.723631E+03
    3    3.295000E-01    1.713883E+00    2.059202E+03
    4    3.295000E-01    1.713883E+00    1.565923E+03
    1    3.296667E-01    1.715367E+00    3.747340E+03
    2    3.296667E-01    1.715367E+00    2.734967E+03
    3    3.296667E-01    1.715367E+00    2.067772E+03
    4    3.296667E-01    1.715367E+00    1.572440E+03
    1    3.298333E-01    1.716852E+00    3.762910E+03
    2    3.298333E-01    1.716852E+00    2.746330E+03
    3    3.298333E-01    1.716852E+00    2.076363E+03
    4    3.298333E-01    1.716852E+00    1.578974E+03
    1    3.300000E-01    1.718337E+00    3.778520E+03
    2    3.300000E-01    1.718337E+00    2.757723E+03
    3    3.300000E-01    1.718337E+00    2.084976E+03
    4    3.300000E-01    1.718337E+00    1.585524E+03
    1    3.301667E-01    1.719823E+00    3.794168E+03
    2    3.301667E-01    1.719823E+00    2.769143E+03
    3    3.301667E-01    1.719823E+00    2.093611E+03
    4    3.301667E-01    1.719823E+00    1.592090E+03
    1    3.303333E-01    1.721310E+00    3.809855E+03
    2    3.303333E-01    1.721310E+00    2.780593E+03
    3    3.303333E-01    1.721310E+00    2.102267E+03
    4    3.303333E-01    1.721310E+00    1.598673E+03
    1    3.305000E-01    1.722797E+00    3.825582E+03
    2    3.305000E-01    1.722797E+00    2.792071E+03
    3    3.305000E-01    1.722797E+00    2.110945E+03
    4    3.305000E-01    1.722797E+00    1.605272E+03
    1    3.306667E-01    1.724285E+00    3.841348E+03
    2    3.306667E-01    1.724285E+00    2.803577E+03
    3    3.306667E-01    1.724285E+00    2.119645E+03
    4    3.306667E-01    1.724285E+00    1.611887E+03
    1    3.308333E-01    1.725773E+00    3.857153E+03
    2    3.308333E-01    1.725773E+00    2.815112E+03
    3    3.308333E-01    1.725773E+00    2.128366E+03
    4    3.308333E-01    1.725773E+00    1.618519E+03
    1    3.310000E-01    1.727262E+00    3.872997E+03
    2    3.310000E-01    1.727262E+00    2.826676E+03
    3    3.310000E-01    1.727262E+00    2.137109E+03
    4    3.310000E-01    1.727262E+00    1.625168E+03
    1    3.311667E-01    1.728752E+00    3.888881E+03
    2    3.311667E-01    1.728752E+00    2.838269E+03
    3    3.311667E-01    1.728752E+00    2.145873E+03
    4    3.311667E-01    1.728752E+00    1.631833E+03
    1    3.313333E-01    1.730243E+00    3.904804E+03
    2    3.313333E-01    1.730243E+00    2.849890E+03
    3    3.313333E-01    1.730243E+00    2.154659E+03
    4    3.313333E-01    1.730243E+00    1.638514E+03
    1    3.315000E-01    1.731734E+00    3.920766E+03
    2    3.315000E-01    1.731734E+00    2.861540E+03
    3    3.315000E-01    1.731734E+00    2.163467E+03
    4    3.315000E-01    1.731734E+00    1.645212E+03
    1    3.316667E-01    1.733225E+00    3.936768E+03
    2    3.316667E-01    1.733225E+00    2.873219E+03
    3    3.316667E-01    1.733225E+00    2.172297E+03
    4    3.316667E-01    1.733225E+00    1.651927E+03
    1    3.318333E-01    1.734718E+00    3.952809E+03
    2    3.318333E-01    1.734718E+00    2.884926E+03
    3    3.318333E-01    1.734718E+00    2.181149E+03
    4    3.318333E-01    1.734718E+00    1.658658E+03
    1    3.320000E-01    1.736211E+00    3.968890E+03
    2    3.320000E-01    1.736211E+00    2.896663E+03
    3    3.320000E-01    1.736211E+00    2.190022E+03
    4    3.320000E-01    1.736211E+00    1.665406E+03
    1    3.321667E-01    1.737704E+00    3.985011E+03
    2    3.321667E-01    1.737704E+00    2.908428E+03
    3    3.321667E-01    1.737704E+00    2.198917E+03
    4    3.321667E-01    1.737704E+00    1.672170E+03
    1    3.323333E-01    1.739199E+00    4.001171E+03
    2    3.323333E-01    1.739199E+00    2.920223E+03
    3    3.323333E-01    1.739199E+00    2.207834E+03
    4    3.323333E-01    1.739199E+00    1.678951E+03
    1    3.325000E-01    1.740693E+00    4.017370E+03
    2    3.325000E-01    1.740693E+00    2.932046E+03
    3    3.325000E-01    1.740693E+00    2.216773E+03
    4    3.325000E-01    1.740693E+00    1.685749E+03
    1    3.326667E-01    1.742189E+00    4.033610E+03
    2    3.326667E-01    1.742189E+00    2.943898E+03
    3    3.326667E-01    1.742189E+00    2.225734E+03
    4    3.326667E-01    1.742189E+00    1.692563E+03
    1    3.328333E-01    1.743685E+00    4.049889E+03
    2    3.328333E-01    1.743685E+00    2.955779E+03
    3    3.328333E-01    1.743685E+00    2.234717E+03
    4    3.328333E-01    1.743685E+00    1.699394E+03
    1    3.330000E-01    1.745182E+00    4.066208E+03
    2    3.330000E-01    1.745182E+00    2.967690E+03
    3    3.330000E-01    1.745182E+00    2.243722E+03
    4    3.330000E-01    1.745182E+00    1.706242E+03
    1    3.331667E-01    1.746679E+00    4.082567E+03
    2    3.331667E-01    1.746679E+00    2.979629E+03
    3    3.331667E-01    1.746679E+00    2.252749E+03
    4    3.331667E-01    1.746679E+00    1.713107E+03
    1    3.333333E-01    1.748178E+00    4.098966E+03
    2    3.333333E-01    1.748178E+00    2.991598E+03
    3    3.333333E-01    1.748178E+00    2.261797E+03
    4    3.333333E-01    1.748178E+00    1.719988E+03
    1    3.335000E-01    1.749676E+00    4.115404E+03
    2    3.335000E-01    1.749676E+00    3.003595E+03
    3    3.335000E-01    1.749676E+00    2.270868E+03
    4    3.335000E-01    1.749676E+00    1.726886E+03
    1    3.336667E-01    1.751176E+00    4.131883E+03
    2    3.336667E-01    1.751176E+00    3.015622E+03
    3    3.336667E-01    1.751176E+00    2.279961E+03
    4    3.336667E-01    1.751176E+00    1.733800E+03
    1    3.338333E-01    1.752676E+00    4.148402E+03
    2    3.338333E-01    1.752676E+00    3.027678E+03
    3    3.338333E-01    1.752676E+00    2.289076E+03
    4    3.338333E-01    1.752676E+00    1.740732E+03
    1    3.340000E-01    1.754176E+00    4.164960E+03
    2    3.340000E-01    1.754176E+00    3.039763E+03
    3    3.340000E-01    1.754176E+00    2.298213E+03
    4    3.340000E-01    1.754176E+00    1.747680E+03
    1    3.341667E-01    1.755678E+00    4.181559E+03
    2    3.341667E-01    1.755678E+00    3.051878E+03
    3    3.341667E-01    1.755678E+00    2.307372E+03
    4    3.341667E-01    1.755678E+00    1.754645E+03
    1    3.343333E-01    1.757180E+00    4.198198E+03
    2    3.343333E-01    1.757180E+00    3.064021E+03
    3    3.343333E-01    1.757180E+00    2.316553E+03
    4    3.343333E-01    1.757180E+00    1.761627E+03
    1    3.345000E-01    1.758682E+00    4.214877E+03
    2    3.345000E-01    1.758682E+00    3.076194E+03
    3    3.345000E-01    1.758682E+00    2.325757E+03
    4    3.345000E-01    1.758682E+00    1.768626E+03
    1    3.346667E-01    1.760186E+00    4.231596E+03
    2    3.346667E-01    1.760186E+00    3.088397E+03
    3    3.346667E-01    1.760186E+00    2.334983E+03
    4    3.346667E-01    1.760186E+00    1.775642E+03
    1    3.348333E-01    1.761690E+00    4.248356E+03
    2    3.348333E-01    1.761690E+00    3.100629E+03
    3    3.348333E-01    1.761690E+00    2.344230E+03
    4    3.348333E-01    1.761690E+00    1.782674E+03
    1    3.350000E-01    1.763194E+00    4.265156E+03
    2    3.350000E-01    1.763194E+00    3.112890E+03
    3    3.350000E-01    1.763194E+00    2.353501E+03
    4    3.350000E-01    1.763194E+00    1.789724E+03
    1    3.351667E-01    1.764699E+00    4.281996E+03
    2    3.351667E-01    1.764699E+00    3.125181E+03
    3    3.351667E-01    1.764699E+00    2.362793E+03
    4    3.351667E-01    1.764699E+00    1.796790E+03
    1    3.353333E-01    1.766205E+00    4.298876E+03
    2    3.353333E-01    1.766205E+00    3.137501E+03
    3    3.353333E-01    1.766205E+00    2.372108E+03
    4    3.353333E-01    1.766205E+00    1.803873E+03
    1    3.355000E-01    1.767712E+00    4.315797E+03
    2    3.355000E-01    1.767712E+00    3.149850E+03
    3    3.355000E-01    1.767712E+00    2.381445E+03
    4    3.355000E-01    1.767712E+00    1.810974E+03
    1    3.356667E-01    1.769219E+00    4.332759E+03
    2    3.356667E-01    1.769219E+00    3.162230E+03
    3    3.356667E-01    1.769219E+00    2.390804E+03
    4    3.356667E-01    1.769219E+00    1.818091E+03
    1    3.358333E-01    1.770726E+00    4.349761E+03
    2    3.358333E-01    1.770726E+00    3.174638E+03
    3    3.358333E-01    1.770726E+00    2.400185E+03
    4    3.358333E-01    1.770726E+00    1.825225E+03
    1    3.360000E-01    1.772235E+00    4.366803E+03
    2    3.360000E-01    1.772235E+00    3.187077E+03
    3    3.360000E-01    1.772235E+00    2.409589E+03
    4    3.360000E-01    1.772235E+00    1.832376E+03
    1    3.361667E-01    1.773744E+00    4.383886E+03
    2    3.361667E-01    1.773744E+00    3.199545E+03
    3    3.361667E-01    1.773744E+00    2.419016E+03
    4    3.361667E-01    1.773744E+00    1.839545E+03
    1    3.363333E-01    1.775254E+00    4.401010E+03
    2    3.363333E-01    1.775254E+00    3.212042E+03
    3    3.363333E-01    1.775254E+00    2.428465E+03
    4    3.363333E-01    1.775254E+00    1.846730E+03
    1    3.365000E-01    1.776764E+00    4.418175E+03
    2    3.365000E-01    1.776764E+00    3.224570E+03
    3    3.365000E-01    1.776764E+00    2.437936E+03
    4    3.365000E-01    1.776764E+00    1.853933E+03
    1    3.366667E-01    1.778275E+00    4.435380E+03
    2    3.366667E-01    1.778275E+00    3.237127E+03
    3    3.366667E-01    1.778275E+00    2.447430E+03
    4    3.366667E-01    1.778275E+00    1.861152E+03
    1    3.368333E-01    1.779786E+00    4.452626E+03
    2    3.368333E-01    1.779786E+00    3.249713E+03
    3    3.368333E-01    1.779786E+00    2.456946E+03
    4    3.368333E-01    1.779786E+00    1.868389E+03
    1    3.370000E-01    1.781299E+00    4.469912E+03
    2    3.370000E-01    1.781299E+00    3.262330E+03
    3    3.370000E-01    1.781299E+00    2.466485E+03
    4    3.370000E-01    1.781299E+00    1.875643E+03
    1    3.371667E-01    1.782812E+00    4.487240E+03
    2    3.371667E-01    1.782812E+00    3.274977E+03
    3    3.371667E-01    1.782812E+00    2.476046E+03
    4    3.371667E-01    1.782812E+00    1.882914E+03
    1    3.373333E-01    1.784325E+00    4.504609E+03
    2    3.373333E-01    1.784325E+00    3.287653E+03
    3    3.373333E-01    1.784325E+00    2.485630E+03
    4    3.373333E-01    1.784325E+00    1.890202E+03
    1    3.375000E-01    1.785839E+00    4.522018E+03
    2    3.375000E-01    1.785839E+00    3.300359E+03
    3    3.375000E-01    1.785839E+00    2.495237E+03
    4    3.375000E-01    1.785839E+00    1.897507E+03
    1    3.376667E-01    1.787354E+00    4.539468E+03
    2    3.376667E-01    1.787354E+00    3.313095E+03
    3    3.376667E-01    1.787354E+00    2.504866E+03
    4    3.376667E-01    1.787354E+00    1.904829E+03
    1    3.378333E-01    1.788869E+00    4.556960E+03
    2    3.378333E-01    1.788869E+00    3.325861E+03
    3    3.378333E-01    1.788869E+00    2.514517E+03
    4    3.378333E-01    1.788869E+00    1.912169E+03
    1    3.380000E-01    1.790386E+00    4.574492E+03
    2    3.380000E-01    1.790386E+00    3.338657E+03
    3    3.380000E-01    1.790386E+00    2.524192E+03
    4    3.380000E-01    1.790386E+00    1.919526E+03
    1    3.381667E-01    1.791902E+00    4.592066E+03
    2    3.381667E-01    1.791902E+00    3.351483E+03
    3    3.381667E-01    1.791902E+00    2.533889E+03
    4    3.381667E-01    1.791902E+00    1.926900E+03
    1    3.383333E-01    1.793420E+00    4.609681E+03
    2    3.383333E-01    1.793420E+00    3.364339E+03
    3    3.383333E-01    1.793420E+00    2.543609E+03
    4    3.383333E-01    1.793420E+00    1.934292E+03
    1    3.385000E-01    1.794938E+00    4.627337E+03
    2    3.385000E-01    1.794938E+00    3.377225E+03
    3    3.385000E-01    1.794938E+00    2.553351E+03
    4    3.385000E-01    1.794938E+00    1.941700E+03
    1    3.386667E-01    1.796456E+00    4.645034E+03
    2    3.386667E-01    1.796456E+00    3.390141E+03
    3    3.386667E-01    1.796456E+00    2.563116E+03
    4    3.386667E-01    1.796456E+00    1.949126E+03
    1    3.388333E-01    1.797976E+00    4.662773E+03
    2    3.388333E-01    1.797976E+00    3.403088E+03
    3    3.388333E-01    1.797976E+00    2.572905E+03
    4    3.388333E-01    1.797976E+00    1.956570E+03
    1    3.390000E-01    1.799496E+00    4.680552E+03
    2    3.390000E-01    1.799496E+00    3.416064E+03
    3    3.390000E-01    1.799496E+00    2.582715E+03
    4    3.390000E-01    1.799496E+00    1.964030E+03
    1    3.391667E-01    1.801016E+00    4.698374E+03
    2    3.391667E-01    1.801016E+00    3.429071E+03
    3    3.391667E-01    1.801016E+00    2.592549E+03
    4    3.391667E-01    1.801016E+00    1.971508E+03
    1    3.393333E-01    1.802537E+00    4.716236E+03
    2    3.393333E-01    1.802537E+00    3.442108E+03
    3    3.393333E-01    1.802537E+00    2.602406E+03
    4    3.393333E-01    1.802537E+00    1.979004E+03
    1    3.395000E-01    1.804059E+00    4.734140E+03
    2    3.395000E-01    1.804059E+00    3.455175E+03
    3    3.395000E-01    1.804059E+00    2.612285E+03
    4    3.395000E-01    1.804059E+00    1.986517E+03
    1    3.396667E-01    1.805582E+00    4.752086E+03
    2    3.396667E-01    1.805582E+00    3.468272E+03
    3    3.396667E-01    1.805582E+00    2.622187E+03
    4    3.396667E-01    1.805582E+00    1.994047E+03
    1    3.398333E-01    1.807105E+00    4.770073E+03
    2    3.398333E-01    1.807105E+00    3.481400E+03
    3    3.398333E-01    1.807105E+00    2.632113E+03
    4    3.398333E-01    1.807105E+00    2.001595E+03
    1    3.400000E-01    1.808629E+00    4.788102E+03
    2    3.400000E-01    1.808629E+00    3.494558E+03
    3    3.400000E-01    1.808629E+00    2.642061E+03
    4    3.400000E-01    1.808629E+00    2.009160E+03
    1    3.401667E-01    1.810153E+00    4.806172E+03
    2    3.401667E-01    1.810153E+00    3.507746E+03
    3    3.401667E-01    1.810153E+00    2.652032E+03
    4    3.401667E-01    1.810153E+00    2.016742E+03
    1    3.403333E-01    1.811678E+00    4.824284E+03
    2    3.403333E-01    1.811678E+00    3.520965E+03
    3    3.403333E-01    1.811678E+00    2.662026E+03
    4    3.403333E-01    1.811678E+00    2.024342E+03
    1    3.405000E-01    1.813204E+00    4.842438E+03
    2    3.405000E-01    1.813204E+00    3.534215E+03
    3    3.405000E-01    1.813204E+00    2.672043E+03
    4    3.405000E-01    1.813204E+00    2.031960E+03
    1    3.406667E-01    1.814730E+00    4.860633E+03
    2    3.406667E-01    1.814730E+00    3.547494E+03
    3    3.406667E-01    1.814730E+00    2.682083E+03
    4    3.406667E-01    1.814730E+00    2.039595E+03
    1    3.408333E-01    1.816258E+00    4.878870E+03
    2    3.408333E-01    1.816258E+00    3.560805E+03
    3    3.408333E-01    1.816258E+00    2.692147E+03
    4    3.408333E-01    1.816258E+00    2.047248E+03
    1    3.410000E-01    1.817785E+00    4.897149E+03
    2    3.410000E-01    1.817785E+00    3.574146E+03
    3    3.410000E-01    1.817785E+00    2.702233E+03
    4    3.410000E-01    1.817785E+00    2.054918E+03
    1    3.411667E-01    1.819313E+00    4.915470E+03
    2    3.411667E-01    1.819313E+00    3.587517E+03
    3    3.411667E-01    1.819313E+00    2.712342E+03
    4    3.411667E-01    1.819313E+00    2.062605E+03
    1    3.413333E-01    1.820842E+00    4.933833E+03
    2    3.413333E-01    1.820842E+00    3.600919E+03
    3    3.413333E-01    1.820842E+00    2.722475E+03
    4    3.413333E-01    1.820842E+00    2.070311E+03
    1    3.415000E-01    1.822372E+00    4.952238E+03
    2    3.415000E-01    1.822372E+00    3.614352E+03
    3    3.415000E-01    1.822372E+00    2.732631E+03
    4    3.415000E-01    1.822372E+00    2.078034E+03
    1    3.416667E-01    1.823902E+00    4.970685E+03
    2    3.416667E-01    1.823902E+00    3.627815E+03
    3    3.416667E-01    1.823902E+00    2.742810E+03
    4    3.416667E-01    1.823902E+00    2.085774E+03
    1    3.418333E-01    1.825433E+00    4.989174E+03
    2    3.418333E-01    1.825433E+00    3.641309E+03
    3    3.418333E-01    1.825433E+00    2.753012E+03
    4    3.418333E-01    1.825433E+00    2.093533E+03
    1    3.420000E-01    1.826965E+00    5.007705E+03
    2    3.420000E-01    1.826965E+00    3.654834E+03
    3    3.420000E-01    1.826965E+00    2.763237E+03
    4    3.420000E-01    1.826965E+00    2.101308E+03
    1    3.421667E-01    1.828497E+00    5.026278E+03
    2    3.421667E-01    1.828497E+00    3.668389E+03
    3    3.421667E-01    1.828497E+00    2.773486E+03
    4    3.421667E-01    1.828497E+00    2.109102E+03
    1    3.423333E-01    1.830030E+00    5.044893E+03
    2    3.423333E-01    1.830030E+00    3.681975E+03
    3    3.423333E-01    1.830030E+00    2.783758E+03
    4    3.423333E-01    1.830030E+00    2.116913E+03
    1    3.425000E-01    1.831563E+00    5.063551E+03
    2    3.425000E-01    1.831563E+00    3.695592E+03
    3    3.425000E-01    1.831563E+00    2.794053E+03
    4    3.425000E-01    1.831563E+00    2.124742E+03
    1    3.426667E-01    1.833097E+00    5.082251E+03
    2    3.426667E-01    1.833097E+00    3.709240E+03
    3    3.426667E-01    1.833097E+00    2.804371E+03
    4    3.426667E-01    1.833097E+00    2.132589E+03
    1    3.428333E-01    1.834632E+00    5.100993E+03
    2    3.428333E-01    1.834632E+00    3.722919E+03
    3    3.428333E-01    1.834632E+00    2.814713E+03
    4    3.428333E-01    1.834632E+00    2.140454E+03
    1    3.430000E-01    1.836167E+00    5.119778E+03
    2    3.430000E-01    1.836167E+00    3.736629E+03
    3    3.430000E-01    1.836167E+00    2.825079E+03
    4    3.430000E-01    1.836167E+00    2.148336E+03
    1    3.431667E-01    1.837703E+00    5.138605E+03
    2    3.431667E-01    1.837703E+00    3.750370E+03
    3    3.431667E-01    1.837703E+00    2.835467E+03
    4    3.431667E-01    1.837703E+00    2.156236E+03
    1    3.433333E-01    1.839240E+00    5.157474E+03
    2    3.433333E-01    1.839240E+00    3.764141E+03
    3    3.433333E-01    1.839240E+00    2.845879E+03
    4    3.433333E-01    1.839240E+00    2.164154E+03
    1    3.435000E-01    1.840777E+00    5.176386E+03
    2    3.435000E-01    1.840777E+00    3.777944E+03
    3    3.435000E-01    1.840777E+00    2.856315E+03
    4    3.435000E-01    1.840777E+00    2.172089E+03
    1    3.436667E-01    1.842315E+00    5.195340E+03
    2    3.436667E-01    1.842315E+00    3.791778E+03
    3    3.436667E-01    1.842315E+00    2.866774E+03
    4    3.436667E-01    1.842315E+00    2.180043E+03
    1    3.438333E-01    1.843854E+00    5.214337E+03
    2    3.438333E-01    1.843854E+00    3.805643E+03
    3    3.438333E-01    1.843854E+00    2.877256E+03
    4    3.438333E-01    1.843854E+00    2.188014E+03
    1    3.440000E-01    1.845393E+00    5.233377E+03
    2    3.440000E-01    1.845393E+00    3.819538E+03
    3    3.440000E-01    1.845393E+00    2.887762E+03
    4    3.440000E-01    1.845393E+00    2.196004E+03
    1    3.441667E-01    1.846933E+00    5.252459E+03
    2    3.441667E-01    1.846933E+00    3.833465E+03
    3    3.441667E-01    1.846933E+00    2.898292E+03
    4    3.441667E-01    1.846933E+00    2.204011E+03
    1    3.443333E-01    1.848473E+00    5.271584E+03
    2    3.443333E-01    1.848473E+00    3.847424E+03
    3    3.443333E-01    1.848473E+00    2.908845E+03
    4    3.443333E-01    1.848473E+00    2.212036E+03
    1    3.445000E-01    1.850014E+00    5.290752E+03
    2    3.445000E-01    1.850014E+00    3.861413E+03
    3    3.445000E-01    1.850014E+00    2.919422E+03
    4    3.445000E-01    1.850014E+00    2.220079E+03
    1    3.446667E-01    1.851556E+00    5.309962E+03
    2    3.446667E-01    1.851556E+00    3.875434E+03
    3    3.446667E-01    1.851556E+00    2.930022E+03
    4    3.446667E-01    1.851556E+00    2.228140E+03
    1    3.448333E-01    1.853099E+00    5.329216E+03
    2    3.448333E-01    1.853099E+00    3.889486E+03
    3    3.448333E-01    1.853099E+00    2.940646E+03
    4    3.448333E-01    1.853099E+00    2.236219E+03
    1    3.450000E-01    1.854642E+00    5.348512E+03
    2    3.450000E-01    1.854642E+00    3.903569E+03
    3    3.450000E-01    1.854642E+00    2.951293E+03
    4    3.450000E-01    1.854642E+00    2.244316E+03
    1    3.451667E-01    1.856185E+00    5.367851E+03
    2    3.451667E-01    1.856185E+00    3.917683E+03
    3    3.451667E-01    1.856185E+00    2.961965E+03
    4    3.451667E-01    1.856185E+00    2.252431E+03
    1    3.453333E-01    1.857730E+00    5.387233E+03
    2    3.453333E-01    1.857730E+00    3.931829E+03
    3    3.453333E-01    1.857730E+00    2.972660E+03
    4    3.453333E-01    1.857730E+00    2.260564E+03
    1    3.455000E-01    1.859275E+00    5.406658E+03
    2    3.455000E-01    1.859275E+00    3.946006E+03
    3    3.455000E-01    1.859275E+00    2.983378E+03
    4    3.455000E-01    1.859275E+00    2.268715E+03
    1    3.456667E-01    1.860820E+00    5.426126E+03
    2    3.456667E-01    1.860820E+00    3.960215E+03
    3    3.456667E-01    1.860820E+00    2.994121E+03
    4    3.456667E-01    1.860820E+00    2.276884E+03
    1    3.458333E-01    1.862367E+00    5.445638E+03
    2    3.458333E-01    1.862367E+00    3.974455E+03
    3    3.458333E-01    1.862367E+00    3.004887E+03
    4    3.458333E-01    1.862367E+00    2.285072E+03
    1    3.460000E-01    1.863914E+00    5.465192E+03
    2    3.460000E-01    1.863914E+00    3.988727E+03
    3    3.460000E-01    1.863914E+00    3.015677E+03
    4    3.460000E-01    1.863914E+00    2.293277E+03
    1    3.461667E-01    1.865461E+00    5.484790E+03
    2    3.461667E-01    1.865461E+00    4.003030E+03
    3    3.461667E-01    1.865461E+00    3.026491E+03
    4    3.461667E-01    1.865461E+00    2.301500E+03
    1    3.463333E-01    1.867009E+00    5.504430E+03
    2    3.463333E-01    1.867009E+00    4.017365E+03
    3    3.463333E-01    1.867009E+00    3.037329E+03
    4    3.463333E-01    1.867009E+00    2.309742E+03
    1    3.465000E-01    1.868558E+00    5.524115E+03
    2    3.465000E-01    1.868558E+00    4.031731E+03
    3    3.465000E-01    1.868558E+00    3.048190E+03
    4    3.465000E-01    1.868558E+00    2.318002E+03
    1    3.466667E-01    1.870108E+00    5.543842E+03
    2    3.466667E-01    1.870108E+00    4.046129E+03
    3    3.466667E-01    1.870108E+00    3.059076E+03
    4    3.466667E-01    1.870108E+00    2.326280E+03
    1    3.468333E-01    1.871658E+00    5.563613E+03
    2    3.468333E-01    1.871658E+00    4.060559E+03
    3    3.468333E-01    1.871658E+00    3.069985E+03
    4    3.468333E-01    1.871658E+00    2.334576E+03
    1    3.470000E-01    1.873209E+00    5.583427E+03
    2    3.470000E-01    1.873209E+00    4.075020E+03
    3    3.470000E-01    1.873209E+00    3.080919E+03
    4    3.470000E-01    1.873209E+00    2.342890E+03
    1    3.471667E-01    1.874760E+00    5.603285E+03
    2    3.471667E-01    1.874760E+00    4.089513E+03
    3    3.471667E-01    1.874760E+00    3.091876E+03
    4    3.471667E-01    1.874760E+00    2.351223E+03
    1    3.473333E-01    1.876312E+00    5.623186E+03
    2    3.473333E-01    1.876312E+00    4.104037E+03
    3    3.473333E-01    1.876312E+00    3.102858E+03
    4    3.473333E-01    1.876312E+00    2.359573E+03
    1    3.475000E-01    1.877865E+00    5.643130E+03
    2    3.475000E-01    1.877865E+00    4.118594E+03
    3    3.475000E-01    1.877865E+00    3.113863E+03
    4    3.475000E-01    1.877865E+00    2.367943E+03
    1    3.476667E-01    1.879418E+00    5.663119E+03
    2    3.476667E-01    1.879418E+00    4.133182E+03
    3    3.476667E-01    1.879418E+00    3.124893E+03
    4    3.476667E-01    1.879418E+00    2.376330E+03
    1    3.478333E-01    1.880972E+00    5.683150E+03
    2    3.478333E-01    1.880972E+00    4.147802E+03
    3    3.478333E-01    1.880972E+00    3.135946E+03
    4    3.478333E-01    1.880972E+00    2.384736E+03
    1    3.480000E-01    1.882527E+00    5.703226E+03
    2    3.480000E-01    1.882527E+00    4.162454E+03
    3    3.480000E-01    1.882527E+00    3.147024E+03
    4    3.480000E-01    1.882527E+00    2.393160E+03
    1    3.481667E-01    1.884082E+00    5.723345E+03
    2    3.481667E-01    1.884082E+00    4.177138E+03
    3    3.481667E-01    1.884082E+00    3.158125E+03
    4    3.481667E-01    1.884082E+00    2.401602E+03
    1    3.483333E-01    1.885638E+00    5.743508E+03
    2    3.483333E-01    1.885638E+00    4.191854E+03
    3    3.483333E-01    1.885638E+00    3.169251E+03
    4    3.483333E-01    1.885638E+00    2.410063E+03
    1    3.485000E-01    1.887194E+00    5.763715E+03
    2    3.485000E-01    1.887194E+00    4.206602E+03
    3    3.485000E-01    1.887194E+00    3.180401E+03
    4    3.485000E-01    1.887194E+00    2.418542E+03
    1    3.486667E-01    1.888752E+00    5.783966E+03
    2    3.486667E-01    1.888752E+00    4.221381E+03
    3    3.486667E-01    1.888752E+00    3.191576E+03
    4    3.486667E-01    1.888752E+00    2.427039E+03
    1    3.488333E-01    1.890309E+00    5.804260E+03
    2    3.488333E-01    1.890309E+00    4.236193E+03
    3    3.488333E-01    1.890309E+00    3.202774E+03
    4    3.488333E-01    1.890309E+00    2.435555E+03
    1    3.490000E-01    1.891868E+00    5.824599E+03
    2    3.490000E-01    1.891868E+00    4.251037E+03
    3    3.490000E-01    1.891868E+00    3.213997E+03
    4    3.490000E-01    1.891868E+00    2.444089E+03
    1    3.491667E-01    1.893427E+00    5.844981E+03
    2    3.491667E-01    1.893427E+00    4.265913E+03
    3    3.491667E-01    1.893427E+00    3.225244E+03
    4    3.491667E-01    1.893427E+00    2.452642E+03
    1    3.493333E-01    1.894987E+00    5.865407E+03
    2    3.493333E-01    1.894987E+00    4.280821E+03
    3    3.493333E-01    1.894987E+00    3.236515E+03
    4    3.493333E-01    1.894987E+00    2.461213E+03
    1    3.495000E-01    1.896547E+00    5.885878E+03
    2    3.495000E-01    1.896547E+00    4.295761E+03
    3    3.495000E-01    1.896547E+00    3.247810E+03
    4    3.495000E-01    1.896547E+00    2.469803E+03
    1    3.496667E-01    1.898108E+00    5.906392E+03
    2    3.496667E-01    1.898108E+00    4.310734E+03
    3    3.496667E-01    1.898108E+00    3.259130E+03
    4    3.496667E-01    1.898108E+00    2.478411E+03
    1    3.498333E-01    1.899670E+00    5.926951E+03
    2    3.498333E-01    1.899670E+00    4.325738E+03
    3    3.498333E-01    1.899670E+00    3.270475E+03
    4    3.498333E-01    1.899670E+00    2.487038E+03
    1    3.500000E-01    1.901232E+00    5.947554E+03
    2    3.500000E-01    1.901232E+00    4.340775E+03
    3    3.500000E-01    1.901232E+00    3.281843E+03
    4    3.500000E-01    1.901232E+00    2.495683E+03
    1    3.501667E-01    1.902795E+00    5.968201E+03
    2    3.501667E-01    1.902795E+00    4.355844E+03
    3    3.501667E-01    1.902795E+00    3.293236E+03
    4    3.501667E-01    1.902795E+00    2.504347E+03
    1    3.503333E-01    1.904359E+00    5.988893E+03
    2    3.503333E-01    1.904359E+00    4.370946E+03
    3    3.503333E-01    1.904359E+00    3.304654E+03
    4    3.503333E-01    1.904359E+00    2.513030E+03
    1    3.505000E-01    1.905923E+00    6.009629E+03
    2    3.505000E-01    1.905923E+00    4.386080E+03
    3    3.505000E-01    1.905923E+00    3.316096E+03
    4    3.505000E-01    1.905923E+00    2.521731E+03
    1    3.506667E-01    1.907488E+00    6.030409E+03
    2    3.506667E-01    1.907488E+00    4.401246E+03
    3    3.506667E-01    1.907488E+00    3.327562E+03
    4    3.506667E-01    1.907488E+00    2.530450E+03
    1    3.508333E-01    1.909054E+00    6.051233E+03
    2    3.508333E-01    1.909054E+00    4.416445E+03
    3    3.508333E-01    1.909054E+00    3.339053E+03
    4    3.508333E-01    1.909054E+00    2.539189E+03
    1    3.510000E-01    1.910620E+00    6.072102E+03
    2    3.510000E-01    1.910620E+00    4.431676E+03
    3    3.510000E-01    1.910620E+00    3.350569E+03
    4    3.510000E-01    1.910620E+00    2.547946E+03
    1    3.511667E-01    1.912187E+00    6.093016E+03
    2    3.511667E-01    1.912187E+00    4.446939E+03
    3    3.511667E-01    1.912187E+00    3.362109E+03
    4    3.511667E-01    1.912187E+00    2.556721E+03
    1    3.513333E-01    1.913754E+00    6.113974E+03
    2    3.513333E-01    1.913754E+00    4.462235E+03
    3    3.513333E-01    1.913754E+00    3.373673E+03
    4    3.513333E-01    1.913754E+00    2.565516E+03
    1    3.515000E-01    1.915322E+00    6.134977E+03
    2    3.515000E-01    1.915322E+00    4.477564E+03
    3    3.515000E-01    1.915322E+00    3.385263E+03
    4    3.515000E-01    1.915322E+00    2.574329E+03
    1    3.516667E-01    1.916891E+00    6.156024E+03
    2    3.516667E-01    1.916891E+00    4.492925E+03
    3    3.516667E-01    1.916891E+00    3.396876E+03
    4    3.516667E-01    1.916891E+00    2.583160E+03
    1    3.518333E-01    1.918460E+00    6.177116E+03
    2    3.518333E-01    1.918460E+00    4.508319E+03
    3    3.518333E-01    1.918460E+00    3.408515E+03
    4    3.518333E-01    1.918460E+00    2.592011E+03
    1    3.520000E-01    1.920030E+00    6.198253E+03
    2    3.520000E-01    1.920030E+00    4.523746E+03
    3    3.520000E-01    1.920030E+00    3.420178E+03
    4    3.520000E-01    1.920030E+00    2.600880E+03
    1    3.521667E-01    1.921601E+00    6.219434E+03
    2    3.521667E-01    1.921601E+00    4.539205E+03
    3    3.521667E-01    1.921601E+00    3.431866E+03
    4    3.521667E-01    1.921601E+00    2.609768E+03
    1    3.523333E-01    1.923172E+00    6.240661E+03
    2    3.523333E-01    1.923172E+00    4.554697E+03
    3    3.523333E-01    1.923172E+00    3.443579E+03
    4    3.523333E-01    1.923172E+00    2.618675E+03
    1    3.525000E-01    1.924744E+00    6.261932E+03
    2    3.525000E-01    1.924744E+00    4.570221E+03
    3    3.525000E-01    1.924744E+00    3.455316E+03
    4    3.525000E-01    1.924744E+00    2.627601E+03
    1    3.526667E-01    1.926317E+00    6.283248E+03
    2    3.526667E-01    1.926317E+00    4.585778E+03
    3    3.526667E-01    1.926317E+00    3.467078E+03
    4    3.526667E-01    1.926317E+00    2.636545E+03
    1    3.528333E-01    1.927890E+00    6.304609E+03
    2    3.528333E-01    1.927890E+00    4.601369E+03
    3    3.528333E-01    1.927890E+00    3.478865E+03
    4    3.528333E-01    1.927890E+00    2.645509E+03
    1    3.530000E-01    1.929464E+00    6.326015E+03
    2    3.530000E-01    1.929464E+00    4.616992E+03
    3    3.530000E-01    1.929464E+00    3.490677E+03
    4    3.530000E-01    1.929464E+00    2.654491E+03
    1    3.531667E-01    1.931039E+00    6.347466E+03
    2    3.531667E-01    1.931039E+00    4.632647E+03
    3    3.531667E-01    1.931039E+00    3.502513E+03
    4    3.531667E-01    1.931039E+00    2.663492E+03
    1    3.533333E-01    1.932614E+00    6.368962E+03
    2    3.533333E-01    1.932614E+00    4.648336E+03
    3    3.533333E-01    1.932614E+00    3.514375E+03
    4    3.533333E-01    1.932614E+00    2.672512E+03
    1    3.535000E-01    1.934190E+00    6.390503E+03
    2    3.535000E-01    1.934190E+00    4.664058E+03
    3    3.535000E-01    1.934190E+00    3.526261E+03
    4    3.535000E-01    1.934190E+00    2.681551E+03
    1    3.536667E-01    1.935766E+00    6.412090E+03
    2    3.536667E-01    1.935766E+00    4.679813E+03
    3    3.536667E-01    1.935766E+00    3.538173E+03
    4    3.536667E-01    1.935766E+00    2.690609E+03
    1    3.538333E-01    1.937343E+00    6.433721E+03
    2    3.538333E-01    1.937343E+00    4.695600E+03
    3    3.538333E-01    1.937343E+00    3.550109E+03
    4    3.538333E-01    1.937343E+00    2.699686E+03
    1    3.540000E-01    1.938921E+00    6.455398E+03
    2    3.540000E-01    1.938921E+00    4.711421E+03
    3    3.540000E-01    1.938921E+00    3.562070E+03
    4    3.540000E-01    1.938921E+00    2.708782E+03
    1    3.541667E-01    1.940499E+00    6.477120E+03
    2    3.541667E-01    1.940499E+00    4.727275E+03
    3    3.541667E-01    1.940499E+00    3.574056E+03
    4    3.541667E-01    1.940499E+00    2.717897E+03
    1    3.543333E-01    1.942078E+00    6.498888E+03
    2    3.543333E-01    1.942078E+00    4.743162E+03
    3    3.543333E-01    1.942078E+00    3.586068E+03
    4    3.543333E-01    1.942078E+00    2.727031E+03
    1    3.545000E-01    1.943658E+00    6.520701E+03
    2    3.545000E-01    1.943658E+00    4.759082E+03
    3    3.545000E-01    1.943658E+00    3.598104E+03
    4    3.545000E-01    1.943658E+00    2.736184E+03
    1    3.546667E-01    1.945238E+00    6.542559E+03
    2    3.546667E-01    1.945238E+00    4.775035E+03
    3    3.546667E-01    1.945238E+00    3.610165E+03
    4    3.546667E-01    1.945238E+00    2.745356E+03
    1    3.548333E-01    1.946819E+00    6.564463E+03
    2    3.548333E-01    1.946819E+00    4.791021E+03
    3    3.548333E-01    1.946819E+00    3.622252E+03
    4    3.548333E-01    1.946819E+00    2.754548E+03
    1    3.550000E-01    1.948401E+00    6.586412E+03
    2    3.550000E-01    1.948401E+00    4.807041E+03
    3    3.550000E-01    1.948401E+00    3.634363E+03
    4    3.550000E-01    1.948401E+00    2.763758E+03
    1    3.551667E-01    1.949983E+00    6.608407E+03
    2    3.551667E-01    1.949983E+00    4.823093E+03
    3    3.551667E-01    1.949983E+00    3.646500E+03
    4    3.551667E-01    1.949983E+00    2.772987E+03
    1    3.553333E-01    1.951566E+00    6.630448E+03
    2    3.553333E-01    1.951566E+00    4.839179E+03
    3    3.553333E-01    1.951566E+00    3.658662E+03
    4    3.553333E-01    1.951566E+00    2.782236E+03
    1    3.555000E-01    1.953150E+00    6.652534E+03
    2    3.555000E-01    1.953150E+00    4.855299E+03
    3    3.555000E-01    1.953150E+00    3.670849E+03
    4    3.555000E-01    1.953150E+00    2.791503E+03
    1    3.556667E-01    1.954734E+00    6.674666E+03
    2    3.556667E-01    1.954734E+00    4.871452E+03
    3    3.556667E-01    1.954734E+00    3.683061E+03
    4    3.556667E-01    1.954734E+00    2.800790E+03
    1    3.558333E-01    1.956319E+00    6.696843E+03
    2    3.558333E-01    1.956319E+00    4.887638E+03
    3    3.558333E-01    1.956319E+00    3.695299E+03
    4    3.558333E-01    1.956319E+00    2.810096E+03
    1    3.560000E-01    1.957904E+00    6.719067E+03
    2    3.560000E-01    1.957904E+00    4.903857E+03
    3    3.560000E-01    1.957904E+00    3.707562E+03
    4    3.560000E-01    1.957904E+00    2.819422E+03
    1    3.561667E-01    1.959490E+00    6.741336E+03
    2    3.561667E-01    1.959490E+00    4.920111E+03
    3    3.561667E-01    1.959490E+00    3.719850E+03
    4    3.561667E-01    1.959490E+00    2.828766E+03
    1    3.563333E-01    1.961077E+00    6.763651E+03
    2    3.563333E-01    1.961077E+00    4.936397E+03
    3    3.563333E-01    1.961077E+00    3.732163E+03
    4    3.563333E-01    1.961077E+00    2.838130E+03
    1    3.565000E-01    1.962664E+00    6.786012E+03
    2    3.565000E-01    1.962664E+00    4.952717E+03
    3    3.565000E-01    1.962664E+00    3.744502E+03
    4    3.565000E-01    1.962664E+00    2.847513E+03
    1    3.566667E-01    1.964252E+00    6.808419E+03
    2    3.566667E-01    1.964252E+00    4.969071E+03
    3    3.566667E-01    1.964252E+00    3.756866E+03
    4    3.566667E-01    1.964252E+00    2.856915E+03
    1    3.568333E-01    1.965841E+00    6.830872E+03
    2    3.568333E-01    1.965841E+00    4.985458E+03
    3    3.568333E-01    1.965841E+00    3.769256E+03
    4    3.568333E-01    1.965841E+00    2.866337E+03
    1    3.570000E-01    1.967430E+00    6.853371E+03
    2    3.570000E-01    1.967430E+00    5.001879E+03
    3    3.570000E-01    1.967430E+00    3.781671E+03
    4    3.570000E-01    1.967430E+00    2.875778E+03
    1    3.571667E-01    1.969020E+00    6.875917E+03
    2    3.571667E-01    1.969020E+00    5.018333E+03
    3    3.571667E-01    1.969020E+00    3.794111E+03
    4    3.571667E-01    1.969020E+00    2.885238E+03
    1    3.573333E-01    1.970611E+00    6.898508E+03
    2    3.573333E-01    1.970611E+00    5.034821E+03
    3    3.573333E-01    1.970611E+00    3.806577E+03
    4    3.573333E-01    1.970611E+00    2.894718E+03
    1    3.575000E-01    1.972202E+00    6.921146E+03
    2    3.575000E-01    1.972202E+00    5.051343E+03
    3    3.575000E-01    1.972202E+00    3.819068E+03
    4    3.575000E-01    1.972202E+00    2.904217E+03
    1    3.576667E-01    1.973794E+00    6.943829E+03
    2    3.576667E-01    1.973794E+00    5.067899E+03
    3    3.576667E-01    1.973794E+00    3.831585E+03
    4    3.576667E-01    1.973794E+00    2.913736E+03
    1    3.578333E-01    1.975386E+00    6.966560E+03
    2    3.578333E-01    1.975386E+00    5.084488E+03
    3    3.578333E-01    1.975386E+00    3.844128E+03
    4    3.578333E-01    1.975386E+00    2.923273E+03
    1    3.580000E-01    1.976980E+00    6.989336E+03
    2    3.580000E-01    1.976980E+00    5.101111E+03
    3    3.580000E-01    1.976980E+00    3.856696E+03
    4    3.580000E-01    1.976980E+00    2.932831E+03
    1    3.581667E-01    1.978573E+00    7.012159E+03
    2    3.581667E-01    1.978573E+00    5.117768E+03
    3    3.581667E-01    1.978573E+00    3.869289E+03
    4    3.581667E-01    1.978573E+00    2.942408E+03
    1    3.583333E-01    1.980168E+00    7.035028E+03
    2    3.583333E-01    1.980168E+00    5.134459E+03
    3    3.583333E-01    1.980168E+00    3.881908E+03
    4    3.583333E-01    1.980168E+00    2.952004E+03
    1    3.585000E-01    1.981763E+00    7.057944E+03
    2    3.585000E-01    1.981763E+00    5.151184E+03
    3    3.585000E-01    1.981763E+00    3.894553E+03
    4    3.585000E-01    1.981763E+00    2.961620E+03
    1    3.586667E-01    1.983359E+00    7.080906E+03
    2    3.586667E-01    1.983359E+00    5.167943E+03
    3    3.586667E-01    1.983359E+00    3.907224E+03
    4    3.586667E-01    1.983359E+00    2.971255E+03
    1    3.588333E-01    1.984955E+00    7.103915E+03
    2    3.588333E-01    1.984955E+00    5.184736E+03
    3    3.588333E-01    1.984955E+00    3.919920E+03
    4    3.588333E-01    1.984955E+00    2.980910E+03
    1    3.590000E-01    1.986552E+00    7.126970E+03
    2    3.590000E-01    1.986552E+00    5.201562E+03
    3    3.590000E-01    1.986552E+00    3.932642E+03
    4    3.590000E-01    1.986552E+00    2.990584E+03
    1    3.591667E-01    1.988150E+00    7.150072E+03
    2    3.591667E-01    1.988150E+00    5.218423E+03
    3    3.591667E-01    1.988150E+00    3.945389E+03
    4    3.591667E-01    1.988150E+00    3.000278E+03
    1    3.593333E-01    1.989748E+00    7.173221E+03
    2    3.593333E-01    1.989748E+00    5.235318E+03
    3    3.593333E-01    1.989748E+00    3.958163E+03
    4    3.593333E-01    1.989748E+00    3.009992E+03
    1    3.595000E-01    1.991347E+00    7.196416E+03
    2    3.595000E-01    1.991347E+00    5.252247E+03
    3    3.595000E-01    1.991347E+00    3.970962E+03
    4    3.595000E-01    1.991347E+00    3.019725E+03
    1    3.596667E-01    1.992947E+00    7.219658E+03
    2    3.596667E-01    1.992947E+00    5.269210E+03
    3    3.596667E-01    1.992947E+00    3.983787E+03
    4    3.596667E-01    1.992947E+00    3.029477E+03
    1    3.598333E-01    1.994547E+00    7.242947E+03
    2    3.598333E-01    1.994547E+00    5.286208E+03
    3    3.598333E-01    1.994547E+00    3.996638E+03
    4    3.598333E-01    1.994547E+00    3.039250E+03
    1    3.600000E-01    1.996148E+00    7.266283E+03
    2    3.600000E-01    1.996148E+00    5.303239E+03
    3    3.600000E-01    1.996148E+00    4.009514E+03
    4    3.600000E-01    1.996148E+00    3.049042E+03
    1    3.601667E-01    1.997749E+00    7.289666E+03
    2    3.601667E-01    1.997749E+00    5.320305E+03
    3    3.601667E-01    1.997749E+00    4.022417E+03
    4    3.601667E-01    1.997749E+00    3.058854E+03
    1    3.603333E-01    1.999351E+00    7.313096E+03
    2    3.603333E-01    1.999351E+00    5.337405E+03
    3    3.603333E-01    1.999351E+00    4.035345E+03
    4    3.603333E-01    1.999351E+00    3.068685E+03
    1    3.605000E-01    2.000954E+00    7.336573E+03
    2    3.605000E-01    2.000954E+00    5.354539E+03
    3    3.605000E-01    2.000954E+00    4.048300E+03
    4    3.605000E-01    2.000954E+00    3.078537E+03
    1    3.606667E-01    2.002558E+00    7.360097E+03
    2    3.606667E-01    2.002558E+00    5.371708E+03
    3    3.606667E-01    2.002558E+00    4.061280E+03
    4    3.606667E-01    2.002558E+00    3.088407E+03
    1    3.608333E-01    2.004162E+00    7.383668E+03
    2    3.608333E-01    2.004162E+00    5.388911E+03
    3    3.608333E-01    2.004162E+00    4.074287E+03
    4    3.608333E-01    2.004162E+00    3.098298E+03
    1    3.610000E-01    2.005766E+00    7.407286E+03
    2    3.610000E-01    2.005766E+00    5.406149E+03
    3    3.610000E-01    2.005766E+00    4.087319E+03
    4    3.610000E-01    2.005766E+00    3.108209E+03
    1    3.611667E-01    2.007372E+00    7.430951E+03
    2    3.611667E-01    2.007372E+00    5.423420E+03
    3    3.611667E-01    2.007372E+00    4.100377E+03
    4    3.611667E-01    2.007372E+00    3.118139E+03
    1    3.613333E-01    2.008978E+00    7.454663E+03
    2    3.613333E-01    2.008978E+00    5.440727E+03
    3    3.613333E-01    2.008978E+00    4.113462E+03
    4    3.613333E-01    2.008978E+00    3.128089E+03
    1    3.615000E-01    2.010584E+00    7.478423E+03
    2    3.615000E-01    2.010584E+00    5.458068E+03
    3    3.615000E-01    2.010584E+00    4.126572E+03
    4    3.615000E-01    2.010584E+00    3.138059E+03
    1    3.616667E-01    2.012192E+00    7.502230E+03
    2    3.616667E-01    2.012192E+00    5.475443E+03
    3    3.616667E-01    2.012192E+00    4.139709E+03
    4    3.616667E-01    2.012192E+00    3.148049E+03
    1    3.618333E-01    2.013800E+00    7.526085E+03
    2    3.618333E-01    2.013800E+00    5.492853E+03
    3    3.618333E-01    2.013800E+00    4.152872E+03
    4    3.618333E-01    2.013800E+00    3.158059E+03
    1    3.620000E-01    2.015408E+00    7.549987E+03
    2    3.620000E-01    2.015408E+00    5.510298E+03
    3    3.620000E-01    2.015408E+00    4.166061E+03
    4    3.620000E-01    2.015408E+00    3.168088E+03
    1    3.621667E-01    2.017017E+00    7.573936E+03
    2    3.621667E-01    2.017017E+00    5.527777E+03
    3    3.621667E-01    2.017017E+00    4.179276E+03
    4    3.621667E-01    2.017017E+00    3.178138E+03
    1    3.623333E-01    2.018627E+00    7.597933E+03
    2    3.623333E-01    2.018627E+00    5.545291E+03
    3    3.623333E-01    2.018627E+00    4.192517E+03
    4    3.623333E-01    2.018627E+00    3.188207E+03
    1    3.625000E-01    2.020238E+00    7.621977E+03
    2    3.625000E-01    2.020238E+00    5.562840E+03
    3    3.625000E-01    2.020238E+00    4.205785E+03
    4    3.625000E-01    2.020238E+00    3.198297E+03
    1    3.626667E-01    2.021849E+00    7.646069E+03
    2    3.626667E-01    2.021849E+00    5.580423E+03
    3    3.626667E-01    2.021849E+00    4.219079E+03
    4    3.626667E-01    2.021849E+00    3.208406E+03
    1    3.628333E-01    2.023461E+00    7.670209E+03
    2    3.628333E-01    2.023461E+00    5.598041E+03
    3    3.628333E-01    2.023461E+00    4.232399E+03
    4    3.628333E-01    2.023461E+00    3.218535E+03
    1    3.630000E-01    2.025073E+00    7.694396E+03
    2    3.630000E-01    2.025073E+00    5.615694E+03
    3    3.630000E-01    2.025073E+00    4.245746E+03
    4    3.630000E-01    2.025073E+00    3.228685E+03
    1    3.631667E-01    2.026686E+00    7.718631E+03
    2    3.631667E-01    2.026686E+00    5.633382E+03
    3    3.631667E-01    2.026686E+00    4.259119E+03
    4    3.631667E-01    2.026686E+00    3.238854E+03
    1    3.633333E-01    2.028300E+00    7.742914E+03
    2    3.633333E-01    2.028300E+00    5.651104E+03
    3    3.633333E-01    2.028300E+00    4.272518E+03
    4    3.633333E-01    2.028300E+00    3.249043E+03
    1    3.635000E-01    2.029914E+00    7.767245E+03
    2    3.635000E-01    2.029914E+00    5.668862E+03
    3    3.635000E-01    2.029914E+00    4.285943E+03
    4    3.635000E-01    2.029914E+00    3.259253E+03
    1    3.636667E-01    2.031529E+00    7.791623E+03
    2    3.636667E-01    2.031529E+00    5.686654E+03
    3    3.636667E-01    2.031529E+00    4.299395E+03
    4    3.636667E-01    2.031529E+00    3.269483E+03
    1    3.638333E-01    2.033145E+00    7.816050E+03
    2    3.638333E-01    2.033145E+00    5.704482E+03
    3    3.638333E-01    2.033145E+00    4.312874E+03
    4    3.638333E-01    2.033145E+00    3.279732E+03
    1    3.640000E-01    2.034761E+00    7.840524E+03
    2    3.640000E-01    2.034761E+00    5.722344E+03
    3    3.640000E-01    2.034761E+00    4.326379E+03
    4    3.640000E-01    2.034761E+00    3.290002E+03
    1    3.641667E-01    2.036378E+00    7.865047E+03
    2    3.641667E-01    2.036378E+00    5.740242E+03
    3    3.641667E-01    2.036378E+00    4.339910E+03
    4    3.641667E-01    2.036378E+00    3.300292E+03
    1    3.643333E-01    2.037996E+00    7.889617E+03
    2    3.643333E-01    2.037996E+00    5.758174E+03
    3    3.643333E-01    2.037996E+00    4.353468E+03
    4    3.643333E-01    2.037996E+00    3.310602E+03
    1    3.645000E-01    2.039614E+00    7.914236E+03
    2    3.645000E-01    2.039614E+00    5.776142E+03
    3    3.645000E-01    2.039614E+00    4.367052E+03
    4    3.645000E-01    2.039614E+00    3.320933E+03
    1    3.646667E-01    2.041233E+00    7.938902E+03
    2    3.646667E-01    2.041233E+00    5.794145E+03
    3    3.646667E-01    2.041233E+00    4.380663E+03
    4    3.646667E-01    2.041233E+00    3.331283E+03
    1    3.648333E-01    2.042852E+00    7.963617E+03
    2    3.648333E-01    2.042852E+00    5.812183E+03
    3    3.648333E-01    2.042852E+00    4.394301E+03
    4    3.648333E-01    2.042852E+00    3.341654E+03
    1    3.650000E-01    2.044472E+00    7.988380E+03
    2    3.650000E-01    2.044472E+00    5.830256E+03
    3    3.650000E-01    2.044472E+00    4.407965E+03
    4    3.650000E-01    2.044472E+00    3.352045E+03
    1    3.651667E-01    2.046093E+00    8.013192E+03
    2    3.651667E-01    2.046093E+00    5.848364E+03
    3    3.651667E-01    2.046093E+00    4.421656E+03
    4    3.651667E-01    2.046093E+00    3.362456E+03
    1    3.653333E-01    2.047714E+00    8.038051E+03
    2    3.653333E-01    2.047714E+00    5.866508E+03
    3    3.653333E-01    2.047714E+00    4.435374E+03
    4    3.653333E-01    2.047714E+00    3.372888E+03
    1    3.655000E-01    2.049337E+00    8.062960E+03
    2    3.655000E-01    2.049337E+00    5.884687E+03
    3    3.655000E-01    2.049337E+00    4.449118E+03
    4    3.655000E-01    2.049337E+00    3.383339E+03
    1    3.656667E-01    2.050959E+00    8.087916E+03
    2    3.656667E-01    2.050959E+00    5.902901E+03
    3    3.656667E-01    2.050959E+00    4.462889E+03
    4    3.656667E-01    2.050959E+00    3.393811E+03
    1    3.658333E-01    2.052583E+00    8.112921E+03
    2    3.658333E-01    2.052583E+00    5.921151E+03
    3    3.658333E-01    2.052583E+00    4.476686E+03
    4    3.658333E-01    2.052583E+00    3.404304E+03
    1    3.660000E-01    2.054207E+00    8.137974E+03
    2    3.660000E-01    2.054207E+00    5.939436E+03
    3    3.660000E-01    2.054207E+00    4.490511E+03
    4    3.660000E-01    2.054207E+00    3.414817E+03
    1    3.661667E-01    2.055831E+00    8.163077E+03
    2    3.661667E-01    2.055831E+00    5.957757E+03
    3    3.661667E-01    2.055831E+00    4.504362E+03
    4    3.661667E-01    2.055831E+00    3.425350E+03
    1    3.663333E-01    2.057456E+00    8.188227E+03
    2    3.663333E-01    2.057456E+00    5.976113E+03
    3    3.663333E-01    2.057456E+00    4.518240E+03
    4    3.663333E-01    2.057456E+00    3.435904E+03
    1    3.665000E-01    2.059082E+00    8.213426E+03
    2    3.665000E-01    2.059082E+00    5.994504E+03
    3    3.665000E-01    2.059082E+00    4.532145E+03
    4    3.665000E-01    2.059082E+00    3.446478E+03
    1    3.666667E-01    2.060709E+00    8.238674E+03
    2    3.666667E-01    2.060709E+00    6.012931E+03
    3    3.666667E-01    2.060709E+00    4.546077E+03
    4    3.666667E-01    2.060709E+00    3.457072E+03
    1    3.668333E-01    2.062336E+00    8.263971E+03
    2    3.668333E-01    2.062336E+00    6.031394E+03
    3    3.668333E-01    2.062336E+00    4.560035E+03
    4    3.668333E-01    2.062336E+00    3.467687E+03
    1    3.670000E-01    2.063964E+00    8.289317E+03
    2    3.670000E-01    2.063964E+00    6.049892E+03
    3    3.670000E-01    2.063964E+00    4.574021E+03
    4    3.670000E-01    2.063964E+00    3.478322E+03
    1    3.671667E-01    2.065592E+00    8.314711E+03
    2    3.671667E-01    2.065592E+00    6.068426E+03
    3    3.671667E-01    2.065592E+00    4.588034E+03
    4    3.671667E-01    2.065592E+00    3.488978E+03
    1    3.673333E-01    2.067222E+00    8.340154E+03
    2    3.673333E-01    2.067222E+00    6.086995E+03
    3    3.673333E-01    2.067222E+00    4.602073E+03
    4    3.673333E-01    2.067222E+00    3.499654E+03
    1    3.675000E-01    2.068851E+00    8.365646E+03
    2    3.675000E-01    2.068851E+00    6.105600E+03
    3    3.675000E-01    2.068851E+00    4.616140E+03
    4    3.675000E-01    2.068851E+00    3.510351E+03
    1    3.676667E-01    2.070482E+00    8.391187E+03
    2    3.676667E-01    2.070482E+00    6.124241E+03
    3    3.676667E-01    2.070482E+00    4.630233E+03
    4    3.676667E-01    2.070482E+00    3.521069E+03
    1    3.678333E-01    2.072113E+00    8.416777E+03
    2    3.678333E-01    2.072113E+00    6.142918E+03
    3    3.678333E-01    2.072113E+00    4.644354E+03
    4    3.678333E-01    2.072113E+00    3.531807E+03
    1    3.680000E-01    2.073744E+00    8.442417E+03
    2    3.680000E-01    2.073744E+00    6.161631E+03
    3    3.680000E-01    2.073744E+00    4.658501E+03
    4    3.680000E-01    2.073744E+00    3.542565E+03
    1    3.681667E-01    2.075377E+00    8.468105E+03
    2    3.681667E-01    2.075377E+00    6.180379E+03
    3    3.681667E-01    2.075377E+00    4.672676E+03
    4    3.681667E-01    2.075377E+00    3.553344E+03
    1    3.683333E-01    2.077010E+00    8.493842E+03
    2    3.683333E-01    2.077010E+00    6.199163E+03
    3    3.683333E-01    2.077010E+00    4.686878E+03
    4    3.683333E-01    2.077010E+00    3.564144E+03
    1    3.685000E-01    2.078643E+00    8.519629E+03
    2    3.685000E-01    2.078643E+00    6.217983E+03
    3    3.685000E-01    2.078643E+00    4.701107E+03
    4    3.685000E-01    2.078643E+00    3.574965E+03
    1    3.686667E-01    2.080278E+00    8.545465E+03
    2    3.686667E-01    2.080278E+00    6.236840E+03
    3    3.686667E-01    2.080278E+00    4.715363E+03
    4    3.686667E-01    2.080278E+00    3.585806E+03
    1    3.688333E-01    2.081913E+00    8.571350E+03
    2    3.688333E-01    2.081913E+00    6.255732E+03
    3    3.688333E-01    2.081913E+00    4.729646E+03
    4    3.688333E-01    2.081913E+00    3.596668E+03
    1    3.690000E-01    2.083548E+00    8.597284E+03
    2    3.690000E-01    2.083548E+00    6.274660E+03
    3    3.690000E-01    2.083548E+00    4.743957E+03
    4    3.690000E-01    2.083548E+00    3.607550E+03
    1    3.691667E-01    2.085184E+00    8.623268E+03
    2    3.691667E-01    2.085184E+00    6.293624E+03
    3    3.691667E-01    2.085184E+00    4.758295E+03
    4    3.691667E-01    2.085184E+00    3.618453E+03
    1    3.693333E-01    2.086821E+00    8.649302E+03
    2    3.693333E-01    2.086821E+00    6.312624E+03
    3    3.693333E-01    2.086821E+00    4.772660E+03
    4    3.693333E-01    2.086821E+00    3.629377E+03
    1    3.695000E-01    2.088459E+00    8.675384E+03
    2    3.695000E-01    2.088459E+00    6.331660E+03
    3    3.695000E-01    2.088459E+00    4.787052E+03
    4    3.695000E-01    2.088459E+00    3.640322E+03
    1    3.696667E-01    2.090097E+00    8.701517E+03
    2    3.696667E-01    2.090097E+00    6.350733E+03
    3    3.696667E-01    2.090097E+00    4.801472E+03
    4    3.696667E-01    2.090097E+00    3.651288E+03
    1    3.698333E-01    2.091735E+00    8.727699E+03
    2    3.698333E-01    2.091735E+00    6.369841E+03
    3    3.698333E-01    2.091735E+00    4.815919E+03
    4    3.698333E-01    2.091735E+00    3.662274E+03
    1    3.700000E-01    2.093375E+00    8.753930E+03
    2    3.700000E-01    2.093375E+00    6.388986E+03
    3    3.700000E-01    2.093375E+00    4.830393E+03
    4    3.700000E-01    2.093375E+00    3.673281E+03
    1    3.701667E-01    2.095015E+00    8.780211E+03
    2    3.701667E-01    2.095015E+00    6.408167E+03
    3    3.701667E-01    2.095015E+00    4.844895E+03
    4    3.701667E-01    2.095015E+00    3.684309E+03
    1    3.703333E-01    2.096656E+00    8.806542E+03
    2    3.703333E-01    2.096656E+00    6.427385E+03
    3    3.703333E-01    2.096656E+00    4.859425E+03
    4    3.703333E-01    2.096656E+00    3.695358E+03
    1    3.705000E-01    2.098297E+00    8.832923E+03
    2    3.705000E-01    2.098297E+00    6.446638E+03
    3    3.705000E-01    2.098297E+00    4.873981E+03
    4    3.705000E-01    2.098297E+00    3.706427E+03
    1    3.706667E-01    2.099939E+00    8.859353E+03
    2    3.706667E-01    2.099939E+00    6.465928E+03
    3    3.706667E-01    2.099939E+00    4.888565E+03
    4    3.706667E-01    2.099939E+00    3.717518E+03
    1    3.708333E-01    2.101582E+00    8.885833E+03
    2    3.708333E-01    2.101582E+00    6.485255E+03
    3    3.708333E-01    2.101582E+00    4.903177E+03
    4    3.708333E-01    2.101582E+00    3.728630E+03
    1    3.710000E-01    2.103225E+00    8.912363E+03
    2    3.710000E-01    2.103225E+00    6.504618E+03
    3    3.710000E-01    2.103225E+00    4.917816E+03
    4    3.710000E-01    2.103225E+00    3.739762E+03
    1    3.711667E-01    2.104869E+00    8.938943E+03
    2    3.711667E-01    2.104869E+00    6.524017E+03
    3    3.711667E-01    2.104869E+00    4.932483E+03
    4    3.711667E-01    2.104869E+00    3.750915E+03
    1    3.713333E-01    2.106513E+00    8.965573E+03
    2    3.713333E-01    2.106513E+00    6.543453E+03
    3    3.713333E-01    2.106513E+00    4.947178E+03
    4    3.713333E-01    2.106513E+00    3.762090E+03
    1    3.715000E-01    2.108158E+00    8.992254E+03
    2    3.715000E-01    2.108158E+00    6.562925E+03
    3    3.715000E-01    2.108158E+00    4.961900E+03
    4    3.715000E-01    2.108158E+00    3.773285E+03
    1    3.716667E-01    2.109804E+00    9.018984E+03
    2    3.716667E-01    2.109804E+00    6.582434E+03
    3    3.716667E-01    2.109804E+00    4.976649E+03
    4    3.716667E-01    2.109804E+00    3.784501E+03
    1    3.718333E-01    2.111451E+00    9.045764E+03
    2    3.718333E-01    2.111451E+00    6.601979E+03
    3    3.718333E-01    2.111451E+00    4.991427E+03
    4    3.718333E-01    2.111451E+00    3.795739E+03
    1    3.720000E-01    2.113098E+00    9.072594E+03
    2    3.720000E-01    2.113098E+00    6.621561E+03
    3    3.720000E-01    2.113098E+00    5.006231E+03
    4    3.720000E-01    2.113098E+00    3.806997E+03
    1    3.721667E-01    2.114745E+00    9.099475E+03
    2    3.721667E-01    2.114745E+00    6.641180E+03
    3    3.721667E-01    2.114745E+00    5.021064E+03
    4    3.721667E-01    2.114745E+00    3.818277E+03
    1    3.723333E-01    2.116394E+00    9.126406E+03
    2    3.723333E-01    2.116394E+00    6.660835E+03
    3    3.723333E-01    2.116394E+00    5.035925E+03
    4    3.723333E-01    2.116394E+00    3.829578E+03
    1    3.725000E-01    2.118043E+00    9.153387E+03
    2    3.725000E-01    2.118043E+00    6.680527E+03
    3    3.725000E-01    2.118043E+00    5.050813E+03
    4    3.725000E-01    2.118043E+00    3.840899E+03
    1    3.726667E-01    2.119693E+00    9.180419E+03
    2    3.726667E-01    2.119693E+00    6.700256E+03
    3    3.726667E-01    2.119693E+00    5.065729E+03
    4    3.726667E-01    2.119693E+00    3.852242E+03
    1    3.728333E-01    2.121343E+00    9.207501E+03
    2    3.728333E-01    2.121343E+00    6.720021E+03
    3    3.728333E-01    2.121343E+00    5.080672E+03
    4    3.728333E-01    2.121343E+00    3.863606E+03
    1    3.730000E-01    2.122994E+00    9.234633E+03
    2    3.730000E-01    2.122994E+00    6.739824E+03
    3    3.730000E-01    2.122994E+00    5.095644E+03
    4    3.730000E-01    2.122994E+00    3.874991E+03
    1    3.731667E-01    2.124645E+00    9.261816E+03
    2    3.731667E-01    2.124645E+00    6.759663E+03
    3    3.731667E-01    2.124645E+00    5.110644E+03
    4    3.731667E-01    2.124645E+00    3.886398E+03
    1    3.733333E-01    2.126298E+00    9.289050E+03
    2    3.733333E-01    2.126298E+00    6.779539E+03
    3    3.733333E-01    2.126298E+00    5.125671E+03
    4    3.733333E-01    2.126298E+00    3.897825E+03
    1    3.735000E-01    2.127951E+00    9.316334E+03
    2    3.735000E-01    2.127951E+00    6.799452E+03
    3    3.735000E-01    2.127951E+00    5.140726E+03
    4    3.735000E-01    2.127951E+00    3.909274E+03
    1    3.736667E-01    2.129604E+00    9.343668E+03
    2    3.736667E-01    2.129604E+00    6.819402E+03
    3    3.736667E-01    2.129604E+00    5.155809E+03
    4    3.736667E-01    2.129604E+00    3.920744E+03
    1    3.738333E-01    2.131258E+00    9.371054E+03
    2    3.738333E-01    2.131258E+00    6.839389E+03
    3    3.738333E-01    2.131258E+00    5.170921E+03
    4    3.738333E-01    2.131258E+00    3.932235E+03
    1    3.740000E-01    2.132913E+00    9.398490E+03
    2    3.740000E-01    2.132913E+00    6.859413E+03
    3    3.740000E-01    2.132913E+00    5.186060E+03
    4    3.740000E-01    2.132913E+00    3.943748E+03
    1    3.741667E-01    2.134569E+00    9.425977E+03
    2    3.741667E-01    2.134569E+00    6.879474E+03
    3    3.741667E-01    2.134569E+00    5.201227E+03
    4    3.741667E-01    2.134569E+00    3.955282E+03
    1    3.743333E-01    2.136225E+00    9.453514E+03
    2    3.743333E-01    2.136225E+00    6.899572E+03
    3    3.743333E-01    2.136225E+00    5.216422E+03
    4    3.743333E-01    2.136225E+00    3.966837E+03
    1    3.745000E-01    2.137881E+00    9.481103E+03
    2    3.745000E-01    2.137881E+00    6.919708E+03
    3    3.745000E-01    2.137881E+00    5.231645E+03
    4    3.745000E-01    2.137881E+00    3.978414E+03
    1    3.746667E-01    2.139539E+00    9.508743E+03
    2    3.746667E-01    2.139539E+00    6.939880E+03
    3    3.746667E-01    2.139539E+00    5.246897E+03
    4    3.746667E-01    2.139539E+00    3.990012E+03
    1    3.748333E-01    2.141197E+00    9.536433E+03
    2    3.748333E-01    2.141197E+00    6.960090E+03
    3    3.748333E-01    2.141197E+00    5.262176E+03
    4    3.748333E-01    2.141197E+00    4.001631E+03
    1    3.750000E-01    2.142855E+00    9.564174E+03
    2    3.750000E-01    2.142855E+00    6.980337E+03
    3    3.750000E-01    2.142855E+00    5.277484E+03
    4    3.750000E-01    2.142855E+00    4.013272E+03
    1    3.751667E-01    2.144515E+00    9.591967E+03
    2    3.751667E-01    2.144515E+00    7.000621E+03
    3    3.751667E-01    2.144515E+00    5.292820E+03
    4    3.751667E-01    2.144515E+00    4.024934E+03
    1    3.753333E-01    2.146175E+00    9.619811E+03
    2    3.753333E-01    2.146175E+00    7.020942E+03
    3    3.753333E-01    2.146175E+00    5.308184E+03
    4    3.753333E-01    2.146175E+00    4.036617E+03
    1    3.755000E-01    2.147835E+00    9.647705E+03
    2    3.755000E-01    2.147835E+00    7.041301E+03
    3    3.755000E-01    2.147835E+00    5.323576E+03
    4    3.755000E-01    2.147835E+00    4.048323E+03
    1    3.756667E-01    2.149497E+00    9.675651E+03
    2    3.756667E-01    2.149497E+00    7.061697E+03
    3    3.756667E-01    2.149497E+00    5.338997E+03
    4    3.756667E-01    2.149497E+00    4.060049E+03
    1    3.758333E-01    2.151158E+00    9.703649E+03
    2    3.758333E-01    2.151158E+00    7.082131E+03
    3    3.758333E-01    2.151158E+00    5.354445E+03
    4    3.758333E-01    2.151158E+00    4.071797E+03
    1    3.760000E-01    2.152821E+00    9.731697E+03
    2    3.760000E-01    2.152821E+00    7.102602E+03
    3    3.760000E-01    2.152821E+00    5.369922E+03
    4    3.760000E-01    2.152821E+00    4.083567E+03
    1    3.761667E-01    2.154484E+00    9.759797E+03
    2    3.761667E-01    2.154484E+00    7.123110E+03
    3    3.761667E-01    2.154484E+00    5.385428E+03
    4    3.761667E-01    2.154484E+00    4.095358E+03
    1    3.763333E-01    2.156148E+00    9.787948E+03
    2    3.763333E-01    2.156148E+00    7.143656E+03
    3    3.763333E-01    2.156148E+00    5.400962E+03
    4    3.763333E-01    2.156148E+00    4.107171E+03
    1    3.765000E-01    2.157812E+00    9.816151E+03
    2    3.765000E-01    2.157812E+00    7.164240E+03
    3    3.765000E-01    2.157812E+00    5.416524E+03
    4    3.765000E-01    2.157812E+00    4.119005E+03
    1    3.766667E-01    2.159477E+00    9.844405E+03
    2    3.766667E-01    2.159477E+00    7.184861E+03
    3    3.766667E-01    2.159477E+00    5.432114E+03
    4    3.766667E-01    2.159477E+00    4.130861E+03
    1    3.768333E-01    2.161143E+00    9.872710E+03
    2    3.768333E-01    2.161143E+00    7.205519E+03
    3    3.768333E-01    2.161143E+00    5.447733E+03
    4    3.768333E-01    2.161143E+00    4.142738E+03
    1    3.770000E-01    2.162809E+00    9.901068E+03
    2    3.770000E-01    2.162809E+00    7.226216E+03
    3    3.770000E-01    2.162809E+00    5.463381E+03
    4    3.770000E-01    2.162809E+00    4.154637E+03
    1    3.771667E-01    2.164477E+00    9.929476E+03
    2    3.771667E-01    2.164477E+00    7.246950E+03
    3    3.771667E-01    2.164477E+00    5.479057E+03
    4    3.771667E-01    2.164477E+00    4.166558E+03
    1    3.773333E-01    2.166144E+00    9.957937E+03
    2    3.773333E-01    2.166144E+00    7.267721E+03
    3    3.773333E-01    2.166144E+00    5.494761E+03
    4    3.773333E-01    2.166144E+00    4.178500E+03
    1    3.775000E-01    2.167812E+00    9.986449E+03
    2    3.775000E-01    2.167812E+00    7.288531E+03
    3    3.775000E-01    2.167812E+00    5.510494E+03
    4    3.775000E-01    2.167812E+00    4.190465E+03
    1    3.776667E-01    2.169481E+00    1.001501E+04
    2    3.776667E-01    2.169481E+00    7.309378E+03
    3    3.776667E-01    2.169481E+00    5.526255E+03
    4    3.776667E-01    2.169481E+00    4.202450E+03
    1    3.778333E-01    2.171151E+00    1.004363E+04
    2    3.778333E-01    2.171151E+00    7.330263E+03
    3    3.778333E-01    2.171151E+00    5.542046E+03
    4    3.778333E-01    2.171151E+00    4.214458E+03
    1    3.780000E-01    2.172821E+00    1.007230E+04
    2    3.780000E-01    2.172821E+00    7.351186E+03
    3    3.780000E-01    2.172821E+00    5.557864E+03
    4    3.780000E-01    2.172821E+00    4.226487E+03
    1    3.781667E-01    2.174492E+00    1.010102E+04
    2    3.781667E-01    2.174492E+00    7.372146E+03
    3    3.781667E-01    2.174492E+00    5.573712E+03
    4    3.781667E-01    2.174492E+00    4.238539E+03
    1    3.783333E-01    2.176164E+00    1.012979E+04
    2    3.783333E-01    2.176164E+00    7.393145E+03
    3    3.783333E-01    2.176164E+00    5.589588E+03
    4    3.783333E-01    2.176164E+00    4.250612E+03
    1    3.785000E-01    2.177836E+00    1.015861E+04
    2    3.785000E-01    2.177836E+00    7.414182E+03
    3    3.785000E-01    2.177836E+00    5.605492E+03
    4    3.785000E-01    2.177836E+00    4.262706E+03
    1    3.786667E-01    2.179509E+00    1.018749E+04
    2    3.786667E-01    2.179509E+00    7.435256E+03
    3    3.786667E-01    2.179509E+00    5.621426E+03
    4    3.786667E-01    2.179509E+00    4.274823E+03
    1    3.788333E-01    2.181182E+00    1.021641E+04
    2    3.788333E-01    2.181182E+00    7.456369E+03
    3    3.788333E-01    2.181182E+00    5.637388E+03
    4    3.788333E-01    2.181182E+00    4.286961E+03
    1    3.790000E-01    2.182856E+00    1.024539E+04
    2    3.790000E-01    2.182856E+00    7.477519E+03
    3    3.790000E-01    2.182856E+00    5.653379E+03
    4    3.790000E-01    2.182856E+00    4.299122E+03
    1    3.791667E-01    2.184531E+00    1.027443E+04
    2    3.791667E-01    2.184531E+00    7.498708E+03
    3    3.791667E-01    2.184531E+00    5.669399E+03
    4    3.791667E-01    2.184531E+00    4.311304E+03
    1    3.793333E-01    2.186206E+00    1.030351E+04
    2    3.793333E-01    2.186206E+00    7.519935E+03
    3    3.793333E-01    2.186206E+00    5.685447E+03
    4    3.793333E-01    2.186206E+00    4.323508E+03
    1    3.795000E-01    2.187882E+00    1.033265E+04
    2    3.795000E-01    2.187882E+00    7.541200E+03
    3    3.795000E-01    2.187882E+00    5.701525E+03
    4    3.795000E-01    2.187882E+00    4.335734E+03
    1    3.796667E-01    2.189559E+00    1.036184E+04
    2    3.796667E-01    2.189559E+00    7.562503E+03
    3    3.796667E-01    2.189559E+00    5.717631E+03
    4    3.796667E-01    2.189559E+00    4.347982E+03
    1    3.798333E-01    2.191236E+00    1.039108E+04
    2    3.798333E-01    2.191236E+00    7.583845E+03
    3    3.798333E-01    2.191236E+00    5.733766E+03
    4    3.798333E-01    2.191236E+00    4.360252E+03
    1    3.800000E-01    2.192914E+00    1.042037E+04
    2    3.800000E-01    2.192914E+00    7.605224E+03
    3    3.800000E-01    2.192914E+00    5.749930E+03
    4    3.800000E-01    2.192914E+00    4.372544E+03
    1    3.801667E-01    2.194593E+00    1.044972E+04
    2    3.801667E-01    2.194593E+00    7.626642E+03
    3    3.801667E-01    2.194593E+00    5.766123E+03
    4    3.801667E-01    2.194593E+00    4.384858E+03
    1    3.803333E-01    2.196272E+00    1.047911E+04
    2    3.803333E-01    2.196272E+00    7.648098E+03
    3    3.803333E-01    2.196272E+00    5.782345E+03
    4    3.803333E-01    2.196272E+00    4.397194E+03
    1    3.805000E-01    2.197952E+00    1.050857E+04
    2    3.805000E-01    2.197952E+00    7.669593E+03
    3    3.805000E-01    2.197952E+00    5.798596E+03
    4    3.805000E-01    2.197952E+00    4.409553E+03
    1    3.806667E-01    2.199632E+00    1.053807E+04
    2    3.806667E-01    2.199632E+00    7.691126E+03
    3    3.806667E-01    2.199632E+00    5.814876E+03
    4    3.806667E-01    2.199632E+00    4.421933E+03
    1    3.808333E-01    2.201313E+00    1.056763E+04
    2    3.808333E-01    2.201313E+00    7.712698E+03
    3    3.808333E-01    2.201313E+00    5.831185E+03
    4    3.808333E-01    2.201313E+00    4.434335E+03
    1    3.810000E-01    2.202995E+00    1.059723E+04
    2    3.810000E-01    2.202995E+00    7.734308E+03
    3    3.810000E-01    2.202995E+00    5.847524E+03
    4    3.810000E-01    2.202995E+00    4.446759E+03
    1    3.811667E-01    2.204677E+00    1.062690E+04
    2    3.811667E-01    2.204677E+00    7.755956E+03
    3    3.811667E-01    2.204677E+00    5.863891E+03
    4    3.811667E-01    2.204677E+00    4.459206E+03
    1    3.813333E-01    2.206361E+00    1.065661E+04
    2    3.813333E-01    2.206361E+00    7.777643E+03
    3    3.813333E-01    2.206361E+00    5.880287E+03
    4    3.813333E-01    2.206361E+00    4.471675E+03
    1    3.815000E-01    2.208044E+00    1.068638E+04
    2    3.815000E-01    2.208044E+00    7.799369E+03
    3    3.815000E-01    2.208044E+00    5.896713E+03
    4    3.815000E-01    2.208044E+00    4.484166E+03
    1    3.816667E-01    2.209729E+00    1.071620E+04
    2    3.816667E-01    2.209729E+00    7.821133E+03
    3    3.816667E-01    2.209729E+00    5.913168E+03
    4    3.816667E-01    2.209729E+00    4.496679E+03
    1    3.818333E-01    2.211414E+00    1.074607E+04
    2    3.818333E-01    2.211414E+00    7.842936E+03
    3    3.818333E-01    2.211414E+00    5.929652E+03
    4    3.818333E-01    2.211414E+00    4.509214E+03
    1    3.820000E-01    2.213099E+00    1.077600E+04
    2    3.820000E-01    2.213099E+00    7.864777E+03
    3    3.820000E-01    2.213099E+00    5.946165E+03
    4    3.820000E-01    2.213099E+00    4.521771E+03
    1    3.821667E-01    2.214785E+00    1.080598E+04
    2    3.821667E-01    2.214785E+00    7.886657E+03
    3    3.821667E-01    2.214785E+00    5.962708E+03
    4    3.821667E-01    2.214785E+00    4.534351E+03
    1    3.823333E-01    2.216472E+00    1.083601E+04
    2    3.823333E-01    2.216472E+00    7.908576E+03
    3    3.823333E-01    2.216472E+00    5.979279E+03
    4    3.823333E-01    2.216472E+00    4.546953E+03
    1    3.825000E-01    2.218160E+00    1.086610E+04
    2    3.825000E-01    2.218160E+00    7.930534E+03
    3    3.825000E-01    2.218160E+00    5.995881E+03
    4    3.825000E-01    2.218160E+00    4.559578E+03
    1    3.826667E-01    2.219848E+00    1.089623E+04
    2    3.826667E-01    2.219848E+00    7.952530E+03
    3    3.826667E-01    2.219848E+00    6.012511E+03
    4    3.826667E-01    2.219848E+00    4.572224E+03
    1    3.828333E-01    2.221537E+00    1.092643E+04
    2    3.828333E-01    2.221537E+00    7.974566E+03
    3    3.828333E-01    2.221537E+00    6.029171E+03
    4    3.828333E-01    2.221537E+00    4.584893E+03
    1    3.830000E-01    2.223227E+00    1.095667E+04
    2    3.830000E-01    2.223227E+00    7.996640E+03
    3    3.830000E-01    2.223227E+00    6.045860E+03
    4    3.830000E-01    2.223227E+00    4.597585E+03
    1    3.831667E-01    2.224917E+00    1.098697E+04
    2    3.831667E-01    2.224917E+00    8.018753E+03
    3    3.831667E-01    2.224917E+00    6.062579E+03
    4    3.831667E-01    2.224917E+00    4.610298E+03
    1    3.833333E-01    2.226607E+00    1.101732E+04
    2    3.833333E-01    2.226607E+00    8.040905E+03
    3    3.833333E-01    2.226607E+00    6.079327E+03
    4    3.833333E-01    2.226607E+00    4.623035E+03
    1    3.835000E-01    2.228299E+00    1.104773E+04
    2    3.835000E-01    2.228299E+00    8.063096E+03
    3    3.835000E-01    2.228299E+00    6.096104E+03
    4    3.835000E-01    2.228299E+00    4.635793E+03
    1    3.836667E-01    2.229991E+00    1.107819E+04
    2    3.836667E-01    2.229991E+00    8.085326E+03
    3    3.836667E-01    2.229991E+00    6.112912E+03
    4    3.836667E-01    2.229991E+00    4.648574E+03
    1    3.838333E-01    2.231684E+00    1.110870E+04
    2    3.838333E-01    2.231684E+00    8.107596E+03
    3    3.838333E-01    2.231684E+00    6.129748E+03
    4    3.838333E-01    2.231684E+00    4.661378E+03
    1    3.840000E-01    2.233377E+00    1.113926E+04
    2    3.840000E-01    2.233377E+00    8.129904E+03
    3    3.840000E-01    2.233377E+00    6.146614E+03
    4    3.840000E-01    2.233377E+00    4.674203E+03
    1    3.841667E-01    2.235071E+00    1.116988E+04
    2    3.841667E-01    2.235071E+00    8.152251E+03
    3    3.841667E-01    2.235071E+00    6.163510E+03
    4    3.841667E-01    2.235071E+00    4.687052E+03
    1    3.843333E-01    2.236766E+00    1.120056E+04
    2    3.843333E-01    2.236766E+00    8.174638E+03
    3    3.843333E-01    2.236766E+00    6.180435E+03
    4    3.843333E-01    2.236766E+00    4.699923E+03
    1    3.845000E-01    2.238461E+00    1.123128E+04
    2    3.845000E-01    2.238461E+00    8.197064E+03
    3    3.845000E-01    2.238461E+00    6.197390E+03
    4    3.845000E-01    2.238461E+00    4.712816E+03
    1    3.846667E-01    2.240157E+00    1.126207E+04
    2    3.846667E-01    2.240157E+00    8.219529E+03
    3    3.846667E-01    2.240157E+00    6.214375E+03
    4    3.846667E-01    2.240157E+00    4.725732E+03
    1    3.848333E-01    2.241853E+00    1.129290E+04
    2    3.848333E-01    2.241853E+00    8.242033E+03
    3    3.848333E-01    2.241853E+00    6.231389E+03
    4    3.848333E-01    2.241853E+00    4.738671E+03
    1    3.850000E-01    2.243550E+00    1.132379E+04
    2    3.850000E-01    2.243550E+00    8.264576E+03
    3    3.850000E-01    2.243550E+00    6.248433E+03
    4    3.850000E-01    2.243550E+00    4.751632E+03
    1    3.851667E-01    2.245248E+00    1.135473E+04
    2    3.851667E-01    2.245248E+00    8.287159E+03
    3    3.851667E-01    2.245248E+00    6.265507E+03
    4    3.851667E-01    2.245248E+00    4.764616E+03
    1    3.853333E-01    2.246947E+00    1.138573E+04
    2    3.853333E-01    2.246947E+00    8.309782E+03
    3    3.853333E-01    2.246947E+00    6.282611E+03
    4    3.853333E-01    2.246947E+00    4.777622E+03
    1    3.855000E-01    2.248646E+00    1.141678E+04
    2    3.855000E-01    2.248646E+00    8.332443E+03
    3    3.855000E-01    2.248646E+00    6.299744E+03
    4    3.855000E-01    2.248646E+00    4.790651E+03
    1    3.856667E-01    2.250346E+00    1.144788E+04
    2    3.856667E-01    2.250346E+00    8.355144E+03
    3    3.856667E-01    2.250346E+00    6.316907E+03
    4    3.856667E-01    2.250346E+00    4.803703E+03
    1    3.858333E-01    2.252046E+00    1.147904E+04
    2    3.858333E-01    2.252046E+00    8.377885E+03
    3    3.858333E-01    2.252046E+00    6.334100E+03
    4    3.858333E-01    2.252046E+00    4.816778E+03
    1    3.860000E-01    2.253747E+00    1.151025E+04
    2    3.860000E-01    2.253747E+00    8.400665E+03
    3    3.860000E-01    2.253747E+00    6.351323E+03
    4    3.860000E-01    2.253747E+00    4.829875E+03
    1    3.861667E-01    2.255449E+00    1.154152E+04
    2    3.861667E-01    2.255449E+00    8.423485E+03
    3    3.861667E-01    2.255449E+00    6.368576E+03
    4    3.861667E-01    2.255449E+00    4.842995E+03
    1    3.863333E-01    2.257151E+00    1.157284E+04
    2    3.863333E-01    2.257151E+00    8.446344E+03
    3    3.863333E-01    2.257151E+00    6.385859E+03
    4    3.863333E-01    2.257151E+00    4.856137E+03
    1    3.865000E-01    2.258854E+00    1.160421E+04
    2    3.865000E-01    2.258854E+00    8.469243E+03
    3    3.865000E-01    2.258854E+00    6.403171E+03
    4    3.865000E-01    2.258854E+00    4.869303E+03
    1    3.866667E-01    2.260558E+00    1.163564E+04
    2    3.866667E-01    2.260558E+00    8.492181E+03
    3    3.866667E-01    2.260558E+00    6.420514E+03
    4    3.866667E-01    2.260558E+00    4.882491E+03
    1    3.868333E-01    2.262262E+00    1.166713E+04
    2    3.868333E-01    2.262262E+00    8.515160E+03
    3    3.868333E-01    2.262262E+00    6.437887E+03
    4    3.868333E-01    2.262262E+00    4.895702E+03
    1    3.870000E-01    2.263967E+00    1.169866E+04
    2    3.870000E-01    2.263967E+00    8.538177E+03
    3    3.870000E-01    2.263967E+00    6.455289E+03
    4    3.870000E-01    2.263967E+00    4.908936E+03
    1    3.871667E-01    2.265672E+00    1.173026E+04
    2    3.871667E-01    2.265672E+00    8.561235E+03
    3    3.871667E-01    2.265672E+00    6.472722E+03
    4    3.871667E-01    2.265672E+00    4.922193E+03
    1    3.873333E-01    2.267379E+00    1.176190E+04
    2    3.873333E-01    2.267379E+00    8.584333E+03
    3    3.873333E-01    2.267379E+00    6.490185E+03
    4    3.873333E-01    2.267379E+00    4.935472E+03
    1    3.875000E-01    2.269085E+00    1.179361E+04
    2    3.875000E-01    2.269085E+00    8.607470E+03
    3    3.875000E-01    2.269085E+00    6.507678E+03
    4    3.875000E-01    2.269085E+00    4.948775E+03
    1    3.876667E-01    2.270793E+00    1.182536E+04
    2    3.876667E-01    2.270793E+00    8.630647E+03
    3    3.876667E-01    2.270793E+00    6.525201E+03
    4    3.876667E-01    2.270793E+00    4.962100E+03
    1    3.878333E-01    2.272501E+00    1.185717E+04
    2    3.878333E-01    2.272501E+00    8.653864E+03
    3    3.878333E-01    2.272501E+00    6.542754E+03
    4    3.878333E-01    2.272501E+00    4.975449E+03
    1    3.880000E-01    2.274210E+00    1.188904E+04
    2    3.880000E-01    2.274210E+00    8.677121E+03
    3    3.880000E-01    2.274210E+00    6.560338E+03
    4    3.880000E-01    2.274210E+00    4.988820E+03
    1    3.881667E-01    2.275919E+00    1.192096E+04
    2    3.881667E-01    2.275919E+00    8.700418E+03
    3    3.881667E-01    2.275919E+00    6.577951E+03
    4    3.881667E-01    2.275919E+00    5.002214E+03
    1    3.883333E-01    2.277629E+00    1.195294E+04
    2    3.883333E-01    2.277629E+00    8.723755E+03
    3    3.883333E-01    2.277629E+00    6.595595E+03
    4    3.883333E-01    2.277629E+00    5.015632E+03
    1    3.885000E-01    2.279340E+00    1.198497E+04
    2    3.885000E-01    2.279340E+00    8.747132E+03
    3    3.885000E-01    2.279340E+00    6.613269E+03
    4    3.885000E-01    2.279340E+00    5.029072E+03
    1    3.886667E-01    2.281051E+00    1.201705E+04
    2    3.886667E-01    2.281051E+00    8.770549E+03
    3    3.886667E-01    2.281051E+00    6.630974E+03
    4    3.886667E-01    2.281051E+00    5.042536E+03
    1    3.888333E-01    2.282763E+00    1.204919E+04
    2    3.888333E-01    2.282763E+00    8.794006E+03
    3    3.888333E-01    2.282763E+00    6.648709E+03
    4    3.888333E-01    2.282763E+00    5.056022E+03
    1    3.890000E-01    2.284476E+00    1.208139E+04
    2    3.890000E-01    2.284476E+00    8.817503E+03
    3    3.890000E-01    2.284476E+00    6.666474E+03
    4    3.890000E-01    2.284476E+00    5.069531E+03
    1    3.891667E-01    2.286189E+00    1.211364E+04
    2    3.891667E-01    2.286189E+00    8.841041E+03
    3    3.891667E-01    2.286189E+00    6.684269E+03
    4    3.891667E-01    2.286189E+00    5.083064E+03
    1    3.893333E-01    2.287903E+00    1.214594E+04
    2    3.893333E-01    2.287903E+00    8.864618E+03
    3    3.893333E-01    2.287903E+00    6.702095E+03
    4    3.893333E-01    2.287903E+00    5.096620E+03
    1    3.895000E-01    2.289617E+00    1.217830E+04
    2    3.895000E-01    2.289617E+00    8.888236E+03
    3    3.895000E-01    2.289617E+00    6.719952E+03
    4    3.895000E-01    2.289617E+00    5.110199E+03
    1    3.896667E-01    2.291333E+00    1.221072E+04
    2    3.896667E-01    2.291333E+00    8.911895E+03
    3    3.896667E-01    2.291333E+00    6.737838E+03
    4    3.896667E-01    2.291333E+00    5.123801E+03
    1    3.898333E-01    2.293048E+00    1.224319E+04
    2    3.898333E-01    2.293048E+00    8.935593E+03
    3    3.898333E-01    2.293048E+00    6.755756E+03
    4    3.898333E-01    2.293048E+00    5.137426E+03
    1    3.900000E-01    2.294765E+00    1.227571E+04
    2    3.900000E-01    2.294765E+00    8.959332E+03
    3    3.900000E-01    2.294765E+00    6.773703E+03
    4    3.900000E-01    2.294765E+00    5.151074E+03
    1    3.901667E-01    2.296482E+00    1.230830E+04
    2    3.901667E-01    2.296482E+00    8.983111E+03
    3    3.901667E-01    2.296482E+00    6.791682E+03
    4    3.901667E-01    2.296482E+00    5.164746E+03
    1    3.903333E-01    2.298200E+00    1.234093E+04
    2    3.903333E-01    2.298200E+00    9.006931E+03
    3    3.903333E-01    2.298200E+00    6.809691E+03
    4    3.903333E-01    2.298200E+00    5.178441E+03
    1    3.905000E-01    2.299918E+00    1.237362E+04
    2    3.905000E-01    2.299918E+00    9.030791E+03
    3    3.905000E-01    2.299918E+00    6.827730E+03
    4    3.905000E-01    2.299918E+00    5.192159E+03
    1    3.906667E-01    2.301637E+00    1.240637E+04
    2    3.906667E-01    2.301637E+00    9.054692E+03
    3    3.906667E-01    2.301637E+00    6.845800E+03
    4    3.906667E-01    2.301637E+00    5.205901E+03
    1    3.908333E-01    2.303357E+00    1.243918E+04
    2    3.908333E-01    2.303357E+00    9.078633E+03
    3    3.908333E-01    2.303357E+00    6.863901E+03
    4    3.908333E-01    2.303357E+00    5.219665E+03
    1    3.910000E-01    2.305077E+00    1.247203E+04
    2    3.910000E-01    2.305077E+00    9.102615E+03
    3    3.910000E-01    2.305077E+00    6.882032E+03
    4    3.910000E-01    2.305077E+00    5.233453E+03
    1    3.911667E-01    2.306798E+00    1.250495E+04
    2    3.911667E-01    2.306798E+00    9.126637E+03
    3    3.911667E-01    2.306798E+00    6.900195E+03
    4    3.911667E-01    2.306798E+00    5.247265E+03
    1    3.913333E-01    2.308520E+00    1.253792E+04
    2    3.913333E-01    2.308520E+00    9.150700E+03
    3    3.913333E-01    2.308520E+00    6.918387E+03
    4    3.913333E-01    2.308520E+00    5.261100E+03
    1    3.915000E-01    2.310242E+00    1.257094E+04
    2    3.915000E-01    2.310242E+00    9.174804E+03
    3    3.915000E-01    2.310242E+00    6.936611E+03
    4    3.915000E-01    2.310242E+00    5.274958E+03
    1    3.916667E-01    2.311965E+00    1.260403E+04
    2    3.916667E-01    2.311965E+00    9.198948E+03
    3    3.916667E-01    2.311965E+00    6.954865E+03
    4    3.916667E-01    2.311965E+00    5.288839E+03
    1    3.918333E-01    2.313688E+00    1.263716E+04
    2    3.918333E-01    2.313688E+00    9.223134E+03
    3    3.918333E-01    2.313688E+00    6.973151E+03
    4    3.918333E-01    2.313688E+00    5.302744E+03
    1    3.920000E-01    2.315413E+00    1.267036E+04
    2    3.920000E-01    2.315413E+00    9.247359E+03
    3    3.920000E-01    2.315413E+00    6.991467E+03
    4    3.920000E-01    2.315413E+00    5.316673E+03
    1    3.921667E-01    2.317137E+00    1.270361E+04
    2    3.921667E-01    2.317137E+00    9.271626E+03
    3    3.921667E-01    2.317137E+00    7.009813E+03
    4    3.921667E-01    2.317137E+00    5.330625E+03
    1    3.923333E-01    2.318863E+00    1.273691E+04
    2    3.923333E-01    2.318863E+00    9.295934E+03
    3    3.923333E-01    2.318863E+00    7.028191E+03
    4    3.923333E-01    2.318863E+00    5.344600E+03
    1    3.925000E-01    2.320589E+00    1.277027E+04
    2    3.925000E-01    2.320589E+00    9.320282E+03
    3    3.925000E-01    2.320589E+00    7.046600E+03
    4    3.925000E-01    2.320589E+00    5.358599E+03
    1    3.926667E-01    2.322316E+00    1.280369E+04
    2    3.926667E-01    2.322316E+00    9.344672E+03
    3    3.926667E-01    2.322316E+00    7.065039E+03
    4    3.926667E-01    2.322316E+00    5.372621E+03
    1    3.928333E-01    2.324043E+00    1.283716E+04
    2    3.928333E-01    2.324043E+00    9.369102E+03
    3    3.928333E-01    2.324043E+00    7.083510E+03
    4    3.928333E-01    2.324043E+00    5.386667E+03
    1    3.930000E-01    2.325771E+00    1.287069E+04
    2    3.930000E-01    2.325771E+00    9.393573E+03
    3    3.930000E-01    2.325771E+00    7.102012E+03
    4    3.930000E-01    2.325771E+00    5.400737E+03
    1    3.931667E-01    2.327500E+00    1.290428E+04
    2    3.931667E-01    2.327500E+00    9.418086E+03
    3    3.931667E-01    2.327500E+00    7.120544E+03
    4    3.931667E-01    2.327500E+00    5.414830E+03
    1    3.933333E-01    2.329229E+00    1.293792E+04
    2    3.933333E-01    2.329229E+00    9.442639E+03
    3    3.933333E-01    2.329229E+00    7.139108E+03
    4    3.933333E-01    2.329229E+00    5.428947E+03
    1    3.935000E-01    2.330959E+00    1.297162E+04
    2    3.935000E-01    2.330959E+00    9.467234E+03
    3    3.935000E-01    2.330959E+00    7.157703E+03
    4    3.935000E-01    2.330959E+00    5.443087E+03
    1    3.936667E-01    2.332690E+00    1.300537E+04
    2    3.936667E-01    2.332690E+00    9.491869E+03
    3    3.936667E-01    2.332690E+00    7.176328E+03
    4    3.936667E-01    2.332690E+00    5.457251E+03
    1    3.938333E-01    2.334421E+00    1.303919E+04
    2    3.938333E-01    2.334421E+00    9.516546E+03
    3    3.938333E-01    2.334421E+00    7.194985E+03
    4    3.938333E-01    2.334421E+00    5.471439E+03
    1    3.940000E-01    2.336153E+00    1.307305E+04
    2    3.940000E-01    2.336153E+00    9.541264E+03
    3    3.940000E-01    2.336153E+00    7.213673E+03
    4    3.940000E-01    2.336153E+00    5.485650E+03
    1    3.941667E-01    2.337885E+00    1.310698E+04
    2    3.941667E-01    2.337885E+00    9.566024E+03
    3    3.941667E-01    2.337885E+00    7.232393E+03
    4    3.941667E-01    2.337885E+00    5.499885E+03
    1    3.943333E-01    2.339618E+00    1.314096E+04
    2    3.943333E-01    2.339618E+00    9.590824E+03
    3    3.943333E-01    2.339618E+00    7.251143E+03
    4    3.943333E-01    2.339618E+00    5.514144E+03
    1    3.945000E-01    2.341352E+00    1.317500E+04
    2    3.945000E-01    2.341352E+00    9.615666E+03
    3    3.945000E-01    2.341352E+00    7.269925E+03
    4    3.945000E-01    2.341352E+00    5.528427E+03
    1    3.946667E-01    2.343087E+00    1.320909E+04
    2    3.946667E-01    2.343087E+00    9.640549E+03
    3    3.946667E-01    2.343087E+00    7.288738E+03
    4    3.946667E-01    2.343087E+00    5.542733E+03
    1    3.948333E-01    2.344822E+00    1.324324E+04
    2    3.948333E-01    2.344822E+00    9.665474E+03
    3    3.948333E-01    2.344822E+00    7.307582E+03
    4    3.948333E-01    2.344822E+00    5.557063E+03
    1    3.950000E-01    2.346557E+00    1.327745E+04
    2    3.950000E-01    2.346557E+00    9.690440E+03
    3    3.950000E-01    2.346557E+00    7.326458E+03
    4    3.950000E-01    2.346557E+00    5.571417E+03
    1    3.951667E-01    2.348294E+00    1.331171E+04
    2    3.951667E-01    2.348294E+00    9.715448E+03
    3    3.951667E-01    2.348294E+00    7.345365E+03
    4    3.951667E-01    2.348294E+00    5.585795E+03
    1    3.953333E-01    2.350031E+00    1.334603E+04
    2    3.953333E-01    2.350031E+00    9.740497E+03
    3    3.953333E-01    2.350031E+00    7.364303E+03
    4    3.953333E-01    2.350031E+00    5.600197E+03
    1    3.955000E-01    2.351768E+00    1.338041E+04
    2    3.955000E-01    2.351768E+00    9.765587E+03
    3    3.955000E-01    2.351768E+00    7.383273E+03
    4    3.955000E-01    2.351768E+00    5.614622E+03
    1    3.956667E-01    2.353507E+00    1.341485E+04
    2    3.956667E-01    2.353507E+00    9.790719E+03
    3    3.956667E-01    2.353507E+00    7.402274E+03
    4    3.956667E-01    2.353507E+00    5.629072E+03
    1    3.958333E-01    2.355246E+00    1.344934E+04
    2    3.958333E-01    2.355246E+00    9.815893E+03
    3    3.958333E-01    2.355246E+00    7.421306E+03
    4    3.958333E-01    2.355246E+00    5.643545E+03
    1    3.960000E-01    2.356985E+00    1.348389E+04
    2    3.960000E-01    2.356985E+00    9.841108E+03
    3    3.960000E-01    2.356985E+00    7.440370E+03
    4    3.960000E-01    2.356985E+00    5.658042E+03
    1    3.961667E-01    2.358725E+00    1.351849E+04
    2    3.961667E-01    2.358725E+00    9.866365E+03
    3    3.961667E-01    2.358725E+00    7.459466E+03
    4    3.961667E-01    2.358725E+00    5.672564E+03
    1    3.963333E-01    2.360466E+00    1.355316E+04
    2    3.963333E-01    2.360466E+00    9.891664E+03
    3    3.963333E-01    2.360466E+00    7.478593E+03
    4    3.963333E-01    2.360466E+00    5.687109E+03
    1    3.965000E-01    2.362208E+00    1.358788E+04
    2    3.965000E-01    2.362208E+00    9.917004E+03
    3    3.965000E-01    2.362208E+00    7.497752E+03
    4    3.965000E-01    2.362208E+00    5.701678E+03
    1    3.966667E-01    2.363950E+00    1.362266E+04
    2    3.966667E-01    2.363950E+00    9.942387E+03
    3    3.966667E-01    2.363950E+00    7.516942E+03
    4    3.966667E-01    2.363950E+00    5.716271E+03
    1    3.968333E-01    2.365693E+00    1.365749E+04
    2    3.968333E-01    2.365693E+00    9.967811E+03
    3    3.968333E-01    2.365693E+00    7.536164E+03
    4    3.968333E-01    2.365693E+00    5.730889E+03
    1    3.970000E-01    2.367436E+00    1.369238E+04
    2    3.970000E-01    2.367436E+00    9.993277E+03
    3    3.970000E-01    2.367436E+00    7.555417E+03
    4    3.970000E-01    2.367436E+00    5.745530E+03
    1    3.971667E-01    2.369180E+00    1.372733E+04
    2    3.971667E-01    2.369180E+00    1.001878E+04
    3    3.971667E-01    2.369180E+00    7.574702E+03
    4    3.971667E-01    2.369180E+00    5.760195E+03
    1    3.973333E-01    2.370925E+00    1.376234E+04
    2    3.973333E-01    2.370925E+00    1.004433E+04
    3    3.973333E-01    2.370925E+00    7.594019E+03
    4    3.973333E-01    2.370925E+00    5.774885E+03
    1    3.975000E-01    2.372670E+00    1.379740E+04
    2    3.975000E-01    2.372670E+00    1.006993E+04
    3    3.975000E-01    2.372670E+00    7.613368E+03
    4    3.975000E-01    2.372670E+00    5.789599E+03
    1    3.976667E-01    2.374416E+00    1.383253E+04
    2    3.976667E-01    2.374416E+00    1.009556E+04
    3    3.976667E-01    2.374416E+00    7.632748E+03
    4    3.976667E-01    2.374416E+00    5.804336E+03
    1    3.978333E-01    2.376163E+00    1.386771E+04
    2    3.978333E-01    2.376163E+00    1.012124E+04
    3    3.978333E-01    2.376163E+00    7.652160E+03
    4    3.978333E-01    2.376163E+00    5.819098E+03
    1    3.980000E-01    2.377910E+00    1.390294E+04
    2    3.980000E-01    2.377910E+00    1.014695E+04
    3    3.980000E-01    2.377910E+00    7.671604E+03
    4    3.980000E-01    2.377910E+00    5.833885E+03
    1    3.981667E-01    2.379658E+00    1.393824E+04
    2    3.981667E-01    2.379658E+00    1.017271E+04
    3    3.981667E-01    2.379658E+00    7.691080E+03
    4    3.981667E-01    2.379658E+00    5.848695E+03
    1    3.983333E-01    2.381407E+00    1.397359E+04
    2    3.983333E-01    2.381407E+00    1.019851E+04
    3    3.983333E-01    2.381407E+00    7.710588E+03
    4    3.983333E-01    2.381407E+00    5.863530E+03
    1    3.985000E-01    2.383156E+00    1.400900E+04
    2    3.985000E-01    2.383156E+00    1.022436E+04
    3    3.985000E-01    2.383156E+00    7.730127E+03
    4    3.985000E-01    2.383156E+00    5.878388E+03
    1    3.986667E-01    2.384906E+00    1.404447E+04
    2    3.986667E-01    2.384906E+00    1.025025E+04
    3    3.986667E-01    2.384906E+00    7.749698E+03
    4    3.986667E-01    2.384906E+00    5.893272E+03
    1    3.988333E-01    2.386656E+00    1.408000E+04
    2    3.988333E-01    2.386656E+00    1.027617E+04
    3    3.988333E-01    2.386656E+00    7.769302E+03
    4    3.988333E-01    2.386656E+00    5.908179E+03
    1    3.990000E-01    2.388407E+00    1.411558E+04
    2    3.990000E-01    2.388407E+00    1.030214E+04
    3    3.990000E-01    2.388407E+00    7.788937E+03
    4    3.990000E-01    2.388407E+00    5.923111E+03
    1    3.991667E-01    2.390159E+00    1.415122E+04
    2    3.991667E-01    2.390159E+00    1.032816E+04
    3    3.991667E-01    2.390159E+00    7.808604E+03
    4    3.991667E-01    2.390159E+00    5.938067E+03
    1    3.993333E-01    2.391912E+00    1.418692E+04
    2    3.993333E-01    2.391912E+00    1.035421E+04
    3    3.993333E-01    2.391912E+00    7.828304E+03
    4    3.993333E-01    2.391912E+00    5.953047E+03
    1    3.995000E-01    2.393665E+00    1.422268E+04
    2    3.995000E-01    2.393665E+00    1.038031E+04
    3    3.995000E-01    2.393665E+00    7.848035E+03
    4    3.995000E-01    2.393665E+00    5.968052E+03
    1    3.996667E-01    2.395418E+00    1.425850E+04
    2    3.996667E-01    2.395418E+00    1.040645E+04
    3    3.996667E-01    2.395418E+00    7.867799E+03
    4    3.996667E-01    2.395418E+00    5.983081E+03
    1    3.998333E-01    2.397173E+00    1.429437E+04
    2    3.998333E-01    2.397173E+00    1.043263E+04
    3    3.998333E-01    2.397173E+00    7.887594E+03
    4    3.998333E-01    2.397173E+00    5.998135E+03
    1    4.000000E-01    2.398928E+00    1.433031E+04
    2    4.000000E-01    2.398928E+00    1.045886E+04
    3    4.000000E-01    2.398928E+00    7.907422E+03
    4    4.000000E-01    2.398928E+00    6.013213E+03
    1    4.001667E-01    2.400683E+00    1.436630E+04
    2    4.001667E-01    2.400683E+00    1.048513E+04
    3    4.001667E-01    2.400683E+00    7.927282E+03
    4    4.001667E-01    2.400683E+00    6.028315E+03
    1    4.003333E-01    2.402440E+00    1.440235E+04
    2    4.003333E-01    2.402440E+00    1.051144E+04
    3    4.003333E-01    2.402440E+00    7.947174E+03
    4    4.003333E-01    2.402440E+00    6.043442E+03
    1    4.005000E-01    2.404197E+00    1.443846E+04
    2    4.005000E-01    2.404197E+00    1.053779E+04
    3    4.005000E-01    2.404197E+00    7.967098E+03
    4    4.005000E-01    2.404197E+00    6.058593E+03
    1    4.006667E-01    2.405954E+00    1.447462E+04
    2    4.006667E-01    2.405954E+00    1.056419E+04
    3    4.006667E-01    2.405954E+00    7.987055E+03
    4    4.006667E-01    2.405954E+00    6.073769E+03
    1    4.008333E-01    2.407712E+00    1.451085E+04
    2    4.008333E-01    2.407712E+00    1.059063E+04
    3    4.008333E-01    2.407712E+00    8.007043E+03
    4    4.008333E-01    2.407712E+00    6.088970E+03
    1    4.010000E-01    2.409471E+00    1.454713E+04
    2    4.010000E-01    2.409471E+00    1.061711E+04
    3    4.010000E-01    2.409471E+00    8.027064E+03
    4    4.010000E-01    2.409471E+00    6.104195E+03
    1    4.011667E-01    2.411231E+00    1.458347E+04
    2    4.011667E-01    2.411231E+00    1.064363E+04
    3    4.011667E-01    2.411231E+00    8.047118E+03
    4    4.011667E-01    2.411231E+00    6.119445E+03
    1    4.013333E-01    2.412991E+00    1.461987E+04
    2    4.013333E-01    2.412991E+00    1.067020E+04
    3    4.013333E-01    2.412991E+00    8.067203E+03
    4    4.013333E-01    2.412991E+00    6.134719E+03
    1    4.015000E-01    2.414752E+00    1.465633E+04
    2    4.015000E-01    2.414752E+00    1.069681E+04
    3    4.015000E-01    2.414752E+00    8.087322E+03
    4    4.015000E-01    2.414752E+00    6.150018E+03
    1    4.016667E-01    2.416513E+00    1.469285E+04
    2    4.016667E-01    2.416513E+00    1.072346E+04
    3    4.016667E-01    2.416513E+00    8.107472E+03
    4    4.016667E-01    2.416513E+00    6.165341E+03
    1    4.018333E-01    2.418275E+00    1.472943E+04
    2    4.018333E-01    2.418275E+00    1.075015E+04
    3    4.018333E-01    2.418275E+00    8.127655E+03
    4    4.018333E-01    2.418275E+00    6.180689E+03
    1    4.020000E-01    2.420038E+00    1.476606E+04
    2    4.020000E-01    2.420038E+00    1.077689E+04
    3    4.020000E-01    2.420038E+00    8.147870E+03
    4    4.020000E-01    2.420038E+00    6.196062E+03
    1    4.021667E-01    2.421801E+00    1.480276E+04
    2    4.021667E-01    2.421801E+00    1.080367E+04
    3    4.021667E-01    2.421801E+00    8.168118E+03
    4    4.021667E-01    2.421801E+00    6.211460E+03
    1    4.023333E-01    2.423565E+00    1.483951E+04
    2    4.023333E-01    2.423565E+00    1.083050E+04
    3    4.023333E-01    2.423565E+00    8.188399E+03
    4    4.023333E-01    2.423565E+00    6.226882E+03
    1    4.025000E-01    2.425330E+00    1.487632E+04
    2    4.025000E-01    2.425330E+00    1.085737E+04
    3    4.025000E-01    2.425330E+00    8.208712E+03
    4    4.025000E-01    2.425330E+00    6.242329E+03
    1    4.026667E-01    2.427095E+00    1.491319E+04
    2    4.026667E-01    2.427095E+00    1.088428E+04
    3    4.026667E-01    2.427095E+00    8.229057E+03
    4    4.026667E-01    2.427095E+00    6.257801E+03
    1    4.028333E-01    2.428861E+00    1.495012E+04
    2    4.028333E-01    2.428861E+00    1.091123E+04
    3    4.028333E-01    2.428861E+00    8.249435E+03
    4    4.028333E-01    2.428861E+00    6.273297E+03
    1    4.030000E-01    2.430627E+00    1.498711E+04
    2    4.030000E-01    2.430627E+00    1.093823E+04
    3    4.030000E-01    2.430627E+00    8.269846E+03
    4    4.030000E-01    2.430627E+00    6.288819E+03
    1    4.031667E-01    2.432395E+00    1.502416E+04
    2    4.031667E-01    2.432395E+00    1.096527E+04
    3    4.031667E-01    2.432395E+00    8.290289E+03
    4    4.031667E-01    2.432395E+00    6.304365E+03
    1    4.033333E-01    2.434162E+00    1.506127E+04
    2    4.033333E-01    2.434162E+00    1.099235E+04
    3    4.033333E-01    2.434162E+00    8.310766E+03
    4    4.033333E-01    2.434162E+00    6.319936E+03
    1    4.035000E-01    2.435931E+00    1.509844E+04
    2    4.035000E-01    2.435931E+00    1.101947E+04
    3    4.035000E-01    2.435931E+00    8.331274E+03
    4    4.035000E-01    2.435931E+00    6.335532E+03
    1    4.036667E-01    2.437700E+00    1.513566E+04
    2    4.036667E-01    2.437700E+00    1.104664E+04
    3    4.036667E-01    2.437700E+00    8.351816E+03
    4    4.036667E-01    2.437700E+00    6.351153E+03
    1    4.038333E-01    2.439470E+00    1.517295E+04
    2    4.038333E-01    2.439470E+00    1.107386E+04
    3    4.038333E-01    2.439470E+00    8.372390E+03
    4    4.038333E-01    2.439470E+00    6.366799E+03
    1    4.040000E-01    2.441240E+00    1.521030E+04
    2    4.040000E-01    2.441240E+00    1.110111E+04
    3    4.040000E-01    2.441240E+00    8.392997E+03
    4    4.040000E-01    2.441240E+00    6.382469E+03
    1    4.041667E-01    2.443011E+00    1.524770E+04
    2    4.041667E-01    2.443011E+00    1.112841E+04
    3    4.041667E-01    2.443011E+00    8.413637E+03
    4    4.041667E-01    2.443011E+00    6.398165E+03
    1    4.043333E-01    2.444783E+00    1.528516E+04
    2    4.043333E-01    2.444783E+00    1.115576E+04
    3    4.043333E-01    2.444783E+00    8.434310E+03
    4    4.043333E-01    2.444783E+00    6.413885E+03
    1    4.045000E-01    2.446555E+00    1.532269E+04
    2    4.045000E-01    2.446555E+00    1.118314E+04
    3    4.045000E-01    2.446555E+00    8.455015E+03
    4    4.045000E-01    2.446555E+00    6.429631E+03
    1    4.046667E-01    2.448328E+00    1.536027E+04
    2    4.046667E-01    2.448328E+00    1.121057E+04
    3    4.046667E-01    2.448328E+00    8.475754E+03
    4    4.046667E-01    2.448328E+00    6.445402E+03
    1    4.048333E-01    2.450102E+00    1.539792E+04
    2    4.048333E-01    2.450102E+00    1.123805E+04
    3    4.048333E-01    2.450102E+00    8.496525E+03
    4    4.048333E-01    2.450102E+00    6.461197E+03
    1    4.050000E-01    2.451876E+00    1.543562E+04
    2    4.050000E-01    2.451876E+00    1.126556E+04
    3    4.050000E-01    2.451876E+00    8.517330E+03
    4    4.050000E-01    2.451876E+00    6.477018E+03
    1    4.051667E-01    2.453651E+00    1.547338E+04
    2    4.051667E-01    2.453651E+00    1.129312E+04
    3    4.051667E-01    2.453651E+00    8.538167E+03
    4    4.051667E-01    2.453651E+00    6.492864E+03
    1    4.053333E-01    2.455427E+00    1.551120E+04
    2    4.053333E-01    2.455427E+00    1.132073E+04
    3    4.053333E-01    2.455427E+00    8.559038E+03
    4    4.053333E-01    2.455427E+00    6.508735E+03
    1    4.055000E-01    2.457203E+00    1.554909E+04
    2    4.055000E-01    2.457203E+00    1.134838E+04
    3    4.055000E-01    2.457203E+00    8.579941E+03
    4    4.055000E-01    2.457203E+00    6.524631E+03
    1    4.056667E-01    2.458980E+00    1.558703E+04
    2    4.056667E-01    2.458980E+00    1.137607E+04
    3    4.056667E-01    2.458980E+00    8.600878E+03
    4    4.056667E-01    2.458980E+00    6.540552E+03
    1    4.058333E-01    2.460757E+00    1.562503E+04
    2    4.058333E-01    2.460757E+00    1.140380E+04
    3    4.058333E-01    2.460757E+00    8.621847E+03
    4    4.058333E-01    2.460757E+00    6.556498E+03
    1    4.060000E-01    2.462535E+00    1.566309E+04
    2    4.060000E-01    2.462535E+00    1.143158E+04
    3    4.060000E-01    2.462535E+00    8.642850E+03
    4    4.060000E-01    2.462535E+00    6.572470E+03
    1    4.061667E-01    2.464314E+00    1.570122E+04
    2    4.061667E-01    2.464314E+00    1.145941E+04
    3    4.061667E-01    2.464314E+00    8.663886E+03
    4    4.061667E-01    2.464314E+00    6.588467E+03
    1    4.063333E-01    2.466093E+00    1.573940E+04
    2    4.063333E-01    2.466093E+00    1.148727E+04
    3    4.063333E-01    2.466093E+00    8.684955E+03
    4    4.063333E-01    2.466093E+00    6.604489E+03
    1    4.065000E-01    2.467873E+00    1.577764E+04
    2    4.065000E-01    2.467873E+00    1.151519E+04
    3    4.065000E-01    2.467873E+00    8.706057E+03
    4    4.065000E-01    2.467873E+00    6.620536E+03
    1    4.066667E-01    2.469654E+00    1.581594E+04
    2    4.066667E-01    2.469654E+00    1.154314E+04
    3    4.066667E-01    2.469654E+00    8.727192E+03
    4    4.066667E-01    2.469654E+00    6.636609E+03
    1    4.068333E-01    2.471435E+00    1.585431E+04
    2    4.068333E-01    2.471435E+00    1.157114E+04
    3    4.068333E-01    2.471435E+00    8.748361E+03
    4    4.068333E-01    2.471435E+00    6.652706E+03
    1    4.070000E-01    2.473217E+00    1.589273E+04
    2    4.070000E-01    2.473217E+00    1.159918E+04
    3    4.070000E-01    2.473217E+00    8.769563E+03
    4    4.070000E-01    2.473217E+00    6.668829E+03
    1    4.071667E-01    2.475000E+00    1.593121E+04
    2    4.071667E-01    2.475000E+00    1.162727E+04
    3    4.071667E-01    2.475000E+00    8.790799E+03
    4    4.071667E-01    2.475000E+00    6.684978E+03
    1    4.073333E-01    2.476783E+00    1.596976E+04
    2    4.073333E-01    2.476783E+00    1.165540E+04
    3    4.073333E-01    2.476783E+00    8.812067E+03
    4    4.073333E-01    2.476783E+00    6.701152E+03
    1    4.075000E-01    2.478567E+00    1.600836E+04
    2    4.075000E-01    2.478567E+00    1.168358E+04
    3    4.075000E-01    2.478567E+00    8.833369E+03
    4    4.075000E-01    2.478567E+00    6.717351E+03
    1    4.076667E-01    2.480352E+00    1.604703E+04
    2    4.076667E-01    2.480352E+00    1.171180E+04
    3    4.076667E-01    2.480352E+00    8.854705E+03
    4    4.076667E-01    2.480352E+00    6.733575E+03
    1    4.078333E-01    2.482137E+00    1.608576E+04
    2    4.078333E-01    2.482137E+00    1.174006E+04
    3    4.078333E-01    2.482137E+00    8.876074E+03
    4    4.078333E-01    2.482137E+00    6.749825E+03
    1    4.080000E-01    2.483923E+00    1.612454E+04
    2    4.080000E-01    2.483923E+00    1.176837E+04
    3    4.080000E-01    2.483923E+00    8.897476E+03
    4    4.080000E-01    2.483923E+00    6.766101E+03
    1    4.081667E-01    2.485709E+00    1.616339E+04
    2    4.081667E-01    2.485709E+00    1.179672E+04
    3    4.081667E-01    2.485709E+00    8.918912E+03
    4    4.081667E-01    2.485709E+00    6.782402E+03
    1    4.083333E-01    2.487496E+00    1.620230E+04
    2    4.083333E-01    2.487496E+00    1.182512E+04
    3    4.083333E-01    2.487496E+00    8.940381E+03
    4    4.083333E-01    2.487496E+00    6.798728E+03
    1    4.085000E-01    2.489284E+00    1.624127E+04
    2    4.085000E-01    2.489284E+00    1.185356E+04
    3    4.085000E-01    2.489284E+00    8.961884E+03
    4    4.085000E-01    2.489284E+00    6.815080E+03
    1    4.086667E-01    2.491072E+00    1.628030E+04
    2    4.086667E-01    2.491072E+00    1.188204E+04
    3    4.086667E-01    2.491072E+00    8.983420E+03
    4    4.086667E-01    2.491072E+00    6.831457E+03
    1    4.088333E-01    2.492861E+00    1.631939E+04
    2    4.088333E-01    2.492861E+00    1.191057E+04
    3    4.088333E-01    2.492861E+00    9.004990E+03
    4    4.088333E-01    2.492861E+00    6.847860E+03
    1    4.090000E-01    2.494651E+00    1.635854E+04
    2    4.090000E-01    2.494651E+00    1.193915E+04
    3    4.090000E-01    2.494651E+00    9.026594E+03
    4    4.090000E-01    2.494651E+00    6.864289E+03
    1    4.091667E-01    2.496441E+00    1.639775E+04
    2    4.091667E-01    2.496441E+00    1.196777E+04
    3    4.091667E-01    2.496441E+00    9.048231E+03
    4    4.091667E-01    2.496441E+00    6.880743E+03
    1    4.093333E-01    2.498232E+00    1.643702E+04
    2    4.093333E-01    2.498232E+00    1.199643E+04
    3    4.093333E-01    2.498232E+00    9.069902E+03
    4    4.093333E-01    2.498232E+00    6.897223E+03
    1    4.095000E-01    2.500024E+00    1.647636E+04
    2    4.095000E-01    2.500024E+00    1.202514E+04
    3    4.095000E-01    2.500024E+00    9.091607E+03
    4    4.095000E-01    2.500024E+00    6.913728E+03
    1    4.096667E-01    2.501816E+00    1.651575E+04
    2    4.096667E-01    2.501816E+00    1.205389E+04
    3    4.096667E-01    2.501816E+00    9.113345E+03
    4    4.096667E-01    2.501816E+00    6.930259E+03
    1    4.098333E-01    2.503609E+00    1.655521E+04
    2    4.098333E-01    2.503609E+00    1.208269E+04
    3    4.098333E-01    2.503609E+00    9.135118E+03
    4    4.098333E-01    2.503609E+00    6.946816E+03
    1    4.100000E-01    2.505402E+00    1.659473E+04
    2    4.100000E-01    2.505402E+00    1.211153E+04
    3    4.100000E-01    2.505402E+00    9.156923E+03
    4    4.100000E-01    2.505402E+00    6.963398E+03
    1    4.101667E-01    2.507197E+00    1.663431E+04
    2    4.101667E-01    2.507197E+00    1.214042E+04
    3    4.101667E-01    2.507197E+00    9.178763E+03
    4    4.101667E-01    2.507197E+00    6.980006E+03
    1    4.103333E-01    2.508991E+00    1.667395E+04
    2    4.103333E-01    2.508991E+00    1.216935E+04
    3    4.103333E-01    2.508991E+00    9.200637E+03
    4    4.103333E-01    2.508991E+00    6.996640E+03
    1    4.105000E-01    2.510787E+00    1.671365E+04
    2    4.105000E-01    2.510787E+00    1.219833E+04
    3    4.105000E-01    2.510787E+00    9.222544E+03
    4    4.105000E-01    2.510787E+00    7.013300E+03
    1    4.106667E-01    2.512583E+00    1.675341E+04
    2    4.106667E-01    2.512583E+00    1.222735E+04
    3    4.106667E-01    2.512583E+00    9.244486E+03
    4    4.106667E-01    2.512583E+00    7.029985E+03
    1    4.108333E-01    2.514380E+00    1.679324E+04
    2    4.108333E-01    2.514380E+00    1.225641E+04
    3    4.108333E-01    2.514380E+00    9.266461E+03
    4    4.108333E-01    2.514380E+00    7.046696E+03
    1    4.110000E-01    2.516177E+00    1.683313E+04
    2    4.110000E-01    2.516177E+00    1.228552E+04
    3    4.110000E-01    2.516177E+00    9.288470E+03
    4    4.110000E-01    2.516177E+00    7.063433E+03
    1    4.111667E-01    2.517975E+00    1.687307E+04
    2    4.111667E-01    2.517975E+00    1.231468E+04
    3    4.111667E-01    2.517975E+00    9.310514E+03
    4    4.111667E-01    2.517975E+00    7.080196E+03
    1    4.113333E-01    2.519774E+00    1.691308E+04
    2    4.113333E-01    2.519774E+00    1.234388E+04
    3    4.113333E-01    2.519774E+00    9.332591E+03
    4    4.113333E-01    2.519774E+00    7.096985E+03
    1    4.115000E-01    2.521573E+00    1.695316E+04
    2    4.115000E-01    2.521573E+00    1.237313E+04
    3    4.115000E-01    2.521573E+00    9.354702E+03
    4    4.115000E-01    2.521573E+00    7.113799E+03
    1    4.116667E-01    2.523373E+00    1.699329E+04
    2    4.116667E-01    2.523373E+00    1.240242E+04
    3    4.116667E-01    2.523373E+00    9.376848E+03
    4    4.116667E-01    2.523373E+00    7.130640E+03
    1    4.118333E-01    2.525174E+00    1.703348E+04
    2    4.118333E-01    2.525174E+00    1.243175E+04
    3    4.118333E-01    2.525174E+00    9.399027E+03
    4    4.118333E-01    2.525174E+00    7.147506E+03
    1    4.120000E-01    2.526975E+00    1.707374E+04
    2    4.120000E-01    2.526975E+00    1.246113E+04
    3    4.120000E-01    2.526975E+00    9.421241E+03
    4    4.120000E-01    2.526975E+00    7.164399E+03
    1    4.121667E-01    2.528777E+00    1.711406E+04
    2    4.121667E-01    2.528777E+00    1.249056E+04
    3    4.121667E-01    2.528777E+00    9.443488E+03
    4    4.121667E-01    2.528777E+00    7.181317E+03
    1    4.123333E-01    2.530579E+00    1.715444E+04
    2    4.123333E-01    2.530579E+00    1.252003E+04
    3    4.123333E-01    2.530579E+00    9.465770E+03
    4    4.123333E-01    2.530579E+00    7.198261E+03
    1    4.125000E-01    2.532382E+00    1.719488E+04
    2    4.125000E-01    2.532382E+00    1.254955E+04
    3    4.125000E-01    2.532382E+00    9.488087E+03
    4    4.125000E-01    2.532382E+00    7.215232E+03
    1    4.126667E-01    2.534186E+00    1.723539E+04
    2    4.126667E-01    2.534186E+00    1.257911E+04
    3    4.126667E-01    2.534186E+00    9.510437E+03
    4    4.126667E-01    2.534186E+00    7.232228E+03
    1    4.128333E-01    2.535991E+00    1.727595E+04
    2    4.128333E-01    2.535991E+00    1.260872E+04
    3    4.128333E-01    2.535991E+00    9.532822E+03
    4    4.128333E-01    2.535991E+00    7.249251E+03
    1    4.130000E-01    2.537796E+00    1.731658E+04
    2    4.130000E-01    2.537796E+00    1.263837E+04
    3    4.130000E-01    2.537796E+00    9.555240E+03
    4    4.130000E-01    2.537796E+00    7.266299E+03
    1    4.131667E-01    2.539601E+00    1.735727E+04
    2    4.131667E-01    2.539601E+00    1.266807E+04
    3    4.131667E-01    2.539601E+00    9.577694E+03
    4    4.131667E-01    2.539601E+00    7.283374E+03
    1    4.133333E-01    2.541408E+00    1.739803E+04
    2    4.133333E-01    2.541408E+00    1.269781E+04
    3    4.133333E-01    2.541408E+00    9.600181E+03
    4    4.133333E-01    2.541408E+00    7.300474E+03
    1    4.135000E-01    2.543215E+00    1.743884E+04
    2    4.135000E-01    2.543215E+00    1.272760E+04
    3    4.135000E-01    2.543215E+00    9.622703E+03
    4    4.135000E-01    2.543215E+00    7.317601E+03
    1    4.136667E-01    2.545022E+00    1.747972E+04
    2    4.136667E-01    2.545022E+00    1.275744E+04
    3    4.136667E-01    2.545022E+00    9.645260E+03
    4    4.136667E-01    2.545022E+00    7.334754E+03
    1    4.138333E-01    2.546831E+00    1.752066E+04
    2    4.138333E-01    2.546831E+00    1.278732E+04
    3    4.138333E-01    2.546831E+00    9.667851E+03
    4    4.138333E-01    2.546831E+00    7.351934E+03
    1    4.140000E-01    2.548640E+00    1.756166E+04
    2    4.140000E-01    2.548640E+00    1.281724E+04
    3    4.140000E-01    2.548640E+00    9.690476E+03
    4    4.140000E-01    2.548640E+00    7.369139E+03
    1    4.141667E-01    2.550449E+00    1.760273E+04
    2    4.141667E-01    2.550449E+00    1.284721E+04
    3    4.141667E-01    2.550449E+00    9.713136E+03
    4    4.141667E-01    2.550449E+00    7.386371E+03
    1    4.143333E-01    2.552260E+00    1.764386E+04
    2    4.143333E-01    2.552260E+00    1.287723E+04
    3    4.143333E-01    2.552260E+00    9.735830E+03
    4    4.143333E-01    2.552260E+00    7.403629E+03
    1    4.145000E-01    2.554070E+00    1.768505E+04
    2    4.145000E-01    2.554070E+00    1.290729E+04
    3    4.145000E-01    2.554070E+00    9.758559E+03
    4    4.145000E-01    2.554070E+00    7.420913E+03
    1    4.146667E-01    2.555882E+00    1.772630E+04
    2    4.146667E-01    2.555882E+00    1.293740E+04
    3    4.146667E-01    2.555882E+00    9.781322E+03
    4    4.146667E-01    2.555882E+00    7.438223E+03
    1    4.148333E-01    2.557694E+00    1.776762E+04
    2    4.148333E-01    2.557694E+00    1.296755E+04
    3    4.148333E-01    2.557694E+00    9.804120E+03
    4    4.148333E-01    2.557694E+00    7.455560E+03
    1    4.150000E-01    2.559507E+00    1.780900E+04
    2    4.150000E-01    2.559507E+00    1.299775E+04
    3    4.150000E-01    2.559507E+00    9.826953E+03
    4    4.150000E-01    2.559507E+00    7.472923E+03
    1    4.151667E-01    2.561320E+00    1.785044E+04
    2    4.151667E-01    2.561320E+00    1.302800E+04
    3    4.151667E-01    2.561320E+00    9.849820E+03
    4    4.151667E-01    2.561320E+00    7.490313E+03
    1    4.153333E-01    2.563134E+00    1.789194E+04
    2    4.153333E-01    2.563134E+00    1.305829E+04
    3    4.153333E-01    2.563134E+00    9.872722E+03
    4    4.153333E-01    2.563134E+00    7.507729E+03
    1    4.155000E-01    2.564949E+00    1.793351E+04
    2    4.155000E-01    2.564949E+00    1.308863E+04
    3    4.155000E-01    2.564949E+00    9.895659E+03
    4    4.155000E-01    2.564949E+00    7.525171E+03
    1    4.156667E-01    2.566764E+00    1.797514E+04
    2    4.156667E-01    2.566764E+00    1.311901E+04
    3    4.156667E-01    2.566764E+00    9.918630E+03
    4    4.156667E-01    2.566764E+00    7.542639E+03
    1    4.158333E-01    2.568580E+00    1.801683E+04
    2    4.158333E-01    2.568580E+00    1.314944E+04
    3    4.158333E-01    2.568580E+00    9.941637E+03
    4    4.158333E-01    2.568580E+00    7.560135E+03
    1    4.160000E-01    2.570397E+00    1.805859E+04
    2    4.160000E-01    2.570397E+00    1.317992E+04
    3    4.160000E-01    2.570397E+00    9.964678E+03
    4    4.160000E-01    2.570397E+00    7.577656E+03
    1    4.161667E-01    2.572214E+00    1.810041E+04
    2    4.161667E-01    2.572214E+00    1.321044E+04
    3    4.161667E-01    2.572214E+00    9.987753E+03
    4    4.161667E-01    2.572214E+00    7.595204E+03
    1    4.163333E-01    2.574032E+00    1.814229E+04
    2    4.163333E-01    2.574032E+00    1.324101E+04
    3    4.163333E-01    2.574032E+00    1.001086E+04
    4    4.163333E-01    2.574032E+00    7.612779E+03
    1    4.165000E-01    2.575851E+00    1.818424E+04
    2    4.165000E-01    2.575851E+00    1.327162E+04
    3    4.165000E-01    2.575851E+00    1.003401E+04
    4    4.165000E-01    2.575851E+00    7.630380E+03
    1    4.166667E-01    2.577670E+00    1.822625E+04
    2    4.166667E-01    2.577670E+00    1.330228E+04
    3    4.166667E-01    2.577670E+00    1.005719E+04
    4    4.166667E-01    2.577670E+00    7.648008E+03
    1    4.168333E-01    2.579490E+00    1.826832E+04
    2    4.168333E-01    2.579490E+00    1.333299E+04
    3    4.168333E-01    2.579490E+00    1.008041E+04
    4    4.168333E-01    2.579490E+00    7.665662E+03
    1    4.170000E-01    2.581310E+00    1.831045E+04
    2    4.170000E-01    2.581310E+00    1.336374E+04
    3    4.170000E-01    2.581310E+00    1.010366E+04
    4    4.170000E-01    2.581310E+00    7.683343E+03
    1    4.171667E-01    2.583132E+00    1.835265E+04
    2    4.171667E-01    2.583132E+00    1.339454E+04
    3    4.171667E-01    2.583132E+00    1.012694E+04
    4    4.171667E-01    2.583132E+00    7.701050E+03
    1    4.173333E-01    2.584953E+00    1.839492E+04
    2    4.173333E-01    2.584953E+00    1.342538E+04
    3    4.173333E-01    2.584953E+00    1.015026E+04
    4    4.173333E-01    2.584953E+00    7.718784E+03
    1    4.175000E-01    2.586776E+00    1.843724E+04
    2    4.175000E-01    2.586776E+00    1.345628E+04
    3    4.175000E-01    2.586776E+00    1.017362E+04
    4    4.175000E-01    2.586776E+00    7.736545E+03
    1    4.176667E-01    2.588599E+00    1.847963E+04
    2    4.176667E-01    2.588599E+00    1.348721E+04
    3    4.176667E-01    2.588599E+00    1.019701E+04
    4    4.176667E-01    2.588599E+00    7.754332E+03
    1    4.178333E-01    2.590422E+00    1.852209E+04
    2    4.178333E-01    2.590422E+00    1.351820E+04
    3    4.178333E-01    2.590422E+00    1.022043E+04
    4    4.178333E-01    2.590422E+00    7.772146E+03
    1    4.180000E-01    2.592247E+00    1.856460E+04
    2    4.180000E-01    2.592247E+00    1.354923E+04
    3    4.180000E-01    2.592247E+00    1.024389E+04
    4    4.180000E-01    2.592247E+00    7.789987E+03
    1    4.181667E-01    2.594072E+00    1.860718E+04
    2    4.181667E-01    2.594072E+00    1.358031E+04
    3    4.181667E-01    2.594072E+00    1.026739E+04
    4    4.181667E-01    2.594072E+00    7.807855E+03
    1    4.183333E-01    2.595897E+00    1.864983E+04
    2    4.183333E-01    2.595897E+00    1.361143E+04
    3    4.183333E-01    2.595897E+00    1.029092E+04
    4    4.183333E-01    2.595897E+00    7.825749E+03
    1    4.185000E-01    2.597724E+00    1.869254E+04
    2    4.185000E-01    2.597724E+00    1.364260E+04
    3    4.185000E-01    2.597724E+00    1.031449E+04
    4    4.185000E-01    2.597724E+00    7.843670E+03
    1    4.186667E-01    2.599551E+00    1.873531E+04
    2    4.186667E-01    2.599551E+00    1.367382E+04
    3    4.186667E-01    2.599551E+00    1.033809E+04
    4    4.186667E-01    2.599551E+00    7.861618E+03
    1    4.188333E-01    2.601378E+00    1.877815E+04
    2    4.188333E-01    2.601378E+00    1.370508E+04
    3    4.188333E-01    2.601378E+00    1.036173E+04
    4    4.188333E-01    2.601378E+00    7.879593E+03
    1    4.190000E-01    2.603206E+00    1.882105E+04
    2    4.190000E-01    2.603206E+00    1.373639E+04
    3    4.190000E-01    2.603206E+00    1.038540E+04
    4    4.190000E-01    2.603206E+00    7.897595E+03
    1    4.191667E-01    2.605035E+00    1.886401E+04
    2    4.191667E-01    2.605035E+00    1.376775E+04
    3    4.191667E-01    2.605035E+00    1.040911E+04
    4    4.191667E-01    2.605035E+00    7.915623E+03
    1    4.193333E-01    2.606865E+00    1.890704E+04
    2    4.193333E-01    2.606865E+00    1.379915E+04
    3    4.193333E-01    2.606865E+00    1.043285E+04
    4    4.193333E-01    2.606865E+00    7.933679E+03
    1    4.195000E-01    2.608695E+00    1.895013E+04
    2    4.195000E-01    2.608695E+00    1.383060E+04
    3    4.195000E-01    2.608695E+00    1.045663E+04
    4    4.195000E-01    2.608695E+00    7.951761E+03
    1    4.196667E-01    2.610526E+00    1.899329E+04
    2    4.196667E-01    2.610526E+00    1.386210E+04
    3    4.196667E-01    2.610526E+00    1.048044E+04
    4    4.196667E-01    2.610526E+00    7.969870E+03
    1    4.198333E-01    2.612357E+00    1.903651E+04
    2    4.198333E-01    2.612357E+00    1.389365E+04
    3    4.198333E-01    2.612357E+00    1.050429E+04
    4    4.198333E-01    2.612357E+00    7.988006E+03
    1    4.200000E-01    2.614189E+00    1.907980E+04
    2    4.200000E-01    2.614189E+00    1.392524E+04
    3    4.200000E-01    2.614189E+00    1.052818E+04
    4    4.200000E-01    2.614189E+00    8.006170E+03
    1    4.201667E-01    2.616022E+00    1.912314E+04
    2    4.201667E-01    2.616022E+00    1.395688E+04
    3    4.201667E-01    2.616022E+00    1.055210E+04
    4    4.201667E-01    2.616022E+00    8.024360E+03
    1    4.203333E-01    2.617855E+00    1.916656E+04
    2    4.203333E-01    2.617855E+00    1.398856E+04
    3    4.203333E-01    2.617855E+00    1.057605E+04
    4    4.203333E-01    2.617855E+00    8.042577E+03
    1    4.205000E-01    2.619689E+00    1.921004E+04
    2    4.205000E-01    2.619689E+00    1.402029E+04
    3    4.205000E-01    2.619689E+00    1.060004E+04
    4    4.205000E-01    2.619689E+00    8.060821E+03
    1    4.206667E-01    2.621524E+00    1.925358E+04
    2    4.206667E-01    2.621524E+00    1.405207E+04
    3    4.206667E-01    2.621524E+00    1.062407E+04
    4    4.206667E-01    2.621524E+00    8.079093E+03
    1    4.208333E-01    2.623359E+00    1.929719E+04
    2    4.208333E-01    2.623359E+00    1.408390E+04
    3    4.208333E-01    2.623359E+00    1.064813E+04
    4    4.208333E-01    2.623359E+00    8.097391E+03
    1    4.210000E-01    2.625195E+00    1.934086E+04
    2    4.210000E-01    2.625195E+00    1.411577E+04
    3    4.210000E-01    2.625195E+00    1.067223E+04
    4    4.210000E-01    2.625195E+00    8.115717E+03
    1    4.211667E-01    2.627031E+00    1.938460E+04
    2    4.211667E-01    2.627031E+00    1.414769E+04
    3    4.211667E-01    2.627031E+00    1.069637E+04
    4    4.211667E-01    2.627031E+00    8.134069E+03
    1    4.213333E-01    2.628869E+00    1.942840E+04
    2    4.213333E-01    2.628869E+00    1.417966E+04
    3    4.213333E-01    2.628869E+00    1.072053E+04
    4    4.213333E-01    2.628869E+00    8.152449E+03
    1    4.215000E-01    2.630706E+00    1.947227E+04
    2    4.215000E-01    2.630706E+00    1.421168E+04
    3    4.215000E-01    2.630706E+00    1.074474E+04
    4    4.215000E-01    2.630706E+00    8.170856E+03
    1    4.216667E-01    2.632545E+00    1.951620E+04
    2    4.216667E-01    2.632545E+00    1.424374E+04
    3    4.216667E-01    2.632545E+00    1.076898E+04
    4    4.216667E-01    2.632545E+00    8.189290E+03
    1    4.218333E-01    2.634384E+00    1.956019E+04
    2    4.218333E-01    2.634384E+00    1.427585E+04
    3    4.218333E-01    2.634384E+00    1.079326E+04
    4    4.218333E-01    2.634384E+00    8.207752E+03
    1    4.220000E-01    2.636224E+00    1.960425E+04
    2    4.220000E-01    2.636224E+00    1.430801E+04
    3    4.220000E-01    2.636224E+00    1.081757E+04
    4    4.220000E-01    2.636224E+00    8.226240E+03
    1    4.221667E-01    2.638064E+00    1.964838E+04
    2    4.221667E-01    2.638064E+00    1.434021E+04
    3    4.221667E-01    2.638064E+00    1.084192E+04
    4    4.221667E-01    2.638064E+00    8.244756E+03
    1    4.223333E-01    2.639905E+00    1.969257E+04
    2    4.223333E-01    2.639905E+00    1.437247E+04
    3    4.223333E-01    2.639905E+00    1.086630E+04
    4    4.223333E-01    2.639905E+00    8.263300E+03
    1    4.225000E-01    2.641747E+00    1.973683E+04
    2    4.225000E-01    2.641747E+00    1.440477E+04
    3    4.225000E-01    2.641747E+00    1.089072E+04
    4    4.225000E-01    2.641747E+00    8.281870E+03
    1    4.226667E-01    2.643589E+00    1.978115E+04
    2    4.226667E-01    2.643589E+00    1.443711E+04
    3    4.226667E-01    2.643589E+00    1.091518E+04
    4    4.226667E-01    2.643589E+00    8.300468E+03
    1    4.228333E-01    2.645432E+00    1.982553E+04
    2    4.228333E-01    2.645432E+00    1.446951E+04
    3    4.228333E-01    2.645432E+00    1.093967E+04
    4    4.228333E-01    2.645432E+00    8.319093E+03
    1    4.230000E-01    2.647276E+00    1.986999E+04
    2    4.230000E-01    2.647276E+00    1.450195E+04
    3    4.230000E-01    2.647276E+00    1.096420E+04
    4    4.230000E-01    2.647276E+00    8.337746E+03
    1    4.231667E-01    2.649120E+00    1.991450E+04
    2    4.231667E-01    2.649120E+00    1.453444E+04
    3    4.231667E-01    2.649120E+00    1.098877E+04
    4    4.231667E-01    2.649120E+00    8.356426E+03
    1    4.233333E-01    2.650965E+00    1.995909E+04
    2    4.233333E-01    2.650965E+00    1.456698E+04
    3    4.233333E-01    2.650965E+00    1.101337E+04
    4    4.233333E-01    2.650965E+00    8.375133E+03
    1    4.235000E-01    2.652811E+00    2.000373E+04
    2    4.235000E-01    2.652811E+00    1.459957E+04
    3    4.235000E-01    2.652811E+00    1.103800E+04
    4    4.235000E-01    2.652811E+00    8.393868E+03
    1    4.236667E-01    2.654657E+00    2.004845E+04
    2    4.236667E-01    2.654657E+00    1.463220E+04
    3    4.236667E-01    2.654657E+00    1.106268E+04
    4    4.236667E-01    2.654657E+00    8.412630E+03
    1    4.238333E-01    2.656504E+00    2.009323E+04
    2    4.238333E-01    2.656504E+00    1.466488E+04
    3    4.238333E-01    2.656504E+00    1.108738E+04
    4    4.238333E-01    2.656504E+00    8.431420E+03
    1    4.240000E-01    2.658351E+00    2.013807E+04
    2    4.240000E-01    2.658351E+00    1.469761E+04
    3    4.240000E-01    2.658351E+00    1.111213E+04
    4    4.240000E-01    2.658351E+00    8.450237E+03
    1    4.241667E-01    2.660199E+00    2.018298E+04
    2    4.241667E-01    2.660199E+00    1.473039E+04
    3    4.241667E-01    2.660199E+00    1.113691E+04
    4    4.241667E-01    2.660199E+00    8.469082E+03
    1    4.243333E-01    2.662048E+00    2.022795E+04
    2    4.243333E-01    2.662048E+00    1.476321E+04
    3    4.243333E-01    2.662048E+00    1.116173E+04
    4    4.243333E-01    2.662048E+00    8.487955E+03
    1    4.245000E-01    2.663897E+00    2.027300E+04
    2    4.245000E-01    2.663897E+00    1.479608E+04
    3    4.245000E-01    2.663897E+00    1.118658E+04
    4    4.245000E-01    2.663897E+00    8.506855E+03
    1    4.246667E-01    2.665747E+00    2.031810E+04
    2    4.246667E-01    2.665747E+00    1.482901E+04
    3    4.246667E-01    2.665747E+00    1.121147E+04
    4    4.246667E-01    2.665747E+00    8.525782E+03
    1    4.248333E-01    2.667598E+00    2.036328E+04
    2    4.248333E-01    2.667598E+00    1.486197E+04
    3    4.248333E-01    2.667598E+00    1.123640E+04
    4    4.248333E-01    2.667598E+00    8.544737E+03
    1    4.250000E-01    2.669449E+00    2.040851E+04
    2    4.250000E-01    2.669449E+00    1.489499E+04
    3    4.250000E-01    2.669449E+00    1.126136E+04
    4    4.250000E-01    2.669449E+00    8.563720E+03
    1    4.251667E-01    2.671301E+00    2.045382E+04
    2    4.251667E-01    2.671301E+00    1.492806E+04
    3    4.251667E-01    2.671301E+00    1.128636E+04
    4    4.251667E-01    2.671301E+00    8.582730E+03
    1    4.253333E-01    2.673154E+00    2.049919E+04
    2    4.253333E-01    2.673154E+00    1.496117E+04
    3    4.253333E-01    2.673154E+00    1.131139E+04
    4    4.253333E-01    2.673154E+00    8.601769E+03
    1    4.255000E-01    2.675007E+00    2.054463E+04
    2    4.255000E-01    2.675007E+00    1.499433E+04
    3    4.255000E-01    2.675007E+00    1.133647E+04
    4    4.255000E-01    2.675007E+00    8.620834E+03
    1    4.256667E-01    2.676861E+00    2.059013E+04
    2    4.256667E-01    2.676861E+00    1.502754E+04
    3    4.256667E-01    2.676861E+00    1.136157E+04
    4    4.256667E-01    2.676861E+00    8.639928E+03
    1    4.258333E-01    2.678716E+00    2.063570E+04
    2    4.258333E-01    2.678716E+00    1.506080E+04
    3    4.258333E-01    2.678716E+00    1.138672E+04
    4    4.258333E-01    2.678716E+00    8.659049E+03
    1    4.260000E-01    2.680571E+00    2.068133E+04
    2    4.260000E-01    2.680571E+00    1.509411E+04
    3    4.260000E-01    2.680571E+00    1.141190E+04
    4    4.260000E-01    2.680571E+00    8.678198E+03
    1    4.261667E-01    2.682427E+00    2.072703E+04
    2    4.261667E-01    2.682427E+00    1.512746E+04
    3    4.261667E-01    2.682427E+00    1.143712E+04
    4    4.261667E-01    2.682427E+00    8.697375E+03
    1    4.263333E-01    2.684283E+00    2.077280E+04
    2    4.263333E-01    2.684283E+00    1.516086E+04
    3    4.263333E-01    2.684283E+00    1.146237E+04
    4    4.263333E-01    2.684283E+00    8.716580E+03
    1    4.265000E-01    2.686140E+00    2.081863E+04
    2    4.265000E-01    2.686140E+00    1.519431E+04
    3    4.265000E-01    2.686140E+00    1.148766E+04
    4    4.265000E-01    2.686140E+00    8.735812E+03
    1    4.266667E-01    2.687998E+00    2.086453E+04
    2    4.266667E-01    2.687998E+00    1.522781E+04
    3    4.266667E-01    2.687998E+00    1.151299E+04
    4    4.266667E-01    2.687998E+00    8.755073E+03
    1    4.268333E-01    2.689856E+00    2.091050E+04
    2    4.268333E-01    2.689856E+00    1.526136E+04
    3    4.268333E-01    2.689856E+00    1.153835E+04
    4    4.268333E-01    2.689856E+00    8.774361E+03
    1    4.270000E-01    2.691715E+00    2.095653E+04
    2    4.270000E-01    2.691715E+00    1.529496E+04
    3    4.270000E-01    2.691715E+00    1.156375E+04
    4    4.270000E-01    2.691715E+00    8.793677E+03
    1    4.271667E-01    2.693575E+00    2.100263E+04
    2    4.271667E-01    2.693575E+00    1.532860E+04
    3    4.271667E-01    2.693575E+00    1.158919E+04
    4    4.271667E-01    2.693575E+00    8.813021E+03
    1    4.273333E-01    2.695435E+00    2.104880E+04
    2    4.273333E-01    2.695435E+00    1.536230E+04
    3    4.273333E-01    2.695435E+00    1.161467E+04
    4    4.273333E-01    2.695435E+00    8.832393E+03
    1    4.275000E-01    2.697296E+00    2.109503E+04
    2    4.275000E-01    2.697296E+00    1.539604E+04
    3    4.275000E-01    2.697296E+00    1.164018E+04
    4    4.275000E-01    2.697296E+00    8.851793E+03
    1    4.276667E-01    2.699158E+00    2.114133E+04
    2    4.276667E-01    2.699158E+00    1.542983E+04
    3    4.276667E-01    2.699158E+00    1.166573E+04
    4    4.276667E-01    2.699158E+00    8.871221E+03
    1    4.278333E-01    2.701020E+00    2.118770E+04
    2    4.278333E-01    2.701020E+00    1.546367E+04
    3    4.278333E-01    2.701020E+00    1.169131E+04
    4    4.278333E-01    2.701020E+00    8.890677E+03
    1    4.280000E-01    2.702883E+00    2.123413E+04
    2    4.280000E-01    2.702883E+00    1.549756E+04
    3    4.280000E-01    2.702883E+00    1.171693E+04
    4    4.280000E-01    2.702883E+00    8.910161E+03
    1    4.281667E-01    2.704746E+00    2.128063E+04
    2    4.281667E-01    2.704746E+00    1.553150E+04
    3    4.281667E-01    2.704746E+00    1.174259E+04
    4    4.281667E-01    2.704746E+00    8.929673E+03
    1    4.283333E-01    2.706611E+00    2.132720E+04
    2    4.283333E-01    2.706611E+00    1.556548E+04
    3    4.283333E-01    2.706611E+00    1.176829E+04
    4    4.283333E-01    2.706611E+00    8.949213E+03
    1    4.285000E-01    2.708475E+00    2.137383E+04
    2    4.285000E-01    2.708475E+00    1.559952E+04
    3    4.285000E-01    2.708475E+00    1.179402E+04
    4    4.285000E-01    2.708475E+00    8.968781E+03
    1    4.286667E-01    2.710341E+00    2.142053E+04
    2    4.286667E-01    2.710341E+00    1.563360E+04
    3    4.286667E-01    2.710341E+00    1.181979E+04
    4    4.286667E-01    2.710341E+00    8.988378E+03
    1    4.288333E-01    2.712207E+00    2.146730E+04
    2    4.288333E-01    2.712207E+00    1.566774E+04
    3    4.288333E-01    2.712207E+00    1.184559E+04
    4    4.288333E-01    2.712207E+00    9.008002E+03
    1    4.290000E-01    2.714074E+00    2.151413E+04
    2    4.290000E-01    2.714074E+00    1.570192E+04
    3    4.290000E-01    2.714074E+00    1.187144E+04
    4    4.290000E-01    2.714074E+00    9.027655E+03
    1    4.291667E-01    2.715941E+00    2.156104E+04
    2    4.291667E-01    2.715941E+00    1.573615E+04
    3    4.291667E-01    2.715941E+00    1.189732E+04
    4    4.291667E-01    2.715941E+00    9.047336E+03
    1    4.293333E-01    2.717809E+00    2.160801E+04
    2    4.293333E-01    2.717809E+00    1.577043E+04
    3    4.293333E-01    2.717809E+00    1.192324E+04
    4    4.293333E-01    2.717809E+00    9.067045E+03
    1    4.295000E-01    2.719678E+00    2.165504E+04
    2    4.295000E-01    2.719678E+00    1.580476E+04
    3    4.295000E-01    2.719678E+00    1.194919E+04
    4    4.295000E-01    2.719678E+00    9.086782E+03
    1    4.296667E-01    2.721547E+00    2.170215E+04
    2    4.296667E-01    2.721547E+00    1.583914E+04
    3    4.296667E-01    2.721547E+00    1.197518E+04
    4    4.296667E-01    2.721547E+00    9.106547E+03
    1    4.298333E-01    2.723417E+00    2.174932E+04
    2    4.298333E-01    2.723417E+00    1.587357E+04
    3    4.298333E-01    2.723417E+00    1.200121E+04
    4    4.298333E-01    2.723417E+00    9.126341E+03
    1    4.300000E-01    2.725288E+00    2.179656E+04
    2    4.300000E-01    2.725288E+00    1.590804E+04
    3    4.300000E-01    2.725288E+00    1.202728E+04
    4    4.300000E-01    2.725288E+00    9.146163E+03
    1    4.301667E-01    2.727159E+00    2.184386E+04
    2    4.301667E-01    2.727159E+00    1.594257E+04
    3    4.301667E-01    2.727159E+00    1.205338E+04
    4    4.301667E-01    2.727159E+00    9.166014E+03
    1    4.303333E-01    2.729031E+00    2.189124E+04
    2    4.303333E-01    2.729031E+00    1.597714E+04
    3    4.303333E-01    2.729031E+00    1.207952E+04
    4    4.303333E-01    2.729031E+00    9.185892E+03
    1    4.305000E-01    2.730903E+00    2.193868E+04
    2    4.305000E-01    2.730903E+00    1.601177E+04
    3    4.305000E-01    2.730903E+00    1.210570E+04
    4    4.305000E-01    2.730903E+00    9.205800E+03
    1    4.306667E-01    2.732776E+00    2.198619E+04
    2    4.306667E-01    2.732776E+00    1.604644E+04
    3    4.306667E-01    2.732776E+00    1.213191E+04
    4    4.306667E-01    2.732776E+00    9.225735E+03
    1    4.308333E-01    2.734650E+00    2.203376E+04
    2    4.308333E-01    2.734650E+00    1.608117E+04
    3    4.308333E-01    2.734650E+00    1.215817E+04
    4    4.308333E-01    2.734650E+00    9.245699E+03
    1    4.310000E-01    2.736525E+00    2.208141E+04
    2    4.310000E-01    2.736525E+00    1.611594E+04
    3    4.310000E-01    2.736525E+00    1.218446E+04
    4    4.310000E-01    2.736525E+00    9.265691E+03
    1    4.311667E-01    2.738400E+00    2.212912E+04
    2    4.311667E-01    2.738400E+00    1.615076E+04
    3    4.311667E-01    2.738400E+00    1.221078E+04
    4    4.311667E-01    2.738400E+00    9.285712E+03
    1    4.313333E-01    2.740275E+00    2.217690E+04
    2    4.313333E-01    2.740275E+00    1.618563E+04
    3    4.313333E-01    2.740275E+00    1.223715E+04
    4    4.313333E-01    2.740275E+00    9.305761E+03
    1    4.315000E-01    2.742152E+00    2.222475E+04
    2    4.315000E-01    2.742152E+00    1.622056E+04
    3    4.315000E-01    2.742152E+00    1.226355E+04
    4    4.315000E-01    2.742152E+00    9.325839E+03
    1    4.316667E-01    2.744029E+00    2.227266E+04
    2    4.316667E-01    2.744029E+00    1.625553E+04
    3    4.316667E-01    2.744029E+00    1.228999E+04
    4    4.316667E-01    2.744029E+00    9.345945E+03
    1    4.318333E-01    2.745906E+00    2.232065E+04
    2    4.318333E-01    2.745906E+00    1.629055E+04
    3    4.318333E-01    2.745906E+00    1.231647E+04
    4    4.318333E-01    2.745906E+00    9.366080E+03
    1    4.320000E-01    2.747785E+00    2.236870E+04
    2    4.320000E-01    2.747785E+00    1.632562E+04
    3    4.320000E-01    2.747785E+00    1.234298E+04
    4    4.320000E-01    2.747785E+00    9.386244E+03
    1    4.321667E-01    2.749664E+00    2.241682E+04
    2    4.321667E-01    2.749664E+00    1.636074E+04
    3    4.321667E-01    2.749664E+00    1.236954E+04
    4    4.321667E-01    2.749664E+00    9.406436E+03
    1    4.323333E-01    2.751543E+00    2.246501E+04
    2    4.323333E-01    2.751543E+00    1.639591E+04
    3    4.323333E-01    2.751543E+00    1.239613E+04
    4    4.323333E-01    2.751543E+00    9.426656E+03
    1    4.325000E-01    2.753423E+00    2.251327E+04
    2    4.325000E-01    2.753423E+00    1.643113E+04
    3    4.325000E-01    2.753423E+00    1.242276E+04
    4    4.325000E-01    2.753423E+00    9.446905E+03
    1    4.326667E-01    2.755304E+00    2.256159E+04
    2    4.326667E-01    2.755304E+00    1.646640E+04
    3    4.326667E-01    2.755304E+00    1.244942E+04
    4    4.326667E-01    2.755304E+00    9.467183E+03
    1    4.328333E-01    2.757186E+00    2.260998E+04
    2    4.328333E-01    2.757186E+00    1.650172E+04
    3    4.328333E-01    2.757186E+00    1.247612E+04
    4    4.328333E-01    2.757186E+00    9.487490E+03
    1    4.330000E-01    2.759068E+00    2.265845E+04
    2    4.330000E-01    2.759068E+00    1.653709E+04
    3    4.330000E-01    2.759068E+00    1.250286E+04
    4    4.330000E-01    2.759068E+00    9.507825E+03
    1    4.331667E-01    2.760951E+00    2.270698E+04
    2    4.331667E-01    2.760951E+00    1.657251E+04
    3    4.331667E-01    2.760951E+00    1.252964E+04
    4    4.331667E-01    2.760951E+00    9.528189E+03
    1    4.333333E-01    2.762834E+00    2.275557E+04
    2    4.333333E-01    2.762834E+00    1.660797E+04
    3    4.333333E-01    2.762834E+00    1.255646E+04
    4    4.333333E-01    2.762834E+00    9.548582E+03
    1    4.335000E-01    2.764718E+00    2.280424E+04
    2    4.335000E-01    2.764718E+00    1.664349E+04
    3    4.335000E-01    2.764718E+00    1.258331E+04
    4    4.335000E-01    2.764718E+00    9.569003E+03
    1    4.336667E-01    2.766603E+00    2.285298E+04
    2    4.336667E-01    2.766603E+00    1.667906E+04
    3    4.336667E-01    2.766603E+00    1.261021E+04
    4    4.336667E-01    2.766603E+00    9.589453E+03
    1    4.338333E-01    2.768488E+00    2.290178E+04
    2    4.338333E-01    2.768488E+00    1.671468E+04
    3    4.338333E-01    2.768488E+00    1.263714E+04
    4    4.338333E-01    2.768488E+00    9.609933E+03
    1    4.340000E-01    2.770374E+00    2.295065E+04
    2    4.340000E-01    2.770374E+00    1.675035E+04
    3    4.340000E-01    2.770374E+00    1.266410E+04
    4    4.340000E-01    2.770374E+00    9.630440E+03
    1    4.341667E-01    2.772261E+00    2.299960E+04
    2    4.341667E-01    2.772261E+00    1.678607E+04
    3    4.341667E-01    2.772261E+00    1.269111E+04
    4    4.341667E-01    2.772261E+00    9.650977E+03
    1    4.343333E-01    2.774148E+00    2.304861E+04
    2    4.343333E-01    2.774148E+00    1.682184E+04
    3    4.343333E-01    2.774148E+00    1.271815E+04
    4    4.343333E-01    2.774148E+00    9.671543E+03
    1    4.345000E-01    2.776036E+00    2.309769E+04
    2    4.345000E-01    2.776036E+00    1.685766E+04
    3    4.345000E-01    2.776036E+00    1.274524E+04
    4    4.345000E-01    2.776036E+00    9.692137E+03
    1    4.346667E-01    2.777925E+00    2.314683E+04
    2    4.346667E-01    2.777925E+00    1.689353E+04
    3    4.346667E-01    2.777925E+00    1.277236E+04
    4    4.346667E-01    2.777925E+00    9.712761E+03
    1    4.348333E-01    2.779814E+00    2.319605E+04
    2    4.348333E-01    2.779814E+00    1.692945E+04
    3    4.348333E-01    2.779814E+00    1.279951E+04
    4    4.348333E-01    2.779814E+00    9.733413E+03
    1    4.350000E-01    2.781704E+00    2.324534E+04
    2    4.350000E-01    2.781704E+00    1.696543E+04
    3    4.350000E-01    2.781704E+00    1.282671E+04
    4    4.350000E-01    2.781704E+00    9.754094E+03
    1    4.351667E-01    2.783594E+00    2.329469E+04
    2    4.351667E-01    2.783594E+00    1.700145E+04
    3    4.351667E-01    2.783594E+00    1.285395E+04
    4    4.351667E-01    2.783594E+00    9.774805E+03
    1    4.353333E-01    2.785485E+00    2.334412E+04
    2    4.353333E-01    2.785485E+00    1.703752E+04
    3    4.353333E-01    2.785485E+00    1.288122E+04
    4    4.353333E-01    2.785485E+00    9.795544E+03
    1    4.355000E-01    2.787377E+00    2.339361E+04
    2    4.355000E-01    2.787377E+00    1.707364E+04
    3    4.355000E-01    2.787377E+00    1.290853E+04
    4    4.355000E-01    2.787377E+00    9.816312E+03
    1    4.356667E-01    2.789270E+00    2.344318E+04
    2    4.356667E-01    2.789270E+00    1.710982E+04
    3    4.356667E-01    2.789270E+00    1.293588E+04
    4    4.356667E-01    2.789270E+00    9.837110E+03
    1    4.358333E-01    2.791163E+00    2.349281E+04
    2    4.358333E-01    2.791163E+00    1.714604E+04
    3    4.358333E-01    2.791163E+00    1.296326E+04
    4    4.358333E-01    2.791163E+00    9.857936E+03
    1    4.360000E-01    2.793056E+00    2.354251E+04
    2    4.360000E-01    2.793056E+00    1.718231E+04
    3    4.360000E-01    2.793056E+00    1.299069E+04
    4    4.360000E-01    2.793056E+00    9.878792E+03
    1    4.361667E-01    2.794951E+00    2.359228E+04
    2    4.361667E-01    2.794951E+00    1.721864E+04
    3    4.361667E-01    2.794951E+00    1.301815E+04
    4    4.361667E-01    2.794951E+00    9.899677E+03
    1    4.363333E-01    2.796846E+00    2.364212E+04
    2    4.363333E-01    2.796846E+00    1.725501E+04
    3    4.363333E-01    2.796846E+00    1.304565E+04
    4    4.363333E-01    2.796846E+00    9.920591E+03
    1    4.365000E-01    2.798741E+00    2.369203E+04
    2    4.365000E-01    2.798741E+00    1.729144E+04
    3    4.365000E-01    2.798741E+00    1.307319E+04
    4    4.365000E-01    2.798741E+00    9.941534E+03
    1    4.366667E-01    2.800638E+00    2.374201E+04
    2    4.366667E-01    2.800638E+00    1.732792E+04
    3    4.366667E-01    2.800638E+00    1.310077E+04
    4    4.366667E-01    2.800638E+00    9.962506E+03
    1    4.368333E-01    2.802534E+00    2.379206E+04
    2    4.368333E-01    2.802534E+00    1.736445E+04
    3    4.368333E-01    2.802534E+00    1.312839E+04
    4    4.368333E-01    2.802534E+00    9.983507E+03
    1    4.370000E-01    2.804432E+00    2.384218E+04
    2    4.370000E-01    2.804432E+00    1.740103E+04
    3    4.370000E-01    2.804432E+00    1.315605E+04
    4    4.370000E-01    2.804432E+00    1.000454E+04
    1    4.371667E-01    2.806330E+00    2.389237E+04
    2    4.371667E-01    2.806330E+00    1.743766E+04
    3    4.371667E-01    2.806330E+00    1.318374E+04
    4    4.371667E-01    2.806330E+00    1.002560E+04
    1    4.373333E-01    2.808229E+00    2.394263E+04
    2    4.373333E-01    2.808229E+00    1.747434E+04
    3    4.373333E-01    2.808229E+00    1.321147E+04
    4    4.373333E-01    2.808229E+00    1.004669E+04
    1    4.375000E-01    2.810129E+00    2.399296E+04
    2    4.375000E-01    2.810129E+00    1.751107E+04
    3    4.375000E-01    2.810129E+00    1.323924E+04
    4    4.375000E-01    2.810129E+00    1.006781E+04
    1    4.376667E-01    2.812029E+00    2.404335E+04
    2    4.376667E-01    2.812029E+00    1.754785E+04
    3    4.376667E-01    2.812029E+00    1.326705E+04
    4    4.376667E-01    2.812029E+00    1.008895E+04
    1    4.378333E-01    2.813929E+00    2.409382E+04
    2    4.378333E-01    2.813929E+00    1.758468E+04
    3    4.378333E-01    2.813929E+00    1.329490E+04
    4    4.378333E-01    2.813929E+00    1.011013E+04
    1    4.380000E-01    2.815831E+00    2.414436E+04
    2    4.380000E-01    2.815831E+00    1.762157E+04
    3    4.380000E-01    2.815831E+00    1.332279E+04
    4    4.380000E-01    2.815831E+00    1.013134E+04
    1    4.381667E-01    2.817733E+00    2.419497E+04
    2    4.381667E-01    2.817733E+00    1.765850E+04
    3    4.381667E-01    2.817733E+00    1.335071E+04
    4    4.381667E-01    2.817733E+00    1.015257E+04
    1    4.383333E-01    2.819636E+00    2.424565E+04
    2    4.383333E-01    2.819636E+00    1.769549E+04
    3    4.383333E-01    2.819636E+00    1.337868E+04
    4    4.383333E-01    2.819636E+00    1.017384E+04
    1    4.385000E-01    2.821539E+00    2.429639E+04
    2    4.385000E-01    2.821539E+00    1.773253E+04
    3    4.385000E-01    2.821539E+00    1.340668E+04
    4    4.385000E-01    2.821539E+00    1.019513E+04
    1    4.386667E-01    2.823443E+00    2.434721E+04
    2    4.386667E-01    2.823443E+00    1.776962E+04
    3    4.386667E-01    2.823443E+00    1.343472E+04
    4    4.386667E-01    2.823443E+00    1.021646E+04
    1    4.388333E-01    2.825348E+00    2.439810E+04
    2    4.388333E-01    2.825348E+00    1.780676E+04
    3    4.388333E-01    2.825348E+00    1.346280E+04
    4    4.388333E-01    2.825348E+00    1.023781E+04
    1    4.390000E-01    2.827253E+00    2.444906E+04
    2    4.390000E-01    2.827253E+00    1.784395E+04
    3    4.390000E-01    2.827253E+00    1.349092E+04
    4    4.390000E-01    2.827253E+00    1.025919E+04
    1    4.391667E-01    2.829159E+00    2.450009E+04
    2    4.391667E-01    2.829159E+00    1.788120E+04
    3    4.391667E-01    2.829159E+00    1.351908E+04
    4    4.391667E-01    2.829159E+00    1.028061E+04
    1    4.393333E-01    2.831065E+00    2.455119E+04
    2    4.393333E-01    2.831065E+00    1.791849E+04
    3    4.393333E-01    2.831065E+00    1.354728E+04
    4    4.393333E-01    2.831065E+00    1.030205E+04
    1    4.395000E-01    2.832972E+00    2.460236E+04
    2    4.395000E-01    2.832972E+00    1.795584E+04
    3    4.395000E-01    2.832972E+00    1.357551E+04
    4    4.395000E-01    2.832972E+00    1.032352E+04
    1    4.396667E-01    2.834880E+00    2.465360E+04
    2    4.396667E-01    2.834880E+00    1.799324E+04
    3    4.396667E-01    2.834880E+00    1.360379E+04
    4    4.396667E-01    2.834880E+00    1.034502E+04
    1    4.398333E-01    2.836789E+00    2.470491E+04
    2    4.398333E-01    2.836789E+00    1.803068E+04
    3    4.398333E-01    2.836789E+00    1.363210E+04
    4    4.398333E-01    2.836789E+00    1.036655E+04
    1    4.400000E-01    2.838698E+00    2.475630E+04
    2    4.400000E-01    2.838698E+00    1.806819E+04
    3    4.400000E-01    2.838698E+00    1.366045E+04
    4    4.400000E-01    2.838698E+00    1.038811E+04
    1    4.401667E-01    2.840608E+00    2.480775E+04
    2    4.401667E-01    2.840608E+00    1.810574E+04
    3    4.401667E-01    2.840608E+00    1.368884E+04
    4    4.401667E-01    2.840608E+00    1.040970E+04
    1    4.403333E-01    2.842518E+00    2.485927E+04
    2    4.403333E-01    2.842518E+00    1.814334E+04
    3    4.403333E-01    2.842518E+00    1.371727E+04
    4    4.403333E-01    2.842518E+00    1.043133E+04
    1    4.405000E-01    2.844429E+00    2.491087E+04
    2    4.405000E-01    2.844429E+00    1.818100E+04
    3    4.405000E-01    2.844429E+00    1.374574E+04
    4    4.405000E-01    2.844429E+00    1.045297E+04
    1    4.406667E-01    2.846341E+00    2.496253E+04
    2    4.406667E-01    2.846341E+00    1.821871E+04
    3    4.406667E-01    2.846341E+00    1.377425E+04
    4    4.406667E-01    2.846341E+00    1.047465E+04
    1    4.408333E-01    2.848253E+00    2.501427E+04
    2    4.408333E-01    2.848253E+00    1.825646E+04
    3    4.408333E-01    2.848253E+00    1.380280E+04
    4    4.408333E-01    2.848253E+00    1.049636E+04
    1    4.410000E-01    2.850166E+00    2.506607E+04
    2    4.410000E-01    2.850166E+00    1.829428E+04
    3    4.410000E-01    2.850166E+00    1.383139E+04
    4    4.410000E-01    2.850166E+00    1.051810E+04
    1    4.411667E-01    2.852080E+00    2.511795E+04
    2    4.411667E-01    2.852080E+00    1.833214E+04
    3    4.411667E-01    2.852080E+00    1.386001E+04
    4    4.411667E-01    2.852080E+00    1.053987E+04
    1    4.413333E-01    2.853994E+00    2.516990E+04
    2    4.413333E-01    2.853994E+00    1.837005E+04
    3    4.413333E-01    2.853994E+00    1.388868E+04
    4    4.413333E-01    2.853994E+00    1.056167E+04
    1    4.415000E-01    2.855909E+00    2.522192E+04
    2    4.415000E-01    2.855909E+00    1.840802E+04
    3    4.415000E-01    2.855909E+00    1.391738E+04
    4    4.415000E-01    2.855909E+00    1.058350E+04
    1    4.416667E-01    2.857824E+00    2.527401E+04
    2    4.416667E-01    2.857824E+00    1.844604E+04
    3    4.416667E-01    2.857824E+00    1.394613E+04
    4    4.416667E-01    2.857824E+00    1.060536E+04
    1    4.418333E-01    2.859741E+00    2.532618E+04
    2    4.418333E-01    2.859741E+00    1.848411E+04
    3    4.418333E-01    2.859741E+00    1.397491E+04
    4    4.418333E-01    2.859741E+00    1.062725E+04
    1    4.420000E-01    2.861657E+00    2.537841E+04
    2    4.420000E-01    2.861657E+00    1.852223E+04
    3    4.420000E-01    2.861657E+00    1.400373E+04
    4    4.420000E-01    2.861657E+00    1.064916E+04
    1    4.421667E-01    2.863575E+00    2.543072E+04
    2    4.421667E-01    2.863575E+00    1.856041E+04
    3    4.421667E-01    2.863575E+00    1.403260E+04
    4    4.421667E-01    2.863575E+00    1.067111E+04
    1    4.423333E-01    2.865493E+00    2.548309E+04
    2    4.423333E-01    2.865493E+00    1.859863E+04
    3    4.423333E-01    2.865493E+00    1.406150E+04
    4    4.423333E-01    2.865493E+00    1.069309E+04
    1    4.425000E-01    2.867412E+00    2.553554E+04
    2    4.425000E-01    2.867412E+00    1.863691E+04
    3    4.425000E-01    2.867412E+00    1.409044E+04
    4    4.425000E-01    2.867412E+00    1.071510E+04
    1    4.426667E-01    2.869331E+00    2.558806E+04
    2    4.426667E-01    2.869331E+00    1.867524E+04
    3    4.426667E-01    2.869331E+00    1.411942E+04
    4    4.426667E-01    2.869331E+00    1.073714E+04
    1    4.428333E-01    2.871251E+00    2.564065E+04
    2    4.428333E-01    2.871251E+00    1.871363E+04
    3    4.428333E-01    2.871251E+00    1.414844E+04
    4    4.428333E-01    2.871251E+00    1.075920E+04
    1    4.430000E-01    2.873172E+00    2.569331E+04
    2    4.430000E-01    2.873172E+00    1.875206E+04
    3    4.430000E-01    2.873172E+00    1.417750E+04
    4    4.430000E-01    2.873172E+00    1.078130E+04
    1    4.431667E-01    2.875093E+00    2.574605E+04
    2    4.431667E-01    2.875093E+00    1.879055E+04
    3    4.431667E-01    2.875093E+00    1.420660E+04
    4    4.431667E-01    2.875093E+00    1.080343E+04
    1    4.433333E-01    2.877015E+00    2.579885E+04
    2    4.433333E-01    2.877015E+00    1.882909E+04
    3    4.433333E-01    2.877015E+00    1.423573E+04
    4    4.433333E-01    2.877015E+00    1.082559E+04
    1    4.435000E-01    2.878938E+00    2.585173E+04
    2    4.435000E-01    2.878938E+00    1.886768E+04
    3    4.435000E-01    2.878938E+00    1.426491E+04
    4    4.435000E-01    2.878938E+00    1.084778E+04
    1    4.436667E-01    2.880861E+00    2.590468E+04
    2    4.436667E-01    2.880861E+00    1.890633E+04
    3    4.436667E-01    2.880861E+00    1.429413E+04
    4    4.436667E-01    2.880861E+00    1.087000E+04
    1    4.438333E-01    2.882785E+00    2.595770E+04
    2    4.438333E-01    2.882785E+00    1.894502E+04
    3    4.438333E-01    2.882785E+00    1.432339E+04
    4    4.438333E-01    2.882785E+00    1.089224E+04
    1    4.440000E-01    2.884709E+00    2.601080E+04
    2    4.440000E-01    2.884709E+00    1.898377E+04
    3    4.440000E-01    2.884709E+00    1.435268E+04
    4    4.440000E-01    2.884709E+00    1.091452E+04
    1    4.441667E-01    2.886635E+00    2.606396E+04
    2    4.441667E-01    2.886635E+00    1.902258E+04
    3    4.441667E-01    2.886635E+00    1.438202E+04
    4    4.441667E-01    2.886635E+00    1.093683E+04
    1    4.443333E-01    2.888560E+00    2.611720E+04
    2    4.443333E-01    2.888560E+00    1.906143E+04
    3    4.443333E-01    2.888560E+00    1.441140E+04
    4    4.443333E-01    2.888560E+00    1.095917E+04
    1    4.445000E-01    2.890487E+00    2.617051E+04
    2    4.445000E-01    2.890487E+00    1.910034E+04
    3    4.445000E-01    2.890487E+00    1.444081E+04
    4    4.445000E-01    2.890487E+00    1.098154E+04
    1    4.446667E-01    2.892414E+00    2.622389E+04
    2    4.446667E-01    2.892414E+00    1.913930E+04
    3    4.446667E-01    2.892414E+00    1.447027E+04
    4    4.446667E-01    2.892414E+00    1.100394E+04
    1    4.448333E-01    2.894342E+00    2.627735E+04
    2    4.448333E-01    2.894342E+00    1.917831E+04
    3    4.448333E-01    2.894342E+00    1.449976E+04
    4    4.448333E-01    2.894342E+00    1.102637E+04
    1    4.450000E-01    2.896270E+00    2.633087E+04
    2    4.450000E-01    2.896270E+00    1.921738E+04
    3    4.450000E-01    2.896270E+00    1.452930E+04
    4    4.450000E-01    2.896270E+00    1.104883E+04
    1    4.451667E-01    2.898199E+00    2.638447E+04
    2    4.451667E-01    2.898199E+00    1.925650E+04
    3    4.451667E-01    2.898199E+00    1.455888E+04
    4    4.451667E-01    2.898199E+00    1.107132E+04
    1    4.453333E-01    2.900129E+00    2.643814E+04
    2    4.453333E-01    2.900129E+00    1.929567E+04
    3    4.453333E-01    2.900129E+00    1.458849E+04
    4    4.453333E-01    2.900129E+00    1.109384E+04
    1    4.455000E-01    2.902059E+00    2.649189E+04
    2    4.455000E-01    2.902059E+00    1.933489E+04
    3    4.455000E-01    2.902059E+00    1.461815E+04
    4    4.455000E-01    2.902059E+00    1.111639E+04
    1    4.456667E-01    2.903990E+00    2.654570E+04
    2    4.456667E-01    2.903990E+00    1.937417E+04
    3    4.456667E-01    2.903990E+00    1.464784E+04
    4    4.456667E-01    2.903990E+00    1.113898E+04
    1    4.458333E-01    2.905922E+00    2.659959E+04
    2    4.458333E-01    2.905922E+00    1.941350E+04
    3    4.458333E-01    2.905922E+00    1.467758E+04
    4    4.458333E-01    2.905922E+00    1.116159E+04
    1    4.460000E-01    2.907854E+00    2.665355E+04
    2    4.460000E-01    2.907854E+00    1.945288E+04
    3    4.460000E-01    2.907854E+00    1.470735E+04
    4    4.460000E-01    2.907854E+00    1.118423E+04
    1    4.461667E-01    2.909787E+00    2.670758E+04
    2    4.461667E-01    2.909787E+00    1.949232E+04
    3    4.461667E-01    2.909787E+00    1.473717E+04
    4    4.461667E-01    2.909787E+00    1.120691E+04
    1    4.463333E-01    2.911720E+00    2.676169E+04
    2    4.463333E-01    2.911720E+00    1.953181E+04
    3    4.463333E-01    2.911720E+00    1.476702E+04
    4    4.463333E-01    2.911720E+00    1.122961E+04
    1    4.465000E-01    2.913654E+00    2.681587E+04
    2    4.465000E-01    2.913654E+00    1.957135E+04
    3    4.465000E-01    2.913654E+00    1.479692E+04
    4    4.465000E-01    2.913654E+00    1.125234E+04
    1    4.466667E-01    2.915589E+00    2.687012E+04
    2    4.466667E-01    2.915589E+00    1.961095E+04
    3    4.466667E-01    2.915589E+00    1.482686E+04
    4    4.466667E-01    2.915589E+00    1.127511E+04
    1    4.468333E-01    2.917525E+00    2.692445E+04
    2    4.468333E-01    2.917525E+00    1.965059E+04
    3    4.468333E-01    2.917525E+00    1.485683E+04
    4    4.468333E-01    2.917525E+00    1.129790E+04
    1    4.470000E-01    2.919461E+00    2.697884E+04
    2    4.470000E-01    2.919461E+00    1.969030E+04
    3    4.470000E-01    2.919461E+00    1.488685E+04
    4    4.470000E-01    2.919461E+00    1.132073E+04
    1    4.471667E-01    2.921397E+00    2.703332E+04
    2    4.471667E-01    2.921397E+00    1.973005E+04
    3    4.471667E-01    2.921397E+00    1.491691E+04
    4    4.471667E-01    2.921397E+00    1.134359E+04
    1    4.473333E-01    2.923335E+00    2.708786E+04
    2    4.473333E-01    2.923335E+00    1.976986E+04
    3    4.473333E-01    2.923335E+00    1.494700E+04
    4    4.473333E-01    2.923335E+00    1.136647E+04
    1    4.475000E-01    2.925273E+00    2.714248E+04
    2    4.475000E-01    2.925273E+00    1.980972E+04
    3    4.475000E-01    2.925273E+00    1.497714E+04
    4    4.475000E-01    2.925273E+00    1.138939E+04
    1    4.476667E-01    2.927211E+00    2.719717E+04
    2    4.476667E-01    2.927211E+00    1.984964E+04
    3    4.476667E-01    2.927211E+00    1.500732E+04
    4    4.476667E-01    2.927211E+00    1.141234E+04
    1    4.478333E-01    2.929151E+00    2.725193E+04
    2    4.478333E-01    2.929151E+00    1.988960E+04
    3    4.478333E-01    2.929151E+00    1.503754E+04
    4    4.478333E-01    2.929151E+00    1.143532E+04
    1    4.480000E-01    2.931091E+00    2.730676E+04
    2    4.480000E-01    2.931091E+00    1.992963E+04
    3    4.480000E-01    2.931091E+00    1.506779E+04
    4    4.480000E-01    2.931091E+00    1.145833E+04
    1    4.481667E-01    2.933031E+00    2.736167E+04
    2    4.481667E-01    2.933031E+00    1.996970E+04
    3    4.481667E-01    2.933031E+00    1.509809E+04
    4    4.481667E-01    2.933031E+00    1.148137E+04
    1    4.483333E-01    2.934973E+00    2.741666E+04
    2    4.483333E-01    2.934973E+00    2.000983E+04
    3    4.483333E-01    2.934973E+00    1.512843E+04
    4    4.483333E-01    2.934973E+00    1.150444E+04
    1    4.485000E-01    2.936914E+00    2.747171E+04
    2    4.485000E-01    2.936914E+00    2.005001E+04
    3    4.485000E-01    2.936914E+00    1.515881E+04
    4    4.485000E-01    2.936914E+00    1.152755E+04
    1    4.486667E-01    2.938857E+00    2.752684E+04
    2    4.486667E-01    2.938857E+00    2.009025E+04
    3    4.486667E-01    2.938857E+00    1.518923E+04
    4    4.486667E-01    2.938857E+00    1.155068E+04
    1    4.488333E-01    2.940800E+00    2.758205E+04
    2    4.488333E-01    2.940800E+00    2.013054E+04
    3    4.488333E-01    2.940800E+00    1.521969E+04
    4    4.488333E-01    2.940800E+00    1.157384E+04
    1    4.490000E-01    2.942744E+00    2.763732E+04
    2    4.490000E-01    2.942744E+00    2.017088E+04
    3    4.490000E-01    2.942744E+00    1.525020E+04
    4    4.490000E-01    2.942744E+00    1.159704E+04
    1    4.491667E-01    2.944688E+00    2.769267E+04
    2    4.491667E-01    2.944688E+00    2.021128E+04
    3    4.491667E-01    2.944688E+00    1.528074E+04
    4    4.491667E-01    2.944688E+00    1.162026E+04
    1    4.493333E-01    2.946633E+00    2.774810E+04
    2    4.493333E-01    2.946633E+00    2.025173E+04
    3    4.493333E-01    2.946633E+00    1.531132E+04
    4    4.493333E-01    2.946633E+00    1.164352E+04
    1    4.495000E-01    2.948579E+00    2.780360E+04
    2    4.495000E-01    2.948579E+00    2.029223E+04
    3    4.495000E-01    2.948579E+00    1.534194E+04
    4    4.495000E-01    2.948579E+00    1.166681E+04
    1    4.496667E-01    2.950525E+00    2.785917E+04
    2    4.496667E-01    2.950525E+00    2.033279E+04
    3    4.496667E-01    2.950525E+00    1.537261E+04
    4    4.496667E-01    2.950525E+00    1.169013E+04
    1    4.498333E-01    2.952472E+00    2.791481E+04
    2    4.498333E-01    2.952472E+00    2.037340E+04
    3    4.498333E-01    2.952472E+00    1.540331E+04
    4    4.498333E-01    2.952472E+00    1.171348E+04
    1    4.500000E-01    2.954420E+00    2.797053E+04
    2    4.500000E-01    2.954420E+00    2.041407E+04
    3    4.500000E-01    2.954420E+00    1.543406E+04
    4    4.500000E-01    2.954420E+00    1.173686E+04
    1    4.501667E-01    2.956368E+00    2.802633E+04
    2    4.501667E-01    2.956368E+00    2.045479E+04
    3    4.501667E-01    2.956368E+00    1.546485E+04
    4    4.501667E-01    2.956368E+00    1.176027E+04
    1    4.503333E-01    2.958317E+00    2.808219E+04
    2    4.503333E-01    2.958317E+00    2.049557E+04
    3    4.503333E-01    2.958317E+00    1.549567E+04
    4    4.503333E-01    2.958317E+00    1.178371E+04
    1    4.505000E-01    2.960267E+00    2.813814E+04
    2    4.505000E-01    2.960267E+00    2.053639E+04
    3    4.505000E-01    2.960267E+00    1.552654E+04
    4    4.505000E-01    2.960267E+00    1.180719E+04
    1    4.506667E-01    2.962217E+00    2.819415E+04
    2    4.506667E-01    2.962217E+00    2.057728E+04
    3    4.506667E-01    2.962217E+00    1.555745E+04
    4    4.506667E-01    2.962217E+00    1.183069E+04
    1    4.508333E-01    2.964168E+00    2.825024E+04
    2    4.508333E-01    2.964168E+00    2.061821E+04
    3    4.508333E-01    2.964168E+00    1.558840E+04
    4    4.508333E-01    2.964168E+00    1.185423E+04
    1    4.510000E-01    2.966120E+00    2.830640E+04
    2    4.510000E-01    2.966120E+00    2.065920E+04
    3    4.510000E-01    2.966120E+00    1.561939E+04
    4    4.510000E-01    2.966120E+00    1.187779E+04
    1    4.511667E-01    2.968072E+00    2.836264E+04
    2    4.511667E-01    2.968072E+00    2.070025E+04
    3    4.511667E-01    2.968072E+00    1.565042E+04
    4    4.511667E-01    2.968072E+00    1.190139E+04
    1    4.513333E-01    2.970024E+00    2.841896E+04
    2    4.513333E-01    2.970024E+00    2.074135E+04
    3    4.513333E-01    2.970024E+00    1.568150E+04
    4    4.513333E-01    2.970024E+00    1.192502E+04
    1    4.515000E-01    2.971978E+00    2.847534E+04
    2    4.515000E-01    2.971978E+00    2.078250E+04
    3    4.515000E-01    2.971978E+00    1.571261E+04
    4    4.515000E-01    2.971978E+00    1.194868E+04
    1    4.516667E-01    2.973932E+00    2.853180E+04
    2    4.516667E-01    2.973932E+00    2.082371E+04
    3    4.516667E-01    2.973932E+00    1.574377E+04
    4    4.516667E-01    2.973932E+00    1.197238E+04
    1    4.518333E-01    2.975887E+00    2.858834E+04
    2    4.518333E-01    2.975887E+00    2.086497E+04
    3    4.518333E-01    2.975887E+00    1.577496E+04
    4    4.518333E-01    2.975887E+00    1.199610E+04
    1    4.520000E-01    2.977842E+00    2.864495E+04
    2    4.520000E-01    2.977842E+00    2.090629E+04
    3    4.520000E-01    2.977842E+00    1.580620E+04
    4    4.520000E-01    2.977842E+00    1.201985E+04
    1    4.521667E-01    2.979798E+00    2.870164E+04
    2    4.521667E-01    2.979798E+00    2.094766E+04
    3    4.521667E-01    2.979798E+00    1.583748E+04
    4    4.521667E-01    2.979798E+00    1.204364E+04
    1    4.523333E-01    2.981755E+00    2.875840E+04
    2    4.523333E-01    2.981755E+00    2.098909E+04
    3    4.523333E-01    2.981755E+00    1.586880E+04
    4    4.523333E-01    2.981755E+00    1.206746E+04
    1    4.525000E-01    2.983712E+00    2.881523E+04
    2    4.525000E-01    2.983712E+00    2.103057E+04
    3    4.525000E-01    2.983712E+00    1.590016E+04
    4    4.525000E-01    2.983712E+00    1.209130E+04
    1    4.526667E-01    2.985670E+00    2.887214E+04
    2    4.526667E-01    2.985670E+00    2.107210E+04
    3    4.526667E-01    2.985670E+00    1.593156E+04
    4    4.526667E-01    2.985670E+00    1.211518E+04
    1    4.528333E-01    2.987628E+00    2.892912E+04
    2    4.528333E-01    2.987628E+00    2.111369E+04
    3    4.528333E-01    2.987628E+00    1.596301E+04
    4    4.528333E-01    2.987628E+00    1.213910E+04
    1    4.530000E-01    2.989588E+00    2.898618E+04
    2    4.530000E-01    2.989588E+00    2.115534E+04
    3    4.530000E-01    2.989588E+00    1.599449E+04
    4    4.530000E-01    2.989588E+00    1.216304E+04
    1    4.531667E-01    2.991547E+00    2.904332E+04
    2    4.531667E-01    2.991547E+00    2.119703E+04
    3    4.531667E-01    2.991547E+00    1.602602E+04
    4    4.531667E-01    2.991547E+00    1.218701E+04
    1    4.533333E-01    2.993508E+00    2.910053E+04
    2    4.533333E-01    2.993508E+00    2.123879E+04
    3    4.533333E-01    2.993508E+00    1.605759E+04
    4    4.533333E-01    2.993508E+00    1.221102E+04
    1    4.535000E-01    2.995469E+00    2.915781E+04
    2    4.535000E-01    2.995469E+00    2.128060E+04
    3    4.535000E-01    2.995469E+00    1.608920E+04
    4    4.535000E-01    2.995469E+00    1.223506E+04
    1    4.536667E-01    2.997431E+00    2.921517E+04
    2    4.536667E-01    2.997431E+00    2.132246E+04
    3    4.536667E-01    2.997431E+00    1.612085E+04
    4    4.536667E-01    2.997431E+00    1.225913E+04
    1    4.538333E-01    2.999393E+00    2.927260E+04
    2    4.538333E-01    2.999393E+00    2.136438E+04
    3    4.538333E-01    2.999393E+00    1.615254E+04
    4    4.538333E-01    2.999393E+00    1.228323E+04
    1    4.540000E-01    3.001356E+00    2.933011E+04
    2    4.540000E-01    3.001356E+00    2.140635E+04
    3    4.540000E-01    3.001356E+00    1.618427E+04
    4    4.540000E-01    3.001356E+00    1.230736E+04
    1    4.541667E-01    3.003320E+00    2.938770E+04
    2    4.541667E-01    3.003320E+00    2.144838E+04
    3    4.541667E-01    3.003320E+00    1.621605E+04
    4    4.541667E-01    3.003320E+00    1.233152E+04
    1    4.543333E-01    3.005284E+00    2.944536E+04
    2    4.543333E-01    3.005284E+00    2.149046E+04
    3    4.543333E-01    3.005284E+00    1.624786E+04
    4    4.543333E-01    3.005284E+00    1.235572E+04
    1    4.545000E-01    3.007249E+00    2.950309E+04
    2    4.545000E-01    3.007249E+00    2.153260E+04
    3    4.545000E-01    3.007249E+00    1.627972E+04
    4    4.545000E-01    3.007249E+00    1.237994E+04
    1    4.546667E-01    3.009215E+00    2.956090E+04
    2    4.546667E-01    3.009215E+00    2.157479E+04
    3    4.546667E-01    3.009215E+00    1.631162E+04
    4    4.546667E-01    3.009215E+00    1.240420E+04
    1    4.548333E-01    3.011181E+00    2.961879E+04
    2    4.548333E-01    3.011181E+00    2.161704E+04
    3    4.548333E-01    3.011181E+00    1.634356E+04
    4    4.548333E-01    3.011181E+00    1.242849E+04
    1    4.550000E-01    3.013148E+00    2.967675E+04
    2    4.550000E-01    3.013148E+00    2.165934E+04
    3    4.550000E-01    3.013148E+00    1.637555E+04
    4    4.550000E-01    3.013148E+00    1.245281E+04
    1    4.551667E-01    3.015116E+00    2.973479E+04
    2    4.551667E-01    3.015116E+00    2.170170E+04
    3    4.551667E-01    3.015116E+00    1.640757E+04
    4    4.551667E-01    3.015116E+00    1.247717E+04
    1    4.553333E-01    3.017084E+00    2.979290E+04
    2    4.553333E-01    3.017084E+00    2.174411E+04
    3    4.553333E-01    3.017084E+00    1.643964E+04
    4    4.553333E-01    3.017084E+00    1.250155E+04
    1    4.555000E-01    3.019053E+00    2.985109E+04
    2    4.555000E-01    3.019053E+00    2.178658E+04
    3    4.555000E-01    3.019053E+00    1.647175E+04
    4    4.555000E-01    3.019053E+00    1.252597E+04
    1    4.556667E-01    3.021022E+00    2.990936E+04
    2    4.556667E-01    3.021022E+00    2.182911E+04
    3    4.556667E-01    3.021022E+00    1.650390E+04
    4    4.556667E-01    3.021022E+00    1.255042E+04
    1    4.558333E-01    3.022992E+00    2.996770E+04
    2    4.558333E-01    3.022992E+00    2.187169E+04
    3    4.558333E-01    3.022992E+00    1.653609E+04
    4    4.558333E-01    3.022992E+00    1.257490E+04
    1    4.560000E-01    3.024963E+00    3.002611E+04
    2    4.560000E-01    3.024963E+00    2.191432E+04
    3    4.560000E-01    3.024963E+00    1.656832E+04
    4    4.560000E-01    3.024963E+00    1.259941E+04
    1    4.561667E-01    3.026935E+00    3.008461E+04
    2    4.561667E-01    3.026935E+00    2.195701E+04
    3    4.561667E-01    3.026935E+00    1.660060E+04
    4    4.561667E-01    3.026935E+00    1.262395E+04
    1    4.563333E-01    3.028907E+00    3.014318E+04
    2    4.563333E-01    3.028907E+00    2.199976E+04
    3    4.563333E-01    3.028907E+00    1.663292E+04
    4    4.563333E-01    3.028907E+00    1.264853E+04
    1    4.565000E-01    3.030879E+00    3.020182E+04
    2    4.565000E-01    3.030879E+00    2.204256E+04
    3    4.565000E-01    3.030879E+00    1.666528E+04
    4    4.565000E-01    3.030879E+00    1.267314E+04
    1    4.566667E-01    3.032853E+00    3.026054E+04
    2    4.566667E-01    3.032853E+00    2.208542E+04
    3    4.566667E-01    3.032853E+00    1.669768E+04
    4    4.566667E-01    3.032853E+00    1.269778E+04
    1    4.568333E-01    3.034827E+00    3.031934E+04
    2    4.568333E-01    3.034827E+00    2.212833E+04
    3    4.568333E-01    3.034827E+00    1.673012E+04
    4    4.568333E-01    3.034827E+00    1.272245E+04
    1    4.570000E-01    3.036801E+00    3.037821E+04
    2    4.570000E-01    3.036801E+00    2.217130E+04
    3    4.570000E-01    3.036801E+00    1.676261E+04
    4    4.570000E-01    3.036801E+00    1.274716E+04
    1    4.571667E-01    3.038777E+00    3.043716E+04
    2    4.571667E-01    3.038777E+00    2.221432E+04
    3    4.571667E-01    3.038777E+00    1.679514E+04
    4    4.571667E-01    3.038777E+00    1.277189E+04
    1    4.573333E-01    3.040752E+00    3.049619E+04
    2    4.573333E-01    3.040752E+00    2.225740E+04
    3    4.573333E-01    3.040752E+00    1.682771E+04
    4    4.573333E-01    3.040752E+00    1.279666E+04
    1    4.575000E-01    3.042729E+00    3.055529E+04
    2    4.575000E-01    3.042729E+00    2.230053E+04
    3    4.575000E-01    3.042729E+00    1.686032E+04
    4    4.575000E-01    3.042729E+00    1.282146E+04
    1    4.576667E-01    3.044706E+00    3.061447E+04
    2    4.576667E-01    3.044706E+00    2.234373E+04
    3    4.576667E-01    3.044706E+00    1.689297E+04
    4    4.576667E-01    3.044706E+00    1.284629E+04
    1    4.578333E-01    3.046684E+00    3.067372E+04
    2    4.578333E-01    3.046684E+00    2.238697E+04
    3    4.578333E-01    3.046684E+00    1.692567E+04
    4    4.578333E-01    3.046684E+00    1.287116E+04
    1    4.580000E-01    3.048662E+00    3.073305E+04
    2    4.580000E-01    3.048662E+00    2.243027E+04
    3    4.580000E-01    3.048662E+00    1.695841E+04
    4    4.580000E-01    3.048662E+00    1.289605E+04
    1    4.581667E-01    3.050642E+00    3.079246E+04
    2    4.581667E-01    3.050642E+00    2.247363E+04
    3    4.581667E-01    3.050642E+00    1.699119E+04
    4    4.581667E-01    3.050642E+00    1.292098E+04
    1    4.583333E-01    3.052621E+00    3.085195E+04
    2    4.583333E-01    3.052621E+00    2.251705E+04
    3    4.583333E-01    3.052621E+00    1.702402E+04
    4    4.583333E-01    3.052621E+00    1.294594E+04
    1    4.585000E-01    3.054602E+00    3.091151E+04
    2    4.585000E-01    3.054602E+00    2.256052E+04
    3    4.585000E-01    3.054602E+00    1.705688E+04
    4    4.585000E-01    3.054602E+00    1.297093E+04
    1    4.586667E-01    3.056583E+00    3.097115E+04
    2    4.586667E-01    3.056583E+00    2.260404E+04
    3    4.586667E-01    3.056583E+00    1.708979E+04
    4    4.586667E-01    3.056583E+00    1.299596E+04
    1    4.588333E-01    3.058564E+00    3.103086E+04
    2    4.588333E-01    3.058564E+00    2.264763E+04
    3    4.588333E-01    3.058564E+00    1.712274E+04
    4    4.588333E-01    3.058564E+00    1.302102E+04
    1    4.590000E-01    3.060547E+00    3.109065E+04
    2    4.590000E-01    3.060547E+00    2.269127E+04
    3    4.590000E-01    3.060547E+00    1.715573E+04
    4    4.590000E-01    3.060547E+00    1.304611E+04
    1    4.591667E-01    3.062530E+00    3.115052E+04
    2    4.591667E-01    3.062530E+00    2.273496E+04
    3    4.591667E-01    3.062530E+00    1.718877E+04
    4    4.591667E-01    3.062530E+00    1.307123E+04
    1    4.593333E-01    3.064513E+00    3.121047E+04
    2    4.593333E-01    3.064513E+00    2.277871E+04
    3    4.593333E-01    3.064513E+00    1.722185E+04
    4    4.593333E-01    3.064513E+00    1.309638E+04
    1    4.595000E-01    3.066498E+00    3.127049E+04
    2    4.595000E-01    3.066498E+00    2.282252E+04
    3    4.595000E-01    3.066498E+00    1.725497E+04
    4    4.595000E-01    3.066498E+00    1.312157E+04
    1    4.596667E-01    3.068483E+00    3.133059E+04
    2    4.596667E-01    3.068483E+00    2.286638E+04
    3    4.596667E-01    3.068483E+00    1.728813E+04
    4    4.596667E-01    3.068483E+00    1.314679E+04
    1    4.598333E-01    3.070468E+00    3.139077E+04
    2    4.598333E-01    3.070468E+00    2.291030E+04
    3    4.598333E-01    3.070468E+00    1.732134E+04
    4    4.598333E-01    3.070468E+00    1.317204E+04
    1    4.600000E-01    3.072454E+00    3.145102E+04
    2    4.600000E-01    3.072454E+00    2.295428E+04
    3    4.600000E-01    3.072454E+00    1.735458E+04
    4    4.600000E-01    3.072454E+00    1.319732E+04
    1    4.601667E-01    3.074441E+00    3.151136E+04
    2    4.601667E-01    3.074441E+00    2.299831E+04
    3    4.601667E-01    3.074441E+00    1.738788E+04
    4    4.601667E-01    3.074441E+00    1.322264E+04
    1    4.603333E-01    3.076429E+00    3.157176E+04
    2    4.603333E-01    3.076429E+00    2.304240E+04
    3    4.603333E-01    3.076429E+00    1.742121E+04
    4    4.603333E-01    3.076429E+00    1.324799E+04
    1    4.605000E-01    3.078417E+00    3.163225E+04
    2    4.605000E-01    3.078417E+00    2.308655E+04
    3    4.605000E-01    3.078417E+00    1.745459E+04
    4    4.605000E-01    3.078417E+00    1.327337E+04
    1    4.606667E-01    3.080405E+00    3.169282E+04
    2    4.606667E-01    3.080405E+00    2.313075E+04
    3    4.606667E-01    3.080405E+00    1.748800E+04
    4    4.606667E-01    3.080405E+00    1.329878E+04
    1    4.608333E-01    3.082395E+00    3.175346E+04
    2    4.608333E-01    3.082395E+00    2.317501E+04
    3    4.608333E-01    3.082395E+00    1.752147E+04
    4    4.608333E-01    3.082395E+00    1.332423E+04
    1    4.610000E-01    3.084385E+00    3.181418E+04
    2    4.610000E-01    3.084385E+00    2.321932E+04
    3    4.610000E-01    3.084385E+00    1.755497E+04
    4    4.610000E-01    3.084385E+00    1.334971E+04
    1    4.611667E-01    3.086375E+00    3.187497E+04
    2    4.611667E-01    3.086375E+00    2.326370E+04
    3    4.611667E-01    3.086375E+00    1.758852E+04
    4    4.611667E-01    3.086375E+00    1.337522E+04
    1    4.613333E-01    3.088367E+00    3.193585E+04
    2    4.613333E-01    3.088367E+00    2.330812E+04
    3    4.613333E-01    3.088367E+00    1.762211E+04
    4    4.613333E-01    3.088367E+00    1.340076E+04
    1    4.615000E-01    3.090359E+00    3.199680E+04
    2    4.615000E-01    3.090359E+00    2.335261E+04
    3    4.615000E-01    3.090359E+00    1.765574E+04
    4    4.615000E-01    3.090359E+00    1.342634E+04
    1    4.616667E-01    3.092351E+00    3.205783E+04
    2    4.616667E-01    3.092351E+00    2.339715E+04
    3    4.616667E-01    3.092351E+00    1.768942E+04
    4    4.616667E-01    3.092351E+00    1.345195E+04
    1    4.618333E-01    3.094345E+00    3.211894E+04
    2    4.618333E-01    3.094345E+00    2.344175E+04
    3    4.618333E-01    3.094345E+00    1.772314E+04
    4    4.618333E-01    3.094345E+00    1.347759E+04
    1    4.620000E-01    3.096338E+00    3.218012E+04
    2    4.620000E-01    3.096338E+00    2.348641E+04
    3    4.620000E-01    3.096338E+00    1.775690E+04
    4    4.620000E-01    3.096338E+00    1.350326E+04
    1    4.621667E-01    3.098333E+00    3.224139E+04
    2    4.621667E-01    3.098333E+00    2.353112E+04
    3    4.621667E-01    3.098333E+00    1.779070E+04
    4    4.621667E-01    3.098333E+00    1.352897E+04
    1    4.623333E-01    3.100328E+00    3.230273E+04
    2    4.623333E-01    3.100328E+00    2.357589E+04
    3    4.623333E-01    3.100328E+00    1.782455E+04
    4    4.623333E-01    3.100328E+00    1.355471E+04
    1    4.625000E-01    3.102324E+00    3.236415E+04
    2    4.625000E-01    3.102324E+00    2.362072E+04
    3    4.625000E-01    3.102324E+00    1.785844E+04
    4    4.625000E-01    3.102324E+00    1.358048E+04
    1    4.626667E-01    3.104320E+00    3.242565E+04
    2    4.626667E-01    3.104320E+00    2.366560E+04
    3    4.626667E-01    3.104320E+00    1.789238E+04
    4    4.626667E-01    3.104320E+00    1.360629E+04
    1    4.628333E-01    3.106318E+00    3.248722E+04
    2    4.628333E-01    3.106318E+00    2.371054E+04
    3    4.628333E-01    3.106318E+00    1.792636E+04
    4    4.628333E-01    3.106318E+00    1.363213E+04
    1    4.630000E-01    3.108315E+00    3.254888E+04
    2    4.630000E-01    3.108315E+00    2.375554E+04
    3    4.630000E-01    3.108315E+00    1.796038E+04
    4    4.630000E-01    3.108315E+00    1.365800E+04
    1    4.631667E-01    3.110314E+00    3.261061E+04
    2    4.631667E-01    3.110314E+00    2.380059E+04
    3    4.631667E-01    3.110314E+00    1.799444E+04
    4    4.631667E-01    3.110314E+00    1.368390E+04
    1    4.633333E-01    3.112313E+00    3.267242E+04
    2    4.633333E-01    3.112313E+00    2.384571E+04
    3    4.633333E-01    3.112313E+00    1.802855E+04
    4    4.633333E-01    3.112313E+00    1.370984E+04
    1    4.635000E-01    3.114312E+00    3.273431E+04
    2    4.635000E-01    3.114312E+00    2.389088E+04
    3    4.635000E-01    3.114312E+00    1.806270E+04
    4    4.635000E-01    3.114312E+00    1.373581E+04
    1    4.636667E-01    3.116313E+00    3.279628E+04
    2    4.636667E-01    3.116313E+00    2.393610E+04
    3    4.636667E-01    3.116313E+00    1.809689E+04
    4    4.636667E-01    3.116313E+00    1.376181E+04
    1    4.638333E-01    3.118314E+00    3.285832E+04
    2    4.638333E-01    3.118314E+00    2.398139E+04
    3    4.638333E-01    3.118314E+00    1.813113E+04
    4    4.638333E-01    3.118314E+00    1.378785E+04
    1    4.640000E-01    3.120315E+00    3.292045E+04
    2    4.640000E-01    3.120315E+00    2.402673E+04
    3    4.640000E-01    3.120315E+00    1.816541E+04
    4    4.640000E-01    3.120315E+00    1.381392E+04
    1    4.641667E-01    3.122317E+00    3.298265E+04
    2    4.641667E-01    3.122317E+00    2.407213E+04
    3    4.641667E-01    3.122317E+00    1.819973E+04
    4    4.641667E-01    3.122317E+00    1.384002E+04
    1    4.643333E-01    3.124320E+00    3.304493E+04
    2    4.643333E-01    3.124320E+00    2.411758E+04
    3    4.643333E-01    3.124320E+00    1.823410E+04
    4    4.643333E-01    3.124320E+00    1.386615E+04
    1    4.645000E-01    3.126324E+00    3.310729E+04
    2    4.645000E-01    3.126324E+00    2.416310E+04
    3    4.645000E-01    3.126324E+00    1.826851E+04
    4    4.645000E-01    3.126324E+00    1.389232E+04
    1    4.646667E-01    3.128328E+00    3.316973E+04
    2    4.646667E-01    3.128328E+00    2.420867E+04
    3    4.646667E-01    3.128328E+00    1.830296E+04
    4    4.646667E-01    3.128328E+00    1.391852E+04
    1    4.648333E-01    3.130333E+00    3.323225E+04
    2    4.648333E-01    3.130333E+00    2.425430E+04
    3    4.648333E-01    3.130333E+00    1.833746E+04
    4    4.648333E-01    3.130333E+00    1.394475E+04
    1    4.650000E-01    3.132338E+00    3.329485E+04
    2    4.650000E-01    3.132338E+00    2.429998E+04
    3    4.650000E-01    3.132338E+00    1.837200E+04
    4    4.650000E-01    3.132338E+00    1.397102E+04
    1    4.651667E-01    3.134344E+00    3.335753E+04
    2    4.651667E-01    3.134344E+00    2.434573E+04
    3    4.651667E-01    3.134344E+00    1.840659E+04
    4    4.651667E-01    3.134344E+00    1.399732E+04
    1    4.653333E-01    3.136351E+00    3.342028E+04
    2    4.653333E-01    3.136351E+00    2.439153E+04
    3    4.653333E-01    3.136351E+00    1.844122E+04
    4    4.653333E-01    3.136351E+00    1.402365E+04
    1    4.655000E-01    3.138358E+00    3.348312E+04
    2    4.655000E-01    3.138358E+00    2.443739E+04
    3    4.655000E-01    3.138358E+00    1.847589E+04
    4    4.655000E-01    3.138358E+00    1.405002E+04
    1    4.656667E-01    3.140366E+00    3.354603E+04
    2    4.656667E-01    3.140366E+00    2.448330E+04
    3    4.656667E-01    3.140366E+00    1.851060E+04
    4    4.656667E-01    3.140366E+00    1.407642E+04
    1    4.658333E-01    3.142375E+00    3.360902E+04
    2    4.658333E-01    3.142375E+00    2.452928E+04
    3    4.658333E-01    3.142375E+00    1.854536E+04
    4    4.658333E-01    3.142375E+00    1.410285E+04
    1    4.660000E-01    3.144384E+00    3.367210E+04
    2    4.660000E-01    3.144384E+00    2.457531E+04
    3    4.660000E-01    3.144384E+00    1.858017E+04
    4    4.660000E-01    3.144384E+00    1.412932E+04
    1    4.661667E-01    3.146394E+00    3.373525E+04
    2    4.661667E-01    3.146394E+00    2.462140E+04
    3    4.661667E-01    3.146394E+00    1.861501E+04
    4    4.661667E-01    3.146394E+00    1.415582E+04
    1    4.663333E-01    3.148405E+00    3.379848E+04
    2    4.663333E-01    3.148405E+00    2.466755E+04
    3    4.663333E-01    3.148405E+00    1.864990E+04
    4    4.663333E-01    3.148405E+00    1.418235E+04
    1    4.665000E-01    3.150416E+00    3.386179E+04
    2    4.665000E-01    3.150416E+00    2.471376E+04
    3    4.665000E-01    3.150416E+00    1.868484E+04
    4    4.665000E-01    3.150416E+00    1.420892E+04
    1    4.666667E-01    3.152428E+00    3.392518E+04
    2    4.666667E-01    3.152428E+00    2.476002E+04
    3    4.666667E-01    3.152428E+00    1.871982E+04
    4    4.666667E-01    3.152428E+00    1.423552E+04
    1    4.668333E-01    3.154441E+00    3.398865E+04
    2    4.668333E-01    3.154441E+00    2.480635E+04
    3    4.668333E-01    3.154441E+00    1.875484E+04
    4    4.668333E-01    3.154441E+00    1.426215E+04
    1    4.670000E-01    3.156454E+00    3.405220E+04
    2    4.670000E-01    3.156454E+00    2.485273E+04
    3    4.670000E-01    3.156454E+00    1.878990E+04
    4    4.670000E-01    3.156454E+00    1.428882E+04
    1    4.671667E-01    3.158467E+00    3.411583E+04
    2    4.671667E-01    3.158467E+00    2.489916E+04
    3    4.671667E-01    3.158467E+00    1.882501E+04
    4    4.671667E-01    3.158467E+00    1.431551E+04
    1    4.673333E-01    3.160482E+00    3.417953E+04
    2    4.673333E-01    3.160482E+00    2.494566E+04
    3    4.673333E-01    3.160482E+00    1.886017E+04
    4    4.673333E-01    3.160482E+00    1.434225E+04
    1    4.675000E-01    3.162497E+00    3.424332E+04
    2    4.675000E-01    3.162497E+00    2.499222E+04
    3    4.675000E-01    3.162497E+00    1.889537E+04
    4    4.675000E-01    3.162497E+00    1.436901E+04
    1    4.676667E-01    3.164513E+00    3.430719E+04
    2    4.676667E-01    3.164513E+00    2.503883E+04
    3    4.676667E-01    3.164513E+00    1.893061E+04
    4    4.676667E-01    3.164513E+00    1.439581E+04
    1    4.678333E-01    3.166529E+00    3.437114E+04
    2    4.678333E-01    3.166529E+00    2.508550E+04
    3    4.678333E-01    3.166529E+00    1.896590E+04
    4    4.678333E-01    3.166529E+00    1.442265E+04
    1    4.680000E-01    3.168546E+00    3.443517E+04
    2    4.680000E-01    3.168546E+00    2.513223E+04
    3    4.680000E-01    3.168546E+00    1.900123E+04
    4    4.680000E-01    3.168546E+00    1.444951E+04
    1    4.681667E-01    3.170564E+00    3.449927E+04
    2    4.681667E-01    3.170564E+00    2.517902E+04
    3    4.681667E-01    3.170564E+00    1.903660E+04
    4    4.681667E-01    3.170564E+00    1.447642E+04
    1    4.683333E-01    3.172582E+00    3.456346E+04
    2    4.683333E-01    3.172582E+00    2.522587E+04
    3    4.683333E-01    3.172582E+00    1.907202E+04
    4    4.683333E-01    3.172582E+00    1.450335E+04
    1    4.685000E-01    3.174601E+00    3.462773E+04
    2    4.685000E-01    3.174601E+00    2.527277E+04
    3    4.685000E-01    3.174601E+00    1.910748E+04
    4    4.685000E-01    3.174601E+00    1.453032E+04
    1    4.686667E-01    3.176620E+00    3.469208E+04
    2    4.686667E-01    3.176620E+00    2.531974E+04
    3    4.686667E-01    3.176620E+00    1.914299E+04
    4    4.686667E-01    3.176620E+00    1.455732E+04
    1    4.688333E-01    3.178641E+00    3.475651E+04
    2    4.688333E-01    3.178641E+00    2.536676E+04
    3    4.688333E-01    3.178641E+00    1.917854E+04
    4    4.688333E-01    3.178641E+00    1.458435E+04
    1    4.690000E-01    3.180662E+00    3.482102E+04
    2    4.690000E-01    3.180662E+00    2.541384E+04
    3    4.690000E-01    3.180662E+00    1.921414E+04
    4    4.690000E-01    3.180662E+00    1.461142E+04
    1    4.691667E-01    3.182683E+00    3.488560E+04
    2    4.691667E-01    3.182683E+00    2.546098E+04
    3    4.691667E-01    3.182683E+00    1.924978E+04
    4    4.691667E-01    3.182683E+00    1.463853E+04
    1    4.693333E-01    3.184705E+00    3.495027E+04
    2    4.693333E-01    3.184705E+00    2.550818E+04
    3    4.693333E-01    3.184705E+00    1.928546E+04
    4    4.693333E-01    3.184705E+00    1.466566E+04
    1    4.695000E-01    3.186728E+00    3.501502E+04
    2    4.695000E-01    3.186728E+00    2.555544E+04
    3    4.695000E-01    3.186728E+00    1.932119E+04
    4    4.695000E-01    3.186728E+00    1.469283E+04
    1    4.696667E-01    3.188751E+00    3.507985E+04
    2    4.696667E-01    3.188751E+00    2.560275E+04
    3    4.696667E-01    3.188751E+00    1.935696E+04
    4    4.696667E-01    3.188751E+00    1.472004E+04
    1    4.698333E-01    3.190775E+00    3.514476E+04
    2    4.698333E-01    3.190775E+00    2.565013E+04
    3    4.698333E-01    3.190775E+00    1.939278E+04
    4    4.698333E-01    3.190775E+00    1.474727E+04
    1    4.700000E-01    3.192800E+00    3.520976E+04
    2    4.700000E-01    3.192800E+00    2.569756E+04
    3    4.700000E-01    3.192800E+00    1.942864E+04
    4    4.700000E-01    3.192800E+00    1.477454E+04
    1    4.701667E-01    3.194826E+00    3.527483E+04
    2    4.701667E-01    3.194826E+00    2.574505E+04
    3    4.701667E-01    3.194826E+00    1.946455E+04
    4    4.701667E-01    3.194826E+00    1.480185E+04
    1    4.703333E-01    3.196852E+00    3.533998E+04
    2    4.703333E-01    3.196852E+00    2.579260E+04
    3    4.703333E-01    3.196852E+00    1.950050E+04
    4    4.703333E-01    3.196852E+00    1.482919E+04
    1    4.705000E-01    3.198878E+00    3.540521E+04
    2    4.705000E-01    3.198878E+00    2.584021E+04
    3    4.705000E-01    3.198878E+00    1.953650E+04
    4    4.705000E-01    3.198878E+00    1.485656E+04
    1    4.706667E-01    3.200905E+00    3.547053E+04
    2    4.706667E-01    3.200905E+00    2.588788E+04
    3    4.706667E-01    3.200905E+00    1.957254E+04
    4    4.706667E-01    3.200905E+00    1.488397E+04
    1    4.708333E-01    3.202933E+00    3.553592E+04
    2    4.708333E-01    3.202933E+00    2.593561E+04
    3    4.708333E-01    3.202933E+00    1.960862E+04
    4    4.708333E-01    3.202933E+00    1.491141E+04
    1    4.710000E-01    3.204962E+00    3.560140E+04
    2    4.710000E-01    3.204962E+00    2.598340E+04
    3    4.710000E-01    3.204962E+00    1.964475E+04
    4    4.710000E-01    3.204962E+00    1.493888E+04
    1    4.711667E-01    3.206991E+00    3.566696E+04
    2    4.711667E-01    3.206991E+00    2.603125E+04
    3    4.711667E-01    3.206991E+00    1.968092E+04
    4    4.711667E-01    3.206991E+00    1.496639E+04
    1    4.713333E-01    3.209021E+00    3.573260E+04
    2    4.713333E-01    3.209021E+00    2.607915E+04
    3    4.713333E-01    3.209021E+00    1.971714E+04
    4    4.713333E-01    3.209021E+00    1.499394E+04
    1    4.715000E-01    3.211051E+00    3.579832E+04
    2    4.715000E-01    3.211051E+00    2.612712E+04
    3    4.715000E-01    3.211051E+00    1.975341E+04
    4    4.715000E-01    3.211051E+00    1.502151E+04
    1    4.716667E-01    3.213083E+00    3.586412E+04
    2    4.716667E-01    3.213083E+00    2.617514E+04
    3    4.716667E-01    3.213083E+00    1.978972E+04
    4    4.716667E-01    3.213083E+00    1.504912E+04
    1    4.718333E-01    3.215114E+00    3.593000E+04
    2    4.718333E-01    3.215114E+00    2.622322E+04
    3    4.718333E-01    3.215114E+00    1.982607E+04
    4    4.718333E-01    3.215114E+00    1.507677E+04
    1    4.720000E-01    3.217147E+00    3.599596E+04
    2    4.720000E-01    3.217147E+00    2.627137E+04
    3    4.720000E-01    3.217147E+00    1.986247E+04
    4    4.720000E-01    3.217147E+00    1.510445E+04
    1    4.721667E-01    3.219180E+00    3.606201E+04
    2    4.721667E-01    3.219180E+00    2.631957E+04
    3    4.721667E-01    3.219180E+00    1.989891E+04
    4    4.721667E-01    3.219180E+00    1.513216E+04
    1    4.723333E-01    3.221214E+00    3.612813E+04
    2    4.723333E-01    3.221214E+00    2.636783E+04
    3    4.723333E-01    3.221214E+00    1.993540E+04
    4    4.723333E-01    3.221214E+00    1.515991E+04
    1    4.725000E-01    3.223248E+00    3.619434E+04
    2    4.725000E-01    3.223248E+00    2.641615E+04
    3    4.725000E-01    3.223248E+00    1.997193E+04
    4    4.725000E-01    3.223248E+00    1.518769E+04
    1    4.726667E-01    3.225283E+00    3.626063E+04
    2    4.726667E-01    3.225283E+00    2.646453E+04
    3    4.726667E-01    3.225283E+00    2.000851E+04
    4    4.726667E-01    3.225283E+00    1.521551E+04
    1    4.728333E-01    3.227319E+00    3.632700E+04
    2    4.728333E-01    3.227319E+00    2.651297E+04
    3    4.728333E-01    3.227319E+00    2.004513E+04
    4    4.728333E-01    3.227319E+00    1.524336E+04
    1    4.730000E-01    3.229355E+00    3.639345E+04
    2    4.730000E-01    3.229355E+00    2.656147E+04
    3    4.730000E-01    3.229355E+00    2.008180E+04
    4    4.730000E-01    3.229355E+00    1.527124E+04
    1    4.731667E-01    3.231392E+00    3.645999E+04
    2    4.731667E-01    3.231392E+00    2.661003E+04
    3    4.731667E-01    3.231392E+00    2.011852E+04
    4    4.731667E-01    3.231392E+00    1.529916E+04
    1    4.733333E-01    3.233429E+00    3.652660E+04
    2    4.733333E-01    3.233429E+00    2.665865E+04
    3    4.733333E-01    3.233429E+00    2.015528E+04
    4    4.733333E-01    3.233429E+00    1.532711E+04
    1    4.735000E-01    3.235467E+00    3.659330E+04
    2    4.735000E-01    3.235467E+00    2.670733E+04
    3    4.735000E-01    3.235467E+00    2.019208E+04
    4    4.735000E-01    3.235467E+00    1.535510E+04
    1    4.736667E-01    3.237506E+00    3.666008E+04
    2    4.736667E-01    3.237506E+00    2.675607E+04
    3    4.736667E-01    3.237506E+00    2.022893E+04
    4    4.736667E-01    3.237506E+00    1.538312E+04
    1    4.738333E-01    3.239546E+00    3.672694E+04
    2    4.738333E-01    3.239546E+00    2.680487E+04
    3    4.738333E-01    3.239546E+00    2.026582E+04
    4    4.738333E-01    3.239546E+00    1.541118E+04
    1    4.740000E-01    3.241586E+00    3.679389E+04
    2    4.740000E-01    3.241586E+00    2.685373E+04
    3    4.740000E-01    3.241586E+00    2.030276E+04
    4    4.740000E-01    3.241586E+00    1.543927E+04
    1    4.741667E-01    3.243627E+00    3.686091E+04
    2    4.741667E-01    3.243627E+00    2.690264E+04
    3    4.741667E-01    3.243627E+00    2.033975E+04
    4    4.741667E-01    3.243627E+00    1.546739E+04
    1    4.743333E-01    3.245668E+00    3.692802E+04
    2    4.743333E-01    3.245668E+00    2.695162E+04
    3    4.743333E-01    3.245668E+00    2.037678E+04
    4    4.743333E-01    3.245668E+00    1.549555E+04
    1    4.745000E-01    3.247710E+00    3.699521E+04
    2    4.745000E-01    3.247710E+00    2.700066E+04
    3    4.745000E-01    3.247710E+00    2.041385E+04
    4    4.745000E-01    3.247710E+00    1.552375E+04
    1    4.746667E-01    3.249753E+00    3.706248E+04
    2    4.746667E-01    3.249753E+00    2.704976E+04
    3    4.746667E-01    3.249753E+00    2.045097E+04
    4    4.746667E-01    3.249753E+00    1.555198E+04
    1    4.748333E-01    3.251796E+00    3.712984E+04
    2    4.748333E-01    3.251796E+00    2.709892E+04
    3    4.748333E-01    3.251796E+00    2.048814E+04
    4    4.748333E-01    3.251796E+00    1.558024E+04
    1    4.750000E-01    3.253840E+00    3.719727E+04
    2    4.750000E-01    3.253840E+00    2.714813E+04
    3    4.750000E-01    3.253840E+00    2.052535E+04
    4    4.750000E-01    3.253840E+00    1.560854E+04
    1    4.751667E-01    3.255885E+00    3.726479E+04
    2    4.751667E-01    3.255885E+00    2.719741E+04
    3    4.751667E-01    3.255885E+00    2.056261E+04
    4    4.751667E-01    3.255885E+00    1.563687E+04
    1    4.753333E-01    3.257930E+00    3.733239E+04
    2    4.753333E-01    3.257930E+00    2.724675E+04
    3    4.753333E-01    3.257930E+00    2.059991E+04
    4    4.753333E-01    3.257930E+00    1.566524E+04
    1    4.755000E-01    3.259976E+00    3.740008E+04
    2    4.755000E-01    3.259976E+00    2.729615E+04
    3    4.755000E-01    3.259976E+00    2.063726E+04
    4    4.755000E-01    3.259976E+00    1.569364E+04
    1    4.756667E-01    3.262022E+00    3.746785E+04
    2    4.756667E-01    3.262022E+00    2.734561E+04
    3    4.756667E-01    3.262022E+00    2.067465E+04
    4    4.756667E-01    3.262022E+00    1.572207E+04
    1    4.758333E-01    3.264070E+00    3.753569E+04
    2    4.758333E-01    3.264070E+00    2.739513E+04
    3    4.758333E-01    3.264070E+00    2.071209E+04
    4    4.758333E-01    3.264070E+00    1.575054E+04
    1    4.760000E-01    3.266117E+00    3.760363E+04
    2    4.760000E-01    3.266117E+00    2.744471E+04
    3    4.760000E-01    3.266117E+00    2.074957E+04
    4    4.760000E-01    3.266117E+00    1.577905E+04
    1    4.761667E-01    3.268166E+00    3.767164E+04
    2    4.761667E-01    3.268166E+00    2.749435E+04
    3    4.761667E-01    3.268166E+00    2.078710E+04
    4    4.761667E-01    3.268166E+00    1.580759E+04
    1    4.763333E-01    3.270215E+00    3.773974E+04
    2    4.763333E-01    3.270215E+00    2.754405E+04
    3    4.763333E-01    3.270215E+00    2.082468E+04
    4    4.763333E-01    3.270215E+00    1.583616E+04
    1    4.765000E-01    3.272265E+00    3.780792E+04
    2    4.765000E-01    3.272265E+00    2.759381E+04
    3    4.765000E-01    3.272265E+00    2.086230E+04
    4    4.765000E-01    3.272265E+00    1.586477E+04
    1    4.766667E-01    3.274315E+00    3.787618E+04
    2    4.766667E-01    3.274315E+00    2.764363E+04
    3    4.766667E-01    3.274315E+00    2.089997E+04
    4    4.766667E-01    3.274315E+00    1.589342E+04
    1    4.768333E-01    3.276366E+00    3.794453E+04
    2    4.768333E-01    3.276366E+00    2.769351E+04
    3    4.768333E-01    3.276366E+00    2.093768E+04
    4    4.768333E-01    3.276366E+00    1.592210E+04
    1    4.770000E-01    3.278418E+00    3.801296E+04
    2    4.770000E-01    3.278418E+00    2.774346E+04
    3    4.770000E-01    3.278418E+00    2.097544E+04
    4    4.770000E-01    3.278418E+00    1.595081E+04
    1    4.771667E-01    3.280470E+00    3.808147E+04
    2    4.771667E-01    3.280470E+00    2.779346E+04
    3    4.771667E-01    3.280470E+00    2.101325E+04
    4    4.771667E-01    3.280470E+00    1.597956E+04
    1    4.773333E-01    3.282523E+00    3.815007E+04
    2    4.773333E-01    3.282523E+00    2.784352E+04
    3    4.773333E-01    3.282523E+00    2.105110E+04
    4    4.773333E-01    3.282523E+00    1.600834E+04
    1    4.775000E-01    3.284577E+00    3.821875E+04
    2    4.775000E-01    3.284577E+00    2.789365E+04
    3    4.775000E-01    3.284577E+00    2.108899E+04
    4    4.775000E-01    3.284577E+00    1.603716E+04
    1    4.776667E-01    3.286631E+00    3.828751E+04
    2    4.776667E-01    3.286631E+00    2.794383E+04
    3    4.776667E-01    3.286631E+00    2.112694E+04
    4    4.776667E-01    3.286631E+00    1.606602E+04
    1    4.778333E-01    3.288686E+00    3.835635E+04
    2    4.778333E-01    3.288686E+00    2.799408E+04
    3    4.778333E-01    3.288686E+00    2.116493E+04
    4    4.778333E-01    3.288686E+00    1.609490E+04
    1    4.780000E-01    3.290742E+00    3.842528E+04
    2    4.780000E-01    3.290742E+00    2.804439E+04
    3    4.780000E-01    3.290742E+00    2.120296E+04
    4    4.780000E-01    3.290742E+00    1.612383E+04
    1    4.781667E-01    3.292798E+00    3.849429E+04
    2    4.781667E-01    3.292798E+00    2.809475E+04
    3    4.781667E-01    3.292798E+00    2.124104E+04
    4    4.781667E-01    3.292798E+00    1.615279E+04
    1    4.783333E-01    3.294855E+00    3.856339E+04
    2    4.783333E-01    3.294855E+00    2.814518E+04
    3    4.783333E-01    3.294855E+00    2.127917E+04
    4    4.783333E-01    3.294855E+00    1.618178E+04
    1    4.785000E-01    3.296912E+00    3.863257E+04
    2    4.785000E-01    3.296912E+00    2.819567E+04
    3    4.785000E-01    3.296912E+00    2.131734E+04
    4    4.785000E-01    3.296912E+00    1.621081E+04
    1    4.786667E-01    3.298970E+00    3.870183E+04
    2    4.786667E-01    3.298970E+00    2.824623E+04
    3    4.786667E-01    3.298970E+00    2.135556E+04
    4    4.786667E-01    3.298970E+00    1.623987E+04
    1    4.788333E-01    3.301029E+00    3.877118E+04
    2    4.788333E-01    3.301029E+00    2.829684E+04
    3    4.788333E-01    3.301029E+00    2.139383E+04
    4    4.788333E-01    3.301029E+00    1.626897E+04
    1    4.790000E-01    3.303088E+00    3.884061E+04
    2    4.790000E-01    3.303088E+00    2.834751E+04
    3    4.790000E-01    3.303088E+00    2.143214E+04
    4    4.790000E-01    3.303088E+00    1.629811E+04
    1    4.791667E-01    3.305148E+00    3.891012E+04
    2    4.791667E-01    3.305148E+00    2.839824E+04
    3    4.791667E-01    3.305148E+00    2.147049E+04
    4    4.791667E-01    3.305148E+00    1.632727E+04
    1    4.793333E-01    3.307209E+00    3.897972E+04
    2    4.793333E-01    3.307209E+00    2.844904E+04
    3    4.793333E-01    3.307209E+00    2.150890E+04
    4    4.793333E-01    3.307209E+00    1.635648E+04
    1    4.795000E-01    3.309270E+00    3.904940E+04
    2    4.795000E-01    3.309270E+00    2.849990E+04
    3    4.795000E-01    3.309270E+00    2.154735E+04
    4    4.795000E-01    3.309270E+00    1.638572E+04
    1    4.796667E-01    3.311332E+00    3.911917E+04
    2    4.796667E-01    3.311332E+00    2.855082E+04
    3    4.796667E-01    3.311332E+00    2.158585E+04
    4    4.796667E-01    3.311332E+00    1.641499E+04
    1    4.798333E-01    3.313395E+00    3.918902E+04
    2    4.798333E-01    3.313395E+00    2.860179E+04
    3    4.798333E-01    3.313395E+00    2.162439E+04
    4    4.798333E-01    3.313395E+00    1.644430E+04
    1    4.800000E-01    3.315458E+00    3.925895E+04
    2    4.800000E-01    3.315458E+00    2.865284E+04
    3    4.800000E-01    3.315458E+00    2.166298E+04
    4    4.800000E-01    3.315458E+00    1.647365E+04
    1    4.801667E-01    3.317522E+00    3.932897E+04
    2    4.801667E-01    3.317522E+00    2.870394E+04
    3    4.801667E-01    3.317522E+00    2.170161E+04
    4    4.801667E-01    3.317522E+00    1.650303E+04
    1    4.803333E-01    3.319586E+00    3.939907E+04
    2    4.803333E-01    3.319586E+00    2.875510E+04
    3    4.803333E-01    3.319586E+00    2.174030E+04
    4    4.803333E-01    3.319586E+00    1.653245E+04
    1    4.805000E-01    3.321652E+00    3.946926E+04
    2    4.805000E-01    3.321652E+00    2.880633E+04
    3    4.805000E-01    3.321652E+00    2.177902E+04
    4    4.805000E-01    3.321652E+00    1.656190E+04
    1    4.806667E-01    3.323717E+00    3.953953E+04
    2    4.806667E-01    3.323717E+00    2.885761E+04
    3    4.806667E-01    3.323717E+00    2.181780E+04
    4    4.806667E-01    3.323717E+00    1.659138E+04
    1    4.808333E-01    3.325784E+00    3.960989E+04
    2    4.808333E-01    3.325784E+00    2.890896E+04
    3    4.808333E-01    3.325784E+00    2.185662E+04
    4    4.808333E-01    3.325784E+00    1.662091E+04
    1    4.810000E-01    3.327851E+00    3.968033E+04
    2    4.810000E-01    3.327851E+00    2.896037E+04
    3    4.810000E-01    3.327851E+00    2.189549E+04
    4    4.810000E-01    3.327851E+00    1.665046E+04
    1    4.811667E-01    3.329919E+00    3.975085E+04
    2    4.811667E-01    3.329919E+00    2.901184E+04
    3    4.811667E-01    3.329919E+00    2.193441E+04
    4    4.811667E-01    3.329919E+00    1.668006E+04
    1    4.813333E-01    3.331987E+00    3.982146E+04
    2    4.813333E-01    3.331987E+00    2.906338E+04
    3    4.813333E-01    3.331987E+00    2.197337E+04
    4    4.813333E-01    3.331987E+00    1.670968E+04
    1    4.815000E-01    3.334056E+00    3.989215E+04
    2    4.815000E-01    3.334056E+00    2.911497E+04
    3    4.815000E-01    3.334056E+00    2.201238E+04
    4    4.815000E-01    3.334056E+00    1.673935E+04
    1    4.816667E-01    3.336126E+00    3.996293E+04
    2    4.816667E-01    3.336126E+00    2.916663E+04
    3    4.816667E-01    3.336126E+00    2.205143E+04
    4    4.816667E-01    3.336126E+00    1.676905E+04
    1    4.818333E-01    3.338196E+00    4.003379E+04
    2    4.818333E-01    3.338196E+00    2.921835E+04
    3    4.818333E-01    3.338196E+00    2.209053E+04
    4    4.818333E-01    3.338196E+00    1.679878E+04
    1    4.820000E-01    3.340267E+00    4.010474E+04
    2    4.820000E-01    3.340267E+00    2.927013E+04
    3    4.820000E-01    3.340267E+00    2.212968E+04
    4    4.820000E-01    3.340267E+00    1.682855E+04
    1    4.821667E-01    3.342339E+00    4.017577E+04
    2    4.821667E-01    3.342339E+00    2.932197E+04
    3    4.821667E-01    3.342339E+00    2.216888E+04
    4    4.821667E-01    3.342339E+00    1.685836E+04
    1    4.823333E-01    3.344411E+00    4.024689E+04
    2    4.823333E-01    3.344411E+00    2.937387E+04
    3    4.823333E-01    3.344411E+00    2.220812E+04
    4    4.823333E-01    3.344411E+00    1.688820E+04
    1    4.825000E-01    3.346484E+00    4.031809E+04
    2    4.825000E-01    3.346484E+00    2.942584E+04
    3    4.825000E-01    3.346484E+00    2.224741E+04
    4    4.825000E-01    3.346484E+00    1.691808E+04
    1    4.826667E-01    3.348557E+00    4.038938E+04
    2    4.826667E-01    3.348557E+00    2.947787E+04
    3    4.826667E-01    3.348557E+00    2.228674E+04
    4    4.826667E-01    3.348557E+00    1.694799E+04
    1    4.828333E-01    3.350631E+00    4.046075E+04
    2    4.828333E-01    3.350631E+00    2.952996E+04
    3    4.828333E-01    3.350631E+00    2.232613E+04
    4    4.828333E-01    3.350631E+00    1.697794E+04
    1    4.830000E-01    3.352706E+00    4.053221E+04
    2    4.830000E-01    3.352706E+00    2.958211E+04
    3    4.830000E-01    3.352706E+00    2.236556E+04
    4    4.830000E-01    3.352706E+00    1.700793E+04
    1    4.831667E-01    3.354782E+00    4.060375E+04
    2    4.831667E-01    3.354782E+00    2.963433E+04
    3    4.831667E-01    3.354782E+00    2.240503E+04
    4    4.831667E-01    3.354782E+00    1.703795E+04
    1    4.833333E-01    3.356858E+00    4.067538E+04
    2    4.833333E-01    3.356858E+00    2.968660E+04
    3    4.833333E-01    3.356858E+00    2.244456E+04
    4    4.833333E-01    3.356858E+00    1.706800E+04
    1    4.835000E-01    3.358934E+00    4.074709E+04
    2    4.835000E-01    3.358934E+00    2.973894E+04
    3    4.835000E-01    3.358934E+00    2.248413E+04
    4    4.835000E-01    3.358934E+00    1.709809E+04
    1    4.836667E-01    3.361012E+00    4.081889E+04
    2    4.836667E-01    3.361012E+00    2.979134E+04
    3    4.836667E-01    3.361012E+00    2.252375E+04
    4    4.836667E-01    3.361012E+00    1.712822E+04
    1    4.838333E-01    3.363090E+00    4.089078E+04
    2    4.838333E-01    3.363090E+00    2.984381E+04
    3    4.838333E-01    3.363090E+00    2.256341E+04
    4    4.838333E-01    3.363090E+00    1.715839E+04
    1    4.840000E-01    3.365169E+00    4.096275E+04
    2    4.840000E-01    3.365169E+00    2.989633E+04
    3    4.840000E-01    3.365169E+00    2.260313E+04
    4    4.840000E-01    3.365169E+00    1.718859E+04
    1    4.841667E-01    3.367248E+00    4.103480E+04
    2    4.841667E-01    3.367248E+00    2.994892E+04
    3    4.841667E-01    3.367248E+00    2.264289E+04
    4    4.841667E-01    3.367248E+00    1.721882E+04
    1    4.843333E-01    3.369328E+00    4.110694E+04
    2    4.843333E-01    3.369328E+00    3.000157E+04
    3    4.843333E-01    3.369328E+00    2.268269E+04
    4    4.843333E-01    3.369328E+00    1.724909E+04
    1    4.845000E-01    3.371408E+00    4.117917E+04
    2    4.845000E-01    3.371408E+00    3.005429E+04
    3    4.845000E-01    3.371408E+00    2.272255E+04
    4    4.845000E-01    3.371408E+00    1.727940E+04
    1    4.846667E-01    3.373490E+00    4.125148E+04
    2    4.846667E-01    3.373490E+00    3.010707E+04
    3    4.846667E-01    3.373490E+00    2.276245E+04
    4    4.846667E-01    3.373490E+00    1.730974E+04
    1    4.848333E-01    3.375571E+00    4.132388E+04
    2    4.848333E-01    3.375571E+00    3.015990E+04
    3    4.848333E-01    3.375571E+00    2.280240E+04
    4    4.848333E-01    3.375571E+00    1.734012E+04
    1    4.850000E-01    3.377654E+00    4.139636E+04
    2    4.850000E-01    3.377654E+00    3.021281E+04
    3    4.850000E-01    3.377654E+00    2.284239E+04
    4    4.850000E-01    3.377654E+00    1.737054E+04
    1    4.851667E-01    3.379737E+00    4.146893E+04
    2    4.851667E-01    3.379737E+00    3.026577E+04
    3    4.851667E-01    3.379737E+00    2.288244E+04
    4    4.851667E-01    3.379737E+00    1.740099E+04
    1    4.853333E-01    3.381821E+00    4.154159E+04
    2    4.853333E-01    3.381821E+00    3.031880E+04
    3    4.853333E-01    3.381821E+00    2.292253E+04
    4    4.853333E-01    3.381821E+00    1.743148E+04
    1    4.855000E-01    3.383905E+00    4.161433E+04
    2    4.855000E-01    3.383905E+00    3.037189E+04
    3    4.855000E-01    3.383905E+00    2.296267E+04
    4    4.855000E-01    3.383905E+00    1.746200E+04
    1    4.856667E-01    3.385990E+00    4.168716E+04
    2    4.856667E-01    3.385990E+00    3.042504E+04
    3    4.856667E-01    3.385990E+00    2.300285E+04
    4    4.856667E-01    3.385990E+00    1.749256E+04
    1    4.858333E-01    3.388076E+00    4.176007E+04
    2    4.858333E-01    3.388076E+00    3.047825E+04
    3    4.858333E-01    3.388076E+00    2.304309E+04
    4    4.858333E-01    3.388076E+00    1.752315E+04
    1    4.860000E-01    3.390162E+00    4.183307E+04
    2    4.860000E-01    3.390162E+00    3.053153E+04
    3    4.860000E-01    3.390162E+00    2.308337E+04
    4    4.860000E-01    3.390162E+00    1.755379E+04
    1    4.861667E-01    3.392249E+00    4.190616E+04
    2    4.861667E-01    3.392249E+00    3.058487E+04
    3    4.861667E-01    3.392249E+00    2.312370E+04
    4    4.861667E-01    3.392249E+00    1.758445E+04
    1    4.863333E-01    3.394337E+00    4.197933E+04
    2    4.863333E-01    3.394337E+00    3.063828E+04
    3    4.863333E-01    3.394337E+00    2.316407E+04
    4    4.863333E-01    3.394337E+00    1.761516E+04
    1    4.865000E-01    3.396425E+00    4.205259E+04
    2    4.865000E-01    3.396425E+00    3.069175E+04
    3    4.865000E-01    3.396425E+00    2.320450E+04
    4    4.865000E-01    3.396425E+00    1.764590E+04
    1    4.866667E-01    3.398514E+00    4.212593E+04
    2    4.866667E-01    3.398514E+00    3.074528E+04
    3    4.866667E-01    3.398514E+00    2.324497E+04
    4    4.866667E-01    3.398514E+00    1.767668E+04
    1    4.868333E-01    3.400604E+00    4.219936E+04
    2    4.868333E-01    3.400604E+00    3.079887E+04
    3    4.868333E-01    3.400604E+00    2.328549E+04
    4    4.868333E-01    3.400604E+00    1.770749E+04
    1    4.870000E-01    3.402694E+00    4.227288E+04
    2    4.870000E-01    3.402694E+00    3.085253E+04
    3    4.870000E-01    3.402694E+00    2.332605E+04
    4    4.870000E-01    3.402694E+00    1.773834E+04
    1    4.871667E-01    3.404785E+00    4.234649E+04
    2    4.871667E-01    3.404785E+00    3.090625E+04
    3    4.871667E-01    3.404785E+00    2.336667E+04
    4    4.871667E-01    3.404785E+00    1.776922E+04
    1    4.873333E-01    3.406876E+00    4.242018E+04
    2    4.873333E-01    3.406876E+00    3.096003E+04
    3    4.873333E-01    3.406876E+00    2.340733E+04
    4    4.873333E-01    3.406876E+00    1.780015E+04
    1    4.875000E-01    3.408969E+00    4.249396E+04
    2    4.875000E-01    3.408969E+00    3.101388E+04
    3    4.875000E-01    3.408969E+00    2.344804E+04
    4    4.875000E-01    3.408969E+00    1.783110E+04
    1    4.876667E-01    3.411061E+00    4.256782E+04
    2    4.876667E-01    3.411061E+00    3.106779E+04
    3    4.876667E-01    3.411061E+00    2.348880E+04
    4    4.876667E-01    3.411061E+00    1.786210E+04
    1    4.878333E-01    3.413155E+00    4.264177E+04
    2    4.878333E-01    3.413155E+00    3.112176E+04
    3    4.878333E-01    3.413155E+00    2.352961E+04
    4    4.878333E-01    3.413155E+00    1.789313E+04
    1    4.880000E-01    3.415249E+00    4.271581E+04
    2    4.880000E-01    3.415249E+00    3.117580E+04
    3    4.880000E-01    3.415249E+00    2.357046E+04
    4    4.880000E-01    3.415249E+00    1.792420E+04
    1    4.881667E-01    3.417344E+00    4.278994E+04
    2    4.881667E-01    3.417344E+00    3.122990E+04
    3    4.881667E-01    3.417344E+00    2.361136E+04
    4    4.881667E-01    3.417344E+00    1.795530E+04
    1    4.883333E-01    3.419439E+00    4.286415E+04
    2    4.883333E-01    3.419439E+00    3.128406E+04
    3    4.883333E-01    3.419439E+00    2.365231E+04
    4    4.883333E-01    3.419439E+00    1.798644E+04
    1    4.885000E-01    3.421535E+00    4.293845E+04
    2    4.885000E-01    3.421535E+00    3.133829E+04
    3    4.885000E-01    3.421535E+00    2.369331E+04
    4    4.885000E-01    3.421535E+00    1.801762E+04
    1    4.886667E-01    3.423632E+00    4.301284E+04
    2    4.886667E-01    3.423632E+00    3.139258E+04
    3    4.886667E-01    3.423632E+00    2.373436E+04
    4    4.886667E-01    3.423632E+00    1.804883E+04
    1    4.888333E-01    3.425729E+00    4.308731E+04
    2    4.888333E-01    3.425729E+00    3.144693E+04
    3    4.888333E-01    3.425729E+00    2.377545E+04
    4    4.888333E-01    3.425729E+00    1.808009E+04
    1    4.890000E-01    3.427827E+00    4.316187E+04
    2    4.890000E-01    3.427827E+00    3.150135E+04
    3    4.890000E-01    3.427827E+00    2.381660E+04
    4    4.890000E-01    3.427827E+00    1.811137E+04
    1    4.891667E-01    3.429925E+00    4.323652E+04
    2    4.891667E-01    3.429925E+00    3.155583E+04
    3    4.891667E-01    3.429925E+00    2.385779E+04
    4    4.891667E-01    3.429925E+00    1.814270E+04
    1    4.893333E-01    3.432025E+00    4.331126E+04
    2    4.893333E-01    3.432025E+00    3.161038E+04
    3    4.893333E-01    3.432025E+00    2.389903E+04
    4    4.893333E-01    3.432025E+00    1.817406E+04
    1    4.895000E-01    3.434124E+00    4.338608E+04
    2    4.895000E-01    3.434124E+00    3.166499E+04
    3    4.895000E-01    3.434124E+00    2.394031E+04
    4    4.895000E-01    3.434124E+00    1.820545E+04
    1    4.896667E-01    3.436225E+00    4.346099E+04
    2    4.896667E-01    3.436225E+00    3.171966E+04
    3    4.896667E-01    3.436225E+00    2.398165E+04
    4    4.896667E-01    3.436225E+00    1.823689E+04
    1    4.898333E-01    3.438326E+00    4.353599E+04
    2    4.898333E-01    3.438326E+00    3.177440E+04
    3    4.898333E-01    3.438326E+00    2.402303E+04
    4    4.898333E-01    3.438326E+00    1.826836E+04
    1    4.900000E-01    3.440428E+00    4.361108E+04
    2    4.900000E-01    3.440428E+00    3.182920E+04
    3    4.900000E-01    3.440428E+00    2.406447E+04
    4    4.900000E-01    3.440428E+00    1.829986E+04
    1    4.901667E-01    3.442530E+00    4.368625E+04
    2    4.901667E-01    3.442530E+00    3.188406E+04
    3    4.901667E-01    3.442530E+00    2.410595E+04
    4    4.901667E-01    3.442530E+00    1.833141E+04
    1    4.903333E-01    3.444633E+00    4.376151E+04
    2    4.903333E-01    3.444633E+00    3.193899E+04
    3    4.903333E-01    3.444633E+00    2.414748E+04
    4    4.903333E-01    3.444633E+00    1.836299E+04
    1    4.905000E-01    3.446737E+00    4.383686E+04
    2    4.905000E-01    3.446737E+00    3.199398E+04
    3    4.905000E-01    3.446737E+00    2.418905E+04
    4    4.905000E-01    3.446737E+00    1.839461E+04
    1    4.906667E-01    3.448841E+00    4.391230E+04
    2    4.906667E-01    3.448841E+00    3.204904E+04
    3    4.906667E-01    3.448841E+00    2.423068E+04
    4    4.906667E-01    3.448841E+00    1.842626E+04
    1    4.908333E-01    3.450946E+00    4.398782E+04
    2    4.908333E-01    3.450946E+00    3.210416E+04
    3    4.908333E-01    3.450946E+00    2.427235E+04
    4    4.908333E-01    3.450946E+00    1.845795E+04
    1    4.910000E-01    3.453052E+00    4.406344E+04
    2    4.910000E-01    3.453052E+00    3.215935E+04
    3    4.910000E-01    3.453052E+00    2.431408E+04
    4    4.910000E-01    3.453052E+00    1.848968E+04
    1    4.911667E-01    3.455158E+00    4.413914E+04
    2    4.911667E-01    3.455158E+00    3.221460E+04
    3    4.911667E-01    3.455158E+00    2.435585E+04
    4    4.911667E-01    3.455158E+00    1.852145E+04
    1    4.913333E-01    3.457265E+00    4.421493E+04
    2    4.913333E-01    3.457265E+00    3.226991E+04
    3    4.913333E-01    3.457265E+00    2.439767E+04
    4    4.913333E-01    3.457265E+00    1.855325E+04
    1    4.915000E-01    3.459373E+00    4.429080E+04
    2    4.915000E-01    3.459373E+00    3.232529E+04
    3    4.915000E-01    3.459373E+00    2.443954E+04
    4    4.915000E-01    3.459373E+00    1.858509E+04
    1    4.916667E-01    3.461481E+00    4.436677E+04
    2    4.916667E-01    3.461481E+00    3.238073E+04
    3    4.916667E-01    3.461481E+00    2.448146E+04
    4    4.916667E-01    3.461481E+00    1.861696E+04
    1    4.918333E-01    3.463590E+00    4.444282E+04
    2    4.918333E-01    3.463590E+00    3.243624E+04
    3    4.918333E-01    3.463590E+00    2.452342E+04
    4    4.918333E-01    3.463590E+00    1.864888E+04
    1    4.920000E-01    3.465699E+00    4.451896E+04
    2    4.920000E-01    3.465699E+00    3.249181E+04
    3    4.920000E-01    3.465699E+00    2.456544E+04
    4    4.920000E-01    3.465699E+00    1.868083E+04
    1    4.921667E-01    3.467809E+00    4.459520E+04
    2    4.921667E-01    3.467809E+00    3.254745E+04
    3    4.921667E-01    3.467809E+00    2.460750E+04
    4    4.921667E-01    3.467809E+00    1.871282E+04
    1    4.923333E-01    3.469920E+00    4.467151E+04
    2    4.923333E-01    3.469920E+00    3.260315E+04
    3    4.923333E-01    3.469920E+00    2.464961E+04
    4    4.923333E-01    3.469920E+00    1.874484E+04
    1    4.925000E-01    3.472031E+00    4.474792E+04
    2    4.925000E-01    3.472031E+00    3.265891E+04
    3    4.925000E-01    3.472031E+00    2.469177E+04
    4    4.925000E-01    3.472031E+00    1.877690E+04
    1    4.926667E-01    3.474143E+00    4.482442E+04
    2    4.926667E-01    3.474143E+00    3.271474E+04
    3    4.926667E-01    3.474143E+00    2.473398E+04
    4    4.926667E-01    3.474143E+00    1.880900E+04
    1    4.928333E-01    3.476256E+00    4.490100E+04
    2    4.928333E-01    3.476256E+00    3.277064E+04
    3    4.928333E-01    3.476256E+00    2.477624E+04
    4    4.928333E-01    3.476256E+00    1.884114E+04
    1    4.930000E-01    3.478370E+00    4.497767E+04
    2    4.930000E-01    3.478370E+00    3.282660E+04
    3    4.930000E-01    3.478370E+00    2.481855E+04
    4    4.930000E-01    3.478370E+00    1.887331E+04
    1    4.931667E-01    3.480483E+00    4.505444E+04
    2    4.931667E-01    3.480483E+00    3.288262E+04
    3    4.931667E-01    3.480483E+00    2.486091E+04
    4    4.931667E-01    3.480483E+00    1.890552E+04
    1    4.933333E-01    3.482598E+00    4.513129E+04
    2    4.933333E-01    3.482598E+00    3.293871E+04
    3    4.933333E-01    3.482598E+00    2.490331E+04
    4    4.933333E-01    3.482598E+00    1.893777E+04
    1    4.935000E-01    3.484713E+00    4.520823E+04
    2    4.935000E-01    3.484713E+00    3.299487E+04
    3    4.935000E-01    3.484713E+00    2.494577E+04
    4    4.935000E-01    3.484713E+00    1.897005E+04
    1    4.936667E-01    3.486829E+00    4.528526E+04
    2    4.936667E-01    3.486829E+00    3.305108E+04
    3    4.936667E-01    3.486829E+00    2.498827E+04
    4    4.936667E-01    3.486829E+00    1.900238E+04
    1    4.938333E-01    3.488946E+00    4.536237E+04
    2    4.938333E-01    3.488946E+00    3.310737E+04
    3    4.938333E-01    3.488946E+00    2.503083E+04
    4    4.938333E-01    3.488946E+00    1.903474E+04
    1    4.940000E-01    3.491063E+00    4.543958E+04
    2    4.940000E-01    3.491063E+00    3.316372E+04
    3    4.940000E-01    3.491063E+00    2.507343E+04
    4    4.940000E-01    3.491063E+00    1.906713E+04
    1    4.941667E-01    3.493181E+00    4.551688E+04
    2    4.941667E-01    3.493181E+00    3.322013E+04
    3    4.941667E-01    3.493181E+00    2.511608E+04
    4    4.941667E-01    3.493181E+00    1.909957E+04
    1    4.943333E-01    3.495299E+00    4.559426E+04
    2    4.943333E-01    3.495299E+00    3.327661E+04
    3    4.943333E-01    3.495299E+00    2.515878E+04
    4    4.943333E-01    3.495299E+00    1.913204E+04
    1    4.945000E-01    3.497418E+00    4.567173E+04
    2    4.945000E-01    3.497418E+00    3.333315E+04
    3    4.945000E-01    3.497418E+00    2.520153E+04
    4    4.945000E-01    3.497418E+00    1.916455E+04
    1    4.946667E-01    3.499538E+00    4.574930E+04
    2    4.946667E-01    3.499538E+00    3.338976E+04
    3    4.946667E-01    3.499538E+00    2.524433E+04
    4    4.946667E-01    3.499538E+00    1.919709E+04
    1    4.948333E-01    3.501659E+00    4.582695E+04
    2    4.948333E-01    3.501659E+00    3.344644E+04
    3    4.948333E-01    3.501659E+00    2.528718E+04
    4    4.948333E-01    3.501659E+00    1.922968E+04
    1    4.950000E-01    3.503780E+00    4.590469E+04
    2    4.950000E-01    3.503780E+00    3.350317E+04
    3    4.950000E-01    3.503780E+00    2.533008E+04
    4    4.950000E-01    3.503780E+00    1.926230E+04
    1    4.951667E-01    3.505901E+00    4.598252E+04
    2    4.951667E-01    3.505901E+00    3.355998E+04
    3    4.951667E-01    3.505901E+00    2.537302E+04
    4    4.951667E-01    3.505901E+00    1.929496E+04
    1    4.953333E-01    3.508024E+00    4.606044E+04
    2    4.953333E-01    3.508024E+00    3.361685E+04
    3    4.953333E-01    3.508024E+00    2.541602E+04
    4    4.953333E-01    3.508024E+00    1.932766E+04
    1    4.955000E-01    3.510147E+00    4.613845E+04
    2    4.955000E-01    3.510147E+00    3.367378E+04
    3    4.955000E-01    3.510147E+00    2.545907E+04
    4    4.955000E-01    3.510147E+00    1.936039E+04
    1    4.956667E-01    3.512270E+00    4.621656E+04
    2    4.956667E-01    3.512270E+00    3.373079E+04
    3    4.956667E-01    3.512270E+00    2.550216E+04
    4    4.956667E-01    3.512270E+00    1.939316E+04
    1    4.958333E-01    3.514394E+00    4.629474E+04
    2    4.958333E-01    3.514394E+00    3.378785E+04
    3    4.958333E-01    3.514394E+00    2.554531E+04
    4    4.958333E-01    3.514394E+00    1.942597E+04
    1    4.960000E-01    3.516519E+00    4.637302E+04
    2    4.960000E-01    3.516519E+00    3.384498E+04
    3    4.960000E-01    3.516519E+00    2.558850E+04
    4    4.960000E-01    3.516519E+00    1.945882E+04
    1    4.961667E-01    3.518645E+00    4.645139E+04
    2    4.961667E-01    3.518645E+00    3.390218E+04
    3    4.961667E-01    3.518645E+00    2.563175E+04
    4    4.961667E-01    3.518645E+00    1.949170E+04
    1    4.963333E-01    3.520771E+00    4.652985E+04
    2    4.963333E-01    3.520771E+00    3.395944E+04
    3    4.963333E-01    3.520771E+00    2.567504E+04
    4    4.963333E-01    3.520771E+00    1.952463E+04
    1    4.965000E-01    3.522898E+00    4.660840E+04
    2    4.965000E-01    3.522898E+00    3.401677E+04
    3    4.965000E-01    3.522898E+00    2.571838E+04
    4    4.965000E-01    3.522898E+00    1.955759E+04
    1    4.966667E-01    3.525025E+00    4.668704E+04
    2    4.966667E-01    3.525025E+00    3.407417E+04
    3    4.966667E-01    3.525025E+00    2.576178E+04
    4    4.966667E-01    3.525025E+00    1.959059E+04
    1    4.968333E-01    3.527153E+00    4.676577E+04
    2    4.968333E-01    3.527153E+00    3.413163E+04
    3    4.968333E-01    3.527153E+00    2.580522E+04
    4    4.968333E-01    3.527153E+00    1.962362E+04
    1    4.970000E-01    3.529282E+00    4.684459E+04
    2    4.970000E-01    3.529282E+00    3.418915E+04
    3    4.970000E-01    3.529282E+00    2.584871E+04
    4    4.970000E-01    3.529282E+00    1.965670E+04
    1    4.971667E-01    3.531412E+00    4.692350E+04
    2    4.971667E-01    3.531412E+00    3.424674E+04
    3    4.971667E-01    3.531412E+00    2.589225E+04
    4    4.971667E-01    3.531412E+00    1.968981E+04
    1    4.973333E-01    3.533542E+00    4.700250E+04
    2    4.973333E-01    3.533542E+00    3.430440E+04
    3    4.973333E-01    3.533542E+00    2.593584E+04
    4    4.973333E-01    3.533542E+00    1.972296E+04
    1    4.975000E-01    3.535672E+00    4.708159E+04
    2    4.975000E-01    3.535672E+00    3.436212E+04
    3    4.975000E-01    3.535672E+00    2.597949E+04
    4    4.975000E-01    3.535672E+00    1.975614E+04
    1    4.976667E-01    3.537804E+00    4.716077E+04
    2    4.976667E-01    3.537804E+00    3.441991E+04
    3    4.976667E-01    3.537804E+00    2.602318E+04
    4    4.976667E-01    3.537804E+00    1.978937E+04
    1    4.978333E-01    3.539936E+00    4.724004E+04
    2    4.978333E-01    3.539936E+00    3.447777E+04
    3    4.978333E-01    3.539936E+00    2.606692E+04
    4    4.978333E-01    3.539936E+00    1.982263E+04
    1    4.980000E-01    3.542068E+00    4.731940E+04
    2    4.980000E-01    3.542068E+00    3.453569E+04
    3    4.980000E-01    3.542068E+00    2.611071E+04
    4    4.980000E-01    3.542068E+00    1.985593E+04
    1    4.981667E-01    3.544201E+00    4.739885E+04
    2    4.981667E-01    3.544201E+00    3.459368E+04
    3    4.981667E-01    3.544201E+00    2.615455E+04
    4    4.981667E-01    3.544201E+00    1.988927E+04
    1    4.983333E-01    3.546335E+00    4.747840E+04
    2    4.983333E-01    3.546335E+00    3.465173E+04
    3    4.983333E-01    3.546335E+00    2.619844E+04
    4    4.983333E-01    3.546335E+00    1.992265E+04
    1    4.985000E-01    3.548470E+00    4.755803E+04
    2    4.985000E-01    3.548470E+00    3.470985E+04
    3    4.985000E-01    3.548470E+00    2.624238E+04
    4    4.985000E-01    3.548470E+00    1.995607E+04
    1    4.986667E-01    3.550605E+00    4.763775E+04
    2    4.986667E-01    3.550605E+00    3.476804E+04
    3    4.986667E-01    3.550605E+00    2.628638E+04
    4    4.986667E-01    3.550605E+00    1.998952E+04
    1    4.988333E-01    3.552741E+00    4.771757E+04
    2    4.988333E-01    3.552741E+00    3.482629E+04
    3    4.988333E-01    3.552741E+00    2.633042E+04
    4    4.988333E-01    3.552741E+00    2.002301E+04
    1    4.990000E-01    3.554877E+00    4.779747E+04
    2    4.990000E-01    3.554877E+00    3.488461E+04
    3    4.990000E-01    3.554877E+00    2.637451E+04
    4    4.990000E-01    3.554877E+00    2.005654E+04
    1    4.991667E-01    3.557014E+00    4.787747E+04
    2    4.991667E-01    3.557014E+00    3.494299E+04
    3    4.991667E-01    3.557014E+00    2.641865E+04
    4    4.991667E-01    3.557014E+00    2.009011E+04
    1    4.993333E-01    3.559152E+00    4.795756E+04
    2    4.993333E-01    3.559152E+00    3.500144E+04
    3    4.993333E-01    3.559152E+00    2.646284E+04
    4    4.993333E-01    3.559152E+00    2.012371E+04
    1    4.995000E-01    3.561290E+00    4.803774E+04
    2    4.995000E-01    3.561290E+00    3.505996E+04
    3    4.995000E-01    3.561290E+00    2.650708E+04
    4    4.995000E-01    3.561290E+00    2.015736E+04
    1    4.996667E-01    3.563429E+00    4.811800E+04
    2    4.996667E-01    3.563429E+00    3.511854E+04
    3    4.996667E-01    3.563429E+00    2.655138E+04
    4    4.996667E-01    3.563429E+00    2.019104E+04
    1    4.998333E-01    3.565569E+00    4.819837E+04
    2    4.998333E-01    3.565569E+00    3.517719E+04
    3    4.998333E-01    3.565569E+00    2.659572E+04
    4    4.998333E-01    3.565569E+00    2.022476E+04
    1    5.000000E-01    3.567709E+00    4.827882E+04
    2    5.000000E-01    3.567709E+00    3.523591E+04
    3    5.000000E-01    3.567709E+00    2.664011E+04
    4    5.000000E-01    3.567709E+00    2.025852E+04
