# NE_LO   sin2theta_W   A(s)   dchi2
    1    0.000000E+00    9.523145E-02    1.734177E+03
    2    0.000000E+00    9.523145E-02    3.363687E+02
    3    0.000000E+00    9.523145E-02    5.851158E+01
    4    0.000000E+00    9.523145E-02    9.945299E+00
    1    1.666667E-04    9.552979E-02    1.733033E+03
    2    1.666667E-04    9.552979E-02    3.361469E+02
    3    1.666667E-04    9.552979E-02    5.847299E+01
    4    1.666667E-04    9.552979E-02    9.938741E+00
    1    3.333333E-04    9.582861E-02    1.731888E+03
    2    3.333333E-04    9.582861E-02    3.359249E+02
    3    3.333333E-04    9.582861E-02    5.843436E+01
    4    3.333333E-04    9.582861E-02    9.932175E+00
    1    5.000000E-04    9.612789E-02    1.730742E+03
    2    5.000000E-04    9.612789E-02    3.357025E+02
    3    5.000000E-04    9.612789E-02    5.839569E+01
    4    5.000000E-04    9.612789E-02    9.925601E+00
    1    6.666667E-04    9.642764E-02    1.729594E+03
    2    6.666667E-04    9.642764E-02    3.354799E+02
    3    6.666667E-04    9.642764E-02    5.835696E+01
    4    6.666667E-04    9.642764E-02    9.919019E+00
    1    8.333333E-04    9.672786E-02    1.728445E+03
    2    8.333333E-04    9.672786E-02    3.352570E+02
    3    8.333333E-04    9.672786E-02    5.831819E+01
    4    8.333333E-04    9.672786E-02    9.912429E+00
    1    1.000000E-03    9.702854E-02    1.727295E+03
    2    1.000000E-03    9.702854E-02    3.350338E+02
    3    1.000000E-03    9.702854E-02    5.827937E+01
    4    1.000000E-03    9.702854E-02    9.905830E+00
    1    1.166667E-03    9.732969E-02    1.726143E+03
    2    1.166667E-03    9.732969E-02    3.348104E+02
    3    1.166667E-03    9.732969E-02    5.824050E+01
    4    1.166667E-03    9.732969E-02    9.899224E+00
    1    1.333333E-03    9.763130E-02    1.724989E+03
    2    1.333333E-03    9.763130E-02    3.345867E+02
    3    1.333333E-03    9.763130E-02    5.820159E+01
    4    1.333333E-03    9.763130E-02    9.892610E+00
    1    1.500000E-03    9.793339E-02    1.723834E+03
    2    1.500000E-03    9.793339E-02    3.343627E+02
    3    1.500000E-03    9.793339E-02    5.816263E+01
    4    1.500000E-03    9.793339E-02    9.885987E+00
    1    1.666667E-03    9.823593E-02    1.722678E+03
    2    1.666667E-03    9.823593E-02    3.341385E+02
    3    1.666667E-03    9.823593E-02    5.812362E+01
    4    1.666667E-03    9.823593E-02    9.879357E+00
    1    1.833333E-03    9.853895E-02    1.721521E+03
    2    1.833333E-03    9.853895E-02    3.339139E+02
    3    1.833333E-03    9.853895E-02    5.808456E+01
    4    1.833333E-03    9.853895E-02    9.872719E+00
    1    2.000000E-03    9.884243E-02    1.720362E+03
    2    2.000000E-03    9.884243E-02    3.336891E+02
    3    2.000000E-03    9.884243E-02    5.804546E+01
    4    2.000000E-03    9.884243E-02    9.866073E+00
    1    2.166667E-03    9.914638E-02    1.719202E+03
    2    2.166667E-03    9.914638E-02    3.334641E+02
    3    2.166667E-03    9.914638E-02    5.800631E+01
    4    2.166667E-03    9.914638E-02    9.859418E+00
    1    2.333333E-03    9.945080E-02    1.718040E+03
    2    2.333333E-03    9.945080E-02    3.332388E+02
    3    2.333333E-03    9.945080E-02    5.796712E+01
    4    2.333333E-03    9.945080E-02    9.852756E+00
    1    2.500000E-03    9.975568E-02    1.716877E+03
    2    2.500000E-03    9.975568E-02    3.330132E+02
    3    2.500000E-03    9.975568E-02    5.792787E+01
    4    2.500000E-03    9.975568E-02    9.846086E+00
    1    2.666667E-03    1.000610E-01    1.715712E+03
    2    2.666667E-03    1.000610E-01    3.327873E+02
    3    2.666667E-03    1.000610E-01    5.788858E+01
    4    2.666667E-03    1.000610E-01    9.839408E+00
    1    2.833333E-03    1.003668E-01    1.714546E+03
    2    2.833333E-03    1.003668E-01    3.325612E+02
    3    2.833333E-03    1.003668E-01    5.784925E+01
    4    2.833333E-03    1.003668E-01    9.832722E+00
    1    3.000000E-03    1.006731E-01    1.713379E+03
    2    3.000000E-03    1.006731E-01    3.323348E+02
    3    3.000000E-03    1.006731E-01    5.780986E+01
    4    3.000000E-03    1.006731E-01    9.826028E+00
    1    3.166667E-03    1.009799E-01    1.712211E+03
    2    3.166667E-03    1.009799E-01    3.321081E+02
    3    3.166667E-03    1.009799E-01    5.777043E+01
    4    3.166667E-03    1.009799E-01    9.819326E+00
    1    3.333333E-03    1.012871E-01    1.711041E+03
    2    3.333333E-03    1.012871E-01    3.318811E+02
    3    3.333333E-03    1.012871E-01    5.773096E+01
    4    3.333333E-03    1.012871E-01    9.812616E+00
    1    3.500000E-03    1.015948E-01    1.709869E+03
    2    3.500000E-03    1.015948E-01    3.316539E+02
    3    3.500000E-03    1.015948E-01    5.769143E+01
    4    3.500000E-03    1.015948E-01    9.805898E+00
    1    3.666667E-03    1.019029E-01    1.708696E+03
    2    3.666667E-03    1.019029E-01    3.314265E+02
    3    3.666667E-03    1.019029E-01    5.765187E+01
    4    3.666667E-03    1.019029E-01    9.799173E+00
    1    3.833333E-03    1.022115E-01    1.707522E+03
    2    3.833333E-03    1.022115E-01    3.311987E+02
    3    3.833333E-03    1.022115E-01    5.761225E+01
    4    3.833333E-03    1.022115E-01    9.792439E+00
    1    4.000000E-03    1.025206E-01    1.706347E+03
    2    4.000000E-03    1.025206E-01    3.309707E+02
    3    4.000000E-03    1.025206E-01    5.757259E+01
    4    4.000000E-03    1.025206E-01    9.785698E+00
    1    4.166667E-03    1.028302E-01    1.705170E+03
    2    4.166667E-03    1.028302E-01    3.307425E+02
    3    4.166667E-03    1.028302E-01    5.753288E+01
    4    4.166667E-03    1.028302E-01    9.778949E+00
    1    4.333333E-03    1.031402E-01    1.703992E+03
    2    4.333333E-03    1.031402E-01    3.305139E+02
    3    4.333333E-03    1.031402E-01    5.749313E+01
    4    4.333333E-03    1.031402E-01    9.772192E+00
    1    4.500000E-03    1.034507E-01    1.702812E+03
    2    4.500000E-03    1.034507E-01    3.302851E+02
    3    4.500000E-03    1.034507E-01    5.745333E+01
    4    4.500000E-03    1.034507E-01    9.765427E+00
    1    4.666667E-03    1.037616E-01    1.701631E+03
    2    4.666667E-03    1.037616E-01    3.300561E+02
    3    4.666667E-03    1.037616E-01    5.741348E+01
    4    4.666667E-03    1.037616E-01    9.758654E+00
    1    4.833333E-03    1.040730E-01    1.700449E+03
    2    4.833333E-03    1.040730E-01    3.298267E+02
    3    4.833333E-03    1.040730E-01    5.737359E+01
    4    4.833333E-03    1.040730E-01    9.751874E+00
    1    5.000000E-03    1.043849E-01    1.699265E+03
    2    5.000000E-03    1.043849E-01    3.295971E+02
    3    5.000000E-03    1.043849E-01    5.733365E+01
    4    5.000000E-03    1.043849E-01    9.745085E+00
    1    5.166667E-03    1.046972E-01    1.698080E+03
    2    5.166667E-03    1.046972E-01    3.293673E+02
    3    5.166667E-03    1.046972E-01    5.729367E+01
    4    5.166667E-03    1.046972E-01    9.738289E+00
    1    5.333333E-03    1.050101E-01    1.696894E+03
    2    5.333333E-03    1.050101E-01    3.291372E+02
    3    5.333333E-03    1.050101E-01    5.725364E+01
    4    5.333333E-03    1.050101E-01    9.731486E+00
    1    5.500000E-03    1.053233E-01    1.695706E+03
    2    5.500000E-03    1.053233E-01    3.289068E+02
    3    5.500000E-03    1.053233E-01    5.721356E+01
    4    5.500000E-03    1.053233E-01    9.724674E+00
    1    5.666667E-03    1.056371E-01    1.694517E+03
    2    5.666667E-03    1.056371E-01    3.286761E+02
    3    5.666667E-03    1.056371E-01    5.717344E+01
    4    5.666667E-03    1.056371E-01    9.717855E+00
    1    5.833333E-03    1.059513E-01    1.693326E+03
    2    5.833333E-03    1.059513E-01    3.284452E+02
    3    5.833333E-03    1.059513E-01    5.713328E+01
    4    5.833333E-03    1.059513E-01    9.711028E+00
    1    6.000000E-03    1.062660E-01    1.692135E+03
    2    6.000000E-03    1.062660E-01    3.282141E+02
    3    6.000000E-03    1.062660E-01    5.709307E+01
    4    6.000000E-03    1.062660E-01    9.704193E+00
    1    6.166667E-03    1.065811E-01    1.690942E+03
    2    6.166667E-03    1.065811E-01    3.279826E+02
    3    6.166667E-03    1.065811E-01    5.705281E+01
    4    6.166667E-03    1.065811E-01    9.697350E+00
    1    6.333333E-03    1.068967E-01    1.689747E+03
    2    6.333333E-03    1.068967E-01    3.277510E+02
    3    6.333333E-03    1.068967E-01    5.701251E+01
    4    6.333333E-03    1.068967E-01    9.690500E+00
    1    6.500000E-03    1.072128E-01    1.688551E+03
    2    6.500000E-03    1.072128E-01    3.275190E+02
    3    6.500000E-03    1.072128E-01    5.697216E+01
    4    6.500000E-03    1.072128E-01    9.683642E+00
    1    6.666667E-03    1.075294E-01    1.687354E+03
    2    6.666667E-03    1.075294E-01    3.272868E+02
    3    6.666667E-03    1.075294E-01    5.693177E+01
    4    6.666667E-03    1.075294E-01    9.676776E+00
    1    6.833333E-03    1.078464E-01    1.686156E+03
    2    6.833333E-03    1.078464E-01    3.270543E+02
    3    6.833333E-03    1.078464E-01    5.689133E+01
    4    6.833333E-03    1.078464E-01    9.669903E+00
    1    7.000000E-03    1.081639E-01    1.684956E+03
    2    7.000000E-03    1.081639E-01    3.268216E+02
    3    7.000000E-03    1.081639E-01    5.685084E+01
    4    7.000000E-03    1.081639E-01    9.663022E+00
    1    7.166667E-03    1.084818E-01    1.683754E+03
    2    7.166667E-03    1.084818E-01    3.265886E+02
    3    7.166667E-03    1.084818E-01    5.681032E+01
    4    7.166667E-03    1.084818E-01    9.656133E+00
    1    7.333333E-03    1.088002E-01    1.682552E+03
    2    7.333333E-03    1.088002E-01    3.263554E+02
    3    7.333333E-03    1.088002E-01    5.676974E+01
    4    7.333333E-03    1.088002E-01    9.649237E+00
    1    7.500000E-03    1.091191E-01    1.681348E+03
    2    7.500000E-03    1.091191E-01    3.261219E+02
    3    7.500000E-03    1.091191E-01    5.672912E+01
    4    7.500000E-03    1.091191E-01    9.642333E+00
    1    7.666667E-03    1.094385E-01    1.680143E+03
    2    7.666667E-03    1.094385E-01    3.258881E+02
    3    7.666667E-03    1.094385E-01    5.668846E+01
    4    7.666667E-03    1.094385E-01    9.635421E+00
    1    7.833333E-03    1.097583E-01    1.678936E+03
    2    7.833333E-03    1.097583E-01    3.256541E+02
    3    7.833333E-03    1.097583E-01    5.664775E+01
    4    7.833333E-03    1.097583E-01    9.628502E+00
    1    8.000000E-03    1.100785E-01    1.677729E+03
    2    8.000000E-03    1.100785E-01    3.254198E+02
    3    8.000000E-03    1.100785E-01    5.660700E+01
    4    8.000000E-03    1.100785E-01    9.621575E+00
    1    8.166667E-03    1.103993E-01    1.676519E+03
    2    8.166667E-03    1.103993E-01    3.251853E+02
    3    8.166667E-03    1.103993E-01    5.656620E+01
    4    8.166667E-03    1.103993E-01    9.614641E+00
    1    8.333333E-03    1.107205E-01    1.675309E+03
    2    8.333333E-03    1.107205E-01    3.249505E+02
    3    8.333333E-03    1.107205E-01    5.652536E+01
    4    8.333333E-03    1.107205E-01    9.607699E+00
    1    8.500000E-03    1.110422E-01    1.674097E+03
    2    8.500000E-03    1.110422E-01    3.247154E+02
    3    8.500000E-03    1.110422E-01    5.648447E+01
    4    8.500000E-03    1.110422E-01    9.600750E+00
    1    8.666667E-03    1.113643E-01    1.672884E+03
    2    8.666667E-03    1.113643E-01    3.244801E+02
    3    8.666667E-03    1.113643E-01    5.644354E+01
    4    8.666667E-03    1.113643E-01    9.593792E+00
    1    8.833333E-03    1.116869E-01    1.671670E+03
    2    8.833333E-03    1.116869E-01    3.242446E+02
    3    8.833333E-03    1.116869E-01    5.640257E+01
    4    8.833333E-03    1.116869E-01    9.586828E+00
    1    9.000000E-03    1.120100E-01    1.670454E+03
    2    9.000000E-03    1.120100E-01    3.240087E+02
    3    9.000000E-03    1.120100E-01    5.636155E+01
    4    9.000000E-03    1.120100E-01    9.579856E+00
    1    9.166667E-03    1.123336E-01    1.669237E+03
    2    9.166667E-03    1.123336E-01    3.237727E+02
    3    9.166667E-03    1.123336E-01    5.632048E+01
    4    9.166667E-03    1.123336E-01    9.572876E+00
    1    9.333333E-03    1.126576E-01    1.668018E+03
    2    9.333333E-03    1.126576E-01    3.235364E+02
    3    9.333333E-03    1.126576E-01    5.627938E+01
    4    9.333333E-03    1.126576E-01    9.565889E+00
    1    9.500000E-03    1.129821E-01    1.666799E+03
    2    9.500000E-03    1.129821E-01    3.232998E+02
    3    9.500000E-03    1.129821E-01    5.623822E+01
    4    9.500000E-03    1.129821E-01    9.558894E+00
    1    9.666667E-03    1.133070E-01    1.665578E+03
    2    9.666667E-03    1.133070E-01    3.230630E+02
    3    9.666667E-03    1.133070E-01    5.619703E+01
    4    9.666667E-03    1.133070E-01    9.551892E+00
    1    9.833333E-03    1.136324E-01    1.664355E+03
    2    9.833333E-03    1.136324E-01    3.228259E+02
    3    9.833333E-03    1.136324E-01    5.615579E+01
    4    9.833333E-03    1.136324E-01    9.544882E+00
    1    1.000000E-02    1.139583E-01    1.663132E+03
    2    1.000000E-02    1.139583E-01    3.225885E+02
    3    1.000000E-02    1.139583E-01    5.611450E+01
    4    1.000000E-02    1.139583E-01    9.537865E+00
    1    1.016667E-02    1.142847E-01    1.661907E+03
    2    1.016667E-02    1.142847E-01    3.223510E+02
    3    1.016667E-02    1.142847E-01    5.607317E+01
    4    1.016667E-02    1.142847E-01    9.530840E+00
    1    1.033333E-02    1.146115E-01    1.660681E+03
    2    1.033333E-02    1.146115E-01    3.221131E+02
    3    1.033333E-02    1.146115E-01    5.603180E+01
    4    1.033333E-02    1.146115E-01    9.523808E+00
    1    1.050000E-02    1.149387E-01    1.659453E+03
    2    1.050000E-02    1.149387E-01    3.218750E+02
    3    1.050000E-02    1.149387E-01    5.599039E+01
    4    1.050000E-02    1.149387E-01    9.516768E+00
    1    1.066667E-02    1.152665E-01    1.658224E+03
    2    1.066667E-02    1.152665E-01    3.216367E+02
    3    1.066667E-02    1.152665E-01    5.594893E+01
    4    1.066667E-02    1.152665E-01    9.509721E+00
    1    1.083333E-02    1.155947E-01    1.656994E+03
    2    1.083333E-02    1.155947E-01    3.213981E+02
    3    1.083333E-02    1.155947E-01    5.590742E+01
    4    1.083333E-02    1.155947E-01    9.502667E+00
    1    1.100000E-02    1.159234E-01    1.655763E+03
    2    1.100000E-02    1.159234E-01    3.211592E+02
    3    1.100000E-02    1.159234E-01    5.586587E+01
    4    1.100000E-02    1.159234E-01    9.495605E+00
    1    1.116667E-02    1.162525E-01    1.654530E+03
    2    1.116667E-02    1.162525E-01    3.209201E+02
    3    1.116667E-02    1.162525E-01    5.582428E+01
    4    1.116667E-02    1.162525E-01    9.488536E+00
    1    1.133333E-02    1.165821E-01    1.653296E+03
    2    1.133333E-02    1.165821E-01    3.206808E+02
    3    1.133333E-02    1.165821E-01    5.578265E+01
    4    1.133333E-02    1.165821E-01    9.481459E+00
    1    1.150000E-02    1.169122E-01    1.652061E+03
    2    1.150000E-02    1.169122E-01    3.204412E+02
    3    1.150000E-02    1.169122E-01    5.574097E+01
    4    1.150000E-02    1.169122E-01    9.474375E+00
    1    1.166667E-02    1.172428E-01    1.650825E+03
    2    1.166667E-02    1.172428E-01    3.202014E+02
    3    1.166667E-02    1.172428E-01    5.569925E+01
    4    1.166667E-02    1.172428E-01    9.467284E+00
    1    1.183333E-02    1.175738E-01    1.649587E+03
    2    1.183333E-02    1.175738E-01    3.199613E+02
    3    1.183333E-02    1.175738E-01    5.565749E+01
    4    1.183333E-02    1.175738E-01    9.460185E+00
    1    1.200000E-02    1.179053E-01    1.648348E+03
    2    1.200000E-02    1.179053E-01    3.197209E+02
    3    1.200000E-02    1.179053E-01    5.561568E+01
    4    1.200000E-02    1.179053E-01    9.453079E+00
    1    1.216667E-02    1.182372E-01    1.647107E+03
    2    1.216667E-02    1.182372E-01    3.194804E+02
    3    1.216667E-02    1.182372E-01    5.557383E+01
    4    1.216667E-02    1.182372E-01    9.445966E+00
    1    1.233333E-02    1.185696E-01    1.645866E+03
    2    1.233333E-02    1.185696E-01    3.192395E+02
    3    1.233333E-02    1.185696E-01    5.553194E+01
    4    1.233333E-02    1.185696E-01    9.438845E+00
    1    1.250000E-02    1.189025E-01    1.644623E+03
    2    1.250000E-02    1.189025E-01    3.189984E+02
    3    1.250000E-02    1.189025E-01    5.549000E+01
    4    1.250000E-02    1.189025E-01    9.431717E+00
    1    1.266667E-02    1.192358E-01    1.643379E+03
    2    1.266667E-02    1.192358E-01    3.187571E+02
    3    1.266667E-02    1.192358E-01    5.544802E+01
    4    1.266667E-02    1.192358E-01    9.424582E+00
    1    1.283333E-02    1.195696E-01    1.642133E+03
    2    1.283333E-02    1.195696E-01    3.185155E+02
    3    1.283333E-02    1.195696E-01    5.540600E+01
    4    1.283333E-02    1.195696E-01    9.417440E+00
    1    1.300000E-02    1.199039E-01    1.640886E+03
    2    1.300000E-02    1.199039E-01    3.182737E+02
    3    1.300000E-02    1.199039E-01    5.536394E+01
    4    1.300000E-02    1.199039E-01    9.410290E+00
    1    1.316667E-02    1.202387E-01    1.639638E+03
    2    1.316667E-02    1.202387E-01    3.180317E+02
    3    1.316667E-02    1.202387E-01    5.532183E+01
    4    1.316667E-02    1.202387E-01    9.403133E+00
    1    1.333333E-02    1.205739E-01    1.638389E+03
    2    1.333333E-02    1.205739E-01    3.177893E+02
    3    1.333333E-02    1.205739E-01    5.527968E+01
    4    1.333333E-02    1.205739E-01    9.395969E+00
    1    1.350000E-02    1.209096E-01    1.637139E+03
    2    1.350000E-02    1.209096E-01    3.175468E+02
    3    1.350000E-02    1.209096E-01    5.523749E+01
    4    1.350000E-02    1.209096E-01    9.388797E+00
    1    1.366667E-02    1.212457E-01    1.635887E+03
    2    1.366667E-02    1.212457E-01    3.173040E+02
    3    1.366667E-02    1.212457E-01    5.519525E+01
    4    1.366667E-02    1.212457E-01    9.381618E+00
    1    1.383333E-02    1.215823E-01    1.634634E+03
    2    1.383333E-02    1.215823E-01    3.170609E+02
    3    1.383333E-02    1.215823E-01    5.515297E+01
    4    1.383333E-02    1.215823E-01    9.374432E+00
    1    1.400000E-02    1.219194E-01    1.633380E+03
    2    1.400000E-02    1.219194E-01    3.168177E+02
    3    1.400000E-02    1.219194E-01    5.511065E+01
    4    1.400000E-02    1.219194E-01    9.367239E+00
    1    1.416667E-02    1.222569E-01    1.632124E+03
    2    1.416667E-02    1.222569E-01    3.165741E+02
    3    1.416667E-02    1.222569E-01    5.506829E+01
    4    1.416667E-02    1.222569E-01    9.360039E+00
    1    1.433333E-02    1.225950E-01    1.630867E+03
    2    1.433333E-02    1.225950E-01    3.163304E+02
    3    1.433333E-02    1.225950E-01    5.502589E+01
    4    1.433333E-02    1.225950E-01    9.352831E+00
    1    1.450000E-02    1.229334E-01    1.629609E+03
    2    1.450000E-02    1.229334E-01    3.160863E+02
    3    1.450000E-02    1.229334E-01    5.498344E+01
    4    1.450000E-02    1.229334E-01    9.345616E+00
    1    1.466667E-02    1.232724E-01    1.628350E+03
    2    1.466667E-02    1.232724E-01    3.158421E+02
    3    1.466667E-02    1.232724E-01    5.494095E+01
    4    1.466667E-02    1.232724E-01    9.338395E+00
    1    1.483333E-02    1.236118E-01    1.627089E+03
    2    1.483333E-02    1.236118E-01    3.155976E+02
    3    1.483333E-02    1.236118E-01    5.489842E+01
    4    1.483333E-02    1.236118E-01    9.331165E+00
    1    1.500000E-02    1.239517E-01    1.625828E+03
    2    1.500000E-02    1.239517E-01    3.153528E+02
    3    1.500000E-02    1.239517E-01    5.485585E+01
    4    1.500000E-02    1.239517E-01    9.323929E+00
    1    1.516667E-02    1.242920E-01    1.624565E+03
    2    1.516667E-02    1.242920E-01    3.151079E+02
    3    1.516667E-02    1.242920E-01    5.481323E+01
    4    1.516667E-02    1.242920E-01    9.316686E+00
    1    1.533333E-02    1.246328E-01    1.623300E+03
    2    1.533333E-02    1.246328E-01    3.148626E+02
    3    1.533333E-02    1.246328E-01    5.477058E+01
    4    1.533333E-02    1.246328E-01    9.309436E+00
    1    1.550000E-02    1.249741E-01    1.622035E+03
    2    1.550000E-02    1.249741E-01    3.146172E+02
    3    1.550000E-02    1.249741E-01    5.472788E+01
    4    1.550000E-02    1.249741E-01    9.302178E+00
    1    1.566667E-02    1.253158E-01    1.620768E+03
    2    1.566667E-02    1.253158E-01    3.143715E+02
    3    1.566667E-02    1.253158E-01    5.468514E+01
    4    1.566667E-02    1.253158E-01    9.294914E+00
    1    1.583333E-02    1.256581E-01    1.619500E+03
    2    1.583333E-02    1.256581E-01    3.141255E+02
    3    1.583333E-02    1.256581E-01    5.464236E+01
    4    1.583333E-02    1.256581E-01    9.287642E+00
    1    1.600000E-02    1.260007E-01    1.618231E+03
    2    1.600000E-02    1.260007E-01    3.138794E+02
    3    1.600000E-02    1.260007E-01    5.459953E+01
    4    1.600000E-02    1.260007E-01    9.280363E+00
    1    1.616667E-02    1.263439E-01    1.616960E+03
    2    1.616667E-02    1.263439E-01    3.136329E+02
    3    1.616667E-02    1.263439E-01    5.455667E+01
    4    1.616667E-02    1.263439E-01    9.273077E+00
    1    1.633333E-02    1.266875E-01    1.615689E+03
    2    1.633333E-02    1.266875E-01    3.133863E+02
    3    1.633333E-02    1.266875E-01    5.451376E+01
    4    1.633333E-02    1.266875E-01    9.265785E+00
    1    1.650000E-02    1.270316E-01    1.614416E+03
    2    1.650000E-02    1.270316E-01    3.131394E+02
    3    1.650000E-02    1.270316E-01    5.447082E+01
    4    1.650000E-02    1.270316E-01    9.258485E+00
    1    1.666667E-02    1.273761E-01    1.613142E+03
    2    1.666667E-02    1.273761E-01    3.128923E+02
    3    1.666667E-02    1.273761E-01    5.442783E+01
    4    1.666667E-02    1.273761E-01    9.251178E+00
    1    1.683333E-02    1.277211E-01    1.611866E+03
    2    1.683333E-02    1.277211E-01    3.126449E+02
    3    1.683333E-02    1.277211E-01    5.438480E+01
    4    1.683333E-02    1.277211E-01    9.243864E+00
    1    1.700000E-02    1.280666E-01    1.610590E+03
    2    1.700000E-02    1.280666E-01    3.123973E+02
    3    1.700000E-02    1.280666E-01    5.434173E+01
    4    1.700000E-02    1.280666E-01    9.236543E+00
    1    1.716667E-02    1.284125E-01    1.609312E+03
    2    1.716667E-02    1.284125E-01    3.121494E+02
    3    1.716667E-02    1.284125E-01    5.429861E+01
    4    1.716667E-02    1.284125E-01    9.229215E+00
    1    1.733333E-02    1.287590E-01    1.608033E+03
    2    1.733333E-02    1.287590E-01    3.119014E+02
    3    1.733333E-02    1.287590E-01    5.425546E+01
    4    1.733333E-02    1.287590E-01    9.221881E+00
    1    1.750000E-02    1.291058E-01    1.606753E+03
    2    1.750000E-02    1.291058E-01    3.116531E+02
    3    1.750000E-02    1.291058E-01    5.421227E+01
    4    1.750000E-02    1.291058E-01    9.214539E+00
    1    1.766667E-02    1.294532E-01    1.605472E+03
    2    1.766667E-02    1.294532E-01    3.114045E+02
    3    1.766667E-02    1.294532E-01    5.416903E+01
    4    1.766667E-02    1.294532E-01    9.207190E+00
    1    1.783333E-02    1.298010E-01    1.604189E+03
    2    1.783333E-02    1.298010E-01    3.111557E+02
    3    1.783333E-02    1.298010E-01    5.412576E+01
    4    1.783333E-02    1.298010E-01    9.199834E+00
    1    1.800000E-02    1.301493E-01    1.602905E+03
    2    1.800000E-02    1.301493E-01    3.109067E+02
    3    1.800000E-02    1.301493E-01    5.408244E+01
    4    1.800000E-02    1.301493E-01    9.192472E+00
    1    1.816667E-02    1.304980E-01    1.601620E+03
    2    1.816667E-02    1.304980E-01    3.106575E+02
    3    1.816667E-02    1.304980E-01    5.403908E+01
    4    1.816667E-02    1.304980E-01    9.185102E+00
    1    1.833333E-02    1.308472E-01    1.600334E+03
    2    1.833333E-02    1.308472E-01    3.104080E+02
    3    1.833333E-02    1.308472E-01    5.399568E+01
    4    1.833333E-02    1.308472E-01    9.177726E+00
    1    1.850000E-02    1.311969E-01    1.599046E+03
    2    1.850000E-02    1.311969E-01    3.101583E+02
    3    1.850000E-02    1.311969E-01    5.395225E+01
    4    1.850000E-02    1.311969E-01    9.170343E+00
    1    1.866667E-02    1.315470E-01    1.597758E+03
    2    1.866667E-02    1.315470E-01    3.099083E+02
    3    1.866667E-02    1.315470E-01    5.390877E+01
    4    1.866667E-02    1.315470E-01    9.162953E+00
    1    1.883333E-02    1.318976E-01    1.596468E+03
    2    1.883333E-02    1.318976E-01    3.096581E+02
    3    1.883333E-02    1.318976E-01    5.386525E+01
    4    1.883333E-02    1.318976E-01    9.155556E+00
    1    1.900000E-02    1.322487E-01    1.595177E+03
    2    1.900000E-02    1.322487E-01    3.094077E+02
    3    1.900000E-02    1.322487E-01    5.382169E+01
    4    1.900000E-02    1.322487E-01    9.148152E+00
    1    1.916667E-02    1.326003E-01    1.593885E+03
    2    1.916667E-02    1.326003E-01    3.091571E+02
    3    1.916667E-02    1.326003E-01    5.377809E+01
    4    1.916667E-02    1.326003E-01    9.140741E+00
    1    1.933333E-02    1.329523E-01    1.592591E+03
    2    1.933333E-02    1.329523E-01    3.089062E+02
    3    1.933333E-02    1.329523E-01    5.373445E+01
    4    1.933333E-02    1.329523E-01    9.133324E+00
    1    1.950000E-02    1.333048E-01    1.591297E+03
    2    1.950000E-02    1.333048E-01    3.086551E+02
    3    1.950000E-02    1.333048E-01    5.369077E+01
    4    1.950000E-02    1.333048E-01    9.125899E+00
    1    1.966667E-02    1.336577E-01    1.590001E+03
    2    1.966667E-02    1.336577E-01    3.084038E+02
    3    1.966667E-02    1.336577E-01    5.364705E+01
    4    1.966667E-02    1.336577E-01    9.118468E+00
    1    1.983333E-02    1.340111E-01    1.588704E+03
    2    1.983333E-02    1.340111E-01    3.081522E+02
    3    1.983333E-02    1.340111E-01    5.360329E+01
    4    1.983333E-02    1.340111E-01    9.111030E+00
    1    2.000000E-02    1.343650E-01    1.587406E+03
    2    2.000000E-02    1.343650E-01    3.079004E+02
    3    2.000000E-02    1.343650E-01    5.355949E+01
    4    2.000000E-02    1.343650E-01    9.103585E+00
    1    2.016667E-02    1.347193E-01    1.586107E+03
    2    2.016667E-02    1.347193E-01    3.076484E+02
    3    2.016667E-02    1.347193E-01    5.351565E+01
    4    2.016667E-02    1.347193E-01    9.096134E+00
    1    2.033333E-02    1.350741E-01    1.584806E+03
    2    2.033333E-02    1.350741E-01    3.073961E+02
    3    2.033333E-02    1.350741E-01    5.347177E+01
    4    2.033333E-02    1.350741E-01    9.088676E+00
    1    2.050000E-02    1.354294E-01    1.583504E+03
    2    2.050000E-02    1.354294E-01    3.071436E+02
    3    2.050000E-02    1.354294E-01    5.342785E+01
    4    2.050000E-02    1.354294E-01    9.081211E+00
    1    2.066667E-02    1.357852E-01    1.582201E+03
    2    2.066667E-02    1.357852E-01    3.068909E+02
    3    2.066667E-02    1.357852E-01    5.338389E+01
    4    2.066667E-02    1.357852E-01    9.073739E+00
    1    2.083333E-02    1.361414E-01    1.580897E+03
    2    2.083333E-02    1.361414E-01    3.066380E+02
    3    2.083333E-02    1.361414E-01    5.333989E+01
    4    2.083333E-02    1.361414E-01    9.066261E+00
    1    2.100000E-02    1.364980E-01    1.579592E+03
    2    2.100000E-02    1.364980E-01    3.063848E+02
    3    2.100000E-02    1.364980E-01    5.329586E+01
    4    2.100000E-02    1.364980E-01    9.058775E+00
    1    2.116667E-02    1.368552E-01    1.578286E+03
    2    2.116667E-02    1.368552E-01    3.061315E+02
    3    2.116667E-02    1.368552E-01    5.325178E+01
    4    2.116667E-02    1.368552E-01    9.051284E+00
    1    2.133333E-02    1.372128E-01    1.576978E+03
    2    2.133333E-02    1.372128E-01    3.058778E+02
    3    2.133333E-02    1.372128E-01    5.320766E+01
    4    2.133333E-02    1.372128E-01    9.043785E+00
    1    2.150000E-02    1.375709E-01    1.575670E+03
    2    2.150000E-02    1.375709E-01    3.056240E+02
    3    2.150000E-02    1.375709E-01    5.316351E+01
    4    2.150000E-02    1.375709E-01    9.036280E+00
    1    2.166667E-02    1.379294E-01    1.574360E+03
    2    2.166667E-02    1.379294E-01    3.053699E+02
    3    2.166667E-02    1.379294E-01    5.311931E+01
    4    2.166667E-02    1.379294E-01    9.028768E+00
    1    2.183333E-02    1.382884E-01    1.573049E+03
    2    2.183333E-02    1.382884E-01    3.051156E+02
    3    2.183333E-02    1.382884E-01    5.307508E+01
    4    2.183333E-02    1.382884E-01    9.021250E+00
    1    2.200000E-02    1.386479E-01    1.571737E+03
    2    2.200000E-02    1.386479E-01    3.048611E+02
    3    2.200000E-02    1.386479E-01    5.303081E+01
    4    2.200000E-02    1.386479E-01    9.013724E+00
    1    2.216667E-02    1.390078E-01    1.570423E+03
    2    2.216667E-02    1.390078E-01    3.046064E+02
    3    2.216667E-02    1.390078E-01    5.298649E+01
    4    2.216667E-02    1.390078E-01    9.006193E+00
    1    2.233333E-02    1.393682E-01    1.569109E+03
    2    2.233333E-02    1.393682E-01    3.043514E+02
    3    2.233333E-02    1.393682E-01    5.294214E+01
    4    2.233333E-02    1.393682E-01    8.998654E+00
    1    2.250000E-02    1.397291E-01    1.567793E+03
    2    2.250000E-02    1.397291E-01    3.040962E+02
    3    2.250000E-02    1.397291E-01    5.289775E+01
    4    2.250000E-02    1.397291E-01    8.991109E+00
    1    2.266667E-02    1.400905E-01    1.566476E+03
    2    2.266667E-02    1.400905E-01    3.038408E+02
    3    2.266667E-02    1.400905E-01    5.285333E+01
    4    2.266667E-02    1.400905E-01    8.983558E+00
    1    2.283333E-02    1.404523E-01    1.565159E+03
    2    2.283333E-02    1.404523E-01    3.035852E+02
    3    2.283333E-02    1.404523E-01    5.280886E+01
    4    2.283333E-02    1.404523E-01    8.976000E+00
    1    2.300000E-02    1.408145E-01    1.563839E+03
    2    2.300000E-02    1.408145E-01    3.033294E+02
    3    2.300000E-02    1.408145E-01    5.276435E+01
    4    2.300000E-02    1.408145E-01    8.968435E+00
    1    2.316667E-02    1.411773E-01    1.562519E+03
    2    2.316667E-02    1.411773E-01    3.030733E+02
    3    2.316667E-02    1.411773E-01    5.271981E+01
    4    2.316667E-02    1.411773E-01    8.960864E+00
    1    2.333333E-02    1.415405E-01    1.561198E+03
    2    2.333333E-02    1.415405E-01    3.028170E+02
    3    2.333333E-02    1.415405E-01    5.267523E+01
    4    2.333333E-02    1.415405E-01    8.953286E+00
    1    2.350000E-02    1.419042E-01    1.559875E+03
    2    2.350000E-02    1.419042E-01    3.025605E+02
    3    2.350000E-02    1.419042E-01    5.263061E+01
    4    2.350000E-02    1.419042E-01    8.945702E+00
    1    2.366667E-02    1.422683E-01    1.558552E+03
    2    2.366667E-02    1.422683E-01    3.023037E+02
    3    2.366667E-02    1.422683E-01    5.258595E+01
    4    2.366667E-02    1.422683E-01    8.938111E+00
    1    2.383333E-02    1.426329E-01    1.557227E+03
    2    2.383333E-02    1.426329E-01    3.020468E+02
    3    2.383333E-02    1.426329E-01    5.254125E+01
    4    2.383333E-02    1.426329E-01    8.930514E+00
    1    2.400000E-02    1.429980E-01    1.555901E+03
    2    2.400000E-02    1.429980E-01    3.017896E+02
    3    2.400000E-02    1.429980E-01    5.249651E+01
    4    2.400000E-02    1.429980E-01    8.922910E+00
    1    2.416667E-02    1.433635E-01    1.554574E+03
    2    2.416667E-02    1.433635E-01    3.015322E+02
    3    2.416667E-02    1.433635E-01    5.245174E+01
    4    2.416667E-02    1.433635E-01    8.915300E+00
    1    2.433333E-02    1.437296E-01    1.553246E+03
    2    2.433333E-02    1.437296E-01    3.012746E+02
    3    2.433333E-02    1.437296E-01    5.240693E+01
    4    2.433333E-02    1.437296E-01    8.907683E+00
    1    2.450000E-02    1.440960E-01    1.551917E+03
    2    2.450000E-02    1.440960E-01    3.010168E+02
    3    2.450000E-02    1.440960E-01    5.236208E+01
    4    2.450000E-02    1.440960E-01    8.900060E+00
    1    2.466667E-02    1.444630E-01    1.550586E+03
    2    2.466667E-02    1.444630E-01    3.007587E+02
    3    2.466667E-02    1.444630E-01    5.231719E+01
    4    2.466667E-02    1.444630E-01    8.892430E+00
    1    2.483333E-02    1.448304E-01    1.549255E+03
    2    2.483333E-02    1.448304E-01    3.005005E+02
    3    2.483333E-02    1.448304E-01    5.227227E+01
    4    2.483333E-02    1.448304E-01    8.884794E+00
    1    2.500000E-02    1.451983E-01    1.547922E+03
    2    2.500000E-02    1.451983E-01    3.002420E+02
    3    2.500000E-02    1.451983E-01    5.222730E+01
    4    2.500000E-02    1.451983E-01    8.877152E+00
    1    2.516667E-02    1.455666E-01    1.546589E+03
    2    2.516667E-02    1.455666E-01    2.999833E+02
    3    2.516667E-02    1.455666E-01    5.218230E+01
    4    2.516667E-02    1.455666E-01    8.869503E+00
    1    2.533333E-02    1.459354E-01    1.545254E+03
    2    2.533333E-02    1.459354E-01    2.997244E+02
    3    2.533333E-02    1.459354E-01    5.213726E+01
    4    2.533333E-02    1.459354E-01    8.861848E+00
    1    2.550000E-02    1.463047E-01    1.543918E+03
    2    2.550000E-02    1.463047E-01    2.994652E+02
    3    2.550000E-02    1.463047E-01    5.209219E+01
    4    2.550000E-02    1.463047E-01    8.854186E+00
    1    2.566667E-02    1.466744E-01    1.542581E+03
    2    2.566667E-02    1.466744E-01    2.992059E+02
    3    2.566667E-02    1.466744E-01    5.204707E+01
    4    2.566667E-02    1.466744E-01    8.846518E+00
    1    2.583333E-02    1.470446E-01    1.541242E+03
    2    2.583333E-02    1.470446E-01    2.989463E+02
    3    2.583333E-02    1.470446E-01    5.200192E+01
    4    2.583333E-02    1.470446E-01    8.838844E+00
    1    2.600000E-02    1.474153E-01    1.539903E+03
    2    2.600000E-02    1.474153E-01    2.986866E+02
    3    2.600000E-02    1.474153E-01    5.195674E+01
    4    2.600000E-02    1.474153E-01    8.831163E+00
    1    2.616667E-02    1.477864E-01    1.538563E+03
    2    2.616667E-02    1.477864E-01    2.984266E+02
    3    2.616667E-02    1.477864E-01    5.191151E+01
    4    2.616667E-02    1.477864E-01    8.823476E+00
    1    2.633333E-02    1.481580E-01    1.537221E+03
    2    2.633333E-02    1.481580E-01    2.981664E+02
    3    2.633333E-02    1.481580E-01    5.186625E+01
    4    2.633333E-02    1.481580E-01    8.815783E+00
    1    2.650000E-02    1.485301E-01    1.535879E+03
    2    2.650000E-02    1.485301E-01    2.979060E+02
    3    2.650000E-02    1.485301E-01    5.182095E+01
    4    2.650000E-02    1.485301E-01    8.808083E+00
    1    2.666667E-02    1.489027E-01    1.534535E+03
    2    2.666667E-02    1.489027E-01    2.976453E+02
    3    2.666667E-02    1.489027E-01    5.177561E+01
    4    2.666667E-02    1.489027E-01    8.800377E+00
    1    2.683333E-02    1.492757E-01    1.533190E+03
    2    2.683333E-02    1.492757E-01    2.973845E+02
    3    2.683333E-02    1.492757E-01    5.173024E+01
    4    2.683333E-02    1.492757E-01    8.792665E+00
    1    2.700000E-02    1.496491E-01    1.531844E+03
    2    2.700000E-02    1.496491E-01    2.971234E+02
    3    2.700000E-02    1.496491E-01    5.168483E+01
    4    2.700000E-02    1.496491E-01    8.784947E+00
    1    2.716667E-02    1.500231E-01    1.530497E+03
    2    2.716667E-02    1.500231E-01    2.968622E+02
    3    2.716667E-02    1.500231E-01    5.163938E+01
    4    2.716667E-02    1.500231E-01    8.777222E+00
    1    2.733333E-02    1.503975E-01    1.529149E+03
    2    2.733333E-02    1.503975E-01    2.966007E+02
    3    2.733333E-02    1.503975E-01    5.159390E+01
    4    2.733333E-02    1.503975E-01    8.769491E+00
    1    2.750000E-02    1.507724E-01    1.527800E+03
    2    2.750000E-02    1.507724E-01    2.963390E+02
    3    2.750000E-02    1.507724E-01    5.154838E+01
    4    2.750000E-02    1.507724E-01    8.761754E+00
    1    2.766667E-02    1.511477E-01    1.526450E+03
    2    2.766667E-02    1.511477E-01    2.960771E+02
    3    2.766667E-02    1.511477E-01    5.150282E+01
    4    2.766667E-02    1.511477E-01    8.754011E+00
    1    2.783333E-02    1.515235E-01    1.525099E+03
    2    2.783333E-02    1.515235E-01    2.958150E+02
    3    2.783333E-02    1.515235E-01    5.145723E+01
    4    2.783333E-02    1.515235E-01    8.746261E+00
    1    2.800000E-02    1.518998E-01    1.523746E+03
    2    2.800000E-02    1.518998E-01    2.955527E+02
    3    2.800000E-02    1.518998E-01    5.141160E+01
    4    2.800000E-02    1.518998E-01    8.738506E+00
    1    2.816667E-02    1.522765E-01    1.522393E+03
    2    2.816667E-02    1.522765E-01    2.952902E+02
    3    2.816667E-02    1.522765E-01    5.136594E+01
    4    2.816667E-02    1.522765E-01    8.730744E+00
    1    2.833333E-02    1.526537E-01    1.521038E+03
    2    2.833333E-02    1.526537E-01    2.950275E+02
    3    2.833333E-02    1.526537E-01    5.132023E+01
    4    2.833333E-02    1.526537E-01    8.722976E+00
    1    2.850000E-02    1.530314E-01    1.519683E+03
    2    2.850000E-02    1.530314E-01    2.947645E+02
    3    2.850000E-02    1.530314E-01    5.127450E+01
    4    2.850000E-02    1.530314E-01    8.715202E+00
    1    2.866667E-02    1.534096E-01    1.518326E+03
    2    2.866667E-02    1.534096E-01    2.945014E+02
    3    2.866667E-02    1.534096E-01    5.122872E+01
    4    2.866667E-02    1.534096E-01    8.707421E+00
    1    2.883333E-02    1.537882E-01    1.516968E+03
    2    2.883333E-02    1.537882E-01    2.942380E+02
    3    2.883333E-02    1.537882E-01    5.118291E+01
    4    2.883333E-02    1.537882E-01    8.699635E+00
    1    2.900000E-02    1.541672E-01    1.515610E+03
    2    2.900000E-02    1.541672E-01    2.939745E+02
    3    2.900000E-02    1.541672E-01    5.113707E+01
    4    2.900000E-02    1.541672E-01    8.691842E+00
    1    2.916667E-02    1.545468E-01    1.514250E+03
    2    2.916667E-02    1.545468E-01    2.937107E+02
    3    2.916667E-02    1.545468E-01    5.109118E+01
    4    2.916667E-02    1.545468E-01    8.684044E+00
    1    2.933333E-02    1.549268E-01    1.512889E+03
    2    2.933333E-02    1.549268E-01    2.934467E+02
    3    2.933333E-02    1.549268E-01    5.104527E+01
    4    2.933333E-02    1.549268E-01    8.676239E+00
    1    2.950000E-02    1.553073E-01    1.511527E+03
    2    2.950000E-02    1.553073E-01    2.931826E+02
    3    2.950000E-02    1.553073E-01    5.099931E+01
    4    2.950000E-02    1.553073E-01    8.668428E+00
    1    2.966667E-02    1.556882E-01    1.510164E+03
    2    2.966667E-02    1.556882E-01    2.929182E+02
    3    2.966667E-02    1.556882E-01    5.095332E+01
    4    2.966667E-02    1.556882E-01    8.660612E+00
    1    2.983333E-02    1.560696E-01    1.508800E+03
    2    2.983333E-02    1.560696E-01    2.926536E+02
    3    2.983333E-02    1.560696E-01    5.090730E+01
    4    2.983333E-02    1.560696E-01    8.652789E+00
    1    3.000000E-02    1.564515E-01    1.507435E+03
    2    3.000000E-02    1.564515E-01    2.923888E+02
    3    3.000000E-02    1.564515E-01    5.086124E+01
    4    3.000000E-02    1.564515E-01    8.644960E+00
    1    3.016667E-02    1.568338E-01    1.506068E+03
    2    3.016667E-02    1.568338E-01    2.921238E+02
    3    3.016667E-02    1.568338E-01    5.081514E+01
    4    3.016667E-02    1.568338E-01    8.637125E+00
    1    3.033333E-02    1.572166E-01    1.504701E+03
    2    3.033333E-02    1.572166E-01    2.918586E+02
    3    3.033333E-02    1.572166E-01    5.076901E+01
    4    3.033333E-02    1.572166E-01    8.629284E+00
    1    3.050000E-02    1.575999E-01    1.503333E+03
    2    3.050000E-02    1.575999E-01    2.915932E+02
    3    3.050000E-02    1.575999E-01    5.072285E+01
    4    3.050000E-02    1.575999E-01    8.621437E+00
    1    3.066667E-02    1.579836E-01    1.501964E+03
    2    3.066667E-02    1.579836E-01    2.913276E+02
    3    3.066667E-02    1.579836E-01    5.067665E+01
    4    3.066667E-02    1.579836E-01    8.613584E+00
    1    3.083333E-02    1.583678E-01    1.500593E+03
    2    3.083333E-02    1.583678E-01    2.910618E+02
    3    3.083333E-02    1.583678E-01    5.063041E+01
    4    3.083333E-02    1.583678E-01    8.605725E+00
    1    3.100000E-02    1.587525E-01    1.499222E+03
    2    3.100000E-02    1.587525E-01    2.907958E+02
    3    3.100000E-02    1.587525E-01    5.058414E+01
    4    3.100000E-02    1.587525E-01    8.597861E+00
    1    3.116667E-02    1.591377E-01    1.497849E+03
    2    3.116667E-02    1.591377E-01    2.905296E+02
    3    3.116667E-02    1.591377E-01    5.053783E+01
    4    3.116667E-02    1.591377E-01    8.589990E+00
    1    3.133333E-02    1.595233E-01    1.496476E+03
    2    3.133333E-02    1.595233E-01    2.902632E+02
    3    3.133333E-02    1.595233E-01    5.049149E+01
    4    3.133333E-02    1.595233E-01    8.582113E+00
    1    3.150000E-02    1.599093E-01    1.495101E+03
    2    3.150000E-02    1.599093E-01    2.899966E+02
    3    3.150000E-02    1.599093E-01    5.044511E+01
    4    3.150000E-02    1.599093E-01    8.574231E+00
    1    3.166667E-02    1.602959E-01    1.493726E+03
    2    3.166667E-02    1.602959E-01    2.897298E+02
    3    3.166667E-02    1.602959E-01    5.039870E+01
    4    3.166667E-02    1.602959E-01    8.566342E+00
    1    3.183333E-02    1.606829E-01    1.492349E+03
    2    3.183333E-02    1.606829E-01    2.894628E+02
    3    3.183333E-02    1.606829E-01    5.035226E+01
    4    3.183333E-02    1.606829E-01    8.558448E+00
    1    3.200000E-02    1.610704E-01    1.490972E+03
    2    3.200000E-02    1.610704E-01    2.891956E+02
    3    3.200000E-02    1.610704E-01    5.030578E+01
    4    3.200000E-02    1.610704E-01    8.550547E+00
    1    3.216667E-02    1.614583E-01    1.489593E+03
    2    3.216667E-02    1.614583E-01    2.889282E+02
    3    3.216667E-02    1.614583E-01    5.025926E+01
    4    3.216667E-02    1.614583E-01    8.542641E+00
    1    3.233333E-02    1.618467E-01    1.488214E+03
    2    3.233333E-02    1.618467E-01    2.886606E+02
    3    3.233333E-02    1.618467E-01    5.021272E+01
    4    3.233333E-02    1.618467E-01    8.534729E+00
    1    3.250000E-02    1.622356E-01    1.486833E+03
    2    3.250000E-02    1.622356E-01    2.883928E+02
    3    3.250000E-02    1.622356E-01    5.016613E+01
    4    3.250000E-02    1.622356E-01    8.526812E+00
    1    3.266667E-02    1.626249E-01    1.485451E+03
    2    3.266667E-02    1.626249E-01    2.881248E+02
    3    3.266667E-02    1.626249E-01    5.011952E+01
    4    3.266667E-02    1.626249E-01    8.518888E+00
    1    3.283333E-02    1.630147E-01    1.484069E+03
    2    3.283333E-02    1.630147E-01    2.878566E+02
    3    3.283333E-02    1.630147E-01    5.007286E+01
    4    3.283333E-02    1.630147E-01    8.510959E+00
    1    3.300000E-02    1.634050E-01    1.482685E+03
    2    3.300000E-02    1.634050E-01    2.875883E+02
    3    3.300000E-02    1.634050E-01    5.002618E+01
    4    3.300000E-02    1.634050E-01    8.503023E+00
    1    3.316667E-02    1.637957E-01    1.481300E+03
    2    3.316667E-02    1.637957E-01    2.873197E+02
    3    3.316667E-02    1.637957E-01    4.997946E+01
    4    3.316667E-02    1.637957E-01    8.495083E+00
    1    3.333333E-02    1.641869E-01    1.479915E+03
    2    3.333333E-02    1.641869E-01    2.870509E+02
    3    3.333333E-02    1.641869E-01    4.993271E+01
    4    3.333333E-02    1.641869E-01    8.487136E+00
    1    3.350000E-02    1.645786E-01    1.478528E+03
    2    3.350000E-02    1.645786E-01    2.867819E+02
    3    3.350000E-02    1.645786E-01    4.988592E+01
    4    3.350000E-02    1.645786E-01    8.479183E+00
    1    3.366667E-02    1.649707E-01    1.477140E+03
    2    3.366667E-02    1.649707E-01    2.865128E+02
    3    3.366667E-02    1.649707E-01    4.983910E+01
    4    3.366667E-02    1.649707E-01    8.471225E+00
    1    3.383333E-02    1.653634E-01    1.475752E+03
    2    3.383333E-02    1.653634E-01    2.862434E+02
    3    3.383333E-02    1.653634E-01    4.979224E+01
    4    3.383333E-02    1.653634E-01    8.463261E+00
    1    3.400000E-02    1.657564E-01    1.474362E+03
    2    3.400000E-02    1.657564E-01    2.859739E+02
    3    3.400000E-02    1.657564E-01    4.974536E+01
    4    3.400000E-02    1.657564E-01    8.455291E+00
    1    3.416667E-02    1.661500E-01    1.472971E+03
    2    3.416667E-02    1.661500E-01    2.857041E+02
    3    3.416667E-02    1.661500E-01    4.969843E+01
    4    3.416667E-02    1.661500E-01    8.447316E+00
    1    3.433333E-02    1.665440E-01    1.471580E+03
    2    3.433333E-02    1.665440E-01    2.854342E+02
    3    3.433333E-02    1.665440E-01    4.965148E+01
    4    3.433333E-02    1.665440E-01    8.439335E+00
    1    3.450000E-02    1.669384E-01    1.470187E+03
    2    3.450000E-02    1.669384E-01    2.851641E+02
    3    3.450000E-02    1.669384E-01    4.960449E+01
    4    3.450000E-02    1.669384E-01    8.431348E+00
    1    3.466667E-02    1.673334E-01    1.468793E+03
    2    3.466667E-02    1.673334E-01    2.848938E+02
    3    3.466667E-02    1.673334E-01    4.955747E+01
    4    3.466667E-02    1.673334E-01    8.423356E+00
    1    3.483333E-02    1.677288E-01    1.467399E+03
    2    3.483333E-02    1.677288E-01    2.846232E+02
    3    3.483333E-02    1.677288E-01    4.951041E+01
    4    3.483333E-02    1.677288E-01    8.415358E+00
    1    3.500000E-02    1.681247E-01    1.466003E+03
    2    3.500000E-02    1.681247E-01    2.843525E+02
    3    3.500000E-02    1.681247E-01    4.946332E+01
    4    3.500000E-02    1.681247E-01    8.407354E+00
    1    3.516667E-02    1.685210E-01    1.464606E+03
    2    3.516667E-02    1.685210E-01    2.840817E+02
    3    3.516667E-02    1.685210E-01    4.941620E+01
    4    3.516667E-02    1.685210E-01    8.399345E+00
    1    3.533333E-02    1.689178E-01    1.463209E+03
    2    3.533333E-02    1.689178E-01    2.838106E+02
    3    3.533333E-02    1.689178E-01    4.936905E+01
    4    3.533333E-02    1.689178E-01    8.391330E+00
    1    3.550000E-02    1.693151E-01    1.461810E+03
    2    3.550000E-02    1.693151E-01    2.835393E+02
    3    3.550000E-02    1.693151E-01    4.932186E+01
    4    3.550000E-02    1.693151E-01    8.383310E+00
    1    3.566667E-02    1.697128E-01    1.460411E+03
    2    3.566667E-02    1.697128E-01    2.832679E+02
    3    3.566667E-02    1.697128E-01    4.927464E+01
    4    3.566667E-02    1.697128E-01    8.375283E+00
    1    3.583333E-02    1.701110E-01    1.459010E+03
    2    3.583333E-02    1.701110E-01    2.829962E+02
    3    3.583333E-02    1.701110E-01    4.922739E+01
    4    3.583333E-02    1.701110E-01    8.367252E+00
    1    3.600000E-02    1.705097E-01    1.457609E+03
    2    3.600000E-02    1.705097E-01    2.827244E+02
    3    3.600000E-02    1.705097E-01    4.918010E+01
    4    3.600000E-02    1.705097E-01    8.359215E+00
    1    3.616667E-02    1.709088E-01    1.456206E+03
    2    3.616667E-02    1.709088E-01    2.824524E+02
    3    3.616667E-02    1.709088E-01    4.913278E+01
    4    3.616667E-02    1.709088E-01    8.351172E+00
    1    3.633333E-02    1.713084E-01    1.454803E+03
    2    3.633333E-02    1.713084E-01    2.821801E+02
    3    3.633333E-02    1.713084E-01    4.908543E+01
    4    3.633333E-02    1.713084E-01    8.343124E+00
    1    3.650000E-02    1.717085E-01    1.453399E+03
    2    3.650000E-02    1.717085E-01    2.819078E+02
    3    3.650000E-02    1.717085E-01    4.903805E+01
    4    3.650000E-02    1.717085E-01    8.335070E+00
    1    3.666667E-02    1.721090E-01    1.451993E+03
    2    3.666667E-02    1.721090E-01    2.816352E+02
    3    3.666667E-02    1.721090E-01    4.899064E+01
    4    3.666667E-02    1.721090E-01    8.327011E+00
    1    3.683333E-02    1.725100E-01    1.450587E+03
    2    3.683333E-02    1.725100E-01    2.813624E+02
    3    3.683333E-02    1.725100E-01    4.894319E+01
    4    3.683333E-02    1.725100E-01    8.318946E+00
    1    3.700000E-02    1.729115E-01    1.449180E+03
    2    3.700000E-02    1.729115E-01    2.810895E+02
    3    3.700000E-02    1.729115E-01    4.889571E+01
    4    3.700000E-02    1.729115E-01    8.310876E+00
    1    3.716667E-02    1.733135E-01    1.447772E+03
    2    3.716667E-02    1.733135E-01    2.808163E+02
    3    3.716667E-02    1.733135E-01    4.884820E+01
    4    3.716667E-02    1.733135E-01    8.302800E+00
    1    3.733333E-02    1.737159E-01    1.446363E+03
    2    3.733333E-02    1.737159E-01    2.805430E+02
    3    3.733333E-02    1.737159E-01    4.880065E+01
    4    3.733333E-02    1.737159E-01    8.294719E+00
    1    3.750000E-02    1.741187E-01    1.444953E+03
    2    3.750000E-02    1.741187E-01    2.802695E+02
    3    3.750000E-02    1.741187E-01    4.875308E+01
    4    3.750000E-02    1.741187E-01    8.286632E+00
    1    3.766667E-02    1.745221E-01    1.443542E+03
    2    3.766667E-02    1.745221E-01    2.799958E+02
    3    3.766667E-02    1.745221E-01    4.870547E+01
    4    3.766667E-02    1.745221E-01    8.278540E+00
    1    3.783333E-02    1.749259E-01    1.442130E+03
    2    3.783333E-02    1.749259E-01    2.797220E+02
    3    3.783333E-02    1.749259E-01    4.865783E+01
    4    3.783333E-02    1.749259E-01    8.270443E+00
    1    3.800000E-02    1.753301E-01    1.440717E+03
    2    3.800000E-02    1.753301E-01    2.794479E+02
    3    3.800000E-02    1.753301E-01    4.861016E+01
    4    3.800000E-02    1.753301E-01    8.262340E+00
    1    3.816667E-02    1.757349E-01    1.439303E+03
    2    3.816667E-02    1.757349E-01    2.791737E+02
    3    3.816667E-02    1.757349E-01    4.856246E+01
    4    3.816667E-02    1.757349E-01    8.254232E+00
    1    3.833333E-02    1.761401E-01    1.437888E+03
    2    3.833333E-02    1.761401E-01    2.788993E+02
    3    3.833333E-02    1.761401E-01    4.851472E+01
    4    3.833333E-02    1.761401E-01    8.246119E+00
    1    3.850000E-02    1.765458E-01    1.436472E+03
    2    3.850000E-02    1.765458E-01    2.786247E+02
    3    3.850000E-02    1.765458E-01    4.846696E+01
    4    3.850000E-02    1.765458E-01    8.238000E+00
    1    3.866667E-02    1.769519E-01    1.435056E+03
    2    3.866667E-02    1.769519E-01    2.783499E+02
    3    3.866667E-02    1.769519E-01    4.841916E+01
    4    3.866667E-02    1.769519E-01    8.229876E+00
    1    3.883333E-02    1.773585E-01    1.433638E+03
    2    3.883333E-02    1.773585E-01    2.780749E+02
    3    3.883333E-02    1.773585E-01    4.837133E+01
    4    3.883333E-02    1.773585E-01    8.221746E+00
    1    3.900000E-02    1.777656E-01    1.432220E+03
    2    3.900000E-02    1.777656E-01    2.777998E+02
    3    3.900000E-02    1.777656E-01    4.832347E+01
    4    3.900000E-02    1.777656E-01    8.213612E+00
    1    3.916667E-02    1.781731E-01    1.430800E+03
    2    3.916667E-02    1.781731E-01    2.775245E+02
    3    3.916667E-02    1.781731E-01    4.827558E+01
    4    3.916667E-02    1.781731E-01    8.205471E+00
    1    3.933333E-02    1.785811E-01    1.429380E+03
    2    3.933333E-02    1.785811E-01    2.772490E+02
    3    3.933333E-02    1.785811E-01    4.822766E+01
    4    3.933333E-02    1.785811E-01    8.197326E+00
    1    3.950000E-02    1.789896E-01    1.427959E+03
    2    3.950000E-02    1.789896E-01    2.769733E+02
    3    3.950000E-02    1.789896E-01    4.817970E+01
    4    3.950000E-02    1.789896E-01    8.189176E+00
    1    3.966667E-02    1.793985E-01    1.426537E+03
    2    3.966667E-02    1.793985E-01    2.766975E+02
    3    3.966667E-02    1.793985E-01    4.813172E+01
    4    3.966667E-02    1.793985E-01    8.181020E+00
    1    3.983333E-02    1.798079E-01    1.425114E+03
    2    3.983333E-02    1.798079E-01    2.764215E+02
    3    3.983333E-02    1.798079E-01    4.808371E+01
    4    3.983333E-02    1.798079E-01    8.172859E+00
    1    4.000000E-02    1.802178E-01    1.423690E+03
    2    4.000000E-02    1.802178E-01    2.761453E+02
    3    4.000000E-02    1.802178E-01    4.803566E+01
    4    4.000000E-02    1.802178E-01    8.164692E+00
    1    4.016667E-02    1.806281E-01    1.422265E+03
    2    4.016667E-02    1.806281E-01    2.758689E+02
    3    4.016667E-02    1.806281E-01    4.798759E+01
    4    4.016667E-02    1.806281E-01    8.156521E+00
    1    4.033333E-02    1.810389E-01    1.420839E+03
    2    4.033333E-02    1.810389E-01    2.755923E+02
    3    4.033333E-02    1.810389E-01    4.793948E+01
    4    4.033333E-02    1.810389E-01    8.148344E+00
    1    4.050000E-02    1.814502E-01    1.419412E+03
    2    4.050000E-02    1.814502E-01    2.753156E+02
    3    4.050000E-02    1.814502E-01    4.789134E+01
    4    4.050000E-02    1.814502E-01    8.140162E+00
    1    4.066667E-02    1.818619E-01    1.417985E+03
    2    4.066667E-02    1.818619E-01    2.750387E+02
    3    4.066667E-02    1.818619E-01    4.784317E+01
    4    4.066667E-02    1.818619E-01    8.131975E+00
    1    4.083333E-02    1.822741E-01    1.416556E+03
    2    4.083333E-02    1.822741E-01    2.747616E+02
    3    4.083333E-02    1.822741E-01    4.779498E+01
    4    4.083333E-02    1.822741E-01    8.123783E+00
    1    4.100000E-02    1.826868E-01    1.415127E+03
    2    4.100000E-02    1.826868E-01    2.744844E+02
    3    4.100000E-02    1.826868E-01    4.774675E+01
    4    4.100000E-02    1.826868E-01    8.115585E+00
    1    4.116667E-02    1.830999E-01    1.413697E+03
    2    4.116667E-02    1.830999E-01    2.742070E+02
    3    4.116667E-02    1.830999E-01    4.769849E+01
    4    4.116667E-02    1.830999E-01    8.107383E+00
    1    4.133333E-02    1.835135E-01    1.412265E+03
    2    4.133333E-02    1.835135E-01    2.739294E+02
    3    4.133333E-02    1.835135E-01    4.765020E+01
    4    4.133333E-02    1.835135E-01    8.099175E+00
    1    4.150000E-02    1.839276E-01    1.410833E+03
    2    4.150000E-02    1.839276E-01    2.736516E+02
    3    4.150000E-02    1.839276E-01    4.760189E+01
    4    4.150000E-02    1.839276E-01    8.090963E+00
    1    4.166667E-02    1.843422E-01    1.409400E+03
    2    4.166667E-02    1.843422E-01    2.733736E+02
    3    4.166667E-02    1.843422E-01    4.755354E+01
    4    4.166667E-02    1.843422E-01    8.082745E+00
    1    4.183333E-02    1.847572E-01    1.407967E+03
    2    4.183333E-02    1.847572E-01    2.730955E+02
    3    4.183333E-02    1.847572E-01    4.750516E+01
    4    4.183333E-02    1.847572E-01    8.074522E+00
    1    4.200000E-02    1.851726E-01    1.406532E+03
    2    4.200000E-02    1.851726E-01    2.728173E+02
    3    4.200000E-02    1.851726E-01    4.745675E+01
    4    4.200000E-02    1.851726E-01    8.066294E+00
    1    4.216667E-02    1.855886E-01    1.405096E+03
    2    4.216667E-02    1.855886E-01    2.725388E+02
    3    4.216667E-02    1.855886E-01    4.740831E+01
    4    4.216667E-02    1.855886E-01    8.058061E+00
    1    4.233333E-02    1.860050E-01    1.403660E+03
    2    4.233333E-02    1.860050E-01    2.722602E+02
    3    4.233333E-02    1.860050E-01    4.735985E+01
    4    4.233333E-02    1.860050E-01    8.049823E+00
    1    4.250000E-02    1.864218E-01    1.402222E+03
    2    4.250000E-02    1.864218E-01    2.719814E+02
    3    4.250000E-02    1.864218E-01    4.731135E+01
    4    4.250000E-02    1.864218E-01    8.041580E+00
    1    4.266667E-02    1.868392E-01    1.400784E+03
    2    4.266667E-02    1.868392E-01    2.717024E+02
    3    4.266667E-02    1.868392E-01    4.726283E+01
    4    4.266667E-02    1.868392E-01    8.033332E+00
    1    4.283333E-02    1.872570E-01    1.399345E+03
    2    4.283333E-02    1.872570E-01    2.714233E+02
    3    4.283333E-02    1.872570E-01    4.721427E+01
    4    4.283333E-02    1.872570E-01    8.025079E+00
    1    4.300000E-02    1.876752E-01    1.397905E+03
    2    4.300000E-02    1.876752E-01    2.711440E+02
    3    4.300000E-02    1.876752E-01    4.716569E+01
    4    4.300000E-02    1.876752E-01    8.016821E+00
    1    4.316667E-02    1.880940E-01    1.396464E+03
    2    4.316667E-02    1.880940E-01    2.708645E+02
    3    4.316667E-02    1.880940E-01    4.711707E+01
    4    4.316667E-02    1.880940E-01    8.008559E+00
    1    4.333333E-02    1.885132E-01    1.395023E+03
    2    4.333333E-02    1.885132E-01    2.705849E+02
    3    4.333333E-02    1.885132E-01    4.706843E+01
    4    4.333333E-02    1.885132E-01    8.000291E+00
    1    4.350000E-02    1.889329E-01    1.393580E+03
    2    4.350000E-02    1.889329E-01    2.703051E+02
    3    4.350000E-02    1.889329E-01    4.701976E+01
    4    4.350000E-02    1.889329E-01    7.992018E+00
    1    4.366667E-02    1.893530E-01    1.392137E+03
    2    4.366667E-02    1.893530E-01    2.700251E+02
    3    4.366667E-02    1.893530E-01    4.697106E+01
    4    4.366667E-02    1.893530E-01    7.983740E+00
    1    4.383333E-02    1.897736E-01    1.390693E+03
    2    4.383333E-02    1.897736E-01    2.697450E+02
    3    4.383333E-02    1.897736E-01    4.692233E+01
    4    4.383333E-02    1.897736E-01    7.975458E+00
    1    4.400000E-02    1.901947E-01    1.389247E+03
    2    4.400000E-02    1.901947E-01    2.694647E+02
    3    4.400000E-02    1.901947E-01    4.687357E+01
    4    4.400000E-02    1.901947E-01    7.967170E+00
    1    4.416667E-02    1.906162E-01    1.387802E+03
    2    4.416667E-02    1.906162E-01    2.691842E+02
    3    4.416667E-02    1.906162E-01    4.682479E+01
    4    4.416667E-02    1.906162E-01    7.958878E+00
    1    4.433333E-02    1.910382E-01    1.386355E+03
    2    4.433333E-02    1.910382E-01    2.689036E+02
    3    4.433333E-02    1.910382E-01    4.677597E+01
    4    4.433333E-02    1.910382E-01    7.950581E+00
    1    4.450000E-02    1.914607E-01    1.384907E+03
    2    4.450000E-02    1.914607E-01    2.686228E+02
    3    4.450000E-02    1.914607E-01    4.672713E+01
    4    4.450000E-02    1.914607E-01    7.942279E+00
    1    4.466667E-02    1.918836E-01    1.383459E+03
    2    4.466667E-02    1.918836E-01    2.683419E+02
    3    4.466667E-02    1.918836E-01    4.667826E+01
    4    4.466667E-02    1.918836E-01    7.933972E+00
    1    4.483333E-02    1.923070E-01    1.382009E+03
    2    4.483333E-02    1.923070E-01    2.680608E+02
    3    4.483333E-02    1.923070E-01    4.662936E+01
    4    4.483333E-02    1.923070E-01    7.925661E+00
    1    4.500000E-02    1.927309E-01    1.380559E+03
    2    4.500000E-02    1.927309E-01    2.677795E+02
    3    4.500000E-02    1.927309E-01    4.658043E+01
    4    4.500000E-02    1.927309E-01    7.917344E+00
    1    4.516667E-02    1.931552E-01    1.379108E+03
    2    4.516667E-02    1.931552E-01    2.674980E+02
    3    4.516667E-02    1.931552E-01    4.653147E+01
    4    4.516667E-02    1.931552E-01    7.909023E+00
    1    4.533333E-02    1.935800E-01    1.377656E+03
    2    4.533333E-02    1.935800E-01    2.672164E+02
    3    4.533333E-02    1.935800E-01    4.648249E+01
    4    4.533333E-02    1.935800E-01    7.900697E+00
    1    4.550000E-02    1.940053E-01    1.376204E+03
    2    4.550000E-02    1.940053E-01    2.669347E+02
    3    4.550000E-02    1.940053E-01    4.643347E+01
    4    4.550000E-02    1.940053E-01    7.892366E+00
    1    4.566667E-02    1.944310E-01    1.374750E+03
    2    4.566667E-02    1.944310E-01    2.666528E+02
    3    4.566667E-02    1.944310E-01    4.638443E+01
    4    4.566667E-02    1.944310E-01    7.884031E+00
    1    4.583333E-02    1.948572E-01    1.373296E+03
    2    4.583333E-02    1.948572E-01    2.663707E+02
    3    4.583333E-02    1.948572E-01    4.633537E+01
    4    4.583333E-02    1.948572E-01    7.875691E+00
    1    4.600000E-02    1.952839E-01    1.371841E+03
    2    4.600000E-02    1.952839E-01    2.660884E+02
    3    4.600000E-02    1.952839E-01    4.628627E+01
    4    4.600000E-02    1.952839E-01    7.867346E+00
    1    4.616667E-02    1.957110E-01    1.370385E+03
    2    4.616667E-02    1.957110E-01    2.658060E+02
    3    4.616667E-02    1.957110E-01    4.623715E+01
    4    4.616667E-02    1.957110E-01    7.858996E+00
    1    4.633333E-02    1.961386E-01    1.368928E+03
    2    4.633333E-02    1.961386E-01    2.655235E+02
    3    4.633333E-02    1.961386E-01    4.618800E+01
    4    4.633333E-02    1.961386E-01    7.850642E+00
    1    4.650000E-02    1.965667E-01    1.367471E+03
    2    4.650000E-02    1.965667E-01    2.652408E+02
    3    4.650000E-02    1.965667E-01    4.613882E+01
    4    4.650000E-02    1.965667E-01    7.842283E+00
    1    4.666667E-02    1.969952E-01    1.366012E+03
    2    4.666667E-02    1.969952E-01    2.649579E+02
    3    4.666667E-02    1.969952E-01    4.608961E+01
    4    4.666667E-02    1.969952E-01    7.833919E+00
    1    4.683333E-02    1.974242E-01    1.364553E+03
    2    4.683333E-02    1.974242E-01    2.646749E+02
    3    4.683333E-02    1.974242E-01    4.604038E+01
    4    4.683333E-02    1.974242E-01    7.825551E+00
    1    4.700000E-02    1.978537E-01    1.363093E+03
    2    4.700000E-02    1.978537E-01    2.643917E+02
    3    4.700000E-02    1.978537E-01    4.599112E+01
    4    4.700000E-02    1.978537E-01    7.817178E+00
    1    4.716667E-02    1.982836E-01    1.361632E+03
    2    4.716667E-02    1.982836E-01    2.641083E+02
    3    4.716667E-02    1.982836E-01    4.594183E+01
    4    4.716667E-02    1.982836E-01    7.808801E+00
    1    4.733333E-02    1.987140E-01    1.360171E+03
    2    4.733333E-02    1.987140E-01    2.638248E+02
    3    4.733333E-02    1.987140E-01    4.589252E+01
    4    4.733333E-02    1.987140E-01    7.800419E+00
    1    4.750000E-02    1.991449E-01    1.358708E+03
    2    4.750000E-02    1.991449E-01    2.635412E+02
    3    4.750000E-02    1.991449E-01    4.584317E+01
    4    4.750000E-02    1.991449E-01    7.792032E+00
    1    4.766667E-02    1.995762E-01    1.357245E+03
    2    4.766667E-02    1.995762E-01    2.632574E+02
    3    4.766667E-02    1.995762E-01    4.579381E+01
    4    4.766667E-02    1.995762E-01    7.783641E+00
    1    4.783333E-02    2.000080E-01    1.355781E+03
    2    4.783333E-02    2.000080E-01    2.629734E+02
    3    4.783333E-02    2.000080E-01    4.574441E+01
    4    4.783333E-02    2.000080E-01    7.775245E+00
    1    4.800000E-02    2.004403E-01    1.354316E+03
    2    4.800000E-02    2.004403E-01    2.626893E+02
    3    4.800000E-02    2.004403E-01    4.569499E+01
    4    4.800000E-02    2.004403E-01    7.766845E+00
    1    4.816667E-02    2.008730E-01    1.352851E+03
    2    4.816667E-02    2.008730E-01    2.624050E+02
    3    4.816667E-02    2.008730E-01    4.564554E+01
    4    4.816667E-02    2.008730E-01    7.758440E+00
    1    4.833333E-02    2.013062E-01    1.351384E+03
    2    4.833333E-02    2.013062E-01    2.621206E+02
    3    4.833333E-02    2.013062E-01    4.559607E+01
    4    4.833333E-02    2.013062E-01    7.750031E+00
    1    4.850000E-02    2.017399E-01    1.349917E+03
    2    4.850000E-02    2.017399E-01    2.618361E+02
    3    4.850000E-02    2.017399E-01    4.554656E+01
    4    4.850000E-02    2.017399E-01    7.741617E+00
    1    4.866667E-02    2.021740E-01    1.348449E+03
    2    4.866667E-02    2.021740E-01    2.615513E+02
    3    4.866667E-02    2.021740E-01    4.549704E+01
    4    4.866667E-02    2.021740E-01    7.733199E+00
    1    4.883333E-02    2.026086E-01    1.346981E+03
    2    4.883333E-02    2.026086E-01    2.612665E+02
    3    4.883333E-02    2.026086E-01    4.544748E+01
    4    4.883333E-02    2.026086E-01    7.724776E+00
    1    4.900000E-02    2.030437E-01    1.345511E+03
    2    4.900000E-02    2.030437E-01    2.609814E+02
    3    4.900000E-02    2.030437E-01    4.539790E+01
    4    4.900000E-02    2.030437E-01    7.716349E+00
    1    4.916667E-02    2.034792E-01    1.344041E+03
    2    4.916667E-02    2.034792E-01    2.606963E+02
    3    4.916667E-02    2.034792E-01    4.534830E+01
    4    4.916667E-02    2.034792E-01    7.707917E+00
    1    4.933333E-02    2.039152E-01    1.342570E+03
    2    4.933333E-02    2.039152E-01    2.604109E+02
    3    4.933333E-02    2.039152E-01    4.529867E+01
    4    4.933333E-02    2.039152E-01    7.699481E+00
    1    4.950000E-02    2.043517E-01    1.341098E+03
    2    4.950000E-02    2.043517E-01    2.601255E+02
    3    4.950000E-02    2.043517E-01    4.524901E+01
    4    4.950000E-02    2.043517E-01    7.691040E+00
    1    4.966667E-02    2.047887E-01    1.339626E+03
    2    4.966667E-02    2.047887E-01    2.598398E+02
    3    4.966667E-02    2.047887E-01    4.519932E+01
    4    4.966667E-02    2.047887E-01    7.682596E+00
    1    4.983333E-02    2.052261E-01    1.338152E+03
    2    4.983333E-02    2.052261E-01    2.595541E+02
    3    4.983333E-02    2.052261E-01    4.514961E+01
    4    4.983333E-02    2.052261E-01    7.674146E+00
    1    5.000000E-02    2.056639E-01    1.336678E+03
    2    5.000000E-02    2.056639E-01    2.592682E+02
    3    5.000000E-02    2.056639E-01    4.509988E+01
    4    5.000000E-02    2.056639E-01    7.665693E+00
    1    5.016667E-02    2.061023E-01    1.335204E+03
    2    5.016667E-02    2.061023E-01    2.589821E+02
    3    5.016667E-02    2.061023E-01    4.505012E+01
    4    5.016667E-02    2.061023E-01    7.657235E+00
    1    5.033333E-02    2.065411E-01    1.333728E+03
    2    5.033333E-02    2.065411E-01    2.586959E+02
    3    5.033333E-02    2.065411E-01    4.500033E+01
    4    5.033333E-02    2.065411E-01    7.648773E+00
    1    5.050000E-02    2.069803E-01    1.332252E+03
    2    5.050000E-02    2.069803E-01    2.584095E+02
    3    5.050000E-02    2.069803E-01    4.495052E+01
    4    5.050000E-02    2.069803E-01    7.640306E+00
    1    5.066667E-02    2.074201E-01    1.330775E+03
    2    5.066667E-02    2.074201E-01    2.581230E+02
    3    5.066667E-02    2.074201E-01    4.490068E+01
    4    5.066667E-02    2.074201E-01    7.631835E+00
    1    5.083333E-02    2.078603E-01    1.329297E+03
    2    5.083333E-02    2.078603E-01    2.578364E+02
    3    5.083333E-02    2.078603E-01    4.485082E+01
    4    5.083333E-02    2.078603E-01    7.623360E+00
    1    5.100000E-02    2.083009E-01    1.327818E+03
    2    5.100000E-02    2.083009E-01    2.575496E+02
    3    5.100000E-02    2.083009E-01    4.480093E+01
    4    5.100000E-02    2.083009E-01    7.614881E+00
    1    5.116667E-02    2.087421E-01    1.326339E+03
    2    5.116667E-02    2.087421E-01    2.572627E+02
    3    5.116667E-02    2.087421E-01    4.475102E+01
    4    5.116667E-02    2.087421E-01    7.606397E+00
    1    5.133333E-02    2.091837E-01    1.324859E+03
    2    5.133333E-02    2.091837E-01    2.569756E+02
    3    5.133333E-02    2.091837E-01    4.470109E+01
    4    5.133333E-02    2.091837E-01    7.597909E+00
    1    5.150000E-02    2.096257E-01    1.323378E+03
    2    5.150000E-02    2.096257E-01    2.566884E+02
    3    5.150000E-02    2.096257E-01    4.465112E+01
    4    5.150000E-02    2.096257E-01    7.589417E+00
    1    5.166667E-02    2.100683E-01    1.321897E+03
    2    5.166667E-02    2.100683E-01    2.564010E+02
    3    5.166667E-02    2.100683E-01    4.460114E+01
    4    5.166667E-02    2.100683E-01    7.580921E+00
    1    5.183333E-02    2.105113E-01    1.320414E+03
    2    5.183333E-02    2.105113E-01    2.561135E+02
    3    5.183333E-02    2.105113E-01    4.455113E+01
    4    5.183333E-02    2.105113E-01    7.572420E+00
    1    5.200000E-02    2.109547E-01    1.318931E+03
    2    5.200000E-02    2.109547E-01    2.558259E+02
    3    5.200000E-02    2.109547E-01    4.450109E+01
    4    5.200000E-02    2.109547E-01    7.563916E+00
    1    5.216667E-02    2.113987E-01    1.317448E+03
    2    5.216667E-02    2.113987E-01    2.555381E+02
    3    5.216667E-02    2.113987E-01    4.445103E+01
    4    5.216667E-02    2.113987E-01    7.555407E+00
    1    5.233333E-02    2.118431E-01    1.315963E+03
    2    5.233333E-02    2.118431E-01    2.552502E+02
    3    5.233333E-02    2.118431E-01    4.440094E+01
    4    5.233333E-02    2.118431E-01    7.546894E+00
    1    5.250000E-02    2.122879E-01    1.314478E+03
    2    5.250000E-02    2.122879E-01    2.549621E+02
    3    5.250000E-02    2.122879E-01    4.435084E+01
    4    5.250000E-02    2.122879E-01    7.538377E+00
    1    5.266667E-02    2.127333E-01    1.312992E+03
    2    5.266667E-02    2.127333E-01    2.546739E+02
    3    5.266667E-02    2.127333E-01    4.430070E+01
    4    5.266667E-02    2.127333E-01    7.529856E+00
    1    5.283333E-02    2.131791E-01    1.311506E+03
    2    5.283333E-02    2.131791E-01    2.543855E+02
    3    5.283333E-02    2.131791E-01    4.425054E+01
    4    5.283333E-02    2.131791E-01    7.521330E+00
    1    5.300000E-02    2.136253E-01    1.310018E+03
    2    5.300000E-02    2.136253E-01    2.540971E+02
    3    5.300000E-02    2.136253E-01    4.420036E+01
    4    5.300000E-02    2.136253E-01    7.512801E+00
    1    5.316667E-02    2.140721E-01    1.308530E+03
    2    5.316667E-02    2.140721E-01    2.538084E+02
    3    5.316667E-02    2.140721E-01    4.415016E+01
    4    5.316667E-02    2.140721E-01    7.504267E+00
    1    5.333333E-02    2.145193E-01    1.307042E+03
    2    5.333333E-02    2.145193E-01    2.535197E+02
    3    5.333333E-02    2.145193E-01    4.409993E+01
    4    5.333333E-02    2.145193E-01    7.495730E+00
    1    5.350000E-02    2.149669E-01    1.305552E+03
    2    5.350000E-02    2.149669E-01    2.532308E+02
    3    5.350000E-02    2.149669E-01    4.404967E+01
    4    5.350000E-02    2.149669E-01    7.487188E+00
    1    5.366667E-02    2.154151E-01    1.304062E+03
    2    5.366667E-02    2.154151E-01    2.529418E+02
    3    5.366667E-02    2.154151E-01    4.399940E+01
    4    5.366667E-02    2.154151E-01    7.478643E+00
    1    5.383333E-02    2.158637E-01    1.302571E+03
    2    5.383333E-02    2.158637E-01    2.526526E+02
    3    5.383333E-02    2.158637E-01    4.394910E+01
    4    5.383333E-02    2.158637E-01    7.470093E+00
    1    5.400000E-02    2.163127E-01    1.301080E+03
    2    5.400000E-02    2.163127E-01    2.523633E+02
    3    5.400000E-02    2.163127E-01    4.389877E+01
    4    5.400000E-02    2.163127E-01    7.461539E+00
    1    5.416667E-02    2.167623E-01    1.299588E+03
    2    5.416667E-02    2.167623E-01    2.520739E+02
    3    5.416667E-02    2.167623E-01    4.384843E+01
    4    5.416667E-02    2.167623E-01    7.452982E+00
    1    5.433333E-02    2.172123E-01    1.298095E+03
    2    5.433333E-02    2.172123E-01    2.517843E+02
    3    5.433333E-02    2.172123E-01    4.379806E+01
    4    5.433333E-02    2.172123E-01    7.444420E+00
    1    5.450000E-02    2.176627E-01    1.296601E+03
    2    5.450000E-02    2.176627E-01    2.514946E+02
    3    5.450000E-02    2.176627E-01    4.374766E+01
    4    5.450000E-02    2.176627E-01    7.435855E+00
    1    5.466667E-02    2.181137E-01    1.295107E+03
    2    5.466667E-02    2.181137E-01    2.512048E+02
    3    5.466667E-02    2.181137E-01    4.369724E+01
    4    5.466667E-02    2.181137E-01    7.427285E+00
    1    5.483333E-02    2.185650E-01    1.293612E+03
    2    5.483333E-02    2.185650E-01    2.509148E+02
    3    5.483333E-02    2.185650E-01    4.364680E+01
    4    5.483333E-02    2.185650E-01    7.418712E+00
    1    5.500000E-02    2.190169E-01    1.292116E+03
    2    5.500000E-02    2.190169E-01    2.506247E+02
    3    5.500000E-02    2.190169E-01    4.359634E+01
    4    5.500000E-02    2.190169E-01    7.410135E+00
    1    5.516667E-02    2.194692E-01    1.290620E+03
    2    5.516667E-02    2.194692E-01    2.503345E+02
    3    5.516667E-02    2.194692E-01    4.354586E+01
    4    5.516667E-02    2.194692E-01    7.401553E+00
    1    5.533333E-02    2.199220E-01    1.289123E+03
    2    5.533333E-02    2.199220E-01    2.500441E+02
    3    5.533333E-02    2.199220E-01    4.349535E+01
    4    5.533333E-02    2.199220E-01    7.392968E+00
    1    5.550000E-02    2.203753E-01    1.287625E+03
    2    5.550000E-02    2.203753E-01    2.497536E+02
    3    5.550000E-02    2.203753E-01    4.344482E+01
    4    5.550000E-02    2.203753E-01    7.384379E+00
    1    5.566667E-02    2.208290E-01    1.286127E+03
    2    5.566667E-02    2.208290E-01    2.494630E+02
    3    5.566667E-02    2.208290E-01    4.339426E+01
    4    5.566667E-02    2.208290E-01    7.375787E+00
    1    5.583333E-02    2.212832E-01    1.284628E+03
    2    5.583333E-02    2.212832E-01    2.491722E+02
    3    5.583333E-02    2.212832E-01    4.334369E+01
    4    5.583333E-02    2.212832E-01    7.367190E+00
    1    5.600000E-02    2.217379E-01    1.283128E+03
    2    5.600000E-02    2.217379E-01    2.488814E+02
    3    5.600000E-02    2.217379E-01    4.329309E+01
    4    5.600000E-02    2.217379E-01    7.358590E+00
    1    5.616667E-02    2.221930E-01    1.281628E+03
    2    5.616667E-02    2.221930E-01    2.485903E+02
    3    5.616667E-02    2.221930E-01    4.324246E+01
    4    5.616667E-02    2.221930E-01    7.349986E+00
    1    5.633333E-02    2.226486E-01    1.280127E+03
    2    5.633333E-02    2.226486E-01    2.482992E+02
    3    5.633333E-02    2.226486E-01    4.319182E+01
    4    5.633333E-02    2.226486E-01    7.341378E+00
    1    5.650000E-02    2.231047E-01    1.278625E+03
    2    5.650000E-02    2.231047E-01    2.480079E+02
    3    5.650000E-02    2.231047E-01    4.314116E+01
    4    5.650000E-02    2.231047E-01    7.332766E+00
    1    5.666667E-02    2.235612E-01    1.277123E+03
    2    5.666667E-02    2.235612E-01    2.477166E+02
    3    5.666667E-02    2.235612E-01    4.309047E+01
    4    5.666667E-02    2.235612E-01    7.324150E+00
    1    5.683333E-02    2.240182E-01    1.275620E+03
    2    5.683333E-02    2.240182E-01    2.474250E+02
    3    5.683333E-02    2.240182E-01    4.303976E+01
    4    5.683333E-02    2.240182E-01    7.315531E+00
    1    5.700000E-02    2.244757E-01    1.274117E+03
    2    5.700000E-02    2.244757E-01    2.471334E+02
    3    5.700000E-02    2.244757E-01    4.298903E+01
    4    5.700000E-02    2.244757E-01    7.306908E+00
    1    5.716667E-02    2.249336E-01    1.272612E+03
    2    5.716667E-02    2.249336E-01    2.468416E+02
    3    5.716667E-02    2.249336E-01    4.293827E+01
    4    5.716667E-02    2.249336E-01    7.298282E+00
    1    5.733333E-02    2.253920E-01    1.271107E+03
    2    5.733333E-02    2.253920E-01    2.465497E+02
    3    5.733333E-02    2.253920E-01    4.288750E+01
    4    5.733333E-02    2.253920E-01    7.289651E+00
    1    5.750000E-02    2.258509E-01    1.269602E+03
    2    5.750000E-02    2.258509E-01    2.462577E+02
    3    5.750000E-02    2.258509E-01    4.283670E+01
    4    5.750000E-02    2.258509E-01    7.281017E+00
    1    5.766667E-02    2.263102E-01    1.268096E+03
    2    5.766667E-02    2.263102E-01    2.459656E+02
    3    5.766667E-02    2.263102E-01    4.278588E+01
    4    5.766667E-02    2.263102E-01    7.272380E+00
    1    5.783333E-02    2.267700E-01    1.266589E+03
    2    5.783333E-02    2.267700E-01    2.456733E+02
    3    5.783333E-02    2.267700E-01    4.273504E+01
    4    5.783333E-02    2.267700E-01    7.263738E+00
    1    5.800000E-02    2.272303E-01    1.265082E+03
    2    5.800000E-02    2.272303E-01    2.453809E+02
    3    5.800000E-02    2.272303E-01    4.268418E+01
    4    5.800000E-02    2.272303E-01    7.255094E+00
    1    5.816667E-02    2.276910E-01    1.263574E+03
    2    5.816667E-02    2.276910E-01    2.450884E+02
    3    5.816667E-02    2.276910E-01    4.263330E+01
    4    5.816667E-02    2.276910E-01    7.246445E+00
    1    5.833333E-02    2.281522E-01    1.262065E+03
    2    5.833333E-02    2.281522E-01    2.447958E+02
    3    5.833333E-02    2.281522E-01    4.258240E+01
    4    5.833333E-02    2.281522E-01    7.237793E+00
    1    5.850000E-02    2.286139E-01    1.260556E+03
    2    5.850000E-02    2.286139E-01    2.445030E+02
    3    5.850000E-02    2.286139E-01    4.253147E+01
    4    5.850000E-02    2.286139E-01    7.229137E+00
    1    5.866667E-02    2.290760E-01    1.259046E+03
    2    5.866667E-02    2.290760E-01    2.442102E+02
    3    5.866667E-02    2.290760E-01    4.248053E+01
    4    5.866667E-02    2.290760E-01    7.220478E+00
    1    5.883333E-02    2.295386E-01    1.257535E+03
    2    5.883333E-02    2.295386E-01    2.439172E+02
    3    5.883333E-02    2.295386E-01    4.242956E+01
    4    5.883333E-02    2.295386E-01    7.211815E+00
    1    5.900000E-02    2.300017E-01    1.256024E+03
    2    5.900000E-02    2.300017E-01    2.436241E+02
    3    5.900000E-02    2.300017E-01    4.237857E+01
    4    5.900000E-02    2.300017E-01    7.203149E+00
    1    5.916667E-02    2.304652E-01    1.254512E+03
    2    5.916667E-02    2.304652E-01    2.433308E+02
    3    5.916667E-02    2.304652E-01    4.232757E+01
    4    5.916667E-02    2.304652E-01    7.194479E+00
    1    5.933333E-02    2.309292E-01    1.253000E+03
    2    5.933333E-02    2.309292E-01    2.430375E+02
    3    5.933333E-02    2.309292E-01    4.227654E+01
    4    5.933333E-02    2.309292E-01    7.185806E+00
    1    5.950000E-02    2.313937E-01    1.251487E+03
    2    5.950000E-02    2.313937E-01    2.427440E+02
    3    5.950000E-02    2.313937E-01    4.222549E+01
    4    5.950000E-02    2.313937E-01    7.177129E+00
    1    5.966667E-02    2.318586E-01    1.249973E+03
    2    5.966667E-02    2.318586E-01    2.424504E+02
    3    5.966667E-02    2.318586E-01    4.217442E+01
    4    5.966667E-02    2.318586E-01    7.168449E+00
    1    5.983333E-02    2.323240E-01    1.248459E+03
    2    5.983333E-02    2.323240E-01    2.421567E+02
    3    5.983333E-02    2.323240E-01    4.212333E+01
    4    5.983333E-02    2.323240E-01    7.159765E+00
    1    6.000000E-02    2.327899E-01    1.246944E+03
    2    6.000000E-02    2.327899E-01    2.418629E+02
    3    6.000000E-02    2.327899E-01    4.207222E+01
    4    6.000000E-02    2.327899E-01    7.151078E+00
    1    6.016667E-02    2.332562E-01    1.245429E+03
    2    6.016667E-02    2.332562E-01    2.415690E+02
    3    6.016667E-02    2.332562E-01    4.202109E+01
    4    6.016667E-02    2.332562E-01    7.142387E+00
    1    6.033333E-02    2.337230E-01    1.243913E+03
    2    6.033333E-02    2.337230E-01    2.412749E+02
    3    6.033333E-02    2.337230E-01    4.196994E+01
    4    6.033333E-02    2.337230E-01    7.133693E+00
    1    6.050000E-02    2.341903E-01    1.242396E+03
    2    6.050000E-02    2.341903E-01    2.409808E+02
    3    6.050000E-02    2.341903E-01    4.191877E+01
    4    6.050000E-02    2.341903E-01    7.124996E+00
    1    6.066667E-02    2.346580E-01    1.240879E+03
    2    6.066667E-02    2.346580E-01    2.406865E+02
    3    6.066667E-02    2.346580E-01    4.186758E+01
    4    6.066667E-02    2.346580E-01    7.116295E+00
    1    6.083333E-02    2.351262E-01    1.239361E+03
    2    6.083333E-02    2.351262E-01    2.403921E+02
    3    6.083333E-02    2.351262E-01    4.181637E+01
    4    6.083333E-02    2.351262E-01    7.107591E+00
    1    6.100000E-02    2.355949E-01    1.237843E+03
    2    6.100000E-02    2.355949E-01    2.400976E+02
    3    6.100000E-02    2.355949E-01    4.176515E+01
    4    6.100000E-02    2.355949E-01    7.098883E+00
    1    6.116667E-02    2.360640E-01    1.236324E+03
    2    6.116667E-02    2.360640E-01    2.398030E+02
    3    6.116667E-02    2.360640E-01    4.171390E+01
    4    6.116667E-02    2.360640E-01    7.090173E+00
    1    6.133333E-02    2.365336E-01    1.234805E+03
    2    6.133333E-02    2.365336E-01    2.395083E+02
    3    6.133333E-02    2.365336E-01    4.166263E+01
    4    6.133333E-02    2.365336E-01    7.081459E+00
    1    6.150000E-02    2.370036E-01    1.233285E+03
    2    6.150000E-02    2.370036E-01    2.392134E+02
    3    6.150000E-02    2.370036E-01    4.161134E+01
    4    6.150000E-02    2.370036E-01    7.072741E+00
    1    6.166667E-02    2.374742E-01    1.231764E+03
    2    6.166667E-02    2.374742E-01    2.389185E+02
    3    6.166667E-02    2.374742E-01    4.156004E+01
    4    6.166667E-02    2.374742E-01    7.064021E+00
    1    6.183333E-02    2.379452E-01    1.230243E+03
    2    6.183333E-02    2.379452E-01    2.386234E+02
    3    6.183333E-02    2.379452E-01    4.150871E+01
    4    6.183333E-02    2.379452E-01    7.055297E+00
    1    6.200000E-02    2.384166E-01    1.228721E+03
    2    6.200000E-02    2.384166E-01    2.383282E+02
    3    6.200000E-02    2.384166E-01    4.145736E+01
    4    6.200000E-02    2.384166E-01    7.046569E+00
    1    6.216667E-02    2.388886E-01    1.227199E+03
    2    6.216667E-02    2.388886E-01    2.380330E+02
    3    6.216667E-02    2.388886E-01    4.140600E+01
    4    6.216667E-02    2.388886E-01    7.037839E+00
    1    6.233333E-02    2.393610E-01    1.225676E+03
    2    6.233333E-02    2.393610E-01    2.377376E+02
    3    6.233333E-02    2.393610E-01    4.135462E+01
    4    6.233333E-02    2.393610E-01    7.029105E+00
    1    6.250000E-02    2.398338E-01    1.224152E+03
    2    6.250000E-02    2.398338E-01    2.374421E+02
    3    6.250000E-02    2.398338E-01    4.130322E+01
    4    6.250000E-02    2.398338E-01    7.020369E+00
    1    6.266667E-02    2.403072E-01    1.222628E+03
    2    6.266667E-02    2.403072E-01    2.371465E+02
    3    6.266667E-02    2.403072E-01    4.125180E+01
    4    6.266667E-02    2.403072E-01    7.011629E+00
    1    6.283333E-02    2.407810E-01    1.221104E+03
    2    6.283333E-02    2.407810E-01    2.368508E+02
    3    6.283333E-02    2.407810E-01    4.120036E+01
    4    6.283333E-02    2.407810E-01    7.002886E+00
    1    6.300000E-02    2.412552E-01    1.219579E+03
    2    6.300000E-02    2.412552E-01    2.365550E+02
    3    6.300000E-02    2.412552E-01    4.114890E+01
    4    6.300000E-02    2.412552E-01    6.994139E+00
    1    6.316667E-02    2.417299E-01    1.218053E+03
    2    6.316667E-02    2.417299E-01    2.362590E+02
    3    6.316667E-02    2.417299E-01    4.109742E+01
    4    6.316667E-02    2.417299E-01    6.985390E+00
    1    6.333333E-02    2.422051E-01    1.216527E+03
    2    6.333333E-02    2.422051E-01    2.359630E+02
    3    6.333333E-02    2.422051E-01    4.104593E+01
    4    6.333333E-02    2.422051E-01    6.976637E+00
    1    6.350000E-02    2.426808E-01    1.215000E+03
    2    6.350000E-02    2.426808E-01    2.356669E+02
    3    6.350000E-02    2.426808E-01    4.099442E+01
    4    6.350000E-02    2.426808E-01    6.967882E+00
    1    6.366667E-02    2.431569E-01    1.213473E+03
    2    6.366667E-02    2.431569E-01    2.353706E+02
    3    6.366667E-02    2.431569E-01    4.094289E+01
    4    6.366667E-02    2.431569E-01    6.959123E+00
    1    6.383333E-02    2.436335E-01    1.211945E+03
    2    6.383333E-02    2.436335E-01    2.350743E+02
    3    6.383333E-02    2.436335E-01    4.089134E+01
    4    6.383333E-02    2.436335E-01    6.950361E+00
    1    6.400000E-02    2.441106E-01    1.210417E+03
    2    6.400000E-02    2.441106E-01    2.347779E+02
    3    6.400000E-02    2.441106E-01    4.083977E+01
    4    6.400000E-02    2.441106E-01    6.941596E+00
    1    6.416667E-02    2.445881E-01    1.208888E+03
    2    6.416667E-02    2.445881E-01    2.344813E+02
    3    6.416667E-02    2.445881E-01    4.078819E+01
    4    6.416667E-02    2.445881E-01    6.932828E+00
    1    6.433333E-02    2.450661E-01    1.207358E+03
    2    6.433333E-02    2.450661E-01    2.341847E+02
    3    6.433333E-02    2.450661E-01    4.073659E+01
    4    6.433333E-02    2.450661E-01    6.924058E+00
    1    6.450000E-02    2.455446E-01    1.205828E+03
    2    6.450000E-02    2.455446E-01    2.338879E+02
    3    6.450000E-02    2.455446E-01    4.068497E+01
    4    6.450000E-02    2.455446E-01    6.915284E+00
    1    6.466667E-02    2.460235E-01    1.204298E+03
    2    6.466667E-02    2.460235E-01    2.335911E+02
    3    6.466667E-02    2.460235E-01    4.063333E+01
    4    6.466667E-02    2.460235E-01    6.906507E+00
    1    6.483333E-02    2.465029E-01    1.202767E+03
    2    6.483333E-02    2.465029E-01    2.332941E+02
    3    6.483333E-02    2.465029E-01    4.058167E+01
    4    6.483333E-02    2.465029E-01    6.897727E+00
    1    6.500000E-02    2.469828E-01    1.201236E+03
    2    6.500000E-02    2.469828E-01    2.329971E+02
    3    6.500000E-02    2.469828E-01    4.053000E+01
    4    6.500000E-02    2.469828E-01    6.888944E+00
    1    6.516667E-02    2.474631E-01    1.199704E+03
    2    6.516667E-02    2.474631E-01    2.326999E+02
    3    6.516667E-02    2.474631E-01    4.047831E+01
    4    6.516667E-02    2.474631E-01    6.880158E+00
    1    6.533333E-02    2.479439E-01    1.198171E+03
    2    6.533333E-02    2.479439E-01    2.324027E+02
    3    6.533333E-02    2.479439E-01    4.042661E+01
    4    6.533333E-02    2.479439E-01    6.871370E+00
    1    6.550000E-02    2.484252E-01    1.196638E+03
    2    6.550000E-02    2.484252E-01    2.321053E+02
    3    6.550000E-02    2.484252E-01    4.037488E+01
    4    6.550000E-02    2.484252E-01    6.862578E+00
    1    6.566667E-02    2.489069E-01    1.195105E+03
    2    6.566667E-02    2.489069E-01    2.318079E+02
    3    6.566667E-02    2.489069E-01    4.032314E+01
    4    6.566667E-02    2.489069E-01    6.853784E+00
    1    6.583333E-02    2.493891E-01    1.193571E+03
    2    6.583333E-02    2.493891E-01    2.315103E+02
    3    6.583333E-02    2.493891E-01    4.027138E+01
    4    6.583333E-02    2.493891E-01    6.844986E+00
    1    6.600000E-02    2.498717E-01    1.192036E+03
    2    6.600000E-02    2.498717E-01    2.312127E+02
    3    6.600000E-02    2.498717E-01    4.021961E+01
    4    6.600000E-02    2.498717E-01    6.836186E+00
    1    6.616667E-02    2.503549E-01    1.190501E+03
    2    6.616667E-02    2.503549E-01    2.309150E+02
    3    6.616667E-02    2.503549E-01    4.016782E+01
    4    6.616667E-02    2.503549E-01    6.827383E+00
    1    6.633333E-02    2.508385E-01    1.188966E+03
    2    6.633333E-02    2.508385E-01    2.306171E+02
    3    6.633333E-02    2.508385E-01    4.011601E+01
    4    6.633333E-02    2.508385E-01    6.818577E+00
    1    6.650000E-02    2.513225E-01    1.187430E+03
    2    6.650000E-02    2.513225E-01    2.303192E+02
    3    6.650000E-02    2.513225E-01    4.006419E+01
    4    6.650000E-02    2.513225E-01    6.809769E+00
    1    6.666667E-02    2.518071E-01    1.185893E+03
    2    6.666667E-02    2.518071E-01    2.300212E+02
    3    6.666667E-02    2.518071E-01    4.001234E+01
    4    6.666667E-02    2.518071E-01    6.800957E+00
    1    6.683333E-02    2.522921E-01    1.184356E+03
    2    6.683333E-02    2.522921E-01    2.297231E+02
    3    6.683333E-02    2.522921E-01    3.996049E+01
    4    6.683333E-02    2.522921E-01    6.792143E+00
    1    6.700000E-02    2.527775E-01    1.182819E+03
    2    6.700000E-02    2.527775E-01    2.294249E+02
    3    6.700000E-02    2.527775E-01    3.990861E+01
    4    6.700000E-02    2.527775E-01    6.783326E+00
    1    6.716667E-02    2.532635E-01    1.181281E+03
    2    6.716667E-02    2.532635E-01    2.291266E+02
    3    6.716667E-02    2.532635E-01    3.985673E+01
    4    6.716667E-02    2.532635E-01    6.774506E+00
    1    6.733333E-02    2.537498E-01    1.179742E+03
    2    6.733333E-02    2.537498E-01    2.288282E+02
    3    6.733333E-02    2.537498E-01    3.980482E+01
    4    6.733333E-02    2.537498E-01    6.765684E+00
    1    6.750000E-02    2.542367E-01    1.178204E+03
    2    6.750000E-02    2.542367E-01    2.285297E+02
    3    6.750000E-02    2.542367E-01    3.975290E+01
    4    6.750000E-02    2.542367E-01    6.756859E+00
    1    6.766667E-02    2.547240E-01    1.176664E+03
    2    6.766667E-02    2.547240E-01    2.282311E+02
    3    6.766667E-02    2.547240E-01    3.970096E+01
    4    6.766667E-02    2.547240E-01    6.748031E+00
    1    6.783333E-02    2.552118E-01    1.175125E+03
    2    6.783333E-02    2.552118E-01    2.279324E+02
    3    6.783333E-02    2.552118E-01    3.964901E+01
    4    6.783333E-02    2.552118E-01    6.739200E+00
    1    6.800000E-02    2.557001E-01    1.173584E+03
    2    6.800000E-02    2.557001E-01    2.276337E+02
    3    6.800000E-02    2.557001E-01    3.959704E+01
    4    6.800000E-02    2.557001E-01    6.730367E+00
    1    6.816667E-02    2.561888E-01    1.172044E+03
    2    6.816667E-02    2.561888E-01    2.273348E+02
    3    6.816667E-02    2.561888E-01    3.954506E+01
    4    6.816667E-02    2.561888E-01    6.721531E+00
    1    6.833333E-02    2.566780E-01    1.170502E+03
    2    6.833333E-02    2.566780E-01    2.270359E+02
    3    6.833333E-02    2.566780E-01    3.949306E+01
    4    6.833333E-02    2.566780E-01    6.712693E+00
    1    6.850000E-02    2.571677E-01    1.168961E+03
    2    6.850000E-02    2.571677E-01    2.267369E+02
    3    6.850000E-02    2.571677E-01    3.944104E+01
    4    6.850000E-02    2.571677E-01    6.703852E+00
    1    6.866667E-02    2.576578E-01    1.167419E+03
    2    6.866667E-02    2.576578E-01    2.264378E+02
    3    6.866667E-02    2.576578E-01    3.938901E+01
    4    6.866667E-02    2.576578E-01    6.695008E+00
    1    6.883333E-02    2.581484E-01    1.165876E+03
    2    6.883333E-02    2.581484E-01    2.261386E+02
    3    6.883333E-02    2.581484E-01    3.933697E+01
    4    6.883333E-02    2.581484E-01    6.686162E+00
    1    6.900000E-02    2.586395E-01    1.164333E+03
    2    6.900000E-02    2.586395E-01    2.258393E+02
    3    6.900000E-02    2.586395E-01    3.928491E+01
    4    6.900000E-02    2.586395E-01    6.677313E+00
    1    6.916667E-02    2.591310E-01    1.162790E+03
    2    6.916667E-02    2.591310E-01    2.255399E+02
    3    6.916667E-02    2.591310E-01    3.923283E+01
    4    6.916667E-02    2.591310E-01    6.668462E+00
    1    6.933333E-02    2.596230E-01    1.161246E+03
    2    6.933333E-02    2.596230E-01    2.252405E+02
    3    6.933333E-02    2.596230E-01    3.918074E+01
    4    6.933333E-02    2.596230E-01    6.659608E+00
    1    6.950000E-02    2.601154E-01    1.159702E+03
    2    6.950000E-02    2.601154E-01    2.249410E+02
    3    6.950000E-02    2.601154E-01    3.912864E+01
    4    6.950000E-02    2.601154E-01    6.650752E+00
    1    6.966667E-02    2.606084E-01    1.158157E+03
    2    6.966667E-02    2.606084E-01    2.246413E+02
    3    6.966667E-02    2.606084E-01    3.907652E+01
    4    6.966667E-02    2.606084E-01    6.641893E+00
    1    6.983333E-02    2.611018E-01    1.156612E+03
    2    6.983333E-02    2.611018E-01    2.243416E+02
    3    6.983333E-02    2.611018E-01    3.902438E+01
    4    6.983333E-02    2.611018E-01    6.633032E+00
    1    7.000000E-02    2.615956E-01    1.155066E+03
    2    7.000000E-02    2.615956E-01    2.240418E+02
    3    7.000000E-02    2.615956E-01    3.897223E+01
    4    7.000000E-02    2.615956E-01    6.624168E+00
    1    7.016667E-02    2.620900E-01    1.153520E+03
    2    7.016667E-02    2.620900E-01    2.237420E+02
    3    7.016667E-02    2.620900E-01    3.892007E+01
    4    7.016667E-02    2.620900E-01    6.615302E+00
    1    7.033333E-02    2.625848E-01    1.151974E+03
    2    7.033333E-02    2.625848E-01    2.234420E+02
    3    7.033333E-02    2.625848E-01    3.886789E+01
    4    7.033333E-02    2.625848E-01    6.606433E+00
    1    7.050000E-02    2.630800E-01    1.150427E+03
    2    7.050000E-02    2.630800E-01    2.231420E+02
    3    7.050000E-02    2.630800E-01    3.881570E+01
    4    7.050000E-02    2.630800E-01    6.597562E+00
    1    7.066667E-02    2.635757E-01    1.148880E+03
    2    7.066667E-02    2.635757E-01    2.228419E+02
    3    7.066667E-02    2.635757E-01    3.876350E+01
    4    7.066667E-02    2.635757E-01    6.588689E+00
    1    7.083333E-02    2.640719E-01    1.147332E+03
    2    7.083333E-02    2.640719E-01    2.225417E+02
    3    7.083333E-02    2.640719E-01    3.871128E+01
    4    7.083333E-02    2.640719E-01    6.579813E+00
    1    7.100000E-02    2.645686E-01    1.145784E+03
    2    7.100000E-02    2.645686E-01    2.222414E+02
    3    7.100000E-02    2.645686E-01    3.865905E+01
    4    7.100000E-02    2.645686E-01    6.570935E+00
    1    7.116667E-02    2.650657E-01    1.144235E+03
    2    7.116667E-02    2.650657E-01    2.219410E+02
    3    7.116667E-02    2.650657E-01    3.860680E+01
    4    7.116667E-02    2.650657E-01    6.562055E+00
    1    7.133333E-02    2.655633E-01    1.142686E+03
    2    7.133333E-02    2.655633E-01    2.216406E+02
    3    7.133333E-02    2.655633E-01    3.855454E+01
    4    7.133333E-02    2.655633E-01    6.553172E+00
    1    7.150000E-02    2.660614E-01    1.141137E+03
    2    7.150000E-02    2.660614E-01    2.213401E+02
    3    7.150000E-02    2.660614E-01    3.850226E+01
    4    7.150000E-02    2.660614E-01    6.544287E+00
    1    7.166667E-02    2.665599E-01    1.139587E+03
    2    7.166667E-02    2.665599E-01    2.210395E+02
    3    7.166667E-02    2.665599E-01    3.844998E+01
    4    7.166667E-02    2.665599E-01    6.535399E+00
    1    7.183333E-02    2.670589E-01    1.138037E+03
    2    7.183333E-02    2.670589E-01    2.207388E+02
    3    7.183333E-02    2.670589E-01    3.839768E+01
    4    7.183333E-02    2.670589E-01    6.526510E+00
    1    7.200000E-02    2.675584E-01    1.136487E+03
    2    7.200000E-02    2.675584E-01    2.204381E+02
    3    7.200000E-02    2.675584E-01    3.834536E+01
    4    7.200000E-02    2.675584E-01    6.517618E+00
    1    7.216667E-02    2.680583E-01    1.134936E+03
    2    7.216667E-02    2.680583E-01    2.201373E+02
    3    7.216667E-02    2.680583E-01    3.829303E+01
    4    7.216667E-02    2.680583E-01    6.508724E+00
    1    7.233333E-02    2.685587E-01    1.133385E+03
    2    7.233333E-02    2.685587E-01    2.198364E+02
    3    7.233333E-02    2.685587E-01    3.824069E+01
    4    7.233333E-02    2.685587E-01    6.499827E+00
    1    7.250000E-02    2.690595E-01    1.131833E+03
    2    7.250000E-02    2.690595E-01    2.195354E+02
    3    7.250000E-02    2.690595E-01    3.818834E+01
    4    7.250000E-02    2.690595E-01    6.490929E+00
    1    7.266667E-02    2.695609E-01    1.130281E+03
    2    7.266667E-02    2.695609E-01    2.192344E+02
    3    7.266667E-02    2.695609E-01    3.813597E+01
    4    7.266667E-02    2.695609E-01    6.482028E+00
    1    7.283333E-02    2.700627E-01    1.128729E+03
    2    7.283333E-02    2.700627E-01    2.189333E+02
    3    7.283333E-02    2.700627E-01    3.808360E+01
    4    7.283333E-02    2.700627E-01    6.473125E+00
    1    7.300000E-02    2.705649E-01    1.127176E+03
    2    7.300000E-02    2.705649E-01    2.186321E+02
    3    7.300000E-02    2.705649E-01    3.803120E+01
    4    7.300000E-02    2.705649E-01    6.464220E+00
    1    7.316667E-02    2.710677E-01    1.125623E+03
    2    7.316667E-02    2.710677E-01    2.183308E+02
    3    7.316667E-02    2.710677E-01    3.797880E+01
    4    7.316667E-02    2.710677E-01    6.455313E+00
    1    7.333333E-02    2.715708E-01    1.124069E+03
    2    7.333333E-02    2.715708E-01    2.180295E+02
    3    7.333333E-02    2.715708E-01    3.792638E+01
    4    7.333333E-02    2.715708E-01    6.446403E+00
    1    7.350000E-02    2.720745E-01    1.122515E+03
    2    7.350000E-02    2.720745E-01    2.177281E+02
    3    7.350000E-02    2.720745E-01    3.787395E+01
    4    7.350000E-02    2.720745E-01    6.437492E+00
    1    7.366667E-02    2.725786E-01    1.120961E+03
    2    7.366667E-02    2.725786E-01    2.174266E+02
    3    7.366667E-02    2.725786E-01    3.782151E+01
    4    7.366667E-02    2.725786E-01    6.428578E+00
    1    7.383333E-02    2.730832E-01    1.119406E+03
    2    7.383333E-02    2.730832E-01    2.171251E+02
    3    7.383333E-02    2.730832E-01    3.776906E+01
    4    7.383333E-02    2.730832E-01    6.419663E+00
    1    7.400000E-02    2.735883E-01    1.117851E+03
    2    7.400000E-02    2.735883E-01    2.168235E+02
    3    7.400000E-02    2.735883E-01    3.771659E+01
    4    7.400000E-02    2.735883E-01    6.410745E+00
    1    7.416667E-02    2.740938E-01    1.116296E+03
    2    7.416667E-02    2.740938E-01    2.165218E+02
    3    7.416667E-02    2.740938E-01    3.766412E+01
    4    7.416667E-02    2.740938E-01    6.401825E+00
    1    7.433333E-02    2.745998E-01    1.114740E+03
    2    7.433333E-02    2.745998E-01    2.162200E+02
    3    7.433333E-02    2.745998E-01    3.761163E+01
    4    7.433333E-02    2.745998E-01    6.392904E+00
    1    7.450000E-02    2.751063E-01    1.113184E+03
    2    7.450000E-02    2.751063E-01    2.159182E+02
    3    7.450000E-02    2.751063E-01    3.755913E+01
    4    7.450000E-02    2.751063E-01    6.383980E+00
    1    7.466667E-02    2.756132E-01    1.111628E+03
    2    7.466667E-02    2.756132E-01    2.156163E+02
    3    7.466667E-02    2.756132E-01    3.750661E+01
    4    7.466667E-02    2.756132E-01    6.375054E+00
    1    7.483333E-02    2.761206E-01    1.110071E+03
    2    7.483333E-02    2.761206E-01    2.153144E+02
    3    7.483333E-02    2.761206E-01    3.745409E+01
    4    7.483333E-02    2.761206E-01    6.366127E+00
    1    7.500000E-02    2.766284E-01    1.108514E+03
    2    7.500000E-02    2.766284E-01    2.150124E+02
    3    7.500000E-02    2.766284E-01    3.740155E+01
    4    7.500000E-02    2.766284E-01    6.357197E+00
    1    7.516667E-02    2.771368E-01    1.106957E+03
    2    7.516667E-02    2.771368E-01    2.147103E+02
    3    7.516667E-02    2.771368E-01    3.734901E+01
    4    7.516667E-02    2.771368E-01    6.348266E+00
    1    7.533333E-02    2.776456E-01    1.105399E+03
    2    7.533333E-02    2.776456E-01    2.144082E+02
    3    7.533333E-02    2.776456E-01    3.729645E+01
    4    7.533333E-02    2.776456E-01    6.339332E+00
    1    7.550000E-02    2.781548E-01    1.103841E+03
    2    7.550000E-02    2.781548E-01    2.141059E+02
    3    7.550000E-02    2.781548E-01    3.724388E+01
    4    7.550000E-02    2.781548E-01    6.330397E+00
    1    7.566667E-02    2.786646E-01    1.102282E+03
    2    7.566667E-02    2.786646E-01    2.138037E+02
    3    7.566667E-02    2.786646E-01    3.719130E+01
    4    7.566667E-02    2.786646E-01    6.321460E+00
    1    7.583333E-02    2.791747E-01    1.100724E+03
    2    7.583333E-02    2.791747E-01    2.135013E+02
    3    7.583333E-02    2.791747E-01    3.713871E+01
    4    7.583333E-02    2.791747E-01    6.312521E+00
    1    7.600000E-02    2.796854E-01    1.099165E+03
    2    7.600000E-02    2.796854E-01    2.131989E+02
    3    7.600000E-02    2.796854E-01    3.708610E+01
    4    7.600000E-02    2.796854E-01    6.303580E+00
    1    7.616667E-02    2.801965E-01    1.097605E+03
    2    7.616667E-02    2.801965E-01    2.128965E+02
    3    7.616667E-02    2.801965E-01    3.703349E+01
    4    7.616667E-02    2.801965E-01    6.294637E+00
    1    7.633333E-02    2.807081E-01    1.096046E+03
    2    7.633333E-02    2.807081E-01    2.125940E+02
    3    7.633333E-02    2.807081E-01    3.698087E+01
    4    7.633333E-02    2.807081E-01    6.285693E+00
    1    7.650000E-02    2.812202E-01    1.094486E+03
    2    7.650000E-02    2.812202E-01    2.122914E+02
    3    7.650000E-02    2.812202E-01    3.692823E+01
    4    7.650000E-02    2.812202E-01    6.276746E+00
    1    7.666667E-02    2.817327E-01    1.092925E+03
    2    7.666667E-02    2.817327E-01    2.119887E+02
    3    7.666667E-02    2.817327E-01    3.687559E+01
    4    7.666667E-02    2.817327E-01    6.267798E+00
    1    7.683333E-02    2.822457E-01    1.091365E+03
    2    7.683333E-02    2.822457E-01    2.116860E+02
    3    7.683333E-02    2.822457E-01    3.682293E+01
    4    7.683333E-02    2.822457E-01    6.258849E+00
    1    7.700000E-02    2.827592E-01    1.089804E+03
    2    7.700000E-02    2.827592E-01    2.113833E+02
    3    7.700000E-02    2.827592E-01    3.677027E+01
    4    7.700000E-02    2.827592E-01    6.249897E+00
    1    7.716667E-02    2.832731E-01    1.088243E+03
    2    7.716667E-02    2.832731E-01    2.110805E+02
    3    7.716667E-02    2.832731E-01    3.671759E+01
    4    7.716667E-02    2.832731E-01    6.240944E+00
    1    7.733333E-02    2.837875E-01    1.086681E+03
    2    7.733333E-02    2.837875E-01    2.107776E+02
    3    7.733333E-02    2.837875E-01    3.666491E+01
    4    7.733333E-02    2.837875E-01    6.231989E+00
    1    7.750000E-02    2.843023E-01    1.085119E+03
    2    7.750000E-02    2.843023E-01    2.104747E+02
    3    7.750000E-02    2.843023E-01    3.661221E+01
    4    7.750000E-02    2.843023E-01    6.223032E+00
    1    7.766667E-02    2.848177E-01    1.083557E+03
    2    7.766667E-02    2.848177E-01    2.101717E+02
    3    7.766667E-02    2.848177E-01    3.655951E+01
    4    7.766667E-02    2.848177E-01    6.214074E+00
    1    7.783333E-02    2.853335E-01    1.081995E+03
    2    7.783333E-02    2.853335E-01    2.098686E+02
    3    7.783333E-02    2.853335E-01    3.650679E+01
    4    7.783333E-02    2.853335E-01    6.205114E+00
    1    7.800000E-02    2.858497E-01    1.080432E+03
    2    7.800000E-02    2.858497E-01    2.095655E+02
    3    7.800000E-02    2.858497E-01    3.645407E+01
    4    7.800000E-02    2.858497E-01    6.196152E+00
    1    7.816667E-02    2.863664E-01    1.078869E+03
    2    7.816667E-02    2.863664E-01    2.092624E+02
    3    7.816667E-02    2.863664E-01    3.640134E+01
    4    7.816667E-02    2.863664E-01    6.187189E+00
    1    7.833333E-02    2.868836E-01    1.077306E+03
    2    7.833333E-02    2.868836E-01    2.089592E+02
    3    7.833333E-02    2.868836E-01    3.634859E+01
    4    7.833333E-02    2.868836E-01    6.178224E+00
    1    7.850000E-02    2.874013E-01    1.075743E+03
    2    7.850000E-02    2.874013E-01    2.086559E+02
    3    7.850000E-02    2.874013E-01    3.629584E+01
    4    7.850000E-02    2.874013E-01    6.169258E+00
    1    7.866667E-02    2.879194E-01    1.074179E+03
    2    7.866667E-02    2.879194E-01    2.083526E+02
    3    7.866667E-02    2.879194E-01    3.624308E+01
    4    7.866667E-02    2.879194E-01    6.160290E+00
    1    7.883333E-02    2.884380E-01    1.072615E+03
    2    7.883333E-02    2.884380E-01    2.080492E+02
    3    7.883333E-02    2.884380E-01    3.619031E+01
    4    7.883333E-02    2.884380E-01    6.151320E+00
    1    7.900000E-02    2.889571E-01    1.071051E+03
    2    7.900000E-02    2.889571E-01    2.077458E+02
    3    7.900000E-02    2.889571E-01    3.613753E+01
    4    7.900000E-02    2.889571E-01    6.142349E+00
    1    7.916667E-02    2.894766E-01    1.069486E+03
    2    7.916667E-02    2.894766E-01    2.074423E+02
    3    7.916667E-02    2.894766E-01    3.608474E+01
    4    7.916667E-02    2.894766E-01    6.133376E+00
    1    7.933333E-02    2.899966E-01    1.067921E+03
    2    7.933333E-02    2.899966E-01    2.071388E+02
    3    7.933333E-02    2.899966E-01    3.603194E+01
    4    7.933333E-02    2.899966E-01    6.124402E+00
    1    7.950000E-02    2.905170E-01    1.066356E+03
    2    7.950000E-02    2.905170E-01    2.068352E+02
    3    7.950000E-02    2.905170E-01    3.597914E+01
    4    7.950000E-02    2.905170E-01    6.115427E+00
    1    7.966667E-02    2.910380E-01    1.064791E+03
    2    7.966667E-02    2.910380E-01    2.065316E+02
    3    7.966667E-02    2.910380E-01    3.592632E+01
    4    7.966667E-02    2.910380E-01    6.106450E+00
    1    7.983333E-02    2.915594E-01    1.063225E+03
    2    7.983333E-02    2.915594E-01    2.062280E+02
    3    7.983333E-02    2.915594E-01    3.587350E+01
    4    7.983333E-02    2.915594E-01    6.097471E+00
    1    8.000000E-02    2.920812E-01    1.061659E+03
    2    8.000000E-02    2.920812E-01    2.059242E+02
    3    8.000000E-02    2.920812E-01    3.582067E+01
    4    8.000000E-02    2.920812E-01    6.088492E+00
    1    8.016667E-02    2.926035E-01    1.060093E+03
    2    8.016667E-02    2.926035E-01    2.056205E+02
    3    8.016667E-02    2.926035E-01    3.576783E+01
    4    8.016667E-02    2.926035E-01    6.079510E+00
    1    8.033333E-02    2.931263E-01    1.058527E+03
    2    8.033333E-02    2.931263E-01    2.053167E+02
    3    8.033333E-02    2.931263E-01    3.571498E+01
    4    8.033333E-02    2.931263E-01    6.070528E+00
    1    8.050000E-02    2.936496E-01    1.056960E+03
    2    8.050000E-02    2.936496E-01    2.050128E+02
    3    8.050000E-02    2.936496E-01    3.566212E+01
    4    8.050000E-02    2.936496E-01    6.061544E+00
    1    8.066667E-02    2.941733E-01    1.055394E+03
    2    8.066667E-02    2.941733E-01    2.047089E+02
    3    8.066667E-02    2.941733E-01    3.560926E+01
    4    8.066667E-02    2.941733E-01    6.052558E+00
    1    8.083333E-02    2.946975E-01    1.053827E+03
    2    8.083333E-02    2.946975E-01    2.044050E+02
    3    8.083333E-02    2.946975E-01    3.555639E+01
    4    8.083333E-02    2.946975E-01    6.043572E+00
    1    8.100000E-02    2.952222E-01    1.052259E+03
    2    8.100000E-02    2.952222E-01    2.041010E+02
    3    8.100000E-02    2.952222E-01    3.550351E+01
    4    8.100000E-02    2.952222E-01    6.034584E+00
    1    8.116667E-02    2.957473E-01    1.050692E+03
    2    8.116667E-02    2.957473E-01    2.037969E+02
    3    8.116667E-02    2.957473E-01    3.545062E+01
    4    8.116667E-02    2.957473E-01    6.025594E+00
    1    8.133333E-02    2.962729E-01    1.049124E+03
    2    8.133333E-02    2.962729E-01    2.034929E+02
    3    8.133333E-02    2.962729E-01    3.539773E+01
    4    8.133333E-02    2.962729E-01    6.016604E+00
    1    8.150000E-02    2.967989E-01    1.047556E+03
    2    8.150000E-02    2.967989E-01    2.031887E+02
    3    8.150000E-02    2.967989E-01    3.534482E+01
    4    8.150000E-02    2.967989E-01    6.007612E+00
    1    8.166667E-02    2.973255E-01    1.045988E+03
    2    8.166667E-02    2.973255E-01    2.028846E+02
    3    8.166667E-02    2.973255E-01    3.529192E+01
    4    8.166667E-02    2.973255E-01    5.998619E+00
    1    8.183333E-02    2.978525E-01    1.044420E+03
    2    8.183333E-02    2.978525E-01    2.025804E+02
    3    8.183333E-02    2.978525E-01    3.523900E+01
    4    8.183333E-02    2.978525E-01    5.989625E+00
    1    8.200000E-02    2.983799E-01    1.042851E+03
    2    8.200000E-02    2.983799E-01    2.022761E+02
    3    8.200000E-02    2.983799E-01    3.518607E+01
    4    8.200000E-02    2.983799E-01    5.980629E+00
    1    8.216667E-02    2.989078E-01    1.041283E+03
    2    8.216667E-02    2.989078E-01    2.019718E+02
    3    8.216667E-02    2.989078E-01    3.513314E+01
    4    8.216667E-02    2.989078E-01    5.971632E+00
    1    8.233333E-02    2.994362E-01    1.039714E+03
    2    8.233333E-02    2.994362E-01    2.016675E+02
    3    8.233333E-02    2.994362E-01    3.508021E+01
    4    8.233333E-02    2.994362E-01    5.962635E+00
    1    8.250000E-02    2.999651E-01    1.038144E+03
    2    8.250000E-02    2.999651E-01    2.013632E+02
    3    8.250000E-02    2.999651E-01    3.502726E+01
    4    8.250000E-02    2.999651E-01    5.953635E+00
    1    8.266667E-02    3.004944E-01    1.036575E+03
    2    8.266667E-02    3.004944E-01    2.010588E+02
    3    8.266667E-02    3.004944E-01    3.497431E+01
    4    8.266667E-02    3.004944E-01    5.944635E+00
    1    8.283333E-02    3.010242E-01    1.035005E+03
    2    8.283333E-02    3.010242E-01    2.007543E+02
    3    8.283333E-02    3.010242E-01    3.492135E+01
    4    8.283333E-02    3.010242E-01    5.935634E+00
    1    8.300000E-02    3.015545E-01    1.033436E+03
    2    8.300000E-02    3.015545E-01    2.004498E+02
    3    8.300000E-02    3.015545E-01    3.486839E+01
    4    8.300000E-02    3.015545E-01    5.926632E+00
    1    8.316667E-02    3.020852E-01    1.031866E+03
    2    8.316667E-02    3.020852E-01    2.001453E+02
    3    8.316667E-02    3.020852E-01    3.481542E+01
    4    8.316667E-02    3.020852E-01    5.917628E+00
    1    8.333333E-02    3.026164E-01    1.030296E+03
    2    8.333333E-02    3.026164E-01    1.998408E+02
    3    8.333333E-02    3.026164E-01    3.476244E+01
    4    8.333333E-02    3.026164E-01    5.908624E+00
    1    8.350000E-02    3.031480E-01    1.028725E+03
    2    8.350000E-02    3.031480E-01    1.995362E+02
    3    8.350000E-02    3.031480E-01    3.470946E+01
    4    8.350000E-02    3.031480E-01    5.899618E+00
    1    8.366667E-02    3.036802E-01    1.027155E+03
    2    8.366667E-02    3.036802E-01    1.992316E+02
    3    8.366667E-02    3.036802E-01    3.465647E+01
    4    8.366667E-02    3.036802E-01    5.890612E+00
    1    8.383333E-02    3.042127E-01    1.025584E+03
    2    8.383333E-02    3.042127E-01    1.989269E+02
    3    8.383333E-02    3.042127E-01    3.460348E+01
    4    8.383333E-02    3.042127E-01    5.881604E+00
    1    8.400000E-02    3.047458E-01    1.024013E+03
    2    8.400000E-02    3.047458E-01    1.986222E+02
    3    8.400000E-02    3.047458E-01    3.455048E+01
    4    8.400000E-02    3.047458E-01    5.872595E+00
    1    8.416667E-02    3.052793E-01    1.022442E+03
    2    8.416667E-02    3.052793E-01    1.983175E+02
    3    8.416667E-02    3.052793E-01    3.449747E+01
    4    8.416667E-02    3.052793E-01    5.863586E+00
    1    8.433333E-02    3.058133E-01    1.020871E+03
    2    8.433333E-02    3.058133E-01    1.980128E+02
    3    8.433333E-02    3.058133E-01    3.444446E+01
    4    8.433333E-02    3.058133E-01    5.854575E+00
    1    8.450000E-02    3.063478E-01    1.019300E+03
    2    8.450000E-02    3.063478E-01    1.977080E+02
    3    8.450000E-02    3.063478E-01    3.439144E+01
    4    8.450000E-02    3.063478E-01    5.845564E+00
    1    8.466667E-02    3.068827E-01    1.017728E+03
    2    8.466667E-02    3.068827E-01    1.974032E+02
    3    8.466667E-02    3.068827E-01    3.433842E+01
    4    8.466667E-02    3.068827E-01    5.836552E+00
    1    8.483333E-02    3.074181E-01    1.016157E+03
    2    8.483333E-02    3.074181E-01    1.970983E+02
    3    8.483333E-02    3.074181E-01    3.428539E+01
    4    8.483333E-02    3.074181E-01    5.827538E+00
    1    8.500000E-02    3.079539E-01    1.014585E+03
    2    8.500000E-02    3.079539E-01    1.967934E+02
    3    8.500000E-02    3.079539E-01    3.423236E+01
    4    8.500000E-02    3.079539E-01    5.818524E+00
    1    8.516667E-02    3.084903E-01    1.013013E+03
    2    8.516667E-02    3.084903E-01    1.964885E+02
    3    8.516667E-02    3.084903E-01    3.417932E+01
    4    8.516667E-02    3.084903E-01    5.809509E+00
    1    8.533333E-02    3.090271E-01    1.011441E+03
    2    8.533333E-02    3.090271E-01    1.961836E+02
    3    8.533333E-02    3.090271E-01    3.412627E+01
    4    8.533333E-02    3.090271E-01    5.800493E+00
    1    8.550000E-02    3.095643E-01    1.009868E+03
    2    8.550000E-02    3.095643E-01    1.958786E+02
    3    8.550000E-02    3.095643E-01    3.407323E+01
    4    8.550000E-02    3.095643E-01    5.791477E+00
    1    8.566667E-02    3.101020E-01    1.008296E+03
    2    8.566667E-02    3.101020E-01    1.955737E+02
    3    8.566667E-02    3.101020E-01    3.402017E+01
    4    8.566667E-02    3.101020E-01    5.782459E+00
    1    8.583333E-02    3.106402E-01    1.006724E+03
    2    8.583333E-02    3.106402E-01    1.952686E+02
    3    8.583333E-02    3.106402E-01    3.396712E+01
    4    8.583333E-02    3.106402E-01    5.773441E+00
    1    8.600000E-02    3.111789E-01    1.005151E+03
    2    8.600000E-02    3.111789E-01    1.949636E+02
    3    8.600000E-02    3.111789E-01    3.391405E+01
    4    8.600000E-02    3.111789E-01    5.764422E+00
    1    8.616667E-02    3.117180E-01    1.003578E+03
    2    8.616667E-02    3.117180E-01    1.946585E+02
    3    8.616667E-02    3.117180E-01    3.386099E+01
    4    8.616667E-02    3.117180E-01    5.755402E+00
    1    8.633333E-02    3.122576E-01    1.002005E+03
    2    8.633333E-02    3.122576E-01    1.943534E+02
    3    8.633333E-02    3.122576E-01    3.380792E+01
    4    8.633333E-02    3.122576E-01    5.746381E+00
    1    8.650000E-02    3.127976E-01    1.000432E+03
    2    8.650000E-02    3.127976E-01    1.940483E+02
    3    8.650000E-02    3.127976E-01    3.375484E+01
    4    8.650000E-02    3.127976E-01    5.737360E+00
    1    8.666667E-02    3.133382E-01    9.988589E+02
    2    8.666667E-02    3.133382E-01    1.937432E+02
    3    8.666667E-02    3.133382E-01    3.370176E+01
    4    8.666667E-02    3.133382E-01    5.728338E+00
    1    8.683333E-02    3.138792E-01    9.972856E+02
    2    8.683333E-02    3.138792E-01    1.934380E+02
    3    8.683333E-02    3.138792E-01    3.364868E+01
    4    8.683333E-02    3.138792E-01    5.719316E+00
    1    8.700000E-02    3.144206E-01    9.957122E+02
    2    8.700000E-02    3.144206E-01    1.931328E+02
    3    8.700000E-02    3.144206E-01    3.359559E+01
    4    8.700000E-02    3.144206E-01    5.710292E+00
    1    8.716667E-02    3.149625E-01    9.941387E+02
    2    8.716667E-02    3.149625E-01    1.928276E+02
    3    8.716667E-02    3.149625E-01    3.354250E+01
    4    8.716667E-02    3.149625E-01    5.701268E+00
    1    8.733333E-02    3.155049E-01    9.925651E+02
    2    8.733333E-02    3.155049E-01    1.925224E+02
    3    8.733333E-02    3.155049E-01    3.348941E+01
    4    8.733333E-02    3.155049E-01    5.692244E+00
    1    8.750000E-02    3.160478E-01    9.909914E+02
    2    8.750000E-02    3.160478E-01    1.922172E+02
    3    8.750000E-02    3.160478E-01    3.343631E+01
    4    8.750000E-02    3.160478E-01    5.683219E+00
    1    8.766667E-02    3.165911E-01    9.894175E+02
    2    8.766667E-02    3.165911E-01    1.919119E+02
    3    8.766667E-02    3.165911E-01    3.338321E+01
    4    8.766667E-02    3.165911E-01    5.674193E+00
    1    8.783333E-02    3.171349E-01    9.878436E+02
    2    8.783333E-02    3.171349E-01    1.916066E+02
    3    8.783333E-02    3.171349E-01    3.333010E+01
    4    8.783333E-02    3.171349E-01    5.665166E+00
    1    8.800000E-02    3.176792E-01    9.862696E+02
    2    8.800000E-02    3.176792E-01    1.913013E+02
    3    8.800000E-02    3.176792E-01    3.327699E+01
    4    8.800000E-02    3.176792E-01    5.656140E+00
    1    8.816667E-02    3.182239E-01    9.846954E+02
    2    8.816667E-02    3.182239E-01    1.909960E+02
    3    8.816667E-02    3.182239E-01    3.322388E+01
    4    8.816667E-02    3.182239E-01    5.647112E+00
    1    8.833333E-02    3.187691E-01    9.831212E+02
    2    8.833333E-02    3.187691E-01    1.906906E+02
    3    8.833333E-02    3.187691E-01    3.317077E+01
    4    8.833333E-02    3.187691E-01    5.638084E+00
    1    8.850000E-02    3.193147E-01    9.815469E+02
    2    8.850000E-02    3.193147E-01    1.903853E+02
    3    8.850000E-02    3.193147E-01    3.311765E+01
    4    8.850000E-02    3.193147E-01    5.629056E+00
    1    8.866667E-02    3.198608E-01    9.799725E+02
    2    8.866667E-02    3.198608E-01    1.900799E+02
    3    8.866667E-02    3.198608E-01    3.306453E+01
    4    8.866667E-02    3.198608E-01    5.620027E+00
    1    8.883333E-02    3.204074E-01    9.783981E+02
    2    8.883333E-02    3.204074E-01    1.897745E+02
    3    8.883333E-02    3.204074E-01    3.301141E+01
    4    8.883333E-02    3.204074E-01    5.610998E+00
    1    8.900000E-02    3.209545E-01    9.768235E+02
    2    8.900000E-02    3.209545E-01    1.894691E+02
    3    8.900000E-02    3.209545E-01    3.295828E+01
    4    8.900000E-02    3.209545E-01    5.601968E+00
    1    8.916667E-02    3.215020E-01    9.752489E+02
    2    8.916667E-02    3.215020E-01    1.891637E+02
    3    8.916667E-02    3.215020E-01    3.290515E+01
    4    8.916667E-02    3.215020E-01    5.592938E+00
    1    8.933333E-02    3.220500E-01    9.736742E+02
    2    8.933333E-02    3.220500E-01    1.888582E+02
    3    8.933333E-02    3.220500E-01    3.285202E+01
    4    8.933333E-02    3.220500E-01    5.583907E+00
    1    8.950000E-02    3.225985E-01    9.720995E+02
    2    8.950000E-02    3.225985E-01    1.885528E+02
    3    8.950000E-02    3.225985E-01    3.279889E+01
    4    8.950000E-02    3.225985E-01    5.574876E+00
    1    8.966667E-02    3.231474E-01    9.705247E+02
    2    8.966667E-02    3.231474E-01    1.882473E+02
    3    8.966667E-02    3.231474E-01    3.274576E+01
    4    8.966667E-02    3.231474E-01    5.565845E+00
    1    8.983333E-02    3.236968E-01    9.689498E+02
    2    8.983333E-02    3.236968E-01    1.879419E+02
    3    8.983333E-02    3.236968E-01    3.269262E+01
    4    8.983333E-02    3.236968E-01    5.556813E+00
    1    9.000000E-02    3.242466E-01    9.673749E+02
    2    9.000000E-02    3.242466E-01    1.876364E+02
    3    9.000000E-02    3.242466E-01    3.263948E+01
    4    9.000000E-02    3.242466E-01    5.547781E+00
    1    9.016667E-02    3.247969E-01    9.657999E+02
    2    9.016667E-02    3.247969E-01    1.873309E+02
    3    9.016667E-02    3.247969E-01    3.258634E+01
    4    9.016667E-02    3.247969E-01    5.538748E+00
    1    9.033333E-02    3.253477E-01    9.642248E+02
    2    9.033333E-02    3.253477E-01    1.870254E+02
    3    9.033333E-02    3.253477E-01    3.253320E+01
    4    9.033333E-02    3.253477E-01    5.529716E+00
    1    9.050000E-02    3.258990E-01    9.626498E+02
    2    9.050000E-02    3.258990E-01    1.867199E+02
    3    9.050000E-02    3.258990E-01    3.248006E+01
    4    9.050000E-02    3.258990E-01    5.520683E+00
    1    9.066667E-02    3.264507E-01    9.610746E+02
    2    9.066667E-02    3.264507E-01    1.864144E+02
    3    9.066667E-02    3.264507E-01    3.242691E+01
    4    9.066667E-02    3.264507E-01    5.511650E+00
    1    9.083333E-02    3.270029E-01    9.594995E+02
    2    9.083333E-02    3.270029E-01    1.861088E+02
    3    9.083333E-02    3.270029E-01    3.237376E+01
    4    9.083333E-02    3.270029E-01    5.502616E+00
    1    9.100000E-02    3.275555E-01    9.579243E+02
    2    9.100000E-02    3.275555E-01    1.858033E+02
    3    9.100000E-02    3.275555E-01    3.232062E+01
    4    9.100000E-02    3.275555E-01    5.493583E+00
    1    9.116667E-02    3.281087E-01    9.563490E+02
    2    9.116667E-02    3.281087E-01    1.854978E+02
    3    9.116667E-02    3.281087E-01    3.226747E+01
    4    9.116667E-02    3.281087E-01    5.484549E+00
    1    9.133333E-02    3.286623E-01    9.547738E+02
    2    9.133333E-02    3.286623E-01    1.851922E+02
    3    9.133333E-02    3.286623E-01    3.221432E+01
    4    9.133333E-02    3.286623E-01    5.475515E+00
    1    9.150000E-02    3.292163E-01    9.531985E+02
    2    9.150000E-02    3.292163E-01    1.848867E+02
    3    9.150000E-02    3.292163E-01    3.216117E+01
    4    9.150000E-02    3.292163E-01    5.466481E+00
    1    9.166667E-02    3.297708E-01    9.516231E+02
    2    9.166667E-02    3.297708E-01    1.845811E+02
    3    9.166667E-02    3.297708E-01    3.210801E+01
    4    9.166667E-02    3.297708E-01    5.457446E+00
    1    9.183333E-02    3.303258E-01    9.500478E+02
    2    9.183333E-02    3.303258E-01    1.842756E+02
    3    9.183333E-02    3.303258E-01    3.205486E+01
    4    9.183333E-02    3.303258E-01    5.448412E+00
    1    9.200000E-02    3.308813E-01    9.484724E+02
    2    9.200000E-02    3.308813E-01    1.839700E+02
    3    9.200000E-02    3.308813E-01    3.200171E+01
    4    9.200000E-02    3.308813E-01    5.439378E+00
    1    9.216667E-02    3.314372E-01    9.468971E+02
    2    9.216667E-02    3.314372E-01    1.836644E+02
    3    9.216667E-02    3.314372E-01    3.194855E+01
    4    9.216667E-02    3.314372E-01    5.430343E+00
    1    9.233333E-02    3.319936E-01    9.453217E+02
    2    9.233333E-02    3.319936E-01    1.833589E+02
    3    9.233333E-02    3.319936E-01    3.189540E+01
    4    9.233333E-02    3.319936E-01    5.421308E+00
    1    9.250000E-02    3.325504E-01    9.437463E+02
    2    9.250000E-02    3.325504E-01    1.830533E+02
    3    9.250000E-02    3.325504E-01    3.184225E+01
    4    9.250000E-02    3.325504E-01    5.412274E+00
    1    9.266667E-02    3.331078E-01    9.421709E+02
    2    9.266667E-02    3.331078E-01    1.827477E+02
    3    9.266667E-02    3.331078E-01    3.178909E+01
    4    9.266667E-02    3.331078E-01    5.403239E+00
    1    9.283333E-02    3.336655E-01    9.405955E+02
    2    9.283333E-02    3.336655E-01    1.824421E+02
    3    9.283333E-02    3.336655E-01    3.173594E+01
    4    9.283333E-02    3.336655E-01    5.394204E+00
    1    9.300000E-02    3.342238E-01    9.390201E+02
    2    9.300000E-02    3.342238E-01    1.821366E+02
    3    9.300000E-02    3.342238E-01    3.168278E+01
    4    9.300000E-02    3.342238E-01    5.385169E+00
    1    9.316667E-02    3.347825E-01    9.374447E+02
    2    9.316667E-02    3.347825E-01    1.818310E+02
    3    9.316667E-02    3.347825E-01    3.162963E+01
    4    9.316667E-02    3.347825E-01    5.376135E+00
    1    9.333333E-02    3.353417E-01    9.358693E+02
    2    9.333333E-02    3.353417E-01    1.815254E+02
    3    9.333333E-02    3.353417E-01    3.157647E+01
    4    9.333333E-02    3.353417E-01    5.367100E+00
    1    9.350000E-02    3.359014E-01    9.342939E+02
    2    9.350000E-02    3.359014E-01    1.812199E+02
    3    9.350000E-02    3.359014E-01    3.152332E+01
    4    9.350000E-02    3.359014E-01    5.358065E+00
    1    9.366667E-02    3.364615E-01    9.327186E+02
    2    9.366667E-02    3.364615E-01    1.809143E+02
    3    9.366667E-02    3.364615E-01    3.147017E+01
    4    9.366667E-02    3.364615E-01    5.349031E+00
    1    9.383333E-02    3.370221E-01    9.311432E+02
    2    9.383333E-02    3.370221E-01    1.806087E+02
    3    9.383333E-02    3.370221E-01    3.141702E+01
    4    9.383333E-02    3.370221E-01    5.339997E+00
    1    9.400000E-02    3.375831E-01    9.295679E+02
    2    9.400000E-02    3.375831E-01    1.803032E+02
    3    9.400000E-02    3.375831E-01    3.136386E+01
    4    9.400000E-02    3.375831E-01    5.330962E+00
    1    9.416667E-02    3.381446E-01    9.279926E+02
    2    9.416667E-02    3.381446E-01    1.799976E+02
    3    9.416667E-02    3.381446E-01    3.131071E+01
    4    9.416667E-02    3.381446E-01    5.321928E+00
    1    9.433333E-02    3.387066E-01    9.264173E+02
    2    9.433333E-02    3.387066E-01    1.796921E+02
    3    9.433333E-02    3.387066E-01    3.125756E+01
    4    9.433333E-02    3.387066E-01    5.312894E+00
    1    9.450000E-02    3.392691E-01    9.248421E+02
    2    9.450000E-02    3.392691E-01    1.793865E+02
    3    9.450000E-02    3.392691E-01    3.120441E+01
    4    9.450000E-02    3.392691E-01    5.303860E+00
    1    9.466667E-02    3.398320E-01    9.232669E+02
    2    9.466667E-02    3.398320E-01    1.790810E+02
    3    9.466667E-02    3.398320E-01    3.115127E+01
    4    9.466667E-02    3.398320E-01    5.294827E+00
    1    9.483333E-02    3.403954E-01    9.216918E+02
    2    9.483333E-02    3.403954E-01    1.787755E+02
    3    9.483333E-02    3.403954E-01    3.109812E+01
    4    9.483333E-02    3.403954E-01    5.285793E+00
    1    9.500000E-02    3.409593E-01    9.201166E+02
    2    9.500000E-02    3.409593E-01    1.784700E+02
    3    9.500000E-02    3.409593E-01    3.104498E+01
    4    9.500000E-02    3.409593E-01    5.276760E+00
    1    9.516667E-02    3.415236E-01    9.185416E+02
    2    9.516667E-02    3.415236E-01    1.781645E+02
    3    9.516667E-02    3.415236E-01    3.099183E+01
    4    9.516667E-02    3.415236E-01    5.267728E+00
    1    9.533333E-02    3.420884E-01    9.169665E+02
    2    9.533333E-02    3.420884E-01    1.778590E+02
    3    9.533333E-02    3.420884E-01    3.093869E+01
    4    9.533333E-02    3.420884E-01    5.258695E+00
    1    9.550000E-02    3.426536E-01    9.153916E+02
    2    9.550000E-02    3.426536E-01    1.775535E+02
    3    9.550000E-02    3.426536E-01    3.088555E+01
    4    9.550000E-02    3.426536E-01    5.249663E+00
    1    9.566667E-02    3.432193E-01    9.138167E+02
    2    9.566667E-02    3.432193E-01    1.772480E+02
    3    9.566667E-02    3.432193E-01    3.083241E+01
    4    9.566667E-02    3.432193E-01    5.240631E+00
    1    9.583333E-02    3.437855E-01    9.122418E+02
    2    9.583333E-02    3.437855E-01    1.769425E+02
    3    9.583333E-02    3.437855E-01    3.077928E+01
    4    9.583333E-02    3.437855E-01    5.231599E+00
    1    9.600000E-02    3.443522E-01    9.106670E+02
    2    9.600000E-02    3.443522E-01    1.766371E+02
    3    9.600000E-02    3.443522E-01    3.072614E+01
    4    9.600000E-02    3.443522E-01    5.222568E+00
    1    9.616667E-02    3.449193E-01    9.090923E+02
    2    9.616667E-02    3.449193E-01    1.763316E+02
    3    9.616667E-02    3.449193E-01    3.067301E+01
    4    9.616667E-02    3.449193E-01    5.213537E+00
    1    9.633333E-02    3.454869E-01    9.075176E+02
    2    9.633333E-02    3.454869E-01    1.760262E+02
    3    9.633333E-02    3.454869E-01    3.061988E+01
    4    9.633333E-02    3.454869E-01    5.204506E+00
    1    9.650000E-02    3.460549E-01    9.059430E+02
    2    9.650000E-02    3.460549E-01    1.757208E+02
    3    9.650000E-02    3.460549E-01    3.056675E+01
    4    9.650000E-02    3.460549E-01    5.195476E+00
    1    9.666667E-02    3.466235E-01    9.043685E+02
    2    9.666667E-02    3.466235E-01    1.754154E+02
    3    9.666667E-02    3.466235E-01    3.051363E+01
    4    9.666667E-02    3.466235E-01    5.186447E+00
    1    9.683333E-02    3.471924E-01    9.027941E+02
    2    9.683333E-02    3.471924E-01    1.751100E+02
    3    9.683333E-02    3.471924E-01    3.046051E+01
    4    9.683333E-02    3.471924E-01    5.177418E+00
    1    9.700000E-02    3.477619E-01    9.012197E+02
    2    9.700000E-02    3.477619E-01    1.748046E+02
    3    9.700000E-02    3.477619E-01    3.040739E+01
    4    9.700000E-02    3.477619E-01    5.168389E+00
    1    9.716667E-02    3.483318E-01    8.996455E+02
    2    9.716667E-02    3.483318E-01    1.744993E+02
    3    9.716667E-02    3.483318E-01    3.035427E+01
    4    9.716667E-02    3.483318E-01    5.159361E+00
    1    9.733333E-02    3.489022E-01    8.980713E+02
    2    9.733333E-02    3.489022E-01    1.741940E+02
    3    9.733333E-02    3.489022E-01    3.030116E+01
    4    9.733333E-02    3.489022E-01    5.150333E+00
    1    9.750000E-02    3.494731E-01    8.964972E+02
    2    9.750000E-02    3.494731E-01    1.738886E+02
    3    9.750000E-02    3.494731E-01    3.024805E+01
    4    9.750000E-02    3.494731E-01    5.141306E+00
    1    9.766667E-02    3.500444E-01    8.949232E+02
    2    9.766667E-02    3.500444E-01    1.735833E+02
    3    9.766667E-02    3.500444E-01    3.019494E+01
    4    9.766667E-02    3.500444E-01    5.132279E+00
    1    9.783333E-02    3.506162E-01    8.933493E+02
    2    9.783333E-02    3.506162E-01    1.732781E+02
    3    9.783333E-02    3.506162E-01    3.014184E+01
    4    9.783333E-02    3.506162E-01    5.123253E+00
    1    9.800000E-02    3.511884E-01    8.917755E+02
    2    9.800000E-02    3.511884E-01    1.729728E+02
    3    9.800000E-02    3.511884E-01    3.008874E+01
    4    9.800000E-02    3.511884E-01    5.114227E+00
    1    9.816667E-02    3.517611E-01    8.902018E+02
    2    9.816667E-02    3.517611E-01    1.726676E+02
    3    9.816667E-02    3.517611E-01    3.003564E+01
    4    9.816667E-02    3.517611E-01    5.105203E+00
    1    9.833333E-02    3.523343E-01    8.886283E+02
    2    9.833333E-02    3.523343E-01    1.723623E+02
    3    9.833333E-02    3.523343E-01    2.998255E+01
    4    9.833333E-02    3.523343E-01    5.096178E+00
    1    9.850000E-02    3.529080E-01    8.870548E+02
    2    9.850000E-02    3.529080E-01    1.720571E+02
    3    9.850000E-02    3.529080E-01    2.992946E+01
    4    9.850000E-02    3.529080E-01    5.087155E+00
    1    9.866667E-02    3.534821E-01    8.854815E+02
    2    9.866667E-02    3.534821E-01    1.717520E+02
    3    9.866667E-02    3.534821E-01    2.987638E+01
    4    9.866667E-02    3.534821E-01    5.078132E+00
    1    9.883333E-02    3.540567E-01    8.839082E+02
    2    9.883333E-02    3.540567E-01    1.714468E+02
    3    9.883333E-02    3.540567E-01    2.982330E+01
    4    9.883333E-02    3.540567E-01    5.069109E+00
    1    9.900000E-02    3.546317E-01    8.823351E+02
    2    9.900000E-02    3.546317E-01    1.711417E+02
    3    9.900000E-02    3.546317E-01    2.977022E+01
    4    9.900000E-02    3.546317E-01    5.060088E+00
    1    9.916667E-02    3.552072E-01    8.807622E+02
    2    9.916667E-02    3.552072E-01    1.708366E+02
    3    9.916667E-02    3.552072E-01    2.971715E+01
    4    9.916667E-02    3.552072E-01    5.051067E+00
    1    9.933333E-02    3.557832E-01    8.791893E+02
    2    9.933333E-02    3.557832E-01    1.705315E+02
    3    9.933333E-02    3.557832E-01    2.966408E+01
    4    9.933333E-02    3.557832E-01    5.042047E+00
    1    9.950000E-02    3.563597E-01    8.776166E+02
    2    9.950000E-02    3.563597E-01    1.702265E+02
    3    9.950000E-02    3.563597E-01    2.961101E+01
    4    9.950000E-02    3.563597E-01    5.033028E+00
    1    9.966667E-02    3.569366E-01    8.760440E+02
    2    9.966667E-02    3.569366E-01    1.699214E+02
    3    9.966667E-02    3.569366E-01    2.955795E+01
    4    9.966667E-02    3.569366E-01    5.024009E+00
    1    9.983333E-02    3.575140E-01    8.744716E+02
    2    9.983333E-02    3.575140E-01    1.696165E+02
    3    9.983333E-02    3.575140E-01    2.950490E+01
    4    9.983333E-02    3.575140E-01    5.014991E+00
    1    1.000000E-01    3.580918E-01    8.728993E+02
    2    1.000000E-01    3.580918E-01    1.693115E+02
    3    1.000000E-01    3.580918E-01    2.945185E+01
    4    1.000000E-01    3.580918E-01    5.005974E+00
    1    1.001667E-01    3.586702E-01    8.713271E+02
    2    1.001667E-01    3.586702E-01    1.690065E+02
    3    1.001667E-01    3.586702E-01    2.939881E+01
    4    1.001667E-01    3.586702E-01    4.996958E+00
    1    1.003333E-01    3.592489E-01    8.697552E+02
    2    1.003333E-01    3.592489E-01    1.687016E+02
    3    1.003333E-01    3.592489E-01    2.934577E+01
    4    1.003333E-01    3.592489E-01    4.987943E+00
    1    1.005000E-01    3.598282E-01    8.681833E+02
    2    1.005000E-01    3.598282E-01    1.683967E+02
    3    1.005000E-01    3.598282E-01    2.929273E+01
    4    1.005000E-01    3.598282E-01    4.978929E+00
    1    1.006667E-01    3.604079E-01    8.666116E+02
    2    1.006667E-01    3.604079E-01    1.680919E+02
    3    1.006667E-01    3.604079E-01    2.923970E+01
    4    1.006667E-01    3.604079E-01    4.969915E+00
    1    1.008333E-01    3.609881E-01    8.650401E+02
    2    1.008333E-01    3.609881E-01    1.677871E+02
    3    1.008333E-01    3.609881E-01    2.918668E+01
    4    1.008333E-01    3.609881E-01    4.960903E+00
    1    1.010000E-01    3.615688E-01    8.634687E+02
    2    1.010000E-01    3.615688E-01    1.674823E+02
    3    1.010000E-01    3.615688E-01    2.913366E+01
    4    1.010000E-01    3.615688E-01    4.951891E+00
    1    1.011667E-01    3.621499E-01    8.618975E+02
    2    1.011667E-01    3.621499E-01    1.671775E+02
    3    1.011667E-01    3.621499E-01    2.908065E+01
    4    1.011667E-01    3.621499E-01    4.942881E+00
    1    1.013333E-01    3.627315E-01    8.603265E+02
    2    1.013333E-01    3.627315E-01    1.668728E+02
    3    1.013333E-01    3.627315E-01    2.902764E+01
    4    1.013333E-01    3.627315E-01    4.933871E+00
    1    1.015000E-01    3.633135E-01    8.587557E+02
    2    1.015000E-01    3.633135E-01    1.665681E+02
    3    1.015000E-01    3.633135E-01    2.897464E+01
    4    1.015000E-01    3.633135E-01    4.924863E+00
    1    1.016667E-01    3.638960E-01    8.571850E+02
    2    1.016667E-01    3.638960E-01    1.662635E+02
    3    1.016667E-01    3.638960E-01    2.892165E+01
    4    1.016667E-01    3.638960E-01    4.915855E+00
    1    1.018333E-01    3.644790E-01    8.556145E+02
    2    1.018333E-01    3.644790E-01    1.659588E+02
    3    1.018333E-01    3.644790E-01    2.886866E+01
    4    1.018333E-01    3.644790E-01    4.906848E+00
    1    1.020000E-01    3.650625E-01    8.540442E+02
    2    1.020000E-01    3.650625E-01    1.656543E+02
    3    1.020000E-01    3.650625E-01    2.881568E+01
    4    1.020000E-01    3.650625E-01    4.897843E+00
    1    1.021667E-01    3.656464E-01    8.524741E+02
    2    1.021667E-01    3.656464E-01    1.653497E+02
    3    1.021667E-01    3.656464E-01    2.876270E+01
    4    1.021667E-01    3.656464E-01    4.888838E+00
    1    1.023333E-01    3.662308E-01    8.509042E+02
    2    1.023333E-01    3.662308E-01    1.650452E+02
    3    1.023333E-01    3.662308E-01    2.870973E+01
    4    1.023333E-01    3.662308E-01    4.879835E+00
    1    1.025000E-01    3.668156E-01    8.493344E+02
    2    1.025000E-01    3.668156E-01    1.647407E+02
    3    1.025000E-01    3.668156E-01    2.865677E+01
    4    1.025000E-01    3.668156E-01    4.870833E+00
    1    1.026667E-01    3.674009E-01    8.477649E+02
    2    1.026667E-01    3.674009E-01    1.644363E+02
    3    1.026667E-01    3.674009E-01    2.860381E+01
    4    1.026667E-01    3.674009E-01    4.861832E+00
    1    1.028333E-01    3.679867E-01    8.461956E+02
    2    1.028333E-01    3.679867E-01    1.641319E+02
    3    1.028333E-01    3.679867E-01    2.855086E+01
    4    1.028333E-01    3.679867E-01    4.852832E+00
    1    1.030000E-01    3.685730E-01    8.446265E+02
    2    1.030000E-01    3.685730E-01    1.638276E+02
    3    1.030000E-01    3.685730E-01    2.849792E+01
    4    1.030000E-01    3.685730E-01    4.843833E+00
    1    1.031667E-01    3.691597E-01    8.430576E+02
    2    1.031667E-01    3.691597E-01    1.635232E+02
    3    1.031667E-01    3.691597E-01    2.844498E+01
    4    1.031667E-01    3.691597E-01    4.834836E+00
    1    1.033333E-01    3.697469E-01    8.414889E+02
    2    1.033333E-01    3.697469E-01    1.632190E+02
    3    1.033333E-01    3.697469E-01    2.839205E+01
    4    1.033333E-01    3.697469E-01    4.825839E+00
    1    1.035000E-01    3.703345E-01    8.399204E+02
    2    1.035000E-01    3.703345E-01    1.629147E+02
    3    1.035000E-01    3.703345E-01    2.833913E+01
    4    1.035000E-01    3.703345E-01    4.816844E+00
    1    1.036667E-01    3.709226E-01    8.383521E+02
    2    1.036667E-01    3.709226E-01    1.626106E+02
    3    1.036667E-01    3.709226E-01    2.828622E+01
    4    1.036667E-01    3.709226E-01    4.807850E+00
    1    1.038333E-01    3.715112E-01    8.367841E+02
    2    1.038333E-01    3.715112E-01    1.623064E+02
    3    1.038333E-01    3.715112E-01    2.823331E+01
    4    1.038333E-01    3.715112E-01    4.798858E+00
    1    1.040000E-01    3.721003E-01    8.352162E+02
    2    1.040000E-01    3.721003E-01    1.620023E+02
    3    1.040000E-01    3.721003E-01    2.818041E+01
    4    1.040000E-01    3.721003E-01    4.789867E+00
    1    1.041667E-01    3.726898E-01    8.336487E+02
    2    1.041667E-01    3.726898E-01    1.616983E+02
    3    1.041667E-01    3.726898E-01    2.812752E+01
    4    1.041667E-01    3.726898E-01    4.780877E+00
    1    1.043333E-01    3.732798E-01    8.320813E+02
    2    1.043333E-01    3.732798E-01    1.613942E+02
    3    1.043333E-01    3.732798E-01    2.807464E+01
    4    1.043333E-01    3.732798E-01    4.771888E+00
    1    1.045000E-01    3.738702E-01    8.305142E+02
    2    1.045000E-01    3.738702E-01    1.610903E+02
    3    1.045000E-01    3.738702E-01    2.802177E+01
    4    1.045000E-01    3.738702E-01    4.762901E+00
    1    1.046667E-01    3.744611E-01    8.289473E+02
    2    1.046667E-01    3.744611E-01    1.607864E+02
    3    1.046667E-01    3.744611E-01    2.796890E+01
    4    1.046667E-01    3.744611E-01    4.753915E+00
    1    1.048333E-01    3.750525E-01    8.273807E+02
    2    1.048333E-01    3.750525E-01    1.604825E+02
    3    1.048333E-01    3.750525E-01    2.791604E+01
    4    1.048333E-01    3.750525E-01    4.744931E+00
    1    1.050000E-01    3.756444E-01    8.258143E+02
    2    1.050000E-01    3.756444E-01    1.601787E+02
    3    1.050000E-01    3.756444E-01    2.786319E+01
    4    1.050000E-01    3.756444E-01    4.735948E+00
    1    1.051667E-01    3.762367E-01    8.242482E+02
    2    1.051667E-01    3.762367E-01    1.598749E+02
    3    1.051667E-01    3.762367E-01    2.781035E+01
    4    1.051667E-01    3.762367E-01    4.726966E+00
    1    1.053333E-01    3.768295E-01    8.226823E+02
    2    1.053333E-01    3.768295E-01    1.595712E+02
    3    1.053333E-01    3.768295E-01    2.775752E+01
    4    1.053333E-01    3.768295E-01    4.717986E+00
    1    1.055000E-01    3.774227E-01    8.211167E+02
    2    1.055000E-01    3.774227E-01    1.592675E+02
    3    1.055000E-01    3.774227E-01    2.770469E+01
    4    1.055000E-01    3.774227E-01    4.709007E+00
    1    1.056667E-01    3.780164E-01    8.195513E+02
    2    1.056667E-01    3.780164E-01    1.589639E+02
    3    1.056667E-01    3.780164E-01    2.765188E+01
    4    1.056667E-01    3.780164E-01    4.700030E+00
    1    1.058333E-01    3.786106E-01    8.179862E+02
    2    1.058333E-01    3.786106E-01    1.586603E+02
    3    1.058333E-01    3.786106E-01    2.759907E+01
    4    1.058333E-01    3.786106E-01    4.691054E+00
    1    1.060000E-01    3.792053E-01    8.164214E+02
    2    1.060000E-01    3.792053E-01    1.583568E+02
    3    1.060000E-01    3.792053E-01    2.754627E+01
    4    1.060000E-01    3.792053E-01    4.682080E+00
    1    1.061667E-01    3.798004E-01    8.148568E+02
    2    1.061667E-01    3.798004E-01    1.580533E+02
    3    1.061667E-01    3.798004E-01    2.749348E+01
    4    1.061667E-01    3.798004E-01    4.673108E+00
    1    1.063333E-01    3.803960E-01    8.132926E+02
    2    1.063333E-01    3.803960E-01    1.577499E+02
    3    1.063333E-01    3.803960E-01    2.744070E+01
    4    1.063333E-01    3.803960E-01    4.664137E+00
    1    1.065000E-01    3.809920E-01    8.117286E+02
    2    1.065000E-01    3.809920E-01    1.574465E+02
    3    1.065000E-01    3.809920E-01    2.738793E+01
    4    1.065000E-01    3.809920E-01    4.655168E+00
    1    1.066667E-01    3.815886E-01    8.101648E+02
    2    1.066667E-01    3.815886E-01    1.571432E+02
    3    1.066667E-01    3.815886E-01    2.733517E+01
    4    1.066667E-01    3.815886E-01    4.646200E+00
    1    1.068333E-01    3.821855E-01    8.086014E+02
    2    1.068333E-01    3.821855E-01    1.568400E+02
    3    1.068333E-01    3.821855E-01    2.728242E+01
    4    1.068333E-01    3.821855E-01    4.637234E+00
    1    1.070000E-01    3.827830E-01    8.070383E+02
    2    1.070000E-01    3.827830E-01    1.565368E+02
    3    1.070000E-01    3.827830E-01    2.722968E+01
    4    1.070000E-01    3.827830E-01    4.628269E+00
    1    1.071667E-01    3.833809E-01    8.054754E+02
    2    1.071667E-01    3.833809E-01    1.562336E+02
    3    1.071667E-01    3.833809E-01    2.717695E+01
    4    1.071667E-01    3.833809E-01    4.619307E+00
    1    1.073333E-01    3.839793E-01    8.039129E+02
    2    1.073333E-01    3.839793E-01    1.559306E+02
    3    1.073333E-01    3.839793E-01    2.712423E+01
    4    1.073333E-01    3.839793E-01    4.610345E+00
    1    1.075000E-01    3.845781E-01    8.023506E+02
    2    1.075000E-01    3.845781E-01    1.556275E+02
    3    1.075000E-01    3.845781E-01    2.707152E+01
    4    1.075000E-01    3.845781E-01    4.601386E+00
    1    1.076667E-01    3.851774E-01    8.007887E+02
    2    1.076667E-01    3.851774E-01    1.553246E+02
    3    1.076667E-01    3.851774E-01    2.701882E+01
    4    1.076667E-01    3.851774E-01    4.592429E+00
    1    1.078333E-01    3.857772E-01    7.992270E+02
    2    1.078333E-01    3.857772E-01    1.550217E+02
    3    1.078333E-01    3.857772E-01    2.696613E+01
    4    1.078333E-01    3.857772E-01    4.583473E+00
    1    1.080000E-01    3.863775E-01    7.976657E+02
    2    1.080000E-01    3.863775E-01    1.547188E+02
    3    1.080000E-01    3.863775E-01    2.691345E+01
    4    1.080000E-01    3.863775E-01    4.574519E+00
    1    1.081667E-01    3.869782E-01    7.961047E+02
    2    1.081667E-01    3.869782E-01    1.544161E+02
    3    1.081667E-01    3.869782E-01    2.686078E+01
    4    1.081667E-01    3.869782E-01    4.565567E+00
    1    1.083333E-01    3.875794E-01    7.945440E+02
    2    1.083333E-01    3.875794E-01    1.541133E+02
    3    1.083333E-01    3.875794E-01    2.680812E+01
    4    1.083333E-01    3.875794E-01    4.556616E+00
    1    1.085000E-01    3.881810E-01    7.929836E+02
    2    1.085000E-01    3.881810E-01    1.538107E+02
    3    1.085000E-01    3.881810E-01    2.675548E+01
    4    1.085000E-01    3.881810E-01    4.547668E+00
    1    1.086667E-01    3.887831E-01    7.914236E+02
    2    1.086667E-01    3.887831E-01    1.535081E+02
    3    1.086667E-01    3.887831E-01    2.670284E+01
    4    1.086667E-01    3.887831E-01    4.538721E+00
    1    1.088333E-01    3.893857E-01    7.898639E+02
    2    1.088333E-01    3.893857E-01    1.532056E+02
    3    1.088333E-01    3.893857E-01    2.665021E+01
    4    1.088333E-01    3.893857E-01    4.529776E+00
    1    1.090000E-01    3.899888E-01    7.883045E+02
    2    1.090000E-01    3.899888E-01    1.529031E+02
    3    1.090000E-01    3.899888E-01    2.659760E+01
    4    1.090000E-01    3.899888E-01    4.520833E+00
    1    1.091667E-01    3.905923E-01    7.867454E+02
    2    1.091667E-01    3.905923E-01    1.526007E+02
    3    1.091667E-01    3.905923E-01    2.654500E+01
    4    1.091667E-01    3.905923E-01    4.511892E+00
    1    1.093333E-01    3.911963E-01    7.851867E+02
    2    1.093333E-01    3.911963E-01    1.522984E+02
    3    1.093333E-01    3.911963E-01    2.649241E+01
    4    1.093333E-01    3.911963E-01    4.502953E+00
    1    1.095000E-01    3.918007E-01    7.836283E+02
    2    1.095000E-01    3.918007E-01    1.519961E+02
    3    1.095000E-01    3.918007E-01    2.643983E+01
    4    1.095000E-01    3.918007E-01    4.494016E+00
    1    1.096667E-01    3.924056E-01    7.820703E+02
    2    1.096667E-01    3.924056E-01    1.516939E+02
    3    1.096667E-01    3.924056E-01    2.638726E+01
    4    1.096667E-01    3.924056E-01    4.485081E+00
    1    1.098333E-01    3.930110E-01    7.805127E+02
    2    1.098333E-01    3.930110E-01    1.513918E+02
    3    1.098333E-01    3.930110E-01    2.633470E+01
    4    1.098333E-01    3.930110E-01    4.476148E+00
    1    1.100000E-01    3.936169E-01    7.789553E+02
    2    1.100000E-01    3.936169E-01    1.510897E+02
    3    1.100000E-01    3.936169E-01    2.628216E+01
    4    1.100000E-01    3.936169E-01    4.467217E+00
    1    1.101667E-01    3.942232E-01    7.773984E+02
    2    1.101667E-01    3.942232E-01    1.507877E+02
    3    1.101667E-01    3.942232E-01    2.622962E+01
    4    1.101667E-01    3.942232E-01    4.458288E+00
    1    1.103333E-01    3.948300E-01    7.758418E+02
    2    1.103333E-01    3.948300E-01    1.504858E+02
    3    1.103333E-01    3.948300E-01    2.617710E+01
    4    1.103333E-01    3.948300E-01    4.449361E+00
    1    1.105000E-01    3.954372E-01    7.742855E+02
    2    1.105000E-01    3.954372E-01    1.501839E+02
    3    1.105000E-01    3.954372E-01    2.612460E+01
    4    1.105000E-01    3.954372E-01    4.440436E+00
    1    1.106667E-01    3.960449E-01    7.727297E+02
    2    1.106667E-01    3.960449E-01    1.498821E+02
    3    1.106667E-01    3.960449E-01    2.607210E+01
    4    1.106667E-01    3.960449E-01    4.431514E+00
    1    1.108333E-01    3.966531E-01    7.711742E+02
    2    1.108333E-01    3.966531E-01    1.495804E+02
    3    1.108333E-01    3.966531E-01    2.601962E+01
    4    1.108333E-01    3.966531E-01    4.422593E+00
    1    1.110000E-01    3.972618E-01    7.696191E+02
    2    1.110000E-01    3.972618E-01    1.492788E+02
    3    1.110000E-01    3.972618E-01    2.596715E+01
    4    1.110000E-01    3.972618E-01    4.413675E+00
    1    1.111667E-01    3.978709E-01    7.680643E+02
    2    1.111667E-01    3.978709E-01    1.489772E+02
    3    1.111667E-01    3.978709E-01    2.591469E+01
    4    1.111667E-01    3.978709E-01    4.404758E+00
    1    1.113333E-01    3.984805E-01    7.665100E+02
    2    1.113333E-01    3.984805E-01    1.486757E+02
    3    1.113333E-01    3.984805E-01    2.586225E+01
    4    1.113333E-01    3.984805E-01    4.395844E+00
    1    1.115000E-01    3.990905E-01    7.649560E+02
    2    1.115000E-01    3.990905E-01    1.483743E+02
    3    1.115000E-01    3.990905E-01    2.580982E+01
    4    1.115000E-01    3.990905E-01    4.386933E+00
    1    1.116667E-01    3.997010E-01    7.634024E+02
    2    1.116667E-01    3.997010E-01    1.480730E+02
    3    1.116667E-01    3.997010E-01    2.575740E+01
    4    1.116667E-01    3.997010E-01    4.378023E+00
    1    1.118333E-01    4.003120E-01    7.618492E+02
    2    1.118333E-01    4.003120E-01    1.477717E+02
    3    1.118333E-01    4.003120E-01    2.570499E+01
    4    1.118333E-01    4.003120E-01    4.369116E+00
    1    1.120000E-01    4.009235E-01    7.602965E+02
    2    1.120000E-01    4.009235E-01    1.474705E+02
    3    1.120000E-01    4.009235E-01    2.565260E+01
    4    1.120000E-01    4.009235E-01    4.360211E+00
    1    1.121667E-01    4.015354E-01    7.587441E+02
    2    1.121667E-01    4.015354E-01    1.471694E+02
    3    1.121667E-01    4.015354E-01    2.560022E+01
    4    1.121667E-01    4.015354E-01    4.351308E+00
    1    1.123333E-01    4.021478E-01    7.571921E+02
    2    1.123333E-01    4.021478E-01    1.468684E+02
    3    1.123333E-01    4.021478E-01    2.554786E+01
    4    1.123333E-01    4.021478E-01    4.342407E+00
    1    1.125000E-01    4.027606E-01    7.556405E+02
    2    1.125000E-01    4.027606E-01    1.465674E+02
    3    1.125000E-01    4.027606E-01    2.549551E+01
    4    1.125000E-01    4.027606E-01    4.333509E+00
    1    1.126667E-01    4.033739E-01    7.540894E+02
    2    1.126667E-01    4.033739E-01    1.462666E+02
    3    1.126667E-01    4.033739E-01    2.544317E+01
    4    1.126667E-01    4.033739E-01    4.324614E+00
    1    1.128333E-01    4.039877E-01    7.525386E+02
    2    1.128333E-01    4.039877E-01    1.459658E+02
    3    1.128333E-01    4.039877E-01    2.539085E+01
    4    1.128333E-01    4.039877E-01    4.315720E+00
    1    1.130000E-01    4.046020E-01    7.509883E+02
    2    1.130000E-01    4.046020E-01    1.456651E+02
    3    1.130000E-01    4.046020E-01    2.533854E+01
    4    1.130000E-01    4.046020E-01    4.306829E+00
    1    1.131667E-01    4.052167E-01    7.494384E+02
    2    1.131667E-01    4.052167E-01    1.453644E+02
    3    1.131667E-01    4.052167E-01    2.528625E+01
    4    1.131667E-01    4.052167E-01    4.297941E+00
    1    1.133333E-01    4.058318E-01    7.478889E+02
    2    1.133333E-01    4.058318E-01    1.450639E+02
    3    1.133333E-01    4.058318E-01    2.523397E+01
    4    1.133333E-01    4.058318E-01    4.289055E+00
    1    1.135000E-01    4.064475E-01    7.463398E+02
    2    1.135000E-01    4.064475E-01    1.447634E+02
    3    1.135000E-01    4.064475E-01    2.518170E+01
    4    1.135000E-01    4.064475E-01    4.280171E+00
    1    1.136667E-01    4.070636E-01    7.447912E+02
    2    1.136667E-01    4.070636E-01    1.444631E+02
    3    1.136667E-01    4.070636E-01    2.512945E+01
    4    1.136667E-01    4.070636E-01    4.271290E+00
    1    1.138333E-01    4.076802E-01    7.432431E+02
    2    1.138333E-01    4.076802E-01    1.441628E+02
    3    1.138333E-01    4.076802E-01    2.507722E+01
    4    1.138333E-01    4.076802E-01    4.262411E+00
    1    1.140000E-01    4.082972E-01    7.416953E+02
    2    1.140000E-01    4.082972E-01    1.438626E+02
    3    1.140000E-01    4.082972E-01    2.502499E+01
    4    1.140000E-01    4.082972E-01    4.253535E+00
    1    1.141667E-01    4.089148E-01    7.401480E+02
    2    1.141667E-01    4.089148E-01    1.435624E+02
    3    1.141667E-01    4.089148E-01    2.497279E+01
    4    1.141667E-01    4.089148E-01    4.244662E+00
    1    1.143333E-01    4.095327E-01    7.386012E+02
    2    1.143333E-01    4.095327E-01    1.432624E+02
    3    1.143333E-01    4.095327E-01    2.492060E+01
    4    1.143333E-01    4.095327E-01    4.235791E+00
    1    1.145000E-01    4.101512E-01    7.370548E+02
    2    1.145000E-01    4.101512E-01    1.429625E+02
    3    1.145000E-01    4.101512E-01    2.486842E+01
    4    1.145000E-01    4.101512E-01    4.226922E+00
    1    1.146667E-01    4.107701E-01    7.355088E+02
    2    1.146667E-01    4.107701E-01    1.426626E+02
    3    1.146667E-01    4.107701E-01    2.481626E+01
    4    1.146667E-01    4.107701E-01    4.218057E+00
    1    1.148333E-01    4.113895E-01    7.339634E+02
    2    1.148333E-01    4.113895E-01    1.423628E+02
    3    1.148333E-01    4.113895E-01    2.476412E+01
    4    1.148333E-01    4.113895E-01    4.209193E+00
    1    1.150000E-01    4.120093E-01    7.324184E+02
    2    1.150000E-01    4.120093E-01    1.420632E+02
    3    1.150000E-01    4.120093E-01    2.471199E+01
    4    1.150000E-01    4.120093E-01    4.200333E+00
    1    1.151667E-01    4.126296E-01    7.308738E+02
    2    1.151667E-01    4.126296E-01    1.417636E+02
    3    1.151667E-01    4.126296E-01    2.465987E+01
    4    1.151667E-01    4.126296E-01    4.191475E+00
    1    1.153333E-01    4.132504E-01    7.293297E+02
    2    1.153333E-01    4.132504E-01    1.414641E+02
    3    1.153333E-01    4.132504E-01    2.460778E+01
    4    1.153333E-01    4.132504E-01    4.182620E+00
    1    1.155000E-01    4.138717E-01    7.277861E+02
    2    1.155000E-01    4.138717E-01    1.411647E+02
    3    1.155000E-01    4.138717E-01    2.455569E+01
    4    1.155000E-01    4.138717E-01    4.173768E+00
    1    1.156667E-01    4.144934E-01    7.262430E+02
    2    1.156667E-01    4.144934E-01    1.408654E+02
    3    1.156667E-01    4.144934E-01    2.450363E+01
    4    1.156667E-01    4.144934E-01    4.164918E+00
    1    1.158333E-01    4.151156E-01    7.247004E+02
    2    1.158333E-01    4.151156E-01    1.405661E+02
    3    1.158333E-01    4.151156E-01    2.445158E+01
    4    1.158333E-01    4.151156E-01    4.156071E+00
    1    1.160000E-01    4.157382E-01    7.231582E+02
    2    1.160000E-01    4.157382E-01    1.402670E+02
    3    1.160000E-01    4.157382E-01    2.439955E+01
    4    1.160000E-01    4.157382E-01    4.147227E+00
    1    1.161667E-01    4.163613E-01    7.216165E+02
    2    1.161667E-01    4.163613E-01    1.399680E+02
    3    1.161667E-01    4.163613E-01    2.434753E+01
    4    1.161667E-01    4.163613E-01    4.138386E+00
    1    1.163333E-01    4.169849E-01    7.200753E+02
    2    1.163333E-01    4.169849E-01    1.396691E+02
    3    1.163333E-01    4.169849E-01    2.429553E+01
    4    1.163333E-01    4.169849E-01    4.129547E+00
    1    1.165000E-01    4.176090E-01    7.185347E+02
    2    1.165000E-01    4.176090E-01    1.393702E+02
    3    1.165000E-01    4.176090E-01    2.424355E+01
    4    1.165000E-01    4.176090E-01    4.120712E+00
    1    1.166667E-01    4.182335E-01    7.169945E+02
    2    1.166667E-01    4.182335E-01    1.390715E+02
    3    1.166667E-01    4.182335E-01    2.419158E+01
    4    1.166667E-01    4.182335E-01    4.111879E+00
    1    1.168333E-01    4.188584E-01    7.154548E+02
    2    1.168333E-01    4.188584E-01    1.387728E+02
    3    1.168333E-01    4.188584E-01    2.413963E+01
    4    1.168333E-01    4.188584E-01    4.103049E+00
    1    1.170000E-01    4.194839E-01    7.139156E+02
    2    1.170000E-01    4.194839E-01    1.384743E+02
    3    1.170000E-01    4.194839E-01    2.408770E+01
    4    1.170000E-01    4.194839E-01    4.094222E+00
    1    1.171667E-01    4.201098E-01    7.123770E+02
    2    1.171667E-01    4.201098E-01    1.381758E+02
    3    1.171667E-01    4.201098E-01    2.403579E+01
    4    1.171667E-01    4.201098E-01    4.085398E+00
    1    1.173333E-01    4.207362E-01    7.108388E+02
    2    1.173333E-01    4.207362E-01    1.378775E+02
    3    1.173333E-01    4.207362E-01    2.398389E+01
    4    1.173333E-01    4.207362E-01    4.076577E+00
    1    1.175000E-01    4.213630E-01    7.093012E+02
    2    1.175000E-01    4.213630E-01    1.375793E+02
    3    1.175000E-01    4.213630E-01    2.393201E+01
    4    1.175000E-01    4.213630E-01    4.067759E+00
    1    1.176667E-01    4.219903E-01    7.077641E+02
    2    1.176667E-01    4.219903E-01    1.372811E+02
    3    1.176667E-01    4.219903E-01    2.388015E+01
    4    1.176667E-01    4.219903E-01    4.058944E+00
    1    1.178333E-01    4.226181E-01    7.062275E+02
    2    1.178333E-01    4.226181E-01    1.369831E+02
    3    1.178333E-01    4.226181E-01    2.382830E+01
    4    1.178333E-01    4.226181E-01    4.050132E+00
    1    1.180000E-01    4.232464E-01    7.046915E+02
    2    1.180000E-01    4.232464E-01    1.366851E+02
    3    1.180000E-01    4.232464E-01    2.377647E+01
    4    1.180000E-01    4.232464E-01    4.041322E+00
    1    1.181667E-01    4.238751E-01    7.031559E+02
    2    1.181667E-01    4.238751E-01    1.363873E+02
    3    1.181667E-01    4.238751E-01    2.372467E+01
    4    1.181667E-01    4.238751E-01    4.032516E+00
    1    1.183333E-01    4.245043E-01    7.016210E+02
    2    1.183333E-01    4.245043E-01    1.360896E+02
    3    1.183333E-01    4.245043E-01    2.367288E+01
    4    1.183333E-01    4.245043E-01    4.023714E+00
    1    1.185000E-01    4.251339E-01    7.000865E+02
    2    1.185000E-01    4.251339E-01    1.357919E+02
    3    1.185000E-01    4.251339E-01    2.362110E+01
    4    1.185000E-01    4.251339E-01    4.014914E+00
    1    1.186667E-01    4.257640E-01    6.985526E+02
    2    1.186667E-01    4.257640E-01    1.354944E+02
    3    1.186667E-01    4.257640E-01    2.356935E+01
    4    1.186667E-01    4.257640E-01    4.006117E+00
    1    1.188333E-01    4.263946E-01    6.970193E+02
    2    1.188333E-01    4.263946E-01    1.351970E+02
    3    1.188333E-01    4.263946E-01    2.351761E+01
    4    1.188333E-01    4.263946E-01    3.997323E+00
    1    1.190000E-01    4.270257E-01    6.954865E+02
    2    1.190000E-01    4.270257E-01    1.348997E+02
    3    1.190000E-01    4.270257E-01    2.346590E+01
    4    1.190000E-01    4.270257E-01    3.988533E+00
    1    1.191667E-01    4.276572E-01    6.939543E+02
    2    1.191667E-01    4.276572E-01    1.346025E+02
    3    1.191667E-01    4.276572E-01    2.341420E+01
    4    1.191667E-01    4.276572E-01    3.979746E+00
    1    1.193333E-01    4.282891E-01    6.924226E+02
    2    1.193333E-01    4.282891E-01    1.343054E+02
    3    1.193333E-01    4.282891E-01    2.336252E+01
    4    1.193333E-01    4.282891E-01    3.970962E+00
    1    1.195000E-01    4.289216E-01    6.908915E+02
    2    1.195000E-01    4.289216E-01    1.340084E+02
    3    1.195000E-01    4.289216E-01    2.331086E+01
    4    1.195000E-01    4.289216E-01    3.962181E+00
    1    1.196667E-01    4.295545E-01    6.893609E+02
    2    1.196667E-01    4.295545E-01    1.337115E+02
    3    1.196667E-01    4.295545E-01    2.325922E+01
    4    1.196667E-01    4.295545E-01    3.953404E+00
    1    1.198333E-01    4.301879E-01    6.878309E+02
    2    1.198333E-01    4.301879E-01    1.334148E+02
    3    1.198333E-01    4.301879E-01    2.320760E+01
    4    1.198333E-01    4.301879E-01    3.944629E+00
    1    1.200000E-01    4.308217E-01    6.863015E+02
    2    1.200000E-01    4.308217E-01    1.331181E+02
    3    1.200000E-01    4.308217E-01    2.315599E+01
    4    1.200000E-01    4.308217E-01    3.935858E+00
    1    1.201667E-01    4.314560E-01    6.847727E+02
    2    1.201667E-01    4.314560E-01    1.328216E+02
    3    1.201667E-01    4.314560E-01    2.310441E+01
    4    1.201667E-01    4.314560E-01    3.927091E+00
    1    1.203333E-01    4.320908E-01    6.832445E+02
    2    1.203333E-01    4.320908E-01    1.325252E+02
    3    1.203333E-01    4.320908E-01    2.305285E+01
    4    1.203333E-01    4.320908E-01    3.918326E+00
    1    1.205000E-01    4.327261E-01    6.817168E+02
    2    1.205000E-01    4.327261E-01    1.322289E+02
    3    1.205000E-01    4.327261E-01    2.300130E+01
    4    1.205000E-01    4.327261E-01    3.909565E+00
    1    1.206667E-01    4.333618E-01    6.801897E+02
    2    1.206667E-01    4.333618E-01    1.319327E+02
    3    1.206667E-01    4.333618E-01    2.294978E+01
    4    1.206667E-01    4.333618E-01    3.900808E+00
    1    1.208333E-01    4.339980E-01    6.786633E+02
    2    1.208333E-01    4.339980E-01    1.316366E+02
    3    1.208333E-01    4.339980E-01    2.289828E+01
    4    1.208333E-01    4.339980E-01    3.892054E+00
    1    1.210000E-01    4.346346E-01    6.771374E+02
    2    1.210000E-01    4.346346E-01    1.313406E+02
    3    1.210000E-01    4.346346E-01    2.284679E+01
    4    1.210000E-01    4.346346E-01    3.883303E+00
    1    1.211667E-01    4.352717E-01    6.756121E+02
    2    1.211667E-01    4.352717E-01    1.310448E+02
    3    1.211667E-01    4.352717E-01    2.279533E+01
    4    1.211667E-01    4.352717E-01    3.874556E+00
    1    1.213333E-01    4.359093E-01    6.740874E+02
    2    1.213333E-01    4.359093E-01    1.307490E+02
    3    1.213333E-01    4.359093E-01    2.274389E+01
    4    1.213333E-01    4.359093E-01    3.865812E+00
    1    1.215000E-01    4.365473E-01    6.725634E+02
    2    1.215000E-01    4.365473E-01    1.304534E+02
    3    1.215000E-01    4.365473E-01    2.269246E+01
    4    1.215000E-01    4.365473E-01    3.857072E+00
    1    1.216667E-01    4.371859E-01    6.710399E+02
    2    1.216667E-01    4.371859E-01    1.301579E+02
    3    1.216667E-01    4.371859E-01    2.264106E+01
    4    1.216667E-01    4.371859E-01    3.848335E+00
    1    1.218333E-01    4.378248E-01    6.695171E+02
    2    1.218333E-01    4.378248E-01    1.298625E+02
    3    1.218333E-01    4.378248E-01    2.258968E+01
    4    1.218333E-01    4.378248E-01    3.839601E+00
    1    1.220000E-01    4.384643E-01    6.679949E+02
    2    1.220000E-01    4.384643E-01    1.295673E+02
    3    1.220000E-01    4.384643E-01    2.253832E+01
    4    1.220000E-01    4.384643E-01    3.830872E+00
    1    1.221667E-01    4.391042E-01    6.664733E+02
    2    1.221667E-01    4.391042E-01    1.292722E+02
    3    1.221667E-01    4.391042E-01    2.248698E+01
    4    1.221667E-01    4.391042E-01    3.822146E+00
    1    1.223333E-01    4.397446E-01    6.649523E+02
    2    1.223333E-01    4.397446E-01    1.289771E+02
    3    1.223333E-01    4.397446E-01    2.243566E+01
    4    1.223333E-01    4.397446E-01    3.813423E+00
    1    1.225000E-01    4.403854E-01    6.634320E+02
    2    1.225000E-01    4.403854E-01    1.286823E+02
    3    1.225000E-01    4.403854E-01    2.238437E+01
    4    1.225000E-01    4.403854E-01    3.804704E+00
    1    1.226667E-01    4.410267E-01    6.619123E+02
    2    1.226667E-01    4.410267E-01    1.283875E+02
    3    1.226667E-01    4.410267E-01    2.233309E+01
    4    1.226667E-01    4.410267E-01    3.795989E+00
    1    1.228333E-01    4.416685E-01    6.603932E+02
    2    1.228333E-01    4.416685E-01    1.280928E+02
    3    1.228333E-01    4.416685E-01    2.228184E+01
    4    1.228333E-01    4.416685E-01    3.787277E+00
    1    1.230000E-01    4.423108E-01    6.588748E+02
    2    1.230000E-01    4.423108E-01    1.277983E+02
    3    1.230000E-01    4.423108E-01    2.223061E+01
    4    1.230000E-01    4.423108E-01    3.778569E+00
    1    1.231667E-01    4.429535E-01    6.573570E+02
    2    1.231667E-01    4.429535E-01    1.275039E+02
    3    1.231667E-01    4.429535E-01    2.217940E+01
    4    1.231667E-01    4.429535E-01    3.769865E+00
    1    1.233333E-01    4.435966E-01    6.558399E+02
    2    1.233333E-01    4.435966E-01    1.272097E+02
    3    1.233333E-01    4.435966E-01    2.212821E+01
    4    1.233333E-01    4.435966E-01    3.761164E+00
    1    1.235000E-01    4.442403E-01    6.543234E+02
    2    1.235000E-01    4.442403E-01    1.269155E+02
    3    1.235000E-01    4.442403E-01    2.207704E+01
    4    1.235000E-01    4.442403E-01    3.752468E+00
    1    1.236667E-01    4.448844E-01    6.528076E+02
    2    1.236667E-01    4.448844E-01    1.266215E+02
    3    1.236667E-01    4.448844E-01    2.202590E+01
    4    1.236667E-01    4.448844E-01    3.743775E+00
    1    1.238333E-01    4.455290E-01    6.512925E+02
    2    1.238333E-01    4.455290E-01    1.263276E+02
    3    1.238333E-01    4.455290E-01    2.197478E+01
    4    1.238333E-01    4.455290E-01    3.735085E+00
    1    1.240000E-01    4.461740E-01    6.497780E+02
    2    1.240000E-01    4.461740E-01    1.260339E+02
    3    1.240000E-01    4.461740E-01    2.192368E+01
    4    1.240000E-01    4.461740E-01    3.726400E+00
    1    1.241667E-01    4.468195E-01    6.482642E+02
    2    1.241667E-01    4.468195E-01    1.257402E+02
    3    1.241667E-01    4.468195E-01    2.187260E+01
    4    1.241667E-01    4.468195E-01    3.717719E+00
    1    1.243333E-01    4.474655E-01    6.467510E+02
    2    1.243333E-01    4.474655E-01    1.254467E+02
    3    1.243333E-01    4.474655E-01    2.182155E+01
    4    1.243333E-01    4.474655E-01    3.709041E+00
    1    1.245000E-01    4.481120E-01    6.452386E+02
    2    1.245000E-01    4.481120E-01    1.251534E+02
    3    1.245000E-01    4.481120E-01    2.177052E+01
    4    1.245000E-01    4.481120E-01    3.700367E+00
    1    1.246667E-01    4.487589E-01    6.437268E+02
    2    1.246667E-01    4.487589E-01    1.248601E+02
    3    1.246667E-01    4.487589E-01    2.171951E+01
    4    1.246667E-01    4.487589E-01    3.691697E+00
    1    1.248333E-01    4.494062E-01    6.422157E+02
    2    1.248333E-01    4.494062E-01    1.245670E+02
    3    1.248333E-01    4.494062E-01    2.166853E+01
    4    1.248333E-01    4.494062E-01    3.683031E+00
    1    1.250000E-01    4.500541E-01    6.407053E+02
    2    1.250000E-01    4.500541E-01    1.242741E+02
    3    1.250000E-01    4.500541E-01    2.161756E+01
    4    1.250000E-01    4.500541E-01    3.674369E+00
    1    1.251667E-01    4.507024E-01    6.391956E+02
    2    1.251667E-01    4.507024E-01    1.239813E+02
    3    1.251667E-01    4.507024E-01    2.156663E+01
    4    1.251667E-01    4.507024E-01    3.665711E+00
    1    1.253333E-01    4.513512E-01    6.376865E+02
    2    1.253333E-01    4.513512E-01    1.236886E+02
    3    1.253333E-01    4.513512E-01    2.151571E+01
    4    1.253333E-01    4.513512E-01    3.657057E+00
    1    1.255000E-01    4.520004E-01    6.361782E+02
    2    1.255000E-01    4.520004E-01    1.233960E+02
    3    1.255000E-01    4.520004E-01    2.146482E+01
    4    1.255000E-01    4.520004E-01    3.648407E+00
    1    1.256667E-01    4.526501E-01    6.346706E+02
    2    1.256667E-01    4.526501E-01    1.231036E+02
    3    1.256667E-01    4.526501E-01    2.141395E+01
    4    1.256667E-01    4.526501E-01    3.639761E+00
    1    1.258333E-01    4.533003E-01    6.331637E+02
    2    1.258333E-01    4.533003E-01    1.228113E+02
    3    1.258333E-01    4.533003E-01    2.136311E+01
    4    1.258333E-01    4.533003E-01    3.631119E+00
    1    1.260000E-01    4.539510E-01    6.316575E+02
    2    1.260000E-01    4.539510E-01    1.225191E+02
    3    1.260000E-01    4.539510E-01    2.131229E+01
    4    1.260000E-01    4.539510E-01    3.622481E+00
    1    1.261667E-01    4.546021E-01    6.301520E+02
    2    1.261667E-01    4.546021E-01    1.222271E+02
    3    1.261667E-01    4.546021E-01    2.126149E+01
    4    1.261667E-01    4.546021E-01    3.613847E+00
    1    1.263333E-01    4.552536E-01    6.286472E+02
    2    1.263333E-01    4.552536E-01    1.219353E+02
    3    1.263333E-01    4.552536E-01    2.121072E+01
    4    1.263333E-01    4.552536E-01    3.605218E+00
    1    1.265000E-01    4.559057E-01    6.271432E+02
    2    1.265000E-01    4.559057E-01    1.216435E+02
    3    1.265000E-01    4.559057E-01    2.115998E+01
    4    1.265000E-01    4.559057E-01    3.596592E+00
    1    1.266667E-01    4.565582E-01    6.256399E+02
    2    1.266667E-01    4.565582E-01    1.213519E+02
    3    1.266667E-01    4.565582E-01    2.110925E+01
    4    1.266667E-01    4.565582E-01    3.587971E+00
    1    1.268333E-01    4.572112E-01    6.241373E+02
    2    1.268333E-01    4.572112E-01    1.210605E+02
    3    1.268333E-01    4.572112E-01    2.105856E+01
    4    1.268333E-01    4.572112E-01    3.579354E+00
    1    1.270000E-01    4.578646E-01    6.226354E+02
    2    1.270000E-01    4.578646E-01    1.207692E+02
    3    1.270000E-01    4.578646E-01    2.100788E+01
    4    1.270000E-01    4.578646E-01    3.570741E+00
    1    1.271667E-01    4.585185E-01    6.211343E+02
    2    1.271667E-01    4.585185E-01    1.204780E+02
    3    1.271667E-01    4.585185E-01    2.095724E+01
    4    1.271667E-01    4.585185E-01    3.562132E+00
    1    1.273333E-01    4.591729E-01    6.196340E+02
    2    1.273333E-01    4.591729E-01    1.201870E+02
    3    1.273333E-01    4.591729E-01    2.090661E+01
    4    1.273333E-01    4.591729E-01    3.553528E+00
    1    1.275000E-01    4.598278E-01    6.181344E+02
    2    1.275000E-01    4.598278E-01    1.198961E+02
    3    1.275000E-01    4.598278E-01    2.085601E+01
    4    1.275000E-01    4.598278E-01    3.544928E+00
    1    1.276667E-01    4.604831E-01    6.166355E+02
    2    1.276667E-01    4.604831E-01    1.196054E+02
    3    1.276667E-01    4.604831E-01    2.080544E+01
    4    1.276667E-01    4.604831E-01    3.536332E+00
    1    1.278333E-01    4.611388E-01    6.151374E+02
    2    1.278333E-01    4.611388E-01    1.193148E+02
    3    1.278333E-01    4.611388E-01    2.075490E+01
    4    1.278333E-01    4.611388E-01    3.527740E+00
    1    1.280000E-01    4.617951E-01    6.136400E+02
    2    1.280000E-01    4.617951E-01    1.190244E+02
    3    1.280000E-01    4.617951E-01    2.070437E+01
    4    1.280000E-01    4.617951E-01    3.519153E+00
    1    1.281667E-01    4.624518E-01    6.121434E+02
    2    1.281667E-01    4.624518E-01    1.187341E+02
    3    1.281667E-01    4.624518E-01    2.065388E+01
    4    1.281667E-01    4.624518E-01    3.510570E+00
    1    1.283333E-01    4.631090E-01    6.106476E+02
    2    1.283333E-01    4.631090E-01    1.184440E+02
    3    1.283333E-01    4.631090E-01    2.060341E+01
    4    1.283333E-01    4.631090E-01    3.501992E+00
    1    1.285000E-01    4.637666E-01    6.091525E+02
    2    1.285000E-01    4.637666E-01    1.181540E+02
    3    1.285000E-01    4.637666E-01    2.055297E+01
    4    1.285000E-01    4.637666E-01    3.493418E+00
    1    1.286667E-01    4.644247E-01    6.076582E+02
    2    1.286667E-01    4.644247E-01    1.178641E+02
    3    1.286667E-01    4.644247E-01    2.050255E+01
    4    1.286667E-01    4.644247E-01    3.484848E+00
    1    1.288333E-01    4.650833E-01    6.061647E+02
    2    1.288333E-01    4.650833E-01    1.175744E+02
    3    1.288333E-01    4.650833E-01    2.045216E+01
    4    1.288333E-01    4.650833E-01    3.476283E+00
    1    1.290000E-01    4.657423E-01    6.046720E+02
    2    1.290000E-01    4.657423E-01    1.172849E+02
    3    1.290000E-01    4.657423E-01    2.040179E+01
    4    1.290000E-01    4.657423E-01    3.467723E+00
    1    1.291667E-01    4.664019E-01    6.031800E+02
    2    1.291667E-01    4.664019E-01    1.169955E+02
    3    1.291667E-01    4.664019E-01    2.035145E+01
    4    1.291667E-01    4.664019E-01    3.459166E+00
    1    1.293333E-01    4.670618E-01    6.016889E+02
    2    1.293333E-01    4.670618E-01    1.167063E+02
    3    1.293333E-01    4.670618E-01    2.030114E+01
    4    1.293333E-01    4.670618E-01    3.450615E+00
    1    1.295000E-01    4.677223E-01    6.001985E+02
    2    1.295000E-01    4.677223E-01    1.164172E+02
    3    1.295000E-01    4.677223E-01    2.025086E+01
    4    1.295000E-01    4.677223E-01    3.442068E+00
    1    1.296667E-01    4.683832E-01    5.987090E+02
    2    1.296667E-01    4.683832E-01    1.161283E+02
    3    1.296667E-01    4.683832E-01    2.020060E+01
    4    1.296667E-01    4.683832E-01    3.433525E+00
    1    1.298333E-01    4.690446E-01    5.972202E+02
    2    1.298333E-01    4.690446E-01    1.158395E+02
    3    1.298333E-01    4.690446E-01    2.015037E+01
    4    1.298333E-01    4.690446E-01    3.424987E+00
    1    1.300000E-01    4.697064E-01    5.957322E+02
    2    1.300000E-01    4.697064E-01    1.155509E+02
    3    1.300000E-01    4.697064E-01    2.010016E+01
    4    1.300000E-01    4.697064E-01    3.416454E+00
    1    1.301667E-01    4.703687E-01    5.942451E+02
    2    1.301667E-01    4.703687E-01    1.152625E+02
    3    1.301667E-01    4.703687E-01    2.004999E+01
    4    1.301667E-01    4.703687E-01    3.407926E+00
    1    1.303333E-01    4.710315E-01    5.927588E+02
    2    1.303333E-01    4.710315E-01    1.149742E+02
    3    1.303333E-01    4.710315E-01    1.999984E+01
    4    1.303333E-01    4.710315E-01    3.399402E+00
    1    1.305000E-01    4.716947E-01    5.912732E+02
    2    1.305000E-01    4.716947E-01    1.146860E+02
    3    1.305000E-01    4.716947E-01    1.994971E+01
    4    1.305000E-01    4.716947E-01    3.390882E+00
    1    1.306667E-01    4.723584E-01    5.897885E+02
    2    1.306667E-01    4.723584E-01    1.143980E+02
    3    1.306667E-01    4.723584E-01    1.989962E+01
    4    1.306667E-01    4.723584E-01    3.382368E+00
    1    1.308333E-01    4.730226E-01    5.883047E+02
    2    1.308333E-01    4.730226E-01    1.141102E+02
    3    1.308333E-01    4.730226E-01    1.984955E+01
    4    1.308333E-01    4.730226E-01    3.373858E+00
    1    1.310000E-01    4.736873E-01    5.868216E+02
    2    1.310000E-01    4.736873E-01    1.138226E+02
    3    1.310000E-01    4.736873E-01    1.979952E+01
    4    1.310000E-01    4.736873E-01    3.365353E+00
    1    1.311667E-01    4.743524E-01    5.853394E+02
    2    1.311667E-01    4.743524E-01    1.135351E+02
    3    1.311667E-01    4.743524E-01    1.974950E+01
    4    1.311667E-01    4.743524E-01    3.356852E+00
    1    1.313333E-01    4.750179E-01    5.838580E+02
    2    1.313333E-01    4.750179E-01    1.132477E+02
    3    1.313333E-01    4.750179E-01    1.969952E+01
    4    1.313333E-01    4.750179E-01    3.348357E+00
    1    1.315000E-01    4.756840E-01    5.823775E+02
    2    1.315000E-01    4.756840E-01    1.129606E+02
    3    1.315000E-01    4.756840E-01    1.964957E+01
    4    1.315000E-01    4.756840E-01    3.339866E+00
    1    1.316667E-01    4.763505E-01    5.808978E+02
    2    1.316667E-01    4.763505E-01    1.126736E+02
    3    1.316667E-01    4.763505E-01    1.959964E+01
    4    1.316667E-01    4.763505E-01    3.331380E+00
    1    1.318333E-01    4.770175E-01    5.794190E+02
    2    1.318333E-01    4.770175E-01    1.123867E+02
    3    1.318333E-01    4.770175E-01    1.954975E+01
    4    1.318333E-01    4.770175E-01    3.322899E+00
    1    1.320000E-01    4.776849E-01    5.779410E+02
    2    1.320000E-01    4.776849E-01    1.121000E+02
    3    1.320000E-01    4.776849E-01    1.949988E+01
    4    1.320000E-01    4.776849E-01    3.314423E+00
    1    1.321667E-01    4.783528E-01    5.764638E+02
    2    1.321667E-01    4.783528E-01    1.118135E+02
    3    1.321667E-01    4.783528E-01    1.945004E+01
    4    1.321667E-01    4.783528E-01    3.305952E+00
    1    1.323333E-01    4.790212E-01    5.749876E+02
    2    1.323333E-01    4.790212E-01    1.115272E+02
    3    1.323333E-01    4.790212E-01    1.940023E+01
    4    1.323333E-01    4.790212E-01    3.297486E+00
    1    1.325000E-01    4.796900E-01    5.735121E+02
    2    1.325000E-01    4.796900E-01    1.112410E+02
    3    1.325000E-01    4.796900E-01    1.935045E+01
    4    1.325000E-01    4.796900E-01    3.289024E+00
    1    1.326667E-01    4.803594E-01    5.720376E+02
    2    1.326667E-01    4.803594E-01    1.109550E+02
    3    1.326667E-01    4.803594E-01    1.930070E+01
    4    1.326667E-01    4.803594E-01    3.280568E+00
    1    1.328333E-01    4.810291E-01    5.705639E+02
    2    1.328333E-01    4.810291E-01    1.106692E+02
    3    1.328333E-01    4.810291E-01    1.925098E+01
    4    1.328333E-01    4.810291E-01    3.272117E+00
    1    1.330000E-01    4.816994E-01    5.690911E+02
    2    1.330000E-01    4.816994E-01    1.103835E+02
    3    1.330000E-01    4.816994E-01    1.920128E+01
    4    1.330000E-01    4.816994E-01    3.263671E+00
    1    1.331667E-01    4.823701E-01    5.676192E+02
    2    1.331667E-01    4.823701E-01    1.100980E+02
    3    1.331667E-01    4.823701E-01    1.915162E+01
    4    1.331667E-01    4.823701E-01    3.255229E+00
    1    1.333333E-01    4.830413E-01    5.661482E+02
    2    1.333333E-01    4.830413E-01    1.098127E+02
    3    1.333333E-01    4.830413E-01    1.910199E+01
    4    1.333333E-01    4.830413E-01    3.246793E+00
    1    1.335000E-01    4.837129E-01    5.646780E+02
    2    1.335000E-01    4.837129E-01    1.095275E+02
    3    1.335000E-01    4.837129E-01    1.905238E+01
    4    1.335000E-01    4.837129E-01    3.238362E+00
    1    1.336667E-01    4.843850E-01    5.632088E+02
    2    1.336667E-01    4.843850E-01    1.092425E+02
    3    1.336667E-01    4.843850E-01    1.900281E+01
    4    1.336667E-01    4.843850E-01    3.229936E+00
    1    1.338333E-01    4.850576E-01    5.617404E+02
    2    1.338333E-01    4.850576E-01    1.089577E+02
    3    1.338333E-01    4.850576E-01    1.895327E+01
    4    1.338333E-01    4.850576E-01    3.221515E+00
    1    1.340000E-01    4.857306E-01    5.602730E+02
    2    1.340000E-01    4.857306E-01    1.086731E+02
    3    1.340000E-01    4.857306E-01    1.890376E+01
    4    1.340000E-01    4.857306E-01    3.213099E+00
    1    1.341667E-01    4.864041E-01    5.588064E+02
    2    1.341667E-01    4.864041E-01    1.083886E+02
    3    1.341667E-01    4.864041E-01    1.885427E+01
    4    1.341667E-01    4.864041E-01    3.204689E+00
    1    1.343333E-01    4.870781E-01    5.573408E+02
    2    1.343333E-01    4.870781E-01    1.081043E+02
    3    1.343333E-01    4.870781E-01    1.880482E+01
    4    1.343333E-01    4.870781E-01    3.196284E+00
    1    1.345000E-01    4.877525E-01    5.558760E+02
    2    1.345000E-01    4.877525E-01    1.078202E+02
    3    1.345000E-01    4.877525E-01    1.875540E+01
    4    1.345000E-01    4.877525E-01    3.187884E+00
    1    1.346667E-01    4.884275E-01    5.544122E+02
    2    1.346667E-01    4.884275E-01    1.075363E+02
    3    1.346667E-01    4.884275E-01    1.870601E+01
    4    1.346667E-01    4.884275E-01    3.179489E+00
    1    1.348333E-01    4.891028E-01    5.529493E+02
    2    1.348333E-01    4.891028E-01    1.072525E+02
    3    1.348333E-01    4.891028E-01    1.865666E+01
    4    1.348333E-01    4.891028E-01    3.171099E+00
    1    1.350000E-01    4.897787E-01    5.514874E+02
    2    1.350000E-01    4.897787E-01    1.069690E+02
    3    1.350000E-01    4.897787E-01    1.860733E+01
    4    1.350000E-01    4.897787E-01    3.162715E+00
    1    1.351667E-01    4.904550E-01    5.500263E+02
    2    1.351667E-01    4.904550E-01    1.066856E+02
    3    1.351667E-01    4.904550E-01    1.855803E+01
    4    1.351667E-01    4.904550E-01    3.154336E+00
    1    1.353333E-01    4.911318E-01    5.485662E+02
    2    1.353333E-01    4.911318E-01    1.064024E+02
    3    1.353333E-01    4.911318E-01    1.850877E+01
    4    1.353333E-01    4.911318E-01    3.145962E+00
    1    1.355000E-01    4.918090E-01    5.471070E+02
    2    1.355000E-01    4.918090E-01    1.061193E+02
    3    1.355000E-01    4.918090E-01    1.845953E+01
    4    1.355000E-01    4.918090E-01    3.137594E+00
    1    1.356667E-01    4.924867E-01    5.456488E+02
    2    1.356667E-01    4.924867E-01    1.058365E+02
    3    1.356667E-01    4.924867E-01    1.841033E+01
    4    1.356667E-01    4.924867E-01    3.129231E+00
    1    1.358333E-01    4.931649E-01    5.441915E+02
    2    1.358333E-01    4.931649E-01    1.055538E+02
    3    1.358333E-01    4.931649E-01    1.836116E+01
    4    1.358333E-01    4.931649E-01    3.120874E+00
    1    1.360000E-01    4.938435E-01    5.427351E+02
    2    1.360000E-01    4.938435E-01    1.052714E+02
    3    1.360000E-01    4.938435E-01    1.831203E+01
    4    1.360000E-01    4.938435E-01    3.112522E+00
    1    1.361667E-01    4.945226E-01    5.412798E+02
    2    1.361667E-01    4.945226E-01    1.049891E+02
    3    1.361667E-01    4.945226E-01    1.826292E+01
    4    1.361667E-01    4.945226E-01    3.104176E+00
    1    1.363333E-01    4.952022E-01    5.398253E+02
    2    1.363333E-01    4.952022E-01    1.047070E+02
    3    1.363333E-01    4.952022E-01    1.821385E+01
    4    1.363333E-01    4.952022E-01    3.095835E+00
    1    1.365000E-01    4.958822E-01    5.383718E+02
    2    1.365000E-01    4.958822E-01    1.044250E+02
    3    1.365000E-01    4.958822E-01    1.816481E+01
    4    1.365000E-01    4.958822E-01    3.087499E+00
    1    1.366667E-01    4.965628E-01    5.369193E+02
    2    1.366667E-01    4.965628E-01    1.041433E+02
    3    1.366667E-01    4.965628E-01    1.811580E+01
    4    1.366667E-01    4.965628E-01    3.079169E+00
    1    1.368333E-01    4.972437E-01    5.354678E+02
    2    1.368333E-01    4.972437E-01    1.038617E+02
    3    1.368333E-01    4.972437E-01    1.806682E+01
    4    1.368333E-01    4.972437E-01    3.070845E+00
    1    1.370000E-01    4.979252E-01    5.340172E+02
    2    1.370000E-01    4.979252E-01    1.035804E+02
    3    1.370000E-01    4.979252E-01    1.801788E+01
    4    1.370000E-01    4.979252E-01    3.062526E+00
    1    1.371667E-01    4.986071E-01    5.325676E+02
    2    1.371667E-01    4.986071E-01    1.032992E+02
    3    1.371667E-01    4.986071E-01    1.796897E+01
    4    1.371667E-01    4.986071E-01    3.054212E+00
    1    1.373333E-01    4.992894E-01    5.311190E+02
    2    1.373333E-01    4.992894E-01    1.030182E+02
    3    1.373333E-01    4.992894E-01    1.792009E+01
    4    1.373333E-01    4.992894E-01    3.045905E+00
    1    1.375000E-01    4.999723E-01    5.296714E+02
    2    1.375000E-01    4.999723E-01    1.027374E+02
    3    1.375000E-01    4.999723E-01    1.787125E+01
    4    1.375000E-01    4.999723E-01    3.037603E+00
    1    1.376667E-01    5.006556E-01    5.282247E+02
    2    1.376667E-01    5.006556E-01    1.024568E+02
    3    1.376667E-01    5.006556E-01    1.782244E+01
    4    1.376667E-01    5.006556E-01    3.029306E+00
    1    1.378333E-01    5.013394E-01    5.267791E+02
    2    1.378333E-01    5.013394E-01    1.021764E+02
    3    1.378333E-01    5.013394E-01    1.777366E+01
    4    1.378333E-01    5.013394E-01    3.021016E+00
    1    1.380000E-01    5.020236E-01    5.253344E+02
    2    1.380000E-01    5.020236E-01    1.018962E+02
    3    1.380000E-01    5.020236E-01    1.772492E+01
    4    1.380000E-01    5.020236E-01    3.012731E+00
    1    1.381667E-01    5.027083E-01    5.238908E+02
    2    1.381667E-01    5.027083E-01    1.016162E+02
    3    1.381667E-01    5.027083E-01    1.767621E+01
    4    1.381667E-01    5.027083E-01    3.004452E+00
    1    1.383333E-01    5.033935E-01    5.224481E+02
    2    1.383333E-01    5.033935E-01    1.013364E+02
    3    1.383333E-01    5.033935E-01    1.762754E+01
    4    1.383333E-01    5.033935E-01    2.996178E+00
    1    1.385000E-01    5.040791E-01    5.210065E+02
    2    1.385000E-01    5.040791E-01    1.010568E+02
    3    1.385000E-01    5.040791E-01    1.757889E+01
    4    1.385000E-01    5.040791E-01    2.987911E+00
    1    1.386667E-01    5.047652E-01    5.195658E+02
    2    1.386667E-01    5.047652E-01    1.007773E+02
    3    1.386667E-01    5.047652E-01    1.753029E+01
    4    1.386667E-01    5.047652E-01    2.979649E+00
    1    1.388333E-01    5.054518E-01    5.181262E+02
    2    1.388333E-01    5.054518E-01    1.004981E+02
    3    1.388333E-01    5.054518E-01    1.748171E+01
    4    1.388333E-01    5.054518E-01    2.971393E+00
    1    1.390000E-01    5.061389E-01    5.166876E+02
    2    1.390000E-01    5.061389E-01    1.002191E+02
    3    1.390000E-01    5.061389E-01    1.743318E+01
    4    1.390000E-01    5.061389E-01    2.963143E+00
    1    1.391667E-01    5.068264E-01    5.152501E+02
    2    1.391667E-01    5.068264E-01    9.994022E+01
    3    1.391667E-01    5.068264E-01    1.738467E+01
    4    1.391667E-01    5.068264E-01    2.954898E+00
    1    1.393333E-01    5.075143E-01    5.138135E+02
    2    1.393333E-01    5.075143E-01    9.966159E+01
    3    1.393333E-01    5.075143E-01    1.733620E+01
    4    1.393333E-01    5.075143E-01    2.946660E+00
    1    1.395000E-01    5.082028E-01    5.123780E+02
    2    1.395000E-01    5.082028E-01    9.938315E+01
    3    1.395000E-01    5.082028E-01    1.728777E+01
    4    1.395000E-01    5.082028E-01    2.938428E+00
    1    1.396667E-01    5.088917E-01    5.109436E+02
    2    1.396667E-01    5.088917E-01    9.910491E+01
    3    1.396667E-01    5.088917E-01    1.723937E+01
    4    1.396667E-01    5.088917E-01    2.930201E+00
    1    1.398333E-01    5.095811E-01    5.095101E+02
    2    1.398333E-01    5.095811E-01    9.882688E+01
    3    1.398333E-01    5.095811E-01    1.719101E+01
    4    1.398333E-01    5.095811E-01    2.921980E+00
    1    1.400000E-01    5.102709E-01    5.080777E+02
    2    1.400000E-01    5.102709E-01    9.854905E+01
    3    1.400000E-01    5.102709E-01    1.714268E+01
    4    1.400000E-01    5.102709E-01    2.913766E+00
    1    1.401667E-01    5.109612E-01    5.066464E+02
    2    1.401667E-01    5.109612E-01    9.827142E+01
    3    1.401667E-01    5.109612E-01    1.709438E+01
    4    1.401667E-01    5.109612E-01    2.905557E+00
    1    1.403333E-01    5.116520E-01    5.052161E+02
    2    1.403333E-01    5.116520E-01    9.799400E+01
    3    1.403333E-01    5.116520E-01    1.704612E+01
    4    1.403333E-01    5.116520E-01    2.897355E+00
    1    1.405000E-01    5.123432E-01    5.037869E+02
    2    1.405000E-01    5.123432E-01    9.771678E+01
    3    1.405000E-01    5.123432E-01    1.699790E+01
    4    1.405000E-01    5.123432E-01    2.889159E+00
    1    1.406667E-01    5.130349E-01    5.023588E+02
    2    1.406667E-01    5.130349E-01    9.743977E+01
    3    1.406667E-01    5.130349E-01    1.694972E+01
    4    1.406667E-01    5.130349E-01    2.880968E+00
    1    1.408333E-01    5.137271E-01    5.009317E+02
    2    1.408333E-01    5.137271E-01    9.716296E+01
    3    1.408333E-01    5.137271E-01    1.690157E+01
    4    1.408333E-01    5.137271E-01    2.872784E+00
    1    1.410000E-01    5.144197E-01    4.995056E+02
    2    1.410000E-01    5.144197E-01    9.688637E+01
    3    1.410000E-01    5.144197E-01    1.685345E+01
    4    1.410000E-01    5.144197E-01    2.864606E+00
    1    1.411667E-01    5.151128E-01    4.980807E+02
    2    1.411667E-01    5.151128E-01    9.660998E+01
    3    1.411667E-01    5.151128E-01    1.680537E+01
    4    1.411667E-01    5.151128E-01    2.856434E+00
    1    1.413333E-01    5.158064E-01    4.966568E+02
    2    1.413333E-01    5.158064E-01    9.633380E+01
    3    1.413333E-01    5.158064E-01    1.675733E+01
    4    1.413333E-01    5.158064E-01    2.848268E+00
    1    1.415000E-01    5.165005E-01    4.952340E+02
    2    1.415000E-01    5.165005E-01    9.605783E+01
    3    1.415000E-01    5.165005E-01    1.670933E+01
    4    1.415000E-01    5.165005E-01    2.840109E+00
    1    1.416667E-01    5.171950E-01    4.938123E+02
    2    1.416667E-01    5.171950E-01    9.578207E+01
    3    1.416667E-01    5.171950E-01    1.666136E+01
    4    1.416667E-01    5.171950E-01    2.831956E+00
    1    1.418333E-01    5.178899E-01    4.923917E+02
    2    1.418333E-01    5.178899E-01    9.550652E+01
    3    1.418333E-01    5.178899E-01    1.661343E+01
    4    1.418333E-01    5.178899E-01    2.823808E+00
    1    1.420000E-01    5.185854E-01    4.909722E+02
    2    1.420000E-01    5.185854E-01    9.523118E+01
    3    1.420000E-01    5.185854E-01    1.656553E+01
    4    1.420000E-01    5.185854E-01    2.815668E+00
    1    1.421667E-01    5.192813E-01    4.895538E+02
    2    1.421667E-01    5.192813E-01    9.495606E+01
    3    1.421667E-01    5.192813E-01    1.651767E+01
    4    1.421667E-01    5.192813E-01    2.807533E+00
    1    1.423333E-01    5.199777E-01    4.881365E+02
    2    1.423333E-01    5.199777E-01    9.468115E+01
    3    1.423333E-01    5.199777E-01    1.646985E+01
    4    1.423333E-01    5.199777E-01    2.799405E+00
    1    1.425000E-01    5.206745E-01    4.867203E+02
    2    1.425000E-01    5.206745E-01    9.440646E+01
    3    1.425000E-01    5.206745E-01    1.642207E+01
    4    1.425000E-01    5.206745E-01    2.791283E+00
    1    1.426667E-01    5.213718E-01    4.853052E+02
    2    1.426667E-01    5.213718E-01    9.413198E+01
    3    1.426667E-01    5.213718E-01    1.637432E+01
    4    1.426667E-01    5.213718E-01    2.783168E+00
    1    1.428333E-01    5.220696E-01    4.838912E+02
    2    1.428333E-01    5.220696E-01    9.385772E+01
    3    1.428333E-01    5.220696E-01    1.632662E+01
    4    1.428333E-01    5.220696E-01    2.775059E+00
    1    1.430000E-01    5.227678E-01    4.824783E+02
    2    1.430000E-01    5.227678E-01    9.358367E+01
    3    1.430000E-01    5.227678E-01    1.627895E+01
    4    1.430000E-01    5.227678E-01    2.766956E+00
    1    1.431667E-01    5.234665E-01    4.810666E+02
    2    1.431667E-01    5.234665E-01    9.330984E+01
    3    1.431667E-01    5.234665E-01    1.623131E+01
    4    1.431667E-01    5.234665E-01    2.758860E+00
    1    1.433333E-01    5.241657E-01    4.796560E+02
    2    1.433333E-01    5.241657E-01    9.303624E+01
    3    1.433333E-01    5.241657E-01    1.618372E+01
    4    1.433333E-01    5.241657E-01    2.750770E+00
    1    1.435000E-01    5.248653E-01    4.782465E+02
    2    1.435000E-01    5.248653E-01    9.276285E+01
    3    1.435000E-01    5.248653E-01    1.613616E+01
    4    1.435000E-01    5.248653E-01    2.742687E+00
    1    1.436667E-01    5.255654E-01    4.768382E+02
    2    1.436667E-01    5.255654E-01    9.248968E+01
    3    1.436667E-01    5.255654E-01    1.608864E+01
    4    1.436667E-01    5.255654E-01    2.734611E+00
    1    1.438333E-01    5.262660E-01    4.754310E+02
    2    1.438333E-01    5.262660E-01    9.221673E+01
    3    1.438333E-01    5.262660E-01    1.604116E+01
    4    1.438333E-01    5.262660E-01    2.726540E+00
    1    1.440000E-01    5.269670E-01    4.740249E+02
    2    1.440000E-01    5.269670E-01    9.194400E+01
    3    1.440000E-01    5.269670E-01    1.599372E+01
    4    1.440000E-01    5.269670E-01    2.718477E+00
    1    1.441667E-01    5.276685E-01    4.726200E+02
    2    1.441667E-01    5.276685E-01    9.167150E+01
    3    1.441667E-01    5.276685E-01    1.594632E+01
    4    1.441667E-01    5.276685E-01    2.710420E+00
    1    1.443333E-01    5.283705E-01    4.712162E+02
    2    1.443333E-01    5.283705E-01    9.139922E+01
    3    1.443333E-01    5.283705E-01    1.589896E+01
    4    1.443333E-01    5.283705E-01    2.702369E+00
    1    1.445000E-01    5.290730E-01    4.698136E+02
    2    1.445000E-01    5.290730E-01    9.112717E+01
    3    1.445000E-01    5.290730E-01    1.585163E+01
    4    1.445000E-01    5.290730E-01    2.694326E+00
    1    1.446667E-01    5.297759E-01    4.684122E+02
    2    1.446667E-01    5.297759E-01    9.085534E+01
    3    1.446667E-01    5.297759E-01    1.580435E+01
    4    1.446667E-01    5.297759E-01    2.686289E+00
    1    1.448333E-01    5.304792E-01    4.670119E+02
    2    1.448333E-01    5.304792E-01    9.058373E+01
    3    1.448333E-01    5.304792E-01    1.575710E+01
    4    1.448333E-01    5.304792E-01    2.678258E+00
    1    1.450000E-01    5.311831E-01    4.656128E+02
    2    1.450000E-01    5.311831E-01    9.031236E+01
    3    1.450000E-01    5.311831E-01    1.570990E+01
    4    1.450000E-01    5.311831E-01    2.670235E+00
    1    1.451667E-01    5.318874E-01    4.642149E+02
    2    1.451667E-01    5.318874E-01    9.004121E+01
    3    1.451667E-01    5.318874E-01    1.566273E+01
    4    1.451667E-01    5.318874E-01    2.662218E+00
    1    1.453333E-01    5.325922E-01    4.628181E+02
    2    1.453333E-01    5.325922E-01    8.977029E+01
    3    1.453333E-01    5.325922E-01    1.561560E+01
    4    1.453333E-01    5.325922E-01    2.654207E+00
    1    1.455000E-01    5.332974E-01    4.614225E+02
    2    1.455000E-01    5.332974E-01    8.949960E+01
    3    1.455000E-01    5.332974E-01    1.556852E+01
    4    1.455000E-01    5.332974E-01    2.646204E+00
    1    1.456667E-01    5.340031E-01    4.600282E+02
    2    1.456667E-01    5.340031E-01    8.922913E+01
    3    1.456667E-01    5.340031E-01    1.552147E+01
    4    1.456667E-01    5.340031E-01    2.638207E+00
    1    1.458333E-01    5.347093E-01    4.586350E+02
    2    1.458333E-01    5.347093E-01    8.895890E+01
    3    1.458333E-01    5.347093E-01    1.547446E+01
    4    1.458333E-01    5.347093E-01    2.630217E+00
    1    1.460000E-01    5.354159E-01    4.572430E+02
    2    1.460000E-01    5.354159E-01    8.868890E+01
    3    1.460000E-01    5.354159E-01    1.542750E+01
    4    1.460000E-01    5.354159E-01    2.622234E+00
    1    1.461667E-01    5.361230E-01    4.558522E+02
    2    1.461667E-01    5.361230E-01    8.841914E+01
    3    1.461667E-01    5.361230E-01    1.538057E+01
    4    1.461667E-01    5.361230E-01    2.614258E+00
    1    1.463333E-01    5.368306E-01    4.544626E+02
    2    1.463333E-01    5.368306E-01    8.814961E+01
    3    1.463333E-01    5.368306E-01    1.533369E+01
    4    1.463333E-01    5.368306E-01    2.606289E+00
    1    1.465000E-01    5.375386E-01    4.530742E+02
    2    1.465000E-01    5.375386E-01    8.788031E+01
    3    1.465000E-01    5.375386E-01    1.528684E+01
    4    1.465000E-01    5.375386E-01    2.598327E+00
    1    1.466667E-01    5.382471E-01    4.516870E+02
    2    1.466667E-01    5.382471E-01    8.761124E+01
    3    1.466667E-01    5.382471E-01    1.524004E+01
    4    1.466667E-01    5.382471E-01    2.590372E+00
    1    1.468333E-01    5.389561E-01    4.503010E+02
    2    1.468333E-01    5.389561E-01    8.734241E+01
    3    1.468333E-01    5.389561E-01    1.519327E+01
    4    1.468333E-01    5.389561E-01    2.582423E+00
    1    1.470000E-01    5.396655E-01    4.489163E+02
    2    1.470000E-01    5.396655E-01    8.707382E+01
    3    1.470000E-01    5.396655E-01    1.514655E+01
    4    1.470000E-01    5.396655E-01    2.574482E+00
    1    1.471667E-01    5.403754E-01    4.475327E+02
    2    1.471667E-01    5.403754E-01    8.680547E+01
    3    1.471667E-01    5.403754E-01    1.509987E+01
    4    1.471667E-01    5.403754E-01    2.566547E+00
    1    1.473333E-01    5.410858E-01    4.461504E+02
    2    1.473333E-01    5.410858E-01    8.653735E+01
    3    1.473333E-01    5.410858E-01    1.505323E+01
    4    1.473333E-01    5.410858E-01    2.558620E+00
    1    1.475000E-01    5.417966E-01    4.447694E+02
    2    1.475000E-01    5.417966E-01    8.626947E+01
    3    1.475000E-01    5.417966E-01    1.500664E+01
    4    1.475000E-01    5.417966E-01    2.550700E+00
    1    1.476667E-01    5.425079E-01    4.433895E+02
    2    1.476667E-01    5.425079E-01    8.600184E+01
    3    1.476667E-01    5.425079E-01    1.496008E+01
    4    1.476667E-01    5.425079E-01    2.542787E+00
    1    1.478333E-01    5.432197E-01    4.420110E+02
    2    1.478333E-01    5.432197E-01    8.573444E+01
    3    1.478333E-01    5.432197E-01    1.491357E+01
    4    1.478333E-01    5.432197E-01    2.534881E+00
    1    1.480000E-01    5.439320E-01    4.406336E+02
    2    1.480000E-01    5.439320E-01    8.546728E+01
    3    1.480000E-01    5.439320E-01    1.486709E+01
    4    1.480000E-01    5.439320E-01    2.526982E+00
    1    1.481667E-01    5.446447E-01    4.392575E+02
    2    1.481667E-01    5.446447E-01    8.520037E+01
    3    1.481667E-01    5.446447E-01    1.482066E+01
    4    1.481667E-01    5.446447E-01    2.519090E+00
    1    1.483333E-01    5.453578E-01    4.378827E+02
    2    1.483333E-01    5.453578E-01    8.493370E+01
    3    1.483333E-01    5.453578E-01    1.477428E+01
    4    1.483333E-01    5.453578E-01    2.511206E+00
    1    1.485000E-01    5.460715E-01    4.365091E+02
    2    1.485000E-01    5.460715E-01    8.466727E+01
    3    1.485000E-01    5.460715E-01    1.472793E+01
    4    1.485000E-01    5.460715E-01    2.503328E+00
    1    1.486667E-01    5.467856E-01    4.351368E+02
    2    1.486667E-01    5.467856E-01    8.440109E+01
    3    1.486667E-01    5.467856E-01    1.468163E+01
    4    1.486667E-01    5.467856E-01    2.495458E+00
    1    1.488333E-01    5.475001E-01    4.337657E+02
    2    1.488333E-01    5.475001E-01    8.413516E+01
    3    1.488333E-01    5.475001E-01    1.463537E+01
    4    1.488333E-01    5.475001E-01    2.487595E+00
    1    1.490000E-01    5.482152E-01    4.323959E+02
    2    1.490000E-01    5.482152E-01    8.386947E+01
    3    1.490000E-01    5.482152E-01    1.458915E+01
    4    1.490000E-01    5.482152E-01    2.479740E+00
    1    1.491667E-01    5.489307E-01    4.310274E+02
    2    1.491667E-01    5.489307E-01    8.360402E+01
    3    1.491667E-01    5.489307E-01    1.454298E+01
    4    1.491667E-01    5.489307E-01    2.471891E+00
    1    1.493333E-01    5.496467E-01    4.296602E+02
    2    1.493333E-01    5.496467E-01    8.333883E+01
    3    1.493333E-01    5.496467E-01    1.449685E+01
    4    1.493333E-01    5.496467E-01    2.464051E+00
    1    1.495000E-01    5.503631E-01    4.282943E+02
    2    1.495000E-01    5.503631E-01    8.307388E+01
    3    1.495000E-01    5.503631E-01    1.445076E+01
    4    1.495000E-01    5.503631E-01    2.456217E+00
    1    1.496667E-01    5.510800E-01    4.269296E+02
    2    1.496667E-01    5.510800E-01    8.280919E+01
    3    1.496667E-01    5.510800E-01    1.440472E+01
    4    1.496667E-01    5.510800E-01    2.448391E+00
    1    1.498333E-01    5.517974E-01    4.255662E+02
    2    1.498333E-01    5.517974E-01    8.254474E+01
    3    1.498333E-01    5.517974E-01    1.435872E+01
    4    1.498333E-01    5.517974E-01    2.440572E+00
    1    1.500000E-01    5.525152E-01    4.242041E+02
    2    1.500000E-01    5.525152E-01    8.228055E+01
    3    1.500000E-01    5.525152E-01    1.431276E+01
    4    1.500000E-01    5.525152E-01    2.432761E+00
    1    1.501667E-01    5.532335E-01    4.228434E+02
    2    1.501667E-01    5.532335E-01    8.201661E+01
    3    1.501667E-01    5.532335E-01    1.426685E+01
    4    1.501667E-01    5.532335E-01    2.424957E+00
    1    1.503333E-01    5.539523E-01    4.214839E+02
    2    1.503333E-01    5.539523E-01    8.175292E+01
    3    1.503333E-01    5.539523E-01    1.422098E+01
    4    1.503333E-01    5.539523E-01    2.417160E+00
    1    1.505000E-01    5.546715E-01    4.201257E+02
    2    1.505000E-01    5.546715E-01    8.148948E+01
    3    1.505000E-01    5.546715E-01    1.417515E+01
    4    1.505000E-01    5.546715E-01    2.409372E+00
    1    1.506667E-01    5.553912E-01    4.187689E+02
    2    1.506667E-01    5.553912E-01    8.122630E+01
    3    1.506667E-01    5.553912E-01    1.412937E+01
    4    1.506667E-01    5.553912E-01    2.401590E+00
    1    1.508333E-01    5.561114E-01    4.174134E+02
    2    1.508333E-01    5.561114E-01    8.096338E+01
    3    1.508333E-01    5.561114E-01    1.408364E+01
    4    1.508333E-01    5.561114E-01    2.393816E+00
    1    1.510000E-01    5.568320E-01    4.160592E+02
    2    1.510000E-01    5.568320E-01    8.070071E+01
    3    1.510000E-01    5.568320E-01    1.403794E+01
    4    1.510000E-01    5.568320E-01    2.386050E+00
    1    1.511667E-01    5.575531E-01    4.147063E+02
    2    1.511667E-01    5.575531E-01    8.043830E+01
    3    1.511667E-01    5.575531E-01    1.399230E+01
    4    1.511667E-01    5.575531E-01    2.378292E+00
    1    1.513333E-01    5.582747E-01    4.133547E+02
    2    1.513333E-01    5.582747E-01    8.017614E+01
    3    1.513333E-01    5.582747E-01    1.394670E+01
    4    1.513333E-01    5.582747E-01    2.370541E+00
    1    1.515000E-01    5.589967E-01    4.120045E+02
    2    1.515000E-01    5.589967E-01    7.991425E+01
    3    1.515000E-01    5.589967E-01    1.390114E+01
    4    1.515000E-01    5.589967E-01    2.362797E+00
    1    1.516667E-01    5.597192E-01    4.106556E+02
    2    1.516667E-01    5.597192E-01    7.965261E+01
    3    1.516667E-01    5.597192E-01    1.385563E+01
    4    1.516667E-01    5.597192E-01    2.355062E+00
    1    1.518333E-01    5.604422E-01    4.093081E+02
    2    1.518333E-01    5.604422E-01    7.939124E+01
    3    1.518333E-01    5.604422E-01    1.381016E+01
    4    1.518333E-01    5.604422E-01    2.347334E+00
    1    1.520000E-01    5.611656E-01    4.079619E+02
    2    1.520000E-01    5.611656E-01    7.913013E+01
    3    1.520000E-01    5.611656E-01    1.376474E+01
    4    1.520000E-01    5.611656E-01    2.339613E+00
    1    1.521667E-01    5.618895E-01    4.066170E+02
    2    1.521667E-01    5.618895E-01    7.886927E+01
    3    1.521667E-01    5.618895E-01    1.371937E+01
    4    1.521667E-01    5.618895E-01    2.331901E+00
    1    1.523333E-01    5.626139E-01    4.052736E+02
    2    1.523333E-01    5.626139E-01    7.860869E+01
    3    1.523333E-01    5.626139E-01    1.367404E+01
    4    1.523333E-01    5.626139E-01    2.324196E+00
    1    1.525000E-01    5.633388E-01    4.039314E+02
    2    1.525000E-01    5.633388E-01    7.834836E+01
    3    1.525000E-01    5.633388E-01    1.362875E+01
    4    1.525000E-01    5.633388E-01    2.316499E+00
    1    1.526667E-01    5.640641E-01    4.025907E+02
    2    1.526667E-01    5.640641E-01    7.808830E+01
    3    1.526667E-01    5.640641E-01    1.358351E+01
    4    1.526667E-01    5.640641E-01    2.308810E+00
    1    1.528333E-01    5.647898E-01    4.012513E+02
    2    1.528333E-01    5.647898E-01    7.782851E+01
    3    1.528333E-01    5.647898E-01    1.353832E+01
    4    1.528333E-01    5.647898E-01    2.301129E+00
    1    1.530000E-01    5.655161E-01    3.999133E+02
    2    1.530000E-01    5.655161E-01    7.756898E+01
    3    1.530000E-01    5.655161E-01    1.349318E+01
    4    1.530000E-01    5.655161E-01    2.293455E+00
    1    1.531667E-01    5.662428E-01    3.985766E+02
    2    1.531667E-01    5.662428E-01    7.730972E+01
    3    1.531667E-01    5.662428E-01    1.344808E+01
    4    1.531667E-01    5.662428E-01    2.285790E+00
    1    1.533333E-01    5.669699E-01    3.972413E+02
    2    1.533333E-01    5.669699E-01    7.705072E+01
    3    1.533333E-01    5.669699E-01    1.340303E+01
    4    1.533333E-01    5.669699E-01    2.278132E+00
    1    1.535000E-01    5.676976E-01    3.959075E+02
    2    1.535000E-01    5.676976E-01    7.679200E+01
    3    1.535000E-01    5.676976E-01    1.335802E+01
    4    1.535000E-01    5.676976E-01    2.270483E+00
    1    1.536667E-01    5.684257E-01    3.945750E+02
    2    1.536667E-01    5.684257E-01    7.653354E+01
    3    1.536667E-01    5.684257E-01    1.331306E+01
    4    1.536667E-01    5.684257E-01    2.262841E+00
    1    1.538333E-01    5.691542E-01    3.932439E+02
    2    1.538333E-01    5.691542E-01    7.627536E+01
    3    1.538333E-01    5.691542E-01    1.326815E+01
    4    1.538333E-01    5.691542E-01    2.255207E+00
    1    1.540000E-01    5.698833E-01    3.919142E+02
    2    1.540000E-01    5.698833E-01    7.601745E+01
    3    1.540000E-01    5.698833E-01    1.322329E+01
    4    1.540000E-01    5.698833E-01    2.247582E+00
    1    1.541667E-01    5.706128E-01    3.905859E+02
    2    1.541667E-01    5.706128E-01    7.575980E+01
    3    1.541667E-01    5.706128E-01    1.317847E+01
    4    1.541667E-01    5.706128E-01    2.239964E+00
    1    1.543333E-01    5.713427E-01    3.892590E+02
    2    1.543333E-01    5.713427E-01    7.550244E+01
    3    1.543333E-01    5.713427E-01    1.313370E+01
    4    1.543333E-01    5.713427E-01    2.232355E+00
    1    1.545000E-01    5.720732E-01    3.879336E+02
    2    1.545000E-01    5.720732E-01    7.524534E+01
    3    1.545000E-01    5.720732E-01    1.308898E+01
    4    1.545000E-01    5.720732E-01    2.224753E+00
    1    1.546667E-01    5.728041E-01    3.866095E+02
    2    1.546667E-01    5.728041E-01    7.498852E+01
    3    1.546667E-01    5.728041E-01    1.304431E+01
    4    1.546667E-01    5.728041E-01    2.217160E+00
    1    1.548333E-01    5.735355E-01    3.852869E+02
    2    1.548333E-01    5.735355E-01    7.473198E+01
    3    1.548333E-01    5.735355E-01    1.299968E+01
    4    1.548333E-01    5.735355E-01    2.209575E+00
    1    1.550000E-01    5.742673E-01    3.839657E+02
    2    1.550000E-01    5.742673E-01    7.447571E+01
    3    1.550000E-01    5.742673E-01    1.295510E+01
    4    1.550000E-01    5.742673E-01    2.201998E+00
    1    1.551667E-01    5.749996E-01    3.826459E+02
    2    1.551667E-01    5.749996E-01    7.421972E+01
    3    1.551667E-01    5.749996E-01    1.291057E+01
    4    1.551667E-01    5.749996E-01    2.194429E+00
    1    1.553333E-01    5.757324E-01    3.813275E+02
    2    1.553333E-01    5.757324E-01    7.396401E+01
    3    1.553333E-01    5.757324E-01    1.286609E+01
    4    1.553333E-01    5.757324E-01    2.186868E+00
    1    1.555000E-01    5.764656E-01    3.800106E+02
    2    1.555000E-01    5.764656E-01    7.370857E+01
    3    1.555000E-01    5.764656E-01    1.282166E+01
    4    1.555000E-01    5.764656E-01    2.179316E+00
    1    1.556667E-01    5.771993E-01    3.786951E+02
    2    1.556667E-01    5.771993E-01    7.345342E+01
    3    1.556667E-01    5.771993E-01    1.277727E+01
    4    1.556667E-01    5.771993E-01    2.171772E+00
    1    1.558333E-01    5.779335E-01    3.773811E+02
    2    1.558333E-01    5.779335E-01    7.319854E+01
    3    1.558333E-01    5.779335E-01    1.273294E+01
    4    1.558333E-01    5.779335E-01    2.164236E+00
    1    1.560000E-01    5.786681E-01    3.760686E+02
    2    1.560000E-01    5.786681E-01    7.294395E+01
    3    1.560000E-01    5.786681E-01    1.268865E+01
    4    1.560000E-01    5.786681E-01    2.156709E+00
    1    1.561667E-01    5.794032E-01    3.747574E+02
    2    1.561667E-01    5.794032E-01    7.268964E+01
    3    1.561667E-01    5.794032E-01    1.264441E+01
    4    1.561667E-01    5.794032E-01    2.149190E+00
    1    1.563333E-01    5.801388E-01    3.734478E+02
    2    1.563333E-01    5.801388E-01    7.243562E+01
    3    1.563333E-01    5.801388E-01    1.260023E+01
    4    1.563333E-01    5.801388E-01    2.141679E+00
    1    1.565000E-01    5.808748E-01    3.721396E+02
    2    1.565000E-01    5.808748E-01    7.218187E+01
    3    1.565000E-01    5.808748E-01    1.255609E+01
    4    1.565000E-01    5.808748E-01    2.134177E+00
    1    1.566667E-01    5.816113E-01    3.708329E+02
    2    1.566667E-01    5.816113E-01    7.192841E+01
    3    1.566667E-01    5.816113E-01    1.251200E+01
    4    1.566667E-01    5.816113E-01    2.126683E+00
    1    1.568333E-01    5.823483E-01    3.695276E+02
    2    1.568333E-01    5.823483E-01    7.167524E+01
    3    1.568333E-01    5.823483E-01    1.246796E+01
    4    1.568333E-01    5.823483E-01    2.119197E+00
    1    1.570000E-01    5.830857E-01    3.682238E+02
    2    1.570000E-01    5.830857E-01    7.142236E+01
    3    1.570000E-01    5.830857E-01    1.242397E+01
    4    1.570000E-01    5.830857E-01    2.111720E+00
    1    1.571667E-01    5.838236E-01    3.669215E+02
    2    1.571667E-01    5.838236E-01    7.116976E+01
    3    1.571667E-01    5.838236E-01    1.238003E+01
    4    1.571667E-01    5.838236E-01    2.104252E+00
    1    1.573333E-01    5.845620E-01    3.656207E+02
    2    1.573333E-01    5.845620E-01    7.091745E+01
    3    1.573333E-01    5.845620E-01    1.233614E+01
    4    1.573333E-01    5.845620E-01    2.096792E+00
    1    1.575000E-01    5.853008E-01    3.643214E+02
    2    1.575000E-01    5.853008E-01    7.066542E+01
    3    1.575000E-01    5.853008E-01    1.229230E+01
    4    1.575000E-01    5.853008E-01    2.089340E+00
    1    1.576667E-01    5.860401E-01    3.630236E+02
    2    1.576667E-01    5.860401E-01    7.041369E+01
    3    1.576667E-01    5.860401E-01    1.224851E+01
    4    1.576667E-01    5.860401E-01    2.081897E+00
    1    1.578333E-01    5.867799E-01    3.617273E+02
    2    1.578333E-01    5.867799E-01    7.016225E+01
    3    1.578333E-01    5.867799E-01    1.220477E+01
    4    1.578333E-01    5.867799E-01    2.074463E+00
    1    1.580000E-01    5.875201E-01    3.604324E+02
    2    1.580000E-01    5.875201E-01    6.991110E+01
    3    1.580000E-01    5.875201E-01    1.216109E+01
    4    1.580000E-01    5.875201E-01    2.067038E+00
    1    1.581667E-01    5.882608E-01    3.591391E+02
    2    1.581667E-01    5.882608E-01    6.966025E+01
    3    1.581667E-01    5.882608E-01    1.211745E+01
    4    1.581667E-01    5.882608E-01    2.059621E+00
    1    1.583333E-01    5.890020E-01    3.578473E+02
    2    1.583333E-01    5.890020E-01    6.940968E+01
    3    1.583333E-01    5.890020E-01    1.207386E+01
    4    1.583333E-01    5.890020E-01    2.052212E+00
    1    1.585000E-01    5.897436E-01    3.565570E+02
    2    1.585000E-01    5.897436E-01    6.915941E+01
    3    1.585000E-01    5.897436E-01    1.203033E+01
    4    1.585000E-01    5.897436E-01    2.044813E+00
    1    1.586667E-01    5.904857E-01    3.552683E+02
    2    1.586667E-01    5.904857E-01    6.890944E+01
    3    1.586667E-01    5.904857E-01    1.198684E+01
    4    1.586667E-01    5.904857E-01    2.037422E+00
    1    1.588333E-01    5.912283E-01    3.539810E+02
    2    1.588333E-01    5.912283E-01    6.865976E+01
    3    1.588333E-01    5.912283E-01    1.194341E+01
    4    1.588333E-01    5.912283E-01    2.030040E+00
    1    1.590000E-01    5.919713E-01    3.526953E+02
    2    1.590000E-01    5.919713E-01    6.841038E+01
    3    1.590000E-01    5.919713E-01    1.190003E+01
    4    1.590000E-01    5.919713E-01    2.022666E+00
    1    1.591667E-01    5.927148E-01    3.514112E+02
    2    1.591667E-01    5.927148E-01    6.816129E+01
    3    1.591667E-01    5.927148E-01    1.185670E+01
    4    1.591667E-01    5.927148E-01    2.015302E+00
    1    1.593333E-01    5.934588E-01    3.501285E+02
    2    1.593333E-01    5.934588E-01    6.791251E+01
    3    1.593333E-01    5.934588E-01    1.181343E+01
    4    1.593333E-01    5.934588E-01    2.007946E+00
    1    1.595000E-01    5.942032E-01    3.488474E+02
    2    1.595000E-01    5.942032E-01    6.766402E+01
    3    1.595000E-01    5.942032E-01    1.177020E+01
    4    1.595000E-01    5.942032E-01    2.000599E+00
    1    1.596667E-01    5.949481E-01    3.475679E+02
    2    1.596667E-01    5.949481E-01    6.741583E+01
    3    1.596667E-01    5.949481E-01    1.172703E+01
    4    1.596667E-01    5.949481E-01    1.993261E+00
    1    1.598333E-01    5.956935E-01    3.462899E+02
    2    1.598333E-01    5.956935E-01    6.716795E+01
    3    1.598333E-01    5.956935E-01    1.168391E+01
    4    1.598333E-01    5.956935E-01    1.985932E+00
    1    1.600000E-01    5.964393E-01    3.450134E+02
    2    1.600000E-01    5.964393E-01    6.692036E+01
    3    1.600000E-01    5.964393E-01    1.164084E+01
    4    1.600000E-01    5.964393E-01    1.978611E+00
    1    1.601667E-01    5.971856E-01    3.437386E+02
    2    1.601667E-01    5.971856E-01    6.667308E+01
    3    1.601667E-01    5.971856E-01    1.159783E+01
    4    1.601667E-01    5.971856E-01    1.971300E+00
    1    1.603333E-01    5.979324E-01    3.424652E+02
    2    1.603333E-01    5.979324E-01    6.642610E+01
    3    1.603333E-01    5.979324E-01    1.155487E+01
    4    1.603333E-01    5.979324E-01    1.963998E+00
    1    1.605000E-01    5.986796E-01    3.411935E+02
    2    1.605000E-01    5.986796E-01    6.617943E+01
    3    1.605000E-01    5.986796E-01    1.151196E+01
    4    1.605000E-01    5.986796E-01    1.956704E+00
    1    1.606667E-01    5.994273E-01    3.399233E+02
    2    1.606667E-01    5.994273E-01    6.593306E+01
    3    1.606667E-01    5.994273E-01    1.146910E+01
    4    1.606667E-01    5.994273E-01    1.949420E+00
    1    1.608333E-01    6.001755E-01    3.386547E+02
    2    1.608333E-01    6.001755E-01    6.568700E+01
    3    1.608333E-01    6.001755E-01    1.142630E+01
    4    1.608333E-01    6.001755E-01    1.942145E+00
    1    1.610000E-01    6.009241E-01    3.373877E+02
    2    1.610000E-01    6.009241E-01    6.544124E+01
    3    1.610000E-01    6.009241E-01    1.138355E+01
    4    1.610000E-01    6.009241E-01    1.934879E+00
    1    1.611667E-01    6.016732E-01    3.361223E+02
    2    1.611667E-01    6.016732E-01    6.519580E+01
    3    1.611667E-01    6.016732E-01    1.134085E+01
    4    1.611667E-01    6.016732E-01    1.927622E+00
    1    1.613333E-01    6.024228E-01    3.348585E+02
    2    1.613333E-01    6.024228E-01    6.495066E+01
    3    1.613333E-01    6.024228E-01    1.129821E+01
    4    1.613333E-01    6.024228E-01    1.920374E+00
    1    1.615000E-01    6.031728E-01    3.335962E+02
    2    1.615000E-01    6.031728E-01    6.470583E+01
    3    1.615000E-01    6.031728E-01    1.125562E+01
    4    1.615000E-01    6.031728E-01    1.913135E+00
    1    1.616667E-01    6.039233E-01    3.323356E+02
    2    1.616667E-01    6.039233E-01    6.446131E+01
    3    1.616667E-01    6.039233E-01    1.121309E+01
    4    1.616667E-01    6.039233E-01    1.905905E+00
    1    1.618333E-01    6.046743E-01    3.310766E+02
    2    1.618333E-01    6.046743E-01    6.421710E+01
    3    1.618333E-01    6.046743E-01    1.117061E+01
    4    1.618333E-01    6.046743E-01    1.898685E+00
    1    1.620000E-01    6.054257E-01    3.298191E+02
    2    1.620000E-01    6.054257E-01    6.397321E+01
    3    1.620000E-01    6.054257E-01    1.112818E+01
    4    1.620000E-01    6.054257E-01    1.891474E+00
    1    1.621667E-01    6.061776E-01    3.285633E+02
    2    1.621667E-01    6.061776E-01    6.372963E+01
    3    1.621667E-01    6.061776E-01    1.108581E+01
    4    1.621667E-01    6.061776E-01    1.884272E+00
    1    1.623333E-01    6.069300E-01    3.273091E+02
    2    1.623333E-01    6.069300E-01    6.348636E+01
    3    1.623333E-01    6.069300E-01    1.104350E+01
    4    1.623333E-01    6.069300E-01    1.877079E+00
    1    1.625000E-01    6.076828E-01    3.260566E+02
    2    1.625000E-01    6.076828E-01    6.324340E+01
    3    1.625000E-01    6.076828E-01    1.100123E+01
    4    1.625000E-01    6.076828E-01    1.869896E+00
    1    1.626667E-01    6.084361E-01    3.248056E+02
    2    1.626667E-01    6.084361E-01    6.300077E+01
    3    1.626667E-01    6.084361E-01    1.095903E+01
    4    1.626667E-01    6.084361E-01    1.862722E+00
    1    1.628333E-01    6.091899E-01    3.235563E+02
    2    1.628333E-01    6.091899E-01    6.275844E+01
    3    1.628333E-01    6.091899E-01    1.091688E+01
    4    1.628333E-01    6.091899E-01    1.855557E+00
    1    1.630000E-01    6.099441E-01    3.223087E+02
    2    1.630000E-01    6.099441E-01    6.251644E+01
    3    1.630000E-01    6.099441E-01    1.087478E+01
    4    1.630000E-01    6.099441E-01    1.848402E+00
    1    1.631667E-01    6.106988E-01    3.210626E+02
    2    1.631667E-01    6.106988E-01    6.227475E+01
    3    1.631667E-01    6.106988E-01    1.083274E+01
    4    1.631667E-01    6.106988E-01    1.841256E+00
    1    1.633333E-01    6.114540E-01    3.198182E+02
    2    1.633333E-01    6.114540E-01    6.203339E+01
    3    1.633333E-01    6.114540E-01    1.079075E+01
    4    1.633333E-01    6.114540E-01    1.834120E+00
    1    1.635000E-01    6.122096E-01    3.185755E+02
    2    1.635000E-01    6.122096E-01    6.179234E+01
    3    1.635000E-01    6.122096E-01    1.074882E+01
    4    1.635000E-01    6.122096E-01    1.826993E+00
    1    1.636667E-01    6.129657E-01    3.173344E+02
    2    1.636667E-01    6.129657E-01    6.155161E+01
    3    1.636667E-01    6.129657E-01    1.070695E+01
    4    1.636667E-01    6.129657E-01    1.819875E+00
    1    1.638333E-01    6.137223E-01    3.160950E+02
    2    1.638333E-01    6.137223E-01    6.131121E+01
    3    1.638333E-01    6.137223E-01    1.066513E+01
    4    1.638333E-01    6.137223E-01    1.812768E+00
    1    1.640000E-01    6.144793E-01    3.148572E+02
    2    1.640000E-01    6.144793E-01    6.107113E+01
    3    1.640000E-01    6.144793E-01    1.062337E+01
    4    1.640000E-01    6.144793E-01    1.805669E+00
    1    1.641667E-01    6.152368E-01    3.136211E+02
    2    1.641667E-01    6.152368E-01    6.083137E+01
    3    1.641667E-01    6.152368E-01    1.058166E+01
    4    1.641667E-01    6.152368E-01    1.798580E+00
    1    1.643333E-01    6.159948E-01    3.123867E+02
    2    1.643333E-01    6.159948E-01    6.059194E+01
    3    1.643333E-01    6.159948E-01    1.054001E+01
    4    1.643333E-01    6.159948E-01    1.791501E+00
    1    1.645000E-01    6.167532E-01    3.111540E+02
    2    1.645000E-01    6.167532E-01    6.035283E+01
    3    1.645000E-01    6.167532E-01    1.049842E+01
    4    1.645000E-01    6.167532E-01    1.784431E+00
    1    1.646667E-01    6.175121E-01    3.099229E+02
    2    1.646667E-01    6.175121E-01    6.011404E+01
    3    1.646667E-01    6.175121E-01    1.045688E+01
    4    1.646667E-01    6.175121E-01    1.777371E+00
    1    1.648333E-01    6.182715E-01    3.086935E+02
    2    1.648333E-01    6.182715E-01    5.987559E+01
    3    1.648333E-01    6.182715E-01    1.041540E+01
    4    1.648333E-01    6.182715E-01    1.770321E+00
    1    1.650000E-01    6.190313E-01    3.074658E+02
    2    1.650000E-01    6.190313E-01    5.963746E+01
    3    1.650000E-01    6.190313E-01    1.037398E+01
    4    1.650000E-01    6.190313E-01    1.763280E+00
    1    1.651667E-01    6.197916E-01    3.062398E+02
    2    1.651667E-01    6.197916E-01    5.939966E+01
    3    1.651667E-01    6.197916E-01    1.033261E+01
    4    1.651667E-01    6.197916E-01    1.756249E+00
    1    1.653333E-01    6.205524E-01    3.050156E+02
    2    1.653333E-01    6.205524E-01    5.916219E+01
    3    1.653333E-01    6.205524E-01    1.029130E+01
    4    1.653333E-01    6.205524E-01    1.749228E+00
    1    1.655000E-01    6.213136E-01    3.037930E+02
    2    1.655000E-01    6.213136E-01    5.892505E+01
    3    1.655000E-01    6.213136E-01    1.025005E+01
    4    1.655000E-01    6.213136E-01    1.742217E+00
    1    1.656667E-01    6.220753E-01    3.025721E+02
    2    1.656667E-01    6.220753E-01    5.868824E+01
    3    1.656667E-01    6.220753E-01    1.020886E+01
    4    1.656667E-01    6.220753E-01    1.735215E+00
    1    1.658333E-01    6.228375E-01    3.013529E+02
    2    1.658333E-01    6.228375E-01    5.845177E+01
    3    1.658333E-01    6.228375E-01    1.016773E+01
    4    1.658333E-01    6.228375E-01    1.728223E+00
    1    1.660000E-01    6.236001E-01    3.001355E+02
    2    1.660000E-01    6.236001E-01    5.821562E+01
    3    1.660000E-01    6.236001E-01    1.012665E+01
    4    1.660000E-01    6.236001E-01    1.721241E+00
    1    1.661667E-01    6.243632E-01    2.989197E+02
    2    1.661667E-01    6.243632E-01    5.797982E+01
    3    1.661667E-01    6.243632E-01    1.008563E+01
    4    1.661667E-01    6.243632E-01    1.714269E+00
    1    1.663333E-01    6.251268E-01    2.977057E+02
    2    1.663333E-01    6.251268E-01    5.774434E+01
    3    1.663333E-01    6.251268E-01    1.004467E+01
    4    1.663333E-01    6.251268E-01    1.707307E+00
    1    1.665000E-01    6.258908E-01    2.964934E+02
    2    1.665000E-01    6.258908E-01    5.750920E+01
    3    1.665000E-01    6.258908E-01    1.000377E+01
    4    1.665000E-01    6.258908E-01    1.700355E+00
    1    1.666667E-01    6.266553E-01    2.952829E+02
    2    1.666667E-01    6.266553E-01    5.727440E+01
    3    1.666667E-01    6.266553E-01    9.962922E+00
    4    1.666667E-01    6.266553E-01    1.693413E+00
    1    1.668333E-01    6.274203E-01    2.940741E+02
    2    1.668333E-01    6.274203E-01    5.703994E+01
    3    1.668333E-01    6.274203E-01    9.922137E+00
    4    1.668333E-01    6.274203E-01    1.686480E+00
    1    1.670000E-01    6.281857E-01    2.928670E+02
    2    1.670000E-01    6.281857E-01    5.680581E+01
    3    1.670000E-01    6.281857E-01    9.881410E+00
    4    1.670000E-01    6.281857E-01    1.679558E+00
    1    1.671667E-01    6.289516E-01    2.916617E+02
    2    1.671667E-01    6.289516E-01    5.657202E+01
    3    1.671667E-01    6.289516E-01    9.840743E+00
    4    1.671667E-01    6.289516E-01    1.672646E+00
    1    1.673333E-01    6.297180E-01    2.904582E+02
    2    1.673333E-01    6.297180E-01    5.633858E+01
    3    1.673333E-01    6.297180E-01    9.800135E+00
    4    1.673333E-01    6.297180E-01    1.665743E+00
    1    1.675000E-01    6.304848E-01    2.892564E+02
    2    1.675000E-01    6.304848E-01    5.610547E+01
    3    1.675000E-01    6.304848E-01    9.759586E+00
    4    1.675000E-01    6.304848E-01    1.658851E+00
    1    1.676667E-01    6.312521E-01    2.880563E+02
    2    1.676667E-01    6.312521E-01    5.587271E+01
    3    1.676667E-01    6.312521E-01    9.719096E+00
    4    1.676667E-01    6.312521E-01    1.651969E+00
    1    1.678333E-01    6.320199E-01    2.868581E+02
    2    1.678333E-01    6.320199E-01    5.564029E+01
    3    1.678333E-01    6.320199E-01    9.678667E+00
    4    1.678333E-01    6.320199E-01    1.645097E+00
    1    1.680000E-01    6.327881E-01    2.856616E+02
    2    1.680000E-01    6.327881E-01    5.540821E+01
    3    1.680000E-01    6.327881E-01    9.638296E+00
    4    1.680000E-01    6.327881E-01    1.638235E+00
    1    1.681667E-01    6.335568E-01    2.844669E+02
    2    1.681667E-01    6.335568E-01    5.517647E+01
    3    1.681667E-01    6.335568E-01    9.597986E+00
    4    1.681667E-01    6.335568E-01    1.631384E+00
    1    1.683333E-01    6.343260E-01    2.832739E+02
    2    1.683333E-01    6.343260E-01    5.494509E+01
    3    1.683333E-01    6.343260E-01    9.557736E+00
    4    1.683333E-01    6.343260E-01    1.624543E+00
    1    1.685000E-01    6.350956E-01    2.820828E+02
    2    1.685000E-01    6.350956E-01    5.471404E+01
    3    1.685000E-01    6.350956E-01    9.517546E+00
    4    1.685000E-01    6.350956E-01    1.617711E+00
    1    1.686667E-01    6.358657E-01    2.808934E+02
    2    1.686667E-01    6.358657E-01    5.448335E+01
    3    1.686667E-01    6.358657E-01    9.477417E+00
    4    1.686667E-01    6.358657E-01    1.610891E+00
    1    1.688333E-01    6.366363E-01    2.797058E+02
    2    1.688333E-01    6.366363E-01    5.425300E+01
    3    1.688333E-01    6.366363E-01    9.437348E+00
    4    1.688333E-01    6.366363E-01    1.604080E+00
    1    1.690000E-01    6.374073E-01    2.785201E+02
    2    1.690000E-01    6.374073E-01    5.402301E+01
    3    1.690000E-01    6.374073E-01    9.397340E+00
    4    1.690000E-01    6.374073E-01    1.597280E+00
    1    1.691667E-01    6.381788E-01    2.773361E+02
    2    1.691667E-01    6.381788E-01    5.379336E+01
    3    1.691667E-01    6.381788E-01    9.357392E+00
    4    1.691667E-01    6.381788E-01    1.590490E+00
    1    1.693333E-01    6.389508E-01    2.761539E+02
    2    1.693333E-01    6.389508E-01    5.356406E+01
    3    1.693333E-01    6.389508E-01    9.317506E+00
    4    1.693333E-01    6.389508E-01    1.583710E+00
    1    1.695000E-01    6.397232E-01    2.749736E+02
    2    1.695000E-01    6.397232E-01    5.333512E+01
    3    1.695000E-01    6.397232E-01    9.277681E+00
    4    1.695000E-01    6.397232E-01    1.576941E+00
    1    1.696667E-01    6.404961E-01    2.737951E+02
    2    1.696667E-01    6.404961E-01    5.310652E+01
    3    1.696667E-01    6.404961E-01    9.237917E+00
    4    1.696667E-01    6.404961E-01    1.570182E+00
    1    1.698333E-01    6.412694E-01    2.726183E+02
    2    1.698333E-01    6.412694E-01    5.287828E+01
    3    1.698333E-01    6.412694E-01    9.198214E+00
    4    1.698333E-01    6.412694E-01    1.563434E+00
    1    1.700000E-01    6.420433E-01    2.714435E+02
    2    1.700000E-01    6.420433E-01    5.265040E+01
    3    1.700000E-01    6.420433E-01    9.158574E+00
    4    1.700000E-01    6.420433E-01    1.556696E+00
    1    1.701667E-01    6.428176E-01    2.702704E+02
    2    1.701667E-01    6.428176E-01    5.242287E+01
    3    1.701667E-01    6.428176E-01    9.118995E+00
    4    1.701667E-01    6.428176E-01    1.549969E+00
    1    1.703333E-01    6.435923E-01    2.690992E+02
    2    1.703333E-01    6.435923E-01    5.219569E+01
    3    1.703333E-01    6.435923E-01    9.079477E+00
    4    1.703333E-01    6.435923E-01    1.543252E+00
    1    1.705000E-01    6.443676E-01    2.679298E+02
    2    1.705000E-01    6.443676E-01    5.196888E+01
    3    1.705000E-01    6.443676E-01    9.040022E+00
    4    1.705000E-01    6.443676E-01    1.536546E+00
    1    1.706667E-01    6.451433E-01    2.667623E+02
    2    1.706667E-01    6.451433E-01    5.174242E+01
    3    1.706667E-01    6.451433E-01    9.000630E+00
    4    1.706667E-01    6.451433E-01    1.529850E+00
    1    1.708333E-01    6.459194E-01    2.655966E+02
    2    1.708333E-01    6.459194E-01    5.151632E+01
    3    1.708333E-01    6.459194E-01    8.961299E+00
    4    1.708333E-01    6.459194E-01    1.523165E+00
    1    1.710000E-01    6.466961E-01    2.644328E+02
    2    1.710000E-01    6.466961E-01    5.129058E+01
    3    1.710000E-01    6.466961E-01    8.922031E+00
    4    1.710000E-01    6.466961E-01    1.516491E+00
    1    1.711667E-01    6.474732E-01    2.632708E+02
    2    1.711667E-01    6.474732E-01    5.106519E+01
    3    1.711667E-01    6.474732E-01    8.882826E+00
    4    1.711667E-01    6.474732E-01    1.509827E+00
    1    1.713333E-01    6.482507E-01    2.621107E+02
    2    1.713333E-01    6.482507E-01    5.084018E+01
    3    1.713333E-01    6.482507E-01    8.843684E+00
    4    1.713333E-01    6.482507E-01    1.503174E+00
    1    1.715000E-01    6.490288E-01    2.609525E+02
    2    1.715000E-01    6.490288E-01    5.061552E+01
    3    1.715000E-01    6.490288E-01    8.804605E+00
    4    1.715000E-01    6.490288E-01    1.496532E+00
    1    1.716667E-01    6.498073E-01    2.597961E+02
    2    1.716667E-01    6.498073E-01    5.039122E+01
    3    1.716667E-01    6.498073E-01    8.765589E+00
    4    1.716667E-01    6.498073E-01    1.489900E+00
    1    1.718333E-01    6.505862E-01    2.586416E+02
    2    1.718333E-01    6.505862E-01    5.016730E+01
    3    1.718333E-01    6.505862E-01    8.726636E+00
    4    1.718333E-01    6.505862E-01    1.483279E+00
    1    1.720000E-01    6.513656E-01    2.574890E+02
    2    1.720000E-01    6.513656E-01    4.994373E+01
    3    1.720000E-01    6.513656E-01    8.687747E+00
    4    1.720000E-01    6.513656E-01    1.476669E+00
    1    1.721667E-01    6.521455E-01    2.563383E+02
    2    1.721667E-01    6.521455E-01    4.972053E+01
    3    1.721667E-01    6.521455E-01    8.648921E+00
    4    1.721667E-01    6.521455E-01    1.470070E+00
    1    1.723333E-01    6.529259E-01    2.551895E+02
    2    1.723333E-01    6.529259E-01    4.949770E+01
    3    1.723333E-01    6.529259E-01    8.610159E+00
    4    1.723333E-01    6.529259E-01    1.463481E+00
    1    1.725000E-01    6.537067E-01    2.540425E+02
    2    1.725000E-01    6.537067E-01    4.927523E+01
    3    1.725000E-01    6.537067E-01    8.571462E+00
    4    1.725000E-01    6.537067E-01    1.456904E+00
    1    1.726667E-01    6.544880E-01    2.528975E+02
    2    1.726667E-01    6.544880E-01    4.905314E+01
    3    1.726667E-01    6.544880E-01    8.532828E+00
    4    1.726667E-01    6.544880E-01    1.450337E+00
    1    1.728333E-01    6.552698E-01    2.517544E+02
    2    1.728333E-01    6.552698E-01    4.883141E+01
    3    1.728333E-01    6.552698E-01    8.494258E+00
    4    1.728333E-01    6.552698E-01    1.443782E+00
    1    1.730000E-01    6.560520E-01    2.506132E+02
    2    1.730000E-01    6.560520E-01    4.861006E+01
    3    1.730000E-01    6.560520E-01    8.455753E+00
    4    1.730000E-01    6.560520E-01    1.437237E+00
    1    1.731667E-01    6.568347E-01    2.494738E+02
    2    1.731667E-01    6.568347E-01    4.838907E+01
    3    1.731667E-01    6.568347E-01    8.417313E+00
    4    1.731667E-01    6.568347E-01    1.430703E+00
    1    1.733333E-01    6.576179E-01    2.483365E+02
    2    1.733333E-01    6.576179E-01    4.816846E+01
    3    1.733333E-01    6.576179E-01    8.378937E+00
    4    1.733333E-01    6.576179E-01    1.424180E+00
    1    1.735000E-01    6.584015E-01    2.472010E+02
    2    1.735000E-01    6.584015E-01    4.794822E+01
    3    1.735000E-01    6.584015E-01    8.340626E+00
    4    1.735000E-01    6.584015E-01    1.417669E+00
    1    1.736667E-01    6.591856E-01    2.460675E+02
    2    1.736667E-01    6.591856E-01    4.772835E+01
    3    1.736667E-01    6.591856E-01    8.302381E+00
    4    1.736667E-01    6.591856E-01    1.411168E+00
    1    1.738333E-01    6.599702E-01    2.449359E+02
    2    1.738333E-01    6.599702E-01    4.750886E+01
    3    1.738333E-01    6.599702E-01    8.264200E+00
    4    1.738333E-01    6.599702E-01    1.404678E+00
    1    1.740000E-01    6.607552E-01    2.438062E+02
    2    1.740000E-01    6.607552E-01    4.728975E+01
    3    1.740000E-01    6.607552E-01    8.226085E+00
    4    1.740000E-01    6.607552E-01    1.398200E+00
    1    1.741667E-01    6.615407E-01    2.426785E+02
    2    1.741667E-01    6.615407E-01    4.707101E+01
    3    1.741667E-01    6.615407E-01    8.188035E+00
    4    1.741667E-01    6.615407E-01    1.391732E+00
    1    1.743333E-01    6.623267E-01    2.415527E+02
    2    1.743333E-01    6.623267E-01    4.685265E+01
    3    1.743333E-01    6.623267E-01    8.150051E+00
    4    1.743333E-01    6.623267E-01    1.385276E+00
    1    1.745000E-01    6.631131E-01    2.404289E+02
    2    1.745000E-01    6.631131E-01    4.663467E+01
    3    1.745000E-01    6.631131E-01    8.112133E+00
    4    1.745000E-01    6.631131E-01    1.378831E+00
    1    1.746667E-01    6.639000E-01    2.393070E+02
    2    1.746667E-01    6.639000E-01    4.641706E+01
    3    1.746667E-01    6.639000E-01    8.074281E+00
    4    1.746667E-01    6.639000E-01    1.372397E+00
    1    1.748333E-01    6.646874E-01    2.381871E+02
    2    1.748333E-01    6.646874E-01    4.619984E+01
    3    1.748333E-01    6.646874E-01    8.036495E+00
    4    1.748333E-01    6.646874E-01    1.365975E+00
    1    1.750000E-01    6.654752E-01    2.370691E+02
    2    1.750000E-01    6.654752E-01    4.598300E+01
    3    1.750000E-01    6.654752E-01    7.998775E+00
    4    1.750000E-01    6.654752E-01    1.359564E+00
    1    1.751667E-01    6.662635E-01    2.359532E+02
    2    1.751667E-01    6.662635E-01    4.576654E+01
    3    1.751667E-01    6.662635E-01    7.961122E+00
    4    1.751667E-01    6.662635E-01    1.353164E+00
    1    1.753333E-01    6.670522E-01    2.348392E+02
    2    1.753333E-01    6.670522E-01    4.555046E+01
    3    1.753333E-01    6.670522E-01    7.923535E+00
    4    1.753333E-01    6.670522E-01    1.346775E+00
    1    1.755000E-01    6.678415E-01    2.337272E+02
    2    1.755000E-01    6.678415E-01    4.533477E+01
    3    1.755000E-01    6.678415E-01    7.886015E+00
    4    1.755000E-01    6.678415E-01    1.340398E+00
    1    1.756667E-01    6.686312E-01    2.326171E+02
    2    1.756667E-01    6.686312E-01    4.511946E+01
    3    1.756667E-01    6.686312E-01    7.848562E+00
    4    1.756667E-01    6.686312E-01    1.334032E+00
    1    1.758333E-01    6.694213E-01    2.315091E+02
    2    1.758333E-01    6.694213E-01    4.490454E+01
    3    1.758333E-01    6.694213E-01    7.811177E+00
    4    1.758333E-01    6.694213E-01    1.327677E+00
    1    1.760000E-01    6.702120E-01    2.304030E+02
    2    1.760000E-01    6.702120E-01    4.469001E+01
    3    1.760000E-01    6.702120E-01    7.773858E+00
    4    1.760000E-01    6.702120E-01    1.321334E+00
    1    1.761667E-01    6.710031E-01    2.292990E+02
    2    1.761667E-01    6.710031E-01    4.447586E+01
    3    1.761667E-01    6.710031E-01    7.736607E+00
    4    1.761667E-01    6.710031E-01    1.315002E+00
    1    1.763333E-01    6.717946E-01    2.281969E+02
    2    1.763333E-01    6.717946E-01    4.426210E+01
    3    1.763333E-01    6.717946E-01    7.699423E+00
    4    1.763333E-01    6.717946E-01    1.308682E+00
    1    1.765000E-01    6.725866E-01    2.270969E+02
    2    1.765000E-01    6.725866E-01    4.404873E+01
    3    1.765000E-01    6.725866E-01    7.662307E+00
    4    1.765000E-01    6.725866E-01    1.302374E+00
    1    1.766667E-01    6.733791E-01    2.259988E+02
    2    1.766667E-01    6.733791E-01    4.383575E+01
    3    1.766667E-01    6.733791E-01    7.625260E+00
    4    1.766667E-01    6.733791E-01    1.296077E+00
    1    1.768333E-01    6.741721E-01    2.249028E+02
    2    1.768333E-01    6.741721E-01    4.362316E+01
    3    1.768333E-01    6.741721E-01    7.588280E+00
    4    1.768333E-01    6.741721E-01    1.289791E+00
    1    1.770000E-01    6.749655E-01    2.238088E+02
    2    1.770000E-01    6.749655E-01    4.341097E+01
    3    1.770000E-01    6.749655E-01    7.551368E+00
    4    1.770000E-01    6.749655E-01    1.283517E+00
    1    1.771667E-01    6.757594E-01    2.227168E+02
    2    1.771667E-01    6.757594E-01    4.319916E+01
    3    1.771667E-01    6.757594E-01    7.514525E+00
    4    1.771667E-01    6.757594E-01    1.277255E+00
    1    1.773333E-01    6.765538E-01    2.216269E+02
    2    1.773333E-01    6.765538E-01    4.298775E+01
    3    1.773333E-01    6.765538E-01    7.477750E+00
    4    1.773333E-01    6.765538E-01    1.271004E+00
    1    1.775000E-01    6.773486E-01    2.205390E+02
    2    1.775000E-01    6.773486E-01    4.277674E+01
    3    1.775000E-01    6.773486E-01    7.441044E+00
    4    1.775000E-01    6.773486E-01    1.264765E+00
    1    1.776667E-01    6.781439E-01    2.194531E+02
    2    1.776667E-01    6.781439E-01    4.256612E+01
    3    1.776667E-01    6.781439E-01    7.404406E+00
    4    1.776667E-01    6.781439E-01    1.258538E+00
    1    1.778333E-01    6.789397E-01    2.183693E+02
    2    1.778333E-01    6.789397E-01    4.235590E+01
    3    1.778333E-01    6.789397E-01    7.367838E+00
    4    1.778333E-01    6.789397E-01    1.252322E+00
    1    1.780000E-01    6.797359E-01    2.172876E+02
    2    1.780000E-01    6.797359E-01    4.214607E+01
    3    1.780000E-01    6.797359E-01    7.331339E+00
    4    1.780000E-01    6.797359E-01    1.246119E+00
    1    1.781667E-01    6.805326E-01    2.162078E+02
    2    1.781667E-01    6.805326E-01    4.193665E+01
    3    1.781667E-01    6.805326E-01    7.294909E+00
    4    1.781667E-01    6.805326E-01    1.239926E+00
    1    1.783333E-01    6.813298E-01    2.151302E+02
    2    1.783333E-01    6.813298E-01    4.172762E+01
    3    1.783333E-01    6.813298E-01    7.258549E+00
    4    1.783333E-01    6.813298E-01    1.233746E+00
    1    1.785000E-01    6.821274E-01    2.140546E+02
    2    1.785000E-01    6.821274E-01    4.151900E+01
    3    1.785000E-01    6.821274E-01    7.222258E+00
    4    1.785000E-01    6.821274E-01    1.227578E+00
    1    1.786667E-01    6.829255E-01    2.129811E+02
    2    1.786667E-01    6.829255E-01    4.131077E+01
    3    1.786667E-01    6.829255E-01    7.186037E+00
    4    1.786667E-01    6.829255E-01    1.221421E+00
    1    1.788333E-01    6.837240E-01    2.119096E+02
    2    1.788333E-01    6.837240E-01    4.110295E+01
    3    1.788333E-01    6.837240E-01    7.149886E+00
    4    1.788333E-01    6.837240E-01    1.215277E+00
    1    1.790000E-01    6.845231E-01    2.108403E+02
    2    1.790000E-01    6.845231E-01    4.089553E+01
    3    1.790000E-01    6.845231E-01    7.113806E+00
    4    1.790000E-01    6.845231E-01    1.209144E+00
    1    1.791667E-01    6.853226E-01    2.097730E+02
    2    1.791667E-01    6.853226E-01    4.068851E+01
    3    1.791667E-01    6.853226E-01    7.077795E+00
    4    1.791667E-01    6.853226E-01    1.203023E+00
    1    1.793333E-01    6.861225E-01    2.087078E+02
    2    1.793333E-01    6.861225E-01    4.048190E+01
    3    1.793333E-01    6.861225E-01    7.041855E+00
    4    1.793333E-01    6.861225E-01    1.196914E+00
    1    1.795000E-01    6.869230E-01    2.076447E+02
    2    1.795000E-01    6.869230E-01    4.027570E+01
    3    1.795000E-01    6.869230E-01    7.005986E+00
    4    1.795000E-01    6.869230E-01    1.190818E+00
    1    1.796667E-01    6.877239E-01    2.065837E+02
    2    1.796667E-01    6.877239E-01    4.006990E+01
    3    1.796667E-01    6.877239E-01    6.970187E+00
    4    1.796667E-01    6.877239E-01    1.184733E+00
    1    1.798333E-01    6.885252E-01    2.055248E+02
    2    1.798333E-01    6.885252E-01    3.986451E+01
    3    1.798333E-01    6.885252E-01    6.934459E+00
    4    1.798333E-01    6.885252E-01    1.178660E+00
    1    1.800000E-01    6.893270E-01    2.044680E+02
    2    1.800000E-01    6.893270E-01    3.965953E+01
    3    1.800000E-01    6.893270E-01    6.898802E+00
    4    1.800000E-01    6.893270E-01    1.172600E+00
    1    1.801667E-01    6.901293E-01    2.034133E+02
    2    1.801667E-01    6.901293E-01    3.945495E+01
    3    1.801667E-01    6.901293E-01    6.863217E+00
    4    1.801667E-01    6.901293E-01    1.166551E+00
    1    1.803333E-01    6.909321E-01    2.023607E+02
    2    1.803333E-01    6.909321E-01    3.925079E+01
    3    1.803333E-01    6.909321E-01    6.827703E+00
    4    1.803333E-01    6.909321E-01    1.160515E+00
    1    1.805000E-01    6.917353E-01    2.013102E+02
    2    1.805000E-01    6.917353E-01    3.904704E+01
    3    1.805000E-01    6.917353E-01    6.792260E+00
    4    1.805000E-01    6.917353E-01    1.154490E+00
    1    1.806667E-01    6.925390E-01    2.002619E+02
    2    1.806667E-01    6.925390E-01    3.884370E+01
    3    1.806667E-01    6.925390E-01    6.756889E+00
    4    1.806667E-01    6.925390E-01    1.148478E+00
    1    1.808333E-01    6.933432E-01    1.992157E+02
    2    1.808333E-01    6.933432E-01    3.864078E+01
    3    1.808333E-01    6.933432E-01    6.721591E+00
    4    1.808333E-01    6.933432E-01    1.142479E+00
    1    1.810000E-01    6.941478E-01    1.981717E+02
    2    1.810000E-01    6.941478E-01    3.843827E+01
    3    1.810000E-01    6.941478E-01    6.686364E+00
    4    1.810000E-01    6.941478E-01    1.136491E+00
    1    1.811667E-01    6.949529E-01    1.971297E+02
    2    1.811667E-01    6.949529E-01    3.823617E+01
    3    1.811667E-01    6.949529E-01    6.651209E+00
    4    1.811667E-01    6.949529E-01    1.130516E+00
    1    1.813333E-01    6.957585E-01    1.960900E+02
    2    1.813333E-01    6.957585E-01    3.803449E+01
    3    1.813333E-01    6.957585E-01    6.616127E+00
    4    1.813333E-01    6.957585E-01    1.124553E+00
    1    1.815000E-01    6.965645E-01    1.950523E+02
    2    1.815000E-01    6.965645E-01    3.783323E+01
    3    1.815000E-01    6.965645E-01    6.581117E+00
    4    1.815000E-01    6.965645E-01    1.118602E+00
    1    1.816667E-01    6.973710E-01    1.940169E+02
    2    1.816667E-01    6.973710E-01    3.763239E+01
    3    1.816667E-01    6.973710E-01    6.546180E+00
    4    1.816667E-01    6.973710E-01    1.112664E+00
    1    1.818333E-01    6.981779E-01    1.929836E+02
    2    1.818333E-01    6.981779E-01    3.743196E+01
    3    1.818333E-01    6.981779E-01    6.511316E+00
    4    1.818333E-01    6.981779E-01    1.106738E+00
    1    1.820000E-01    6.989854E-01    1.919524E+02
    2    1.820000E-01    6.989854E-01    3.723195E+01
    3    1.820000E-01    6.989854E-01    6.476524E+00
    4    1.820000E-01    6.989854E-01    1.100824E+00
    1    1.821667E-01    6.997933E-01    1.909234E+02
    2    1.821667E-01    6.997933E-01    3.703237E+01
    3    1.821667E-01    6.997933E-01    6.441806E+00
    4    1.821667E-01    6.997933E-01    1.094923E+00
    1    1.823333E-01    7.006016E-01    1.898966E+02
    2    1.823333E-01    7.006016E-01    3.683320E+01
    3    1.823333E-01    7.006016E-01    6.407161E+00
    4    1.823333E-01    7.006016E-01    1.089035E+00
    1    1.825000E-01    7.014105E-01    1.888720E+02
    2    1.825000E-01    7.014105E-01    3.663446E+01
    3    1.825000E-01    7.014105E-01    6.372590E+00
    4    1.825000E-01    7.014105E-01    1.083159E+00
    1    1.826667E-01    7.022197E-01    1.878495E+02
    2    1.826667E-01    7.022197E-01    3.643614E+01
    3    1.826667E-01    7.022197E-01    6.338093E+00
    4    1.826667E-01    7.022197E-01    1.077295E+00
    1    1.828333E-01    7.030295E-01    1.868293E+02
    2    1.828333E-01    7.030295E-01    3.623825E+01
    3    1.828333E-01    7.030295E-01    6.303669E+00
    4    1.828333E-01    7.030295E-01    1.071444E+00
    1    1.830000E-01    7.038397E-01    1.858112E+02
    2    1.830000E-01    7.038397E-01    3.604078E+01
    3    1.830000E-01    7.038397E-01    6.269319E+00
    4    1.830000E-01    7.038397E-01    1.065605E+00
    1    1.831667E-01    7.046504E-01    1.847954E+02
    2    1.831667E-01    7.046504E-01    3.584374E+01
    3    1.831667E-01    7.046504E-01    6.235043E+00
    4    1.831667E-01    7.046504E-01    1.059780E+00
    1    1.833333E-01    7.054616E-01    1.837817E+02
    2    1.833333E-01    7.054616E-01    3.564712E+01
    3    1.833333E-01    7.054616E-01    6.200842E+00
    4    1.833333E-01    7.054616E-01    1.053966E+00
    1    1.835000E-01    7.062732E-01    1.827702E+02
    2    1.835000E-01    7.062732E-01    3.545094E+01
    3    1.835000E-01    7.062732E-01    6.166715E+00
    4    1.835000E-01    7.062732E-01    1.048166E+00
    1    1.836667E-01    7.070853E-01    1.817610E+02
    2    1.836667E-01    7.070853E-01    3.525518E+01
    3    1.836667E-01    7.070853E-01    6.132663E+00
    4    1.836667E-01    7.070853E-01    1.042378E+00
    1    1.838333E-01    7.078979E-01    1.807540E+02
    2    1.838333E-01    7.078979E-01    3.505985E+01
    3    1.838333E-01    7.078979E-01    6.098686E+00
    4    1.838333E-01    7.078979E-01    1.036603E+00
    1    1.840000E-01    7.087109E-01    1.797491E+02
    2    1.840000E-01    7.087109E-01    3.486495E+01
    3    1.840000E-01    7.087109E-01    6.064783E+00
    4    1.840000E-01    7.087109E-01    1.030840E+00
    1    1.841667E-01    7.095244E-01    1.787466E+02
    2    1.841667E-01    7.095244E-01    3.467049E+01
    3    1.841667E-01    7.095244E-01    6.030956E+00
    4    1.841667E-01    7.095244E-01    1.025090E+00
    1    1.843333E-01    7.103383E-01    1.777462E+02
    2    1.843333E-01    7.103383E-01    3.447646E+01
    3    1.843333E-01    7.103383E-01    5.997204E+00
    4    1.843333E-01    7.103383E-01    1.019354E+00
    1    1.845000E-01    7.111528E-01    1.767481E+02
    2    1.845000E-01    7.111528E-01    3.428286E+01
    3    1.845000E-01    7.111528E-01    5.963527E+00
    4    1.845000E-01    7.111528E-01    1.013629E+00
    1    1.846667E-01    7.119677E-01    1.757522E+02
    2    1.846667E-01    7.119677E-01    3.408969E+01
    3    1.846667E-01    7.119677E-01    5.929926E+00
    4    1.846667E-01    7.119677E-01    1.007918E+00
    1    1.848333E-01    7.127830E-01    1.747586E+02
    2    1.848333E-01    7.127830E-01    3.389697E+01
    3    1.848333E-01    7.127830E-01    5.896401E+00
    4    1.848333E-01    7.127830E-01    1.002220E+00
    1    1.850000E-01    7.135989E-01    1.737672E+02
    2    1.850000E-01    7.135989E-01    3.370467E+01
    3    1.850000E-01    7.135989E-01    5.862951E+00
    4    1.850000E-01    7.135989E-01    9.965345E-01
    1    1.851667E-01    7.144151E-01    1.727781E+02
    2    1.851667E-01    7.144151E-01    3.351282E+01
    3    1.851667E-01    7.144151E-01    5.829578E+00
    4    1.851667E-01    7.144151E-01    9.908620E-01
    1    1.853333E-01    7.152319E-01    1.717912E+02
    2    1.853333E-01    7.152319E-01    3.332140E+01
    3    1.853333E-01    7.152319E-01    5.796281E+00
    4    1.853333E-01    7.152319E-01    9.852025E-01
    1    1.855000E-01    7.160491E-01    1.708066E+02
    2    1.855000E-01    7.160491E-01    3.313043E+01
    3    1.855000E-01    7.160491E-01    5.763061E+00
    4    1.855000E-01    7.160491E-01    9.795559E-01
    1    1.856667E-01    7.168668E-01    1.698243E+02
    2    1.856667E-01    7.168668E-01    3.293989E+01
    3    1.856667E-01    7.168668E-01    5.729917E+00
    4    1.856667E-01    7.168668E-01    9.739224E-01
    1    1.858333E-01    7.176850E-01    1.688443E+02
    2    1.858333E-01    7.176850E-01    3.274979E+01
    3    1.858333E-01    7.176850E-01    5.696850E+00
    4    1.858333E-01    7.176850E-01    9.683019E-01
    1    1.860000E-01    7.185036E-01    1.678665E+02
    2    1.860000E-01    7.185036E-01    3.256014E+01
    3    1.860000E-01    7.185036E-01    5.663859E+00
    4    1.860000E-01    7.185036E-01    9.626945E-01
    1    1.861667E-01    7.193227E-01    1.668910E+02
    2    1.861667E-01    7.193227E-01    3.237093E+01
    3    1.861667E-01    7.193227E-01    5.630946E+00
    4    1.861667E-01    7.193227E-01    9.571002E-01
    1    1.863333E-01    7.201423E-01    1.659178E+02
    2    1.863333E-01    7.201423E-01    3.218216E+01
    3    1.863333E-01    7.201423E-01    5.598110E+00
    4    1.863333E-01    7.201423E-01    9.515190E-01
    1    1.865000E-01    7.209623E-01    1.649469E+02
    2    1.865000E-01    7.209623E-01    3.199384E+01
    3    1.865000E-01    7.209623E-01    5.565351E+00
    4    1.865000E-01    7.209623E-01    9.459510E-01
    1    1.866667E-01    7.217828E-01    1.639783E+02
    2    1.866667E-01    7.217828E-01    3.180597E+01
    3    1.866667E-01    7.217828E-01    5.532670E+00
    4    1.866667E-01    7.217828E-01    9.403962E-01
    1    1.868333E-01    7.226037E-01    1.630120E+02
    2    1.868333E-01    7.226037E-01    3.161854E+01
    3    1.868333E-01    7.226037E-01    5.500067E+00
    4    1.868333E-01    7.226037E-01    9.348545E-01
    1    1.870000E-01    7.234252E-01    1.620480E+02
    2    1.870000E-01    7.234252E-01    3.143156E+01
    3    1.870000E-01    7.234252E-01    5.467542E+00
    4    1.870000E-01    7.234252E-01    9.293261E-01
    1    1.871667E-01    7.242471E-01    1.610863E+02
    2    1.871667E-01    7.242471E-01    3.124503E+01
    3    1.871667E-01    7.242471E-01    5.435095E+00
    4    1.871667E-01    7.242471E-01    9.238110E-01
    1    1.873333E-01    7.250694E-01    1.601270E+02
    2    1.873333E-01    7.250694E-01    3.105895E+01
    3    1.873333E-01    7.250694E-01    5.402725E+00
    4    1.873333E-01    7.250694E-01    9.183092E-01
    1    1.875000E-01    7.258922E-01    1.591699E+02
    2    1.875000E-01    7.258922E-01    3.087332E+01
    3    1.875000E-01    7.258922E-01    5.370435E+00
    4    1.875000E-01    7.258922E-01    9.128207E-01
    1    1.876667E-01    7.267155E-01    1.582152E+02
    2    1.876667E-01    7.267155E-01    3.068814E+01
    3    1.876667E-01    7.267155E-01    5.338223E+00
    4    1.876667E-01    7.267155E-01    9.073456E-01
    1    1.878333E-01    7.275393E-01    1.572628E+02
    2    1.878333E-01    7.275393E-01    3.050341E+01
    3    1.878333E-01    7.275393E-01    5.306089E+00
    4    1.878333E-01    7.275393E-01    9.018838E-01
    1    1.880000E-01    7.283635E-01    1.563128E+02
    2    1.880000E-01    7.283635E-01    3.031913E+01
    3    1.880000E-01    7.283635E-01    5.274035E+00
    4    1.880000E-01    7.283635E-01    8.964355E-01
    1    1.881667E-01    7.291882E-01    1.553651E+02
    2    1.881667E-01    7.291882E-01    3.013532E+01
    3    1.881667E-01    7.291882E-01    5.242059E+00
    4    1.881667E-01    7.291882E-01    8.910005E-01
    1    1.883333E-01    7.300134E-01    1.544198E+02
    2    1.883333E-01    7.300134E-01    2.995195E+01
    3    1.883333E-01    7.300134E-01    5.210163E+00
    4    1.883333E-01    7.300134E-01    8.855791E-01
    1    1.885000E-01    7.308390E-01    1.534768E+02
    2    1.885000E-01    7.308390E-01    2.976904E+01
    3    1.885000E-01    7.308390E-01    5.178346E+00
    4    1.885000E-01    7.308390E-01    8.801711E-01
    1    1.886667E-01    7.316651E-01    1.525361E+02
    2    1.886667E-01    7.316651E-01    2.958659E+01
    3    1.886667E-01    7.316651E-01    5.146609E+00
    4    1.886667E-01    7.316651E-01    8.747767E-01
    1    1.888333E-01    7.324916E-01    1.515979E+02
    2    1.888333E-01    7.324916E-01    2.940460E+01
    3    1.888333E-01    7.324916E-01    5.114951E+00
    4    1.888333E-01    7.324916E-01    8.693958E-01
    1    1.890000E-01    7.333187E-01    1.506619E+02
    2    1.890000E-01    7.333187E-01    2.922307E+01
    3    1.890000E-01    7.333187E-01    5.083373E+00
    4    1.890000E-01    7.333187E-01    8.640285E-01
    1    1.891667E-01    7.341462E-01    1.497284E+02
    2    1.891667E-01    7.341462E-01    2.904200E+01
    3    1.891667E-01    7.341462E-01    5.051876E+00
    4    1.891667E-01    7.341462E-01    8.586748E-01
    1    1.893333E-01    7.349741E-01    1.487973E+02
    2    1.893333E-01    7.349741E-01    2.886139E+01
    3    1.893333E-01    7.349741E-01    5.020458E+00
    4    1.893333E-01    7.349741E-01    8.533347E-01
    1    1.895000E-01    7.358025E-01    1.478685E+02
    2    1.895000E-01    7.358025E-01    2.868124E+01
    3    1.895000E-01    7.358025E-01    4.989121E+00
    4    1.895000E-01    7.358025E-01    8.480083E-01
    1    1.896667E-01    7.366314E-01    1.469421E+02
    2    1.896667E-01    7.366314E-01    2.850155E+01
    3    1.896667E-01    7.366314E-01    4.957865E+00
    4    1.896667E-01    7.366314E-01    8.426956E-01
    1    1.898333E-01    7.374608E-01    1.460181E+02
    2    1.898333E-01    7.374608E-01    2.832233E+01
    3    1.898333E-01    7.374608E-01    4.926689E+00
    4    1.898333E-01    7.374608E-01    8.373965E-01
    1    1.900000E-01    7.382906E-01    1.450965E+02
    2    1.900000E-01    7.382906E-01    2.814357E+01
    3    1.900000E-01    7.382906E-01    4.895594E+00
    4    1.900000E-01    7.382906E-01    8.321113E-01
    1    1.901667E-01    7.391209E-01    1.441773E+02
    2    1.901667E-01    7.391209E-01    2.796528E+01
    3    1.901667E-01    7.391209E-01    4.864580E+00
    4    1.901667E-01    7.391209E-01    8.268398E-01
    1    1.903333E-01    7.399517E-01    1.432605E+02
    2    1.903333E-01    7.399517E-01    2.778745E+01
    3    1.903333E-01    7.399517E-01    4.833647E+00
    4    1.903333E-01    7.399517E-01    8.215821E-01
    1    1.905000E-01    7.407829E-01    1.423461E+02
    2    1.905000E-01    7.407829E-01    2.761010E+01
    3    1.905000E-01    7.407829E-01    4.802796E+00
    4    1.905000E-01    7.407829E-01    8.163383E-01
    1    1.906667E-01    7.416146E-01    1.414342E+02
    2    1.906667E-01    7.416146E-01    2.743321E+01
    3    1.906667E-01    7.416146E-01    4.772026E+00
    4    1.906667E-01    7.416146E-01    8.111083E-01
    1    1.908333E-01    7.424467E-01    1.405246E+02
    2    1.908333E-01    7.424467E-01    2.725679E+01
    3    1.908333E-01    7.424467E-01    4.741338E+00
    4    1.908333E-01    7.424467E-01    8.058921E-01
    1    1.910000E-01    7.432794E-01    1.396175E+02
    2    1.910000E-01    7.432794E-01    2.708084E+01
    3    1.910000E-01    7.432794E-01    4.710731E+00
    4    1.910000E-01    7.432794E-01    8.006900E-01
    1    1.911667E-01    7.441125E-01    1.387128E+02
    2    1.911667E-01    7.441125E-01    2.690537E+01
    3    1.911667E-01    7.441125E-01    4.680207E+00
    4    1.911667E-01    7.441125E-01    7.955017E-01
    1    1.913333E-01    7.449460E-01    1.378106E+02
    2    1.913333E-01    7.449460E-01    2.673036E+01
    3    1.913333E-01    7.449460E-01    4.649765E+00
    4    1.913333E-01    7.449460E-01    7.903274E-01
    1    1.915000E-01    7.457800E-01    1.369108E+02
    2    1.915000E-01    7.457800E-01    2.655583E+01
    3    1.915000E-01    7.457800E-01    4.619405E+00
    4    1.915000E-01    7.457800E-01    7.851671E-01
    1    1.916667E-01    7.466145E-01    1.360134E+02
    2    1.916667E-01    7.466145E-01    2.638178E+01
    3    1.916667E-01    7.466145E-01    4.589128E+00
    4    1.916667E-01    7.466145E-01    7.800209E-01
    1    1.918333E-01    7.474495E-01    1.351185E+02
    2    1.918333E-01    7.474495E-01    2.620819E+01
    3    1.918333E-01    7.474495E-01    4.558934E+00
    4    1.918333E-01    7.474495E-01    7.748887E-01
    1    1.920000E-01    7.482849E-01    1.342261E+02
    2    1.920000E-01    7.482849E-01    2.603509E+01
    3    1.920000E-01    7.482849E-01    4.528822E+00
    4    1.920000E-01    7.482849E-01    7.697706E-01
    1    1.921667E-01    7.491208E-01    1.333361E+02
    2    1.921667E-01    7.491208E-01    2.586246E+01
    3    1.921667E-01    7.491208E-01    4.498794E+00
    4    1.921667E-01    7.491208E-01    7.646666E-01
    1    1.923333E-01    7.499572E-01    1.324485E+02
    2    1.923333E-01    7.499572E-01    2.569032E+01
    3    1.923333E-01    7.499572E-01    4.468848E+00
    4    1.923333E-01    7.499572E-01    7.595768E-01
    1    1.925000E-01    7.507940E-01    1.315635E+02
    2    1.925000E-01    7.507940E-01    2.551865E+01
    3    1.925000E-01    7.507940E-01    4.438986E+00
    4    1.925000E-01    7.507940E-01    7.545011E-01
    1    1.926667E-01    7.516313E-01    1.306809E+02
    2    1.926667E-01    7.516313E-01    2.534746E+01
    3    1.926667E-01    7.516313E-01    4.409208E+00
    4    1.926667E-01    7.516313E-01    7.494396E-01
    1    1.928333E-01    7.524690E-01    1.298008E+02
    2    1.928333E-01    7.524690E-01    2.517675E+01
    3    1.928333E-01    7.524690E-01    4.379513E+00
    4    1.928333E-01    7.524690E-01    7.443924E-01
    1    1.930000E-01    7.533073E-01    1.289232E+02
    2    1.930000E-01    7.533073E-01    2.500653E+01
    3    1.930000E-01    7.533073E-01    4.349903E+00
    4    1.930000E-01    7.533073E-01    7.393594E-01
    1    1.931667E-01    7.541460E-01    1.280481E+02
    2    1.931667E-01    7.541460E-01    2.483678E+01
    3    1.931667E-01    7.541460E-01    4.320376E+00
    4    1.931667E-01    7.541460E-01    7.343406E-01
    1    1.933333E-01    7.549851E-01    1.271755E+02
    2    1.933333E-01    7.549851E-01    2.466753E+01
    3    1.933333E-01    7.549851E-01    4.290933E+00
    4    1.933333E-01    7.549851E-01    7.293363E-01
    1    1.935000E-01    7.558247E-01    1.263053E+02
    2    1.935000E-01    7.558247E-01    2.449875E+01
    3    1.935000E-01    7.558247E-01    4.261575E+00
    4    1.935000E-01    7.558247E-01    7.243462E-01
    1    1.936667E-01    7.566648E-01    1.254377E+02
    2    1.936667E-01    7.566648E-01    2.433047E+01
    3    1.936667E-01    7.566648E-01    4.232301E+00
    4    1.936667E-01    7.566648E-01    7.193705E-01
    1    1.938333E-01    7.575054E-01    1.245726E+02
    2    1.938333E-01    7.575054E-01    2.416267E+01
    3    1.938333E-01    7.575054E-01    4.203112E+00
    4    1.938333E-01    7.575054E-01    7.144092E-01
    1    1.940000E-01    7.583464E-01    1.237100E+02
    2    1.940000E-01    7.583464E-01    2.399535E+01
    3    1.940000E-01    7.583464E-01    4.174008E+00
    4    1.940000E-01    7.583464E-01    7.094624E-01
    1    1.941667E-01    7.591879E-01    1.228499E+02
    2    1.941667E-01    7.591879E-01    2.382853E+01
    3    1.941667E-01    7.591879E-01    4.144989E+00
    4    1.941667E-01    7.591879E-01    7.045300E-01
    1    1.943333E-01    7.600298E-01    1.219924E+02
    2    1.943333E-01    7.600298E-01    2.366220E+01
    3    1.943333E-01    7.600298E-01    4.116056E+00
    4    1.943333E-01    7.600298E-01    6.996121E-01
    1    1.945000E-01    7.608723E-01    1.211374E+02
    2    1.945000E-01    7.608723E-01    2.349635E+01
    3    1.945000E-01    7.608723E-01    4.087207E+00
    4    1.945000E-01    7.608723E-01    6.947087E-01
    1    1.946667E-01    7.617152E-01    1.202849E+02
    2    1.946667E-01    7.617152E-01    2.333100E+01
    3    1.946667E-01    7.617152E-01    4.058444E+00
    4    1.946667E-01    7.617152E-01    6.898198E-01
    1    1.948333E-01    7.625585E-01    1.194350E+02
    2    1.948333E-01    7.625585E-01    2.316615E+01
    3    1.948333E-01    7.625585E-01    4.029767E+00
    4    1.948333E-01    7.625585E-01    6.849455E-01
    1    1.950000E-01    7.634023E-01    1.185876E+02
    2    1.950000E-01    7.634023E-01    2.300178E+01
    3    1.950000E-01    7.634023E-01    4.001176E+00
    4    1.950000E-01    7.634023E-01    6.800858E-01
    1    1.951667E-01    7.642466E-01    1.177427E+02
    2    1.951667E-01    7.642466E-01    2.283791E+01
    3    1.951667E-01    7.642466E-01    3.972671E+00
    4    1.951667E-01    7.642466E-01    6.752408E-01
    1    1.953333E-01    7.650914E-01    1.169005E+02
    2    1.953333E-01    7.650914E-01    2.267454E+01
    3    1.953333E-01    7.650914E-01    3.944252E+00
    4    1.953333E-01    7.650914E-01    6.704103E-01
    1    1.955000E-01    7.659366E-01    1.160607E+02
    2    1.955000E-01    7.659366E-01    2.251166E+01
    3    1.955000E-01    7.659366E-01    3.915920E+00
    4    1.955000E-01    7.659366E-01    6.655946E-01
    1    1.956667E-01    7.667823E-01    1.152236E+02
    2    1.956667E-01    7.667823E-01    2.234928E+01
    3    1.956667E-01    7.667823E-01    3.887674E+00
    4    1.956667E-01    7.667823E-01    6.607936E-01
    1    1.958333E-01    7.676285E-01    1.143890E+02
    2    1.958333E-01    7.676285E-01    2.218740E+01
    3    1.958333E-01    7.676285E-01    3.859514E+00
    4    1.958333E-01    7.676285E-01    6.560074E-01
    1    1.960000E-01    7.684751E-01    1.135570E+02
    2    1.960000E-01    7.684751E-01    2.202602E+01
    3    1.960000E-01    7.684751E-01    3.831442E+00
    4    1.960000E-01    7.684751E-01    6.512359E-01
    1    1.961667E-01    7.693222E-01    1.127275E+02
    2    1.961667E-01    7.693222E-01    2.186514E+01
    3    1.961667E-01    7.693222E-01    3.803457E+00
    4    1.961667E-01    7.693222E-01    6.464792E-01
    1    1.963333E-01    7.701697E-01    1.119007E+02
    2    1.963333E-01    7.701697E-01    2.170476E+01
    3    1.963333E-01    7.701697E-01    3.775559E+00
    4    1.963333E-01    7.701697E-01    6.417373E-01
    1    1.965000E-01    7.710178E-01    1.110764E+02
    2    1.965000E-01    7.710178E-01    2.154489E+01
    3    1.965000E-01    7.710178E-01    3.747748E+00
    4    1.965000E-01    7.710178E-01    6.370103E-01
    1    1.966667E-01    7.718662E-01    1.102548E+02
    2    1.966667E-01    7.718662E-01    2.138552E+01
    3    1.966667E-01    7.718662E-01    3.720025E+00
    4    1.966667E-01    7.718662E-01    6.322982E-01
    1    1.968333E-01    7.727152E-01    1.094357E+02
    2    1.968333E-01    7.727152E-01    2.122665E+01
    3    1.968333E-01    7.727152E-01    3.692390E+00
    4    1.968333E-01    7.727152E-01    6.276010E-01
    1    1.970000E-01    7.735646E-01    1.086193E+02
    2    1.970000E-01    7.735646E-01    2.106829E+01
    3    1.970000E-01    7.735646E-01    3.664843E+00
    4    1.970000E-01    7.735646E-01    6.229188E-01
    1    1.971667E-01    7.744145E-01    1.078054E+02
    2    1.971667E-01    7.744145E-01    2.091043E+01
    3    1.971667E-01    7.744145E-01    3.637384E+00
    4    1.971667E-01    7.744145E-01    6.182515E-01
    1    1.973333E-01    7.752649E-01    1.069942E+02
    2    1.973333E-01    7.752649E-01    2.075308E+01
    3    1.973333E-01    7.752649E-01    3.610013E+00
    4    1.973333E-01    7.752649E-01    6.135992E-01
    1    1.975000E-01    7.761157E-01    1.061856E+02
    2    1.975000E-01    7.761157E-01    2.059624E+01
    3    1.975000E-01    7.761157E-01    3.582730E+00
    4    1.975000E-01    7.761157E-01    6.089620E-01
    1    1.976667E-01    7.769670E-01    1.053796E+02
    2    1.976667E-01    7.769670E-01    2.043991E+01
    3    1.976667E-01    7.769670E-01    3.555536E+00
    4    1.976667E-01    7.769670E-01    6.043398E-01
    1    1.978333E-01    7.778187E-01    1.045763E+02
    2    1.978333E-01    7.778187E-01    2.028409E+01
    3    1.978333E-01    7.778187E-01    3.528431E+00
    4    1.978333E-01    7.778187E-01    5.997327E-01
    1    1.980000E-01    7.786710E-01    1.037756E+02
    2    1.980000E-01    7.786710E-01    2.012878E+01
    3    1.980000E-01    7.786710E-01    3.501415E+00
    4    1.980000E-01    7.786710E-01    5.951407E-01
    1    1.981667E-01    7.795236E-01    1.029775E+02
    2    1.981667E-01    7.795236E-01    1.997398E+01
    3    1.981667E-01    7.795236E-01    3.474488E+00
    4    1.981667E-01    7.795236E-01    5.905639E-01
    1    1.983333E-01    7.803768E-01    1.021821E+02
    2    1.983333E-01    7.803768E-01    1.981970E+01
    3    1.983333E-01    7.803768E-01    3.447650E+00
    4    1.983333E-01    7.803768E-01    5.860022E-01
    1    1.985000E-01    7.812304E-01    1.013893E+02
    2    1.985000E-01    7.812304E-01    1.966593E+01
    3    1.985000E-01    7.812304E-01    3.420902E+00
    4    1.985000E-01    7.812304E-01    5.814558E-01
    1    1.986667E-01    7.820845E-01    1.005992E+02
    2    1.986667E-01    7.820845E-01    1.951268E+01
    3    1.986667E-01    7.820845E-01    3.394244E+00
    4    1.986667E-01    7.820845E-01    5.769246E-01
    1    1.988333E-01    7.829391E-01    9.981175E+01
    2    1.988333E-01    7.829391E-01    1.935994E+01
    3    1.988333E-01    7.829391E-01    3.367675E+00
    4    1.988333E-01    7.829391E-01    5.724086E-01
    1    1.990000E-01    7.837941E-01    9.902697E+01
    2    1.990000E-01    7.837941E-01    1.920772E+01
    3    1.990000E-01    7.837941E-01    3.341196E+00
    4    1.990000E-01    7.837941E-01    5.679080E-01
    1    1.991667E-01    7.846496E-01    9.824485E+01
    2    1.991667E-01    7.846496E-01    1.905601E+01
    3    1.991667E-01    7.846496E-01    3.314807E+00
    4    1.991667E-01    7.846496E-01    5.634226E-01
    1    1.993333E-01    7.855055E-01    9.746541E+01
    2    1.993333E-01    7.855055E-01    1.890483E+01
    3    1.993333E-01    7.855055E-01    3.288509E+00
    4    1.993333E-01    7.855055E-01    5.589527E-01
    1    1.995000E-01    7.863620E-01    9.668866E+01
    2    1.995000E-01    7.863620E-01    1.875417E+01
    3    1.995000E-01    7.863620E-01    3.262301E+00
    4    1.995000E-01    7.863620E-01    5.544981E-01
    1    1.996667E-01    7.872188E-01    9.591459E+01
    2    1.996667E-01    7.872188E-01    1.860403E+01
    3    1.996667E-01    7.872188E-01    3.236183E+00
    4    1.996667E-01    7.872188E-01    5.500589E-01
    1    1.998333E-01    7.880762E-01    9.514321E+01
    2    1.998333E-01    7.880762E-01    1.845441E+01
    3    1.998333E-01    7.880762E-01    3.210157E+00
    4    1.998333E-01    7.880762E-01    5.456351E-01
    1    2.000000E-01    7.889340E-01    9.437453E+01
    2    2.000000E-01    7.889340E-01    1.830531E+01
    3    2.000000E-01    7.889340E-01    3.184222E+00
    4    2.000000E-01    7.889340E-01    5.412268E-01
    1    2.001667E-01    7.897923E-01    9.360856E+01
    2    2.001667E-01    7.897923E-01    1.815674E+01
    3    2.001667E-01    7.897923E-01    3.158377E+00
    4    2.001667E-01    7.897923E-01    5.368340E-01
    1    2.003333E-01    7.906511E-01    9.284529E+01
    2    2.003333E-01    7.906511E-01    1.800869E+01
    3    2.003333E-01    7.906511E-01    3.132624E+00
    4    2.003333E-01    7.906511E-01    5.324568E-01
    1    2.005000E-01    7.915103E-01    9.208473E+01
    2    2.005000E-01    7.915103E-01    1.786117E+01
    3    2.005000E-01    7.915103E-01    3.106963E+00
    4    2.005000E-01    7.915103E-01    5.280951E-01
    1    2.006667E-01    7.923700E-01    9.132689E+01
    2    2.006667E-01    7.923700E-01    1.771418E+01
    3    2.006667E-01    7.923700E-01    3.081393E+00
    4    2.006667E-01    7.923700E-01    5.237489E-01
    1    2.008333E-01    7.932301E-01    9.057177E+01
    2    2.008333E-01    7.932301E-01    1.756771E+01
    3    2.008333E-01    7.932301E-01    3.055915E+00
    4    2.008333E-01    7.932301E-01    5.194184E-01
    1    2.010000E-01    7.940907E-01    8.981938E+01
    2    2.010000E-01    7.940907E-01    1.742177E+01
    3    2.010000E-01    7.940907E-01    3.030529E+00
    4    2.010000E-01    7.940907E-01    5.151036E-01
    1    2.011667E-01    7.949518E-01    8.906972E+01
    2    2.011667E-01    7.949518E-01    1.727637E+01
    3    2.011667E-01    7.949518E-01    3.005236E+00
    4    2.011667E-01    7.949518E-01    5.108044E-01
    1    2.013333E-01    7.958134E-01    8.832280E+01
    2    2.013333E-01    7.958134E-01    1.713149E+01
    3    2.013333E-01    7.958134E-01    2.980035E+00
    4    2.013333E-01    7.958134E-01    5.065209E-01
    1    2.015000E-01    7.966754E-01    8.757863E+01
    2    2.015000E-01    7.966754E-01    1.698715E+01
    3    2.015000E-01    7.966754E-01    2.954926E+00
    4    2.015000E-01    7.966754E-01    5.022531E-01
    1    2.016667E-01    7.975379E-01    8.683720E+01
    2    2.016667E-01    7.975379E-01    1.684333E+01
    3    2.016667E-01    7.975379E-01    2.929910E+00
    4    2.016667E-01    7.975379E-01    4.980011E-01
    1    2.018333E-01    7.984009E-01    8.609852E+01
    2    2.018333E-01    7.984009E-01    1.670006E+01
    3    2.018333E-01    7.984009E-01    2.904987E+00
    4    2.018333E-01    7.984009E-01    4.937649E-01
    1    2.020000E-01    7.992643E-01    8.536261E+01
    2    2.020000E-01    7.992643E-01    1.655732E+01
    3    2.020000E-01    7.992643E-01    2.880157E+00
    4    2.020000E-01    7.992643E-01    4.895445E-01
    1    2.021667E-01    8.001282E-01    8.462945E+01
    2    2.021667E-01    8.001282E-01    1.641511E+01
    3    2.021667E-01    8.001282E-01    2.855420E+00
    4    2.021667E-01    8.001282E-01    4.853399E-01
    1    2.023333E-01    8.009925E-01    8.389907E+01
    2    2.023333E-01    8.009925E-01    1.627344E+01
    3    2.023333E-01    8.009925E-01    2.830777E+00
    4    2.023333E-01    8.009925E-01    4.811513E-01
    1    2.025000E-01    8.018573E-01    8.317146E+01
    2    2.025000E-01    8.018573E-01    1.613231E+01
    3    2.025000E-01    8.018573E-01    2.806227E+00
    4    2.025000E-01    8.018573E-01    4.769785E-01
    1    2.026667E-01    8.027226E-01    8.244663E+01
    2    2.026667E-01    8.027226E-01    1.599172E+01
    3    2.026667E-01    8.027226E-01    2.781771E+00
    4    2.026667E-01    8.027226E-01    4.728217E-01
    1    2.028333E-01    8.035884E-01    8.172458E+01
    2    2.028333E-01    8.035884E-01    1.585167E+01
    3    2.028333E-01    8.035884E-01    2.757409E+00
    4    2.028333E-01    8.035884E-01    4.686808E-01
    1    2.030000E-01    8.044546E-01    8.100532E+01
    2    2.030000E-01    8.044546E-01    1.571216E+01
    3    2.030000E-01    8.044546E-01    2.733141E+00
    4    2.030000E-01    8.044546E-01    4.645560E-01
    1    2.031667E-01    8.053213E-01    8.028885E+01
    2    2.031667E-01    8.053213E-01    1.557319E+01
    3    2.031667E-01    8.053213E-01    2.708967E+00
    4    2.031667E-01    8.053213E-01    4.604471E-01
    1    2.033333E-01    8.061884E-01    7.957519E+01
    2    2.033333E-01    8.061884E-01    1.543476E+01
    3    2.033333E-01    8.061884E-01    2.684888E+00
    4    2.033333E-01    8.061884E-01    4.563543E-01
    1    2.035000E-01    8.070561E-01    7.886433E+01
    2    2.035000E-01    8.070561E-01    1.529688E+01
    3    2.035000E-01    8.070561E-01    2.660903E+00
    4    2.035000E-01    8.070561E-01    4.522776E-01
    1    2.036667E-01    8.079242E-01    7.815628E+01
    2    2.036667E-01    8.079242E-01    1.515954E+01
    3    2.036667E-01    8.079242E-01    2.637013E+00
    4    2.036667E-01    8.079242E-01    4.482170E-01
    1    2.038333E-01    8.087927E-01    7.745104E+01
    2    2.038333E-01    8.087927E-01    1.502275E+01
    3    2.038333E-01    8.087927E-01    2.613218E+00
    4    2.038333E-01    8.087927E-01    4.441726E-01
    1    2.040000E-01    8.096617E-01    7.674862E+01
    2    2.040000E-01    8.096617E-01    1.488651E+01
    3    2.040000E-01    8.096617E-01    2.589519E+00
    4    2.040000E-01    8.096617E-01    4.401443E-01
    1    2.041667E-01    8.105312E-01    7.604903E+01
    2    2.041667E-01    8.105312E-01    1.475081E+01
    3    2.041667E-01    8.105312E-01    2.565914E+00
    4    2.041667E-01    8.105312E-01    4.361322E-01
    1    2.043333E-01    8.114012E-01    7.535227E+01
    2    2.043333E-01    8.114012E-01    1.461567E+01
    3    2.043333E-01    8.114012E-01    2.542405E+00
    4    2.043333E-01    8.114012E-01    4.321364E-01
    1    2.045000E-01    8.122716E-01    7.465834E+01
    2    2.045000E-01    8.122716E-01    1.448107E+01
    3    2.045000E-01    8.122716E-01    2.518992E+00
    4    2.045000E-01    8.122716E-01    4.281568E-01
    1    2.046667E-01    8.131425E-01    7.396726E+01
    2    2.046667E-01    8.131425E-01    1.434702E+01
    3    2.046667E-01    8.131425E-01    2.495675E+00
    4    2.046667E-01    8.131425E-01    4.241935E-01
    1    2.048333E-01    8.140138E-01    7.327902E+01
    2    2.048333E-01    8.140138E-01    1.421353E+01
    3    2.048333E-01    8.140138E-01    2.472453E+00
    4    2.048333E-01    8.140138E-01    4.202465E-01
    1    2.050000E-01    8.148857E-01    7.259363E+01
    2    2.050000E-01    8.148857E-01    1.408059E+01
    3    2.050000E-01    8.148857E-01    2.449328E+00
    4    2.050000E-01    8.148857E-01    4.163159E-01
    1    2.051667E-01    8.157579E-01    7.191110E+01
    2    2.051667E-01    8.157579E-01    1.394820E+01
    3    2.051667E-01    8.157579E-01    2.426299E+00
    4    2.051667E-01    8.157579E-01    4.124017E-01
    1    2.053333E-01    8.166307E-01    7.123143E+01
    2    2.053333E-01    8.166307E-01    1.381637E+01
    3    2.053333E-01    8.166307E-01    2.403367E+00
    4    2.053333E-01    8.166307E-01    4.085038E-01
    1    2.055000E-01    8.175039E-01    7.055462E+01
    2    2.055000E-01    8.175039E-01    1.368509E+01
    3    2.055000E-01    8.175039E-01    2.380531E+00
    4    2.055000E-01    8.175039E-01    4.046224E-01
    1    2.056667E-01    8.183776E-01    6.988069E+01
    2    2.056667E-01    8.183776E-01    1.355437E+01
    3    2.056667E-01    8.183776E-01    2.357793E+00
    4    2.056667E-01    8.183776E-01    4.007575E-01
    1    2.058333E-01    8.192518E-01    6.920963E+01
    2    2.058333E-01    8.192518E-01    1.342421E+01
    3    2.058333E-01    8.192518E-01    2.335151E+00
    4    2.058333E-01    8.192518E-01    3.969091E-01
    1    2.060000E-01    8.201264E-01    6.854146E+01
    2    2.060000E-01    8.201264E-01    1.329461E+01
    3    2.060000E-01    8.201264E-01    2.312607E+00
    4    2.060000E-01    8.201264E-01    3.930772E-01
    1    2.061667E-01    8.210015E-01    6.787617E+01
    2    2.061667E-01    8.210015E-01    1.316557E+01
    3    2.061667E-01    8.210015E-01    2.290160E+00
    4    2.061667E-01    8.210015E-01    3.892618E-01
    1    2.063333E-01    8.218770E-01    6.721378E+01
    2    2.063333E-01    8.218770E-01    1.303709E+01
    3    2.063333E-01    8.218770E-01    2.267810E+00
    4    2.063333E-01    8.218770E-01    3.854631E-01
    1    2.065000E-01    8.227530E-01    6.655428E+01
    2    2.065000E-01    8.227530E-01    1.290917E+01
    3    2.065000E-01    8.227530E-01    2.245559E+00
    4    2.065000E-01    8.227530E-01    3.816809E-01
    1    2.066667E-01    8.236295E-01    6.589768E+01
    2    2.066667E-01    8.236295E-01    1.278181E+01
    3    2.066667E-01    8.236295E-01    2.223405E+00
    4    2.066667E-01    8.236295E-01    3.779154E-01
    1    2.068333E-01    8.245065E-01    6.524400E+01
    2    2.068333E-01    8.245065E-01    1.265502E+01
    3    2.068333E-01    8.245065E-01    2.201350E+00
    4    2.068333E-01    8.245065E-01    3.741666E-01
    1    2.070000E-01    8.253839E-01    6.459322E+01
    2    2.070000E-01    8.253839E-01    1.252879E+01
    3    2.070000E-01    8.253839E-01    2.179392E+00
    4    2.070000E-01    8.253839E-01    3.704345E-01
    1    2.071667E-01    8.262618E-01    6.394537E+01
    2    2.071667E-01    8.262618E-01    1.240313E+01
    3    2.071667E-01    8.262618E-01    2.157533E+00
    4    2.071667E-01    8.262618E-01    3.667191E-01
    1    2.073333E-01    8.271401E-01    6.330044E+01
    2    2.073333E-01    8.271401E-01    1.227804E+01
    3    2.073333E-01    8.271401E-01    2.135773E+00
    4    2.073333E-01    8.271401E-01    3.630205E-01
    1    2.075000E-01    8.280189E-01    6.265843E+01
    2    2.075000E-01    8.280189E-01    1.215351E+01
    3    2.075000E-01    8.280189E-01    2.114112E+00
    4    2.075000E-01    8.280189E-01    3.593387E-01
    1    2.076667E-01    8.288982E-01    6.201937E+01
    2    2.076667E-01    8.288982E-01    1.202956E+01
    3    2.076667E-01    8.288982E-01    2.092550E+00
    4    2.076667E-01    8.288982E-01    3.556737E-01
    1    2.078333E-01    8.297780E-01    6.138324E+01
    2    2.078333E-01    8.297780E-01    1.190617E+01
    3    2.078333E-01    8.297780E-01    2.071086E+00
    4    2.078333E-01    8.297780E-01    3.520256E-01
    1    2.080000E-01    8.306582E-01    6.075005E+01
    2    2.080000E-01    8.306582E-01    1.178335E+01
    3    2.080000E-01    8.306582E-01    2.049723E+00
    4    2.080000E-01    8.306582E-01    3.483944E-01
    1    2.081667E-01    8.315389E-01    6.011982E+01
    2    2.081667E-01    8.315389E-01    1.166111E+01
    3    2.081667E-01    8.315389E-01    2.028458E+00
    4    2.081667E-01    8.315389E-01    3.447801E-01
    1    2.083333E-01    8.324200E-01    5.949254E+01
    2    2.083333E-01    8.324200E-01    1.153944E+01
    3    2.083333E-01    8.324200E-01    2.007294E+00
    4    2.083333E-01    8.324200E-01    3.411827E-01
    1    2.085000E-01    8.333017E-01    5.886821E+01
    2    2.085000E-01    8.333017E-01    1.141834E+01
    3    2.085000E-01    8.333017E-01    1.986229E+00
    4    2.085000E-01    8.333017E-01    3.376023E-01
    1    2.086667E-01    8.341838E-01    5.824686E+01
    2    2.086667E-01    8.341838E-01    1.129782E+01
    3    2.086667E-01    8.341838E-01    1.965264E+00
    4    2.086667E-01    8.341838E-01    3.340389E-01
    1    2.088333E-01    8.350663E-01    5.762848E+01
    2    2.088333E-01    8.350663E-01    1.117788E+01
    3    2.088333E-01    8.350663E-01    1.944400E+00
    4    2.088333E-01    8.350663E-01    3.304925E-01
    1    2.090000E-01    8.359493E-01    5.701307E+01
    2    2.090000E-01    8.359493E-01    1.105851E+01
    3    2.090000E-01    8.359493E-01    1.923636E+00
    4    2.090000E-01    8.359493E-01    3.269632E-01
    1    2.091667E-01    8.368328E-01    5.640064E+01
    2    2.091667E-01    8.368328E-01    1.093972E+01
    3    2.091667E-01    8.368328E-01    1.902972E+00
    4    2.091667E-01    8.368328E-01    3.234510E-01
    1    2.093333E-01    8.377168E-01    5.579120E+01
    2    2.093333E-01    8.377168E-01    1.082151E+01
    3    2.093333E-01    8.377168E-01    1.882410E+00
    4    2.093333E-01    8.377168E-01    3.199559E-01
    1    2.095000E-01    8.386012E-01    5.518475E+01
    2    2.095000E-01    8.386012E-01    1.070388E+01
    3    2.095000E-01    8.386012E-01    1.861948E+00
    4    2.095000E-01    8.386012E-01    3.164780E-01
    1    2.096667E-01    8.394861E-01    5.458129E+01
    2    2.096667E-01    8.394861E-01    1.058683E+01
    3    2.096667E-01    8.394861E-01    1.841587E+00
    4    2.096667E-01    8.394861E-01    3.130173E-01
    1    2.098333E-01    8.403714E-01    5.398084E+01
    2    2.098333E-01    8.403714E-01    1.047037E+01
    3    2.098333E-01    8.403714E-01    1.821328E+00
    4    2.098333E-01    8.403714E-01    3.095738E-01
    1    2.100000E-01    8.412572E-01    5.338340E+01
    2    2.100000E-01    8.412572E-01    1.035448E+01
    3    2.100000E-01    8.412572E-01    1.801170E+00
    4    2.100000E-01    8.412572E-01    3.061475E-01
    1    2.101667E-01    8.421435E-01    5.278897E+01
    2    2.101667E-01    8.421435E-01    1.023919E+01
    3    2.101667E-01    8.421435E-01    1.781114E+00
    4    2.101667E-01    8.421435E-01    3.027385E-01
    1    2.103333E-01    8.430303E-01    5.219755E+01
    2    2.103333E-01    8.430303E-01    1.012447E+01
    3    2.103333E-01    8.430303E-01    1.761159E+00
    4    2.103333E-01    8.430303E-01    2.993468E-01
    1    2.105000E-01    8.439175E-01    5.160916E+01
    2    2.105000E-01    8.439175E-01    1.001035E+01
    3    2.105000E-01    8.439175E-01    1.741307E+00
    4    2.105000E-01    8.439175E-01    2.959725E-01
    1    2.106667E-01    8.448052E-01    5.102380E+01
    2    2.106667E-01    8.448052E-01    9.896806E+00
    3    2.106667E-01    8.448052E-01    1.721556E+00
    4    2.106667E-01    8.448052E-01    2.926155E-01
    1    2.108333E-01    8.456933E-01    5.044147E+01
    2    2.108333E-01    8.456933E-01    9.783855E+00
    3    2.108333E-01    8.456933E-01    1.701908E+00
    4    2.108333E-01    8.456933E-01    2.892759E-01
    1    2.110000E-01    8.465819E-01    4.986218E+01
    2    2.110000E-01    8.465819E-01    9.671493E+00
    3    2.110000E-01    8.465819E-01    1.682363E+00
    4    2.110000E-01    8.465819E-01    2.859537E-01
    1    2.111667E-01    8.474710E-01    4.928594E+01
    2    2.111667E-01    8.474710E-01    9.559722E+00
    3    2.111667E-01    8.474710E-01    1.662920E+00
    4    2.111667E-01    8.474710E-01    2.826490E-01
    1    2.113333E-01    8.483606E-01    4.871274E+01
    2    2.113333E-01    8.483606E-01    9.448542E+00
    3    2.113333E-01    8.483606E-01    1.643581E+00
    4    2.113333E-01    8.483606E-01    2.793618E-01
    1    2.115000E-01    8.492506E-01    4.814260E+01
    2    2.115000E-01    8.492506E-01    9.337955E+00
    3    2.115000E-01    8.492506E-01    1.624344E+00
    4    2.115000E-01    8.492506E-01    2.760921E-01
    1    2.116667E-01    8.501411E-01    4.757551E+01
    2    2.116667E-01    8.501411E-01    9.227961E+00
    3    2.116667E-01    8.501411E-01    1.605210E+00
    4    2.116667E-01    8.501411E-01    2.728400E-01
    1    2.118333E-01    8.510320E-01    4.701150E+01
    2    2.118333E-01    8.510320E-01    9.118562E+00
    3    2.118333E-01    8.510320E-01    1.586180E+00
    4    2.118333E-01    8.510320E-01    2.696054E-01
    1    2.120000E-01    8.519235E-01    4.645055E+01
    2    2.120000E-01    8.519235E-01    9.009758E+00
    3    2.120000E-01    8.519235E-01    1.567254E+00
    4    2.120000E-01    8.519235E-01    2.663884E-01
    1    2.121667E-01    8.528153E-01    4.589268E+01
    2    2.121667E-01    8.528153E-01    8.901551E+00
    3    2.121667E-01    8.528153E-01    1.548431E+00
    4    2.121667E-01    8.528153E-01    2.631891E-01
    1    2.123333E-01    8.537077E-01    4.533789E+01
    2    2.123333E-01    8.537077E-01    8.793942E+00
    3    2.123333E-01    8.537077E-01    1.529712E+00
    4    2.123333E-01    8.537077E-01    2.600075E-01
    1    2.125000E-01    8.546005E-01    4.478619E+01
    2    2.125000E-01    8.546005E-01    8.686931E+00
    3    2.125000E-01    8.546005E-01    1.511098E+00
    4    2.125000E-01    8.546005E-01    2.568435E-01
    1    2.126667E-01    8.554938E-01    4.423758E+01
    2    2.126667E-01    8.554938E-01    8.580520E+00
    3    2.126667E-01    8.554938E-01    1.492587E+00
    4    2.126667E-01    8.554938E-01    2.536973E-01
    1    2.128333E-01    8.563875E-01    4.369206E+01
    2    2.128333E-01    8.563875E-01    8.474709E+00
    3    2.128333E-01    8.563875E-01    1.474182E+00
    4    2.128333E-01    8.563875E-01    2.505688E-01
    1    2.130000E-01    8.572818E-01    4.314965E+01
    2    2.130000E-01    8.572818E-01    8.369501E+00
    3    2.130000E-01    8.572818E-01    1.455880E+00
    4    2.130000E-01    8.572818E-01    2.474582E-01
    1    2.131667E-01    8.581765E-01    4.261034E+01
    2    2.131667E-01    8.581765E-01    8.264895E+00
    3    2.131667E-01    8.581765E-01    1.437684E+00
    4    2.131667E-01    8.581765E-01    2.443653E-01
    1    2.133333E-01    8.590716E-01    4.207415E+01
    2    2.133333E-01    8.590716E-01    8.160892E+00
    3    2.133333E-01    8.590716E-01    1.419593E+00
    4    2.133333E-01    8.590716E-01    2.412903E-01
    1    2.135000E-01    8.599672E-01    4.154108E+01
    2    2.135000E-01    8.599672E-01    8.057495E+00
    3    2.135000E-01    8.599672E-01    1.401607E+00
    4    2.135000E-01    8.599672E-01    2.382332E-01
    1    2.136667E-01    8.608633E-01    4.101113E+01
    2    2.136667E-01    8.608633E-01    7.954703E+00
    3    2.136667E-01    8.608633E-01    1.383726E+00
    4    2.136667E-01    8.608633E-01    2.351940E-01
    1    2.138333E-01    8.617599E-01    4.048431E+01
    2    2.138333E-01    8.617599E-01    7.852519E+00
    3    2.138333E-01    8.617599E-01    1.365951E+00
    4    2.138333E-01    8.617599E-01    2.321727E-01
    1    2.140000E-01    8.626569E-01    3.996062E+01
    2    2.140000E-01    8.626569E-01    7.750942E+00
    3    2.140000E-01    8.626569E-01    1.348282E+00
    4    2.140000E-01    8.626569E-01    2.291694E-01
    1    2.141667E-01    8.635544E-01    3.944007E+01
    2    2.141667E-01    8.635544E-01    7.649974E+00
    3    2.141667E-01    8.635544E-01    1.330718E+00
    4    2.141667E-01    8.635544E-01    2.261842E-01
    1    2.143333E-01    8.644523E-01    3.892267E+01
    2    2.143333E-01    8.644523E-01    7.549616E+00
    3    2.143333E-01    8.644523E-01    1.313261E+00
    4    2.143333E-01    8.644523E-01    2.232169E-01
    1    2.145000E-01    8.653507E-01    3.840842E+01
    2    2.145000E-01    8.653507E-01    7.449869E+00
    3    2.145000E-01    8.653507E-01    1.295910E+00
    4    2.145000E-01    8.653507E-01    2.202677E-01
    1    2.146667E-01    8.662496E-01    3.789732E+01
    2    2.146667E-01    8.662496E-01    7.350735E+00
    3    2.146667E-01    8.662496E-01    1.278665E+00
    4    2.146667E-01    8.662496E-01    2.173366E-01
    1    2.148333E-01    8.671490E-01    3.738938E+01
    2    2.148333E-01    8.671490E-01    7.252213E+00
    3    2.148333E-01    8.671490E-01    1.261527E+00
    4    2.148333E-01    8.671490E-01    2.144237E-01
    1    2.150000E-01    8.680488E-01    3.688461E+01
    2    2.150000E-01    8.680488E-01    7.154305E+00
    3    2.150000E-01    8.680488E-01    1.244496E+00
    4    2.150000E-01    8.680488E-01    2.115289E-01
    1    2.151667E-01    8.689491E-01    3.638301E+01
    2    2.151667E-01    8.689491E-01    7.057013E+00
    3    2.151667E-01    8.689491E-01    1.227572E+00
    4    2.151667E-01    8.689491E-01    2.086523E-01
    1    2.153333E-01    8.698498E-01    3.588459E+01
    2    2.153333E-01    8.698498E-01    6.960336E+00
    3    2.153333E-01    8.698498E-01    1.210755E+00
    4    2.153333E-01    8.698498E-01    2.057939E-01
    1    2.155000E-01    8.707510E-01    3.538935E+01
    2    2.155000E-01    8.707510E-01    6.864277E+00
    3    2.155000E-01    8.707510E-01    1.194046E+00
    4    2.155000E-01    8.707510E-01    2.029537E-01
    1    2.156667E-01    8.716527E-01    3.489729E+01
    2    2.156667E-01    8.716527E-01    6.768836E+00
    3    2.156667E-01    8.716527E-01    1.177444E+00
    4    2.156667E-01    8.716527E-01    2.001319E-01
    1    2.158333E-01    8.725549E-01    3.440843E+01
    2    2.158333E-01    8.725549E-01    6.674015E+00
    3    2.158333E-01    8.725549E-01    1.160950E+00
    4    2.158333E-01    8.725549E-01    1.973283E-01
    1    2.160000E-01    8.734575E-01    3.392277E+01
    2    2.160000E-01    8.734575E-01    6.579813E+00
    3    2.160000E-01    8.734575E-01    1.144563E+00
    4    2.160000E-01    8.734575E-01    1.945431E-01
    1    2.161667E-01    8.743606E-01    3.344031E+01
    2    2.161667E-01    8.743606E-01    6.486234E+00
    3    2.161667E-01    8.743606E-01    1.128285E+00
    4    2.161667E-01    8.743606E-01    1.917762E-01
    1    2.163333E-01    8.752641E-01    3.296106E+01
    2    2.163333E-01    8.752641E-01    6.393276E+00
    3    2.163333E-01    8.752641E-01    1.112115E+00
    4    2.163333E-01    8.752641E-01    1.890278E-01
    1    2.165000E-01    8.761681E-01    3.248503E+01
    2    2.165000E-01    8.761681E-01    6.300942E+00
    3    2.165000E-01    8.761681E-01    1.096053E+00
    4    2.165000E-01    8.761681E-01    1.862978E-01
    1    2.166667E-01    8.770726E-01    3.201221E+01
    2    2.166667E-01    8.770726E-01    6.209232E+00
    3    2.166667E-01    8.770726E-01    1.080100E+00
    4    2.166667E-01    8.770726E-01    1.835862E-01
    1    2.168333E-01    8.779776E-01    3.154262E+01
    2    2.168333E-01    8.779776E-01    6.118148E+00
    3    2.168333E-01    8.779776E-01    1.064256E+00
    4    2.168333E-01    8.779776E-01    1.808932E-01
    1    2.170000E-01    8.788830E-01    3.107626E+01
    2    2.170000E-01    8.788830E-01    6.027691E+00
    3    2.170000E-01    8.788830E-01    1.048521E+00
    4    2.170000E-01    8.788830E-01    1.782187E-01
    1    2.171667E-01    8.797889E-01    3.061313E+01
    2    2.171667E-01    8.797889E-01    5.937861E+00
    3    2.171667E-01    8.797889E-01    1.032895E+00
    4    2.171667E-01    8.797889E-01    1.755627E-01
    1    2.173333E-01    8.806952E-01    3.015325E+01
    2    2.173333E-01    8.806952E-01    5.848660E+00
    3    2.173333E-01    8.806952E-01    1.017378E+00
    4    2.173333E-01    8.806952E-01    1.729253E-01
    1    2.175000E-01    8.816020E-01    2.969661E+01
    2    2.175000E-01    8.816020E-01    5.760088E+00
    3    2.175000E-01    8.816020E-01    1.001971E+00
    4    2.175000E-01    8.816020E-01    1.703066E-01
    1    2.176667E-01    8.825093E-01    2.924322E+01
    2    2.176667E-01    8.825093E-01    5.672147E+00
    3    2.176667E-01    8.825093E-01    9.866740E-01
    4    2.176667E-01    8.825093E-01    1.677064E-01
    1    2.178333E-01    8.834171E-01    2.879309E+01
    2    2.178333E-01    8.834171E-01    5.584838E+00
    3    2.178333E-01    8.834171E-01    9.714865E-01
    4    2.178333E-01    8.834171E-01    1.651250E-01
    1    2.180000E-01    8.843253E-01    2.834623E+01
    2    2.180000E-01    8.843253E-01    5.498162E+00
    3    2.180000E-01    8.843253E-01    9.564091E-01
    4    2.180000E-01    8.843253E-01    1.625623E-01
    1    2.181667E-01    8.852340E-01    2.790263E+01
    2    2.181667E-01    8.852340E-01    5.412120E+00
    3    2.181667E-01    8.852340E-01    9.414420E-01
    4    2.181667E-01    8.852340E-01    1.600183E-01
    1    2.183333E-01    8.861431E-01    2.746230E+01
    2    2.183333E-01    8.861431E-01    5.326712E+00
    3    2.183333E-01    8.861431E-01    9.265853E-01
    4    2.183333E-01    8.861431E-01    1.574931E-01
    1    2.185000E-01    8.870527E-01    2.702526E+01
    2    2.185000E-01    8.870527E-01    5.241941E+00
    3    2.185000E-01    8.870527E-01    9.118393E-01
    4    2.185000E-01    8.870527E-01    1.549867E-01
    1    2.186667E-01    8.879628E-01    2.659150E+01
    2    2.186667E-01    8.879628E-01    5.157806E+00
    3    2.186667E-01    8.879628E-01    8.972040E-01
    4    2.186667E-01    8.879628E-01    1.524991E-01
    1    2.188333E-01    8.888734E-01    2.616102E+01
    2    2.188333E-01    8.888734E-01    5.074310E+00
    3    2.188333E-01    8.888734E-01    8.826797E-01
    4    2.188333E-01    8.888734E-01    1.500304E-01
    1    2.190000E-01    8.897844E-01    2.573384E+01
    2    2.190000E-01    8.897844E-01    4.991453E+00
    3    2.190000E-01    8.897844E-01    8.682667E-01
    4    2.190000E-01    8.897844E-01    1.475806E-01
    1    2.191667E-01    8.906959E-01    2.530997E+01
    2    2.191667E-01    8.906959E-01    4.909235E+00
    3    2.191667E-01    8.906959E-01    8.539649E-01
    4    2.191667E-01    8.906959E-01    1.451497E-01
    1    2.193333E-01    8.916078E-01    2.488940E+01
    2    2.193333E-01    8.916078E-01    4.827659E+00
    3    2.193333E-01    8.916078E-01    8.397747E-01
    4    2.193333E-01    8.916078E-01    1.427377E-01
    1    2.195000E-01    8.925202E-01    2.447213E+01
    2    2.195000E-01    8.925202E-01    4.746726E+00
    3    2.195000E-01    8.925202E-01    8.256962E-01
    4    2.195000E-01    8.925202E-01    1.403448E-01
    1    2.196667E-01    8.934331E-01    2.405819E+01
    2    2.196667E-01    8.934331E-01    4.666435E+00
    3    2.196667E-01    8.934331E-01    8.117296E-01
    4    2.196667E-01    8.934331E-01    1.379709E-01
    1    2.198333E-01    8.943465E-01    2.364757E+01
    2    2.198333E-01    8.943465E-01    4.586789E+00
    3    2.198333E-01    8.943465E-01    7.978751E-01
    4    2.198333E-01    8.943465E-01    1.356160E-01
    1    2.200000E-01    8.952603E-01    2.324027E+01
    2    2.200000E-01    8.952603E-01    4.507788E+00
    3    2.200000E-01    8.952603E-01    7.841329E-01
    4    2.200000E-01    8.952603E-01    1.332802E-01
    1    2.201667E-01    8.961746E-01    2.283631E+01
    2    2.201667E-01    8.961746E-01    4.429434E+00
    3    2.201667E-01    8.961746E-01    7.705031E-01
    4    2.201667E-01    8.961746E-01    1.309636E-01
    1    2.203333E-01    8.970893E-01    2.243569E+01
    2    2.203333E-01    8.970893E-01    4.351727E+00
    3    2.203333E-01    8.970893E-01    7.569860E-01
    4    2.203333E-01    8.970893E-01    1.286660E-01
    1    2.205000E-01    8.980045E-01    2.203841E+01
    2    2.205000E-01    8.980045E-01    4.274669E+00
    3    2.205000E-01    8.980045E-01    7.435817E-01
    4    2.205000E-01    8.980045E-01    1.263877E-01
    1    2.206667E-01    8.989202E-01    2.164448E+01
    2    2.206667E-01    8.989202E-01    4.198260E+00
    3    2.206667E-01    8.989202E-01    7.302903E-01
    4    2.206667E-01    8.989202E-01    1.241285E-01
    1    2.208333E-01    8.998363E-01    2.125390E+01
    2    2.208333E-01    8.998363E-01    4.122502E+00
    3    2.208333E-01    8.998363E-01    7.171122E-01
    4    2.208333E-01    8.998363E-01    1.218886E-01
    1    2.210000E-01    9.007530E-01    2.086668E+01
    2    2.210000E-01    9.007530E-01    4.047396E+00
    3    2.210000E-01    9.007530E-01    7.040474E-01
    4    2.210000E-01    9.007530E-01    1.196680E-01
    1    2.211667E-01    9.016700E-01    2.048283E+01
    2    2.211667E-01    9.016700E-01    3.972943E+00
    3    2.211667E-01    9.016700E-01    6.910961E-01
    4    2.211667E-01    9.016700E-01    1.174666E-01
    1    2.213333E-01    9.025876E-01    2.010235E+01
    2    2.213333E-01    9.025876E-01    3.899143E+00
    3    2.213333E-01    9.025876E-01    6.782586E-01
    4    2.213333E-01    9.025876E-01    1.152846E-01
    1    2.215000E-01    9.035056E-01    1.972525E+01
    2    2.215000E-01    9.035056E-01    3.825998E+00
    3    2.215000E-01    9.035056E-01    6.655350E-01
    4    2.215000E-01    9.035056E-01    1.131220E-01
    1    2.216667E-01    9.044241E-01    1.935153E+01
    2    2.216667E-01    9.044241E-01    3.753509E+00
    3    2.216667E-01    9.044241E-01    6.529255E-01
    4    2.216667E-01    9.044241E-01    1.109787E-01
    1    2.218333E-01    9.053430E-01    1.898119E+01
    2    2.218333E-01    9.053430E-01    3.681677E+00
    3    2.218333E-01    9.053430E-01    6.404303E-01
    4    2.218333E-01    9.053430E-01    1.088549E-01
    1    2.220000E-01    9.062625E-01    1.861425E+01
    2    2.220000E-01    9.062625E-01    3.610503E+00
    3    2.220000E-01    9.062625E-01    6.280496E-01
    4    2.220000E-01    9.062625E-01    1.067505E-01
    1    2.221667E-01    9.071823E-01    1.825070E+01
    2    2.221667E-01    9.071823E-01    3.539989E+00
    3    2.221667E-01    9.071823E-01    6.157835E-01
    4    2.221667E-01    9.071823E-01    1.046656E-01
    1    2.223333E-01    9.081027E-01    1.789056E+01
    2    2.223333E-01    9.081027E-01    3.470134E+00
    3    2.223333E-01    9.081027E-01    6.036322E-01
    4    2.223333E-01    9.081027E-01    1.026003E-01
    1    2.225000E-01    9.090235E-01    1.753383E+01
    2    2.225000E-01    9.090235E-01    3.400941E+00
    3    2.225000E-01    9.090235E-01    5.915960E-01
    4    2.225000E-01    9.090235E-01    1.005544E-01
    1    2.226667E-01    9.099448E-01    1.718051E+01
    2    2.226667E-01    9.099448E-01    3.332410E+00
    3    2.226667E-01    9.099448E-01    5.796750E-01
    4    2.226667E-01    9.099448E-01    9.852821E-02
    1    2.228333E-01    9.108665E-01    1.683061E+01
    2    2.228333E-01    9.108665E-01    3.264542E+00
    3    2.228333E-01    9.108665E-01    5.678693E-01
    4    2.228333E-01    9.108665E-01    9.652159E-02
    1    2.230000E-01    9.117887E-01    1.648414E+01
    2    2.230000E-01    9.117887E-01    3.197338E+00
    3    2.230000E-01    9.117887E-01    5.561793E-01
    4    2.230000E-01    9.117887E-01    9.453461E-02
    1    2.231667E-01    9.127114E-01    1.614110E+01
    2    2.231667E-01    9.127114E-01    3.130801E+00
    3    2.231667E-01    9.127114E-01    5.446049E-01
    4    2.231667E-01    9.127114E-01    9.256731E-02
    1    2.233333E-01    9.136346E-01    1.580149E+01
    2    2.233333E-01    9.136346E-01    3.064929E+00
    3    2.233333E-01    9.136346E-01    5.331466E-01
    4    2.233333E-01    9.136346E-01    9.061971E-02
    1    2.235000E-01    9.145582E-01    1.546533E+01
    2    2.235000E-01    9.145582E-01    2.999725E+00
    3    2.235000E-01    9.145582E-01    5.218043E-01
    4    2.235000E-01    9.145582E-01    8.869185E-02
    1    2.236667E-01    9.154823E-01    1.513261E+01
    2    2.236667E-01    9.154823E-01    2.935190E+00
    3    2.236667E-01    9.154823E-01    5.105784E-01
    4    2.236667E-01    9.154823E-01    8.678376E-02
    1    2.238333E-01    9.164068E-01    1.480335E+01
    2    2.238333E-01    9.164068E-01    2.871325E+00
    3    2.238333E-01    9.164068E-01    4.994690E-01
    4    2.238333E-01    9.164068E-01    8.489547E-02
    1    2.240000E-01    9.173318E-01    1.447755E+01
    2    2.240000E-01    9.173318E-01    2.808130E+00
    3    2.240000E-01    9.173318E-01    4.884762E-01
    4    2.240000E-01    9.173318E-01    8.302702E-02
    1    2.241667E-01    9.182573E-01    1.415520E+01
    2    2.241667E-01    9.182573E-01    2.745607E+00
    3    2.241667E-01    9.182573E-01    4.776003E-01
    4    2.241667E-01    9.182573E-01    8.117843E-02
    1    2.243333E-01    9.191833E-01    1.383633E+01
    2    2.243333E-01    9.191833E-01    2.683757E+00
    3    2.243333E-01    9.191833E-01    4.668415E-01
    4    2.243333E-01    9.191833E-01    7.934973E-02
    1    2.245000E-01    9.201097E-01    1.352093E+01
    2    2.245000E-01    9.201097E-01    2.622581E+00
    3    2.245000E-01    9.201097E-01    4.561999E-01
    4    2.245000E-01    9.201097E-01    7.754096E-02
    1    2.246667E-01    9.210366E-01    1.320902E+01
    2    2.246667E-01    9.210366E-01    2.562080E+00
    3    2.246667E-01    9.210366E-01    4.456757E-01
    4    2.246667E-01    9.210366E-01    7.575215E-02
    1    2.248333E-01    9.219639E-01    1.290058E+01
    2    2.248333E-01    9.219639E-01    2.502256E+00
    3    2.248333E-01    9.219639E-01    4.352691E-01
    4    2.248333E-01    9.219639E-01    7.398333E-02
    1    2.250000E-01    9.228917E-01    1.259564E+01
    2    2.250000E-01    9.228917E-01    2.443108E+00
    3    2.250000E-01    9.228917E-01    4.249803E-01
    4    2.250000E-01    9.228917E-01    7.223453E-02
    1    2.251667E-01    9.238200E-01    1.229420E+01
    2    2.251667E-01    9.238200E-01    2.384638E+00
    3    2.251667E-01    9.238200E-01    4.148095E-01
    4    2.251667E-01    9.238200E-01    7.050579E-02
    1    2.253333E-01    9.247487E-01    1.199626E+01
    2    2.253333E-01    9.247487E-01    2.326848E+00
    3    2.253333E-01    9.247487E-01    4.047569E-01
    4    2.253333E-01    9.247487E-01    6.879713E-02
    1    2.255000E-01    9.256780E-01    1.170182E+01
    2    2.255000E-01    9.256780E-01    2.269739E+00
    3    2.255000E-01    9.256780E-01    3.948226E-01
    4    2.255000E-01    9.256780E-01    6.710858E-02
    1    2.256667E-01    9.266076E-01    1.141090E+01
    2    2.256667E-01    9.266076E-01    2.213310E+00
    3    2.256667E-01    9.266076E-01    3.850069E-01
    4    2.256667E-01    9.266076E-01    6.544018E-02
    1    2.258333E-01    9.275378E-01    1.112350E+01
    2    2.258333E-01    9.275378E-01    2.157564E+00
    3    2.258333E-01    9.275378E-01    3.753098E-01
    4    2.258333E-01    9.275378E-01    6.379197E-02
    1    2.260000E-01    9.284684E-01    1.083962E+01
    2    2.260000E-01    9.284684E-01    2.102502E+00
    3    2.260000E-01    9.284684E-01    3.657317E-01
    4    2.260000E-01    9.284684E-01    6.216396E-02
    1    2.261667E-01    9.293995E-01    1.055927E+01
    2    2.261667E-01    9.293995E-01    2.048125E+00
    3    2.261667E-01    9.293995E-01    3.562727E-01
    4    2.261667E-01    9.293995E-01    6.055619E-02
    1    2.263333E-01    9.303310E-01    1.028246E+01
    2    2.263333E-01    9.303310E-01    1.994433E+00
    3    2.263333E-01    9.303310E-01    3.469330E-01
    4    2.263333E-01    9.303310E-01    5.896871E-02
    1    2.265000E-01    9.312630E-01    1.000919E+01
    2    2.265000E-01    9.312630E-01    1.941428E+00
    3    2.265000E-01    9.312630E-01    3.377127E-01
    4    2.265000E-01    9.312630E-01    5.740152E-02
    1    2.266667E-01    9.321955E-01    9.739464E+00
    2    2.266667E-01    9.321955E-01    1.889110E+00
    3    2.266667E-01    9.321955E-01    3.286121E-01
    4    2.266667E-01    9.321955E-01    5.585468E-02
    1    2.268333E-01    9.331285E-01    9.473290E+00
    2    2.268333E-01    9.331285E-01    1.837482E+00
    3    2.268333E-01    9.331285E-01    3.196313E-01
    4    2.268333E-01    9.331285E-01    5.432820E-02
    1    2.270000E-01    9.340619E-01    9.210673E+00
    2    2.270000E-01    9.340619E-01    1.786544E+00
    3    2.270000E-01    9.340619E-01    3.107705E-01
    4    2.270000E-01    9.340619E-01    5.282213E-02
    1    2.271667E-01    9.349958E-01    8.951620E+00
    2    2.271667E-01    9.349958E-01    1.736297E+00
    3    2.271667E-01    9.349958E-01    3.020300E-01
    4    2.271667E-01    9.349958E-01    5.133648E-02
    1    2.273333E-01    9.359301E-01    8.696135E+00
    2    2.273333E-01    9.359301E-01    1.686741E+00
    3    2.273333E-01    9.359301E-01    2.934099E-01
    4    2.273333E-01    9.359301E-01    4.987131E-02
    1    2.275000E-01    9.368649E-01    8.444223E+00
    2    2.275000E-01    9.368649E-01    1.637880E+00
    3    2.275000E-01    9.368649E-01    2.849103E-01
    4    2.275000E-01    9.368649E-01    4.842663E-02
    1    2.276667E-01    9.378002E-01    8.195892E+00
    2    2.276667E-01    9.378002E-01    1.589712E+00
    3    2.276667E-01    9.378002E-01    2.765315E-01
    4    2.276667E-01    9.378002E-01    4.700247E-02
    1    2.278333E-01    9.387360E-01    7.951145E+00
    2    2.278333E-01    9.387360E-01    1.542240E+00
    3    2.278333E-01    9.387360E-01    2.682737E-01
    4    2.278333E-01    9.387360E-01    4.559888E-02
    1    2.280000E-01    9.396722E-01    7.709990E+00
    2    2.280000E-01    9.396722E-01    1.495464E+00
    3    2.280000E-01    9.396722E-01    2.601371E-01
    4    2.280000E-01    9.396722E-01    4.421588E-02
    1    2.281667E-01    9.406088E-01    7.472430E+00
    2    2.281667E-01    9.406088E-01    1.449386E+00
    3    2.281667E-01    9.406088E-01    2.521217E-01
    4    2.281667E-01    9.406088E-01    4.285350E-02
    1    2.283333E-01    9.415460E-01    7.238472E+00
    2    2.283333E-01    9.415460E-01    1.404007E+00
    3    2.283333E-01    9.415460E-01    2.442279E-01
    4    2.283333E-01    9.415460E-01    4.151178E-02
    1    2.285000E-01    9.424836E-01    7.008122E+00
    2    2.285000E-01    9.424836E-01    1.359327E+00
    3    2.285000E-01    9.424836E-01    2.364559E-01
    4    2.285000E-01    9.424836E-01    4.019075E-02
    1    2.286667E-01    9.434217E-01    6.781384E+00
    2    2.286667E-01    9.434217E-01    1.315348E+00
    3    2.286667E-01    9.434217E-01    2.288057E-01
    4    2.286667E-01    9.434217E-01    3.889044E-02
    1    2.288333E-01    9.443602E-01    6.558265E+00
    2    2.288333E-01    9.443602E-01    1.272071E+00
    3    2.288333E-01    9.443602E-01    2.212776E-01
    4    2.288333E-01    9.443602E-01    3.761088E-02
    1    2.290000E-01    9.452992E-01    6.338770E+00
    2    2.290000E-01    9.452992E-01    1.229496E+00
    3    2.290000E-01    9.452992E-01    2.138717E-01
    4    2.290000E-01    9.452992E-01    3.635210E-02
    1    2.291667E-01    9.462387E-01    6.122904E+00
    2    2.291667E-01    9.462387E-01    1.187626E+00
    3    2.291667E-01    9.462387E-01    2.065884E-01
    4    2.291667E-01    9.462387E-01    3.511413E-02
    1    2.293333E-01    9.471787E-01    5.910674E+00
    2    2.293333E-01    9.471787E-01    1.146461E+00
    3    2.293333E-01    9.471787E-01    1.994277E-01
    4    2.293333E-01    9.471787E-01    3.389702E-02
    1    2.295000E-01    9.481191E-01    5.702084E+00
    2    2.295000E-01    9.481191E-01    1.106002E+00
    3    2.295000E-01    9.481191E-01    1.923898E-01
    4    2.295000E-01    9.481191E-01    3.270078E-02
    1    2.296667E-01    9.490600E-01    5.497140E+00
    2    2.296667E-01    9.490600E-01    1.066250E+00
    3    2.296667E-01    9.490600E-01    1.854750E-01
    4    2.296667E-01    9.490600E-01    3.152545E-02
    1    2.298333E-01    9.500013E-01    5.295849E+00
    2    2.298333E-01    9.500013E-01    1.027207E+00
    3    2.298333E-01    9.500013E-01    1.786833E-01
    4    2.298333E-01    9.500013E-01    3.037107E-02
    1    2.300000E-01    9.509431E-01    5.098215E+00
    2    2.300000E-01    9.509431E-01    9.888727E-01
    3    2.300000E-01    9.509431E-01    1.720151E-01
    4    2.300000E-01    9.509431E-01    2.923766E-02
    1    2.301667E-01    9.518854E-01    4.904244E+00
    2    2.301667E-01    9.518854E-01    9.512492E-01
    3    2.301667E-01    9.518854E-01    1.654705E-01
    4    2.301667E-01    9.518854E-01    2.812526E-02
    1    2.303333E-01    9.528281E-01    4.713942E+00
    2    2.303333E-01    9.528281E-01    9.143373E-01
    3    2.303333E-01    9.528281E-01    1.590496E-01
    4    2.303333E-01    9.528281E-01    2.703390E-02
    1    2.305000E-01    9.537714E-01    4.527313E+00
    2    2.305000E-01    9.537714E-01    8.781381E-01
    3    2.305000E-01    9.537714E-01    1.527527E-01
    4    2.305000E-01    9.537714E-01    2.596361E-02
    1    2.306667E-01    9.547150E-01    4.344365E+00
    2    2.306667E-01    9.547150E-01    8.426526E-01
    3    2.306667E-01    9.547150E-01    1.465800E-01
    4    2.306667E-01    9.547150E-01    2.491442E-02
    1    2.308333E-01    9.556592E-01    4.165102E+00
    2    2.308333E-01    9.556592E-01    8.078820E-01
    3    2.308333E-01    9.556592E-01    1.405316E-01
    4    2.308333E-01    9.556592E-01    2.388637E-02
    1    2.310000E-01    9.566038E-01    3.989530E+00
    2    2.310000E-01    9.566038E-01    7.738273E-01
    3    2.310000E-01    9.566038E-01    1.346078E-01
    4    2.310000E-01    9.566038E-01    2.287949E-02
    1    2.311667E-01    9.575489E-01    3.817655E+00
    2    2.311667E-01    9.575489E-01    7.404896E-01
    3    2.311667E-01    9.575489E-01    1.288087E-01
    4    2.311667E-01    9.575489E-01    2.189380E-02
    1    2.313333E-01    9.584944E-01    3.649482E+00
    2    2.313333E-01    9.584944E-01    7.078700E-01
    3    2.313333E-01    9.584944E-01    1.231345E-01
    4    2.313333E-01    9.584944E-01    2.092935E-02
    1    2.315000E-01    9.594404E-01    3.485017E+00
    2    2.315000E-01    9.594404E-01    6.759696E-01
    3    2.315000E-01    9.594404E-01    1.175854E-01
    4    2.315000E-01    9.594404E-01    1.998616E-02
    1    2.316667E-01    9.603869E-01    3.324265E+00
    2    2.316667E-01    9.603869E-01    6.447895E-01
    3    2.316667E-01    9.603869E-01    1.121616E-01
    4    2.316667E-01    9.603869E-01    1.906427E-02
    1    2.318333E-01    9.613339E-01    3.167233E+00
    2    2.318333E-01    9.613339E-01    6.143308E-01
    3    2.318333E-01    9.613339E-01    1.068633E-01
    4    2.318333E-01    9.613339E-01    1.816371E-02
    1    2.320000E-01    9.622813E-01    3.013925E+00
    2    2.320000E-01    9.622813E-01    5.845945E-01
    3    2.320000E-01    9.622813E-01    1.016906E-01
    4    2.320000E-01    9.622813E-01    1.728450E-02
    1    2.321667E-01    9.632292E-01    2.864347E+00
    2    2.321667E-01    9.632292E-01    5.555817E-01
    3    2.321667E-01    9.632292E-01    9.664383E-02
    4    2.321667E-01    9.632292E-01    1.642669E-02
    1    2.323333E-01    9.641775E-01    2.718506E+00
    2    2.323333E-01    9.641775E-01    5.272936E-01
    3    2.323333E-01    9.641775E-01    9.172309E-02
    4    2.323333E-01    9.641775E-01    1.559031E-02
    1    2.325000E-01    9.651263E-01    2.576405E+00
    2    2.325000E-01    9.651263E-01    4.997312E-01
    3    2.325000E-01    9.651263E-01    8.692859E-02
    4    2.325000E-01    9.651263E-01    1.477538E-02
    1    2.326667E-01    9.660756E-01    2.438052E+00
    2    2.326667E-01    9.660756E-01    4.728956E-01
    3    2.326667E-01    9.660756E-01    8.226053E-02
    4    2.326667E-01    9.660756E-01    1.398194E-02
    1    2.328333E-01    9.670253E-01    2.303452E+00
    2    2.328333E-01    9.670253E-01    4.467880E-01
    3    2.328333E-01    9.670253E-01    7.771908E-02
    4    2.328333E-01    9.670253E-01    1.321003E-02
    1    2.330000E-01    9.679755E-01    2.172611E+00
    2    2.330000E-01    9.679755E-01    4.214093E-01
    3    2.330000E-01    9.679755E-01    7.330445E-02
    4    2.330000E-01    9.679755E-01    1.245967E-02
    1    2.331667E-01    9.689262E-01    2.045533E+00
    2    2.331667E-01    9.689262E-01    3.967608E-01
    3    2.331667E-01    9.689262E-01    6.901682E-02
    4    2.331667E-01    9.689262E-01    1.173089E-02
    1    2.333333E-01    9.698774E-01    1.922225E+00
    2    2.333333E-01    9.698774E-01    3.728434E-01
    3    2.333333E-01    9.698774E-01    6.485637E-02
    4    2.333333E-01    9.698774E-01    1.102373E-02
    1    2.335000E-01    9.708290E-01    1.802692E+00
    2    2.335000E-01    9.708290E-01    3.496583E-01
    3    2.335000E-01    9.708290E-01    6.082331E-02
    4    2.335000E-01    9.708290E-01    1.033823E-02
    1    2.336667E-01    9.717811E-01    1.686941E+00
    2    2.336667E-01    9.717811E-01    3.272066E-01
    3    2.336667E-01    9.717811E-01    5.691782E-02
    4    2.336667E-01    9.717811E-01    9.674406E-03
    1    2.338333E-01    9.727336E-01    1.574976E+00
    2    2.338333E-01    9.727336E-01    3.054894E-01
    3    2.338333E-01    9.727336E-01    5.314010E-02
    4    2.338333E-01    9.727336E-01    9.032301E-03
    1    2.340000E-01    9.736866E-01    1.466803E+00
    2    2.340000E-01    9.736866E-01    2.845078E-01
    3    2.340000E-01    9.736866E-01    4.949032E-02
    4    2.340000E-01    9.736866E-01    8.411943E-03
    1    2.341667E-01    9.746401E-01    1.362428E+00
    2    2.341667E-01    9.746401E-01    2.642628E-01
    3    2.341667E-01    9.746401E-01    4.596869E-02
    4    2.341667E-01    9.746401E-01    7.813367E-03
    1    2.343333E-01    9.755940E-01    1.261857E+00
    2    2.343333E-01    9.755940E-01    2.447555E-01
    3    2.343333E-01    9.755940E-01    4.257540E-02
    4    2.343333E-01    9.755940E-01    7.236603E-03
    1    2.345000E-01    9.765484E-01    1.165096E+00
    2    2.345000E-01    9.765484E-01    2.259872E-01
    3    2.345000E-01    9.765484E-01    3.931063E-02
    4    2.345000E-01    9.765484E-01    6.681686E-03
    1    2.346667E-01    9.775033E-01    1.072149E+00
    2    2.346667E-01    9.775033E-01    2.079588E-01
    3    2.346667E-01    9.775033E-01    3.617458E-02
    4    2.346667E-01    9.775033E-01    6.148646E-03
    1    2.348333E-01    9.784587E-01    9.830223E-01
    2    2.348333E-01    9.784587E-01    1.906714E-01
    3    2.348333E-01    9.784587E-01    3.316743E-02
    4    2.348333E-01    9.784587E-01    5.637517E-03
    1    2.350000E-01    9.794145E-01    8.977222E-01
    2    2.350000E-01    9.794145E-01    1.741263E-01
    3    2.350000E-01    9.794145E-01    3.028938E-02
    4    2.350000E-01    9.794145E-01    5.148331E-03
    1    2.351667E-01    9.803708E-01    8.162541E-01
    2    2.351667E-01    9.803708E-01    1.583243E-01
    3    2.351667E-01    9.803708E-01    2.754063E-02
    4    2.351667E-01    9.803708E-01    4.681121E-03
    1    2.353333E-01    9.813275E-01    7.386235E-01
    2    2.353333E-01    9.813275E-01    1.432667E-01
    3    2.353333E-01    9.813275E-01    2.492135E-02
    4    2.353333E-01    9.813275E-01    4.235919E-03
    1    2.355000E-01    9.822847E-01    6.648362E-01
    2    2.355000E-01    9.822847E-01    1.289546E-01
    3    2.355000E-01    9.822847E-01    2.243175E-02
    4    2.355000E-01    9.822847E-01    3.812757E-03
    1    2.356667E-01    9.832424E-01    5.948978E-01
    2    2.356667E-01    9.832424E-01    1.153891E-01
    3    2.356667E-01    9.832424E-01    2.007201E-02
    4    2.356667E-01    9.832424E-01    3.411669E-03
    1    2.358333E-01    9.842005E-01    5.288141E-01
    2    2.358333E-01    9.842005E-01    1.025712E-01
    3    2.358333E-01    9.842005E-01    1.784233E-02
    4    2.358333E-01    9.842005E-01    3.032687E-03
    1    2.360000E-01    9.851591E-01    4.665907E-01
    2    2.360000E-01    9.851591E-01    9.050203E-02
    3    2.360000E-01    9.851591E-01    1.574289E-02
    4    2.360000E-01    9.851591E-01    2.675843E-03
    1    2.361667E-01    9.861182E-01    4.082332E-01
    2    2.361667E-01    9.861182E-01    7.918276E-02
    3    2.361667E-01    9.861182E-01    1.377390E-02
    4    2.361667E-01    9.861182E-01    2.341169E-03
    1    2.363333E-01    9.870778E-01    3.537475E-01
    2    2.363333E-01    9.870778E-01    6.861446E-02
    3    2.363333E-01    9.870778E-01    1.193553E-02
    4    2.363333E-01    9.870778E-01    2.028700E-03
    1    2.365000E-01    9.880378E-01    3.031391E-01
    2    2.365000E-01    9.880378E-01    5.879822E-02
    3    2.365000E-01    9.880378E-01    1.022799E-02
    4    2.365000E-01    9.880378E-01    1.738467E-03
    1    2.366667E-01    9.889983E-01    2.564138E-01
    2    2.366667E-01    9.889983E-01    4.973517E-02
    3    2.366667E-01    9.889983E-01    8.651468E-03
    4    2.366667E-01    9.889983E-01    1.470503E-03
    1    2.368333E-01    9.899592E-01    2.135772E-01
    2    2.368333E-01    9.899592E-01    4.142640E-02
    3    2.368333E-01    9.899592E-01    7.206151E-03
    4    2.368333E-01    9.899592E-01    1.224840E-03
    1    2.370000E-01    9.909206E-01    1.746351E-01
    2    2.370000E-01    9.909206E-01    3.387301E-02
    3    2.370000E-01    9.909206E-01    5.892234E-03
    4    2.370000E-01    9.909206E-01    1.001512E-03
    1    2.371667E-01    9.918825E-01    1.395932E-01
    2    2.371667E-01    9.918825E-01    2.707612E-02
    3    2.371667E-01    9.918825E-01    4.709910E-03
    4    2.371667E-01    9.918825E-01    8.005503E-04
    1    2.373333E-01    9.928448E-01    1.084571E-01
    2    2.373333E-01    9.928448E-01    2.103683E-02
    3    2.373333E-01    9.928448E-01    3.659371E-03
    4    2.373333E-01    9.928448E-01    6.219886E-04
    1    2.375000E-01    9.938076E-01    8.123259E-02
    2    2.375000E-01    9.938076E-01    1.575624E-02
    3    2.375000E-01    9.938076E-01    2.740809E-03
    4    2.375000E-01    9.938076E-01    4.658593E-04
    1    2.376667E-01    9.947709E-01    5.792538E-02
    2    2.376667E-01    9.947709E-01    1.123547E-02
    3    2.376667E-01    9.947709E-01    1.954418E-03
    4    2.376667E-01    9.947709E-01    3.321952E-04
    1    2.378333E-01    9.957347E-01    3.854117E-02
    2    2.378333E-01    9.957347E-01    7.475619E-03
    3    2.378333E-01    9.957347E-01    1.300389E-03
    4    2.378333E-01    9.957347E-01    2.210291E-04
    1    2.380000E-01    9.966989E-01    2.308567E-02
    2    2.380000E-01    9.966989E-01    4.477801E-03
    3    2.380000E-01    9.966989E-01    7.789166E-04
    4    2.380000E-01    9.966989E-01    1.323936E-04
    1    2.381667E-01    9.976636E-01    1.156461E-02
    2    2.381667E-01    9.976636E-01    2.243124E-03
    3    2.381667E-01    9.976636E-01    3.901930E-04
    4    2.381667E-01    9.976636E-01    6.632167E-05
    1    2.383333E-01    9.986287E-01    3.983702E-03
    2    2.383333E-01    9.986287E-01    7.726967E-04
    3    2.383333E-01    9.986287E-01    1.344111E-04
    4    2.383333E-01    9.986287E-01    2.284606E-05
    1    2.385000E-01    9.995943E-01    3.486732E-04
    2    2.385000E-01    9.995943E-01    6.763022E-05
    3    2.385000E-01    9.995943E-01    1.176432E-05
    4    2.385000E-01    9.995943E-01    1.999599E-06
    1    2.386667E-01    1.000560E+00    6.652512E-04
    2    2.386667E-01    1.000560E+00    1.290351E-04
    3    2.386667E-01    1.000560E+00    2.244575E-05
    4    2.386667E-01    1.000560E+00    3.815137E-06
    1    2.388333E-01    1.001527E+00    4.939166E-03
    2    2.388333E-01    1.001527E+00    9.580228E-04
    3    2.388333E-01    1.001527E+00    1.666487E-04
    4    2.388333E-01    1.001527E+00    2.832553E-05
    1    2.390000E-01    1.002494E+00    1.317615E-02
    2    2.390000E-01    1.002494E+00    2.555705E-03
    3    2.390000E-01    1.002494E+00    4.445667E-04
    4    2.390000E-01    1.002494E+00    7.556366E-05
    1    2.391667E-01    1.003461E+00    2.538194E-02
    2    2.391667E-01    1.003461E+00    4.923195E-03
    3    2.391667E-01    1.003461E+00    8.563932E-04
    4    2.391667E-01    1.003461E+00    1.455624E-04
    1    2.393333E-01    1.004429E+00    4.156227E-02
    2    2.393333E-01    1.004429E+00    8.061605E-03
    3    2.393333E-01    1.004429E+00    1.402322E-03
    4    2.393333E-01    1.004429E+00    2.383547E-04
    1    2.395000E-01    1.005398E+00    6.172288E-02
    2    2.395000E-01    1.005398E+00    1.197205E-02
    3    2.395000E-01    1.005398E+00    2.082546E-03
    4    2.395000E-01    1.005398E+00    3.539734E-04
    1    2.396667E-01    1.006367E+00    8.586952E-02
    2    2.396667E-01    1.006367E+00    1.665564E-02
    3    2.396667E-01    1.006367E+00    2.897260E-03
    4    2.396667E-01    1.006367E+00    4.924516E-04
    1    2.398333E-01    1.007336E+00    1.140079E-01
    2    2.398333E-01    1.007336E+00    2.211349E-02
    3    2.398333E-01    1.007336E+00    3.846658E-03
    4    2.398333E-01    1.007336E+00    6.538221E-04
    1    2.400000E-01    1.008306E+00    1.461439E-01
    2    2.400000E-01    1.008306E+00    2.834672E-02
    3    2.400000E-01    1.008306E+00    4.930932E-03
    4    2.400000E-01    1.008306E+00    8.381179E-04
    1    2.401667E-01    1.009276E+00    1.822831E-01
    2    2.401667E-01    1.009276E+00    3.535645E-02
    3    2.401667E-01    1.009276E+00    6.150279E-03
    4    2.401667E-01    1.009276E+00    1.045372E-03
    1    2.403333E-01    1.010247E+00    2.224313E-01
    2    2.403333E-01    1.010247E+00    4.314378E-02
    3    2.403333E-01    1.010247E+00    7.504891E-03
    4    2.403333E-01    1.010247E+00    1.275617E-03
    1    2.405000E-01    1.011218E+00    2.665943E-01
    2    2.405000E-01    1.011218E+00    5.170984E-02
    3    2.405000E-01    1.011218E+00    8.994963E-03
    4    2.405000E-01    1.011218E+00    1.528887E-03
    1    2.406667E-01    1.012190E+00    3.147779E-01
    2    2.406667E-01    1.012190E+00    6.105575E-02
    3    2.406667E-01    1.012190E+00    1.062069E-02
    4    2.406667E-01    1.012190E+00    1.805214E-03
    1    2.408333E-01    1.013162E+00    3.669878E-01
    2    2.408333E-01    1.013162E+00    7.118261E-02
    3    2.408333E-01    1.013162E+00    1.238226E-02
    4    2.408333E-01    1.013162E+00    2.104632E-03
    1    2.410000E-01    1.014134E+00    4.232298E-01
    2    2.410000E-01    1.014134E+00    8.209155E-02
    3    2.410000E-01    1.014134E+00    1.427988E-02
    4    2.410000E-01    1.014134E+00    2.427173E-03
    1    2.411667E-01    1.015108E+00    4.835096E-01
    2    2.411667E-01    1.015108E+00    9.378370E-02
    3    2.411667E-01    1.015108E+00    1.631374E-02
    4    2.411667E-01    1.015108E+00    2.772870E-03
    1    2.413333E-01    1.016081E+00    5.478330E-01
    2    2.413333E-01    1.016081E+00    1.062602E-01
    3    2.413333E-01    1.016081E+00    1.848403E-02
    4    2.413333E-01    1.016081E+00    3.141758E-03
    1    2.415000E-01    1.017055E+00    6.162058E-01
    2    2.415000E-01    1.017055E+00    1.195221E-01
    3    2.415000E-01    1.017055E+00    2.079095E-02
    4    2.415000E-01    1.017055E+00    3.533868E-03
    1    2.416667E-01    1.018030E+00    6.886338E-01
    2    2.416667E-01    1.018030E+00    1.335705E-01
    3    2.416667E-01    1.018030E+00    2.323468E-02
    4    2.416667E-01    1.018030E+00    3.949234E-03
    1    2.418333E-01    1.019004E+00    7.651227E-01
    2    2.418333E-01    1.019004E+00    1.484066E-01
    3    2.418333E-01    1.019004E+00    2.581544E-02
    4    2.418333E-01    1.019004E+00    4.387888E-03
    1    2.420000E-01    1.019980E+00    8.456784E-01
    2    2.420000E-01    1.019980E+00    1.640316E-01
    3    2.420000E-01    1.019980E+00    2.853341E-02
    4    2.420000E-01    1.019980E+00    4.849866E-03
    1    2.421667E-01    1.020956E+00    9.303065E-01
    2    2.421667E-01    1.020956E+00    1.804464E-01
    3    2.421667E-01    1.020956E+00    3.138879E-02
    4    2.421667E-01    1.020956E+00    5.335198E-03
    1    2.423333E-01    1.021932E+00    1.019013E+00
    2    2.423333E-01    1.021932E+00    1.976524E-01
    3    2.423333E-01    1.021932E+00    3.438176E-02
    4    2.423333E-01    1.021932E+00    5.843919E-03
    1    2.425000E-01    1.022909E+00    1.111804E+00
    2    2.425000E-01    1.022909E+00    2.156504E-01
    3    2.425000E-01    1.022909E+00    3.751254E-02
    4    2.425000E-01    1.022909E+00    6.376062E-03
    1    2.426667E-01    1.023886E+00    1.208684E+00
    2    2.426667E-01    1.023886E+00    2.344418E-01
    3    2.426667E-01    1.023886E+00    4.078131E-02
    4    2.426667E-01    1.023886E+00    6.931660E-03
    1    2.428333E-01    1.024864E+00    1.309660E+00
    2    2.428333E-01    1.024864E+00    2.540276E-01
    3    2.428333E-01    1.024864E+00    4.418828E-02
    4    2.428333E-01    1.024864E+00    7.510746E-03
    1    2.430000E-01    1.025842E+00    1.414738E+00
    2    2.430000E-01    1.025842E+00    2.744089E-01
    3    2.430000E-01    1.025842E+00    4.773362E-02
    4    2.430000E-01    1.025842E+00    8.113354E-03
    1    2.431667E-01    1.026821E+00    1.523923E+00
    2    2.431667E-01    1.026821E+00    2.955869E-01
    3    2.431667E-01    1.026821E+00    5.141755E-02
    4    2.431667E-01    1.026821E+00    8.739517E-03
    1    2.433333E-01    1.027800E+00    1.637221E+00
    2    2.433333E-01    1.027800E+00    3.175627E-01
    3    2.433333E-01    1.027800E+00    5.524025E-02
    4    2.433333E-01    1.027800E+00    9.389267E-03
    1    2.435000E-01    1.028780E+00    1.754637E+00
    2    2.435000E-01    1.028780E+00    3.403374E-01
    3    2.435000E-01    1.028780E+00    5.920193E-02
    4    2.435000E-01    1.028780E+00    1.006264E-02
    1    2.436667E-01    1.029760E+00    1.876179E+00
    2    2.436667E-01    1.029760E+00    3.639121E-01
    3    2.436667E-01    1.029760E+00    6.330277E-02
    4    2.436667E-01    1.029760E+00    1.075967E-02
    1    2.438333E-01    1.030740E+00    2.001851E+00
    2    2.438333E-01    1.030740E+00    3.882881E-01
    3    2.438333E-01    1.030740E+00    6.754298E-02
    4    2.438333E-01    1.030740E+00    1.148038E-02
    1    2.440000E-01    1.031721E+00    2.131660E+00
    2    2.440000E-01    1.031721E+00    4.134663E-01
    3    2.440000E-01    1.031721E+00    7.192275E-02
    4    2.440000E-01    1.031721E+00    1.222482E-02
    1    2.441667E-01    1.032703E+00    2.265610E+00
    2    2.441667E-01    1.032703E+00    4.394480E-01
    3    2.441667E-01    1.032703E+00    7.644228E-02
    4    2.441667E-01    1.032703E+00    1.299301E-02
    1    2.443333E-01    1.033685E+00    2.403709E+00
    2    2.443333E-01    1.033685E+00    4.662342E-01
    3    2.443333E-01    1.033685E+00    8.110176E-02
    4    2.443333E-01    1.033685E+00    1.378499E-02
    1    2.445000E-01    1.034667E+00    2.545961E+00
    2    2.445000E-01    1.034667E+00    4.938261E-01
    3    2.445000E-01    1.034667E+00    8.590139E-02
    4    2.445000E-01    1.034667E+00    1.460079E-02
    1    2.446667E-01    1.035650E+00    2.692373E+00
    2    2.446667E-01    1.035650E+00    5.222248E-01
    3    2.446667E-01    1.035650E+00    9.084137E-02
    4    2.446667E-01    1.035650E+00    1.544044E-02
    1    2.448333E-01    1.036633E+00    2.842950E+00
    2    2.448333E-01    1.036633E+00    5.514315E-01
    3    2.448333E-01    1.036633E+00    9.592189E-02
    4    2.448333E-01    1.036633E+00    1.630399E-02
    1    2.450000E-01    1.037617E+00    2.997699E+00
    2    2.450000E-01    1.037617E+00    5.814473E-01
    3    2.450000E-01    1.037617E+00    1.011432E-01
    4    2.450000E-01    1.037617E+00    1.719145E-02
    1    2.451667E-01    1.038601E+00    3.156625E+00
    2    2.451667E-01    1.038601E+00    6.122732E-01
    3    2.451667E-01    1.038601E+00    1.065054E-01
    4    2.451667E-01    1.038601E+00    1.810287E-02
    1    2.453333E-01    1.039586E+00    3.319734E+00
    2    2.453333E-01    1.039586E+00    6.439105E-01
    3    2.453333E-01    1.039586E+00    1.120087E-01
    4    2.453333E-01    1.039586E+00    1.903828E-02
    1    2.455000E-01    1.040571E+00    3.487031E+00
    2    2.455000E-01    1.040571E+00    6.763603E-01
    3    2.455000E-01    1.040571E+00    1.176534E-01
    4    2.455000E-01    1.040571E+00    1.999771E-02
    1    2.456667E-01    1.041557E+00    3.658524E+00
    2    2.456667E-01    1.041557E+00    7.096237E-01
    3    2.456667E-01    1.041557E+00    1.234395E-01
    4    2.456667E-01    1.041557E+00    2.098120E-02
    1    2.458333E-01    1.042543E+00    3.834216E+00
    2    2.458333E-01    1.042543E+00    7.437019E-01
    3    2.458333E-01    1.042543E+00    1.293675E-01
    4    2.458333E-01    1.042543E+00    2.198878E-02
    1    2.460000E-01    1.043530E+00    4.014115E+00
    2    2.460000E-01    1.043530E+00    7.785959E-01
    3    2.460000E-01    1.043530E+00    1.354373E-01
    4    2.460000E-01    1.043530E+00    2.302048E-02
    1    2.461667E-01    1.044517E+00    4.198227E+00
    2    2.461667E-01    1.044517E+00    8.143070E-01
    3    2.461667E-01    1.044517E+00    1.416493E-01
    4    2.461667E-01    1.044517E+00    2.407633E-02
    1    2.463333E-01    1.045504E+00    4.386556E+00
    2    2.463333E-01    1.045504E+00    8.508362E-01
    3    2.463333E-01    1.045504E+00    1.480035E-01
    4    2.463333E-01    1.045504E+00    2.515638E-02
    1    2.465000E-01    1.046492E+00    4.579109E+00
    2    2.465000E-01    1.046492E+00    8.881847E-01
    3    2.465000E-01    1.046492E+00    1.545003E-01
    4    2.465000E-01    1.046492E+00    2.626065E-02
    1    2.466667E-01    1.047481E+00    4.775892E+00
    2    2.466667E-01    1.047481E+00    9.263536E-01
    3    2.466667E-01    1.047481E+00    1.611399E-01
    4    2.466667E-01    1.047481E+00    2.738918E-02
    1    2.468333E-01    1.048470E+00    4.976911E+00
    2    2.468333E-01    1.048470E+00    9.653440E-01
    3    2.468333E-01    1.048470E+00    1.679223E-01
    4    2.468333E-01    1.048470E+00    2.854200E-02
    1    2.470000E-01    1.049459E+00    5.182171E+00
    2    2.470000E-01    1.049459E+00    1.005157E+00
    3    2.470000E-01    1.049459E+00    1.748478E-01
    4    2.470000E-01    1.049459E+00    2.971914E-02
    1    2.471667E-01    1.050449E+00    5.391678E+00
    2    2.471667E-01    1.050449E+00    1.045794E+00
    3    2.471667E-01    1.050449E+00    1.819166E-01
    4    2.471667E-01    1.050449E+00    3.092064E-02
    1    2.473333E-01    1.051439E+00    5.605439E+00
    2    2.473333E-01    1.051439E+00    1.087256E+00
    3    2.473333E-01    1.051439E+00    1.891290E-01
    4    2.473333E-01    1.051439E+00    3.214653E-02
    1    2.475000E-01    1.052430E+00    5.823459E+00
    2    2.475000E-01    1.052430E+00    1.129544E+00
    3    2.475000E-01    1.052430E+00    1.964850E-01
    4    2.475000E-01    1.052430E+00    3.339685E-02
    1    2.476667E-01    1.053421E+00    6.045743E+00
    2    2.476667E-01    1.053421E+00    1.172660E+00
    3    2.476667E-01    1.053421E+00    2.039850E-01
    4    2.476667E-01    1.053421E+00    3.467162E-02
    1    2.478333E-01    1.054413E+00    6.272299E+00
    2    2.478333E-01    1.054413E+00    1.216603E+00
    3    2.478333E-01    1.054413E+00    2.116290E-01
    4    2.478333E-01    1.054413E+00    3.597089E-02
    1    2.480000E-01    1.055405E+00    6.503131E+00
    2    2.480000E-01    1.055405E+00    1.261377E+00
    3    2.480000E-01    1.055405E+00    2.194173E-01
    4    2.480000E-01    1.055405E+00    3.729469E-02
    1    2.481667E-01    1.056398E+00    6.738246E+00
    2    2.481667E-01    1.056398E+00    1.306981E+00
    3    2.481667E-01    1.056398E+00    2.273502E-01
    4    2.481667E-01    1.056398E+00    3.864305E-02
    1    2.483333E-01    1.057391E+00    6.977650E+00
    2    2.483333E-01    1.057391E+00    1.353416E+00
    3    2.483333E-01    1.057391E+00    2.354277E-01
    4    2.483333E-01    1.057391E+00    4.001600E-02
    1    2.485000E-01    1.058385E+00    7.221347E+00
    2    2.485000E-01    1.058385E+00    1.400685E+00
    3    2.485000E-01    1.058385E+00    2.436502E-01
    4    2.485000E-01    1.058385E+00    4.141358E-02
    1    2.486667E-01    1.059379E+00    7.469346E+00
    2    2.486667E-01    1.059379E+00    1.448788E+00
    3    2.486667E-01    1.059379E+00    2.520177E-01
    4    2.486667E-01    1.059379E+00    4.283582E-02
    1    2.488333E-01    1.060373E+00    7.721650E+00
    2    2.488333E-01    1.060373E+00    1.497726E+00
    3    2.488333E-01    1.060373E+00    2.605305E-01
    4    2.488333E-01    1.060373E+00    4.428275E-02
    1    2.490000E-01    1.061368E+00    7.978266E+00
    2    2.490000E-01    1.061368E+00    1.547500E+00
    3    2.490000E-01    1.061368E+00    2.691888E-01
    4    2.490000E-01    1.061368E+00    4.575442E-02
    1    2.491667E-01    1.062364E+00    8.239201E+00
    2    2.491667E-01    1.062364E+00    1.598113E+00
    3    2.491667E-01    1.062364E+00    2.779928E-01
    4    2.491667E-01    1.062364E+00    4.725084E-02
    1    2.493333E-01    1.063360E+00    8.504459E+00
    2    2.493333E-01    1.063360E+00    1.649563E+00
    3    2.493333E-01    1.063360E+00    2.869427E-01
    4    2.493333E-01    1.063360E+00    4.877207E-02
    1    2.495000E-01    1.064356E+00    8.774047E+00
    2    2.495000E-01    1.064356E+00    1.701854E+00
    3    2.495000E-01    1.064356E+00    2.960386E-01
    4    2.495000E-01    1.064356E+00    5.031813E-02
    1    2.496667E-01    1.065353E+00    9.047971E+00
    2    2.496667E-01    1.065353E+00    1.754985E+00
    3    2.496667E-01    1.065353E+00    3.052809E-01
    4    2.496667E-01    1.065353E+00    5.188905E-02
    1    2.498333E-01    1.066350E+00    9.326236E+00
    2    2.498333E-01    1.066350E+00    1.808959E+00
    3    2.498333E-01    1.066350E+00    3.146697E-01
    4    2.498333E-01    1.066350E+00    5.348487E-02
    1    2.500000E-01    1.067348E+00    9.608849E+00
    2    2.500000E-01    1.067348E+00    1.863776E+00
    3    2.500000E-01    1.067348E+00    3.242051E-01
    4    2.500000E-01    1.067348E+00    5.510562E-02
    1    2.501667E-01    1.068347E+00    9.895816E+00
    2    2.501667E-01    1.068347E+00    1.919437E+00
    3    2.501667E-01    1.068347E+00    3.338874E-01
    4    2.501667E-01    1.068347E+00    5.675134E-02
    1    2.503333E-01    1.069345E+00    1.018714E+01
    2    2.503333E-01    1.069345E+00    1.975944E+00
    3    2.503333E-01    1.069345E+00    3.437168E-01
    4    2.503333E-01    1.069345E+00    5.842206E-02
    1    2.505000E-01    1.070345E+00    1.048283E+01
    2    2.505000E-01    1.070345E+00    2.033297E+00
    3    2.505000E-01    1.070345E+00    3.536935E-01
    4    2.505000E-01    1.070345E+00    6.011781E-02
    1    2.506667E-01    1.071344E+00    1.078290E+01
    2    2.506667E-01    1.071344E+00    2.091499E+00
    3    2.506667E-01    1.071344E+00    3.638177E-01
    4    2.506667E-01    1.071344E+00    6.183863E-02
    1    2.508333E-01    1.072344E+00    1.108733E+01
    2    2.508333E-01    1.072344E+00    2.150549E+00
    3    2.508333E-01    1.072344E+00    3.740896E-01
    4    2.508333E-01    1.072344E+00    6.358456E-02
    1    2.510000E-01    1.073345E+00    1.139616E+01
    2    2.510000E-01    1.073345E+00    2.210450E+00
    3    2.510000E-01    1.073345E+00    3.845093E-01
    4    2.510000E-01    1.073345E+00    6.535562E-02
    1    2.511667E-01    1.074346E+00    1.170937E+01
    2    2.511667E-01    1.074346E+00    2.271202E+00
    3    2.511667E-01    1.074346E+00    3.950772E-01
    4    2.511667E-01    1.074346E+00    6.715185E-02
    1    2.513333E-01    1.075348E+00    1.202698E+01
    2    2.513333E-01    1.075348E+00    2.332806E+00
    3    2.513333E-01    1.075348E+00    4.057933E-01
    4    2.513333E-01    1.075348E+00    6.897329E-02
    1    2.515000E-01    1.076350E+00    1.234898E+01
    2    2.515000E-01    1.076350E+00    2.395264E+00
    3    2.515000E-01    1.076350E+00    4.166579E-01
    4    2.515000E-01    1.076350E+00    7.081996E-02
    1    2.516667E-01    1.077352E+00    1.267540E+01
    2    2.516667E-01    1.077352E+00    2.458577E+00
    3    2.516667E-01    1.077352E+00    4.276712E-01
    4    2.516667E-01    1.077352E+00    7.269191E-02
    1    2.518333E-01    1.078355E+00    1.300622E+01
    2    2.518333E-01    1.078355E+00    2.522746E+00
    3    2.518333E-01    1.078355E+00    4.388334E-01
    4    2.518333E-01    1.078355E+00    7.458916E-02
    1    2.520000E-01    1.079358E+00    1.334147E+01
    2    2.520000E-01    1.079358E+00    2.587772E+00
    3    2.520000E-01    1.079358E+00    4.501447E-01
    4    2.520000E-01    1.079358E+00    7.651176E-02
    1    2.521667E-01    1.080362E+00    1.368114E+01
    2    2.521667E-01    1.080362E+00    2.653656E+00
    3    2.521667E-01    1.080362E+00    4.616053E-01
    4    2.521667E-01    1.080362E+00    7.845973E-02
    1    2.523333E-01    1.081367E+00    1.402524E+01
    2    2.523333E-01    1.081367E+00    2.720399E+00
    3    2.523333E-01    1.081367E+00    4.732153E-01
    4    2.523333E-01    1.081367E+00    8.043311E-02
    1    2.525000E-01    1.082371E+00    1.437378E+01
    2    2.525000E-01    1.082371E+00    2.788003E+00
    3    2.525000E-01    1.082371E+00    4.849751E-01
    4    2.525000E-01    1.082371E+00    8.243193E-02
    1    2.526667E-01    1.083377E+00    1.472676E+01
    2    2.526667E-01    1.083377E+00    2.856469E+00
    3    2.526667E-01    1.083377E+00    4.968847E-01
    4    2.526667E-01    1.083377E+00    8.445623E-02
    1    2.528333E-01    1.084382E+00    1.508419E+01
    2    2.528333E-01    1.084382E+00    2.925797E+00
    3    2.528333E-01    1.084382E+00    5.089445E-01
    4    2.528333E-01    1.084382E+00    8.650604E-02
    1    2.530000E-01    1.085389E+00    1.544607E+01
    2    2.530000E-01    1.085389E+00    2.995990E+00
    3    2.530000E-01    1.085389E+00    5.211545E-01
    4    2.530000E-01    1.085389E+00    8.858140E-02
    1    2.531667E-01    1.086395E+00    1.581242E+01
    2    2.531667E-01    1.086395E+00    3.067047E+00
    3    2.531667E-01    1.086395E+00    5.335150E-01
    4    2.531667E-01    1.086395E+00    9.068234E-02
    1    2.533333E-01    1.087402E+00    1.618323E+01
    2    2.533333E-01    1.087402E+00    3.138971E+00
    3    2.533333E-01    1.087402E+00    5.460263E-01
    4    2.533333E-01    1.087402E+00    9.280889E-02
    1    2.535000E-01    1.088410E+00    1.655851E+01
    2    2.535000E-01    1.088410E+00    3.211763E+00
    3    2.535000E-01    1.088410E+00    5.586884E-01
    4    2.535000E-01    1.088410E+00    9.496109E-02
    1    2.536667E-01    1.089418E+00    1.693827E+01
    2    2.536667E-01    1.089418E+00    3.285423E+00
    3    2.536667E-01    1.089418E+00    5.715017E-01
    4    2.536667E-01    1.089418E+00    9.713898E-02
    1    2.538333E-01    1.090427E+00    1.732252E+01
    2    2.538333E-01    1.090427E+00    3.359953E+00
    3    2.538333E-01    1.090427E+00    5.844662E-01
    4    2.538333E-01    1.090427E+00    9.934258E-02
    1    2.540000E-01    1.091436E+00    1.771125E+01
    2    2.540000E-01    1.091436E+00    3.435354E+00
    3    2.540000E-01    1.091436E+00    5.975822E-01
    4    2.540000E-01    1.091436E+00    1.015719E-01
    1    2.541667E-01    1.092445E+00    1.810448E+01
    2    2.541667E-01    1.092445E+00    3.511627E+00
    3    2.541667E-01    1.092445E+00    6.108500E-01
    4    2.541667E-01    1.092445E+00    1.038271E-01
    1    2.543333E-01    1.093455E+00    1.850222E+01
    2    2.543333E-01    1.093455E+00    3.588773E+00
    3    2.543333E-01    1.093455E+00    6.242696E-01
    4    2.543333E-01    1.093455E+00    1.061080E-01
    1    2.545000E-01    1.094465E+00    1.890446E+01
    2    2.545000E-01    1.094465E+00    3.666794E+00
    3    2.545000E-01    1.094465E+00    6.378414E-01
    4    2.545000E-01    1.094465E+00    1.084148E-01
    1    2.546667E-01    1.095476E+00    1.931122E+01
    2    2.546667E-01    1.095476E+00    3.745691E+00
    3    2.546667E-01    1.095476E+00    6.515655E-01
    4    2.546667E-01    1.095476E+00    1.107475E-01
    1    2.548333E-01    1.096488E+00    1.972249E+01
    2    2.548333E-01    1.096488E+00    3.825464E+00
    3    2.548333E-01    1.096488E+00    6.654421E-01
    4    2.548333E-01    1.096488E+00    1.131062E-01
    1    2.550000E-01    1.097499E+00    2.013830E+01
    2    2.550000E-01    1.097499E+00    3.906115E+00
    3    2.550000E-01    1.097499E+00    6.794714E-01
    4    2.550000E-01    1.097499E+00    1.154908E-01
    1    2.551667E-01    1.098512E+00    2.055863E+01
    2    2.551667E-01    1.098512E+00    3.987645E+00
    3    2.551667E-01    1.098512E+00    6.936537E-01
    4    2.551667E-01    1.098512E+00    1.179013E-01
    1    2.553333E-01    1.099524E+00    2.098351E+01
    2    2.553333E-01    1.099524E+00    4.070056E+00
    3    2.553333E-01    1.099524E+00    7.079890E-01
    4    2.553333E-01    1.099524E+00    1.203379E-01
    1    2.555000E-01    1.100538E+00    2.141293E+01
    2    2.555000E-01    1.100538E+00    4.153347E+00
    3    2.555000E-01    1.100538E+00    7.224777E-01
    4    2.555000E-01    1.100538E+00    1.228006E-01
    1    2.556667E-01    1.101551E+00    2.184689E+01
    2    2.556667E-01    1.101551E+00    4.237522E+00
    3    2.556667E-01    1.101551E+00    7.371199E-01
    4    2.556667E-01    1.101551E+00    1.252894E-01
    1    2.558333E-01    1.102565E+00    2.228542E+01
    2    2.558333E-01    1.102565E+00    4.322580E+00
    3    2.558333E-01    1.102565E+00    7.519159E-01
    4    2.558333E-01    1.102565E+00    1.278042E-01
    1    2.560000E-01    1.103580E+00    2.272851E+01
    2    2.560000E-01    1.103580E+00    4.408523E+00
    3    2.560000E-01    1.103580E+00    7.668657E-01
    4    2.560000E-01    1.103580E+00    1.303453E-01
    1    2.561667E-01    1.104595E+00    2.317616E+01
    2    2.561667E-01    1.104595E+00    4.495353E+00
    3    2.561667E-01    1.104595E+00    7.819698E-01
    4    2.561667E-01    1.104595E+00    1.329126E-01
    1    2.563333E-01    1.105611E+00    2.362839E+01
    2    2.563333E-01    1.105611E+00    4.583069E+00
    3    2.563333E-01    1.105611E+00    7.972281E-01
    4    2.563333E-01    1.105611E+00    1.355060E-01
    1    2.565000E-01    1.106627E+00    2.408520E+01
    2    2.565000E-01    1.106627E+00    4.671674E+00
    3    2.565000E-01    1.106627E+00    8.126410E-01
    4    2.565000E-01    1.106627E+00    1.381258E-01
    1    2.566667E-01    1.107643E+00    2.454660E+01
    2    2.566667E-01    1.107643E+00    4.761169E+00
    3    2.566667E-01    1.107643E+00    8.282087E-01
    4    2.566667E-01    1.107643E+00    1.407718E-01
    1    2.568333E-01    1.108660E+00    2.501259E+01
    2    2.568333E-01    1.108660E+00    4.851554E+00
    3    2.568333E-01    1.108660E+00    8.439313E-01
    4    2.568333E-01    1.108660E+00    1.434442E-01
    1    2.570000E-01    1.109678E+00    2.548318E+01
    2    2.570000E-01    1.109678E+00    4.942832E+00
    3    2.570000E-01    1.109678E+00    8.598090E-01
    4    2.570000E-01    1.109678E+00    1.461430E-01
    1    2.571667E-01    1.110695E+00    2.595837E+01
    2    2.571667E-01    1.110695E+00    5.035002E+00
    3    2.571667E-01    1.110695E+00    8.758421E-01
    4    2.571667E-01    1.110695E+00    1.488682E-01
    1    2.573333E-01    1.111714E+00    2.643817E+01
    2    2.573333E-01    1.111714E+00    5.128067E+00
    3    2.573333E-01    1.111714E+00    8.920308E-01
    4    2.573333E-01    1.111714E+00    1.516198E-01
    1    2.575000E-01    1.112733E+00    2.692259E+01
    2    2.575000E-01    1.112733E+00    5.222027E+00
    3    2.575000E-01    1.112733E+00    9.083752E-01
    4    2.575000E-01    1.112733E+00    1.543979E-01
    1    2.576667E-01    1.113752E+00    2.741163E+01
    2    2.576667E-01    1.113752E+00    5.316884E+00
    3    2.576667E-01    1.113752E+00    9.248756E-01
    4    2.576667E-01    1.113752E+00    1.572025E-01
    1    2.578333E-01    1.114772E+00    2.790530E+01
    2    2.578333E-01    1.114772E+00    5.412638E+00
    3    2.578333E-01    1.114772E+00    9.415322E-01
    4    2.578333E-01    1.114772E+00    1.600336E-01
    1    2.580000E-01    1.115792E+00    2.840361E+01
    2    2.580000E-01    1.115792E+00    5.509292E+00
    3    2.580000E-01    1.115792E+00    9.583452E-01
    4    2.580000E-01    1.115792E+00    1.628913E-01
    1    2.581667E-01    1.116812E+00    2.890655E+01
    2    2.581667E-01    1.116812E+00    5.606846E+00
    3    2.581667E-01    1.116812E+00    9.753147E-01
    4    2.581667E-01    1.116812E+00    1.657757E-01
    1    2.583333E-01    1.117834E+00    2.941415E+01
    2    2.583333E-01    1.117834E+00    5.705301E+00
    3    2.583333E-01    1.117834E+00    9.924410E-01
    4    2.583333E-01    1.117834E+00    1.686867E-01
    1    2.585000E-01    1.118855E+00    2.992639E+01
    2    2.585000E-01    1.118855E+00    5.804658E+00
    3    2.585000E-01    1.118855E+00    1.009724E+00
    4    2.585000E-01    1.118855E+00    1.716243E-01
    1    2.586667E-01    1.119877E+00    3.044330E+01
    2    2.586667E-01    1.119877E+00    5.904919E+00
    3    2.586667E-01    1.119877E+00    1.027165E+00
    4    2.586667E-01    1.119877E+00    1.745887E-01
    1    2.588333E-01    1.120900E+00    3.096487E+01
    2    2.588333E-01    1.120900E+00    6.006085E+00
    3    2.588333E-01    1.120900E+00    1.044763E+00
    4    2.588333E-01    1.120900E+00    1.775799E-01
    1    2.590000E-01    1.121923E+00    3.149111E+01
    2    2.590000E-01    1.121923E+00    6.108157E+00
    3    2.590000E-01    1.121923E+00    1.062518E+00
    4    2.590000E-01    1.121923E+00    1.805978E-01
    1    2.591667E-01    1.122946E+00    3.202203E+01
    2    2.591667E-01    1.122946E+00    6.211137E+00
    3    2.591667E-01    1.122946E+00    1.080432E+00
    4    2.591667E-01    1.122946E+00    1.836425E-01
    1    2.593333E-01    1.123970E+00    3.255763E+01
    2    2.593333E-01    1.123970E+00    6.315024E+00
    3    2.593333E-01    1.123970E+00    1.098503E+00
    4    2.593333E-01    1.123970E+00    1.867142E-01
    1    2.595000E-01    1.124995E+00    3.309792E+01
    2    2.595000E-01    1.124995E+00    6.419822E+00
    3    2.595000E-01    1.124995E+00    1.116732E+00
    4    2.595000E-01    1.124995E+00    1.898127E-01
    1    2.596667E-01    1.126019E+00    3.364290E+01
    2    2.596667E-01    1.126019E+00    6.525529E+00
    3    2.596667E-01    1.126019E+00    1.135120E+00
    4    2.596667E-01    1.126019E+00    1.929381E-01
    1    2.598333E-01    1.127045E+00    3.419259E+01
    2    2.598333E-01    1.127045E+00    6.632149E+00
    3    2.598333E-01    1.127045E+00    1.153667E+00
    4    2.598333E-01    1.127045E+00    1.960905E-01
    1    2.600000E-01    1.128071E+00    3.474699E+01
    2    2.600000E-01    1.128071E+00    6.739682E+00
    3    2.600000E-01    1.128071E+00    1.172372E+00
    4    2.600000E-01    1.128071E+00    1.992699E-01
    1    2.601667E-01    1.129097E+00    3.530610E+01
    2    2.601667E-01    1.129097E+00    6.848129E+00
    3    2.601667E-01    1.129097E+00    1.191237E+00
    4    2.601667E-01    1.129097E+00    2.024763E-01
    1    2.603333E-01    1.130124E+00    3.586992E+01
    2    2.603333E-01    1.130124E+00    6.957492E+00
    3    2.603333E-01    1.130124E+00    1.210261E+00
    4    2.603333E-01    1.130124E+00    2.057098E-01
    1    2.605000E-01    1.131151E+00    3.643848E+01
    2    2.605000E-01    1.131151E+00    7.067771E+00
    3    2.605000E-01    1.131151E+00    1.229444E+00
    4    2.605000E-01    1.131151E+00    2.089704E-01
    1    2.606667E-01    1.132178E+00    3.701176E+01
    2    2.606667E-01    1.132178E+00    7.178968E+00
    3    2.606667E-01    1.132178E+00    1.248787E+00
    4    2.606667E-01    1.132178E+00    2.122581E-01
    1    2.608333E-01    1.133207E+00    3.758979E+01
    2    2.608333E-01    1.133207E+00    7.291085E+00
    3    2.608333E-01    1.133207E+00    1.268289E+00
    4    2.608333E-01    1.133207E+00    2.155730E-01
    1    2.610000E-01    1.134235E+00    3.817255E+01
    2    2.610000E-01    1.134235E+00    7.404121E+00
    3    2.610000E-01    1.134235E+00    1.287952E+00
    4    2.610000E-01    1.134235E+00    2.189151E-01
    1    2.611667E-01    1.135264E+00    3.876007E+01
    2    2.611667E-01    1.135264E+00    7.518078E+00
    3    2.611667E-01    1.135264E+00    1.307775E+00
    4    2.611667E-01    1.135264E+00    2.222844E-01
    1    2.613333E-01    1.136294E+00    3.935235E+01
    2    2.613333E-01    1.136294E+00    7.632959E+00
    3    2.613333E-01    1.136294E+00    1.327758E+00
    4    2.613333E-01    1.136294E+00    2.256811E-01
    1    2.615000E-01    1.137324E+00    3.994938E+01
    2    2.615000E-01    1.137324E+00    7.748763E+00
    3    2.615000E-01    1.137324E+00    1.347903E+00
    4    2.615000E-01    1.137324E+00    2.291050E-01
    1    2.616667E-01    1.138354E+00    4.055119E+01
    2    2.616667E-01    1.138354E+00    7.865491E+00
    3    2.616667E-01    1.138354E+00    1.368208E+00
    4    2.616667E-01    1.138354E+00    2.325563E-01
    1    2.618333E-01    1.139385E+00    4.115777E+01
    2    2.618333E-01    1.139385E+00    7.983146E+00
    3    2.618333E-01    1.139385E+00    1.388674E+00
    4    2.618333E-01    1.139385E+00    2.360349E-01
    1    2.620000E-01    1.140417E+00    4.176913E+01
    2    2.620000E-01    1.140417E+00    8.101729E+00
    3    2.620000E-01    1.140417E+00    1.409301E+00
    4    2.620000E-01    1.140417E+00    2.395410E-01
    1    2.621667E-01    1.141448E+00    4.238528E+01
    2    2.621667E-01    1.141448E+00    8.221239E+00
    3    2.621667E-01    1.141448E+00    1.430090E+00
    4    2.621667E-01    1.141448E+00    2.430746E-01
    1    2.623333E-01    1.142481E+00    4.300622E+01
    2    2.623333E-01    1.142481E+00    8.341680E+00
    3    2.623333E-01    1.142481E+00    1.451041E+00
    4    2.623333E-01    1.142481E+00    2.466356E-01
    1    2.625000E-01    1.143514E+00    4.363196E+01
    2    2.625000E-01    1.143514E+00    8.463051E+00
    3    2.625000E-01    1.143514E+00    1.472154E+00
    4    2.625000E-01    1.143514E+00    2.502241E-01
    1    2.626667E-01    1.144547E+00    4.426250E+01
    2    2.626667E-01    1.144547E+00    8.585354E+00
    3    2.626667E-01    1.144547E+00    1.493428E+00
    4    2.626667E-01    1.144547E+00    2.538402E-01
    1    2.628333E-01    1.145581E+00    4.489786E+01
    2    2.628333E-01    1.145581E+00    8.708591E+00
    3    2.628333E-01    1.145581E+00    1.514865E+00
    4    2.628333E-01    1.145581E+00    2.574839E-01
    1    2.630000E-01    1.146615E+00    4.553803E+01
    2    2.630000E-01    1.146615E+00    8.832761E+00
    3    2.630000E-01    1.146615E+00    1.536465E+00
    4    2.630000E-01    1.146615E+00    2.611552E-01
    1    2.631667E-01    1.147650E+00    4.618303E+01
    2    2.631667E-01    1.147650E+00    8.957868E+00
    3    2.631667E-01    1.147650E+00    1.558227E+00
    4    2.631667E-01    1.147650E+00    2.648542E-01
    1    2.633333E-01    1.148685E+00    4.683285E+01
    2    2.633333E-01    1.148685E+00    9.083911E+00
    3    2.633333E-01    1.148685E+00    1.580153E+00
    4    2.633333E-01    1.148685E+00    2.685809E-01
    1    2.635000E-01    1.149720E+00    4.748751E+01
    2    2.635000E-01    1.149720E+00    9.210892E+00
    3    2.635000E-01    1.149720E+00    1.602241E+00
    4    2.635000E-01    1.149720E+00    2.723353E-01
    1    2.636667E-01    1.150756E+00    4.814702E+01
    2    2.636667E-01    1.150756E+00    9.338813E+00
    3    2.636667E-01    1.150756E+00    1.624493E+00
    4    2.636667E-01    1.150756E+00    2.761175E-01
    1    2.638333E-01    1.151793E+00    4.881137E+01
    2    2.638333E-01    1.151793E+00    9.467674E+00
    3    2.638333E-01    1.151793E+00    1.646908E+00
    4    2.638333E-01    1.151793E+00    2.799275E-01
    1    2.640000E-01    1.152830E+00    4.948058E+01
    2    2.640000E-01    1.152830E+00    9.597476E+00
    3    2.640000E-01    1.152830E+00    1.669488E+00
    4    2.640000E-01    1.152830E+00    2.837653E-01
    1    2.641667E-01    1.153867E+00    5.015465E+01
    2    2.641667E-01    1.153867E+00    9.728221E+00
    3    2.641667E-01    1.153867E+00    1.692231E+00
    4    2.641667E-01    1.153867E+00    2.876310E-01
    1    2.643333E-01    1.154905E+00    5.083358E+01
    2    2.643333E-01    1.154905E+00    9.859910E+00
    3    2.643333E-01    1.154905E+00    1.715138E+00
    4    2.643333E-01    1.154905E+00    2.915246E-01
    1    2.645000E-01    1.155944E+00    5.151739E+01
    2    2.645000E-01    1.155944E+00    9.992545E+00
    3    2.645000E-01    1.155944E+00    1.738210E+00
    4    2.645000E-01    1.155944E+00    2.954461E-01
    1    2.646667E-01    1.156983E+00    5.220607E+01
    2    2.646667E-01    1.156983E+00    1.012613E+01
    3    2.646667E-01    1.156983E+00    1.761447E+00
    4    2.646667E-01    1.156983E+00    2.993957E-01
    1    2.648333E-01    1.158022E+00    5.289964E+01
    2    2.648333E-01    1.158022E+00    1.026065E+01
    3    2.648333E-01    1.158022E+00    1.784848E+00
    4    2.648333E-01    1.158022E+00    3.033732E-01
    1    2.650000E-01    1.159062E+00    5.359810E+01
    2    2.650000E-01    1.159062E+00    1.039613E+01
    3    2.650000E-01    1.159062E+00    1.808414E+00
    4    2.650000E-01    1.159062E+00    3.073788E-01
    1    2.651667E-01    1.160102E+00    5.430146E+01
    2    2.651667E-01    1.160102E+00    1.053256E+01
    3    2.651667E-01    1.160102E+00    1.832146E+00
    4    2.651667E-01    1.160102E+00    3.114125E-01
    1    2.653333E-01    1.161143E+00    5.500973E+01
    2    2.653333E-01    1.161143E+00    1.066993E+01
    3    2.653333E-01    1.161143E+00    1.856043E+00
    4    2.653333E-01    1.161143E+00    3.154743E-01
    1    2.655000E-01    1.162184E+00    5.572290E+01
    2    2.655000E-01    1.162184E+00    1.080826E+01
    3    2.655000E-01    1.162184E+00    1.880105E+00
    4    2.655000E-01    1.162184E+00    3.195643E-01
    1    2.656667E-01    1.163226E+00    5.644099E+01
    2    2.656667E-01    1.163226E+00    1.094755E+01
    3    2.656667E-01    1.163226E+00    1.904334E+00
    4    2.656667E-01    1.163226E+00    3.236824E-01
    1    2.658333E-01    1.164268E+00    5.716400E+01
    2    2.658333E-01    1.164268E+00    1.108779E+01
    3    2.658333E-01    1.164268E+00    1.928728E+00
    4    2.658333E-01    1.164268E+00    3.278288E-01
    1    2.660000E-01    1.165310E+00    5.789194E+01
    2    2.660000E-01    1.165310E+00    1.122898E+01
    3    2.660000E-01    1.165310E+00    1.953289E+00
    4    2.660000E-01    1.165310E+00    3.320034E-01
    1    2.661667E-01    1.166353E+00    5.862481E+01
    2    2.661667E-01    1.166353E+00    1.137113E+01
    3    2.661667E-01    1.166353E+00    1.978016E+00
    4    2.661667E-01    1.166353E+00    3.362064E-01
    1    2.663333E-01    1.167397E+00    5.936263E+01
    2    2.663333E-01    1.167397E+00    1.151424E+01
    3    2.663333E-01    1.167397E+00    2.002911E+00
    4    2.663333E-01    1.167397E+00    3.404377E-01
    1    2.665000E-01    1.168441E+00    6.010539E+01
    2    2.665000E-01    1.168441E+00    1.165831E+01
    3    2.665000E-01    1.168441E+00    2.027971E+00
    4    2.665000E-01    1.168441E+00    3.446973E-01
    1    2.666667E-01    1.169485E+00    6.085310E+01
    2    2.666667E-01    1.169485E+00    1.180334E+01
    3    2.666667E-01    1.169485E+00    2.053200E+00
    4    2.666667E-01    1.169485E+00    3.489854E-01
    1    2.668333E-01    1.170530E+00    6.160577E+01
    2    2.668333E-01    1.170530E+00    1.194933E+01
    3    2.668333E-01    1.170530E+00    2.078595E+00
    4    2.668333E-01    1.170530E+00    3.533018E-01
    1    2.670000E-01    1.171576E+00    6.236341E+01
    2    2.670000E-01    1.171576E+00    1.209629E+01
    3    2.670000E-01    1.171576E+00    2.104158E+00
    4    2.670000E-01    1.171576E+00    3.576468E-01
    1    2.671667E-01    1.172622E+00    6.312602E+01
    2    2.671667E-01    1.172622E+00    1.224421E+01
    3    2.671667E-01    1.172622E+00    2.129889E+00
    4    2.671667E-01    1.172622E+00    3.620203E-01
    1    2.673333E-01    1.173668E+00    6.389361E+01
    2    2.673333E-01    1.173668E+00    1.239309E+01
    3    2.673333E-01    1.173668E+00    2.155787E+00
    4    2.673333E-01    1.173668E+00    3.664223E-01
    1    2.675000E-01    1.174715E+00    6.466618E+01
    2    2.675000E-01    1.174715E+00    1.254294E+01
    3    2.675000E-01    1.174715E+00    2.181854E+00
    4    2.675000E-01    1.174715E+00    3.708529E-01
    1    2.676667E-01    1.175762E+00    6.544375E+01
    2    2.676667E-01    1.175762E+00    1.269376E+01
    3    2.676667E-01    1.175762E+00    2.208089E+00
    4    2.676667E-01    1.175762E+00    3.753122E-01
    1    2.678333E-01    1.176810E+00    6.622630E+01
    2    2.678333E-01    1.176810E+00    1.284555E+01
    3    2.678333E-01    1.176810E+00    2.234493E+00
    4    2.678333E-01    1.176810E+00    3.798000E-01
    1    2.680000E-01    1.177858E+00    6.701387E+01
    2    2.680000E-01    1.177858E+00    1.299831E+01
    3    2.680000E-01    1.177858E+00    2.261065E+00
    4    2.680000E-01    1.177858E+00    3.843166E-01
    1    2.681667E-01    1.178907E+00    6.780644E+01
    2    2.681667E-01    1.178907E+00    1.315204E+01
    3    2.681667E-01    1.178907E+00    2.287807E+00
    4    2.681667E-01    1.178907E+00    3.888619E-01
    1    2.683333E-01    1.179956E+00    6.860402E+01
    2    2.683333E-01    1.179956E+00    1.330675E+01
    3    2.683333E-01    1.179956E+00    2.314718E+00
    4    2.683333E-01    1.179956E+00    3.934360E-01
    1    2.685000E-01    1.181005E+00    6.940663E+01
    2    2.685000E-01    1.181005E+00    1.346242E+01
    3    2.685000E-01    1.181005E+00    2.341798E+00
    4    2.685000E-01    1.181005E+00    3.980388E-01
    1    2.686667E-01    1.182055E+00    7.021426E+01
    2    2.686667E-01    1.182055E+00    1.361908E+01
    3    2.686667E-01    1.182055E+00    2.369048E+00
    4    2.686667E-01    1.182055E+00    4.026705E-01
    1    2.688333E-01    1.183106E+00    7.102693E+01
    2    2.688333E-01    1.183106E+00    1.377670E+01
    3    2.688333E-01    1.183106E+00    2.396467E+00
    4    2.688333E-01    1.183106E+00    4.073311E-01
    1    2.690000E-01    1.184157E+00    7.184464E+01
    2    2.690000E-01    1.184157E+00    1.393531E+01
    3    2.690000E-01    1.184157E+00    2.424057E+00
    4    2.690000E-01    1.184157E+00    4.120205E-01
    1    2.691667E-01    1.185208E+00    7.266739E+01
    2    2.691667E-01    1.185208E+00    1.409490E+01
    3    2.691667E-01    1.185208E+00    2.451817E+00
    4    2.691667E-01    1.185208E+00    4.167389E-01
    1    2.693333E-01    1.186260E+00    7.349520E+01
    2    2.693333E-01    1.186260E+00    1.425546E+01
    3    2.693333E-01    1.186260E+00    2.479747E+00
    4    2.693333E-01    1.186260E+00    4.214863E-01
    1    2.695000E-01    1.187313E+00    7.432807E+01
    2    2.695000E-01    1.187313E+00    1.441701E+01
    3    2.695000E-01    1.187313E+00    2.507848E+00
    4    2.695000E-01    1.187313E+00    4.262627E-01
    1    2.696667E-01    1.188366E+00    7.516600E+01
    2    2.696667E-01    1.188366E+00    1.457954E+01
    3    2.696667E-01    1.188366E+00    2.536120E+00
    4    2.696667E-01    1.188366E+00    4.310681E-01
    1    2.698333E-01    1.189419E+00    7.600900E+01
    2    2.698333E-01    1.189419E+00    1.474305E+01
    3    2.698333E-01    1.189419E+00    2.564564E+00
    4    2.698333E-01    1.189419E+00    4.359026E-01
    1    2.700000E-01    1.190473E+00    7.685708E+01
    2    2.700000E-01    1.190473E+00    1.490755E+01
    3    2.700000E-01    1.190473E+00    2.593178E+00
    4    2.700000E-01    1.190473E+00    4.407663E-01
    1    2.701667E-01    1.191527E+00    7.771024E+01
    2    2.701667E-01    1.191527E+00    1.507303E+01
    3    2.701667E-01    1.191527E+00    2.621964E+00
    4    2.701667E-01    1.191527E+00    4.456591E-01
    1    2.703333E-01    1.192582E+00    7.856850E+01
    2    2.703333E-01    1.192582E+00    1.523950E+01
    3    2.703333E-01    1.192582E+00    2.650922E+00
    4    2.703333E-01    1.192582E+00    4.505811E-01
    1    2.705000E-01    1.193637E+00    7.943184E+01
    2    2.705000E-01    1.193637E+00    1.540696E+01
    3    2.705000E-01    1.193637E+00    2.680051E+00
    4    2.705000E-01    1.193637E+00    4.555323E-01
    1    2.706667E-01    1.194693E+00    8.030030E+01
    2    2.706667E-01    1.194693E+00    1.557541E+01
    3    2.706667E-01    1.194693E+00    2.709353E+00
    4    2.706667E-01    1.194693E+00    4.605127E-01
    1    2.708333E-01    1.195749E+00    8.117386E+01
    2    2.708333E-01    1.195749E+00    1.574485E+01
    3    2.708333E-01    1.195749E+00    2.738827E+00
    4    2.708333E-01    1.195749E+00    4.655225E-01
    1    2.710000E-01    1.196805E+00    8.205253E+01
    2    2.710000E-01    1.196805E+00    1.591528E+01
    3    2.710000E-01    1.196805E+00    2.768474E+00
    4    2.710000E-01    1.196805E+00    4.705616E-01
    1    2.711667E-01    1.197862E+00    8.293633E+01
    2    2.711667E-01    1.197862E+00    1.608670E+01
    3    2.711667E-01    1.197862E+00    2.798293E+00
    4    2.711667E-01    1.197862E+00    4.756301E-01
    1    2.713333E-01    1.198920E+00    8.382525E+01
    2    2.713333E-01    1.198920E+00    1.625912E+01
    3    2.713333E-01    1.198920E+00    2.828286E+00
    4    2.713333E-01    1.198920E+00    4.807279E-01
    1    2.715000E-01    1.199978E+00    8.471931E+01
    2    2.715000E-01    1.199978E+00    1.643254E+01
    3    2.715000E-01    1.199978E+00    2.858452E+00
    4    2.715000E-01    1.199978E+00    4.858553E-01
    1    2.716667E-01    1.201036E+00    8.561851E+01
    2    2.716667E-01    1.201036E+00    1.660695E+01
    3    2.716667E-01    1.201036E+00    2.888791E+00
    4    2.716667E-01    1.201036E+00    4.910121E-01
    1    2.718333E-01    1.202095E+00    8.652285E+01
    2    2.718333E-01    1.202095E+00    1.678236E+01
    3    2.718333E-01    1.202095E+00    2.919304E+00
    4    2.718333E-01    1.202095E+00    4.961984E-01
    1    2.720000E-01    1.203155E+00    8.743235E+01
    2    2.720000E-01    1.203155E+00    1.695877E+01
    3    2.720000E-01    1.203155E+00    2.949990E+00
    4    2.720000E-01    1.203155E+00    5.014142E-01
    1    2.721667E-01    1.204215E+00    8.834701E+01
    2    2.721667E-01    1.204215E+00    1.713618E+01
    3    2.721667E-01    1.204215E+00    2.980851E+00
    4    2.721667E-01    1.204215E+00    5.066597E-01
    1    2.723333E-01    1.205275E+00    8.926683E+01
    2    2.723333E-01    1.205275E+00    1.731460E+01
    3    2.723333E-01    1.205275E+00    3.011886E+00
    4    2.723333E-01    1.205275E+00    5.119347E-01
    1    2.725000E-01    1.206336E+00    9.019182E+01
    2    2.725000E-01    1.206336E+00    1.749401E+01
    3    2.725000E-01    1.206336E+00    3.043096E+00
    4    2.725000E-01    1.206336E+00    5.172395E-01
    1    2.726667E-01    1.207397E+00    9.112199E+01
    2    2.726667E-01    1.207397E+00    1.767443E+01
    3    2.726667E-01    1.207397E+00    3.074480E+00
    4    2.726667E-01    1.207397E+00    5.225739E-01
    1    2.728333E-01    1.208459E+00    9.205735E+01
    2    2.728333E-01    1.208459E+00    1.785586E+01
    3    2.728333E-01    1.208459E+00    3.106039E+00
    4    2.728333E-01    1.208459E+00    5.279380E-01
    1    2.730000E-01    1.209521E+00    9.299789E+01
    2    2.730000E-01    1.209521E+00    1.803829E+01
    3    2.730000E-01    1.209521E+00    3.137773E+00
    4    2.730000E-01    1.209521E+00    5.333319E-01
    1    2.731667E-01    1.210584E+00    9.394363E+01
    2    2.731667E-01    1.210584E+00    1.822173E+01
    3    2.731667E-01    1.210584E+00    3.169683E+00
    4    2.731667E-01    1.210584E+00    5.387557E-01
    1    2.733333E-01    1.211647E+00    9.489458E+01
    2    2.733333E-01    1.211647E+00    1.840618E+01
    3    2.733333E-01    1.211647E+00    3.201768E+00
    4    2.733333E-01    1.211647E+00    5.442092E-01
    1    2.735000E-01    1.212710E+00    9.585073E+01
    2    2.735000E-01    1.212710E+00    1.859164E+01
    3    2.735000E-01    1.212710E+00    3.234029E+00
    4    2.735000E-01    1.212710E+00    5.496926E-01
    1    2.736667E-01    1.213774E+00    9.681210E+01
    2    2.736667E-01    1.213774E+00    1.877811E+01
    3    2.736667E-01    1.213774E+00    3.266466E+00
    4    2.736667E-01    1.213774E+00    5.552060E-01
    1    2.738333E-01    1.214839E+00    9.777869E+01
    2    2.738333E-01    1.214839E+00    1.896560E+01
    3    2.738333E-01    1.214839E+00    3.299079E+00
    4    2.738333E-01    1.214839E+00    5.607493E-01
    1    2.740000E-01    1.215904E+00    9.875051E+01
    2    2.740000E-01    1.215904E+00    1.915409E+01
    3    2.740000E-01    1.215904E+00    3.331868E+00
    4    2.740000E-01    1.215904E+00    5.663225E-01
    1    2.741667E-01    1.216969E+00    9.972757E+01
    2    2.741667E-01    1.216969E+00    1.934361E+01
    3    2.741667E-01    1.216969E+00    3.364834E+00
    4    2.741667E-01    1.216969E+00    5.719258E-01
    1    2.743333E-01    1.218035E+00    1.007099E+02
    2    2.743333E-01    1.218035E+00    1.953414E+01
    3    2.743333E-01    1.218035E+00    3.397977E+00
    4    2.743333E-01    1.218035E+00    5.775592E-01
    1    2.745000E-01    1.219102E+00    1.016974E+02
    2    2.745000E-01    1.219102E+00    1.972569E+01
    3    2.745000E-01    1.219102E+00    3.431297E+00
    4    2.745000E-01    1.219102E+00    5.832226E-01
    1    2.746667E-01    1.220169E+00    1.026902E+02
    2    2.746667E-01    1.220169E+00    1.991825E+01
    3    2.746667E-01    1.220169E+00    3.464794E+00
    4    2.746667E-01    1.220169E+00    5.889162E-01
    1    2.748333E-01    1.221236E+00    1.036883E+02
    2    2.748333E-01    1.221236E+00    2.011184E+01
    3    2.748333E-01    1.221236E+00    3.498469E+00
    4    2.748333E-01    1.221236E+00    5.946399E-01
    1    2.750000E-01    1.222304E+00    1.046916E+02
    2    2.750000E-01    1.222304E+00    2.030645E+01
    3    2.750000E-01    1.222304E+00    3.532321E+00
    4    2.750000E-01    1.222304E+00    6.003939E-01
    1    2.751667E-01    1.223372E+00    1.057002E+02
    2    2.751667E-01    1.223372E+00    2.050208E+01
    3    2.751667E-01    1.223372E+00    3.566352E+00
    4    2.751667E-01    1.223372E+00    6.061780E-01
    1    2.753333E-01    1.224441E+00    1.067140E+02
    2    2.753333E-01    1.224441E+00    2.069874E+01
    3    2.753333E-01    1.224441E+00    3.600560E+00
    4    2.753333E-01    1.224441E+00    6.119925E-01
    1    2.755000E-01    1.225510E+00    1.077332E+02
    2    2.755000E-01    1.225510E+00    2.089642E+01
    3    2.755000E-01    1.225510E+00    3.634947E+00
    4    2.755000E-01    1.225510E+00    6.178372E-01
    1    2.756667E-01    1.226580E+00    1.087577E+02
    2    2.756667E-01    1.226580E+00    2.109512E+01
    3    2.756667E-01    1.226580E+00    3.669512E+00
    4    2.756667E-01    1.226580E+00    6.237123E-01
    1    2.758333E-01    1.227650E+00    1.097874E+02
    2    2.758333E-01    1.227650E+00    2.129486E+01
    3    2.758333E-01    1.227650E+00    3.704256E+00
    4    2.758333E-01    1.227650E+00    6.296178E-01
    1    2.760000E-01    1.228720E+00    1.108225E+02
    2    2.760000E-01    1.228720E+00    2.149562E+01
    3    2.760000E-01    1.228720E+00    3.739179E+00
    4    2.760000E-01    1.228720E+00    6.355537E-01
    1    2.761667E-01    1.229791E+00    1.118628E+02
    2    2.761667E-01    1.229791E+00    2.169742E+01
    3    2.761667E-01    1.229791E+00    3.774281E+00
    4    2.761667E-01    1.229791E+00    6.415201E-01
    1    2.763333E-01    1.230863E+00    1.129085E+02
    2    2.763333E-01    1.230863E+00    2.190024E+01
    3    2.763333E-01    1.230863E+00    3.809562E+00
    4    2.763333E-01    1.230863E+00    6.475169E-01
    1    2.765000E-01    1.231935E+00    1.139595E+02
    2    2.765000E-01    1.231935E+00    2.210410E+01
    3    2.765000E-01    1.231935E+00    3.845023E+00
    4    2.765000E-01    1.231935E+00    6.535443E-01
    1    2.766667E-01    1.233007E+00    1.150158E+02
    2    2.766667E-01    1.233007E+00    2.230899E+01
    3    2.766667E-01    1.233007E+00    3.880664E+00
    4    2.766667E-01    1.233007E+00    6.596022E-01
    1    2.768333E-01    1.234080E+00    1.160775E+02
    2    2.768333E-01    1.234080E+00    2.251492E+01
    3    2.768333E-01    1.234080E+00    3.916485E+00
    4    2.768333E-01    1.234080E+00    6.656908E-01
    1    2.770000E-01    1.235154E+00    1.171445E+02
    2    2.770000E-01    1.235154E+00    2.272188E+01
    3    2.770000E-01    1.235154E+00    3.952486E+00
    4    2.770000E-01    1.235154E+00    6.718100E-01
    1    2.771667E-01    1.236228E+00    1.182169E+02
    2    2.771667E-01    1.236228E+00    2.292988E+01
    3    2.771667E-01    1.236228E+00    3.988668E+00
    4    2.771667E-01    1.236228E+00    6.779598E-01
    1    2.773333E-01    1.237302E+00    1.192946E+02
    2    2.773333E-01    1.237302E+00    2.313892E+01
    3    2.773333E-01    1.237302E+00    4.025031E+00
    4    2.773333E-01    1.237302E+00    6.841404E-01
    1    2.775000E-01    1.238377E+00    1.203777E+02
    2    2.775000E-01    1.238377E+00    2.334899E+01
    3    2.775000E-01    1.238377E+00    4.061574E+00
    4    2.775000E-01    1.238377E+00    6.903517E-01
    1    2.776667E-01    1.239452E+00    1.214661E+02
    2    2.776667E-01    1.239452E+00    2.356011E+01
    3    2.776667E-01    1.239452E+00    4.098298E+00
    4    2.776667E-01    1.239452E+00    6.965938E-01
    1    2.778333E-01    1.240528E+00    1.225599E+02
    2    2.778333E-01    1.240528E+00    2.377227E+01
    3    2.778333E-01    1.240528E+00    4.135204E+00
    4    2.778333E-01    1.240528E+00    7.028667E-01
    1    2.780000E-01    1.241604E+00    1.236591E+02
    2    2.780000E-01    1.241604E+00    2.398548E+01
    3    2.780000E-01    1.241604E+00    4.172291E+00
    4    2.780000E-01    1.241604E+00    7.091705E-01
    1    2.781667E-01    1.242681E+00    1.247637E+02
    2    2.781667E-01    1.242681E+00    2.419973E+01
    3    2.781667E-01    1.242681E+00    4.209560E+00
    4    2.781667E-01    1.242681E+00    7.155051E-01
    1    2.783333E-01    1.243758E+00    1.258737E+02
    2    2.783333E-01    1.243758E+00    2.441503E+01
    3    2.783333E-01    1.243758E+00    4.247011E+00
    4    2.783333E-01    1.243758E+00    7.218707E-01
    1    2.785000E-01    1.244835E+00    1.269891E+02
    2    2.785000E-01    1.244835E+00    2.463137E+01
    3    2.785000E-01    1.244835E+00    4.284644E+00
    4    2.785000E-01    1.244835E+00    7.282673E-01
    1    2.786667E-01    1.245913E+00    1.281098E+02
    2    2.786667E-01    1.245913E+00    2.484876E+01
    3    2.786667E-01    1.245913E+00    4.322460E+00
    4    2.786667E-01    1.245913E+00    7.346949E-01
    1    2.788333E-01    1.246992E+00    1.292360E+02
    2    2.788333E-01    1.246992E+00    2.506721E+01
    3    2.788333E-01    1.246992E+00    4.360458E+00
    4    2.788333E-01    1.246992E+00    7.411535E-01
    1    2.790000E-01    1.248071E+00    1.303677E+02
    2    2.790000E-01    1.248071E+00    2.528670E+01
    3    2.790000E-01    1.248071E+00    4.398639E+00
    4    2.790000E-01    1.248071E+00    7.476432E-01
    1    2.791667E-01    1.249150E+00    1.315047E+02
    2    2.791667E-01    1.249150E+00    2.550725E+01
    3    2.791667E-01    1.249150E+00    4.437003E+00
    4    2.791667E-01    1.249150E+00    7.541640E-01
    1    2.793333E-01    1.250230E+00    1.326472E+02
    2    2.793333E-01    1.250230E+00    2.572884E+01
    3    2.793333E-01    1.250230E+00    4.475550E+00
    4    2.793333E-01    1.250230E+00    7.607159E-01
    1    2.795000E-01    1.251311E+00    1.337951E+02
    2    2.795000E-01    1.251311E+00    2.595150E+01
    3    2.795000E-01    1.251311E+00    4.514281E+00
    4    2.795000E-01    1.251311E+00    7.672991E-01
    1    2.796667E-01    1.252392E+00    1.349484E+02
    2    2.796667E-01    1.252392E+00    2.617521E+01
    3    2.796667E-01    1.252392E+00    4.553196E+00
    4    2.796667E-01    1.252392E+00    7.739134E-01
    1    2.798333E-01    1.253473E+00    1.361073E+02
    2    2.798333E-01    1.253473E+00    2.639998E+01
    3    2.798333E-01    1.253473E+00    4.592294E+00
    4    2.798333E-01    1.253473E+00    7.805590E-01
    1    2.800000E-01    1.254555E+00    1.372715E+02
    2    2.800000E-01    1.254555E+00    2.662580E+01
    3    2.800000E-01    1.254555E+00    4.631577E+00
    4    2.800000E-01    1.254555E+00    7.872359E-01
    1    2.801667E-01    1.255637E+00    1.384412E+02
    2    2.801667E-01    1.255637E+00    2.685269E+01
    3    2.801667E-01    1.255637E+00    4.671044E+00
    4    2.801667E-01    1.255637E+00    7.939442E-01
    1    2.803333E-01    1.256720E+00    1.396164E+02
    2    2.803333E-01    1.256720E+00    2.708063E+01
    3    2.803333E-01    1.256720E+00    4.710695E+00
    4    2.803333E-01    1.256720E+00    8.006838E-01
    1    2.805000E-01    1.257803E+00    1.407971E+02
    2    2.805000E-01    1.257803E+00    2.730964E+01
    3    2.805000E-01    1.257803E+00    4.750532E+00
    4    2.805000E-01    1.257803E+00    8.074549E-01
    1    2.806667E-01    1.258887E+00    1.419833E+02
    2    2.806667E-01    1.258887E+00    2.753972E+01
    3    2.806667E-01    1.258887E+00    4.790553E+00
    4    2.806667E-01    1.258887E+00    8.142573E-01
    1    2.808333E-01    1.259971E+00    1.431749E+02
    2    2.808333E-01    1.259971E+00    2.777085E+01
    3    2.808333E-01    1.259971E+00    4.830759E+00
    4    2.808333E-01    1.259971E+00    8.210913E-01
    1    2.810000E-01    1.261055E+00    1.443721E+02
    2    2.810000E-01    1.261055E+00    2.800306E+01
    3    2.810000E-01    1.261055E+00    4.871151E+00
    4    2.810000E-01    1.261055E+00    8.279568E-01
    1    2.811667E-01    1.262140E+00    1.455747E+02
    2    2.811667E-01    1.262140E+00    2.823633E+01
    3    2.811667E-01    1.262140E+00    4.911729E+00
    4    2.811667E-01    1.262140E+00    8.348538E-01
    1    2.813333E-01    1.263226E+00    1.467829E+02
    2    2.813333E-01    1.263226E+00    2.847067E+01
    3    2.813333E-01    1.263226E+00    4.952492E+00
    4    2.813333E-01    1.263226E+00    8.417824E-01
    1    2.815000E-01    1.264312E+00    1.479965E+02
    2    2.815000E-01    1.264312E+00    2.870607E+01
    3    2.815000E-01    1.264312E+00    4.993442E+00
    4    2.815000E-01    1.264312E+00    8.487427E-01
    1    2.816667E-01    1.265398E+00    1.492157E+02
    2    2.816667E-01    1.265398E+00    2.894255E+01
    3    2.816667E-01    1.265398E+00    5.034578E+00
    4    2.816667E-01    1.265398E+00    8.557346E-01
    1    2.818333E-01    1.266485E+00    1.504404E+02
    2    2.818333E-01    1.266485E+00    2.918011E+01
    3    2.818333E-01    1.266485E+00    5.075900E+00
    4    2.818333E-01    1.266485E+00    8.627582E-01
    1    2.820000E-01    1.267573E+00    1.516707E+02
    2    2.820000E-01    1.267573E+00    2.941873E+01
    3    2.820000E-01    1.267573E+00    5.117409E+00
    4    2.820000E-01    1.267573E+00    8.698136E-01
    1    2.821667E-01    1.268660E+00    1.529065E+02
    2    2.821667E-01    1.268660E+00    2.965843E+01
    3    2.821667E-01    1.268660E+00    5.159105E+00
    4    2.821667E-01    1.268660E+00    8.769007E-01
    1    2.823333E-01    1.269749E+00    1.541478E+02
    2    2.823333E-01    1.269749E+00    2.989921E+01
    3    2.823333E-01    1.269749E+00    5.200988E+00
    4    2.823333E-01    1.269749E+00    8.840197E-01
    1    2.825000E-01    1.270838E+00    1.553947E+02
    2    2.825000E-01    1.270838E+00    3.014106E+01
    3    2.825000E-01    1.270838E+00    5.243059E+00
    4    2.825000E-01    1.270838E+00    8.911705E-01
    1    2.826667E-01    1.271927E+00    1.566472E+02
    2    2.826667E-01    1.271927E+00    3.038399E+01
    3    2.826667E-01    1.271927E+00    5.285317E+00
    4    2.826667E-01    1.271927E+00    8.983532E-01
    1    2.828333E-01    1.273017E+00    1.579052E+02
    2    2.828333E-01    1.273017E+00    3.062801E+01
    3    2.828333E-01    1.273017E+00    5.327763E+00
    4    2.828333E-01    1.273017E+00    9.055678E-01
    1    2.830000E-01    1.274107E+00    1.591688E+02
    2    2.830000E-01    1.274107E+00    3.087310E+01
    3    2.830000E-01    1.274107E+00    5.370397E+00
    4    2.830000E-01    1.274107E+00    9.128143E-01
    1    2.831667E-01    1.275197E+00    1.604380E+02
    2    2.831667E-01    1.275197E+00    3.111927E+01
    3    2.831667E-01    1.275197E+00    5.413220E+00
    4    2.831667E-01    1.275197E+00    9.200929E-01
    1    2.833333E-01    1.276289E+00    1.617127E+02
    2    2.833333E-01    1.276289E+00    3.136653E+01
    3    2.833333E-01    1.276289E+00    5.456230E+00
    4    2.833333E-01    1.276289E+00    9.274035E-01
    1    2.835000E-01    1.277380E+00    1.629931E+02
    2    2.835000E-01    1.277380E+00    3.161488E+01
    3    2.835000E-01    1.277380E+00    5.499430E+00
    4    2.835000E-01    1.277380E+00    9.347462E-01
    1    2.836667E-01    1.278472E+00    1.642791E+02
    2    2.836667E-01    1.278472E+00    3.186431E+01
    3    2.836667E-01    1.278472E+00    5.542818E+00
    4    2.836667E-01    1.278472E+00    9.421210E-01
    1    2.838333E-01    1.279565E+00    1.655706E+02
    2    2.838333E-01    1.279565E+00    3.211482E+01
    3    2.838333E-01    1.279565E+00    5.586396E+00
    4    2.838333E-01    1.279565E+00    9.495280E-01
    1    2.840000E-01    1.280658E+00    1.668678E+02
    2    2.840000E-01    1.280658E+00    3.236643E+01
    3    2.840000E-01    1.280658E+00    5.630163E+00
    4    2.840000E-01    1.280658E+00    9.569671E-01
    1    2.841667E-01    1.281751E+00    1.681706E+02
    2    2.841667E-01    1.281751E+00    3.261912E+01
    3    2.841667E-01    1.281751E+00    5.674119E+00
    4    2.841667E-01    1.281751E+00    9.644384E-01
    1    2.843333E-01    1.282845E+00    1.694790E+02
    2    2.843333E-01    1.282845E+00    3.287291E+01
    3    2.843333E-01    1.282845E+00    5.718266E+00
    4    2.843333E-01    1.282845E+00    9.719421E-01
    1    2.845000E-01    1.283940E+00    1.707930E+02
    2    2.845000E-01    1.283940E+00    3.312779E+01
    3    2.845000E-01    1.283940E+00    5.762602E+00
    4    2.845000E-01    1.283940E+00    9.794780E-01
    1    2.846667E-01    1.285034E+00    1.721127E+02
    2    2.846667E-01    1.285034E+00    3.338376E+01
    3    2.846667E-01    1.285034E+00    5.807129E+00
    4    2.846667E-01    1.285034E+00    9.870462E-01
    1    2.848333E-01    1.286130E+00    1.734381E+02
    2    2.848333E-01    1.286130E+00    3.364083E+01
    3    2.848333E-01    1.286130E+00    5.851846E+00
    4    2.848333E-01    1.286130E+00    9.946468E-01
    1    2.850000E-01    1.287226E+00    1.747690E+02
    2    2.850000E-01    1.287226E+00    3.389899E+01
    3    2.850000E-01    1.287226E+00    5.896753E+00
    4    2.850000E-01    1.287226E+00    1.002280E+00
    1    2.851667E-01    1.288322E+00    1.761057E+02
    2    2.851667E-01    1.288322E+00    3.415825E+01
    3    2.851667E-01    1.288322E+00    5.941852E+00
    4    2.851667E-01    1.288322E+00    1.009945E+00
    1    2.853333E-01    1.289419E+00    1.774480E+02
    2    2.853333E-01    1.289419E+00    3.441861E+01
    3    2.853333E-01    1.289419E+00    5.987141E+00
    4    2.853333E-01    1.289419E+00    1.017643E+00
    1    2.855000E-01    1.290516E+00    1.787960E+02
    2    2.855000E-01    1.290516E+00    3.468007E+01
    3    2.855000E-01    1.290516E+00    6.032622E+00
    4    2.855000E-01    1.290516E+00    1.025374E+00
    1    2.856667E-01    1.291613E+00    1.801496E+02
    2    2.856667E-01    1.291613E+00    3.494263E+01
    3    2.856667E-01    1.291613E+00    6.078295E+00
    4    2.856667E-01    1.291613E+00    1.033137E+00
    1    2.858333E-01    1.292712E+00    1.815089E+02
    2    2.858333E-01    1.292712E+00    3.520629E+01
    3    2.858333E-01    1.292712E+00    6.124159E+00
    4    2.858333E-01    1.292712E+00    1.040932E+00
    1    2.860000E-01    1.293810E+00    1.828740E+02
    2    2.860000E-01    1.293810E+00    3.547106E+01
    3    2.860000E-01    1.293810E+00    6.170215E+00
    4    2.860000E-01    1.293810E+00    1.048761E+00
    1    2.861667E-01    1.294909E+00    1.842447E+02
    2    2.861667E-01    1.294909E+00    3.573693E+01
    3    2.861667E-01    1.294909E+00    6.216464E+00
    4    2.861667E-01    1.294909E+00    1.056622E+00
    1    2.863333E-01    1.296009E+00    1.856211E+02
    2    2.863333E-01    1.296009E+00    3.600391E+01
    3    2.863333E-01    1.296009E+00    6.262905E+00
    4    2.863333E-01    1.296009E+00    1.064515E+00
    1    2.865000E-01    1.297109E+00    1.870032E+02
    2    2.865000E-01    1.297109E+00    3.627199E+01
    3    2.865000E-01    1.297109E+00    6.309538E+00
    4    2.865000E-01    1.297109E+00    1.072442E+00
    1    2.866667E-01    1.298209E+00    1.883911E+02
    2    2.866667E-01    1.298209E+00    3.654119E+01
    3    2.866667E-01    1.298209E+00    6.356365E+00
    4    2.866667E-01    1.298209E+00    1.080401E+00
    1    2.868333E-01    1.299310E+00    1.897847E+02
    2    2.868333E-01    1.299310E+00    3.681149E+01
    3    2.868333E-01    1.299310E+00    6.403384E+00
    4    2.868333E-01    1.299310E+00    1.088393E+00
    1    2.870000E-01    1.300412E+00    1.911840E+02
    2    2.870000E-01    1.300412E+00    3.708290E+01
    3    2.870000E-01    1.300412E+00    6.450597E+00
    4    2.870000E-01    1.300412E+00    1.096417E+00
    1    2.871667E-01    1.301513E+00    1.925890E+02
    2    2.871667E-01    1.301513E+00    3.735543E+01
    3    2.871667E-01    1.301513E+00    6.498003E+00
    4    2.871667E-01    1.301513E+00    1.104475E+00
    1    2.873333E-01    1.302616E+00    1.939998E+02
    2    2.873333E-01    1.302616E+00    3.762907E+01
    3    2.873333E-01    1.302616E+00    6.545603E+00
    4    2.873333E-01    1.302616E+00    1.112566E+00
    1    2.875000E-01    1.303718E+00    1.954163E+02
    2    2.875000E-01    1.303718E+00    3.790383E+01
    3    2.875000E-01    1.303718E+00    6.593397E+00
    4    2.875000E-01    1.303718E+00    1.120689E+00
    1    2.876667E-01    1.304822E+00    1.968386E+02
    2    2.876667E-01    1.304822E+00    3.817970E+01
    3    2.876667E-01    1.304822E+00    6.641386E+00
    4    2.876667E-01    1.304822E+00    1.128846E+00
    1    2.878333E-01    1.305925E+00    1.982666E+02
    2    2.878333E-01    1.305925E+00    3.845669E+01
    3    2.878333E-01    1.305925E+00    6.689568E+00
    4    2.878333E-01    1.305925E+00    1.137036E+00
    1    2.880000E-01    1.307030E+00    1.997005E+02
    2    2.880000E-01    1.307030E+00    3.873480E+01
    3    2.880000E-01    1.307030E+00    6.737946E+00
    4    2.880000E-01    1.307030E+00    1.145259E+00
    1    2.881667E-01    1.308134E+00    2.011400E+02
    2    2.881667E-01    1.308134E+00    3.901403E+01
    3    2.881667E-01    1.308134E+00    6.786518E+00
    4    2.881667E-01    1.308134E+00    1.153514E+00
    1    2.883333E-01    1.309239E+00    2.025854E+02
    2    2.883333E-01    1.309239E+00    3.929438E+01
    3    2.883333E-01    1.309239E+00    6.835285E+00
    4    2.883333E-01    1.309239E+00    1.161803E+00
    1    2.885000E-01    1.310345E+00    2.040366E+02
    2    2.885000E-01    1.310345E+00    3.957585E+01
    3    2.885000E-01    1.310345E+00    6.884247E+00
    4    2.885000E-01    1.310345E+00    1.170126E+00
    1    2.886667E-01    1.311451E+00    2.054935E+02
    2    2.886667E-01    1.311451E+00    3.985845E+01
    3    2.886667E-01    1.311451E+00    6.933405E+00
    4    2.886667E-01    1.311451E+00    1.178481E+00
    1    2.888333E-01    1.312558E+00    2.069563E+02
    2    2.888333E-01    1.312558E+00    4.014217E+01
    3    2.888333E-01    1.312558E+00    6.982759E+00
    4    2.888333E-01    1.312558E+00    1.186870E+00
    1    2.890000E-01    1.313665E+00    2.084248E+02
    2    2.890000E-01    1.313665E+00    4.042702E+01
    3    2.890000E-01    1.313665E+00    7.032309E+00
    4    2.890000E-01    1.313665E+00    1.195292E+00
    1    2.891667E-01    1.314772E+00    2.098992E+02
    2    2.891667E-01    1.314772E+00    4.071300E+01
    3    2.891667E-01    1.314772E+00    7.082055E+00
    4    2.891667E-01    1.314772E+00    1.203747E+00
    1    2.893333E-01    1.315880E+00    2.113794E+02
    2    2.893333E-01    1.315880E+00    4.100010E+01
    3    2.893333E-01    1.315880E+00    7.131997E+00
    4    2.893333E-01    1.315880E+00    1.212236E+00
    1    2.895000E-01    1.316988E+00    2.128654E+02
    2    2.895000E-01    1.316988E+00    4.128834E+01
    3    2.895000E-01    1.316988E+00    7.182136E+00
    4    2.895000E-01    1.316988E+00    1.220758E+00
    1    2.896667E-01    1.318097E+00    2.143573E+02
    2    2.896667E-01    1.318097E+00    4.157771E+01
    3    2.896667E-01    1.318097E+00    7.232472E+00
    4    2.896667E-01    1.318097E+00    1.229314E+00
    1    2.898333E-01    1.319207E+00    2.158550E+02
    2    2.898333E-01    1.319207E+00    4.186821E+01
    3    2.898333E-01    1.319207E+00    7.283004E+00
    4    2.898333E-01    1.319207E+00    1.237903E+00
    1    2.900000E-01    1.320316E+00    2.173586E+02
    2    2.900000E-01    1.320316E+00    4.215984E+01
    3    2.900000E-01    1.320316E+00    7.333734E+00
    4    2.900000E-01    1.320316E+00    1.246526E+00
    1    2.901667E-01    1.321427E+00    2.188680E+02
    2    2.901667E-01    1.321427E+00    4.245261E+01
    3    2.901667E-01    1.321427E+00    7.384662E+00
    4    2.901667E-01    1.321427E+00    1.255182E+00
    1    2.903333E-01    1.322537E+00    2.203832E+02
    2    2.903333E-01    1.322537E+00    4.274652E+01
    3    2.903333E-01    1.322537E+00    7.435787E+00
    4    2.903333E-01    1.322537E+00    1.263872E+00
    1    2.905000E-01    1.323649E+00    2.219043E+02
    2    2.905000E-01    1.323649E+00    4.304157E+01
    3    2.905000E-01    1.323649E+00    7.487111E+00
    4    2.905000E-01    1.323649E+00    1.272595E+00
    1    2.906667E-01    1.324760E+00    2.234313E+02
    2    2.906667E-01    1.324760E+00    4.333775E+01
    3    2.906667E-01    1.324760E+00    7.538632E+00
    4    2.906667E-01    1.324760E+00    1.281352E+00
    1    2.908333E-01    1.325872E+00    2.249642E+02
    2    2.908333E-01    1.325872E+00    4.363508E+01
    3    2.908333E-01    1.325872E+00    7.590352E+00
    4    2.908333E-01    1.325872E+00    1.290143E+00
    1    2.910000E-01    1.326985E+00    2.265030E+02
    2    2.910000E-01    1.326985E+00    4.393354E+01
    3    2.910000E-01    1.326985E+00    7.642270E+00
    4    2.910000E-01    1.326985E+00    1.298968E+00
    1    2.911667E-01    1.328098E+00    2.280477E+02
    2    2.911667E-01    1.328098E+00    4.423315E+01
    3    2.911667E-01    1.328098E+00    7.694388E+00
    4    2.911667E-01    1.328098E+00    1.307826E+00
    1    2.913333E-01    1.329212E+00    2.295982E+02
    2    2.913333E-01    1.329212E+00    4.453391E+01
    3    2.913333E-01    1.329212E+00    7.746704E+00
    4    2.913333E-01    1.329212E+00    1.316719E+00
    1    2.915000E-01    1.330326E+00    2.311547E+02
    2    2.915000E-01    1.330326E+00    4.483581E+01
    3    2.915000E-01    1.330326E+00    7.799220E+00
    4    2.915000E-01    1.330326E+00    1.325645E+00
    1    2.916667E-01    1.331440E+00    2.327171E+02
    2    2.916667E-01    1.331440E+00    4.513885E+01
    3    2.916667E-01    1.331440E+00    7.851935E+00
    4    2.916667E-01    1.331440E+00    1.334605E+00
    1    2.918333E-01    1.332555E+00    2.342854E+02
    2    2.918333E-01    1.332555E+00    4.544305E+01
    3    2.918333E-01    1.332555E+00    7.904850E+00
    4    2.918333E-01    1.332555E+00    1.343599E+00
    1    2.920000E-01    1.333670E+00    2.358596E+02
    2    2.920000E-01    1.333670E+00    4.574839E+01
    3    2.920000E-01    1.333670E+00    7.957965E+00
    4    2.920000E-01    1.333670E+00    1.352627E+00
    1    2.921667E-01    1.334786E+00    2.374398E+02
    2    2.921667E-01    1.334786E+00    4.605489E+01
    3    2.921667E-01    1.334786E+00    8.011280E+00
    4    2.921667E-01    1.334786E+00    1.361689E+00
    1    2.923333E-01    1.335903E+00    2.390259E+02
    2    2.923333E-01    1.335903E+00    4.636253E+01
    3    2.923333E-01    1.335903E+00    8.064795E+00
    4    2.923333E-01    1.335903E+00    1.370785E+00
    1    2.925000E-01    1.337019E+00    2.406179E+02
    2    2.925000E-01    1.337019E+00    4.667133E+01
    3    2.925000E-01    1.337019E+00    8.118511E+00
    4    2.925000E-01    1.337019E+00    1.379915E+00
    1    2.926667E-01    1.338137E+00    2.422159E+02
    2    2.926667E-01    1.338137E+00    4.698129E+01
    3    2.926667E-01    1.338137E+00    8.172428E+00
    4    2.926667E-01    1.338137E+00    1.389080E+00
    1    2.928333E-01    1.339254E+00    2.438199E+02
    2    2.928333E-01    1.339254E+00    4.729240E+01
    3    2.928333E-01    1.339254E+00    8.226546E+00
    4    2.928333E-01    1.339254E+00    1.398278E+00
    1    2.930000E-01    1.340373E+00    2.454298E+02
    2    2.930000E-01    1.340373E+00    4.760467E+01
    3    2.930000E-01    1.340373E+00    8.280866E+00
    4    2.930000E-01    1.340373E+00    1.407511E+00
    1    2.931667E-01    1.341491E+00    2.470457E+02
    2    2.931667E-01    1.341491E+00    4.791810E+01
    3    2.931667E-01    1.341491E+00    8.335386E+00
    4    2.931667E-01    1.341491E+00    1.416778E+00
    1    2.933333E-01    1.342610E+00    2.486676E+02
    2    2.933333E-01    1.342610E+00    4.823268E+01
    3    2.933333E-01    1.342610E+00    8.390109E+00
    4    2.933333E-01    1.342610E+00    1.426079E+00
    1    2.935000E-01    1.343730E+00    2.502954E+02
    2    2.935000E-01    1.343730E+00    4.854843E+01
    3    2.935000E-01    1.343730E+00    8.445034E+00
    4    2.935000E-01    1.343730E+00    1.435415E+00
    1    2.936667E-01    1.344850E+00    2.519293E+02
    2    2.936667E-01    1.344850E+00    4.886534E+01
    3    2.936667E-01    1.344850E+00    8.500160E+00
    4    2.936667E-01    1.344850E+00    1.444785E+00
    1    2.938333E-01    1.345970E+00    2.535692E+02
    2    2.938333E-01    1.345970E+00    4.918342E+01
    3    2.938333E-01    1.345970E+00    8.555490E+00
    4    2.938333E-01    1.345970E+00    1.454189E+00
    1    2.940000E-01    1.347091E+00    2.552150E+02
    2    2.940000E-01    1.347091E+00    4.950265E+01
    3    2.940000E-01    1.347091E+00    8.611021E+00
    4    2.940000E-01    1.347091E+00    1.463628E+00
    1    2.941667E-01    1.348213E+00    2.568669E+02
    2    2.941667E-01    1.348213E+00    4.982306E+01
    3    2.941667E-01    1.348213E+00    8.666756E+00
    4    2.941667E-01    1.348213E+00    1.473101E+00
    1    2.943333E-01    1.349335E+00    2.585248E+02
    2    2.943333E-01    1.349335E+00    5.014463E+01
    3    2.943333E-01    1.349335E+00    8.722694E+00
    4    2.943333E-01    1.349335E+00    1.482609E+00
    1    2.945000E-01    1.350457E+00    2.601887E+02
    2    2.945000E-01    1.350457E+00    5.046737E+01
    3    2.945000E-01    1.350457E+00    8.778835E+00
    4    2.945000E-01    1.350457E+00    1.492152E+00
    1    2.946667E-01    1.351580E+00    2.618587E+02
    2    2.946667E-01    1.351580E+00    5.079128E+01
    3    2.946667E-01    1.351580E+00    8.835179E+00
    4    2.946667E-01    1.351580E+00    1.501728E+00
    1    2.948333E-01    1.352703E+00    2.635346E+02
    2    2.948333E-01    1.352703E+00    5.111637E+01
    3    2.948333E-01    1.352703E+00    8.891728E+00
    4    2.948333E-01    1.352703E+00    1.511340E+00
    1    2.950000E-01    1.353827E+00    2.652167E+02
    2    2.950000E-01    1.353827E+00    5.144262E+01
    3    2.950000E-01    1.353827E+00    8.948480E+00
    4    2.950000E-01    1.353827E+00    1.520986E+00
    1    2.951667E-01    1.354951E+00    2.669048E+02
    2    2.951667E-01    1.354951E+00    5.177005E+01
    3    2.951667E-01    1.354951E+00    9.005437E+00
    4    2.951667E-01    1.354951E+00    1.530667E+00
    1    2.953333E-01    1.356076E+00    2.685989E+02
    2    2.953333E-01    1.356076E+00    5.209866E+01
    3    2.953333E-01    1.356076E+00    9.062598E+00
    4    2.953333E-01    1.356076E+00    1.540383E+00
    1    2.955000E-01    1.357201E+00    2.702991E+02
    2    2.955000E-01    1.357201E+00    5.242844E+01
    3    2.955000E-01    1.357201E+00    9.119964E+00
    4    2.955000E-01    1.357201E+00    1.550134E+00
    1    2.956667E-01    1.358327E+00    2.720054E+02
    2    2.956667E-01    1.358327E+00    5.275940E+01
    3    2.956667E-01    1.358327E+00    9.177534E+00
    4    2.956667E-01    1.358327E+00    1.559919E+00
    1    2.958333E-01    1.359453E+00    2.737178E+02
    2    2.958333E-01    1.359453E+00    5.309154E+01
    3    2.958333E-01    1.359453E+00    9.235310E+00
    4    2.958333E-01    1.359453E+00    1.569739E+00
    1    2.960000E-01    1.360580E+00    2.754362E+02
    2    2.960000E-01    1.360580E+00    5.342486E+01
    3    2.960000E-01    1.360580E+00    9.293291E+00
    4    2.960000E-01    1.360580E+00    1.579594E+00
    1    2.961667E-01    1.361707E+00    2.771608E+02
    2    2.961667E-01    1.361707E+00    5.375936E+01
    3    2.961667E-01    1.361707E+00    9.351478E+00
    4    2.961667E-01    1.361707E+00    1.589484E+00
    1    2.963333E-01    1.362834E+00    2.788914E+02
    2    2.963333E-01    1.362834E+00    5.409504E+01
    3    2.963333E-01    1.362834E+00    9.409870E+00
    4    2.963333E-01    1.362834E+00    1.599409E+00
    1    2.965000E-01    1.363962E+00    2.806282E+02
    2    2.965000E-01    1.363962E+00    5.443191E+01
    3    2.965000E-01    1.363962E+00    9.468468E+00
    4    2.965000E-01    1.363962E+00    1.609370E+00
    1    2.966667E-01    1.365091E+00    2.823710E+02
    2    2.966667E-01    1.365091E+00    5.476996E+01
    3    2.966667E-01    1.365091E+00    9.527273E+00
    4    2.966667E-01    1.365091E+00    1.619365E+00
    1    2.968333E-01    1.366220E+00    2.841200E+02
    2    2.968333E-01    1.366220E+00    5.510920E+01
    3    2.968333E-01    1.366220E+00    9.586284E+00
    4    2.968333E-01    1.366220E+00    1.629395E+00
    1    2.970000E-01    1.367349E+00    2.858751E+02
    2    2.970000E-01    1.367349E+00    5.544963E+01
    3    2.970000E-01    1.367349E+00    9.645502E+00
    4    2.970000E-01    1.367349E+00    1.639460E+00
    1    2.971667E-01    1.368479E+00    2.876364E+02
    2    2.971667E-01    1.368479E+00    5.579125E+01
    3    2.971667E-01    1.368479E+00    9.704927E+00
    4    2.971667E-01    1.368479E+00    1.649561E+00
    1    2.973333E-01    1.369609E+00    2.894038E+02
    2    2.973333E-01    1.369609E+00    5.613406E+01
    3    2.973333E-01    1.369609E+00    9.764559E+00
    4    2.973333E-01    1.369609E+00    1.659696E+00
    1    2.975000E-01    1.370740E+00    2.911773E+02
    2    2.975000E-01    1.370740E+00    5.647806E+01
    3    2.975000E-01    1.370740E+00    9.824398E+00
    4    2.975000E-01    1.370740E+00    1.669867E+00
    1    2.976667E-01    1.371871E+00    2.929570E+02
    2    2.976667E-01    1.371871E+00    5.682325E+01
    3    2.976667E-01    1.371871E+00    9.884445E+00
    4    2.976667E-01    1.371871E+00    1.680074E+00
    1    2.978333E-01    1.373003E+00    2.947428E+02
    2    2.978333E-01    1.373003E+00    5.716964E+01
    3    2.978333E-01    1.373003E+00    9.944700E+00
    4    2.978333E-01    1.373003E+00    1.690315E+00
    1    2.980000E-01    1.374135E+00    2.965348E+02
    2    2.980000E-01    1.374135E+00    5.751723E+01
    3    2.980000E-01    1.374135E+00    1.000516E+01
    4    2.980000E-01    1.374135E+00    1.700592E+00
    1    2.981667E-01    1.375268E+00    2.983330E+02
    2    2.981667E-01    1.375268E+00    5.786601E+01
    3    2.981667E-01    1.375268E+00    1.006583E+01
    4    2.981667E-01    1.375268E+00    1.710905E+00
    1    2.983333E-01    1.376401E+00    3.001374E+02
    2    2.983333E-01    1.376401E+00    5.821599E+01
    3    2.983333E-01    1.376401E+00    1.012671E+01
    4    2.983333E-01    1.376401E+00    1.721252E+00
    1    2.985000E-01    1.377535E+00    3.019479E+02
    2    2.985000E-01    1.377535E+00    5.856718E+01
    3    2.985000E-01    1.377535E+00    1.018780E+01
    4    2.985000E-01    1.377535E+00    1.731636E+00
    1    2.986667E-01    1.378669E+00    3.037646E+02
    2    2.986667E-01    1.378669E+00    5.891956E+01
    3    2.986667E-01    1.378669E+00    1.024910E+01
    4    2.986667E-01    1.378669E+00    1.742054E+00
    1    2.988333E-01    1.379803E+00    3.055876E+02
    2    2.988333E-01    1.379803E+00    5.927314E+01
    3    2.988333E-01    1.379803E+00    1.031060E+01
    4    2.988333E-01    1.379803E+00    1.752509E+00
    1    2.990000E-01    1.380938E+00    3.074167E+02
    2    2.990000E-01    1.380938E+00    5.962793E+01
    3    2.990000E-01    1.380938E+00    1.037232E+01
    4    2.990000E-01    1.380938E+00    1.762999E+00
    1    2.991667E-01    1.382074E+00    3.092521E+02
    2    2.991667E-01    1.382074E+00    5.998393E+01
    3    2.991667E-01    1.382074E+00    1.043425E+01
    4    2.991667E-01    1.382074E+00    1.773524E+00
    1    2.993333E-01    1.383210E+00    3.110937E+02
    2    2.993333E-01    1.383210E+00    6.034113E+01
    3    2.993333E-01    1.383210E+00    1.049638E+01
    4    2.993333E-01    1.383210E+00    1.784085E+00
    1    2.995000E-01    1.384346E+00    3.129415E+02
    2    2.995000E-01    1.384346E+00    6.069954E+01
    3    2.995000E-01    1.384346E+00    1.055873E+01
    4    2.995000E-01    1.384346E+00    1.794682E+00
    1    2.996667E-01    1.385483E+00    3.147955E+02
    2    2.996667E-01    1.385483E+00    6.105916E+01
    3    2.996667E-01    1.385483E+00    1.062128E+01
    4    2.996667E-01    1.385483E+00    1.805315E+00
    1    2.998333E-01    1.386620E+00    3.166558E+02
    2    2.998333E-01    1.386620E+00    6.141998E+01
    3    2.998333E-01    1.386620E+00    1.068405E+01
    4    2.998333E-01    1.386620E+00    1.815984E+00
    1    3.000000E-01    1.387758E+00    3.185223E+02
    2    3.000000E-01    1.387758E+00    6.178202E+01
    3    3.000000E-01    1.387758E+00    1.074703E+01
    4    3.000000E-01    1.387758E+00    1.826688E+00
    1    3.001667E-01    1.388896E+00    3.203951E+02
    2    3.001667E-01    1.388896E+00    6.214528E+01
    3    3.001667E-01    1.388896E+00    1.081021E+01
    4    3.001667E-01    1.388896E+00    1.837428E+00
    1    3.003333E-01    1.390035E+00    3.222741E+02
    2    3.003333E-01    1.390035E+00    6.250974E+01
    3    3.003333E-01    1.390035E+00    1.087361E+01
    4    3.003333E-01    1.390035E+00    1.848204E+00
    1    3.005000E-01    1.391174E+00    3.241594E+02
    2    3.005000E-01    1.391174E+00    6.287543E+01
    3    3.005000E-01    1.391174E+00    1.093722E+01
    4    3.005000E-01    1.391174E+00    1.859016E+00
    1    3.006667E-01    1.392314E+00    3.260510E+02
    2    3.006667E-01    1.392314E+00    6.324233E+01
    3    3.006667E-01    1.392314E+00    1.100105E+01
    4    3.006667E-01    1.392314E+00    1.869864E+00
    1    3.008333E-01    1.393454E+00    3.279489E+02
    2    3.008333E-01    1.393454E+00    6.361044E+01
    3    3.008333E-01    1.393454E+00    1.106508E+01
    4    3.008333E-01    1.393454E+00    1.880748E+00
    1    3.010000E-01    1.394595E+00    3.298530E+02
    2    3.010000E-01    1.394595E+00    6.397978E+01
    3    3.010000E-01    1.394595E+00    1.112933E+01
    4    3.010000E-01    1.394595E+00    1.891668E+00
    1    3.011667E-01    1.395736E+00    3.317635E+02
    2    3.011667E-01    1.395736E+00    6.435034E+01
    3    3.011667E-01    1.395736E+00    1.119379E+01
    4    3.011667E-01    1.395736E+00    1.902624E+00
    1    3.013333E-01    1.396877E+00    3.336802E+02
    2    3.013333E-01    1.396877E+00    6.472212E+01
    3    3.013333E-01    1.396877E+00    1.125846E+01
    4    3.013333E-01    1.396877E+00    1.913617E+00
    1    3.015000E-01    1.398019E+00    3.356033E+02
    2    3.015000E-01    1.398019E+00    6.509513E+01
    3    3.015000E-01    1.398019E+00    1.132334E+01
    4    3.015000E-01    1.398019E+00    1.924645E+00
    1    3.016667E-01    1.399162E+00    3.375326E+02
    2    3.016667E-01    1.399162E+00    6.546935E+01
    3    3.016667E-01    1.399162E+00    1.138844E+01
    4    3.016667E-01    1.399162E+00    1.935710E+00
    1    3.018333E-01    1.400304E+00    3.394683E+02
    2    3.018333E-01    1.400304E+00    6.584481E+01
    3    3.018333E-01    1.400304E+00    1.145375E+01
    4    3.018333E-01    1.400304E+00    1.946811E+00
    1    3.020000E-01    1.401448E+00    3.414104E+02
    2    3.020000E-01    1.401448E+00    6.622149E+01
    3    3.020000E-01    1.401448E+00    1.151927E+01
    4    3.020000E-01    1.401448E+00    1.957948E+00
    1    3.021667E-01    1.402592E+00    3.433587E+02
    2    3.021667E-01    1.402592E+00    6.659940E+01
    3    3.021667E-01    1.402592E+00    1.158501E+01
    4    3.021667E-01    1.402592E+00    1.969122E+00
    1    3.023333E-01    1.403736E+00    3.453134E+02
    2    3.023333E-01    1.403736E+00    6.697854E+01
    3    3.023333E-01    1.403736E+00    1.165096E+01
    4    3.023333E-01    1.403736E+00    1.980332E+00
    1    3.025000E-01    1.404881E+00    3.472744E+02
    2    3.025000E-01    1.404881E+00    6.735892E+01
    3    3.025000E-01    1.404881E+00    1.171713E+01
    4    3.025000E-01    1.404881E+00    1.991578E+00
    1    3.026667E-01    1.406026E+00    3.492418E+02
    2    3.026667E-01    1.406026E+00    6.774052E+01
    3    3.026667E-01    1.406026E+00    1.178351E+01
    4    3.026667E-01    1.406026E+00    2.002861E+00
    1    3.028333E-01    1.407172E+00    3.512156E+02
    2    3.028333E-01    1.407172E+00    6.812336E+01
    3    3.028333E-01    1.407172E+00    1.185011E+01
    4    3.028333E-01    1.407172E+00    2.014180E+00
    1    3.030000E-01    1.408318E+00    3.531957E+02
    2    3.030000E-01    1.408318E+00    6.850744E+01
    3    3.030000E-01    1.408318E+00    1.191692E+01
    4    3.030000E-01    1.408318E+00    2.025536E+00
    1    3.031667E-01    1.409465E+00    3.551822E+02
    2    3.031667E-01    1.409465E+00    6.889275E+01
    3    3.031667E-01    1.409465E+00    1.198394E+01
    4    3.031667E-01    1.409465E+00    2.036928E+00
    1    3.033333E-01    1.410612E+00    3.571751E+02
    2    3.033333E-01    1.410612E+00    6.927930E+01
    3    3.033333E-01    1.410612E+00    1.205118E+01
    4    3.033333E-01    1.410612E+00    2.048357E+00
    1    3.035000E-01    1.411759E+00    3.591744E+02
    2    3.035000E-01    1.411759E+00    6.966709E+01
    3    3.035000E-01    1.411759E+00    1.211864E+01
    4    3.035000E-01    1.411759E+00    2.059823E+00
    1    3.036667E-01    1.412907E+00    3.611801E+02
    2    3.036667E-01    1.412907E+00    7.005612E+01
    3    3.036667E-01    1.412907E+00    1.218631E+01
    4    3.036667E-01    1.412907E+00    2.071325E+00
    1    3.038333E-01    1.414056E+00    3.631922E+02
    2    3.038333E-01    1.414056E+00    7.044639E+01
    3    3.038333E-01    1.414056E+00    1.225420E+01
    4    3.038333E-01    1.414056E+00    2.082864E+00
    1    3.040000E-01    1.415205E+00    3.652107E+02
    2    3.040000E-01    1.415205E+00    7.083790E+01
    3    3.040000E-01    1.415205E+00    1.232230E+01
    4    3.040000E-01    1.415205E+00    2.094440E+00
    1    3.041667E-01    1.416354E+00    3.672356E+02
    2    3.041667E-01    1.416354E+00    7.123066E+01
    3    3.041667E-01    1.416354E+00    1.239062E+01
    4    3.041667E-01    1.416354E+00    2.106053E+00
    1    3.043333E-01    1.417504E+00    3.692669E+02
    2    3.043333E-01    1.417504E+00    7.162467E+01
    3    3.043333E-01    1.417504E+00    1.245916E+01
    4    3.043333E-01    1.417504E+00    2.117702E+00
    1    3.045000E-01    1.418655E+00    3.713046E+02
    2    3.045000E-01    1.418655E+00    7.201992E+01
    3    3.045000E-01    1.418655E+00    1.252792E+01
    4    3.045000E-01    1.418655E+00    2.129388E+00
    1    3.046667E-01    1.419806E+00    3.733488E+02
    2    3.046667E-01    1.419806E+00    7.241642E+01
    3    3.046667E-01    1.419806E+00    1.259689E+01
    4    3.046667E-01    1.419806E+00    2.141112E+00
    1    3.048333E-01    1.420957E+00    3.753995E+02
    2    3.048333E-01    1.420957E+00    7.281417E+01
    3    3.048333E-01    1.420957E+00    1.266608E+01
    4    3.048333E-01    1.420957E+00    2.152872E+00
    1    3.050000E-01    1.422109E+00    3.774566E+02
    2    3.050000E-01    1.422109E+00    7.321318E+01
    3    3.050000E-01    1.422109E+00    1.273548E+01
    4    3.050000E-01    1.422109E+00    2.164669E+00
    1    3.051667E-01    1.423261E+00    3.795201E+02
    2    3.051667E-01    1.423261E+00    7.361343E+01
    3    3.051667E-01    1.423261E+00    1.280511E+01
    4    3.051667E-01    1.423261E+00    2.176503E+00
    1    3.053333E-01    1.424414E+00    3.815901E+02
    2    3.053333E-01    1.424414E+00    7.401494E+01
    3    3.053333E-01    1.424414E+00    1.287495E+01
    4    3.053333E-01    1.424414E+00    2.188374E+00
    1    3.055000E-01    1.425567E+00    3.836666E+02
    2    3.055000E-01    1.425567E+00    7.441770E+01
    3    3.055000E-01    1.425567E+00    1.294501E+01
    4    3.055000E-01    1.425567E+00    2.200283E+00
    1    3.056667E-01    1.426721E+00    3.857496E+02
    2    3.056667E-01    1.426721E+00    7.482172E+01
    3    3.056667E-01    1.426721E+00    1.301529E+01
    4    3.056667E-01    1.426721E+00    2.212228E+00
    1    3.058333E-01    1.427875E+00    3.878390E+02
    2    3.058333E-01    1.427875E+00    7.522700E+01
    3    3.058333E-01    1.427875E+00    1.308579E+01
    4    3.058333E-01    1.427875E+00    2.224211E+00
    1    3.060000E-01    1.429029E+00    3.899349E+02
    2    3.060000E-01    1.429029E+00    7.563354E+01
    3    3.060000E-01    1.429029E+00    1.315651E+01
    4    3.060000E-01    1.429029E+00    2.236231E+00
    1    3.061667E-01    1.430184E+00    3.920374E+02
    2    3.061667E-01    1.430184E+00    7.604134E+01
    3    3.061667E-01    1.430184E+00    1.322744E+01
    4    3.061667E-01    1.430184E+00    2.248288E+00
    1    3.063333E-01    1.431340E+00    3.941463E+02
    2    3.063333E-01    1.431340E+00    7.645040E+01
    3    3.063333E-01    1.431340E+00    1.329860E+01
    4    3.063333E-01    1.431340E+00    2.260383E+00
    1    3.065000E-01    1.432496E+00    3.962618E+02
    2    3.065000E-01    1.432496E+00    7.686072E+01
    3    3.065000E-01    1.432496E+00    1.336998E+01
    4    3.065000E-01    1.432496E+00    2.272515E+00
    1    3.066667E-01    1.433652E+00    3.983837E+02
    2    3.066667E-01    1.433652E+00    7.727231E+01
    3    3.066667E-01    1.433652E+00    1.344157E+01
    4    3.066667E-01    1.433652E+00    2.284684E+00
    1    3.068333E-01    1.434809E+00    4.005122E+02
    2    3.068333E-01    1.434809E+00    7.768516E+01
    3    3.068333E-01    1.434809E+00    1.351339E+01
    4    3.068333E-01    1.434809E+00    2.296890E+00
    1    3.070000E-01    1.435967E+00    4.026473E+02
    2    3.070000E-01    1.435967E+00    7.809928E+01
    3    3.070000E-01    1.435967E+00    1.358542E+01
    4    3.070000E-01    1.435967E+00    2.309135E+00
    1    3.071667E-01    1.437124E+00    4.047888E+02
    2    3.071667E-01    1.437124E+00    7.851467E+01
    3    3.071667E-01    1.437124E+00    1.365768E+01
    4    3.071667E-01    1.437124E+00    2.321416E+00
    1    3.073333E-01    1.438283E+00    4.069370E+02
    2    3.073333E-01    1.438283E+00    7.893133E+01
    3    3.073333E-01    1.438283E+00    1.373016E+01
    4    3.073333E-01    1.438283E+00    2.333735E+00
    1    3.075000E-01    1.439442E+00    4.090916E+02
    2    3.075000E-01    1.439442E+00    7.934926E+01
    3    3.075000E-01    1.439442E+00    1.380286E+01
    4    3.075000E-01    1.439442E+00    2.346092E+00
    1    3.076667E-01    1.440601E+00    4.112529E+02
    2    3.076667E-01    1.440601E+00    7.976846E+01
    3    3.076667E-01    1.440601E+00    1.387578E+01
    4    3.076667E-01    1.440601E+00    2.358487E+00
    1    3.078333E-01    1.441761E+00    4.134207E+02
    2    3.078333E-01    1.441761E+00    8.018893E+01
    3    3.078333E-01    1.441761E+00    1.394892E+01
    4    3.078333E-01    1.441761E+00    2.370919E+00
    1    3.080000E-01    1.442921E+00    4.155950E+02
    2    3.080000E-01    1.442921E+00    8.061069E+01
    3    3.080000E-01    1.442921E+00    1.402229E+01
    4    3.080000E-01    1.442921E+00    2.383388E+00
    1    3.081667E-01    1.444081E+00    4.177760E+02
    2    3.081667E-01    1.444081E+00    8.103371E+01
    3    3.081667E-01    1.444081E+00    1.409587E+01
    4    3.081667E-01    1.444081E+00    2.395896E+00
    1    3.083333E-01    1.445242E+00    4.199635E+02
    2    3.083333E-01    1.445242E+00    8.145802E+01
    3    3.083333E-01    1.445242E+00    1.416968E+01
    4    3.083333E-01    1.445242E+00    2.408441E+00
    1    3.085000E-01    1.446404E+00    4.221577E+02
    2    3.085000E-01    1.446404E+00    8.188360E+01
    3    3.085000E-01    1.446404E+00    1.424371E+01
    4    3.085000E-01    1.446404E+00    2.421024E+00
    1    3.086667E-01    1.447566E+00    4.243584E+02
    2    3.086667E-01    1.447566E+00    8.231047E+01
    3    3.086667E-01    1.447566E+00    1.431796E+01
    4    3.086667E-01    1.447566E+00    2.433645E+00
    1    3.088333E-01    1.448729E+00    4.265657E+02
    2    3.088333E-01    1.448729E+00    8.273861E+01
    3    3.088333E-01    1.448729E+00    1.439244E+01
    4    3.088333E-01    1.448729E+00    2.446304E+00
    1    3.090000E-01    1.449892E+00    4.287797E+02
    2    3.090000E-01    1.449892E+00    8.316804E+01
    3    3.090000E-01    1.449892E+00    1.446714E+01
    4    3.090000E-01    1.449892E+00    2.459001E+00
    1    3.091667E-01    1.451055E+00    4.310003E+02
    2    3.091667E-01    1.451055E+00    8.359876E+01
    3    3.091667E-01    1.451055E+00    1.454206E+01
    4    3.091667E-01    1.451055E+00    2.471736E+00
    1    3.093333E-01    1.452219E+00    4.332275E+02
    2    3.093333E-01    1.452219E+00    8.403076E+01
    3    3.093333E-01    1.452219E+00    1.461721E+01
    4    3.093333E-01    1.452219E+00    2.484509E+00
    1    3.095000E-01    1.453383E+00    4.354614E+02
    2    3.095000E-01    1.453383E+00    8.446405E+01
    3    3.095000E-01    1.453383E+00    1.469258E+01
    4    3.095000E-01    1.453383E+00    2.497319E+00
    1    3.096667E-01    1.454548E+00    4.377018E+02
    2    3.096667E-01    1.454548E+00    8.489862E+01
    3    3.096667E-01    1.454548E+00    1.476817E+01
    4    3.096667E-01    1.454548E+00    2.510168E+00
    1    3.098333E-01    1.455714E+00    4.399490E+02
    2    3.098333E-01    1.455714E+00    8.533449E+01
    3    3.098333E-01    1.455714E+00    1.484399E+01
    4    3.098333E-01    1.455714E+00    2.523056E+00
    1    3.100000E-01    1.456879E+00    4.422028E+02
    2    3.100000E-01    1.456879E+00    8.577165E+01
    3    3.100000E-01    1.456879E+00    1.492004E+01
    4    3.100000E-01    1.456879E+00    2.535981E+00
    1    3.101667E-01    1.458046E+00    4.444632E+02
    2    3.101667E-01    1.458046E+00    8.621010E+01
    3    3.101667E-01    1.458046E+00    1.499631E+01
    4    3.101667E-01    1.458046E+00    2.548944E+00
    1    3.103333E-01    1.459212E+00    4.467304E+02
    2    3.103333E-01    1.459212E+00    8.664984E+01
    3    3.103333E-01    1.459212E+00    1.507280E+01
    4    3.103333E-01    1.459212E+00    2.561946E+00
    1    3.105000E-01    1.460380E+00    4.490042E+02
    2    3.105000E-01    1.460380E+00    8.709088E+01
    3    3.105000E-01    1.460380E+00    1.514952E+01
    4    3.105000E-01    1.460380E+00    2.574986E+00
    1    3.106667E-01    1.461547E+00    4.512847E+02
    2    3.106667E-01    1.461547E+00    8.753321E+01
    3    3.106667E-01    1.461547E+00    1.522646E+01
    4    3.106667E-01    1.461547E+00    2.588064E+00
    1    3.108333E-01    1.462715E+00    4.535719E+02
    2    3.108333E-01    1.462715E+00    8.797685E+01
    3    3.108333E-01    1.462715E+00    1.530363E+01
    4    3.108333E-01    1.462715E+00    2.601181E+00
    1    3.110000E-01    1.463884E+00    4.558658E+02
    2    3.110000E-01    1.463884E+00    8.842178E+01
    3    3.110000E-01    1.463884E+00    1.538103E+01
    4    3.110000E-01    1.463884E+00    2.614336E+00
    1    3.111667E-01    1.465053E+00    4.581664E+02
    2    3.111667E-01    1.465053E+00    8.886801E+01
    3    3.111667E-01    1.465053E+00    1.545865E+01
    4    3.111667E-01    1.465053E+00    2.627530E+00
    1    3.113333E-01    1.466222E+00    4.604737E+02
    2    3.113333E-01    1.466222E+00    8.931555E+01
    3    3.113333E-01    1.466222E+00    1.553650E+01
    4    3.113333E-01    1.466222E+00    2.640762E+00
    1    3.115000E-01    1.467392E+00    4.627877E+02
    2    3.115000E-01    1.467392E+00    8.976438E+01
    3    3.115000E-01    1.467392E+00    1.561458E+01
    4    3.115000E-01    1.467392E+00    2.654033E+00
    1    3.116667E-01    1.468563E+00    4.651084E+02
    2    3.116667E-01    1.468563E+00    9.021453E+01
    3    3.116667E-01    1.468563E+00    1.569288E+01
    4    3.116667E-01    1.468563E+00    2.667342E+00
    1    3.118333E-01    1.469734E+00    4.674359E+02
    2    3.118333E-01    1.469734E+00    9.066598E+01
    3    3.118333E-01    1.469734E+00    1.577141E+01
    4    3.118333E-01    1.469734E+00    2.680690E+00
    1    3.120000E-01    1.470905E+00    4.697701E+02
    2    3.120000E-01    1.470905E+00    9.111873E+01
    3    3.120000E-01    1.470905E+00    1.585017E+01
    4    3.120000E-01    1.470905E+00    2.694076E+00
    1    3.121667E-01    1.472077E+00    4.721111E+02
    2    3.121667E-01    1.472077E+00    9.157280E+01
    3    3.121667E-01    1.472077E+00    1.592915E+01
    4    3.121667E-01    1.472077E+00    2.707501E+00
    1    3.123333E-01    1.473249E+00    4.744588E+02
    2    3.123333E-01    1.473249E+00    9.202817E+01
    3    3.123333E-01    1.473249E+00    1.600836E+01
    4    3.123333E-01    1.473249E+00    2.720965E+00
    1    3.125000E-01    1.474422E+00    4.768133E+02
    2    3.125000E-01    1.474422E+00    9.248486E+01
    3    3.125000E-01    1.474422E+00    1.608781E+01
    4    3.125000E-01    1.474422E+00    2.734468E+00
    1    3.126667E-01    1.475595E+00    4.791746E+02
    2    3.126667E-01    1.475595E+00    9.294286E+01
    3    3.126667E-01    1.475595E+00    1.616747E+01
    4    3.126667E-01    1.475595E+00    2.748010E+00
    1    3.128333E-01    1.476769E+00    4.815426E+02
    2    3.128333E-01    1.476769E+00    9.340217E+01
    3    3.128333E-01    1.476769E+00    1.624737E+01
    4    3.128333E-01    1.476769E+00    2.761590E+00
    1    3.130000E-01    1.477943E+00    4.839174E+02
    2    3.130000E-01    1.477943E+00    9.386280E+01
    3    3.130000E-01    1.477943E+00    1.632750E+01
    4    3.130000E-01    1.477943E+00    2.775209E+00
    1    3.131667E-01    1.479118E+00    4.862990E+02
    2    3.131667E-01    1.479118E+00    9.432474E+01
    3    3.131667E-01    1.479118E+00    1.640786E+01
    4    3.131667E-01    1.479118E+00    2.788867E+00
    1    3.133333E-01    1.480293E+00    4.886874E+02
    2    3.133333E-01    1.480293E+00    9.478801E+01
    3    3.133333E-01    1.480293E+00    1.648844E+01
    4    3.133333E-01    1.480293E+00    2.802564E+00
    1    3.135000E-01    1.481469E+00    4.910826E+02
    2    3.135000E-01    1.481469E+00    9.525259E+01
    3    3.135000E-01    1.481469E+00    1.656925E+01
    4    3.135000E-01    1.481469E+00    2.816301E+00
    1    3.136667E-01    1.482645E+00    4.934846E+02
    2    3.136667E-01    1.482645E+00    9.571849E+01
    3    3.136667E-01    1.482645E+00    1.665030E+01
    4    3.136667E-01    1.482645E+00    2.830076E+00
    1    3.138333E-01    1.483821E+00    4.958934E+02
    2    3.138333E-01    1.483821E+00    9.618572E+01
    3    3.138333E-01    1.483821E+00    1.673157E+01
    4    3.138333E-01    1.483821E+00    2.843890E+00
    1    3.140000E-01    1.484998E+00    4.983090E+02
    2    3.140000E-01    1.484998E+00    9.665427E+01
    3    3.140000E-01    1.484998E+00    1.681308E+01
    4    3.140000E-01    1.484998E+00    2.857744E+00
    1    3.141667E-01    1.486176E+00    5.007315E+02
    2    3.141667E-01    1.486176E+00    9.712414E+01
    3    3.141667E-01    1.486176E+00    1.689481E+01
    4    3.141667E-01    1.486176E+00    2.871636E+00
    1    3.143333E-01    1.487354E+00    5.031608E+02
    2    3.143333E-01    1.487354E+00    9.759534E+01
    3    3.143333E-01    1.487354E+00    1.697678E+01
    4    3.143333E-01    1.487354E+00    2.885568E+00
    1    3.145000E-01    1.488532E+00    5.055970E+02
    2    3.145000E-01    1.488532E+00    9.806787E+01
    3    3.145000E-01    1.488532E+00    1.705897E+01
    4    3.145000E-01    1.488532E+00    2.899539E+00
    1    3.146667E-01    1.489711E+00    5.080400E+02
    2    3.146667E-01    1.489711E+00    9.854173E+01
    3    3.146667E-01    1.489711E+00    1.714140E+01
    4    3.146667E-01    1.489711E+00    2.913549E+00
    1    3.148333E-01    1.490890E+00    5.104899E+02
    2    3.148333E-01    1.490890E+00    9.901691E+01
    3    3.148333E-01    1.490890E+00    1.722406E+01
    4    3.148333E-01    1.490890E+00    2.927599E+00
    1    3.150000E-01    1.492070E+00    5.129466E+02
    2    3.150000E-01    1.492070E+00    9.949343E+01
    3    3.150000E-01    1.492070E+00    1.730695E+01
    4    3.150000E-01    1.492070E+00    2.941688E+00
    1    3.151667E-01    1.493250E+00    5.154102E+02
    2    3.151667E-01    1.493250E+00    9.997129E+01
    3    3.151667E-01    1.493250E+00    1.739008E+01
    4    3.151667E-01    1.493250E+00    2.955817E+00
    1    3.153333E-01    1.494431E+00    5.178807E+02
    2    3.153333E-01    1.494431E+00    1.004505E+02
    3    3.153333E-01    1.494431E+00    1.747343E+01
    4    3.153333E-01    1.494431E+00    2.969985E+00
    1    3.155000E-01    1.495612E+00    5.203581E+02
    2    3.155000E-01    1.495612E+00    1.009310E+02
    3    3.155000E-01    1.495612E+00    1.755702E+01
    4    3.155000E-01    1.495612E+00    2.984192E+00
    1    3.156667E-01    1.496794E+00    5.228423E+02
    2    3.156667E-01    1.496794E+00    1.014129E+02
    3    3.156667E-01    1.496794E+00    1.764084E+01
    4    3.156667E-01    1.496794E+00    2.998439E+00
    1    3.158333E-01    1.497976E+00    5.253335E+02
    2    3.158333E-01    1.497976E+00    1.018961E+02
    3    3.158333E-01    1.497976E+00    1.772489E+01
    4    3.158333E-01    1.497976E+00    3.012726E+00
    1    3.160000E-01    1.499159E+00    5.278316E+02
    2    3.160000E-01    1.499159E+00    1.023806E+02
    3    3.160000E-01    1.499159E+00    1.780917E+01
    4    3.160000E-01    1.499159E+00    3.027052E+00
    1    3.161667E-01    1.500342E+00    5.303365E+02
    2    3.161667E-01    1.500342E+00    1.028665E+02
    3    3.161667E-01    1.500342E+00    1.789369E+01
    4    3.161667E-01    1.500342E+00    3.041418E+00
    1    3.163333E-01    1.501525E+00    5.328485E+02
    2    3.163333E-01    1.501525E+00    1.033537E+02
    3    3.163333E-01    1.501525E+00    1.797845E+01
    4    3.163333E-01    1.501525E+00    3.055823E+00
    1    3.165000E-01    1.502709E+00    5.353673E+02
    2    3.165000E-01    1.502709E+00    1.038423E+02
    3    3.165000E-01    1.502709E+00    1.806343E+01
    4    3.165000E-01    1.502709E+00    3.070268E+00
    1    3.166667E-01    1.503894E+00    5.378931E+02
    2    3.166667E-01    1.503894E+00    1.043322E+02
    3    3.166667E-01    1.503894E+00    1.814865E+01
    4    3.166667E-01    1.503894E+00    3.084753E+00
    1    3.168333E-01    1.505078E+00    5.404258E+02
    2    3.168333E-01    1.505078E+00    1.048234E+02
    3    3.168333E-01    1.505078E+00    1.823411E+01
    4    3.168333E-01    1.505078E+00    3.099278E+00
    1    3.170000E-01    1.506264E+00    5.429654E+02
    2    3.170000E-01    1.506264E+00    1.053160E+02
    3    3.170000E-01    1.506264E+00    1.831980E+01
    4    3.170000E-01    1.506264E+00    3.113843E+00
    1    3.171667E-01    1.507450E+00    5.455121E+02
    2    3.171667E-01    1.507450E+00    1.058100E+02
    3    3.171667E-01    1.507450E+00    1.840572E+01
    4    3.171667E-01    1.507450E+00    3.128447E+00
    1    3.173333E-01    1.508636E+00    5.480656E+02
    2    3.173333E-01    1.508636E+00    1.063053E+02
    3    3.173333E-01    1.508636E+00    1.849188E+01
    4    3.173333E-01    1.508636E+00    3.143092E+00
    1    3.175000E-01    1.509823E+00    5.506262E+02
    2    3.175000E-01    1.509823E+00    1.068019E+02
    3    3.175000E-01    1.509823E+00    1.857827E+01
    4    3.175000E-01    1.509823E+00    3.157776E+00
    1    3.176667E-01    1.511010E+00    5.531937E+02
    2    3.176667E-01    1.511010E+00    1.073000E+02
    3    3.176667E-01    1.511010E+00    1.866490E+01
    4    3.176667E-01    1.511010E+00    3.172501E+00
    1    3.178333E-01    1.512198E+00    5.557683E+02
    2    3.178333E-01    1.512198E+00    1.077993E+02
    3    3.178333E-01    1.512198E+00    1.875177E+01
    4    3.178333E-01    1.512198E+00    3.187265E+00
    1    3.180000E-01    1.513386E+00    5.583498E+02
    2    3.180000E-01    1.513386E+00    1.083000E+02
    3    3.180000E-01    1.513386E+00    1.883887E+01
    4    3.180000E-01    1.513386E+00    3.202070E+00
    1    3.181667E-01    1.514575E+00    5.609383E+02
    2    3.181667E-01    1.514575E+00    1.088021E+02
    3    3.181667E-01    1.514575E+00    1.892620E+01
    4    3.181667E-01    1.514575E+00    3.216915E+00
    1    3.183333E-01    1.515764E+00    5.635338E+02
    2    3.183333E-01    1.515764E+00    1.093056E+02
    3    3.183333E-01    1.515764E+00    1.901378E+01
    4    3.183333E-01    1.515764E+00    3.231800E+00
    1    3.185000E-01    1.516953E+00    5.661363E+02
    2    3.185000E-01    1.516953E+00    1.098104E+02
    3    3.185000E-01    1.516953E+00    1.910159E+01
    4    3.185000E-01    1.516953E+00    3.246725E+00
    1    3.186667E-01    1.518143E+00    5.687459E+02
    2    3.186667E-01    1.518143E+00    1.103165E+02
    3    3.186667E-01    1.518143E+00    1.918963E+01
    4    3.186667E-01    1.518143E+00    3.261690E+00
    1    3.188333E-01    1.519334E+00    5.713624E+02
    2    3.188333E-01    1.519334E+00    1.108240E+02
    3    3.188333E-01    1.519334E+00    1.927792E+01
    4    3.188333E-01    1.519334E+00    3.276696E+00
    1    3.190000E-01    1.520525E+00    5.739861E+02
    2    3.190000E-01    1.520525E+00    1.113329E+02
    3    3.190000E-01    1.520525E+00    1.936644E+01
    4    3.190000E-01    1.520525E+00    3.291742E+00
    1    3.191667E-01    1.521716E+00    5.766167E+02
    2    3.191667E-01    1.521716E+00    1.118432E+02
    3    3.191667E-01    1.521716E+00    1.945520E+01
    4    3.191667E-01    1.521716E+00    3.306829E+00
    1    3.193333E-01    1.522908E+00    5.792544E+02
    2    3.193333E-01    1.522908E+00    1.123548E+02
    3    3.193333E-01    1.522908E+00    1.954420E+01
    4    3.193333E-01    1.522908E+00    3.321956E+00
    1    3.195000E-01    1.524101E+00    5.818992E+02
    2    3.195000E-01    1.524101E+00    1.128678E+02
    3    3.195000E-01    1.524101E+00    1.963343E+01
    4    3.195000E-01    1.524101E+00    3.337123E+00
    1    3.196667E-01    1.525293E+00    5.845510E+02
    2    3.196667E-01    1.525293E+00    1.133821E+02
    3    3.196667E-01    1.525293E+00    1.972290E+01
    4    3.196667E-01    1.525293E+00    3.352331E+00
    1    3.198333E-01    1.526487E+00    5.872099E+02
    2    3.198333E-01    1.526487E+00    1.138979E+02
    3    3.198333E-01    1.526487E+00    1.981261E+01
    4    3.198333E-01    1.526487E+00    3.367579E+00
    1    3.200000E-01    1.527681E+00    5.898758E+02
    2    3.200000E-01    1.527681E+00    1.144150E+02
    3    3.200000E-01    1.527681E+00    1.990256E+01
    4    3.200000E-01    1.527681E+00    3.382868E+00
    1    3.201667E-01    1.528875E+00    5.925489E+02
    2    3.201667E-01    1.528875E+00    1.149335E+02
    3    3.201667E-01    1.528875E+00    1.999275E+01
    4    3.201667E-01    1.528875E+00    3.398198E+00
    1    3.203333E-01    1.530070E+00    5.952290E+02
    2    3.203333E-01    1.530070E+00    1.154533E+02
    3    3.203333E-01    1.530070E+00    2.008318E+01
    4    3.203333E-01    1.530070E+00    3.413568E+00
    1    3.205000E-01    1.531265E+00    5.979162E+02
    2    3.205000E-01    1.531265E+00    1.159745E+02
    3    3.205000E-01    1.531265E+00    2.017385E+01
    4    3.205000E-01    1.531265E+00    3.428979E+00
    1    3.206667E-01    1.532460E+00    6.006106E+02
    2    3.206667E-01    1.532460E+00    1.164971E+02
    3    3.206667E-01    1.532460E+00    2.026476E+01
    4    3.206667E-01    1.532460E+00    3.444431E+00
    1    3.208333E-01    1.533657E+00    6.033120E+02
    2    3.208333E-01    1.533657E+00    1.170211E+02
    3    3.208333E-01    1.533657E+00    2.035591E+01
    4    3.208333E-01    1.533657E+00    3.459923E+00
    1    3.210000E-01    1.534853E+00    6.060206E+02
    2    3.210000E-01    1.534853E+00    1.175465E+02
    3    3.210000E-01    1.534853E+00    2.044729E+01
    4    3.210000E-01    1.534853E+00    3.475457E+00
    1    3.211667E-01    1.536050E+00    6.087363E+02
    2    3.211667E-01    1.536050E+00    1.180732E+02
    3    3.211667E-01    1.536050E+00    2.053892E+01
    4    3.211667E-01    1.536050E+00    3.491031E+00
    1    3.213333E-01    1.537248E+00    6.114591E+02
    2    3.213333E-01    1.537248E+00    1.186014E+02
    3    3.213333E-01    1.537248E+00    2.063079E+01
    4    3.213333E-01    1.537248E+00    3.506646E+00
    1    3.215000E-01    1.538446E+00    6.141891E+02
    2    3.215000E-01    1.538446E+00    1.191309E+02
    3    3.215000E-01    1.538446E+00    2.072290E+01
    4    3.215000E-01    1.538446E+00    3.522302E+00
    1    3.216667E-01    1.539644E+00    6.169262E+02
    2    3.216667E-01    1.539644E+00    1.196618E+02
    3    3.216667E-01    1.539644E+00    2.081525E+01
    4    3.216667E-01    1.539644E+00    3.537999E+00
    1    3.218333E-01    1.540843E+00    6.196705E+02
    2    3.218333E-01    1.540843E+00    1.201941E+02
    3    3.218333E-01    1.540843E+00    2.090785E+01
    4    3.218333E-01    1.540843E+00    3.553737E+00
    1    3.220000E-01    1.542042E+00    6.224219E+02
    2    3.220000E-01    1.542042E+00    1.207278E+02
    3    3.220000E-01    1.542042E+00    2.100068E+01
    4    3.220000E-01    1.542042E+00    3.569516E+00
    1    3.221667E-01    1.543242E+00    6.251806E+02
    2    3.221667E-01    1.543242E+00    1.212628E+02
    3    3.221667E-01    1.543242E+00    2.109376E+01
    4    3.221667E-01    1.543242E+00    3.585337E+00
    1    3.223333E-01    1.544443E+00    6.279463E+02
    2    3.223333E-01    1.544443E+00    1.217993E+02
    3    3.223333E-01    1.544443E+00    2.118707E+01
    4    3.223333E-01    1.544443E+00    3.601198E+00
    1    3.225000E-01    1.545643E+00    6.307193E+02
    2    3.225000E-01    1.545643E+00    1.223372E+02
    3    3.225000E-01    1.545643E+00    2.128063E+01
    4    3.225000E-01    1.545643E+00    3.617101E+00
    1    3.226667E-01    1.546845E+00    6.334995E+02
    2    3.226667E-01    1.546845E+00    1.228764E+02
    3    3.226667E-01    1.546845E+00    2.137444E+01
    4    3.226667E-01    1.546845E+00    3.633045E+00
    1    3.228333E-01    1.548046E+00    6.362868E+02
    2    3.228333E-01    1.548046E+00    1.234171E+02
    3    3.228333E-01    1.548046E+00    2.146848E+01
    4    3.228333E-01    1.548046E+00    3.649030E+00
    1    3.230000E-01    1.549249E+00    6.390814E+02
    2    3.230000E-01    1.549249E+00    1.239591E+02
    3    3.230000E-01    1.549249E+00    2.156277E+01
    4    3.230000E-01    1.549249E+00    3.665056E+00
    1    3.231667E-01    1.550451E+00    6.418831E+02
    2    3.231667E-01    1.550451E+00    1.245025E+02
    3    3.231667E-01    1.550451E+00    2.165730E+01
    4    3.231667E-01    1.550451E+00    3.681124E+00
    1    3.233333E-01    1.551654E+00    6.446921E+02
    2    3.233333E-01    1.551654E+00    1.250474E+02
    3    3.233333E-01    1.551654E+00    2.175208E+01
    4    3.233333E-01    1.551654E+00    3.697233E+00
    1    3.235000E-01    1.552858E+00    6.475083E+02
    2    3.235000E-01    1.552858E+00    1.255936E+02
    3    3.235000E-01    1.552858E+00    2.184710E+01
    4    3.235000E-01    1.552858E+00    3.713384E+00
    1    3.236667E-01    1.554062E+00    6.503318E+02
    2    3.236667E-01    1.554062E+00    1.261413E+02
    3    3.236667E-01    1.554062E+00    2.194236E+01
    4    3.236667E-01    1.554062E+00    3.729576E+00
    1    3.238333E-01    1.555266E+00    6.531625E+02
    2    3.238333E-01    1.555266E+00    1.266903E+02
    3    3.238333E-01    1.555266E+00    2.203787E+01
    4    3.238333E-01    1.555266E+00    3.745810E+00
    1    3.240000E-01    1.556471E+00    6.560004E+02
    2    3.240000E-01    1.556471E+00    1.272408E+02
    3    3.240000E-01    1.556471E+00    2.213362E+01
    4    3.240000E-01    1.556471E+00    3.762085E+00
    1    3.241667E-01    1.557677E+00    6.588456E+02
    2    3.241667E-01    1.557677E+00    1.277927E+02
    3    3.241667E-01    1.557677E+00    2.222962E+01
    4    3.241667E-01    1.557677E+00    3.778402E+00
    1    3.243333E-01    1.558883E+00    6.616980E+02
    2    3.243333E-01    1.558883E+00    1.283459E+02
    3    3.243333E-01    1.558883E+00    2.232586E+01
    4    3.243333E-01    1.558883E+00    3.794760E+00
    1    3.245000E-01    1.560089E+00    6.645577E+02
    2    3.245000E-01    1.560089E+00    1.289006E+02
    3    3.245000E-01    1.560089E+00    2.242235E+01
    4    3.245000E-01    1.560089E+00    3.811160E+00
    1    3.246667E-01    1.561296E+00    6.674247E+02
    2    3.246667E-01    1.561296E+00    1.294567E+02
    3    3.246667E-01    1.561296E+00    2.251909E+01
    4    3.246667E-01    1.561296E+00    3.827602E+00
    1    3.248333E-01    1.562503E+00    6.702990E+02
    2    3.248333E-01    1.562503E+00    1.300142E+02
    3    3.248333E-01    1.562503E+00    2.261606E+01
    4    3.248333E-01    1.562503E+00    3.844086E+00
    1    3.250000E-01    1.563711E+00    6.731806E+02
    2    3.250000E-01    1.563711E+00    1.305731E+02
    3    3.250000E-01    1.563711E+00    2.271329E+01
    4    3.250000E-01    1.563711E+00    3.860611E+00
    1    3.251667E-01    1.564919E+00    6.760694E+02
    2    3.251667E-01    1.564919E+00    1.311335E+02
    3    3.251667E-01    1.564919E+00    2.281076E+01
    4    3.251667E-01    1.564919E+00    3.877179E+00
    1    3.253333E-01    1.566128E+00    6.789656E+02
    2    3.253333E-01    1.566128E+00    1.316952E+02
    3    3.253333E-01    1.566128E+00    2.290848E+01
    4    3.253333E-01    1.566128E+00    3.893788E+00
    1    3.255000E-01    1.567337E+00    6.818691E+02
    2    3.255000E-01    1.567337E+00    1.322584E+02
    3    3.255000E-01    1.567337E+00    2.300644E+01
    4    3.255000E-01    1.567337E+00    3.910439E+00
    1    3.256667E-01    1.568547E+00    6.847799E+02
    2    3.256667E-01    1.568547E+00    1.328230E+02
    3    3.256667E-01    1.568547E+00    2.310465E+01
    4    3.256667E-01    1.568547E+00    3.927132E+00
    1    3.258333E-01    1.569757E+00    6.876980E+02
    2    3.258333E-01    1.569757E+00    1.333890E+02
    3    3.258333E-01    1.569757E+00    2.320311E+01
    4    3.258333E-01    1.569757E+00    3.943867E+00
    1    3.260000E-01    1.570968E+00    6.906235E+02
    2    3.260000E-01    1.570968E+00    1.339564E+02
    3    3.260000E-01    1.570968E+00    2.330182E+01
    4    3.260000E-01    1.570968E+00    3.960644E+00
    1    3.261667E-01    1.572179E+00    6.935563E+02
    2    3.261667E-01    1.572179E+00    1.345253E+02
    3    3.261667E-01    1.572179E+00    2.340077E+01
    4    3.261667E-01    1.572179E+00    3.977463E+00
    1    3.263333E-01    1.573390E+00    6.964964E+02
    2    3.263333E-01    1.573390E+00    1.350956E+02
    3    3.263333E-01    1.573390E+00    2.349997E+01
    4    3.263333E-01    1.573390E+00    3.994325E+00
    1    3.265000E-01    1.574602E+00    6.994439E+02
    2    3.265000E-01    1.574602E+00    1.356673E+02
    3    3.265000E-01    1.574602E+00    2.359942E+01
    4    3.265000E-01    1.574602E+00    4.011228E+00
    1    3.266667E-01    1.575815E+00    7.023988E+02
    2    3.266667E-01    1.575815E+00    1.362404E+02
    3    3.266667E-01    1.575815E+00    2.369912E+01
    4    3.266667E-01    1.575815E+00    4.028174E+00
    1    3.268333E-01    1.577028E+00    7.053610E+02
    2    3.268333E-01    1.577028E+00    1.368150E+02
    3    3.268333E-01    1.577028E+00    2.379907E+01
    4    3.268333E-01    1.577028E+00    4.045162E+00
    1    3.270000E-01    1.578241E+00    7.083306E+02
    2    3.270000E-01    1.578241E+00    1.373910E+02
    3    3.270000E-01    1.578241E+00    2.389926E+01
    4    3.270000E-01    1.578241E+00    4.062193E+00
    1    3.271667E-01    1.579455E+00    7.113076E+02
    2    3.271667E-01    1.579455E+00    1.379684E+02
    3    3.271667E-01    1.579455E+00    2.399971E+01
    4    3.271667E-01    1.579455E+00    4.079265E+00
    1    3.273333E-01    1.580669E+00    7.142920E+02
    2    3.273333E-01    1.580669E+00    1.385473E+02
    3    3.273333E-01    1.580669E+00    2.410040E+01
    4    3.273333E-01    1.580669E+00    4.096380E+00
    1    3.275000E-01    1.581884E+00    7.172838E+02
    2    3.275000E-01    1.581884E+00    1.391276E+02
    3    3.275000E-01    1.581884E+00    2.420134E+01
    4    3.275000E-01    1.581884E+00    4.113538E+00
    1    3.276667E-01    1.583099E+00    7.202830E+02
    2    3.276667E-01    1.583099E+00    1.397093E+02
    3    3.276667E-01    1.583099E+00    2.430254E+01
    4    3.276667E-01    1.583099E+00    4.130738E+00
    1    3.278333E-01    1.584315E+00    7.232896E+02
    2    3.278333E-01    1.584315E+00    1.402925E+02
    3    3.278333E-01    1.584315E+00    2.440398E+01
    4    3.278333E-01    1.584315E+00    4.147980E+00
    1    3.280000E-01    1.585531E+00    7.263036E+02
    2    3.280000E-01    1.585531E+00    1.408771E+02
    3    3.280000E-01    1.585531E+00    2.450567E+01
    4    3.280000E-01    1.585531E+00    4.165265E+00
    1    3.281667E-01    1.586748E+00    7.293250E+02
    2    3.281667E-01    1.586748E+00    1.414632E+02
    3    3.281667E-01    1.586748E+00    2.460762E+01
    4    3.281667E-01    1.586748E+00    4.182593E+00
    1    3.283333E-01    1.587965E+00    7.323539E+02
    2    3.283333E-01    1.587965E+00    1.420507E+02
    3    3.283333E-01    1.587965E+00    2.470981E+01
    4    3.283333E-01    1.587965E+00    4.199963E+00
    1    3.285000E-01    1.589182E+00    7.353902E+02
    2    3.285000E-01    1.589182E+00    1.426396E+02
    3    3.285000E-01    1.589182E+00    2.481226E+01
    4    3.285000E-01    1.589182E+00    4.217376E+00
    1    3.286667E-01    1.590400E+00    7.384340E+02
    2    3.286667E-01    1.590400E+00    1.432300E+02
    3    3.286667E-01    1.590400E+00    2.491496E+01
    4    3.286667E-01    1.590400E+00    4.234832E+00
    1    3.288333E-01    1.591619E+00    7.414852E+02
    2    3.288333E-01    1.591619E+00    1.438218E+02
    3    3.288333E-01    1.591619E+00    2.501791E+01
    4    3.288333E-01    1.591619E+00    4.252330E+00
    1    3.290000E-01    1.592838E+00    7.445439E+02
    2    3.290000E-01    1.592838E+00    1.444151E+02
    3    3.290000E-01    1.592838E+00    2.512111E+01
    4    3.290000E-01    1.592838E+00    4.269872E+00
    1    3.291667E-01    1.594057E+00    7.476101E+02
    2    3.291667E-01    1.594057E+00    1.450098E+02
    3    3.291667E-01    1.594057E+00    2.522456E+01
    4    3.291667E-01    1.594057E+00    4.287456E+00
    1    3.293333E-01    1.595277E+00    7.506837E+02
    2    3.293333E-01    1.595277E+00    1.456060E+02
    3    3.293333E-01    1.595277E+00    2.532826E+01
    4    3.293333E-01    1.595277E+00    4.305083E+00
    1    3.295000E-01    1.596498E+00    7.537648E+02
    2    3.295000E-01    1.596498E+00    1.462036E+02
    3    3.295000E-01    1.596498E+00    2.543222E+01
    4    3.295000E-01    1.596498E+00    4.322752E+00
    1    3.296667E-01    1.597719E+00    7.568534E+02
    2    3.296667E-01    1.597719E+00    1.468027E+02
    3    3.296667E-01    1.597719E+00    2.553643E+01
    4    3.296667E-01    1.597719E+00    4.340465E+00
    1    3.298333E-01    1.598940E+00    7.599496E+02
    2    3.298333E-01    1.598940E+00    1.474032E+02
    3    3.298333E-01    1.598940E+00    2.564090E+01
    4    3.298333E-01    1.598940E+00    4.358221E+00
    1    3.300000E-01    1.600162E+00    7.630532E+02
    2    3.300000E-01    1.600162E+00    1.480052E+02
    3    3.300000E-01    1.600162E+00    2.574561E+01
    4    3.300000E-01    1.600162E+00    4.376020E+00
    1    3.301667E-01    1.601384E+00    7.661643E+02
    2    3.301667E-01    1.601384E+00    1.486087E+02
    3    3.301667E-01    1.601384E+00    2.585058E+01
    4    3.301667E-01    1.601384E+00    4.393862E+00
    1    3.303333E-01    1.602607E+00    7.692829E+02
    2    3.303333E-01    1.602607E+00    1.492136E+02
    3    3.303333E-01    1.602607E+00    2.595581E+01
    4    3.303333E-01    1.602607E+00    4.411747E+00
    1    3.305000E-01    1.603830E+00    7.724091E+02
    2    3.305000E-01    1.603830E+00    1.498200E+02
    3    3.305000E-01    1.603830E+00    2.606129E+01
    4    3.305000E-01    1.603830E+00    4.429675E+00
    1    3.306667E-01    1.605053E+00    7.755428E+02
    2    3.306667E-01    1.605053E+00    1.504278E+02
    3    3.306667E-01    1.605053E+00    2.616702E+01
    4    3.306667E-01    1.605053E+00    4.447647E+00
    1    3.308333E-01    1.606278E+00    7.786841E+02
    2    3.308333E-01    1.606278E+00    1.510371E+02
    3    3.308333E-01    1.606278E+00    2.627301E+01
    4    3.308333E-01    1.606278E+00    4.465661E+00
    1    3.310000E-01    1.607502E+00    7.818329E+02
    2    3.310000E-01    1.607502E+00    1.516478E+02
    3    3.310000E-01    1.607502E+00    2.637925E+01
    4    3.310000E-01    1.607502E+00    4.483720E+00
    1    3.311667E-01    1.608727E+00    7.849893E+02
    2    3.311667E-01    1.608727E+00    1.522601E+02
    3    3.311667E-01    1.608727E+00    2.648574E+01
    4    3.311667E-01    1.608727E+00    4.501821E+00
    1    3.313333E-01    1.609953E+00    7.881532E+02
    2    3.313333E-01    1.609953E+00    1.528737E+02
    3    3.313333E-01    1.609953E+00    2.659250E+01
    4    3.313333E-01    1.609953E+00    4.519966E+00
    1    3.315000E-01    1.611179E+00    7.913247E+02
    2    3.315000E-01    1.611179E+00    1.534889E+02
    3    3.315000E-01    1.611179E+00    2.669950E+01
    4    3.315000E-01    1.611179E+00    4.538154E+00
    1    3.316667E-01    1.612405E+00    7.945038E+02
    2    3.316667E-01    1.612405E+00    1.541055E+02
    3    3.316667E-01    1.612405E+00    2.680677E+01
    4    3.316667E-01    1.612405E+00    4.556385E+00
    1    3.318333E-01    1.613632E+00    7.976904E+02
    2    3.318333E-01    1.613632E+00    1.547236E+02
    3    3.318333E-01    1.613632E+00    2.691428E+01
    4    3.318333E-01    1.613632E+00    4.574661E+00
    1    3.320000E-01    1.614859E+00    8.008847E+02
    2    3.320000E-01    1.614859E+00    1.553432E+02
    3    3.320000E-01    1.614859E+00    2.702206E+01
    4    3.320000E-01    1.614859E+00    4.592979E+00
    1    3.321667E-01    1.616087E+00    8.040866E+02
    2    3.321667E-01    1.616087E+00    1.559643E+02
    3    3.321667E-01    1.616087E+00    2.713009E+01
    4    3.321667E-01    1.616087E+00    4.611342E+00
    1    3.323333E-01    1.617316E+00    8.072960E+02
    2    3.323333E-01    1.617316E+00    1.565868E+02
    3    3.323333E-01    1.617316E+00    2.723838E+01
    4    3.323333E-01    1.617316E+00    4.629748E+00
    1    3.325000E-01    1.618544E+00    8.105131E+02
    2    3.325000E-01    1.618544E+00    1.572108E+02
    3    3.325000E-01    1.618544E+00    2.734692E+01
    4    3.325000E-01    1.618544E+00    4.648197E+00
    1    3.326667E-01    1.619774E+00    8.137378E+02
    2    3.326667E-01    1.619774E+00    1.578363E+02
    3    3.326667E-01    1.619774E+00    2.745573E+01
    4    3.326667E-01    1.619774E+00    4.666690E+00
    1    3.328333E-01    1.621003E+00    8.169702E+02
    2    3.328333E-01    1.621003E+00    1.584632E+02
    3    3.328333E-01    1.621003E+00    2.756479E+01
    4    3.328333E-01    1.621003E+00    4.685228E+00
    1    3.330000E-01    1.622234E+00    8.202101E+02
    2    3.330000E-01    1.622234E+00    1.590917E+02
    3    3.330000E-01    1.622234E+00    2.767410E+01
    4    3.330000E-01    1.622234E+00    4.703808E+00
    1    3.331667E-01    1.623464E+00    8.234578E+02
    2    3.331667E-01    1.623464E+00    1.597216E+02
    3    3.331667E-01    1.623464E+00    2.778368E+01
    4    3.331667E-01    1.623464E+00    4.722433E+00
    1    3.333333E-01    1.624695E+00    8.267130E+02
    2    3.333333E-01    1.624695E+00    1.603530E+02
    3    3.333333E-01    1.624695E+00    2.789351E+01
    4    3.333333E-01    1.624695E+00    4.741102E+00
    1    3.335000E-01    1.625927E+00    8.299759E+02
    2    3.335000E-01    1.625927E+00    1.609859E+02
    3    3.335000E-01    1.625927E+00    2.800361E+01
    4    3.335000E-01    1.625927E+00    4.759814E+00
    1    3.336667E-01    1.627159E+00    8.332465E+02
    2    3.336667E-01    1.627159E+00    1.616203E+02
    3    3.336667E-01    1.627159E+00    2.811396E+01
    4    3.336667E-01    1.627159E+00    4.778571E+00
    1    3.338333E-01    1.628391E+00    8.365248E+02
    2    3.338333E-01    1.628391E+00    1.622561E+02
    3    3.338333E-01    1.628391E+00    2.822457E+01
    4    3.338333E-01    1.628391E+00    4.797371E+00
    1    3.340000E-01    1.629624E+00    8.398108E+02
    2    3.340000E-01    1.629624E+00    1.628935E+02
    3    3.340000E-01    1.629624E+00    2.833543E+01
    4    3.340000E-01    1.629624E+00    4.816216E+00
    1    3.341667E-01    1.630858E+00    8.431044E+02
    2    3.341667E-01    1.630858E+00    1.635323E+02
    3    3.341667E-01    1.630858E+00    2.844656E+01
    4    3.341667E-01    1.630858E+00    4.835104E+00
    1    3.343333E-01    1.632092E+00    8.464057E+02
    2    3.343333E-01    1.632092E+00    1.641727E+02
    3    3.343333E-01    1.632092E+00    2.855795E+01
    4    3.343333E-01    1.632092E+00    4.854037E+00
    1    3.345000E-01    1.633326E+00    8.497148E+02
    2    3.345000E-01    1.633326E+00    1.648145E+02
    3    3.345000E-01    1.633326E+00    2.866960E+01
    4    3.345000E-01    1.633326E+00    4.873014E+00
    1    3.346667E-01    1.634561E+00    8.530315E+02
    2    3.346667E-01    1.634561E+00    1.654578E+02
    3    3.346667E-01    1.634561E+00    2.878151E+01
    4    3.346667E-01    1.634561E+00    4.892035E+00
    1    3.348333E-01    1.635796E+00    8.563560E+02
    2    3.348333E-01    1.635796E+00    1.661027E+02
    3    3.348333E-01    1.635796E+00    2.889367E+01
    4    3.348333E-01    1.635796E+00    4.911101E+00
    1    3.350000E-01    1.637032E+00    8.596882E+02
    2    3.350000E-01    1.637032E+00    1.667490E+02
    3    3.350000E-01    1.637032E+00    2.900610E+01
    4    3.350000E-01    1.637032E+00    4.930210E+00
    1    3.351667E-01    1.638268E+00    8.630281E+02
    2    3.351667E-01    1.638268E+00    1.673968E+02
    3    3.351667E-01    1.638268E+00    2.911879E+01
    4    3.351667E-01    1.638268E+00    4.949364E+00
    1    3.353333E-01    1.639505E+00    8.663758E+02
    2    3.353333E-01    1.639505E+00    1.680461E+02
    3    3.353333E-01    1.639505E+00    2.923174E+01
    4    3.353333E-01    1.639505E+00    4.968563E+00
    1    3.355000E-01    1.640742E+00    8.697312E+02
    2    3.355000E-01    1.640742E+00    1.686970E+02
    3    3.355000E-01    1.640742E+00    2.934496E+01
    4    3.355000E-01    1.640742E+00    4.987806E+00
    1    3.356667E-01    1.641980E+00    8.730943E+02
    2    3.356667E-01    1.641980E+00    1.693493E+02
    3    3.356667E-01    1.641980E+00    2.945843E+01
    4    3.356667E-01    1.641980E+00    5.007093E+00
    1    3.358333E-01    1.643218E+00    8.764652E+02
    2    3.358333E-01    1.643218E+00    1.700031E+02
    3    3.358333E-01    1.643218E+00    2.957217E+01
    4    3.358333E-01    1.643218E+00    5.026425E+00
    1    3.360000E-01    1.644457E+00    8.798439E+02
    2    3.360000E-01    1.644457E+00    1.706585E+02
    3    3.360000E-01    1.644457E+00    2.968616E+01
    4    3.360000E-01    1.644457E+00    5.045801E+00
    1    3.361667E-01    1.645696E+00    8.832304E+02
    2    3.361667E-01    1.645696E+00    1.713154E+02
    3    3.361667E-01    1.645696E+00    2.980043E+01
    4    3.361667E-01    1.645696E+00    5.065222E+00
    1    3.363333E-01    1.646935E+00    8.866247E+02
    2    3.363333E-01    1.646935E+00    1.719737E+02
    3    3.363333E-01    1.646935E+00    2.991495E+01
    4    3.363333E-01    1.646935E+00    5.084688E+00
    1    3.365000E-01    1.648175E+00    8.900267E+02
    2    3.365000E-01    1.648175E+00    1.726336E+02
    3    3.365000E-01    1.648175E+00    3.002973E+01
    4    3.365000E-01    1.648175E+00    5.104198E+00
    1    3.366667E-01    1.649416E+00    8.934365E+02
    2    3.366667E-01    1.649416E+00    1.732950E+02
    3    3.366667E-01    1.649416E+00    3.014478E+01
    4    3.366667E-01    1.649416E+00    5.123753E+00
    1    3.368333E-01    1.650656E+00    8.968542E+02
    2    3.368333E-01    1.650656E+00    1.739579E+02
    3    3.368333E-01    1.650656E+00    3.026010E+01
    4    3.368333E-01    1.650656E+00    5.143353E+00
    1    3.370000E-01    1.651898E+00    9.002797E+02
    2    3.370000E-01    1.651898E+00    1.746223E+02
    3    3.370000E-01    1.651898E+00    3.037567E+01
    4    3.370000E-01    1.651898E+00    5.162998E+00
    1    3.371667E-01    1.653140E+00    9.037129E+02
    2    3.371667E-01    1.653140E+00    1.752882E+02
    3    3.371667E-01    1.653140E+00    3.049151E+01
    4    3.371667E-01    1.653140E+00    5.182687E+00
    1    3.373333E-01    1.654382E+00    9.071540E+02
    2    3.373333E-01    1.654382E+00    1.759557E+02
    3    3.373333E-01    1.654382E+00    3.060761E+01
    4    3.373333E-01    1.654382E+00    5.202421E+00
    1    3.375000E-01    1.655625E+00    9.106030E+02
    2    3.375000E-01    1.655625E+00    1.766247E+02
    3    3.375000E-01    1.655625E+00    3.072398E+01
    4    3.375000E-01    1.655625E+00    5.222201E+00
    1    3.376667E-01    1.656868E+00    9.140598E+02
    2    3.376667E-01    1.656868E+00    1.772952E+02
    3    3.376667E-01    1.656868E+00    3.084062E+01
    4    3.376667E-01    1.656868E+00    5.242025E+00
    1    3.378333E-01    1.658112E+00    9.175244E+02
    2    3.378333E-01    1.658112E+00    1.779672E+02
    3    3.378333E-01    1.658112E+00    3.095751E+01
    4    3.378333E-01    1.658112E+00    5.261894E+00
    1    3.380000E-01    1.659356E+00    9.209969E+02
    2    3.380000E-01    1.659356E+00    1.786407E+02
    3    3.380000E-01    1.659356E+00    3.107468E+01
    4    3.380000E-01    1.659356E+00    5.281809E+00
    1    3.381667E-01    1.660601E+00    9.244773E+02
    2    3.381667E-01    1.660601E+00    1.793158E+02
    3    3.381667E-01    1.660601E+00    3.119210E+01
    4    3.381667E-01    1.660601E+00    5.301768E+00
    1    3.383333E-01    1.661846E+00    9.279655E+02
    2    3.383333E-01    1.661846E+00    1.799924E+02
    3    3.383333E-01    1.661846E+00    3.130980E+01
    4    3.383333E-01    1.661846E+00    5.321773E+00
    1    3.385000E-01    1.663091E+00    9.314616E+02
    2    3.385000E-01    1.663091E+00    1.806705E+02
    3    3.385000E-01    1.663091E+00    3.142776E+01
    4    3.385000E-01    1.663091E+00    5.341822E+00
    1    3.386667E-01    1.664337E+00    9.349656E+02
    2    3.386667E-01    1.664337E+00    1.813501E+02
    3    3.386667E-01    1.664337E+00    3.154598E+01
    4    3.386667E-01    1.664337E+00    5.361917E+00
    1    3.388333E-01    1.665584E+00    9.384775E+02
    2    3.388333E-01    1.665584E+00    1.820313E+02
    3    3.388333E-01    1.665584E+00    3.166448E+01
    4    3.388333E-01    1.665584E+00    5.382058E+00
    1    3.390000E-01    1.666831E+00    9.419973E+02
    2    3.390000E-01    1.666831E+00    1.827140E+02
    3    3.390000E-01    1.666831E+00    3.178324E+01
    4    3.390000E-01    1.666831E+00    5.402243E+00
    1    3.391667E-01    1.668078E+00    9.455250E+02
    2    3.391667E-01    1.668078E+00    1.833983E+02
    3    3.391667E-01    1.668078E+00    3.190226E+01
    4    3.391667E-01    1.668078E+00    5.422474E+00
    1    3.393333E-01    1.669326E+00    9.490606E+02
    2    3.393333E-01    1.669326E+00    1.840841E+02
    3    3.393333E-01    1.669326E+00    3.202155E+01
    4    3.393333E-01    1.669326E+00    5.442751E+00
    1    3.395000E-01    1.670575E+00    9.526041E+02
    2    3.395000E-01    1.670575E+00    1.847714E+02
    3    3.395000E-01    1.670575E+00    3.214111E+01
    4    3.395000E-01    1.670575E+00    5.463072E+00
    1    3.396667E-01    1.671823E+00    9.561556E+02
    2    3.396667E-01    1.671823E+00    1.854603E+02
    3    3.396667E-01    1.671823E+00    3.226094E+01
    4    3.396667E-01    1.671823E+00    5.483440E+00
    1    3.398333E-01    1.673073E+00    9.597150E+02
    2    3.398333E-01    1.673073E+00    1.861507E+02
    3    3.398333E-01    1.673073E+00    3.238104E+01
    4    3.398333E-01    1.673073E+00    5.503853E+00
    1    3.400000E-01    1.674322E+00    9.632824E+02
    2    3.400000E-01    1.674322E+00    1.868426E+02
    3    3.400000E-01    1.674322E+00    3.250140E+01
    4    3.400000E-01    1.674322E+00    5.524311E+00
    1    3.401667E-01    1.675573E+00    9.668577E+02
    2    3.401667E-01    1.675573E+00    1.875361E+02
    3    3.401667E-01    1.675573E+00    3.262203E+01
    4    3.401667E-01    1.675573E+00    5.544815E+00
    1    3.403333E-01    1.676823E+00    9.704410E+02
    2    3.403333E-01    1.676823E+00    1.882311E+02
    3    3.403333E-01    1.676823E+00    3.274293E+01
    4    3.403333E-01    1.676823E+00    5.565365E+00
    1    3.405000E-01    1.678075E+00    9.740322E+02
    2    3.405000E-01    1.678075E+00    1.889277E+02
    3    3.405000E-01    1.678075E+00    3.286410E+01
    4    3.405000E-01    1.678075E+00    5.585960E+00
    1    3.406667E-01    1.679326E+00    9.776314E+02
    2    3.406667E-01    1.679326E+00    1.896258E+02
    3    3.406667E-01    1.679326E+00    3.298554E+01
    4    3.406667E-01    1.679326E+00    5.606601E+00
    1    3.408333E-01    1.680578E+00    9.812386E+02
    2    3.408333E-01    1.680578E+00    1.903255E+02
    3    3.408333E-01    1.680578E+00    3.310725E+01
    4    3.408333E-01    1.680578E+00    5.627288E+00
    1    3.410000E-01    1.681831E+00    9.848538E+02
    2    3.410000E-01    1.681831E+00    1.910267E+02
    3    3.410000E-01    1.681831E+00    3.322923E+01
    4    3.410000E-01    1.681831E+00    5.648021E+00
    1    3.411667E-01    1.683084E+00    9.884770E+02
    2    3.411667E-01    1.683084E+00    1.917295E+02
    3    3.411667E-01    1.683084E+00    3.335147E+01
    4    3.411667E-01    1.683084E+00    5.668799E+00
    1    3.413333E-01    1.684338E+00    9.921082E+02
    2    3.413333E-01    1.684338E+00    1.924338E+02
    3    3.413333E-01    1.684338E+00    3.347399E+01
    4    3.413333E-01    1.684338E+00    5.689624E+00
    1    3.415000E-01    1.685591E+00    9.957474E+02
    2    3.415000E-01    1.685591E+00    1.931397E+02
    3    3.415000E-01    1.685591E+00    3.359678E+01
    4    3.415000E-01    1.685591E+00    5.710494E+00
    1    3.416667E-01    1.686846E+00    9.993946E+02
    2    3.416667E-01    1.686846E+00    1.938471E+02
    3    3.416667E-01    1.686846E+00    3.371984E+01
    4    3.416667E-01    1.686846E+00    5.731410E+00
    1    3.418333E-01    1.688101E+00    1.003050E+03
    2    3.418333E-01    1.688101E+00    1.945561E+02
    3    3.418333E-01    1.688101E+00    3.384317E+01
    4    3.418333E-01    1.688101E+00    5.752373E+00
    1    3.420000E-01    1.689356E+00    1.006713E+03
    2    3.420000E-01    1.689356E+00    1.952666E+02
    3    3.420000E-01    1.689356E+00    3.396677E+01
    4    3.420000E-01    1.689356E+00    5.773381E+00
    1    3.421667E-01    1.690612E+00    1.010385E+03
    2    3.421667E-01    1.690612E+00    1.959787E+02
    3    3.421667E-01    1.690612E+00    3.409064E+01
    4    3.421667E-01    1.690612E+00    5.794436E+00
    1    3.423333E-01    1.691868E+00    1.014064E+03
    2    3.423333E-01    1.691868E+00    1.966924E+02
    3    3.423333E-01    1.691868E+00    3.421478E+01
    4    3.423333E-01    1.691868E+00    5.815537E+00
    1    3.425000E-01    1.693125E+00    1.017751E+03
    2    3.425000E-01    1.693125E+00    1.974076E+02
    3    3.425000E-01    1.693125E+00    3.433920E+01
    4    3.425000E-01    1.693125E+00    5.836684E+00
    1    3.426667E-01    1.694382E+00    1.021447E+03
    2    3.426667E-01    1.694382E+00    1.981244E+02
    3    3.426667E-01    1.694382E+00    3.446388E+01
    4    3.426667E-01    1.694382E+00    5.857877E+00
    1    3.428333E-01    1.695640E+00    1.025150E+03
    2    3.428333E-01    1.695640E+00    1.988428E+02
    3    3.428333E-01    1.695640E+00    3.458884E+01
    4    3.428333E-01    1.695640E+00    5.879117E+00
    1    3.430000E-01    1.696898E+00    1.028862E+03
    2    3.430000E-01    1.696898E+00    1.995627E+02
    3    3.430000E-01    1.696898E+00    3.471408E+01
    4    3.430000E-01    1.696898E+00    5.900403E+00
    1    3.431667E-01    1.698157E+00    1.032582E+03
    2    3.431667E-01    1.698157E+00    2.002842E+02
    3    3.431667E-01    1.698157E+00    3.483958E+01
    4    3.431667E-01    1.698157E+00    5.921735E+00
    1    3.433333E-01    1.699416E+00    1.036310E+03
    2    3.433333E-01    1.699416E+00    2.010073E+02
    3    3.433333E-01    1.699416E+00    3.496536E+01
    4    3.433333E-01    1.699416E+00    5.943114E+00
    1    3.435000E-01    1.700676E+00    1.040046E+03
    2    3.435000E-01    1.700676E+00    2.017319E+02
    3    3.435000E-01    1.700676E+00    3.509141E+01
    4    3.435000E-01    1.700676E+00    5.964539E+00
    1    3.436667E-01    1.701936E+00    1.043790E+03
    2    3.436667E-01    1.701936E+00    2.024581E+02
    3    3.436667E-01    1.701936E+00    3.521774E+01
    4    3.436667E-01    1.701936E+00    5.986010E+00
    1    3.438333E-01    1.703196E+00    1.047542E+03
    2    3.438333E-01    1.703196E+00    2.031859E+02
    3    3.438333E-01    1.703196E+00    3.534433E+01
    4    3.438333E-01    1.703196E+00    6.007529E+00
    1    3.440000E-01    1.704457E+00    1.051302E+03
    2    3.440000E-01    1.704457E+00    2.039153E+02
    3    3.440000E-01    1.704457E+00    3.547121E+01
    4    3.440000E-01    1.704457E+00    6.029094E+00
    1    3.441667E-01    1.705719E+00    1.055071E+03
    2    3.441667E-01    1.705719E+00    2.046462E+02
    3    3.441667E-01    1.705719E+00    3.559836E+01
    4    3.441667E-01    1.705719E+00    6.050705E+00
    1    3.443333E-01    1.706981E+00    1.058847E+03
    2    3.443333E-01    1.706981E+00    2.053788E+02
    3    3.443333E-01    1.706981E+00    3.572578E+01
    4    3.443333E-01    1.706981E+00    6.072363E+00
    1    3.445000E-01    1.708243E+00    1.062632E+03
    2    3.445000E-01    1.708243E+00    2.061129E+02
    3    3.445000E-01    1.708243E+00    3.585348E+01
    4    3.445000E-01    1.708243E+00    6.094068E+00
    1    3.446667E-01    1.709506E+00    1.066425E+03
    2    3.446667E-01    1.709506E+00    2.068485E+02
    3    3.446667E-01    1.709506E+00    3.598145E+01
    4    3.446667E-01    1.709506E+00    6.115820E+00
    1    3.448333E-01    1.710769E+00    1.070226E+03
    2    3.448333E-01    1.710769E+00    2.075858E+02
    3    3.448333E-01    1.710769E+00    3.610970E+01
    4    3.448333E-01    1.710769E+00    6.137618E+00
    1    3.450000E-01    1.712033E+00    1.074035E+03
    2    3.450000E-01    1.712033E+00    2.083246E+02
    3    3.450000E-01    1.712033E+00    3.623822E+01
    4    3.450000E-01    1.712033E+00    6.159463E+00
    1    3.451667E-01    1.713297E+00    1.077852E+03
    2    3.451667E-01    1.713297E+00    2.090651E+02
    3    3.451667E-01    1.713297E+00    3.636702E+01
    4    3.451667E-01    1.713297E+00    6.181356E+00
    1    3.453333E-01    1.714562E+00    1.081678E+03
    2    3.453333E-01    1.714562E+00    2.098071E+02
    3    3.453333E-01    1.714562E+00    3.649609E+01
    4    3.453333E-01    1.714562E+00    6.203295E+00
    1    3.455000E-01    1.715827E+00    1.085512E+03
    2    3.455000E-01    1.715827E+00    2.105507E+02
    3    3.455000E-01    1.715827E+00    3.662544E+01
    4    3.455000E-01    1.715827E+00    6.225281E+00
    1    3.456667E-01    1.717093E+00    1.089354E+03
    2    3.456667E-01    1.717093E+00    2.112959E+02
    3    3.456667E-01    1.717093E+00    3.675507E+01
    4    3.456667E-01    1.717093E+00    6.247314E+00
    1    3.458333E-01    1.718359E+00    1.093204E+03
    2    3.458333E-01    1.718359E+00    2.120427E+02
    3    3.458333E-01    1.718359E+00    3.688498E+01
    4    3.458333E-01    1.718359E+00    6.269394E+00
    1    3.460000E-01    1.719625E+00    1.097062E+03
    2    3.460000E-01    1.719625E+00    2.127911E+02
    3    3.460000E-01    1.719625E+00    3.701516E+01
    4    3.460000E-01    1.719625E+00    6.291522E+00
    1    3.461667E-01    1.720892E+00    1.100929E+03
    2    3.461667E-01    1.720892E+00    2.135411E+02
    3    3.461667E-01    1.720892E+00    3.714562E+01
    4    3.461667E-01    1.720892E+00    6.313696E+00
    1    3.463333E-01    1.722160E+00    1.104803E+03
    2    3.463333E-01    1.722160E+00    2.142927E+02
    3    3.463333E-01    1.722160E+00    3.727636E+01
    4    3.463333E-01    1.722160E+00    6.335918E+00
    1    3.465000E-01    1.723428E+00    1.108687E+03
    2    3.465000E-01    1.723428E+00    2.150458E+02
    3    3.465000E-01    1.723428E+00    3.740737E+01
    4    3.465000E-01    1.723428E+00    6.358187E+00
    1    3.466667E-01    1.724696E+00    1.112578E+03
    2    3.466667E-01    1.724696E+00    2.158006E+02
    3    3.466667E-01    1.724696E+00    3.753867E+01
    4    3.466667E-01    1.724696E+00    6.380503E+00
    1    3.468333E-01    1.725965E+00    1.116477E+03
    2    3.468333E-01    1.725965E+00    2.165570E+02
    3    3.468333E-01    1.725965E+00    3.767024E+01
    4    3.468333E-01    1.725965E+00    6.402866E+00
    1    3.470000E-01    1.727235E+00    1.120385E+03
    2    3.470000E-01    1.727235E+00    2.173150E+02
    3    3.470000E-01    1.727235E+00    3.780209E+01
    4    3.470000E-01    1.727235E+00    6.425277E+00
    1    3.471667E-01    1.728504E+00    1.124301E+03
    2    3.471667E-01    1.728504E+00    2.180745E+02
    3    3.471667E-01    1.728504E+00    3.793422E+01
    4    3.471667E-01    1.728504E+00    6.447735E+00
    1    3.473333E-01    1.729775E+00    1.128226E+03
    2    3.473333E-01    1.729775E+00    2.188357E+02
    3    3.473333E-01    1.729775E+00    3.806663E+01
    4    3.473333E-01    1.729775E+00    6.470241E+00
    1    3.475000E-01    1.731045E+00    1.132158E+03
    2    3.475000E-01    1.731045E+00    2.195985E+02
    3    3.475000E-01    1.731045E+00    3.819932E+01
    4    3.475000E-01    1.731045E+00    6.492794E+00
    1    3.476667E-01    1.732317E+00    1.136099E+03
    2    3.476667E-01    1.732317E+00    2.203629E+02
    3    3.476667E-01    1.732317E+00    3.833229E+01
    4    3.476667E-01    1.732317E+00    6.515395E+00
    1    3.478333E-01    1.733588E+00    1.140048E+03
    2    3.478333E-01    1.733588E+00    2.211289E+02
    3    3.478333E-01    1.733588E+00    3.846553E+01
    4    3.478333E-01    1.733588E+00    6.538044E+00
    1    3.480000E-01    1.734861E+00    1.144006E+03
    2    3.480000E-01    1.734861E+00    2.218966E+02
    3    3.480000E-01    1.734861E+00    3.859906E+01
    4    3.480000E-01    1.734861E+00    6.560740E+00
    1    3.481667E-01    1.736133E+00    1.147972E+03
    2    3.481667E-01    1.736133E+00    2.226658E+02
    3    3.481667E-01    1.736133E+00    3.873287E+01
    4    3.481667E-01    1.736133E+00    6.583483E+00
    1    3.483333E-01    1.737406E+00    1.151946E+03
    2    3.483333E-01    1.737406E+00    2.234366E+02
    3    3.483333E-01    1.737406E+00    3.886696E+01
    4    3.483333E-01    1.737406E+00    6.606275E+00
    1    3.485000E-01    1.738680E+00    1.155929E+03
    2    3.485000E-01    1.738680E+00    2.242091E+02
    3    3.485000E-01    1.738680E+00    3.900133E+01
    4    3.485000E-01    1.738680E+00    6.629114E+00
    1    3.486667E-01    1.739954E+00    1.159919E+03
    2    3.486667E-01    1.739954E+00    2.249832E+02
    3    3.486667E-01    1.739954E+00    3.913598E+01
    4    3.486667E-01    1.739954E+00    6.652001E+00
    1    3.488333E-01    1.741229E+00    1.163919E+03
    2    3.488333E-01    1.741229E+00    2.257589E+02
    3    3.488333E-01    1.741229E+00    3.927092E+01
    4    3.488333E-01    1.741229E+00    6.674935E+00
    1    3.490000E-01    1.742503E+00    1.167926E+03
    2    3.490000E-01    1.742503E+00    2.265362E+02
    3    3.490000E-01    1.742503E+00    3.940613E+01
    4    3.490000E-01    1.742503E+00    6.697918E+00
    1    3.491667E-01    1.743779E+00    1.171942E+03
    2    3.491667E-01    1.743779E+00    2.273151E+02
    3    3.491667E-01    1.743779E+00    3.954163E+01
    4    3.491667E-01    1.743779E+00    6.720949E+00
    1    3.493333E-01    1.745055E+00    1.175966E+03
    2    3.493333E-01    1.745055E+00    2.280957E+02
    3    3.493333E-01    1.745055E+00    3.967741E+01
    4    3.493333E-01    1.745055E+00    6.744027E+00
    1    3.495000E-01    1.746331E+00    1.179999E+03
    2    3.495000E-01    1.746331E+00    2.288779E+02
    3    3.495000E-01    1.746331E+00    3.981347E+01
    4    3.495000E-01    1.746331E+00    6.767154E+00
    1    3.496667E-01    1.747608E+00    1.184040E+03
    2    3.496667E-01    1.747608E+00    2.296617E+02
    3    3.496667E-01    1.747608E+00    3.994981E+01
    4    3.496667E-01    1.747608E+00    6.790329E+00
    1    3.498333E-01    1.748885E+00    1.188089E+03
    2    3.498333E-01    1.748885E+00    2.304471E+02
    3    3.498333E-01    1.748885E+00    4.008644E+01
    4    3.498333E-01    1.748885E+00    6.813551E+00
    1    3.500000E-01    1.750163E+00    1.192147E+03
    2    3.500000E-01    1.750163E+00    2.312342E+02
    3    3.500000E-01    1.750163E+00    4.022335E+01
    4    3.500000E-01    1.750163E+00    6.836822E+00
    1    3.501667E-01    1.751441E+00    1.196213E+03
    2    3.501667E-01    1.751441E+00    2.320229E+02
    3    3.501667E-01    1.751441E+00    4.036054E+01
    4    3.501667E-01    1.751441E+00    6.860141E+00
    1    3.503333E-01    1.752720E+00    1.200288E+03
    2    3.503333E-01    1.752720E+00    2.328132E+02
    3    3.503333E-01    1.752720E+00    4.049802E+01
    4    3.503333E-01    1.752720E+00    6.883509E+00
    1    3.505000E-01    1.753999E+00    1.204371E+03
    2    3.505000E-01    1.753999E+00    2.336052E+02
    3    3.505000E-01    1.753999E+00    4.063578E+01
    4    3.505000E-01    1.753999E+00    6.906924E+00
    1    3.506667E-01    1.755279E+00    1.208462E+03
    2    3.506667E-01    1.755279E+00    2.343988E+02
    3    3.506667E-01    1.755279E+00    4.077383E+01
    4    3.506667E-01    1.755279E+00    6.930388E+00
    1    3.508333E-01    1.756559E+00    1.212562E+03
    2    3.508333E-01    1.756559E+00    2.351940E+02
    3    3.508333E-01    1.756559E+00    4.091216E+01
    4    3.508333E-01    1.756559E+00    6.953901E+00
    1    3.510000E-01    1.757840E+00    1.216670E+03
    2    3.510000E-01    1.757840E+00    2.359909E+02
    3    3.510000E-01    1.757840E+00    4.105078E+01
    4    3.510000E-01    1.757840E+00    6.977461E+00
    1    3.511667E-01    1.759121E+00    1.220787E+03
    2    3.511667E-01    1.759121E+00    2.367894E+02
    3    3.511667E-01    1.759121E+00    4.118968E+01
    4    3.511667E-01    1.759121E+00    7.001070E+00
    1    3.513333E-01    1.760402E+00    1.224912E+03
    2    3.513333E-01    1.760402E+00    2.375895E+02
    3    3.513333E-01    1.760402E+00    4.132886E+01
    4    3.513333E-01    1.760402E+00    7.024728E+00
    1    3.515000E-01    1.761684E+00    1.229046E+03
    2    3.515000E-01    1.761684E+00    2.383913E+02
    3    3.515000E-01    1.761684E+00    4.146834E+01
    4    3.515000E-01    1.761684E+00    7.048434E+00
    1    3.516667E-01    1.762967E+00    1.233188E+03
    2    3.516667E-01    1.762967E+00    2.391947E+02
    3    3.516667E-01    1.762967E+00    4.160809E+01
    4    3.516667E-01    1.762967E+00    7.072189E+00
    1    3.518333E-01    1.764249E+00    1.237339E+03
    2    3.518333E-01    1.764249E+00    2.399998E+02
    3    3.518333E-01    1.764249E+00    4.174814E+01
    4    3.518333E-01    1.764249E+00    7.095992E+00
    1    3.520000E-01    1.765533E+00    1.241498E+03
    2    3.520000E-01    1.765533E+00    2.408065E+02
    3    3.520000E-01    1.765533E+00    4.188847E+01
    4    3.520000E-01    1.765533E+00    7.119845E+00
    1    3.521667E-01    1.766817E+00    1.245666E+03
    2    3.521667E-01    1.766817E+00    2.416149E+02
    3    3.521667E-01    1.766817E+00    4.202908E+01
    4    3.521667E-01    1.766817E+00    7.143745E+00
    1    3.523333E-01    1.768101E+00    1.249842E+03
    2    3.523333E-01    1.768101E+00    2.424249E+02
    3    3.523333E-01    1.768101E+00    4.216999E+01
    4    3.523333E-01    1.768101E+00    7.167695E+00
    1    3.525000E-01    1.769386E+00    1.254026E+03
    2    3.525000E-01    1.769386E+00    2.432366E+02
    3    3.525000E-01    1.769386E+00    4.231118E+01
    4    3.525000E-01    1.769386E+00    7.191693E+00
    1    3.526667E-01    1.770671E+00    1.258219E+03
    2    3.526667E-01    1.770671E+00    2.440499E+02
    3    3.526667E-01    1.770671E+00    4.245266E+01
    4    3.526667E-01    1.770671E+00    7.215740E+00
    1    3.528333E-01    1.771957E+00    1.262421E+03
    2    3.528333E-01    1.771957E+00    2.448649E+02
    3    3.528333E-01    1.771957E+00    4.259442E+01
    4    3.528333E-01    1.771957E+00    7.239837E+00
    1    3.530000E-01    1.773243E+00    1.266631E+03
    2    3.530000E-01    1.773243E+00    2.456815E+02
    3    3.530000E-01    1.773243E+00    4.273647E+01
    4    3.530000E-01    1.773243E+00    7.263982E+00
    1    3.531667E-01    1.774530E+00    1.270850E+03
    2    3.531667E-01    1.774530E+00    2.464998E+02
    3    3.531667E-01    1.774530E+00    4.287882E+01
    4    3.531667E-01    1.774530E+00    7.288176E+00
    1    3.533333E-01    1.775817E+00    1.275077E+03
    2    3.533333E-01    1.775817E+00    2.473198E+02
    3    3.533333E-01    1.775817E+00    4.302145E+01
    4    3.533333E-01    1.775817E+00    7.312419E+00
    1    3.535000E-01    1.777104E+00    1.279313E+03
    2    3.535000E-01    1.777104E+00    2.481414E+02
    3    3.535000E-01    1.777104E+00    4.316436E+01
    4    3.535000E-01    1.777104E+00    7.336711E+00
    1    3.536667E-01    1.778392E+00    1.283558E+03
    2    3.536667E-01    1.778392E+00    2.489646E+02
    3    3.536667E-01    1.778392E+00    4.330757E+01
    4    3.536667E-01    1.778392E+00    7.361052E+00
    1    3.538333E-01    1.779681E+00    1.287811E+03
    2    3.538333E-01    1.779681E+00    2.497896E+02
    3    3.538333E-01    1.779681E+00    4.345107E+01
    4    3.538333E-01    1.779681E+00    7.385442E+00
    1    3.540000E-01    1.780970E+00    1.292072E+03
    2    3.540000E-01    1.780970E+00    2.506161E+02
    3    3.540000E-01    1.780970E+00    4.359485E+01
    4    3.540000E-01    1.780970E+00    7.409882E+00
    1    3.541667E-01    1.782259E+00    1.296342E+03
    2    3.541667E-01    1.782259E+00    2.514444E+02
    3    3.541667E-01    1.782259E+00    4.373893E+01
    4    3.541667E-01    1.782259E+00    7.434371E+00
    1    3.543333E-01    1.783549E+00    1.300621E+03
    2    3.543333E-01    1.783549E+00    2.522743E+02
    3    3.543333E-01    1.783549E+00    4.388330E+01
    4    3.543333E-01    1.783549E+00    7.458909E+00
    1    3.545000E-01    1.784839E+00    1.304908E+03
    2    3.545000E-01    1.784839E+00    2.531059E+02
    3    3.545000E-01    1.784839E+00    4.402795E+01
    4    3.545000E-01    1.784839E+00    7.483496E+00
    1    3.546667E-01    1.786130E+00    1.309204E+03
    2    3.546667E-01    1.786130E+00    2.539392E+02
    3    3.546667E-01    1.786130E+00    4.417290E+01
    4    3.546667E-01    1.786130E+00    7.508133E+00
    1    3.548333E-01    1.787422E+00    1.313509E+03
    2    3.548333E-01    1.787422E+00    2.547741E+02
    3    3.548333E-01    1.787422E+00    4.431814E+01
    4    3.548333E-01    1.787422E+00    7.532819E+00
    1    3.550000E-01    1.788713E+00    1.317822E+03
    2    3.550000E-01    1.788713E+00    2.556107E+02
    3    3.550000E-01    1.788713E+00    4.446366E+01
    4    3.550000E-01    1.788713E+00    7.557555E+00
    1    3.551667E-01    1.790006E+00    1.322144E+03
    2    3.551667E-01    1.790006E+00    2.564490E+02
    3    3.551667E-01    1.790006E+00    4.460948E+01
    4    3.551667E-01    1.790006E+00    7.582340E+00
    1    3.553333E-01    1.791298E+00    1.326474E+03
    2    3.553333E-01    1.791298E+00    2.572890E+02
    3    3.553333E-01    1.791298E+00    4.475559E+01
    4    3.553333E-01    1.791298E+00    7.607174E+00
    1    3.555000E-01    1.792592E+00    1.330814E+03
    2    3.555000E-01    1.792592E+00    2.581306E+02
    3    3.555000E-01    1.792592E+00    4.490200E+01
    4    3.555000E-01    1.792592E+00    7.632059E+00
    1    3.556667E-01    1.793885E+00    1.335161E+03
    2    3.556667E-01    1.793885E+00    2.589739E+02
    3    3.556667E-01    1.793885E+00    4.504869E+01
    4    3.556667E-01    1.793885E+00    7.656993E+00
    1    3.558333E-01    1.795179E+00    1.339518E+03
    2    3.558333E-01    1.795179E+00    2.598189E+02
    3    3.558333E-01    1.795179E+00    4.519568E+01
    4    3.558333E-01    1.795179E+00    7.681976E+00
    1    3.560000E-01    1.796474E+00    1.343883E+03
    2    3.560000E-01    1.796474E+00    2.606656E+02
    3    3.560000E-01    1.796474E+00    4.534296E+01
    4    3.560000E-01    1.796474E+00    7.707009E+00
    1    3.561667E-01    1.797769E+00    1.348257E+03
    2    3.561667E-01    1.797769E+00    2.615139E+02
    3    3.561667E-01    1.797769E+00    4.549053E+01
    4    3.561667E-01    1.797769E+00    7.732093E+00
    1    3.563333E-01    1.799064E+00    1.352639E+03
    2    3.563333E-01    1.799064E+00    2.623640E+02
    3    3.563333E-01    1.799064E+00    4.563840E+01
    4    3.563333E-01    1.799064E+00    7.757225E+00
    1    3.565000E-01    1.800360E+00    1.357030E+03
    2    3.565000E-01    1.800360E+00    2.632157E+02
    3    3.565000E-01    1.800360E+00    4.578655E+01
    4    3.565000E-01    1.800360E+00    7.782408E+00
    1    3.566667E-01    1.801657E+00    1.361430E+03
    2    3.566667E-01    1.801657E+00    2.640691E+02
    3    3.566667E-01    1.801657E+00    4.593501E+01
    4    3.566667E-01    1.801657E+00    7.807641E+00
    1    3.568333E-01    1.802954E+00    1.365839E+03
    2    3.568333E-01    1.802954E+00    2.649242E+02
    3    3.568333E-01    1.802954E+00    4.608375E+01
    4    3.568333E-01    1.802954E+00    7.832923E+00
    1    3.570000E-01    1.804251E+00    1.370256E+03
    2    3.570000E-01    1.804251E+00    2.657810E+02
    3    3.570000E-01    1.804251E+00    4.623279E+01
    4    3.570000E-01    1.804251E+00    7.858256E+00
    1    3.571667E-01    1.805549E+00    1.374682E+03
    2    3.571667E-01    1.805549E+00    2.666395E+02
    3    3.571667E-01    1.805549E+00    4.638213E+01
    4    3.571667E-01    1.805549E+00    7.883639E+00
    1    3.573333E-01    1.806847E+00    1.379117E+03
    2    3.573333E-01    1.806847E+00    2.674997E+02
    3    3.573333E-01    1.806847E+00    4.653176E+01
    4    3.573333E-01    1.806847E+00    7.909071E+00
    1    3.575000E-01    1.808146E+00    1.383560E+03
    2    3.575000E-01    1.808146E+00    2.683616E+02
    3    3.575000E-01    1.808146E+00    4.668168E+01
    4    3.575000E-01    1.808146E+00    7.934554E+00
    1    3.576667E-01    1.809445E+00    1.388012E+03
    2    3.576667E-01    1.809445E+00    2.692251E+02
    3    3.576667E-01    1.809445E+00    4.683190E+01
    4    3.576667E-01    1.809445E+00    7.960087E+00
    1    3.578333E-01    1.810745E+00    1.392473E+03
    2    3.578333E-01    1.810745E+00    2.700904E+02
    3    3.578333E-01    1.810745E+00    4.698241E+01
    4    3.578333E-01    1.810745E+00    7.985670E+00
    1    3.580000E-01    1.812045E+00    1.396943E+03
    2    3.580000E-01    1.812045E+00    2.709574E+02
    3    3.580000E-01    1.812045E+00    4.713322E+01
    4    3.580000E-01    1.812045E+00    8.011304E+00
    1    3.581667E-01    1.813346E+00    1.401422E+03
    2    3.581667E-01    1.813346E+00    2.718260E+02
    3    3.581667E-01    1.813346E+00    4.728433E+01
    4    3.581667E-01    1.813346E+00    8.036987E+00
    1    3.583333E-01    1.814647E+00    1.405909E+03
    2    3.583333E-01    1.814647E+00    2.726964E+02
    3    3.583333E-01    1.814647E+00    4.743573E+01
    4    3.583333E-01    1.814647E+00    8.062721E+00
    1    3.585000E-01    1.815948E+00    1.410405E+03
    2    3.585000E-01    1.815948E+00    2.735685E+02
    3    3.585000E-01    1.815948E+00    4.758743E+01
    4    3.585000E-01    1.815948E+00    8.088506E+00
    1    3.586667E-01    1.817251E+00    1.414910E+03
    2    3.586667E-01    1.817251E+00    2.744423E+02
    3    3.586667E-01    1.817251E+00    4.773943E+01
    4    3.586667E-01    1.817251E+00    8.114341E+00
    1    3.588333E-01    1.818553E+00    1.419423E+03
    2    3.588333E-01    1.818553E+00    2.753178E+02
    3    3.588333E-01    1.818553E+00    4.789172E+01
    4    3.588333E-01    1.818553E+00    8.140226E+00
    1    3.590000E-01    1.819856E+00    1.423946E+03
    2    3.590000E-01    1.819856E+00    2.761950E+02
    3    3.590000E-01    1.819856E+00    4.804431E+01
    4    3.590000E-01    1.819856E+00    8.166162E+00
    1    3.591667E-01    1.821159E+00    1.428477E+03
    2    3.591667E-01    1.821159E+00    2.770739E+02
    3    3.591667E-01    1.821159E+00    4.819720E+01
    4    3.591667E-01    1.821159E+00    8.192148E+00
    1    3.593333E-01    1.822463E+00    1.433017E+03
    2    3.593333E-01    1.822463E+00    2.779545E+02
    3    3.593333E-01    1.822463E+00    4.835038E+01
    4    3.593333E-01    1.822463E+00    8.218185E+00
    1    3.595000E-01    1.823768E+00    1.437566E+03
    2    3.595000E-01    1.823768E+00    2.788368E+02
    3    3.595000E-01    1.823768E+00    4.850386E+01
    4    3.595000E-01    1.823768E+00    8.244273E+00
    1    3.596667E-01    1.825073E+00    1.442124E+03
    2    3.596667E-01    1.825073E+00    2.797209E+02
    3    3.596667E-01    1.825073E+00    4.865764E+01
    4    3.596667E-01    1.825073E+00    8.270411E+00
    1    3.598333E-01    1.826378E+00    1.446691E+03
    2    3.598333E-01    1.826378E+00    2.806067E+02
    3    3.598333E-01    1.826378E+00    4.881172E+01
    4    3.598333E-01    1.826378E+00    8.296601E+00
    1    3.600000E-01    1.827684E+00    1.451266E+03
    2    3.600000E-01    1.827684E+00    2.814941E+02
    3    3.600000E-01    1.827684E+00    4.896610E+01
    4    3.600000E-01    1.827684E+00    8.322840E+00
    1    3.601667E-01    1.828990E+00    1.455851E+03
    2    3.601667E-01    1.828990E+00    2.823833E+02
    3    3.601667E-01    1.828990E+00    4.912078E+01
    4    3.601667E-01    1.828990E+00    8.349131E+00
    1    3.603333E-01    1.830297E+00    1.460444E+03
    2    3.603333E-01    1.830297E+00    2.832743E+02
    3    3.603333E-01    1.830297E+00    4.927576E+01
    4    3.603333E-01    1.830297E+00    8.375473E+00
    1    3.605000E-01    1.831604E+00    1.465046E+03
    2    3.605000E-01    1.831604E+00    2.841669E+02
    3    3.605000E-01    1.831604E+00    4.943103E+01
    4    3.605000E-01    1.831604E+00    8.401865E+00
    1    3.606667E-01    1.832911E+00    1.469657E+03
    2    3.606667E-01    1.832911E+00    2.850613E+02
    3    3.606667E-01    1.832911E+00    4.958661E+01
    4    3.606667E-01    1.832911E+00    8.428309E+00
    1    3.608333E-01    1.834219E+00    1.474277E+03
    2    3.608333E-01    1.834219E+00    2.859574E+02
    3    3.608333E-01    1.834219E+00    4.974248E+01
    4    3.608333E-01    1.834219E+00    8.454803E+00
    1    3.610000E-01    1.835528E+00    1.478906E+03
    2    3.610000E-01    1.835528E+00    2.868552E+02
    3    3.610000E-01    1.835528E+00    4.989866E+01
    4    3.610000E-01    1.835528E+00    8.481349E+00
    1    3.611667E-01    1.836837E+00    1.483543E+03
    2    3.611667E-01    1.836837E+00    2.877547E+02
    3    3.611667E-01    1.836837E+00    5.005514E+01
    4    3.611667E-01    1.836837E+00    8.507945E+00
    1    3.613333E-01    1.838147E+00    1.488190E+03
    2    3.613333E-01    1.838147E+00    2.886560E+02
    3    3.613333E-01    1.838147E+00    5.021192E+01
    4    3.613333E-01    1.838147E+00    8.534593E+00
    1    3.615000E-01    1.839457E+00    1.492845E+03
    2    3.615000E-01    1.839457E+00    2.895590E+02
    3    3.615000E-01    1.839457E+00    5.036899E+01
    4    3.615000E-01    1.839457E+00    8.561292E+00
    1    3.616667E-01    1.840767E+00    1.497510E+03
    2    3.616667E-01    1.840767E+00    2.904638E+02
    3    3.616667E-01    1.840767E+00    5.052637E+01
    4    3.616667E-01    1.840767E+00    8.588042E+00
    1    3.618333E-01    1.842078E+00    1.502183E+03
    2    3.618333E-01    1.842078E+00    2.913702E+02
    3    3.618333E-01    1.842078E+00    5.068406E+01
    4    3.618333E-01    1.842078E+00    8.614844E+00
    1    3.620000E-01    1.843389E+00    1.506866E+03
    2    3.620000E-01    1.843389E+00    2.922784E+02
    3    3.620000E-01    1.843389E+00    5.084204E+01
    4    3.620000E-01    1.843389E+00    8.641697E+00
    1    3.621667E-01    1.844701E+00    1.511557E+03
    2    3.621667E-01    1.844701E+00    2.931884E+02
    3    3.621667E-01    1.844701E+00    5.100033E+01
    4    3.621667E-01    1.844701E+00    8.668601E+00
    1    3.623333E-01    1.846013E+00    1.516257E+03
    2    3.623333E-01    1.846013E+00    2.941001E+02
    3    3.623333E-01    1.846013E+00    5.115892E+01
    4    3.623333E-01    1.846013E+00    8.695556E+00
    1    3.625000E-01    1.847326E+00    1.520966E+03
    2    3.625000E-01    1.847326E+00    2.950135E+02
    3    3.625000E-01    1.847326E+00    5.131781E+01
    4    3.625000E-01    1.847326E+00    8.722563E+00
    1    3.626667E-01    1.848639E+00    1.525685E+03
    2    3.626667E-01    1.848639E+00    2.959287E+02
    3    3.626667E-01    1.848639E+00    5.147700E+01
    4    3.626667E-01    1.848639E+00    8.749622E+00
    1    3.628333E-01    1.849953E+00    1.530412E+03
    2    3.628333E-01    1.849953E+00    2.968456E+02
    3    3.628333E-01    1.849953E+00    5.163650E+01
    4    3.628333E-01    1.849953E+00    8.776732E+00
    1    3.630000E-01    1.851267E+00    1.535148E+03
    2    3.630000E-01    1.851267E+00    2.977643E+02
    3    3.630000E-01    1.851267E+00    5.179630E+01
    4    3.630000E-01    1.851267E+00    8.803894E+00
    1    3.631667E-01    1.852582E+00    1.539893E+03
    2    3.631667E-01    1.852582E+00    2.986847E+02
    3    3.631667E-01    1.852582E+00    5.195640E+01
    4    3.631667E-01    1.852582E+00    8.831107E+00
    1    3.633333E-01    1.853897E+00    1.544648E+03
    2    3.633333E-01    1.853897E+00    2.996068E+02
    3    3.633333E-01    1.853897E+00    5.211681E+01
    4    3.633333E-01    1.853897E+00    8.858372E+00
    1    3.635000E-01    1.855213E+00    1.549411E+03
    2    3.635000E-01    1.855213E+00    3.005307E+02
    3    3.635000E-01    1.855213E+00    5.227753E+01
    4    3.635000E-01    1.855213E+00    8.885688E+00
    1    3.636667E-01    1.856529E+00    1.554183E+03
    2    3.636667E-01    1.856529E+00    3.014564E+02
    3    3.636667E-01    1.856529E+00    5.243854E+01
    4    3.636667E-01    1.856529E+00    8.913057E+00
    1    3.638333E-01    1.857845E+00    1.558964E+03
    2    3.638333E-01    1.857845E+00    3.023838E+02
    3    3.638333E-01    1.857845E+00    5.259987E+01
    4    3.638333E-01    1.857845E+00    8.940477E+00
    1    3.640000E-01    1.859162E+00    1.563755E+03
    2    3.640000E-01    1.859162E+00    3.033129E+02
    3    3.640000E-01    1.859162E+00    5.276149E+01
    4    3.640000E-01    1.859162E+00    8.967949E+00
    1    3.641667E-01    1.860480E+00    1.568554E+03
    2    3.641667E-01    1.860480E+00    3.042438E+02
    3    3.641667E-01    1.860480E+00    5.292343E+01
    4    3.641667E-01    1.860480E+00    8.995473E+00
    1    3.643333E-01    1.861798E+00    1.573363E+03
    2    3.643333E-01    1.861798E+00    3.051765E+02
    3    3.643333E-01    1.861798E+00    5.308567E+01
    4    3.643333E-01    1.861798E+00    9.023049E+00
    1    3.645000E-01    1.863116E+00    1.578180E+03
    2    3.645000E-01    1.863116E+00    3.061109E+02
    3    3.645000E-01    1.863116E+00    5.324821E+01
    4    3.645000E-01    1.863116E+00    9.050677E+00
    1    3.646667E-01    1.864435E+00    1.583007E+03
    2    3.646667E-01    1.864435E+00    3.070471E+02
    3    3.646667E-01    1.864435E+00    5.341106E+01
    4    3.646667E-01    1.864435E+00    9.078357E+00
    1    3.648333E-01    1.865754E+00    1.587842E+03
    2    3.648333E-01    1.865754E+00    3.079851E+02
    3    3.648333E-01    1.865754E+00    5.357422E+01
    4    3.648333E-01    1.865754E+00    9.106089E+00
    1    3.650000E-01    1.867074E+00    1.592687E+03
    2    3.650000E-01    1.867074E+00    3.089248E+02
    3    3.650000E-01    1.867074E+00    5.373768E+01
    4    3.650000E-01    1.867074E+00    9.133873E+00
    1    3.651667E-01    1.868394E+00    1.597541E+03
    2    3.651667E-01    1.868394E+00    3.098663E+02
    3    3.651667E-01    1.868394E+00    5.390145E+01
    4    3.651667E-01    1.868394E+00    9.161709E+00
    1    3.653333E-01    1.869715E+00    1.602404E+03
    2    3.653333E-01    1.869715E+00    3.108095E+02
    3    3.653333E-01    1.869715E+00    5.406553E+01
    4    3.653333E-01    1.869715E+00    9.189598E+00
    1    3.655000E-01    1.871036E+00    1.607276E+03
    2    3.655000E-01    1.871036E+00    3.117545E+02
    3    3.655000E-01    1.871036E+00    5.422992E+01
    4    3.655000E-01    1.871036E+00    9.217539E+00
    1    3.656667E-01    1.872358E+00    1.612157E+03
    2    3.656667E-01    1.872358E+00    3.127013E+02
    3    3.656667E-01    1.872358E+00    5.439461E+01
    4    3.656667E-01    1.872358E+00    9.245532E+00
    1    3.658333E-01    1.873680E+00    1.617048E+03
    2    3.658333E-01    1.873680E+00    3.136498E+02
    3    3.658333E-01    1.873680E+00    5.455961E+01
    4    3.658333E-01    1.873680E+00    9.273577E+00
    1    3.660000E-01    1.875002E+00    1.621947E+03
    2    3.660000E-01    1.875002E+00    3.146002E+02
    3    3.660000E-01    1.875002E+00    5.472492E+01
    4    3.660000E-01    1.875002E+00    9.301675E+00
    1    3.661667E-01    1.876325E+00    1.626856E+03
    2    3.661667E-01    1.876325E+00    3.155523E+02
    3    3.661667E-01    1.876325E+00    5.489054E+01
    4    3.661667E-01    1.876325E+00    9.329825E+00
    1    3.663333E-01    1.877649E+00    1.631773E+03
    2    3.663333E-01    1.877649E+00    3.165061E+02
    3    3.663333E-01    1.877649E+00    5.505646E+01
    4    3.663333E-01    1.877649E+00    9.358028E+00
    1    3.665000E-01    1.878973E+00    1.636700E+03
    2    3.665000E-01    1.878973E+00    3.174618E+02
    3    3.665000E-01    1.878973E+00    5.522270E+01
    4    3.665000E-01    1.878973E+00    9.386283E+00
    1    3.666667E-01    1.880297E+00    1.641636E+03
    2    3.666667E-01    1.880297E+00    3.184192E+02
    3    3.666667E-01    1.880297E+00    5.538924E+01
    4    3.666667E-01    1.880297E+00    9.414591E+00
    1    3.668333E-01    1.881622E+00    1.646582E+03
    2    3.668333E-01    1.881622E+00    3.193784E+02
    3    3.668333E-01    1.881622E+00    5.555610E+01
    4    3.668333E-01    1.881622E+00    9.442952E+00
    1    3.670000E-01    1.882947E+00    1.651536E+03
    2    3.670000E-01    1.882947E+00    3.203394E+02
    3    3.670000E-01    1.882947E+00    5.572326E+01
    4    3.670000E-01    1.882947E+00    9.471365E+00
    1    3.671667E-01    1.884273E+00    1.656500E+03
    2    3.671667E-01    1.884273E+00    3.213022E+02
    3    3.671667E-01    1.884273E+00    5.589073E+01
    4    3.671667E-01    1.884273E+00    9.499831E+00
    1    3.673333E-01    1.885600E+00    1.661473E+03
    2    3.673333E-01    1.885600E+00    3.222667E+02
    3    3.673333E-01    1.885600E+00    5.605852E+01
    4    3.673333E-01    1.885600E+00    9.528349E+00
    1    3.675000E-01    1.886926E+00    1.666455E+03
    2    3.675000E-01    1.886926E+00    3.232330E+02
    3    3.675000E-01    1.886926E+00    5.622661E+01
    4    3.675000E-01    1.886926E+00    9.556921E+00
    1    3.676667E-01    1.888254E+00    1.671446E+03
    2    3.676667E-01    1.888254E+00    3.242012E+02
    3    3.676667E-01    1.888254E+00    5.639502E+01
    4    3.676667E-01    1.888254E+00    9.585545E+00
    1    3.678333E-01    1.889581E+00    1.676446E+03
    2    3.678333E-01    1.889581E+00    3.251711E+02
    3    3.678333E-01    1.889581E+00    5.656374E+01
    4    3.678333E-01    1.889581E+00    9.614222E+00
    1    3.680000E-01    1.890909E+00    1.681456E+03
    2    3.680000E-01    1.890909E+00    3.261428E+02
    3    3.680000E-01    1.890909E+00    5.673277E+01
    4    3.680000E-01    1.890909E+00    9.642952E+00
    1    3.681667E-01    1.892238E+00    1.686475E+03
    2    3.681667E-01    1.892238E+00    3.271163E+02
    3    3.681667E-01    1.892238E+00    5.690211E+01
    4    3.681667E-01    1.892238E+00    9.671735E+00
    1    3.683333E-01    1.893567E+00    1.691503E+03
    2    3.683333E-01    1.893567E+00    3.280916E+02
    3    3.683333E-01    1.893567E+00    5.707176E+01
    4    3.683333E-01    1.893567E+00    9.700571E+00
    1    3.685000E-01    1.894897E+00    1.696541E+03
    2    3.685000E-01    1.894897E+00    3.290687E+02
    3    3.685000E-01    1.894897E+00    5.724172E+01
    4    3.685000E-01    1.894897E+00    9.729460E+00
    1    3.686667E-01    1.896227E+00    1.701587E+03
    2    3.686667E-01    1.896227E+00    3.300475E+02
    3    3.686667E-01    1.896227E+00    5.741200E+01
    4    3.686667E-01    1.896227E+00    9.758403E+00
    1    3.688333E-01    1.897557E+00    1.706643E+03
    2    3.688333E-01    1.897557E+00    3.310282E+02
    3    3.688333E-01    1.897557E+00    5.758259E+01
    4    3.688333E-01    1.897557E+00    9.787398E+00
    1    3.690000E-01    1.898888E+00    1.711709E+03
    2    3.690000E-01    1.898888E+00    3.320107E+02
    3    3.690000E-01    1.898888E+00    5.775349E+01
    4    3.690000E-01    1.898888E+00    9.816447E+00
    1    3.691667E-01    1.900220E+00    1.716783E+03
    2    3.691667E-01    1.900220E+00    3.329950E+02
    3    3.691667E-01    1.900220E+00    5.792471E+01
    4    3.691667E-01    1.900220E+00    9.845548E+00
    1    3.693333E-01    1.901552E+00    1.721867E+03
    2    3.693333E-01    1.901552E+00    3.339811E+02
    3    3.693333E-01    1.901552E+00    5.809624E+01
    4    3.693333E-01    1.901552E+00    9.874704E+00
    1    3.695000E-01    1.902884E+00    1.726960E+03
    2    3.695000E-01    1.902884E+00    3.349689E+02
    3    3.695000E-01    1.902884E+00    5.826808E+01
    4    3.695000E-01    1.902884E+00    9.903912E+00
    1    3.696667E-01    1.904217E+00    1.732062E+03
    2    3.696667E-01    1.904217E+00    3.359586E+02
    3    3.696667E-01    1.904217E+00    5.844024E+01
    4    3.696667E-01    1.904217E+00    9.933174E+00
    1    3.698333E-01    1.905550E+00    1.737174E+03
    2    3.698333E-01    1.905550E+00    3.369501E+02
    3    3.698333E-01    1.905550E+00    5.861271E+01
    4    3.698333E-01    1.905550E+00    9.962489E+00
    1    3.700000E-01    1.906884E+00    1.742295E+03
    2    3.700000E-01    1.906884E+00    3.379434E+02
    3    3.700000E-01    1.906884E+00    5.878550E+01
    4    3.700000E-01    1.906884E+00    9.991858E+00
    1    3.701667E-01    1.908218E+00    1.747426E+03
    2    3.701667E-01    1.908218E+00    3.389386E+02
    3    3.701667E-01    1.908218E+00    5.895860E+01
    4    3.701667E-01    1.908218E+00    1.002128E+01
    1    3.703333E-01    1.909553E+00    1.752565E+03
    2    3.703333E-01    1.909553E+00    3.399355E+02
    3    3.703333E-01    1.909553E+00    5.913202E+01
    4    3.703333E-01    1.909553E+00    1.005076E+01
    1    3.705000E-01    1.910888E+00    1.757715E+03
    2    3.705000E-01    1.910888E+00    3.409342E+02
    3    3.705000E-01    1.910888E+00    5.930575E+01
    4    3.705000E-01    1.910888E+00    1.008029E+01
    1    3.706667E-01    1.912224E+00    1.762873E+03
    2    3.706667E-01    1.912224E+00    3.419348E+02
    3    3.706667E-01    1.912224E+00    5.947980E+01
    4    3.706667E-01    1.912224E+00    1.010987E+01
    1    3.708333E-01    1.913560E+00    1.768041E+03
    2    3.708333E-01    1.913560E+00    3.429372E+02
    3    3.708333E-01    1.913560E+00    5.965416E+01
    4    3.708333E-01    1.913560E+00    1.013951E+01
    1    3.710000E-01    1.914896E+00    1.773218E+03
    2    3.710000E-01    1.914896E+00    3.439414E+02
    3    3.710000E-01    1.914896E+00    5.982884E+01
    4    3.710000E-01    1.914896E+00    1.016920E+01
    1    3.711667E-01    1.916233E+00    1.778405E+03
    2    3.711667E-01    1.916233E+00    3.449474E+02
    3    3.711667E-01    1.916233E+00    6.000384E+01
    4    3.711667E-01    1.916233E+00    1.019894E+01
    1    3.713333E-01    1.917571E+00    1.783601E+03
    2    3.713333E-01    1.917571E+00    3.459552E+02
    3    3.713333E-01    1.917571E+00    6.017915E+01
    4    3.713333E-01    1.917571E+00    1.022874E+01
    1    3.715000E-01    1.918909E+00    1.788806E+03
    2    3.715000E-01    1.918909E+00    3.469649E+02
    3    3.715000E-01    1.918909E+00    6.035478E+01
    4    3.715000E-01    1.918909E+00    1.025859E+01
    1    3.716667E-01    1.920247E+00    1.794021E+03
    2    3.716667E-01    1.920247E+00    3.479763E+02
    3    3.716667E-01    1.920247E+00    6.053073E+01
    4    3.716667E-01    1.920247E+00    1.028850E+01
    1    3.718333E-01    1.921586E+00    1.799245E+03
    2    3.718333E-01    1.921586E+00    3.489896E+02
    3    3.718333E-01    1.921586E+00    6.070699E+01
    4    3.718333E-01    1.921586E+00    1.031846E+01
    1    3.720000E-01    1.922926E+00    1.804478E+03
    2    3.720000E-01    1.922926E+00    3.500048E+02
    3    3.720000E-01    1.922926E+00    6.088358E+01
    4    3.720000E-01    1.922926E+00    1.034847E+01
    1    3.721667E-01    1.924265E+00    1.809721E+03
    2    3.721667E-01    1.924265E+00    3.510217E+02
    3    3.721667E-01    1.924265E+00    6.106048E+01
    4    3.721667E-01    1.924265E+00    1.037854E+01
    1    3.723333E-01    1.925606E+00    1.814974E+03
    2    3.723333E-01    1.925606E+00    3.520405E+02
    3    3.723333E-01    1.925606E+00    6.123770E+01
    4    3.723333E-01    1.925606E+00    1.040866E+01
    1    3.725000E-01    1.926946E+00    1.820236E+03
    2    3.725000E-01    1.926946E+00    3.530612E+02
    3    3.725000E-01    1.926946E+00    6.141523E+01
    4    3.725000E-01    1.926946E+00    1.043884E+01
    1    3.726667E-01    1.928288E+00    1.825507E+03
    2    3.726667E-01    1.928288E+00    3.540836E+02
    3    3.726667E-01    1.928288E+00    6.159309E+01
    4    3.726667E-01    1.928288E+00    1.046907E+01
    1    3.728333E-01    1.929629E+00    1.830788E+03
    2    3.728333E-01    1.929629E+00    3.551079E+02
    3    3.728333E-01    1.929629E+00    6.177127E+01
    4    3.728333E-01    1.929629E+00    1.049935E+01
    1    3.730000E-01    1.930972E+00    1.836078E+03
    2    3.730000E-01    1.930972E+00    3.561340E+02
    3    3.730000E-01    1.930972E+00    6.194976E+01
    4    3.730000E-01    1.930972E+00    1.052969E+01
    1    3.731667E-01    1.932314E+00    1.841378E+03
    2    3.731667E-01    1.932314E+00    3.571620E+02
    3    3.731667E-01    1.932314E+00    6.212858E+01
    4    3.731667E-01    1.932314E+00    1.056009E+01
    1    3.733333E-01    1.933657E+00    1.846687E+03
    2    3.733333E-01    1.933657E+00    3.581918E+02
    3    3.733333E-01    1.933657E+00    6.230771E+01
    4    3.733333E-01    1.933657E+00    1.059053E+01
    1    3.735000E-01    1.935001E+00    1.852006E+03
    2    3.735000E-01    1.935001E+00    3.592234E+02
    3    3.735000E-01    1.935001E+00    6.248717E+01
    4    3.735000E-01    1.935001E+00    1.062104E+01
    1    3.736667E-01    1.936345E+00    1.857334E+03
    2    3.736667E-01    1.936345E+00    3.602569E+02
    3    3.736667E-01    1.936345E+00    6.266694E+01
    4    3.736667E-01    1.936345E+00    1.065159E+01
    1    3.738333E-01    1.937689E+00    1.862672E+03
    2    3.738333E-01    1.937689E+00    3.612923E+02
    3    3.738333E-01    1.937689E+00    6.284704E+01
    4    3.738333E-01    1.937689E+00    1.068220E+01
    1    3.740000E-01    1.939034E+00    1.868019E+03
    2    3.740000E-01    1.939034E+00    3.623294E+02
    3    3.740000E-01    1.939034E+00    6.302746E+01
    4    3.740000E-01    1.939034E+00    1.071287E+01
    1    3.741667E-01    1.940380E+00    1.873376E+03
    2    3.741667E-01    1.940380E+00    3.633685E+02
    3    3.741667E-01    1.940380E+00    6.320820E+01
    4    3.741667E-01    1.940380E+00    1.074359E+01
    1    3.743333E-01    1.941726E+00    1.878742E+03
    2    3.743333E-01    1.941726E+00    3.644093E+02
    3    3.743333E-01    1.941726E+00    6.338926E+01
    4    3.743333E-01    1.941726E+00    1.077437E+01
    1    3.745000E-01    1.943072E+00    1.884118E+03
    2    3.745000E-01    1.943072E+00    3.654521E+02
    3    3.745000E-01    1.943072E+00    6.357064E+01
    4    3.745000E-01    1.943072E+00    1.080520E+01
    1    3.746667E-01    1.944419E+00    1.889504E+03
    2    3.746667E-01    1.944419E+00    3.664966E+02
    3    3.746667E-01    1.944419E+00    6.375235E+01
    4    3.746667E-01    1.944419E+00    1.083608E+01
    1    3.748333E-01    1.945766E+00    1.894899E+03
    2    3.748333E-01    1.945766E+00    3.675431E+02
    3    3.748333E-01    1.945766E+00    6.393437E+01
    4    3.748333E-01    1.945766E+00    1.086702E+01
    1    3.750000E-01    1.947114E+00    1.900303E+03
    2    3.750000E-01    1.947114E+00    3.685914E+02
    3    3.750000E-01    1.947114E+00    6.411672E+01
    4    3.750000E-01    1.947114E+00    1.089801E+01
    1    3.751667E-01    1.948462E+00    1.905717E+03
    2    3.751667E-01    1.948462E+00    3.696415E+02
    3    3.751667E-01    1.948462E+00    6.429940E+01
    4    3.751667E-01    1.948462E+00    1.092906E+01
    1    3.753333E-01    1.949811E+00    1.911141E+03
    2    3.753333E-01    1.949811E+00    3.706935E+02
    3    3.753333E-01    1.949811E+00    6.448239E+01
    4    3.753333E-01    1.949811E+00    1.096017E+01
    1    3.755000E-01    1.951160E+00    1.916574E+03
    2    3.755000E-01    1.951160E+00    3.717474E+02
    3    3.755000E-01    1.951160E+00    6.466571E+01
    4    3.755000E-01    1.951160E+00    1.099133E+01
    1    3.756667E-01    1.952510E+00    1.922017E+03
    2    3.756667E-01    1.952510E+00    3.728031E+02
    3    3.756667E-01    1.952510E+00    6.484936E+01
    4    3.756667E-01    1.952510E+00    1.102254E+01
    1    3.758333E-01    1.953860E+00    1.927469E+03
    2    3.758333E-01    1.953860E+00    3.738607E+02
    3    3.758333E-01    1.953860E+00    6.503332E+01
    4    3.758333E-01    1.953860E+00    1.105381E+01
    1    3.760000E-01    1.955210E+00    1.932931E+03
    2    3.760000E-01    1.955210E+00    3.749201E+02
    3    3.760000E-01    1.955210E+00    6.521761E+01
    4    3.760000E-01    1.955210E+00    1.108513E+01
    1    3.761667E-01    1.956561E+00    1.938403E+03
    2    3.761667E-01    1.956561E+00    3.759814E+02
    3    3.761667E-01    1.956561E+00    6.540223E+01
    4    3.761667E-01    1.956561E+00    1.111651E+01
    1    3.763333E-01    1.957913E+00    1.943884E+03
    2    3.763333E-01    1.957913E+00    3.770446E+02
    3    3.763333E-01    1.957913E+00    6.558717E+01
    4    3.763333E-01    1.957913E+00    1.114795E+01
    1    3.765000E-01    1.959265E+00    1.949375E+03
    2    3.765000E-01    1.959265E+00    3.781096E+02
    3    3.765000E-01    1.959265E+00    6.577244E+01
    4    3.765000E-01    1.959265E+00    1.117944E+01
    1    3.766667E-01    1.960617E+00    1.954876E+03
    2    3.766667E-01    1.960617E+00    3.791766E+02
    3    3.766667E-01    1.960617E+00    6.595803E+01
    4    3.766667E-01    1.960617E+00    1.121098E+01
    1    3.768333E-01    1.961970E+00    1.960386E+03
    2    3.768333E-01    1.961970E+00    3.802454E+02
    3    3.768333E-01    1.961970E+00    6.614395E+01
    4    3.768333E-01    1.961970E+00    1.124258E+01
    1    3.770000E-01    1.963324E+00    1.965906E+03
    2    3.770000E-01    1.963324E+00    3.813160E+02
    3    3.770000E-01    1.963324E+00    6.633019E+01
    4    3.770000E-01    1.963324E+00    1.127424E+01
    1    3.771667E-01    1.964677E+00    1.971436E+03
    2    3.771667E-01    1.964677E+00    3.823886E+02
    3    3.771667E-01    1.964677E+00    6.651676E+01
    4    3.771667E-01    1.964677E+00    1.130595E+01
    1    3.773333E-01    1.966032E+00    1.976975E+03
    2    3.773333E-01    1.966032E+00    3.834630E+02
    3    3.773333E-01    1.966032E+00    6.670365E+01
    4    3.773333E-01    1.966032E+00    1.133772E+01
    1    3.775000E-01    1.967387E+00    1.982524E+03
    2    3.775000E-01    1.967387E+00    3.845393E+02
    3    3.775000E-01    1.967387E+00    6.689087E+01
    4    3.775000E-01    1.967387E+00    1.136954E+01
    1    3.776667E-01    1.968742E+00    1.988083E+03
    2    3.776667E-01    1.968742E+00    3.856174E+02
    3    3.776667E-01    1.968742E+00    6.707842E+01
    4    3.776667E-01    1.968742E+00    1.140142E+01
    1    3.778333E-01    1.970097E+00    1.993651E+03
    2    3.778333E-01    1.970097E+00    3.866975E+02
    3    3.778333E-01    1.970097E+00    6.726630E+01
    4    3.778333E-01    1.970097E+00    1.143335E+01
    1    3.780000E-01    1.971454E+00    1.999229E+03
    2    3.780000E-01    1.971454E+00    3.877794E+02
    3    3.780000E-01    1.971454E+00    6.745450E+01
    4    3.780000E-01    1.971454E+00    1.146534E+01
    1    3.781667E-01    1.972810E+00    2.004817E+03
    2    3.781667E-01    1.972810E+00    3.888633E+02
    3    3.781667E-01    1.972810E+00    6.764304E+01
    4    3.781667E-01    1.972810E+00    1.149739E+01
    1    3.783333E-01    1.974167E+00    2.010414E+03
    2    3.783333E-01    1.974167E+00    3.899490E+02
    3    3.783333E-01    1.974167E+00    6.783190E+01
    4    3.783333E-01    1.974167E+00    1.152949E+01
    1    3.785000E-01    1.975525E+00    2.016021E+03
    2    3.785000E-01    1.975525E+00    3.910366E+02
    3    3.785000E-01    1.975525E+00    6.802109E+01
    4    3.785000E-01    1.975525E+00    1.156164E+01
    1    3.786667E-01    1.976883E+00    2.021638E+03
    2    3.786667E-01    1.976883E+00    3.921261E+02
    3    3.786667E-01    1.976883E+00    6.821060E+01
    4    3.786667E-01    1.976883E+00    1.159386E+01
    1    3.788333E-01    1.978241E+00    2.027265E+03
    2    3.788333E-01    1.978241E+00    3.932174E+02
    3    3.788333E-01    1.978241E+00    6.840045E+01
    4    3.788333E-01    1.978241E+00    1.162613E+01
    1    3.790000E-01    1.979600E+00    2.032901E+03
    2    3.790000E-01    1.979600E+00    3.943107E+02
    3    3.790000E-01    1.979600E+00    6.859062E+01
    4    3.790000E-01    1.979600E+00    1.165845E+01
    1    3.791667E-01    1.980960E+00    2.038548E+03
    2    3.791667E-01    1.980960E+00    3.954059E+02
    3    3.791667E-01    1.980960E+00    6.878113E+01
    4    3.791667E-01    1.980960E+00    1.169083E+01
    1    3.793333E-01    1.982320E+00    2.044204E+03
    2    3.793333E-01    1.982320E+00    3.965029E+02
    3    3.793333E-01    1.982320E+00    6.897196E+01
    4    3.793333E-01    1.982320E+00    1.172327E+01
    1    3.795000E-01    1.983680E+00    2.049869E+03
    2    3.795000E-01    1.983680E+00    3.976019E+02
    3    3.795000E-01    1.983680E+00    6.916313E+01
    4    3.795000E-01    1.983680E+00    1.175576E+01
    1    3.796667E-01    1.985041E+00    2.055545E+03
    2    3.796667E-01    1.985041E+00    3.987027E+02
    3    3.796667E-01    1.985041E+00    6.935462E+01
    4    3.796667E-01    1.985041E+00    1.178831E+01
    1    3.798333E-01    1.986402E+00    2.061230E+03
    2    3.798333E-01    1.986402E+00    3.998055E+02
    3    3.798333E-01    1.986402E+00    6.954645E+01
    4    3.798333E-01    1.986402E+00    1.182091E+01
    1    3.800000E-01    1.987764E+00    2.066925E+03
    2    3.800000E-01    1.987764E+00    4.009101E+02
    3    3.800000E-01    1.987764E+00    6.973860E+01
    4    3.800000E-01    1.987764E+00    1.185357E+01
    1    3.801667E-01    1.989126E+00    2.072630E+03
    2    3.801667E-01    1.989126E+00    4.020167E+02
    3    3.801667E-01    1.989126E+00    6.993109E+01
    4    3.801667E-01    1.989126E+00    1.188629E+01
    1    3.803333E-01    1.990489E+00    2.078345E+03
    2    3.803333E-01    1.990489E+00    4.031252E+02
    3    3.803333E-01    1.990489E+00    7.012391E+01
    4    3.803333E-01    1.990489E+00    1.191906E+01
    1    3.805000E-01    1.991852E+00    2.084070E+03
    2    3.805000E-01    1.991852E+00    4.042355E+02
    3    3.805000E-01    1.991852E+00    7.031706E+01
    4    3.805000E-01    1.991852E+00    1.195189E+01
    1    3.806667E-01    1.993216E+00    2.089804E+03
    2    3.806667E-01    1.993216E+00    4.053478E+02
    3    3.806667E-01    1.993216E+00    7.051054E+01
    4    3.806667E-01    1.993216E+00    1.198478E+01
    1    3.808333E-01    1.994580E+00    2.095548E+03
    2    3.808333E-01    1.994580E+00    4.064620E+02
    3    3.808333E-01    1.994580E+00    7.070435E+01
    4    3.808333E-01    1.994580E+00    1.201772E+01
    1    3.810000E-01    1.995944E+00    2.101303E+03
    2    3.810000E-01    1.995944E+00    4.075781E+02
    3    3.810000E-01    1.995944E+00    7.089850E+01
    4    3.810000E-01    1.995944E+00    1.205072E+01
    1    3.811667E-01    1.997309E+00    2.107067E+03
    2    3.811667E-01    1.997309E+00    4.086961E+02
    3    3.811667E-01    1.997309E+00    7.109298E+01
    4    3.811667E-01    1.997309E+00    1.208378E+01
    1    3.813333E-01    1.998675E+00    2.112840E+03
    2    3.813333E-01    1.998675E+00    4.098161E+02
    3    3.813333E-01    1.998675E+00    7.128779E+01
    4    3.813333E-01    1.998675E+00    1.211689E+01
    1    3.815000E-01    2.000041E+00    2.118624E+03
    2    3.815000E-01    2.000041E+00    4.109379E+02
    3    3.815000E-01    2.000041E+00    7.148293E+01
    4    3.815000E-01    2.000041E+00    1.215006E+01
    1    3.816667E-01    2.001407E+00    2.124418E+03
    2    3.816667E-01    2.001407E+00    4.120617E+02
    3    3.816667E-01    2.001407E+00    7.167841E+01
    4    3.816667E-01    2.001407E+00    1.218329E+01
    1    3.818333E-01    2.002774E+00    2.130221E+03
    2    3.818333E-01    2.002774E+00    4.131873E+02
    3    3.818333E-01    2.002774E+00    7.187423E+01
    4    3.818333E-01    2.002774E+00    1.221657E+01
    1    3.820000E-01    2.004142E+00    2.136035E+03
    2    3.820000E-01    2.004142E+00    4.143149E+02
    3    3.820000E-01    2.004142E+00    7.207037E+01
    4    3.820000E-01    2.004142E+00    1.224991E+01
    1    3.821667E-01    2.005509E+00    2.141858E+03
    2    3.821667E-01    2.005509E+00    4.154445E+02
    3    3.821667E-01    2.005509E+00    7.226685E+01
    4    3.821667E-01    2.005509E+00    1.228330E+01
    1    3.823333E-01    2.006878E+00    2.147691E+03
    2    3.823333E-01    2.006878E+00    4.165759E+02
    3    3.823333E-01    2.006878E+00    7.246367E+01
    4    3.823333E-01    2.006878E+00    1.231676E+01
    1    3.825000E-01    2.008247E+00    2.153535E+03
    2    3.825000E-01    2.008247E+00    4.177093E+02
    3    3.825000E-01    2.008247E+00    7.266082E+01
    4    3.825000E-01    2.008247E+00    1.235027E+01
    1    3.826667E-01    2.009616E+00    2.159388E+03
    2    3.826667E-01    2.009616E+00    4.188446E+02
    3    3.826667E-01    2.009616E+00    7.285830E+01
    4    3.826667E-01    2.009616E+00    1.238383E+01
    1    3.828333E-01    2.010985E+00    2.165251E+03
    2    3.828333E-01    2.010985E+00    4.199818E+02
    3    3.828333E-01    2.010985E+00    7.305613E+01
    4    3.828333E-01    2.010985E+00    1.241746E+01
    1    3.830000E-01    2.012356E+00    2.171124E+03
    2    3.830000E-01    2.012356E+00    4.211209E+02
    3    3.830000E-01    2.012356E+00    7.325428E+01
    4    3.830000E-01    2.012356E+00    1.245114E+01
    1    3.831667E-01    2.013726E+00    2.177007E+03
    2    3.831667E-01    2.013726E+00    4.222620E+02
    3    3.831667E-01    2.013726E+00    7.345278E+01
    4    3.831667E-01    2.013726E+00    1.248488E+01
    1    3.833333E-01    2.015097E+00    2.182900E+03
    2    3.833333E-01    2.015097E+00    4.234051E+02
    3    3.833333E-01    2.015097E+00    7.365160E+01
    4    3.833333E-01    2.015097E+00    1.251867E+01
    1    3.835000E-01    2.016469E+00    2.188803E+03
    2    3.835000E-01    2.016469E+00    4.245500E+02
    3    3.835000E-01    2.016469E+00    7.385077E+01
    4    3.835000E-01    2.016469E+00    1.255252E+01
    1    3.836667E-01    2.017841E+00    2.194715E+03
    2    3.836667E-01    2.017841E+00    4.256969E+02
    3    3.836667E-01    2.017841E+00    7.405027E+01
    4    3.836667E-01    2.017841E+00    1.258643E+01
    1    3.838333E-01    2.019213E+00    2.200638E+03
    2    3.838333E-01    2.019213E+00    4.268457E+02
    3    3.838333E-01    2.019213E+00    7.425011E+01
    4    3.838333E-01    2.019213E+00    1.262040E+01
    1    3.840000E-01    2.020586E+00    2.206571E+03
    2    3.840000E-01    2.020586E+00    4.279965E+02
    3    3.840000E-01    2.020586E+00    7.445029E+01
    4    3.840000E-01    2.020586E+00    1.265443E+01
    1    3.841667E-01    2.021960E+00    2.212514E+03
    2    3.841667E-01    2.021960E+00    4.291492E+02
    3    3.841667E-01    2.021960E+00    7.465080E+01
    4    3.841667E-01    2.021960E+00    1.268851E+01
    1    3.843333E-01    2.023334E+00    2.218467E+03
    2    3.843333E-01    2.023334E+00    4.303039E+02
    3    3.843333E-01    2.023334E+00    7.485166E+01
    4    3.843333E-01    2.023334E+00    1.272265E+01
    1    3.845000E-01    2.024708E+00    2.224430E+03
    2    3.845000E-01    2.024708E+00    4.314605E+02
    3    3.845000E-01    2.024708E+00    7.505285E+01
    4    3.845000E-01    2.024708E+00    1.275684E+01
    1    3.846667E-01    2.026083E+00    2.230403E+03
    2    3.846667E-01    2.026083E+00    4.326190E+02
    3    3.846667E-01    2.026083E+00    7.525438E+01
    4    3.846667E-01    2.026083E+00    1.279110E+01
    1    3.848333E-01    2.027458E+00    2.236386E+03
    2    3.848333E-01    2.027458E+00    4.337795E+02
    3    3.848333E-01    2.027458E+00    7.545624E+01
    4    3.848333E-01    2.027458E+00    1.282541E+01
    1    3.850000E-01    2.028834E+00    2.242379E+03
    2    3.850000E-01    2.028834E+00    4.349419E+02
    3    3.850000E-01    2.028834E+00    7.565845E+01
    4    3.850000E-01    2.028834E+00    1.285978E+01
    1    3.851667E-01    2.030210E+00    2.248382E+03
    2    3.851667E-01    2.030210E+00    4.361063E+02
    3    3.851667E-01    2.030210E+00    7.586100E+01
    4    3.851667E-01    2.030210E+00    1.289421E+01
    1    3.853333E-01    2.031587E+00    2.254395E+03
    2    3.853333E-01    2.031587E+00    4.372727E+02
    3    3.853333E-01    2.031587E+00    7.606388E+01
    4    3.853333E-01    2.031587E+00    1.292869E+01
    1    3.855000E-01    2.032964E+00    2.260418E+03
    2    3.855000E-01    2.032964E+00    4.384409E+02
    3    3.855000E-01    2.032964E+00    7.626711E+01
    4    3.855000E-01    2.032964E+00    1.296323E+01
    1    3.856667E-01    2.034342E+00    2.266452E+03
    2    3.856667E-01    2.034342E+00    4.396112E+02
    3    3.856667E-01    2.034342E+00    7.647068E+01
    4    3.856667E-01    2.034342E+00    1.299783E+01
    1    3.858333E-01    2.035720E+00    2.272495E+03
    2    3.858333E-01    2.035720E+00    4.407834E+02
    3    3.858333E-01    2.035720E+00    7.667458E+01
    4    3.858333E-01    2.035720E+00    1.303249E+01
    1    3.860000E-01    2.037098E+00    2.278549E+03
    2    3.860000E-01    2.037098E+00    4.419576E+02
    3    3.860000E-01    2.037098E+00    7.687883E+01
    4    3.860000E-01    2.037098E+00    1.306721E+01
    1    3.861667E-01    2.038477E+00    2.284612E+03
    2    3.861667E-01    2.038477E+00    4.431337E+02
    3    3.861667E-01    2.038477E+00    7.708342E+01
    4    3.861667E-01    2.038477E+00    1.310198E+01
    1    3.863333E-01    2.039857E+00    2.290686E+03
    2    3.863333E-01    2.039857E+00    4.443118E+02
    3    3.863333E-01    2.039857E+00    7.728835E+01
    4    3.863333E-01    2.039857E+00    1.313681E+01
    1    3.865000E-01    2.041237E+00    2.296770E+03
    2    3.865000E-01    2.041237E+00    4.454918E+02
    3    3.865000E-01    2.041237E+00    7.749362E+01
    4    3.865000E-01    2.041237E+00    1.317170E+01
    1    3.866667E-01    2.042617E+00    2.302864E+03
    2    3.866667E-01    2.042617E+00    4.466738E+02
    3    3.866667E-01    2.042617E+00    7.769923E+01
    4    3.866667E-01    2.042617E+00    1.320665E+01
    1    3.868333E-01    2.043998E+00    2.308968E+03
    2    3.868333E-01    2.043998E+00    4.478578E+02
    3    3.868333E-01    2.043998E+00    7.790518E+01
    4    3.868333E-01    2.043998E+00    1.324166E+01
    1    3.870000E-01    2.045380E+00    2.315082E+03
    2    3.870000E-01    2.045380E+00    4.490438E+02
    3    3.870000E-01    2.045380E+00    7.811148E+01
    4    3.870000E-01    2.045380E+00    1.327672E+01
    1    3.871667E-01    2.046761E+00    2.321207E+03
    2    3.871667E-01    2.046761E+00    4.502317E+02
    3    3.871667E-01    2.046761E+00    7.831812E+01
    4    3.871667E-01    2.046761E+00    1.331185E+01
    1    3.873333E-01    2.048144E+00    2.327341E+03
    2    3.873333E-01    2.048144E+00    4.514216E+02
    3    3.873333E-01    2.048144E+00    7.852510E+01
    4    3.873333E-01    2.048144E+00    1.334703E+01
    1    3.875000E-01    2.049527E+00    2.333486E+03
    2    3.875000E-01    2.049527E+00    4.526134E+02
    3    3.875000E-01    2.049527E+00    7.873243E+01
    4    3.875000E-01    2.049527E+00    1.338227E+01
    1    3.876667E-01    2.050910E+00    2.339641E+03
    2    3.876667E-01    2.050910E+00    4.538073E+02
    3    3.876667E-01    2.050910E+00    7.894009E+01
    4    3.876667E-01    2.050910E+00    1.341756E+01
    1    3.878333E-01    2.052293E+00    2.345806E+03
    2    3.878333E-01    2.052293E+00    4.550031E+02
    3    3.878333E-01    2.052293E+00    7.914811E+01
    4    3.878333E-01    2.052293E+00    1.345292E+01
    1    3.880000E-01    2.053678E+00    2.351981E+03
    2    3.880000E-01    2.053678E+00    4.562009E+02
    3    3.880000E-01    2.053678E+00    7.935646E+01
    4    3.880000E-01    2.053678E+00    1.348834E+01
    1    3.881667E-01    2.055062E+00    2.358167E+03
    2    3.881667E-01    2.055062E+00    4.574007E+02
    3    3.881667E-01    2.055062E+00    7.956516E+01
    4    3.881667E-01    2.055062E+00    1.352381E+01
    1    3.883333E-01    2.056447E+00    2.364362E+03
    2    3.883333E-01    2.056447E+00    4.586024E+02
    3    3.883333E-01    2.056447E+00    7.977421E+01
    4    3.883333E-01    2.056447E+00    1.355934E+01
    1    3.885000E-01    2.057833E+00    2.370568E+03
    2    3.885000E-01    2.057833E+00    4.598061E+02
    3    3.885000E-01    2.057833E+00    7.998360E+01
    4    3.885000E-01    2.057833E+00    1.359493E+01
    1    3.886667E-01    2.059219E+00    2.376785E+03
    2    3.886667E-01    2.059219E+00    4.610119E+02
    3    3.886667E-01    2.059219E+00    8.019333E+01
    4    3.886667E-01    2.059219E+00    1.363058E+01
    1    3.888333E-01    2.060605E+00    2.383011E+03
    2    3.888333E-01    2.060605E+00    4.622196E+02
    3    3.888333E-01    2.060605E+00    8.040342E+01
    4    3.888333E-01    2.060605E+00    1.366629E+01
    1    3.890000E-01    2.061992E+00    2.389248E+03
    2    3.890000E-01    2.061992E+00    4.634292E+02
    3    3.890000E-01    2.061992E+00    8.061384E+01
    4    3.890000E-01    2.061992E+00    1.370205E+01
    1    3.891667E-01    2.063380E+00    2.395495E+03
    2    3.891667E-01    2.063380E+00    4.646409E+02
    3    3.891667E-01    2.063380E+00    8.082461E+01
    4    3.891667E-01    2.063380E+00    1.373788E+01
    1    3.893333E-01    2.064768E+00    2.401752E+03
    2    3.893333E-01    2.064768E+00    4.658546E+02
    3    3.893333E-01    2.064768E+00    8.103573E+01
    4    3.893333E-01    2.064768E+00    1.377376E+01
    1    3.895000E-01    2.066156E+00    2.408019E+03
    2    3.895000E-01    2.066156E+00    4.670703E+02
    3    3.895000E-01    2.066156E+00    8.124720E+01
    4    3.895000E-01    2.066156E+00    1.380971E+01
    1    3.896667E-01    2.067545E+00    2.414297E+03
    2    3.896667E-01    2.067545E+00    4.682879E+02
    3    3.896667E-01    2.067545E+00    8.145901E+01
    4    3.896667E-01    2.067545E+00    1.384571E+01
    1    3.898333E-01    2.068934E+00    2.420585E+03
    2    3.898333E-01    2.068934E+00    4.695076E+02
    3    3.898333E-01    2.068934E+00    8.167117E+01
    4    3.898333E-01    2.068934E+00    1.388177E+01
    1    3.900000E-01    2.070324E+00    2.426883E+03
    2    3.900000E-01    2.070324E+00    4.707292E+02
    3    3.900000E-01    2.070324E+00    8.188367E+01
    4    3.900000E-01    2.070324E+00    1.391789E+01
    1    3.901667E-01    2.071714E+00    2.433192E+03
    2    3.901667E-01    2.071714E+00    4.719528E+02
    3    3.901667E-01    2.071714E+00    8.209653E+01
    4    3.901667E-01    2.071714E+00    1.395407E+01
    1    3.903333E-01    2.073105E+00    2.439511E+03
    2    3.903333E-01    2.073105E+00    4.731785E+02
    3    3.903333E-01    2.073105E+00    8.230973E+01
    4    3.903333E-01    2.073105E+00    1.399031E+01
    1    3.905000E-01    2.074496E+00    2.445840E+03
    2    3.905000E-01    2.074496E+00    4.744061E+02
    3    3.905000E-01    2.074496E+00    8.252328E+01
    4    3.905000E-01    2.074496E+00    1.402660E+01
    1    3.906667E-01    2.075888E+00    2.452179E+03
    2    3.906667E-01    2.075888E+00    4.756358E+02
    3    3.906667E-01    2.075888E+00    8.273718E+01
    4    3.906667E-01    2.075888E+00    1.406296E+01
    1    3.908333E-01    2.077280E+00    2.458529E+03
    2    3.908333E-01    2.077280E+00    4.768674E+02
    3    3.908333E-01    2.077280E+00    8.295142E+01
    4    3.908333E-01    2.077280E+00    1.409938E+01
    1    3.910000E-01    2.078672E+00    2.464890E+03
    2    3.910000E-01    2.078672E+00    4.781011E+02
    3    3.910000E-01    2.078672E+00    8.316602E+01
    4    3.910000E-01    2.078672E+00    1.413585E+01
    1    3.911667E-01    2.080065E+00    2.471260E+03
    2    3.911667E-01    2.080065E+00    4.793368E+02
    3    3.911667E-01    2.080065E+00    8.338096E+01
    4    3.911667E-01    2.080065E+00    1.417239E+01
    1    3.913333E-01    2.081459E+00    2.477641E+03
    2    3.913333E-01    2.081459E+00    4.805744E+02
    3    3.913333E-01    2.081459E+00    8.359626E+01
    4    3.913333E-01    2.081459E+00    1.420898E+01
    1    3.915000E-01    2.082853E+00    2.484032E+03
    2    3.915000E-01    2.082853E+00    4.818141E+02
    3    3.915000E-01    2.082853E+00    8.381190E+01
    4    3.915000E-01    2.082853E+00    1.424563E+01
    1    3.916667E-01    2.084247E+00    2.490434E+03
    2    3.916667E-01    2.084247E+00    4.830558E+02
    3    3.916667E-01    2.084247E+00    8.402790E+01
    4    3.916667E-01    2.084247E+00    1.428235E+01
    1    3.918333E-01    2.085642E+00    2.496846E+03
    2    3.918333E-01    2.085642E+00    4.842995E+02
    3    3.918333E-01    2.085642E+00    8.424424E+01
    4    3.918333E-01    2.085642E+00    1.431912E+01
    1    3.920000E-01    2.087038E+00    2.503269E+03
    2    3.920000E-01    2.087038E+00    4.855453E+02
    3    3.920000E-01    2.087038E+00    8.446094E+01
    4    3.920000E-01    2.087038E+00    1.435595E+01
    1    3.921667E-01    2.088433E+00    2.509701E+03
    2    3.921667E-01    2.088433E+00    4.867930E+02
    3    3.921667E-01    2.088433E+00    8.467798E+01
    4    3.921667E-01    2.088433E+00    1.439284E+01
    1    3.923333E-01    2.089830E+00    2.516145E+03
    2    3.923333E-01    2.089830E+00    4.880428E+02
    3    3.923333E-01    2.089830E+00    8.489538E+01
    4    3.923333E-01    2.089830E+00    1.442979E+01
    1    3.925000E-01    2.091226E+00    2.522598E+03
    2    3.925000E-01    2.091226E+00    4.892946E+02
    3    3.925000E-01    2.091226E+00    8.511313E+01
    4    3.925000E-01    2.091226E+00    1.446680E+01
    1    3.926667E-01    2.092624E+00    2.529063E+03
    2    3.926667E-01    2.092624E+00    4.905484E+02
    3    3.926667E-01    2.092624E+00    8.533123E+01
    4    3.926667E-01    2.092624E+00    1.450388E+01
    1    3.928333E-01    2.094021E+00    2.535537E+03
    2    3.928333E-01    2.094021E+00    4.918042E+02
    3    3.928333E-01    2.094021E+00    8.554968E+01
    4    3.928333E-01    2.094021E+00    1.454101E+01
    1    3.930000E-01    2.095420E+00    2.542022E+03
    2    3.930000E-01    2.095420E+00    4.930621E+02
    3    3.930000E-01    2.095420E+00    8.576849E+01
    4    3.930000E-01    2.095420E+00    1.457820E+01
    1    3.931667E-01    2.096818E+00    2.548517E+03
    2    3.931667E-01    2.096818E+00    4.943219E+02
    3    3.931667E-01    2.096818E+00    8.598765E+01
    4    3.931667E-01    2.096818E+00    1.461545E+01
    1    3.933333E-01    2.098217E+00    2.555023E+03
    2    3.933333E-01    2.098217E+00    4.955839E+02
    3    3.933333E-01    2.098217E+00    8.620716E+01
    4    3.933333E-01    2.098217E+00    1.465276E+01
    1    3.935000E-01    2.099617E+00    2.561540E+03
    2    3.935000E-01    2.099617E+00    4.968478E+02
    3    3.935000E-01    2.099617E+00    8.642702E+01
    4    3.935000E-01    2.099617E+00    1.469013E+01
    1    3.936667E-01    2.101017E+00    2.568067E+03
    2    3.936667E-01    2.101017E+00    4.981138E+02
    3    3.936667E-01    2.101017E+00    8.664724E+01
    4    3.936667E-01    2.101017E+00    1.472756E+01
    1    3.938333E-01    2.102417E+00    2.574604E+03
    2    3.938333E-01    2.102417E+00    4.993818E+02
    3    3.938333E-01    2.102417E+00    8.686781E+01
    4    3.938333E-01    2.102417E+00    1.476505E+01
    1    3.940000E-01    2.103818E+00    2.581152E+03
    2    3.940000E-01    2.103818E+00    5.006518E+02
    3    3.940000E-01    2.103818E+00    8.708874E+01
    4    3.940000E-01    2.103818E+00    1.480260E+01
    1    3.941667E-01    2.105220E+00    2.587710E+03
    2    3.941667E-01    2.105220E+00    5.019239E+02
    3    3.941667E-01    2.105220E+00    8.731002E+01
    4    3.941667E-01    2.105220E+00    1.484021E+01
    1    3.943333E-01    2.106622E+00    2.594279E+03
    2    3.943333E-01    2.106622E+00    5.031980E+02
    3    3.943333E-01    2.106622E+00    8.753165E+01
    4    3.943333E-01    2.106622E+00    1.487788E+01
    1    3.945000E-01    2.108024E+00    2.600858E+03
    2    3.945000E-01    2.108024E+00    5.044742E+02
    3    3.945000E-01    2.108024E+00    8.775364E+01
    4    3.945000E-01    2.108024E+00    1.491562E+01
    1    3.946667E-01    2.109427E+00    2.607448E+03
    2    3.946667E-01    2.109427E+00    5.057524E+02
    3    3.946667E-01    2.109427E+00    8.797598E+01
    4    3.946667E-01    2.109427E+00    1.495341E+01
    1    3.948333E-01    2.110830E+00    2.614049E+03
    2    3.948333E-01    2.110830E+00    5.070326E+02
    3    3.948333E-01    2.110830E+00    8.819868E+01
    4    3.948333E-01    2.110830E+00    1.499126E+01
    1    3.950000E-01    2.112234E+00    2.620660E+03
    2    3.950000E-01    2.112234E+00    5.083149E+02
    3    3.950000E-01    2.112234E+00    8.842174E+01
    4    3.950000E-01    2.112234E+00    1.502917E+01
    1    3.951667E-01    2.113638E+00    2.627281E+03
    2    3.951667E-01    2.113638E+00    5.095993E+02
    3    3.951667E-01    2.113638E+00    8.864515E+01
    4    3.951667E-01    2.113638E+00    1.506715E+01
    1    3.953333E-01    2.115043E+00    2.633913E+03
    2    3.953333E-01    2.115043E+00    5.108857E+02
    3    3.953333E-01    2.115043E+00    8.886892E+01
    4    3.953333E-01    2.115043E+00    1.510518E+01
    1    3.955000E-01    2.116448E+00    2.640556E+03
    2    3.955000E-01    2.116448E+00    5.121741E+02
    3    3.955000E-01    2.116448E+00    8.909304E+01
    4    3.955000E-01    2.116448E+00    1.514328E+01
    1    3.956667E-01    2.117854E+00    2.647209E+03
    2    3.956667E-01    2.117854E+00    5.134646E+02
    3    3.956667E-01    2.117854E+00    8.931752E+01
    4    3.956667E-01    2.117854E+00    1.518143E+01
    1    3.958333E-01    2.119260E+00    2.653873E+03
    2    3.958333E-01    2.119260E+00    5.147571E+02
    3    3.958333E-01    2.119260E+00    8.954236E+01
    4    3.958333E-01    2.119260E+00    1.521965E+01
    1    3.960000E-01    2.120666E+00    2.660547E+03
    2    3.960000E-01    2.120666E+00    5.160517E+02
    3    3.960000E-01    2.120666E+00    8.976755E+01
    4    3.960000E-01    2.120666E+00    1.525792E+01
    1    3.961667E-01    2.122073E+00    2.667232E+03
    2    3.961667E-01    2.122073E+00    5.173484E+02
    3    3.961667E-01    2.122073E+00    8.999311E+01
    4    3.961667E-01    2.122073E+00    1.529626E+01
    1    3.963333E-01    2.123481E+00    2.673928E+03
    2    3.963333E-01    2.123481E+00    5.186471E+02
    3    3.963333E-01    2.123481E+00    9.021902E+01
    4    3.963333E-01    2.123481E+00    1.533466E+01
    1    3.965000E-01    2.124889E+00    2.680634E+03
    2    3.965000E-01    2.124889E+00    5.199478E+02
    3    3.965000E-01    2.124889E+00    9.044529E+01
    4    3.965000E-01    2.124889E+00    1.537312E+01
    1    3.966667E-01    2.126297E+00    2.687351E+03
    2    3.966667E-01    2.126297E+00    5.212507E+02
    3    3.966667E-01    2.126297E+00    9.067192E+01
    4    3.966667E-01    2.126297E+00    1.541164E+01
    1    3.968333E-01    2.127706E+00    2.694078E+03
    2    3.968333E-01    2.127706E+00    5.225555E+02
    3    3.968333E-01    2.127706E+00    9.089890E+01
    4    3.968333E-01    2.127706E+00    1.545022E+01
    1    3.970000E-01    2.129115E+00    2.700816E+03
    2    3.970000E-01    2.129115E+00    5.238625E+02
    3    3.970000E-01    2.129115E+00    9.112625E+01
    4    3.970000E-01    2.129115E+00    1.548886E+01
    1    3.971667E-01    2.130525E+00    2.707565E+03
    2    3.971667E-01    2.130525E+00    5.251715E+02
    3    3.971667E-01    2.130525E+00    9.135395E+01
    4    3.971667E-01    2.130525E+00    1.552757E+01
    1    3.973333E-01    2.131936E+00    2.714324E+03
    2    3.973333E-01    2.131936E+00    5.264826E+02
    3    3.973333E-01    2.131936E+00    9.158202E+01
    4    3.973333E-01    2.131936E+00    1.556633E+01
    1    3.975000E-01    2.133346E+00    2.721095E+03
    2    3.975000E-01    2.133346E+00    5.277958E+02
    3    3.975000E-01    2.133346E+00    9.181044E+01
    4    3.975000E-01    2.133346E+00    1.560516E+01
    1    3.976667E-01    2.134758E+00    2.727875E+03
    2    3.976667E-01    2.134758E+00    5.291110E+02
    3    3.976667E-01    2.134758E+00    9.203923E+01
    4    3.976667E-01    2.134758E+00    1.564404E+01
    1    3.978333E-01    2.136169E+00    2.734667E+03
    2    3.978333E-01    2.136169E+00    5.304283E+02
    3    3.978333E-01    2.136169E+00    9.226837E+01
    4    3.978333E-01    2.136169E+00    1.568299E+01
    1    3.980000E-01    2.137581E+00    2.741469E+03
    2    3.980000E-01    2.137581E+00    5.317477E+02
    3    3.980000E-01    2.137581E+00    9.249788E+01
    4    3.980000E-01    2.137581E+00    1.572200E+01
    1    3.981667E-01    2.138994E+00    2.748282E+03
    2    3.981667E-01    2.138994E+00    5.330691E+02
    3    3.981667E-01    2.138994E+00    9.272774E+01
    4    3.981667E-01    2.138994E+00    1.576107E+01
    1    3.983333E-01    2.140407E+00    2.755105E+03
    2    3.983333E-01    2.140407E+00    5.343926E+02
    3    3.983333E-01    2.140407E+00    9.295797E+01
    4    3.983333E-01    2.140407E+00    1.580020E+01
    1    3.985000E-01    2.141821E+00    2.761940E+03
    2    3.985000E-01    2.141821E+00    5.357182E+02
    3    3.985000E-01    2.141821E+00    9.318856E+01
    4    3.985000E-01    2.141821E+00    1.583940E+01
    1    3.986667E-01    2.143235E+00    2.768785E+03
    2    3.986667E-01    2.143235E+00    5.370459E+02
    3    3.986667E-01    2.143235E+00    9.341952E+01
    4    3.986667E-01    2.143235E+00    1.587865E+01
    1    3.988333E-01    2.144649E+00    2.775640E+03
    2    3.988333E-01    2.144649E+00    5.383757E+02
    3    3.988333E-01    2.144649E+00    9.365083E+01
    4    3.988333E-01    2.144649E+00    1.591797E+01
    1    3.990000E-01    2.146064E+00    2.782507E+03
    2    3.990000E-01    2.146064E+00    5.397076E+02
    3    3.990000E-01    2.146064E+00    9.388251E+01
    4    3.990000E-01    2.146064E+00    1.595735E+01
    1    3.991667E-01    2.147480E+00    2.789384E+03
    2    3.991667E-01    2.147480E+00    5.410415E+02
    3    3.991667E-01    2.147480E+00    9.411455E+01
    4    3.991667E-01    2.147480E+00    1.599679E+01
    1    3.993333E-01    2.148896E+00    2.796272E+03
    2    3.993333E-01    2.148896E+00    5.423775E+02
    3    3.993333E-01    2.148896E+00    9.434695E+01
    4    3.993333E-01    2.148896E+00    1.603629E+01
    1    3.995000E-01    2.150312E+00    2.803171E+03
    2    3.995000E-01    2.150312E+00    5.437156E+02
    3    3.995000E-01    2.150312E+00    9.457971E+01
    4    3.995000E-01    2.150312E+00    1.607585E+01
    1    3.996667E-01    2.151729E+00    2.810080E+03
    2    3.996667E-01    2.151729E+00    5.450558E+02
    3    3.996667E-01    2.151729E+00    9.481284E+01
    4    3.996667E-01    2.151729E+00    1.611548E+01
    1    3.998333E-01    2.153146E+00    2.817001E+03
    2    3.998333E-01    2.153146E+00    5.463981E+02
    3    3.998333E-01    2.153146E+00    9.504634E+01
    4    3.998333E-01    2.153146E+00    1.615517E+01
    1    4.000000E-01    2.154564E+00    2.823932E+03
    2    4.000000E-01    2.154564E+00    5.477425E+02
    3    4.000000E-01    2.154564E+00    9.528019E+01
    4    4.000000E-01    2.154564E+00    1.619492E+01
    1    4.001667E-01    2.155982E+00    2.830874E+03
    2    4.001667E-01    2.155982E+00    5.490890E+02
    3    4.001667E-01    2.155982E+00    9.551442E+01
    4    4.001667E-01    2.155982E+00    1.623473E+01
    1    4.003333E-01    2.157401E+00    2.837826E+03
    2    4.003333E-01    2.157401E+00    5.504376E+02
    3    4.003333E-01    2.157401E+00    9.574900E+01
    4    4.003333E-01    2.157401E+00    1.627460E+01
    1    4.005000E-01    2.158820E+00    2.844790E+03
    2    4.005000E-01    2.158820E+00    5.517883E+02
    3    4.005000E-01    2.158820E+00    9.598395E+01
    4    4.005000E-01    2.158820E+00    1.631453E+01
    1    4.006667E-01    2.160239E+00    2.851764E+03
    2    4.006667E-01    2.160239E+00    5.531410E+02
    3    4.006667E-01    2.160239E+00    9.621927E+01
    4    4.006667E-01    2.160239E+00    1.635453E+01
    1    4.008333E-01    2.161660E+00    2.858749E+03
    2    4.008333E-01    2.161660E+00    5.544959E+02
    3    4.008333E-01    2.161660E+00    9.645495E+01
    4    4.008333E-01    2.161660E+00    1.639459E+01
    1    4.010000E-01    2.163080E+00    2.865745E+03
    2    4.010000E-01    2.163080E+00    5.558529E+02
    3    4.010000E-01    2.163080E+00    9.669100E+01
    4    4.010000E-01    2.163080E+00    1.643471E+01
    1    4.011667E-01    2.164501E+00    2.872752E+03
    2    4.011667E-01    2.164501E+00    5.572120E+02
    3    4.011667E-01    2.164501E+00    9.692742E+01
    4    4.011667E-01    2.164501E+00    1.647490E+01
    1    4.013333E-01    2.165923E+00    2.879770E+03
    2    4.013333E-01    2.165923E+00    5.585732E+02
    3    4.013333E-01    2.165923E+00    9.716420E+01
    4    4.013333E-01    2.165923E+00    1.651514E+01
    1    4.015000E-01    2.167345E+00    2.886799E+03
    2    4.015000E-01    2.167345E+00    5.599365E+02
    3    4.015000E-01    2.167345E+00    9.740134E+01
    4    4.015000E-01    2.167345E+00    1.655545E+01
    1    4.016667E-01    2.168767E+00    2.893838E+03
    2    4.016667E-01    2.168767E+00    5.613019E+02
    3    4.016667E-01    2.168767E+00    9.763886E+01
    4    4.016667E-01    2.168767E+00    1.659582E+01
    1    4.018333E-01    2.170190E+00    2.900889E+03
    2    4.018333E-01    2.170190E+00    5.626694E+02
    3    4.018333E-01    2.170190E+00    9.787674E+01
    4    4.018333E-01    2.170190E+00    1.663625E+01
    1    4.020000E-01    2.171613E+00    2.907950E+03
    2    4.020000E-01    2.171613E+00    5.640391E+02
    3    4.020000E-01    2.171613E+00    9.811499E+01
    4    4.020000E-01    2.171613E+00    1.667675E+01
    1    4.021667E-01    2.173037E+00    2.915022E+03
    2    4.021667E-01    2.173037E+00    5.654108E+02
    3    4.021667E-01    2.173037E+00    9.835361E+01
    4    4.021667E-01    2.173037E+00    1.671731E+01
    1    4.023333E-01    2.174461E+00    2.922105E+03
    2    4.023333E-01    2.174461E+00    5.667847E+02
    3    4.023333E-01    2.174461E+00    9.859259E+01
    4    4.023333E-01    2.174461E+00    1.675793E+01
    1    4.025000E-01    2.175886E+00    2.929199E+03
    2    4.025000E-01    2.175886E+00    5.681607E+02
    3    4.025000E-01    2.175886E+00    9.883195E+01
    4    4.025000E-01    2.175886E+00    1.679861E+01
    1    4.026667E-01    2.177311E+00    2.936304E+03
    2    4.026667E-01    2.177311E+00    5.695388E+02
    3    4.026667E-01    2.177311E+00    9.907167E+01
    4    4.026667E-01    2.177311E+00    1.683936E+01
    1    4.028333E-01    2.178737E+00    2.943420E+03
    2    4.028333E-01    2.178737E+00    5.709190E+02
    3    4.028333E-01    2.178737E+00    9.931176E+01
    4    4.028333E-01    2.178737E+00    1.688017E+01
    1    4.030000E-01    2.180163E+00    2.950547E+03
    2    4.030000E-01    2.180163E+00    5.723014E+02
    3    4.030000E-01    2.180163E+00    9.955222E+01
    4    4.030000E-01    2.180163E+00    1.692104E+01
    1    4.031667E-01    2.181590E+00    2.957685E+03
    2    4.031667E-01    2.181590E+00    5.736858E+02
    3    4.031667E-01    2.181590E+00    9.979305E+01
    4    4.031667E-01    2.181590E+00    1.696197E+01
    1    4.033333E-01    2.183017E+00    2.964833E+03
    2    4.033333E-01    2.183017E+00    5.750724E+02
    3    4.033333E-01    2.183017E+00    1.000343E+02
    4    4.033333E-01    2.183017E+00    1.700297E+01
    1    4.035000E-01    2.184445E+00    2.971993E+03
    2    4.035000E-01    2.184445E+00    5.764612E+02
    3    4.035000E-01    2.184445E+00    1.002758E+02
    4    4.035000E-01    2.184445E+00    1.704403E+01
    1    4.036667E-01    2.185873E+00    2.979164E+03
    2    4.036667E-01    2.185873E+00    5.778520E+02
    3    4.036667E-01    2.185873E+00    1.005178E+02
    4    4.036667E-01    2.185873E+00    1.708515E+01
    1    4.038333E-01    2.187301E+00    2.986345E+03
    2    4.038333E-01    2.187301E+00    5.792450E+02
    3    4.038333E-01    2.187301E+00    1.007601E+02
    4    4.038333E-01    2.187301E+00    1.712634E+01
    1    4.040000E-01    2.188730E+00    2.993538E+03
    2    4.040000E-01    2.188730E+00    5.806401E+02
    3    4.040000E-01    2.188730E+00    1.010028E+02
    4    4.040000E-01    2.188730E+00    1.716759E+01
    1    4.041667E-01    2.190159E+00    3.000742E+03
    2    4.041667E-01    2.190159E+00    5.820374E+02
    3    4.041667E-01    2.190159E+00    1.012458E+02
    4    4.041667E-01    2.190159E+00    1.720890E+01
    1    4.043333E-01    2.191589E+00    3.007956E+03
    2    4.043333E-01    2.191589E+00    5.834368E+02
    3    4.043333E-01    2.191589E+00    1.014892E+02
    4    4.043333E-01    2.191589E+00    1.725028E+01
    1    4.045000E-01    2.193020E+00    3.015182E+03
    2    4.045000E-01    2.193020E+00    5.848383E+02
    3    4.045000E-01    2.193020E+00    1.017330E+02
    4    4.045000E-01    2.193020E+00    1.729171E+01
    1    4.046667E-01    2.194451E+00    3.022419E+03
    2    4.046667E-01    2.194451E+00    5.862420E+02
    3    4.046667E-01    2.194451E+00    1.019772E+02
    4    4.046667E-01    2.194451E+00    1.733322E+01
    1    4.048333E-01    2.195882E+00    3.029667E+03
    2    4.048333E-01    2.195882E+00    5.876478E+02
    3    4.048333E-01    2.195882E+00    1.022217E+02
    4    4.048333E-01    2.195882E+00    1.737478E+01
    1    4.050000E-01    2.197314E+00    3.036926E+03
    2    4.050000E-01    2.197314E+00    5.890558E+02
    3    4.050000E-01    2.197314E+00    1.024667E+02
    4    4.050000E-01    2.197314E+00    1.741641E+01
    1    4.051667E-01    2.198746E+00    3.044195E+03
    2    4.051667E-01    2.198746E+00    5.904659E+02
    3    4.051667E-01    2.198746E+00    1.027120E+02
    4    4.051667E-01    2.198746E+00    1.745810E+01
    1    4.053333E-01    2.200178E+00    3.051476E+03
    2    4.053333E-01    2.200178E+00    5.918781E+02
    3    4.053333E-01    2.200178E+00    1.029576E+02
    4    4.053333E-01    2.200178E+00    1.749986E+01
    1    4.055000E-01    2.201612E+00    3.058768E+03
    2    4.055000E-01    2.201612E+00    5.932925E+02
    3    4.055000E-01    2.201612E+00    1.032036E+02
    4    4.055000E-01    2.201612E+00    1.754168E+01
    1    4.056667E-01    2.203045E+00    3.066072E+03
    2    4.056667E-01    2.203045E+00    5.947091E+02
    3    4.056667E-01    2.203045E+00    1.034501E+02
    4    4.056667E-01    2.203045E+00    1.758356E+01
    1    4.058333E-01    2.204479E+00    3.073386E+03
    2    4.058333E-01    2.204479E+00    5.961277E+02
    3    4.058333E-01    2.204479E+00    1.036968E+02
    4    4.058333E-01    2.204479E+00    1.762550E+01
    1    4.060000E-01    2.205914E+00    3.080711E+03
    2    4.060000E-01    2.205914E+00    5.975486E+02
    3    4.060000E-01    2.205914E+00    1.039440E+02
    4    4.060000E-01    2.205914E+00    1.766751E+01
    1    4.061667E-01    2.207349E+00    3.088047E+03
    2    4.061667E-01    2.207349E+00    5.989716E+02
    3    4.061667E-01    2.207349E+00    1.041915E+02
    4    4.061667E-01    2.207349E+00    1.770959E+01
    1    4.063333E-01    2.208784E+00    3.095395E+03
    2    4.063333E-01    2.208784E+00    6.003968E+02
    3    4.063333E-01    2.208784E+00    1.044394E+02
    4    4.063333E-01    2.208784E+00    1.775172E+01
    1    4.065000E-01    2.210220E+00    3.102754E+03
    2    4.065000E-01    2.210220E+00    6.018241E+02
    3    4.065000E-01    2.210220E+00    1.046877E+02
    4    4.065000E-01    2.210220E+00    1.779393E+01
    1    4.066667E-01    2.211657E+00    3.110123E+03
    2    4.066667E-01    2.211657E+00    6.032535E+02
    3    4.066667E-01    2.211657E+00    1.049364E+02
    4    4.066667E-01    2.211657E+00    1.783619E+01
    1    4.068333E-01    2.213094E+00    3.117504E+03
    2    4.068333E-01    2.213094E+00    6.046852E+02
    3    4.068333E-01    2.213094E+00    1.051854E+02
    4    4.068333E-01    2.213094E+00    1.787852E+01
    1    4.070000E-01    2.214531E+00    3.124896E+03
    2    4.070000E-01    2.214531E+00    6.061190E+02
    3    4.070000E-01    2.214531E+00    1.054348E+02
    4    4.070000E-01    2.214531E+00    1.792091E+01
    1    4.071667E-01    2.215969E+00    3.132299E+03
    2    4.071667E-01    2.215969E+00    6.075549E+02
    3    4.071667E-01    2.215969E+00    1.056846E+02
    4    4.071667E-01    2.215969E+00    1.796337E+01
    1    4.073333E-01    2.217407E+00    3.139714E+03
    2    4.073333E-01    2.217407E+00    6.089931E+02
    3    4.073333E-01    2.217407E+00    1.059348E+02
    4    4.073333E-01    2.217407E+00    1.800589E+01
    1    4.075000E-01    2.218846E+00    3.147139E+03
    2    4.075000E-01    2.218846E+00    6.104333E+02
    3    4.075000E-01    2.218846E+00    1.061853E+02
    4    4.075000E-01    2.218846E+00    1.804847E+01
    1    4.076667E-01    2.220285E+00    3.154576E+03
    2    4.076667E-01    2.220285E+00    6.118758E+02
    3    4.076667E-01    2.220285E+00    1.064362E+02
    4    4.076667E-01    2.220285E+00    1.809112E+01
    1    4.078333E-01    2.221725E+00    3.162024E+03
    2    4.078333E-01    2.221725E+00    6.133204E+02
    3    4.078333E-01    2.221725E+00    1.066875E+02
    4    4.078333E-01    2.221725E+00    1.813384E+01
    1    4.080000E-01    2.223165E+00    3.169483E+03
    2    4.080000E-01    2.223165E+00    6.147672E+02
    3    4.080000E-01    2.223165E+00    1.069392E+02
    4    4.080000E-01    2.223165E+00    1.817661E+01
    1    4.081667E-01    2.224606E+00    3.176954E+03
    2    4.081667E-01    2.224606E+00    6.162162E+02
    3    4.081667E-01    2.224606E+00    1.071912E+02
    4    4.081667E-01    2.224606E+00    1.821945E+01
    1    4.083333E-01    2.226047E+00    3.184435E+03
    2    4.083333E-01    2.226047E+00    6.176674E+02
    3    4.083333E-01    2.226047E+00    1.074437E+02
    4    4.083333E-01    2.226047E+00    1.826236E+01
    1    4.085000E-01    2.227488E+00    3.191928E+03
    2    4.085000E-01    2.227488E+00    6.191207E+02
    3    4.085000E-01    2.227488E+00    1.076965E+02
    4    4.085000E-01    2.227488E+00    1.830533E+01
    1    4.086667E-01    2.228930E+00    3.199432E+03
    2    4.086667E-01    2.228930E+00    6.205762E+02
    3    4.086667E-01    2.228930E+00    1.079497E+02
    4    4.086667E-01    2.228930E+00    1.834836E+01
    1    4.088333E-01    2.230373E+00    3.206947E+03
    2    4.088333E-01    2.230373E+00    6.220339E+02
    3    4.088333E-01    2.230373E+00    1.082032E+02
    4    4.088333E-01    2.230373E+00    1.839146E+01
    1    4.090000E-01    2.231816E+00    3.214474E+03
    2    4.090000E-01    2.231816E+00    6.234938E+02
    3    4.090000E-01    2.231816E+00    1.084572E+02
    4    4.090000E-01    2.231816E+00    1.843463E+01
    1    4.091667E-01    2.233259E+00    3.222011E+03
    2    4.091667E-01    2.233259E+00    6.249559E+02
    3    4.091667E-01    2.233259E+00    1.087115E+02
    4    4.091667E-01    2.233259E+00    1.847786E+01
    1    4.093333E-01    2.234703E+00    3.229560E+03
    2    4.093333E-01    2.234703E+00    6.264201E+02
    3    4.093333E-01    2.234703E+00    1.089662E+02
    4    4.093333E-01    2.234703E+00    1.852115E+01
    1    4.095000E-01    2.236147E+00    3.237121E+03
    2    4.095000E-01    2.236147E+00    6.278865E+02
    3    4.095000E-01    2.236147E+00    1.092213E+02
    4    4.095000E-01    2.236147E+00    1.856451E+01
    1    4.096667E-01    2.237592E+00    3.244692E+03
    2    4.096667E-01    2.237592E+00    6.293552E+02
    3    4.096667E-01    2.237592E+00    1.094768E+02
    4    4.096667E-01    2.237592E+00    1.860793E+01
    1    4.098333E-01    2.239038E+00    3.252275E+03
    2    4.098333E-01    2.239038E+00    6.308260E+02
    3    4.098333E-01    2.239038E+00    1.097326E+02
    4    4.098333E-01    2.239038E+00    1.865142E+01
    1    4.100000E-01    2.240483E+00    3.259869E+03
    2    4.100000E-01    2.240483E+00    6.322990E+02
    3    4.100000E-01    2.240483E+00    1.099888E+02
    4    4.100000E-01    2.240483E+00    1.869497E+01
    1    4.101667E-01    2.241930E+00    3.267475E+03
    2    4.101667E-01    2.241930E+00    6.337742E+02
    3    4.101667E-01    2.241930E+00    1.102455E+02
    4    4.101667E-01    2.241930E+00    1.873858E+01
    1    4.103333E-01    2.243376E+00    3.275092E+03
    2    4.103333E-01    2.243376E+00    6.352516E+02
    3    4.103333E-01    2.243376E+00    1.105025E+02
    4    4.103333E-01    2.243376E+00    1.878227E+01
    1    4.105000E-01    2.244823E+00    3.282720E+03
    2    4.105000E-01    2.244823E+00    6.367312E+02
    3    4.105000E-01    2.244823E+00    1.107598E+02
    4    4.105000E-01    2.244823E+00    1.882601E+01
    1    4.106667E-01    2.246271E+00    3.290359E+03
    2    4.106667E-01    2.246271E+00    6.382129E+02
    3    4.106667E-01    2.246271E+00    1.110176E+02
    4    4.106667E-01    2.246271E+00    1.886982E+01
    1    4.108333E-01    2.247719E+00    3.298010E+03
    2    4.108333E-01    2.247719E+00    6.396969E+02
    3    4.108333E-01    2.247719E+00    1.112757E+02
    4    4.108333E-01    2.247719E+00    1.891370E+01
    1    4.110000E-01    2.249168E+00    3.305672E+03
    2    4.110000E-01    2.249168E+00    6.411831E+02
    3    4.110000E-01    2.249168E+00    1.115343E+02
    4    4.110000E-01    2.249168E+00    1.895764E+01
    1    4.111667E-01    2.250617E+00    3.313346E+03
    2    4.111667E-01    2.250617E+00    6.426715E+02
    3    4.111667E-01    2.250617E+00    1.117932E+02
    4    4.111667E-01    2.250617E+00    1.900165E+01
    1    4.113333E-01    2.252066E+00    3.321031E+03
    2    4.113333E-01    2.252066E+00    6.441621E+02
    3    4.113333E-01    2.252066E+00    1.120525E+02
    4    4.113333E-01    2.252066E+00    1.904572E+01
    1    4.115000E-01    2.253516E+00    3.328727E+03
    2    4.115000E-01    2.253516E+00    6.456549E+02
    3    4.115000E-01    2.253516E+00    1.123121E+02
    4    4.115000E-01    2.253516E+00    1.908986E+01
    1    4.116667E-01    2.254967E+00    3.336435E+03
    2    4.116667E-01    2.254967E+00    6.471500E+02
    3    4.116667E-01    2.254967E+00    1.125722E+02
    4    4.116667E-01    2.254967E+00    1.913406E+01
    1    4.118333E-01    2.256417E+00    3.344154E+03
    2    4.118333E-01    2.256417E+00    6.486472E+02
    3    4.118333E-01    2.256417E+00    1.128326E+02
    4    4.118333E-01    2.256417E+00    1.917833E+01
    1    4.120000E-01    2.257869E+00    3.351885E+03
    2    4.120000E-01    2.257869E+00    6.501466E+02
    3    4.120000E-01    2.257869E+00    1.130935E+02
    4    4.120000E-01    2.257869E+00    1.922266E+01
    1    4.121667E-01    2.259321E+00    3.359626E+03
    2    4.121667E-01    2.259321E+00    6.516483E+02
    3    4.121667E-01    2.259321E+00    1.133547E+02
    4    4.121667E-01    2.259321E+00    1.926706E+01
    1    4.123333E-01    2.260773E+00    3.367380E+03
    2    4.123333E-01    2.260773E+00    6.531522E+02
    3    4.123333E-01    2.260773E+00    1.136163E+02
    4    4.123333E-01    2.260773E+00    1.931153E+01
    1    4.125000E-01    2.262226E+00    3.375145E+03
    2    4.125000E-01    2.262226E+00    6.546582E+02
    3    4.125000E-01    2.262226E+00    1.138783E+02
    4    4.125000E-01    2.262226E+00    1.935606E+01
    1    4.126667E-01    2.263679E+00    3.382921E+03
    2    4.126667E-01    2.263679E+00    6.561666E+02
    3    4.126667E-01    2.263679E+00    1.141406E+02
    4    4.126667E-01    2.263679E+00    1.940065E+01
    1    4.128333E-01    2.265133E+00    3.390708E+03
    2    4.128333E-01    2.265133E+00    6.576771E+02
    3    4.128333E-01    2.265133E+00    1.144034E+02
    4    4.128333E-01    2.265133E+00    1.944531E+01
    1    4.130000E-01    2.266587E+00    3.398508E+03
    2    4.130000E-01    2.266587E+00    6.591898E+02
    3    4.130000E-01    2.266587E+00    1.146665E+02
    4    4.130000E-01    2.266587E+00    1.949004E+01
    1    4.131667E-01    2.268041E+00    3.406318E+03
    2    4.131667E-01    2.268041E+00    6.607048E+02
    3    4.131667E-01    2.268041E+00    1.149301E+02
    4    4.131667E-01    2.268041E+00    1.953483E+01
    1    4.133333E-01    2.269496E+00    3.414140E+03
    2    4.133333E-01    2.269496E+00    6.622220E+02
    3    4.133333E-01    2.269496E+00    1.151940E+02
    4    4.133333E-01    2.269496E+00    1.957969E+01
    1    4.135000E-01    2.270952E+00    3.421974E+03
    2    4.135000E-01    2.270952E+00    6.637414E+02
    3    4.135000E-01    2.270952E+00    1.154583E+02
    4    4.135000E-01    2.270952E+00    1.962462E+01
    1    4.136667E-01    2.272408E+00    3.429819E+03
    2    4.136667E-01    2.272408E+00    6.652631E+02
    3    4.136667E-01    2.272408E+00    1.157230E+02
    4    4.136667E-01    2.272408E+00    1.966961E+01
    1    4.138333E-01    2.273865E+00    3.437675E+03
    2    4.138333E-01    2.273865E+00    6.667870E+02
    3    4.138333E-01    2.273865E+00    1.159881E+02
    4    4.138333E-01    2.273865E+00    1.971466E+01
    1    4.140000E-01    2.275322E+00    3.445543E+03
    2    4.140000E-01    2.275322E+00    6.683131E+02
    3    4.140000E-01    2.275322E+00    1.162535E+02
    4    4.140000E-01    2.275322E+00    1.975978E+01
    1    4.141667E-01    2.276779E+00    3.453423E+03
    2    4.141667E-01    2.276779E+00    6.698415E+02
    3    4.141667E-01    2.276779E+00    1.165194E+02
    4    4.141667E-01    2.276779E+00    1.980497E+01
    1    4.143333E-01    2.278237E+00    3.461314E+03
    2    4.143333E-01    2.278237E+00    6.713721E+02
    3    4.143333E-01    2.278237E+00    1.167856E+02
    4    4.143333E-01    2.278237E+00    1.985023E+01
    1    4.145000E-01    2.279695E+00    3.469217E+03
    2    4.145000E-01    2.279695E+00    6.729049E+02
    3    4.145000E-01    2.279695E+00    1.170523E+02
    4    4.145000E-01    2.279695E+00    1.989555E+01
    1    4.146667E-01    2.281154E+00    3.477131E+03
    2    4.146667E-01    2.281154E+00    6.744399E+02
    3    4.146667E-01    2.281154E+00    1.173193E+02
    4    4.146667E-01    2.281154E+00    1.994093E+01
    1    4.148333E-01    2.282613E+00    3.485056E+03
    2    4.148333E-01    2.282613E+00    6.759773E+02
    3    4.148333E-01    2.282613E+00    1.175867E+02
    4    4.148333E-01    2.282613E+00    1.998639E+01
    1    4.150000E-01    2.284073E+00    3.492994E+03
    2    4.150000E-01    2.284073E+00    6.775168E+02
    3    4.150000E-01    2.284073E+00    1.178545E+02
    4    4.150000E-01    2.284073E+00    2.003191E+01
    1    4.151667E-01    2.285533E+00    3.500943E+03
    2    4.151667E-01    2.285533E+00    6.790586E+02
    3    4.151667E-01    2.285533E+00    1.181227E+02
    4    4.151667E-01    2.285533E+00    2.007749E+01
    1    4.153333E-01    2.286994E+00    3.508903E+03
    2    4.153333E-01    2.286994E+00    6.806026E+02
    3    4.153333E-01    2.286994E+00    1.183913E+02
    4    4.153333E-01    2.286994E+00    2.012314E+01
    1    4.155000E-01    2.288455E+00    3.516875E+03
    2    4.155000E-01    2.288455E+00    6.821489E+02
    3    4.155000E-01    2.288455E+00    1.186603E+02
    4    4.155000E-01    2.288455E+00    2.016886E+01
    1    4.156667E-01    2.289917E+00    3.524859E+03
    2    4.156667E-01    2.289917E+00    6.836975E+02
    3    4.156667E-01    2.289917E+00    1.189297E+02
    4    4.156667E-01    2.289917E+00    2.021465E+01
    1    4.158333E-01    2.291379E+00    3.532854E+03
    2    4.158333E-01    2.291379E+00    6.852483E+02
    3    4.158333E-01    2.291379E+00    1.191994E+02
    4    4.158333E-01    2.291379E+00    2.026050E+01
    1    4.160000E-01    2.292841E+00    3.540861E+03
    2    4.160000E-01    2.292841E+00    6.868013E+02
    3    4.160000E-01    2.292841E+00    1.194696E+02
    4    4.160000E-01    2.292841E+00    2.030642E+01
    1    4.161667E-01    2.294304E+00    3.548879E+03
    2    4.161667E-01    2.294304E+00    6.883566E+02
    3    4.161667E-01    2.294304E+00    1.197401E+02
    4    4.161667E-01    2.294304E+00    2.035240E+01
    1    4.163333E-01    2.295768E+00    3.556909E+03
    2    4.163333E-01    2.295768E+00    6.899141E+02
    3    4.163333E-01    2.295768E+00    1.200110E+02
    4    4.163333E-01    2.295768E+00    2.039845E+01
    1    4.165000E-01    2.297232E+00    3.564951E+03
    2    4.165000E-01    2.297232E+00    6.914739E+02
    3    4.165000E-01    2.297232E+00    1.202824E+02
    4    4.165000E-01    2.297232E+00    2.044457E+01
    1    4.166667E-01    2.298696E+00    3.573004E+03
    2    4.166667E-01    2.298696E+00    6.930360E+02
    3    4.166667E-01    2.298696E+00    1.205541E+02
    4    4.166667E-01    2.298696E+00    2.049076E+01
    1    4.168333E-01    2.300161E+00    3.581069E+03
    2    4.168333E-01    2.300161E+00    6.946003E+02
    3    4.168333E-01    2.300161E+00    1.208262E+02
    4    4.168333E-01    2.300161E+00    2.053701E+01
    1    4.170000E-01    2.301627E+00    3.589146E+03
    2    4.170000E-01    2.301627E+00    6.961669E+02
    3    4.170000E-01    2.301627E+00    1.210987E+02
    4    4.170000E-01    2.301627E+00    2.058333E+01
    1    4.171667E-01    2.303092E+00    3.597234E+03
    2    4.171667E-01    2.303092E+00    6.977358E+02
    3    4.171667E-01    2.303092E+00    1.213716E+02
    4    4.171667E-01    2.303092E+00    2.062971E+01
    1    4.173333E-01    2.304559E+00    3.605334E+03
    2    4.173333E-01    2.304559E+00    6.993069E+02
    3    4.173333E-01    2.304559E+00    1.216449E+02
    4    4.173333E-01    2.304559E+00    2.067617E+01
    1    4.175000E-01    2.306025E+00    3.613446E+03
    2    4.175000E-01    2.306025E+00    7.008803E+02
    3    4.175000E-01    2.306025E+00    1.219186E+02
    4    4.175000E-01    2.306025E+00    2.072269E+01
    1    4.176667E-01    2.307493E+00    3.621570E+03
    2    4.176667E-01    2.307493E+00    7.024560E+02
    3    4.176667E-01    2.307493E+00    1.221927E+02
    4    4.176667E-01    2.307493E+00    2.076927E+01
    1    4.178333E-01    2.308960E+00    3.629705E+03
    2    4.178333E-01    2.308960E+00    7.040339E+02
    3    4.178333E-01    2.308960E+00    1.224672E+02
    4    4.178333E-01    2.308960E+00    2.081593E+01
    1    4.180000E-01    2.310428E+00    3.637852E+03
    2    4.180000E-01    2.310428E+00    7.056141E+02
    3    4.180000E-01    2.310428E+00    1.227421E+02
    4    4.180000E-01    2.310428E+00    2.086265E+01
    1    4.181667E-01    2.311897E+00    3.646010E+03
    2    4.181667E-01    2.311897E+00    7.071966E+02
    3    4.181667E-01    2.311897E+00    1.230173E+02
    4    4.181667E-01    2.311897E+00    2.090944E+01
    1    4.183333E-01    2.313366E+00    3.654180E+03
    2    4.183333E-01    2.313366E+00    7.087813E+02
    3    4.183333E-01    2.313366E+00    1.232930E+02
    4    4.183333E-01    2.313366E+00    2.095629E+01
    1    4.185000E-01    2.314836E+00    3.662363E+03
    2    4.185000E-01    2.314836E+00    7.103683E+02
    3    4.185000E-01    2.314836E+00    1.235691E+02
    4    4.185000E-01    2.314836E+00    2.100322E+01
    1    4.186667E-01    2.316306E+00    3.670556E+03
    2    4.186667E-01    2.316306E+00    7.119577E+02
    3    4.186667E-01    2.316306E+00    1.238455E+02
    4    4.186667E-01    2.316306E+00    2.105021E+01
    1    4.188333E-01    2.317776E+00    3.678762E+03
    2    4.188333E-01    2.317776E+00    7.135493E+02
    3    4.188333E-01    2.317776E+00    1.241224E+02
    4    4.188333E-01    2.317776E+00    2.109727E+01
    1    4.190000E-01    2.319247E+00    3.686979E+03
    2    4.190000E-01    2.319247E+00    7.151431E+02
    3    4.190000E-01    2.319247E+00    1.243996E+02
    4    4.190000E-01    2.319247E+00    2.114439E+01
    1    4.191667E-01    2.320719E+00    3.695208E+03
    2    4.191667E-01    2.320719E+00    7.167393E+02
    3    4.191667E-01    2.320719E+00    1.246773E+02
    4    4.191667E-01    2.320719E+00    2.119158E+01
    1    4.193333E-01    2.322190E+00    3.703449E+03
    2    4.193333E-01    2.322190E+00    7.183377E+02
    3    4.193333E-01    2.322190E+00    1.249554E+02
    4    4.193333E-01    2.322190E+00    2.123885E+01
    1    4.195000E-01    2.323663E+00    3.711702E+03
    2    4.195000E-01    2.323663E+00    7.199385E+02
    3    4.195000E-01    2.323663E+00    1.252338E+02
    4    4.195000E-01    2.323663E+00    2.128617E+01
    1    4.196667E-01    2.325136E+00    3.719967E+03
    2    4.196667E-01    2.325136E+00    7.215415E+02
    3    4.196667E-01    2.325136E+00    1.255126E+02
    4    4.196667E-01    2.325136E+00    2.133357E+01
    1    4.198333E-01    2.326609E+00    3.728243E+03
    2    4.198333E-01    2.326609E+00    7.231468E+02
    3    4.198333E-01    2.326609E+00    1.257919E+02
    4    4.198333E-01    2.326609E+00    2.138103E+01
    1    4.200000E-01    2.328083E+00    3.736531E+03
    2    4.200000E-01    2.328083E+00    7.247544E+02
    3    4.200000E-01    2.328083E+00    1.260715E+02
    4    4.200000E-01    2.328083E+00    2.142856E+01
    1    4.201667E-01    2.329557E+00    3.744831E+03
    2    4.201667E-01    2.329557E+00    7.263643E+02
    3    4.201667E-01    2.329557E+00    1.263516E+02
    4    4.201667E-01    2.329557E+00    2.147616E+01
    1    4.203333E-01    2.331032E+00    3.753143E+03
    2    4.203333E-01    2.331032E+00    7.279765E+02
    3    4.203333E-01    2.331032E+00    1.266320E+02
    4    4.203333E-01    2.331032E+00    2.152383E+01
    1    4.205000E-01    2.332507E+00    3.761467E+03
    2    4.205000E-01    2.332507E+00    7.295910E+02
    3    4.205000E-01    2.332507E+00    1.269129E+02
    4    4.205000E-01    2.332507E+00    2.157157E+01
    1    4.206667E-01    2.333982E+00    3.769802E+03
    2    4.206667E-01    2.333982E+00    7.312078E+02
    3    4.206667E-01    2.333982E+00    1.271941E+02
    4    4.206667E-01    2.333982E+00    2.161937E+01
    1    4.208333E-01    2.335458E+00    3.778149E+03
    2    4.208333E-01    2.335458E+00    7.328269E+02
    3    4.208333E-01    2.335458E+00    1.274758E+02
    4    4.208333E-01    2.335458E+00    2.166724E+01
    1    4.210000E-01    2.336935E+00    3.786509E+03
    2    4.210000E-01    2.336935E+00    7.344483E+02
    3    4.210000E-01    2.336935E+00    1.277578E+02
    4    4.210000E-01    2.336935E+00    2.171518E+01
    1    4.211667E-01    2.338412E+00    3.794880E+03
    2    4.211667E-01    2.338412E+00    7.360720E+02
    3    4.211667E-01    2.338412E+00    1.280402E+02
    4    4.211667E-01    2.338412E+00    2.176319E+01
    1    4.213333E-01    2.339890E+00    3.803263E+03
    2    4.213333E-01    2.339890E+00    7.376980E+02
    3    4.213333E-01    2.339890E+00    1.283231E+02
    4    4.213333E-01    2.339890E+00    2.181126E+01
    1    4.215000E-01    2.341368E+00    3.811658E+03
    2    4.215000E-01    2.341368E+00    7.393263E+02
    3    4.215000E-01    2.341368E+00    1.286063E+02
    4    4.215000E-01    2.341368E+00    2.185941E+01
    1    4.216667E-01    2.342846E+00    3.820065E+03
    2    4.216667E-01    2.342846E+00    7.409570E+02
    3    4.216667E-01    2.342846E+00    1.288900E+02
    4    4.216667E-01    2.342846E+00    2.190762E+01
    1    4.218333E-01    2.344325E+00    3.828483E+03
    2    4.218333E-01    2.344325E+00    7.425899E+02
    3    4.218333E-01    2.344325E+00    1.291740E+02
    4    4.218333E-01    2.344325E+00    2.195590E+01
    1    4.220000E-01    2.345804E+00    3.836914E+03
    2    4.220000E-01    2.345804E+00    7.442252E+02
    3    4.220000E-01    2.345804E+00    1.294585E+02
    4    4.220000E-01    2.345804E+00    2.200425E+01
    1    4.221667E-01    2.347284E+00    3.845357E+03
    2    4.221667E-01    2.347284E+00    7.458627E+02
    3    4.221667E-01    2.347284E+00    1.297433E+02
    4    4.221667E-01    2.347284E+00    2.205267E+01
    1    4.223333E-01    2.348764E+00    3.853811E+03
    2    4.223333E-01    2.348764E+00    7.475026E+02
    3    4.223333E-01    2.348764E+00    1.300286E+02
    4    4.223333E-01    2.348764E+00    2.210115E+01
    1    4.225000E-01    2.350245E+00    3.862278E+03
    2    4.225000E-01    2.350245E+00    7.491448E+02
    3    4.225000E-01    2.350245E+00    1.303143E+02
    4    4.225000E-01    2.350245E+00    2.214971E+01
    1    4.226667E-01    2.351726E+00    3.870756E+03
    2    4.226667E-01    2.351726E+00    7.507894E+02
    3    4.226667E-01    2.351726E+00    1.306003E+02
    4    4.226667E-01    2.351726E+00    2.219833E+01
    1    4.228333E-01    2.353208E+00    3.879247E+03
    2    4.228333E-01    2.353208E+00    7.524362E+02
    3    4.228333E-01    2.353208E+00    1.308868E+02
    4    4.228333E-01    2.353208E+00    2.224702E+01
    1    4.230000E-01    2.354690E+00    3.887749E+03
    2    4.230000E-01    2.354690E+00    7.540854E+02
    3    4.230000E-01    2.354690E+00    1.311737E+02
    4    4.230000E-01    2.354690E+00    2.229578E+01
    1    4.231667E-01    2.356173E+00    3.896264E+03
    2    4.231667E-01    2.356173E+00    7.557369E+02
    3    4.231667E-01    2.356173E+00    1.314610E+02
    4    4.231667E-01    2.356173E+00    2.234461E+01
    1    4.233333E-01    2.357656E+00    3.904790E+03
    2    4.233333E-01    2.357656E+00    7.573907E+02
    3    4.233333E-01    2.357656E+00    1.317486E+02
    4    4.233333E-01    2.357656E+00    2.239351E+01
    1    4.235000E-01    2.359139E+00    3.913329E+03
    2    4.235000E-01    2.359139E+00    7.590469E+02
    3    4.235000E-01    2.359139E+00    1.320367E+02
    4    4.235000E-01    2.359139E+00    2.244248E+01
    1    4.236667E-01    2.360623E+00    3.921879E+03
    2    4.236667E-01    2.360623E+00    7.607054E+02
    3    4.236667E-01    2.360623E+00    1.323252E+02
    4    4.236667E-01    2.360623E+00    2.249151E+01
    1    4.238333E-01    2.362108E+00    3.930442E+03
    2    4.238333E-01    2.362108E+00    7.623662E+02
    3    4.238333E-01    2.362108E+00    1.326141E+02
    4    4.238333E-01    2.362108E+00    2.254062E+01
    1    4.240000E-01    2.363593E+00    3.939016E+03
    2    4.240000E-01    2.363593E+00    7.640293E+02
    3    4.240000E-01    2.363593E+00    1.329034E+02
    4    4.240000E-01    2.363593E+00    2.258979E+01
    1    4.241667E-01    2.365078E+00    3.947603E+03
    2    4.241667E-01    2.365078E+00    7.656948E+02
    3    4.241667E-01    2.365078E+00    1.331931E+02
    4    4.241667E-01    2.365078E+00    2.263904E+01
    1    4.243333E-01    2.366564E+00    3.956201E+03
    2    4.243333E-01    2.366564E+00    7.673626E+02
    3    4.243333E-01    2.366564E+00    1.334833E+02
    4    4.243333E-01    2.366564E+00    2.268835E+01
    1    4.245000E-01    2.368050E+00    3.964812E+03
    2    4.245000E-01    2.368050E+00    7.690328E+02
    3    4.245000E-01    2.368050E+00    1.337738E+02
    4    4.245000E-01    2.368050E+00    2.273773E+01
    1    4.246667E-01    2.369537E+00    3.973435E+03
    2    4.246667E-01    2.369537E+00    7.707053E+02
    3    4.246667E-01    2.369537E+00    1.340647E+02
    4    4.246667E-01    2.369537E+00    2.278718E+01
    1    4.248333E-01    2.371025E+00    3.982069E+03
    2    4.248333E-01    2.371025E+00    7.723801E+02
    3    4.248333E-01    2.371025E+00    1.343561E+02
    4    4.248333E-01    2.371025E+00    2.283670E+01
    1    4.250000E-01    2.372512E+00    3.990716E+03
    2    4.250000E-01    2.372512E+00    7.740573E+02
    3    4.250000E-01    2.372512E+00    1.346478E+02
    4    4.250000E-01    2.372512E+00    2.288629E+01
    1    4.251667E-01    2.374001E+00    3.999375E+03
    2    4.251667E-01    2.374001E+00    7.757369E+02
    3    4.251667E-01    2.374001E+00    1.349400E+02
    4    4.251667E-01    2.374001E+00    2.293595E+01
    1    4.253333E-01    2.375489E+00    4.008046E+03
    2    4.253333E-01    2.375489E+00    7.774188E+02
    3    4.253333E-01    2.375489E+00    1.352325E+02
    4    4.253333E-01    2.375489E+00    2.298567E+01
    1    4.255000E-01    2.376978E+00    4.016730E+03
    2    4.255000E-01    2.376978E+00    7.791030E+02
    3    4.255000E-01    2.376978E+00    1.355255E+02
    4    4.255000E-01    2.376978E+00    2.303547E+01
    1    4.256667E-01    2.378468E+00    4.025425E+03
    2    4.256667E-01    2.378468E+00    7.807896E+02
    3    4.256667E-01    2.378468E+00    1.358189E+02
    4    4.256667E-01    2.378468E+00    2.308534E+01
    1    4.258333E-01    2.379958E+00    4.034132E+03
    2    4.258333E-01    2.379958E+00    7.824785E+02
    3    4.258333E-01    2.379958E+00    1.361127E+02
    4    4.258333E-01    2.379958E+00    2.313527E+01
    1    4.260000E-01    2.381449E+00    4.042852E+03
    2    4.260000E-01    2.381449E+00    7.841698E+02
    3    4.260000E-01    2.381449E+00    1.364069E+02
    4    4.260000E-01    2.381449E+00    2.318528E+01
    1    4.261667E-01    2.382940E+00    4.051584E+03
    2    4.261667E-01    2.382940E+00    7.858635E+02
    3    4.261667E-01    2.382940E+00    1.367015E+02
    4    4.261667E-01    2.382940E+00    2.323536E+01
    1    4.263333E-01    2.384431E+00    4.060328E+03
    2    4.263333E-01    2.384431E+00    7.875595E+02
    3    4.263333E-01    2.384431E+00    1.369965E+02
    4    4.263333E-01    2.384431E+00    2.328550E+01
    1    4.265000E-01    2.385923E+00    4.069084E+03
    2    4.265000E-01    2.385923E+00    7.892578E+02
    3    4.265000E-01    2.385923E+00    1.372920E+02
    4    4.265000E-01    2.385923E+00    2.333572E+01
    1    4.266667E-01    2.387416E+00    4.077852E+03
    2    4.266667E-01    2.387416E+00    7.909586E+02
    3    4.266667E-01    2.387416E+00    1.375878E+02
    4    4.266667E-01    2.387416E+00    2.338600E+01
    1    4.268333E-01    2.388908E+00    4.086632E+03
    2    4.268333E-01    2.388908E+00    7.926616E+02
    3    4.268333E-01    2.388908E+00    1.378840E+02
    4    4.268333E-01    2.388908E+00    2.343635E+01
    1    4.270000E-01    2.390402E+00    4.095425E+03
    2    4.270000E-01    2.390402E+00    7.943671E+02
    3    4.270000E-01    2.390402E+00    1.381807E+02
    4    4.270000E-01    2.390402E+00    2.348678E+01
    1    4.271667E-01    2.391896E+00    4.104230E+03
    2    4.271667E-01    2.391896E+00    7.960749E+02
    3    4.271667E-01    2.391896E+00    1.384778E+02
    4    4.271667E-01    2.391896E+00    2.353727E+01
    1    4.273333E-01    2.393390E+00    4.113047E+03
    2    4.273333E-01    2.393390E+00    7.977851E+02
    3    4.273333E-01    2.393390E+00    1.387753E+02
    4    4.273333E-01    2.393390E+00    2.358784E+01
    1    4.275000E-01    2.394885E+00    4.121876E+03
    2    4.275000E-01    2.394885E+00    7.994977E+02
    3    4.275000E-01    2.394885E+00    1.390732E+02
    4    4.275000E-01    2.394885E+00    2.363847E+01
    1    4.276667E-01    2.396380E+00    4.130718E+03
    2    4.276667E-01    2.396380E+00    8.012126E+02
    3    4.276667E-01    2.396380E+00    1.393715E+02
    4    4.276667E-01    2.396380E+00    2.368918E+01
    1    4.278333E-01    2.397876E+00    4.139571E+03
    2    4.278333E-01    2.397876E+00    8.029299E+02
    3    4.278333E-01    2.397876E+00    1.396702E+02
    4    4.278333E-01    2.397876E+00    2.373995E+01
    1    4.280000E-01    2.399372E+00    4.148437E+03
    2    4.280000E-01    2.399372E+00    8.046496E+02
    3    4.280000E-01    2.399372E+00    1.399694E+02
    4    4.280000E-01    2.399372E+00    2.379080E+01
    1    4.281667E-01    2.400868E+00    4.157315E+03
    2    4.281667E-01    2.400868E+00    8.063716E+02
    3    4.281667E-01    2.400868E+00    1.402689E+02
    4    4.281667E-01    2.400868E+00    2.384171E+01
    1    4.283333E-01    2.402365E+00    4.166206E+03
    2    4.283333E-01    2.402365E+00    8.080961E+02
    3    4.283333E-01    2.402365E+00    1.405689E+02
    4    4.283333E-01    2.402365E+00    2.389270E+01
    1    4.285000E-01    2.403863E+00    4.175109E+03
    2    4.285000E-01    2.403863E+00    8.098229E+02
    3    4.285000E-01    2.403863E+00    1.408693E+02
    4    4.285000E-01    2.403863E+00    2.394376E+01
    1    4.286667E-01    2.405361E+00    4.184024E+03
    2    4.286667E-01    2.405361E+00    8.115521E+02
    3    4.286667E-01    2.405361E+00    1.411701E+02
    4    4.286667E-01    2.405361E+00    2.399488E+01
    1    4.288333E-01    2.406859E+00    4.192951E+03
    2    4.288333E-01    2.406859E+00    8.132837E+02
    3    4.288333E-01    2.406859E+00    1.414713E+02
    4    4.288333E-01    2.406859E+00    2.404608E+01
    1    4.290000E-01    2.408358E+00    4.201891E+03
    2    4.290000E-01    2.408358E+00    8.150176E+02
    3    4.290000E-01    2.408358E+00    1.417729E+02
    4    4.290000E-01    2.408358E+00    2.409735E+01
    1    4.291667E-01    2.409858E+00    4.210842E+03
    2    4.291667E-01    2.409858E+00    8.167540E+02
    3    4.291667E-01    2.409858E+00    1.420749E+02
    4    4.291667E-01    2.409858E+00    2.414868E+01
    1    4.293333E-01    2.411358E+00    4.219807E+03
    2    4.293333E-01    2.411358E+00    8.184927E+02
    3    4.293333E-01    2.411358E+00    1.423774E+02
    4    4.293333E-01    2.411358E+00    2.420009E+01
    1    4.295000E-01    2.412858E+00    4.228783E+03
    2    4.295000E-01    2.412858E+00    8.202339E+02
    3    4.295000E-01    2.412858E+00    1.426803E+02
    4    4.295000E-01    2.412858E+00    2.425157E+01
    1    4.296667E-01    2.414359E+00    4.237772E+03
    2    4.296667E-01    2.414359E+00    8.219774E+02
    3    4.296667E-01    2.414359E+00    1.429835E+02
    4    4.296667E-01    2.414359E+00    2.430312E+01
    1    4.298333E-01    2.415860E+00    4.246773E+03
    2    4.298333E-01    2.415860E+00    8.237233E+02
    3    4.298333E-01    2.415860E+00    1.432872E+02
    4    4.298333E-01    2.415860E+00    2.435474E+01
    1    4.300000E-01    2.417362E+00    4.255787E+03
    2    4.300000E-01    2.417362E+00    8.254716E+02
    3    4.300000E-01    2.417362E+00    1.435914E+02
    4    4.300000E-01    2.417362E+00    2.440644E+01
    1    4.301667E-01    2.418864E+00    4.264813E+03
    2    4.301667E-01    2.418864E+00    8.272223E+02
    3    4.301667E-01    2.418864E+00    1.438959E+02
    4    4.301667E-01    2.418864E+00    2.445820E+01
    1    4.303333E-01    2.420367E+00    4.273851E+03
    2    4.303333E-01    2.420367E+00    8.289754E+02
    3    4.303333E-01    2.420367E+00    1.442009E+02
    4    4.303333E-01    2.420367E+00    2.451003E+01
    1    4.305000E-01    2.421870E+00    4.282902E+03
    2    4.305000E-01    2.421870E+00    8.307309E+02
    3    4.305000E-01    2.421870E+00    1.445062E+02
    4    4.305000E-01    2.421870E+00    2.456194E+01
    1    4.306667E-01    2.423374E+00    4.291965E+03
    2    4.306667E-01    2.423374E+00    8.324889E+02
    3    4.306667E-01    2.423374E+00    1.448120E+02
    4    4.306667E-01    2.423374E+00    2.461391E+01
    1    4.308333E-01    2.424878E+00    4.301040E+03
    2    4.308333E-01    2.424878E+00    8.342492E+02
    3    4.308333E-01    2.424878E+00    1.451182E+02
    4    4.308333E-01    2.424878E+00    2.466596E+01
    1    4.310000E-01    2.426382E+00    4.310128E+03
    2    4.310000E-01    2.426382E+00    8.360119E+02
    3    4.310000E-01    2.426382E+00    1.454249E+02
    4    4.310000E-01    2.426382E+00    2.471808E+01
    1    4.311667E-01    2.427887E+00    4.319229E+03
    2    4.311667E-01    2.427887E+00    8.377770E+02
    3    4.311667E-01    2.427887E+00    1.457319E+02
    4    4.311667E-01    2.427887E+00    2.477027E+01
    1    4.313333E-01    2.429393E+00    4.328341E+03
    2    4.313333E-01    2.429393E+00    8.395446E+02
    3    4.313333E-01    2.429393E+00    1.460394E+02
    4    4.313333E-01    2.429393E+00    2.482253E+01
    1    4.315000E-01    2.430899E+00    4.337466E+03
    2    4.315000E-01    2.430899E+00    8.413145E+02
    3    4.315000E-01    2.430899E+00    1.463473E+02
    4    4.315000E-01    2.430899E+00    2.487486E+01
    1    4.316667E-01    2.432405E+00    4.346604E+03
    2    4.316667E-01    2.432405E+00    8.430869E+02
    3    4.316667E-01    2.432405E+00    1.466556E+02
    4    4.316667E-01    2.432405E+00    2.492726E+01
    1    4.318333E-01    2.433912E+00    4.355754E+03
    2    4.318333E-01    2.433912E+00    8.448617E+02
    3    4.318333E-01    2.433912E+00    1.469643E+02
    4    4.318333E-01    2.433912E+00    2.497974E+01
    1    4.320000E-01    2.435419E+00    4.364916E+03
    2    4.320000E-01    2.435419E+00    8.466389E+02
    3    4.320000E-01    2.435419E+00    1.472734E+02
    4    4.320000E-01    2.435419E+00    2.503228E+01
    1    4.321667E-01    2.436927E+00    4.374091E+03
    2    4.321667E-01    2.436927E+00    8.484185E+02
    3    4.321667E-01    2.436927E+00    1.475830E+02
    4    4.321667E-01    2.436927E+00    2.508490E+01
    1    4.323333E-01    2.438435E+00    4.383279E+03
    2    4.323333E-01    2.438435E+00    8.502005E+02
    3    4.323333E-01    2.438435E+00    1.478930E+02
    4    4.323333E-01    2.438435E+00    2.513759E+01
    1    4.325000E-01    2.439944E+00    4.392479E+03
    2    4.325000E-01    2.439944E+00    8.519850E+02
    3    4.325000E-01    2.439944E+00    1.482034E+02
    4    4.325000E-01    2.439944E+00    2.519035E+01
    1    4.326667E-01    2.441453E+00    4.401691E+03
    2    4.326667E-01    2.441453E+00    8.537719E+02
    3    4.326667E-01    2.441453E+00    1.485142E+02
    4    4.326667E-01    2.441453E+00    2.524318E+01
    1    4.328333E-01    2.442963E+00    4.410916E+03
    2    4.328333E-01    2.442963E+00    8.555612E+02
    3    4.328333E-01    2.442963E+00    1.488255E+02
    4    4.328333E-01    2.442963E+00    2.529608E+01
    1    4.330000E-01    2.444473E+00    4.420154E+03
    2    4.330000E-01    2.444473E+00    8.573529E+02
    3    4.330000E-01    2.444473E+00    1.491371E+02
    4    4.330000E-01    2.444473E+00    2.534906E+01
    1    4.331667E-01    2.445984E+00    4.429403E+03
    2    4.331667E-01    2.445984E+00    8.591471E+02
    3    4.331667E-01    2.445984E+00    1.494492E+02
    4    4.331667E-01    2.445984E+00    2.540211E+01
    1    4.333333E-01    2.447495E+00    4.438666E+03
    2    4.333333E-01    2.447495E+00    8.609437E+02
    3    4.333333E-01    2.447495E+00    1.497618E+02
    4    4.333333E-01    2.447495E+00    2.545523E+01
    1    4.335000E-01    2.449007E+00    4.447941E+03
    2    4.335000E-01    2.449007E+00    8.627427E+02
    3    4.335000E-01    2.449007E+00    1.500747E+02
    4    4.335000E-01    2.449007E+00    2.550842E+01
    1    4.336667E-01    2.450519E+00    4.457229E+03
    2    4.336667E-01    2.450519E+00    8.645441E+02
    3    4.336667E-01    2.450519E+00    1.503881E+02
    4    4.336667E-01    2.450519E+00    2.556168E+01
    1    4.338333E-01    2.452031E+00    4.466529E+03
    2    4.338333E-01    2.452031E+00    8.663480E+02
    3    4.338333E-01    2.452031E+00    1.507018E+02
    4    4.338333E-01    2.452031E+00    2.561502E+01
    1    4.340000E-01    2.453544E+00    4.475841E+03
    2    4.340000E-01    2.453544E+00    8.681544E+02
    3    4.340000E-01    2.453544E+00    1.510161E+02
    4    4.340000E-01    2.453544E+00    2.566842E+01
    1    4.341667E-01    2.455057E+00    4.485167E+03
    2    4.341667E-01    2.455057E+00    8.699631E+02
    3    4.341667E-01    2.455057E+00    1.513307E+02
    4    4.341667E-01    2.455057E+00    2.572190E+01
    1    4.343333E-01    2.456571E+00    4.494505E+03
    2    4.343333E-01    2.456571E+00    8.717744E+02
    3    4.343333E-01    2.456571E+00    1.516458E+02
    4    4.343333E-01    2.456571E+00    2.577545E+01
    1    4.345000E-01    2.458086E+00    4.503855E+03
    2    4.345000E-01    2.458086E+00    8.735880E+02
    3    4.345000E-01    2.458086E+00    1.519612E+02
    4    4.345000E-01    2.458086E+00    2.582908E+01
    1    4.346667E-01    2.459600E+00    4.513218E+03
    2    4.346667E-01    2.459600E+00    8.754041E+02
    3    4.346667E-01    2.459600E+00    1.522772E+02
    4    4.346667E-01    2.459600E+00    2.588277E+01
    1    4.348333E-01    2.461116E+00    4.522594E+03
    2    4.348333E-01    2.461116E+00    8.772227E+02
    3    4.348333E-01    2.461116E+00    1.525935E+02
    4    4.348333E-01    2.461116E+00    2.593654E+01
    1    4.350000E-01    2.462631E+00    4.531982E+03
    2    4.350000E-01    2.462631E+00    8.790436E+02
    3    4.350000E-01    2.462631E+00    1.529103E+02
    4    4.350000E-01    2.462631E+00    2.599038E+01
    1    4.351667E-01    2.464148E+00    4.541383E+03
    2    4.351667E-01    2.464148E+00    8.808671E+02
    3    4.351667E-01    2.464148E+00    1.532274E+02
    4    4.351667E-01    2.464148E+00    2.604429E+01
    1    4.353333E-01    2.465664E+00    4.550796E+03
    2    4.353333E-01    2.465664E+00    8.826930E+02
    3    4.353333E-01    2.465664E+00    1.535451E+02
    4    4.353333E-01    2.465664E+00    2.609828E+01
    1    4.355000E-01    2.467182E+00    4.560223E+03
    2    4.355000E-01    2.467182E+00    8.845213E+02
    3    4.355000E-01    2.467182E+00    1.538631E+02
    4    4.355000E-01    2.467182E+00    2.615234E+01
    1    4.356667E-01    2.468699E+00    4.569661E+03
    2    4.356667E-01    2.468699E+00    8.863521E+02
    3    4.356667E-01    2.468699E+00    1.541816E+02
    4    4.356667E-01    2.468699E+00    2.620647E+01
    1    4.358333E-01    2.470217E+00    4.579113E+03
    2    4.358333E-01    2.470217E+00    8.881854E+02
    3    4.358333E-01    2.470217E+00    1.545005E+02
    4    4.358333E-01    2.470217E+00    2.626067E+01
    1    4.360000E-01    2.471736E+00    4.588577E+03
    2    4.360000E-01    2.471736E+00    8.900211E+02
    3    4.360000E-01    2.471736E+00    1.548198E+02
    4    4.360000E-01    2.471736E+00    2.631495E+01
    1    4.361667E-01    2.473255E+00    4.598054E+03
    2    4.361667E-01    2.473255E+00    8.918593E+02
    3    4.361667E-01    2.473255E+00    1.551395E+02
    4    4.361667E-01    2.473255E+00    2.636930E+01
    1    4.363333E-01    2.474774E+00    4.607544E+03
    2    4.363333E-01    2.474774E+00    8.936999E+02
    3    4.363333E-01    2.474774E+00    1.554597E+02
    4    4.363333E-01    2.474774E+00    2.642372E+01
    1    4.365000E-01    2.476294E+00    4.617046E+03
    2    4.365000E-01    2.476294E+00    8.955430E+02
    3    4.365000E-01    2.476294E+00    1.557803E+02
    4    4.365000E-01    2.476294E+00    2.647821E+01
    1    4.366667E-01    2.477815E+00    4.626561E+03
    2    4.366667E-01    2.477815E+00    8.973886E+02
    3    4.366667E-01    2.477815E+00    1.561014E+02
    4    4.366667E-01    2.477815E+00    2.653278E+01
    1    4.368333E-01    2.479336E+00    4.636088E+03
    2    4.368333E-01    2.479336E+00    8.992366E+02
    3    4.368333E-01    2.479336E+00    1.564228E+02
    4    4.368333E-01    2.479336E+00    2.658742E+01
    1    4.370000E-01    2.480857E+00    4.645629E+03
    2    4.370000E-01    2.480857E+00    9.010871E+02
    3    4.370000E-01    2.480857E+00    1.567447E+02
    4    4.370000E-01    2.480857E+00    2.664213E+01
    1    4.371667E-01    2.482379E+00    4.655182E+03
    2    4.371667E-01    2.482379E+00    9.029401E+02
    3    4.371667E-01    2.482379E+00    1.570671E+02
    4    4.371667E-01    2.482379E+00    2.669692E+01
    1    4.373333E-01    2.483901E+00    4.664748E+03
    2    4.373333E-01    2.483901E+00    9.047955E+02
    3    4.373333E-01    2.483901E+00    1.573898E+02
    4    4.373333E-01    2.483901E+00    2.675178E+01
    1    4.375000E-01    2.485424E+00    4.674327E+03
    2    4.375000E-01    2.485424E+00    9.066535E+02
    3    4.375000E-01    2.485424E+00    1.577130E+02
    4    4.375000E-01    2.485424E+00    2.680671E+01
    1    4.376667E-01    2.486947E+00    4.683918E+03
    2    4.376667E-01    2.486947E+00    9.085139E+02
    3    4.376667E-01    2.486947E+00    1.580366E+02
    4    4.376667E-01    2.486947E+00    2.686172E+01
    1    4.378333E-01    2.488471E+00    4.693522E+03
    2    4.378333E-01    2.488471E+00    9.103767E+02
    3    4.378333E-01    2.488471E+00    1.583607E+02
    4    4.378333E-01    2.488471E+00    2.691680E+01
    1    4.380000E-01    2.489995E+00    4.703139E+03
    2    4.380000E-01    2.489995E+00    9.122421E+02
    3    4.380000E-01    2.489995E+00    1.586851E+02
    4    4.380000E-01    2.489995E+00    2.697195E+01
    1    4.381667E-01    2.491519E+00    4.712769E+03
    2    4.381667E-01    2.491519E+00    9.141099E+02
    3    4.381667E-01    2.491519E+00    1.590101E+02
    4    4.381667E-01    2.491519E+00    2.702717E+01
    1    4.383333E-01    2.493044E+00    4.722412E+03
    2    4.383333E-01    2.493044E+00    9.159802E+02
    3    4.383333E-01    2.493044E+00    1.593354E+02
    4    4.383333E-01    2.493044E+00    2.708247E+01
    1    4.385000E-01    2.494570E+00    4.732067E+03
    2    4.385000E-01    2.494570E+00    9.178530E+02
    3    4.385000E-01    2.494570E+00    1.596612E+02
    4    4.385000E-01    2.494570E+00    2.713785E+01
    1    4.386667E-01    2.496096E+00    4.741735E+03
    2    4.386667E-01    2.496096E+00    9.197283E+02
    3    4.386667E-01    2.496096E+00    1.599874E+02
    4    4.386667E-01    2.496096E+00    2.719329E+01
    1    4.388333E-01    2.497623E+00    4.751416E+03
    2    4.388333E-01    2.497623E+00    9.216061E+02
    3    4.388333E-01    2.497623E+00    1.603140E+02
    4    4.388333E-01    2.497623E+00    2.724881E+01
    1    4.390000E-01    2.499149E+00    4.761110E+03
    2    4.390000E-01    2.499149E+00    9.234863E+02
    3    4.390000E-01    2.499149E+00    1.606411E+02
    4    4.390000E-01    2.499149E+00    2.730440E+01
    1    4.391667E-01    2.500677E+00    4.770817E+03
    2    4.391667E-01    2.500677E+00    9.253691E+02
    3    4.391667E-01    2.500677E+00    1.609686E+02
    4    4.391667E-01    2.500677E+00    2.736007E+01
    1    4.393333E-01    2.502205E+00    4.780536E+03
    2    4.393333E-01    2.502205E+00    9.272544E+02
    3    4.393333E-01    2.502205E+00    1.612965E+02
    4    4.393333E-01    2.502205E+00    2.741581E+01
    1    4.395000E-01    2.503733E+00    4.790269E+03
    2    4.395000E-01    2.503733E+00    9.291421E+02
    3    4.395000E-01    2.503733E+00    1.616249E+02
    4    4.395000E-01    2.503733E+00    2.747163E+01
    1    4.396667E-01    2.505262E+00    4.800014E+03
    2    4.396667E-01    2.505262E+00    9.310323E+02
    3    4.396667E-01    2.505262E+00    1.619537E+02
    4    4.396667E-01    2.505262E+00    2.752751E+01
    1    4.398333E-01    2.506791E+00    4.809772E+03
    2    4.398333E-01    2.506791E+00    9.329251E+02
    3    4.398333E-01    2.506791E+00    1.622830E+02
    4    4.398333E-01    2.506791E+00    2.758348E+01
    1    4.400000E-01    2.508321E+00    4.819543E+03
    2    4.400000E-01    2.508321E+00    9.348203E+02
    3    4.400000E-01    2.508321E+00    1.626126E+02
    4    4.400000E-01    2.508321E+00    2.763951E+01
    1    4.401667E-01    2.509851E+00    4.829327E+03
    2    4.401667E-01    2.509851E+00    9.367181E+02
    3    4.401667E-01    2.509851E+00    1.629428E+02
    4    4.401667E-01    2.509851E+00    2.769562E+01
    1    4.403333E-01    2.511382E+00    4.839124E+03
    2    4.403333E-01    2.511382E+00    9.386183E+02
    3    4.403333E-01    2.511382E+00    1.632733E+02
    4    4.403333E-01    2.511382E+00    2.775181E+01
    1    4.405000E-01    2.512913E+00    4.848934E+03
    2    4.405000E-01    2.512913E+00    9.405211E+02
    3    4.405000E-01    2.512913E+00    1.636043E+02
    4    4.405000E-01    2.512913E+00    2.780806E+01
    1    4.406667E-01    2.514445E+00    4.858757E+03
    2    4.406667E-01    2.514445E+00    9.424263E+02
    3    4.406667E-01    2.514445E+00    1.639357E+02
    4    4.406667E-01    2.514445E+00    2.786440E+01
    1    4.408333E-01    2.515977E+00    4.868592E+03
    2    4.408333E-01    2.515977E+00    9.443341E+02
    3    4.408333E-01    2.515977E+00    1.642676E+02
    4    4.408333E-01    2.515977E+00    2.792080E+01
    1    4.410000E-01    2.517509E+00    4.878441E+03
    2    4.410000E-01    2.517509E+00    9.462444E+02
    3    4.410000E-01    2.517509E+00    1.645999E+02
    4    4.410000E-01    2.517509E+00    2.797728E+01
    1    4.411667E-01    2.519042E+00    4.888302E+03
    2    4.411667E-01    2.519042E+00    9.481572E+02
    3    4.411667E-01    2.519042E+00    1.649326E+02
    4    4.411667E-01    2.519042E+00    2.803384E+01
    1    4.413333E-01    2.520576E+00    4.898177E+03
    2    4.413333E-01    2.520576E+00    9.500725E+02
    3    4.413333E-01    2.520576E+00    1.652658E+02
    4    4.413333E-01    2.520576E+00    2.809047E+01
    1    4.415000E-01    2.522110E+00    4.908064E+03
    2    4.415000E-01    2.522110E+00    9.519903E+02
    3    4.415000E-01    2.522110E+00    1.655994E+02
    4    4.415000E-01    2.522110E+00    2.814717E+01
    1    4.416667E-01    2.523644E+00    4.917965E+03
    2    4.416667E-01    2.523644E+00    9.539106E+02
    3    4.416667E-01    2.523644E+00    1.659334E+02
    4    4.416667E-01    2.523644E+00    2.820395E+01
    1    4.418333E-01    2.525179E+00    4.927878E+03
    2    4.418333E-01    2.525179E+00    9.558335E+02
    3    4.418333E-01    2.525179E+00    1.662679E+02
    4    4.418333E-01    2.525179E+00    2.826080E+01
    1    4.420000E-01    2.526714E+00    4.937805E+03
    2    4.420000E-01    2.526714E+00    9.577589E+02
    3    4.420000E-01    2.526714E+00    1.666028E+02
    4    4.420000E-01    2.526714E+00    2.831773E+01
    1    4.421667E-01    2.528250E+00    4.947744E+03
    2    4.421667E-01    2.528250E+00    9.596868E+02
    3    4.421667E-01    2.528250E+00    1.669382E+02
    4    4.421667E-01    2.528250E+00    2.837473E+01
    1    4.423333E-01    2.529786E+00    4.957697E+03
    2    4.423333E-01    2.529786E+00    9.616172E+02
    3    4.423333E-01    2.529786E+00    1.672740E+02
    4    4.423333E-01    2.529786E+00    2.843181E+01
    1    4.425000E-01    2.531323E+00    4.967662E+03
    2    4.425000E-01    2.531323E+00    9.635502E+02
    3    4.425000E-01    2.531323E+00    1.676102E+02
    4    4.425000E-01    2.531323E+00    2.848896E+01
    1    4.426667E-01    2.532860E+00    4.977641E+03
    2    4.426667E-01    2.532860E+00    9.654857E+02
    3    4.426667E-01    2.532860E+00    1.679469E+02
    4    4.426667E-01    2.532860E+00    2.854618E+01
    1    4.428333E-01    2.534398E+00    4.987632E+03
    2    4.428333E-01    2.534398E+00    9.674237E+02
    3    4.428333E-01    2.534398E+00    1.682840E+02
    4    4.428333E-01    2.534398E+00    2.860348E+01
    1    4.430000E-01    2.535936E+00    4.997637E+03
    2    4.430000E-01    2.535936E+00    9.693642E+02
    3    4.430000E-01    2.535936E+00    1.686216E+02
    4    4.430000E-01    2.535936E+00    2.866086E+01
    1    4.431667E-01    2.537475E+00    5.007655E+03
    2    4.431667E-01    2.537475E+00    9.713073E+02
    3    4.431667E-01    2.537475E+00    1.689596E+02
    4    4.431667E-01    2.537475E+00    2.871831E+01
    1    4.433333E-01    2.539014E+00    5.017686E+03
    2    4.433333E-01    2.539014E+00    9.732529E+02
    3    4.433333E-01    2.539014E+00    1.692980E+02
    4    4.433333E-01    2.539014E+00    2.877584E+01
    1    4.435000E-01    2.540553E+00    5.027729E+03
    2    4.435000E-01    2.540553E+00    9.752011E+02
    3    4.435000E-01    2.540553E+00    1.696369E+02
    4    4.435000E-01    2.540553E+00    2.883344E+01
    1    4.436667E-01    2.542093E+00    5.037786E+03
    2    4.436667E-01    2.542093E+00    9.771518E+02
    3    4.436667E-01    2.542093E+00    1.699762E+02
    4    4.436667E-01    2.542093E+00    2.889111E+01
    1    4.438333E-01    2.543634E+00    5.047856E+03
    2    4.438333E-01    2.543634E+00    9.791050E+02
    3    4.438333E-01    2.543634E+00    1.703160E+02
    4    4.438333E-01    2.543634E+00    2.894886E+01
    1    4.440000E-01    2.545175E+00    5.057940E+03
    2    4.440000E-01    2.545175E+00    9.810608E+02
    3    4.440000E-01    2.545175E+00    1.706562E+02
    4    4.440000E-01    2.545175E+00    2.900669E+01
    1    4.441667E-01    2.546716E+00    5.068036E+03
    2    4.441667E-01    2.546716E+00    9.830191E+02
    3    4.441667E-01    2.546716E+00    1.709969E+02
    4    4.441667E-01    2.546716E+00    2.906459E+01
    1    4.443333E-01    2.548258E+00    5.078145E+03
    2    4.443333E-01    2.548258E+00    9.849800E+02
    3    4.443333E-01    2.548258E+00    1.713380E+02
    4    4.443333E-01    2.548258E+00    2.912256E+01
    1    4.445000E-01    2.549801E+00    5.088268E+03
    2    4.445000E-01    2.549801E+00    9.869434E+02
    3    4.445000E-01    2.549801E+00    1.716795E+02
    4    4.445000E-01    2.549801E+00    2.918062E+01
    1    4.446667E-01    2.551343E+00    5.098404E+03
    2    4.446667E-01    2.551343E+00    9.889094E+02
    3    4.446667E-01    2.551343E+00    1.720215E+02
    4    4.446667E-01    2.551343E+00    2.923874E+01
    1    4.448333E-01    2.552887E+00    5.108552E+03
    2    4.448333E-01    2.552887E+00    9.908779E+02
    3    4.448333E-01    2.552887E+00    1.723639E+02
    4    4.448333E-01    2.552887E+00    2.929695E+01
    1    4.450000E-01    2.554430E+00    5.118715E+03
    2    4.450000E-01    2.554430E+00    9.928489E+02
    3    4.450000E-01    2.554430E+00    1.727068E+02
    4    4.450000E-01    2.554430E+00    2.935522E+01
    1    4.451667E-01    2.555975E+00    5.128890E+03
    2    4.451667E-01    2.555975E+00    9.948226E+02
    3    4.451667E-01    2.555975E+00    1.730501E+02
    4    4.451667E-01    2.555975E+00    2.941358E+01
    1    4.453333E-01    2.557519E+00    5.139078E+03
    2    4.453333E-01    2.557519E+00    9.967988E+02
    3    4.453333E-01    2.557519E+00    1.733938E+02
    4    4.453333E-01    2.557519E+00    2.947201E+01
    1    4.455000E-01    2.559064E+00    5.149280E+03
    2    4.455000E-01    2.559064E+00    9.987775E+02
    3    4.455000E-01    2.559064E+00    1.737380E+02
    4    4.455000E-01    2.559064E+00    2.953051E+01
    1    4.456667E-01    2.560610E+00    5.159494E+03
    2    4.456667E-01    2.560610E+00    1.000759E+03
    3    4.456667E-01    2.560610E+00    1.740827E+02
    4    4.456667E-01    2.560610E+00    2.958909E+01
    1    4.458333E-01    2.562156E+00    5.169722E+03
    2    4.458333E-01    2.562156E+00    1.002743E+03
    3    4.458333E-01    2.562156E+00    1.744278E+02
    4    4.458333E-01    2.562156E+00    2.964775E+01
    1    4.460000E-01    2.563703E+00    5.179964E+03
    2    4.460000E-01    2.563703E+00    1.004729E+03
    3    4.460000E-01    2.563703E+00    1.747733E+02
    4    4.460000E-01    2.563703E+00    2.970648E+01
    1    4.461667E-01    2.565250E+00    5.190218E+03
    2    4.461667E-01    2.565250E+00    1.006718E+03
    3    4.461667E-01    2.565250E+00    1.751193E+02
    4    4.461667E-01    2.565250E+00    2.976529E+01
    1    4.463333E-01    2.566797E+00    5.200486E+03
    2    4.463333E-01    2.566797E+00    1.008710E+03
    3    4.463333E-01    2.566797E+00    1.754657E+02
    4    4.463333E-01    2.566797E+00    2.982417E+01
    1    4.465000E-01    2.568345E+00    5.210767E+03
    2    4.465000E-01    2.568345E+00    1.010704E+03
    3    4.465000E-01    2.568345E+00    1.758126E+02
    4    4.465000E-01    2.568345E+00    2.988313E+01
    1    4.466667E-01    2.569894E+00    5.221061E+03
    2    4.466667E-01    2.569894E+00    1.012700E+03
    3    4.466667E-01    2.569894E+00    1.761600E+02
    4    4.466667E-01    2.569894E+00    2.994217E+01
    1    4.468333E-01    2.571442E+00    5.231368E+03
    2    4.468333E-01    2.571442E+00    1.014700E+03
    3    4.468333E-01    2.571442E+00    1.765077E+02
    4    4.468333E-01    2.571442E+00    3.000128E+01
    1    4.470000E-01    2.572992E+00    5.241689E+03
    2    4.470000E-01    2.572992E+00    1.016702E+03
    3    4.470000E-01    2.572992E+00    1.768560E+02
    4    4.470000E-01    2.572992E+00    3.006047E+01
    1    4.471667E-01    2.574542E+00    5.252023E+03
    2    4.471667E-01    2.574542E+00    1.018706E+03
    3    4.471667E-01    2.574542E+00    1.772046E+02
    4    4.471667E-01    2.574542E+00    3.011973E+01
    1    4.473333E-01    2.576092E+00    5.262370E+03
    2    4.473333E-01    2.576092E+00    1.020713E+03
    3    4.473333E-01    2.576092E+00    1.775537E+02
    4    4.473333E-01    2.576092E+00    3.017907E+01
    1    4.475000E-01    2.577643E+00    5.272731E+03
    2    4.475000E-01    2.577643E+00    1.022723E+03
    3    4.475000E-01    2.577643E+00    1.779033E+02
    4    4.475000E-01    2.577643E+00    3.023849E+01
    1    4.476667E-01    2.579194E+00    5.283105E+03
    2    4.476667E-01    2.579194E+00    1.024735E+03
    3    4.476667E-01    2.579194E+00    1.782533E+02
    4    4.476667E-01    2.579194E+00    3.029798E+01
    1    4.478333E-01    2.580746E+00    5.293492E+03
    2    4.478333E-01    2.580746E+00    1.026750E+03
    3    4.478333E-01    2.580746E+00    1.786038E+02
    4    4.478333E-01    2.580746E+00    3.035755E+01
    1    4.480000E-01    2.582298E+00    5.303892E+03
    2    4.480000E-01    2.582298E+00    1.028767E+03
    3    4.480000E-01    2.582298E+00    1.789547E+02
    4    4.480000E-01    2.582298E+00    3.041720E+01
    1    4.481667E-01    2.583850E+00    5.314306E+03
    2    4.481667E-01    2.583850E+00    1.030787E+03
    3    4.481667E-01    2.583850E+00    1.793061E+02
    4    4.481667E-01    2.583850E+00    3.047692E+01
    1    4.483333E-01    2.585403E+00    5.324734E+03
    2    4.483333E-01    2.585403E+00    1.032809E+03
    3    4.483333E-01    2.585403E+00    1.796579E+02
    4    4.483333E-01    2.585403E+00    3.053672E+01
    1    4.485000E-01    2.586957E+00    5.335174E+03
    2    4.485000E-01    2.586957E+00    1.034834E+03
    3    4.485000E-01    2.586957E+00    1.800102E+02
    4    4.485000E-01    2.586957E+00    3.059659E+01
    1    4.486667E-01    2.588511E+00    5.345628E+03
    2    4.486667E-01    2.588511E+00    1.036862E+03
    3    4.486667E-01    2.588511E+00    1.803629E+02
    4    4.486667E-01    2.588511E+00    3.065655E+01
    1    4.488333E-01    2.590065E+00    5.356095E+03
    2    4.488333E-01    2.590065E+00    1.038892E+03
    3    4.488333E-01    2.590065E+00    1.807161E+02
    4    4.488333E-01    2.590065E+00    3.071658E+01
    1    4.490000E-01    2.591620E+00    5.366576E+03
    2    4.490000E-01    2.591620E+00    1.040925E+03
    3    4.490000E-01    2.591620E+00    1.810697E+02
    4    4.490000E-01    2.591620E+00    3.077668E+01
    1    4.491667E-01    2.593176E+00    5.377070E+03
    2    4.491667E-01    2.593176E+00    1.042961E+03
    3    4.491667E-01    2.593176E+00    1.814238E+02
    4    4.491667E-01    2.593176E+00    3.083686E+01
    1    4.493333E-01    2.594732E+00    5.387578E+03
    2    4.493333E-01    2.594732E+00    1.044999E+03
    3    4.493333E-01    2.594732E+00    1.817783E+02
    4    4.493333E-01    2.594732E+00    3.089712E+01
    1    4.495000E-01    2.596288E+00    5.398099E+03
    2    4.495000E-01    2.596288E+00    1.047040E+03
    3    4.495000E-01    2.596288E+00    1.821333E+02
    4    4.495000E-01    2.596288E+00    3.095746E+01
    1    4.496667E-01    2.597845E+00    5.408633E+03
    2    4.496667E-01    2.597845E+00    1.049083E+03
    3    4.496667E-01    2.597845E+00    1.824887E+02
    4    4.496667E-01    2.597845E+00    3.101787E+01
    1    4.498333E-01    2.599402E+00    5.419181E+03
    2    4.498333E-01    2.599402E+00    1.051129E+03
    3    4.498333E-01    2.599402E+00    1.828446E+02
    4    4.498333E-01    2.599402E+00    3.107836E+01
    1    4.500000E-01    2.600960E+00    5.429742E+03
    2    4.500000E-01    2.600960E+00    1.053177E+03
    3    4.500000E-01    2.600960E+00    1.832009E+02
    4    4.500000E-01    2.600960E+00    3.113893E+01
    1    4.501667E-01    2.602518E+00    5.440317E+03
    2    4.501667E-01    2.602518E+00    1.055228E+03
    3    4.501667E-01    2.602518E+00    1.835577E+02
    4    4.501667E-01    2.602518E+00    3.119957E+01
    1    4.503333E-01    2.604077E+00    5.450905E+03
    2    4.503333E-01    2.604077E+00    1.057282E+03
    3    4.503333E-01    2.604077E+00    1.839150E+02
    4    4.503333E-01    2.604077E+00    3.126030E+01
    1    4.505000E-01    2.605636E+00    5.461506E+03
    2    4.505000E-01    2.605636E+00    1.059338E+03
    3    4.505000E-01    2.605636E+00    1.842727E+02
    4    4.505000E-01    2.605636E+00    3.132110E+01
    1    4.506667E-01    2.607195E+00    5.472122E+03
    2    4.506667E-01    2.607195E+00    1.061397E+03
    3    4.506667E-01    2.607195E+00    1.846308E+02
    4    4.506667E-01    2.607195E+00    3.138197E+01
    1    4.508333E-01    2.608756E+00    5.482750E+03
    2    4.508333E-01    2.608756E+00    1.063459E+03
    3    4.508333E-01    2.608756E+00    1.849894E+02
    4    4.508333E-01    2.608756E+00    3.144293E+01
    1    4.510000E-01    2.610316E+00    5.493392E+03
    2    4.510000E-01    2.610316E+00    1.065523E+03
    3    4.510000E-01    2.610316E+00    1.853485E+02
    4    4.510000E-01    2.610316E+00    3.150396E+01
    1    4.511667E-01    2.611877E+00    5.504048E+03
    2    4.511667E-01    2.611877E+00    1.067590E+03
    3    4.511667E-01    2.611877E+00    1.857080E+02
    4    4.511667E-01    2.611877E+00    3.156506E+01
    1    4.513333E-01    2.613439E+00    5.514717E+03
    2    4.513333E-01    2.613439E+00    1.069659E+03
    3    4.513333E-01    2.613439E+00    1.860680E+02
    4    4.513333E-01    2.613439E+00    3.162625E+01
    1    4.515000E-01    2.615001E+00    5.525399E+03
    2    4.515000E-01    2.615001E+00    1.071731E+03
    3    4.515000E-01    2.615001E+00    1.864284E+02
    4    4.515000E-01    2.615001E+00    3.168751E+01
    1    4.516667E-01    2.616563E+00    5.536096E+03
    2    4.516667E-01    2.616563E+00    1.073806E+03
    3    4.516667E-01    2.616563E+00    1.867893E+02
    4    4.516667E-01    2.616563E+00    3.174885E+01
    1    4.518333E-01    2.618126E+00    5.546805E+03
    2    4.518333E-01    2.618126E+00    1.075883E+03
    3    4.518333E-01    2.618126E+00    1.871507E+02
    4    4.518333E-01    2.618126E+00    3.181027E+01
    1    4.520000E-01    2.619689E+00    5.557528E+03
    2    4.520000E-01    2.619689E+00    1.077963E+03
    3    4.520000E-01    2.619689E+00    1.875125E+02
    4    4.520000E-01    2.619689E+00    3.187177E+01
    1    4.521667E-01    2.621253E+00    5.568265E+03
    2    4.521667E-01    2.621253E+00    1.080046E+03
    3    4.521667E-01    2.621253E+00    1.878747E+02
    4    4.521667E-01    2.621253E+00    3.193334E+01
    1    4.523333E-01    2.622817E+00    5.579016E+03
    2    4.523333E-01    2.622817E+00    1.082131E+03
    3    4.523333E-01    2.622817E+00    1.882374E+02
    4    4.523333E-01    2.622817E+00    3.199500E+01
    1    4.525000E-01    2.624382E+00    5.589779E+03
    2    4.525000E-01    2.624382E+00    1.084219E+03
    3    4.525000E-01    2.624382E+00    1.886006E+02
    4    4.525000E-01    2.624382E+00    3.205673E+01
    1    4.526667E-01    2.625947E+00    5.600557E+03
    2    4.526667E-01    2.625947E+00    1.086309E+03
    3    4.526667E-01    2.625947E+00    1.889643E+02
    4    4.526667E-01    2.625947E+00    3.211853E+01
    1    4.528333E-01    2.627513E+00    5.611348E+03
    2    4.528333E-01    2.627513E+00    1.088402E+03
    3    4.528333E-01    2.627513E+00    1.893284E+02
    4    4.528333E-01    2.627513E+00    3.218042E+01
    1    4.530000E-01    2.629079E+00    5.622153E+03
    2    4.530000E-01    2.629079E+00    1.090498E+03
    3    4.530000E-01    2.629079E+00    1.896929E+02
    4    4.530000E-01    2.629079E+00    3.224238E+01
    1    4.531667E-01    2.630646E+00    5.632971E+03
    2    4.531667E-01    2.630646E+00    1.092596E+03
    3    4.531667E-01    2.630646E+00    1.900579E+02
    4    4.531667E-01    2.630646E+00    3.230443E+01
    1    4.533333E-01    2.632213E+00    5.643803E+03
    2    4.533333E-01    2.632213E+00    1.094697E+03
    3    4.533333E-01    2.632213E+00    1.904234E+02
    4    4.533333E-01    2.632213E+00    3.236655E+01
    1    4.535000E-01    2.633780E+00    5.654649E+03
    2    4.535000E-01    2.633780E+00    1.096801E+03
    3    4.535000E-01    2.633780E+00    1.907893E+02
    4    4.535000E-01    2.633780E+00    3.242874E+01
    1    4.536667E-01    2.635348E+00    5.665508E+03
    2    4.536667E-01    2.635348E+00    1.098907E+03
    3    4.536667E-01    2.635348E+00    1.911557E+02
    4    4.536667E-01    2.635348E+00    3.249102E+01
    1    4.538333E-01    2.636917E+00    5.676381E+03
    2    4.538333E-01    2.636917E+00    1.101016E+03
    3    4.538333E-01    2.636917E+00    1.915226E+02
    4    4.538333E-01    2.636917E+00    3.255337E+01
    1    4.540000E-01    2.638486E+00    5.687267E+03
    2    4.540000E-01    2.638486E+00    1.103128E+03
    3    4.540000E-01    2.638486E+00    1.918899E+02
    4    4.540000E-01    2.638486E+00    3.261581E+01
    1    4.541667E-01    2.640055E+00    5.698168E+03
    2    4.541667E-01    2.640055E+00    1.105242E+03
    3    4.541667E-01    2.640055E+00    1.922577E+02
    4    4.541667E-01    2.640055E+00    3.267832E+01
    1    4.543333E-01    2.641625E+00    5.709082E+03
    2    4.543333E-01    2.641625E+00    1.107359E+03
    3    4.543333E-01    2.641625E+00    1.926259E+02
    4    4.543333E-01    2.641625E+00    3.274091E+01
    1    4.545000E-01    2.643195E+00    5.720009E+03
    2    4.545000E-01    2.643195E+00    1.109479E+03
    3    4.545000E-01    2.643195E+00    1.929946E+02
    4    4.545000E-01    2.643195E+00    3.280358E+01
    1    4.546667E-01    2.644766E+00    5.730950E+03
    2    4.546667E-01    2.644766E+00    1.111601E+03
    3    4.546667E-01    2.644766E+00    1.933638E+02
    4    4.546667E-01    2.644766E+00    3.286633E+01
    1    4.548333E-01    2.646337E+00    5.741905E+03
    2    4.548333E-01    2.646337E+00    1.113726E+03
    3    4.548333E-01    2.646337E+00    1.937334E+02
    4    4.548333E-01    2.646337E+00    3.292915E+01
    1    4.550000E-01    2.647909E+00    5.752874E+03
    2    4.550000E-01    2.647909E+00    1.115853E+03
    3    4.550000E-01    2.647909E+00    1.941035E+02
    4    4.550000E-01    2.647909E+00    3.299206E+01
    1    4.551667E-01    2.649481E+00    5.763857E+03
    2    4.551667E-01    2.649481E+00    1.117984E+03
    3    4.551667E-01    2.649481E+00    1.944740E+02
    4    4.551667E-01    2.649481E+00    3.305504E+01
    1    4.553333E-01    2.651054E+00    5.774853E+03
    2    4.553333E-01    2.651054E+00    1.120116E+03
    3    4.553333E-01    2.651054E+00    1.948450E+02
    4    4.553333E-01    2.651054E+00    3.311810E+01
    1    4.555000E-01    2.652627E+00    5.785863E+03
    2    4.555000E-01    2.652627E+00    1.122252E+03
    3    4.555000E-01    2.652627E+00    1.952165E+02
    4    4.555000E-01    2.652627E+00    3.318124E+01
    1    4.556667E-01    2.654201E+00    5.796887E+03
    2    4.556667E-01    2.654201E+00    1.124390E+03
    3    4.556667E-01    2.654201E+00    1.955885E+02
    4    4.556667E-01    2.654201E+00    3.324446E+01
    1    4.558333E-01    2.655775E+00    5.807924E+03
    2    4.558333E-01    2.655775E+00    1.126531E+03
    3    4.558333E-01    2.655775E+00    1.959609E+02
    4    4.558333E-01    2.655775E+00    3.330776E+01
    1    4.560000E-01    2.657349E+00    5.818975E+03
    2    4.560000E-01    2.657349E+00    1.128675E+03
    3    4.560000E-01    2.657349E+00    1.963337E+02
    4    4.560000E-01    2.657349E+00    3.337114E+01
    1    4.561667E-01    2.658924E+00    5.830040E+03
    2    4.561667E-01    2.658924E+00    1.130821E+03
    3    4.561667E-01    2.658924E+00    1.967071E+02
    4    4.561667E-01    2.658924E+00    3.343459E+01
    1    4.563333E-01    2.660500E+00    5.841119E+03
    2    4.563333E-01    2.660500E+00    1.132970E+03
    3    4.563333E-01    2.660500E+00    1.970809E+02
    4    4.563333E-01    2.660500E+00    3.349813E+01
    1    4.565000E-01    2.662076E+00    5.852212E+03
    2    4.565000E-01    2.662076E+00    1.135121E+03
    3    4.565000E-01    2.662076E+00    1.974552E+02
    4    4.565000E-01    2.662076E+00    3.356174E+01
    1    4.566667E-01    2.663652E+00    5.863318E+03
    2    4.566667E-01    2.663652E+00    1.137276E+03
    3    4.566667E-01    2.663652E+00    1.978299E+02
    4    4.566667E-01    2.663652E+00    3.362544E+01
    1    4.568333E-01    2.665229E+00    5.874438E+03
    2    4.568333E-01    2.665229E+00    1.139433E+03
    3    4.568333E-01    2.665229E+00    1.982051E+02
    4    4.568333E-01    2.665229E+00    3.368921E+01
    1    4.570000E-01    2.666806E+00    5.885572E+03
    2    4.570000E-01    2.666806E+00    1.141592E+03
    3    4.570000E-01    2.666806E+00    1.985808E+02
    4    4.570000E-01    2.666806E+00    3.375306E+01
    1    4.571667E-01    2.668384E+00    5.896720E+03
    2    4.571667E-01    2.668384E+00    1.143754E+03
    3    4.571667E-01    2.668384E+00    1.989569E+02
    4    4.571667E-01    2.668384E+00    3.381700E+01
    1    4.573333E-01    2.669963E+00    5.907882E+03
    2    4.573333E-01    2.669963E+00    1.145919E+03
    3    4.573333E-01    2.669963E+00    1.993335E+02
    4    4.573333E-01    2.669963E+00    3.388101E+01
    1    4.575000E-01    2.671541E+00    5.919058E+03
    2    4.575000E-01    2.671541E+00    1.148087E+03
    3    4.575000E-01    2.671541E+00    1.997106E+02
    4    4.575000E-01    2.671541E+00    3.394510E+01
    1    4.576667E-01    2.673121E+00    5.930247E+03
    2    4.576667E-01    2.673121E+00    1.150257E+03
    3    4.576667E-01    2.673121E+00    2.000881E+02
    4    4.576667E-01    2.673121E+00    3.400927E+01
    1    4.578333E-01    2.674700E+00    5.941451E+03
    2    4.578333E-01    2.674700E+00    1.152431E+03
    3    4.578333E-01    2.674700E+00    2.004661E+02
    4    4.578333E-01    2.674700E+00    3.407352E+01
    1    4.580000E-01    2.676280E+00    5.952668E+03
    2    4.580000E-01    2.676280E+00    1.154606E+03
    3    4.580000E-01    2.676280E+00    2.008446E+02
    4    4.580000E-01    2.676280E+00    3.413785E+01
    1    4.581667E-01    2.677861E+00    5.963899E+03
    2    4.581667E-01    2.677861E+00    1.156785E+03
    3    4.581667E-01    2.677861E+00    2.012235E+02
    4    4.581667E-01    2.677861E+00    3.420226E+01
    1    4.583333E-01    2.679442E+00    5.975144E+03
    2    4.583333E-01    2.679442E+00    1.158966E+03
    3    4.583333E-01    2.679442E+00    2.016029E+02
    4    4.583333E-01    2.679442E+00    3.426675E+01
    1    4.585000E-01    2.681024E+00    5.986403E+03
    2    4.585000E-01    2.681024E+00    1.161150E+03
    3    4.585000E-01    2.681024E+00    2.019828E+02
    4    4.585000E-01    2.681024E+00    3.433132E+01
    1    4.586667E-01    2.682606E+00    5.997676E+03
    2    4.586667E-01    2.682606E+00    1.163336E+03
    3    4.586667E-01    2.682606E+00    2.023632E+02
    4    4.586667E-01    2.682606E+00    3.439596E+01
    1    4.588333E-01    2.684188E+00    6.008963E+03
    2    4.588333E-01    2.684188E+00    1.165526E+03
    3    4.588333E-01    2.684188E+00    2.027440E+02
    4    4.588333E-01    2.684188E+00    3.446069E+01
    1    4.590000E-01    2.685771E+00    6.020264E+03
    2    4.590000E-01    2.685771E+00    1.167717E+03
    3    4.590000E-01    2.685771E+00    2.031253E+02
    4    4.590000E-01    2.685771E+00    3.452550E+01
    1    4.591667E-01    2.687354E+00    6.031578E+03
    2    4.591667E-01    2.687354E+00    1.169912E+03
    3    4.591667E-01    2.687354E+00    2.035070E+02
    4    4.591667E-01    2.687354E+00    3.459039E+01
    1    4.593333E-01    2.688938E+00    6.042907E+03
    2    4.593333E-01    2.688938E+00    1.172109E+03
    3    4.593333E-01    2.688938E+00    2.038893E+02
    4    4.593333E-01    2.688938E+00    3.465536E+01
    1    4.595000E-01    2.690523E+00    6.054250E+03
    2    4.595000E-01    2.690523E+00    1.174310E+03
    3    4.595000E-01    2.690523E+00    2.042720E+02
    4    4.595000E-01    2.690523E+00    3.472041E+01
    1    4.596667E-01    2.692107E+00    6.065606E+03
    2    4.596667E-01    2.692107E+00    1.176512E+03
    3    4.596667E-01    2.692107E+00    2.046551E+02
    4    4.596667E-01    2.692107E+00    3.478554E+01
    1    4.598333E-01    2.693693E+00    6.076977E+03
    2    4.598333E-01    2.693693E+00    1.178718E+03
    3    4.598333E-01    2.693693E+00    2.050388E+02
    4    4.598333E-01    2.693693E+00    3.485075E+01
    1    4.600000E-01    2.695278E+00    6.088362E+03
    2    4.600000E-01    2.695278E+00    1.180926E+03
    3    4.600000E-01    2.695278E+00    2.054229E+02
    4    4.600000E-01    2.695278E+00    3.491604E+01
    1    4.601667E-01    2.696865E+00    6.099760E+03
    2    4.601667E-01    2.696865E+00    1.183137E+03
    3    4.601667E-01    2.696865E+00    2.058075E+02
    4    4.601667E-01    2.696865E+00    3.498141E+01
    1    4.603333E-01    2.698451E+00    6.111173E+03
    2    4.603333E-01    2.698451E+00    1.185351E+03
    3    4.603333E-01    2.698451E+00    2.061926E+02
    4    4.603333E-01    2.698451E+00    3.504686E+01
    1    4.605000E-01    2.700038E+00    6.122600E+03
    2    4.605000E-01    2.700038E+00    1.187567E+03
    3    4.605000E-01    2.700038E+00    2.065781E+02
    4    4.605000E-01    2.700038E+00    3.511239E+01
    1    4.606667E-01    2.701626E+00    6.134040E+03
    2    4.606667E-01    2.701626E+00    1.189786E+03
    3    4.606667E-01    2.701626E+00    2.069641E+02
    4    4.606667E-01    2.701626E+00    3.517800E+01
    1    4.608333E-01    2.703214E+00    6.145495E+03
    2    4.608333E-01    2.703214E+00    1.192008E+03
    3    4.608333E-01    2.703214E+00    2.073506E+02
    4    4.608333E-01    2.703214E+00    3.524369E+01
    1    4.610000E-01    2.704803E+00    6.156964E+03
    2    4.610000E-01    2.704803E+00    1.194232E+03
    3    4.610000E-01    2.704803E+00    2.077376E+02
    4    4.610000E-01    2.704803E+00    3.530946E+01
    1    4.611667E-01    2.706392E+00    6.168447E+03
    2    4.611667E-01    2.706392E+00    1.196460E+03
    3    4.611667E-01    2.706392E+00    2.081250E+02
    4    4.611667E-01    2.706392E+00    3.537531E+01
    1    4.613333E-01    2.707981E+00    6.179944E+03
    2    4.613333E-01    2.707981E+00    1.198690E+03
    3    4.613333E-01    2.707981E+00    2.085129E+02
    4    4.613333E-01    2.707981E+00    3.544125E+01
    1    4.615000E-01    2.709571E+00    6.191455E+03
    2    4.615000E-01    2.709571E+00    1.200922E+03
    3    4.615000E-01    2.709571E+00    2.089013E+02
    4    4.615000E-01    2.709571E+00    3.550726E+01
    1    4.616667E-01    2.711162E+00    6.202980E+03
    2    4.616667E-01    2.711162E+00    1.203158E+03
    3    4.616667E-01    2.711162E+00    2.092902E+02
    4    4.616667E-01    2.711162E+00    3.557336E+01
    1    4.618333E-01    2.712752E+00    6.214519E+03
    2    4.618333E-01    2.712752E+00    1.205396E+03
    3    4.618333E-01    2.712752E+00    2.096795E+02
    4    4.618333E-01    2.712752E+00    3.563953E+01
    1    4.620000E-01    2.714344E+00    6.226073E+03
    2    4.620000E-01    2.714344E+00    1.207637E+03
    3    4.620000E-01    2.714344E+00    2.100693E+02
    4    4.620000E-01    2.714344E+00    3.570579E+01
    1    4.621667E-01    2.715936E+00    6.237640E+03
    2    4.621667E-01    2.715936E+00    1.209881E+03
    3    4.621667E-01    2.715936E+00    2.104596E+02
    4    4.621667E-01    2.715936E+00    3.577213E+01
    1    4.623333E-01    2.717528E+00    6.249222E+03
    2    4.623333E-01    2.717528E+00    1.212127E+03
    3    4.623333E-01    2.717528E+00    2.108504E+02
    4    4.623333E-01    2.717528E+00    3.583855E+01
    1    4.625000E-01    2.719121E+00    6.260817E+03
    2    4.625000E-01    2.719121E+00    1.214376E+03
    3    4.625000E-01    2.719121E+00    2.112416E+02
    4    4.625000E-01    2.719121E+00    3.590505E+01
    1    4.626667E-01    2.720714E+00    6.272427E+03
    2    4.626667E-01    2.720714E+00    1.216628E+03
    3    4.626667E-01    2.720714E+00    2.116333E+02
    4    4.626667E-01    2.720714E+00    3.597163E+01
    1    4.628333E-01    2.722307E+00    6.284051E+03
    2    4.628333E-01    2.722307E+00    1.218883E+03
    3    4.628333E-01    2.722307E+00    2.120255E+02
    4    4.628333E-01    2.722307E+00    3.603829E+01
    1    4.630000E-01    2.723902E+00    6.295690E+03
    2    4.630000E-01    2.723902E+00    1.221140E+03
    3    4.630000E-01    2.723902E+00    2.124182E+02
    4    4.630000E-01    2.723902E+00    3.610504E+01
    1    4.631667E-01    2.725496E+00    6.307342E+03
    2    4.631667E-01    2.725496E+00    1.223400E+03
    3    4.631667E-01    2.725496E+00    2.128114E+02
    4    4.631667E-01    2.725496E+00    3.617186E+01
    1    4.633333E-01    2.727091E+00    6.319009E+03
    2    4.633333E-01    2.727091E+00    1.225663E+03
    3    4.633333E-01    2.727091E+00    2.132050E+02
    4    4.633333E-01    2.727091E+00    3.623877E+01
    1    4.635000E-01    2.728687E+00    6.330689E+03
    2    4.635000E-01    2.728687E+00    1.227929E+03
    3    4.635000E-01    2.728687E+00    2.135991E+02
    4    4.635000E-01    2.728687E+00    3.630576E+01
    1    4.636667E-01    2.730283E+00    6.342384E+03
    2    4.636667E-01    2.730283E+00    1.230197E+03
    3    4.636667E-01    2.730283E+00    2.139937E+02
    4    4.636667E-01    2.730283E+00    3.637283E+01
    1    4.638333E-01    2.731879E+00    6.354094E+03
    2    4.638333E-01    2.731879E+00    1.232469E+03
    3    4.638333E-01    2.731879E+00    2.143888E+02
    4    4.638333E-01    2.731879E+00    3.643998E+01
    1    4.640000E-01    2.733476E+00    6.365817E+03
    2    4.640000E-01    2.733476E+00    1.234743E+03
    3    4.640000E-01    2.733476E+00    2.147843E+02
    4    4.640000E-01    2.733476E+00    3.650721E+01
    1    4.641667E-01    2.735074E+00    6.377555E+03
    2    4.641667E-01    2.735074E+00    1.237019E+03
    3    4.641667E-01    2.735074E+00    2.151804E+02
    4    4.641667E-01    2.735074E+00    3.657452E+01
    1    4.643333E-01    2.736672E+00    6.389307E+03
    2    4.643333E-01    2.736672E+00    1.239299E+03
    3    4.643333E-01    2.736672E+00    2.155769E+02
    4    4.643333E-01    2.736672E+00    3.664192E+01
    1    4.645000E-01    2.738270E+00    6.401073E+03
    2    4.645000E-01    2.738270E+00    1.241581E+03
    3    4.645000E-01    2.738270E+00    2.159739E+02
    4    4.645000E-01    2.738270E+00    3.670940E+01
    1    4.646667E-01    2.739869E+00    6.412853E+03
    2    4.646667E-01    2.739869E+00    1.243866E+03
    3    4.646667E-01    2.739869E+00    2.163713E+02
    4    4.646667E-01    2.739869E+00    3.677696E+01
    1    4.648333E-01    2.741468E+00    6.424648E+03
    2    4.648333E-01    2.741468E+00    1.246154E+03
    3    4.648333E-01    2.741468E+00    2.167693E+02
    4    4.648333E-01    2.741468E+00    3.684460E+01
    1    4.650000E-01    2.743068E+00    6.436457E+03
    2    4.650000E-01    2.743068E+00    1.248444E+03
    3    4.650000E-01    2.743068E+00    2.171677E+02
    4    4.650000E-01    2.743068E+00    3.691232E+01
    1    4.651667E-01    2.744668E+00    6.448280E+03
    2    4.651667E-01    2.744668E+00    1.250738E+03
    3    4.651667E-01    2.744668E+00    2.175667E+02
    4    4.651667E-01    2.744668E+00    3.698013E+01
    1    4.653333E-01    2.746269E+00    6.460118E+03
    2    4.653333E-01    2.746269E+00    1.253034E+03
    3    4.653333E-01    2.746269E+00    2.179661E+02
    4    4.653333E-01    2.746269E+00    3.704801E+01
    1    4.655000E-01    2.747870E+00    6.471970E+03
    2    4.655000E-01    2.747870E+00    1.255332E+03
    3    4.655000E-01    2.747870E+00    2.183660E+02
    4    4.655000E-01    2.747870E+00    3.711598E+01
    1    4.656667E-01    2.749471E+00    6.483836E+03
    2    4.656667E-01    2.749471E+00    1.257634E+03
    3    4.656667E-01    2.749471E+00    2.187663E+02
    4    4.656667E-01    2.749471E+00    3.718403E+01
    1    4.658333E-01    2.751073E+00    6.495717E+03
    2    4.658333E-01    2.751073E+00    1.259938E+03
    3    4.658333E-01    2.751073E+00    2.191672E+02
    4    4.658333E-01    2.751073E+00    3.725217E+01
    1    4.660000E-01    2.752676E+00    6.507611E+03
    2    4.660000E-01    2.752676E+00    1.262246E+03
    3    4.660000E-01    2.752676E+00    2.195685E+02
    4    4.660000E-01    2.752676E+00    3.732038E+01
    1    4.661667E-01    2.754279E+00    6.519521E+03
    2    4.661667E-01    2.754279E+00    1.264556E+03
    3    4.661667E-01    2.754279E+00    2.199703E+02
    4    4.661667E-01    2.754279E+00    3.738868E+01
    1    4.663333E-01    2.755882E+00    6.531444E+03
    2    4.663333E-01    2.755882E+00    1.266868E+03
    3    4.663333E-01    2.755882E+00    2.203726E+02
    4    4.663333E-01    2.755882E+00    3.745706E+01
    1    4.665000E-01    2.757486E+00    6.543382E+03
    2    4.665000E-01    2.757486E+00    1.269184E+03
    3    4.665000E-01    2.757486E+00    2.207754E+02
    4    4.665000E-01    2.757486E+00    3.752553E+01
    1    4.666667E-01    2.759091E+00    6.555335E+03
    2    4.666667E-01    2.759091E+00    1.271502E+03
    3    4.666667E-01    2.759091E+00    2.211787E+02
    4    4.666667E-01    2.759091E+00    3.759407E+01
    1    4.668333E-01    2.760696E+00    6.567301E+03
    2    4.668333E-01    2.760696E+00    1.273823E+03
    3    4.668333E-01    2.760696E+00    2.215825E+02
    4    4.668333E-01    2.760696E+00    3.766270E+01
    1    4.670000E-01    2.762301E+00    6.579282E+03
    2    4.670000E-01    2.762301E+00    1.276147E+03
    3    4.670000E-01    2.762301E+00    2.219867E+02
    4    4.670000E-01    2.762301E+00    3.773141E+01
    1    4.671667E-01    2.763907E+00    6.591278E+03
    2    4.671667E-01    2.763907E+00    1.278474E+03
    3    4.671667E-01    2.763907E+00    2.223914E+02
    4    4.671667E-01    2.763907E+00    3.780020E+01
    1    4.673333E-01    2.765513E+00    6.603288E+03
    2    4.673333E-01    2.765513E+00    1.280803E+03
    3    4.673333E-01    2.765513E+00    2.227967E+02
    4    4.673333E-01    2.765513E+00    3.786908E+01
    1    4.675000E-01    2.767120E+00    6.615312E+03
    2    4.675000E-01    2.767120E+00    1.283136E+03
    3    4.675000E-01    2.767120E+00    2.232024E+02
    4    4.675000E-01    2.767120E+00    3.793804E+01
    1    4.676667E-01    2.768727E+00    6.627351E+03
    2    4.676667E-01    2.768727E+00    1.285471E+03
    3    4.676667E-01    2.768727E+00    2.236086E+02
    4    4.676667E-01    2.768727E+00    3.800708E+01
    1    4.678333E-01    2.770335E+00    6.639404E+03
    2    4.678333E-01    2.770335E+00    1.287809E+03
    3    4.678333E-01    2.770335E+00    2.240152E+02
    4    4.678333E-01    2.770335E+00    3.807620E+01
    1    4.680000E-01    2.771943E+00    6.651472E+03
    2    4.680000E-01    2.771943E+00    1.290150E+03
    3    4.680000E-01    2.771943E+00    2.244224E+02
    4    4.680000E-01    2.771943E+00    3.814541E+01
    1    4.681667E-01    2.773551E+00    6.663554E+03
    2    4.681667E-01    2.773551E+00    1.292493E+03
    3    4.681667E-01    2.773551E+00    2.248301E+02
    4    4.681667E-01    2.773551E+00    3.821470E+01
    1    4.683333E-01    2.775161E+00    6.675651E+03
    2    4.683333E-01    2.775161E+00    1.294839E+03
    3    4.683333E-01    2.775161E+00    2.252382E+02
    4    4.683333E-01    2.775161E+00    3.828407E+01
    1    4.685000E-01    2.776770E+00    6.687762E+03
    2    4.685000E-01    2.776770E+00    1.297188E+03
    3    4.685000E-01    2.776770E+00    2.256468E+02
    4    4.685000E-01    2.776770E+00    3.835353E+01
    1    4.686667E-01    2.778380E+00    6.699888E+03
    2    4.686667E-01    2.778380E+00    1.299540E+03
    3    4.686667E-01    2.778380E+00    2.260560E+02
    4    4.686667E-01    2.778380E+00    3.842307E+01
    1    4.688333E-01    2.779991E+00    6.712028E+03
    2    4.688333E-01    2.779991E+00    1.301895E+03
    3    4.688333E-01    2.779991E+00    2.264656E+02
    4    4.688333E-01    2.779991E+00    3.849269E+01
    1    4.690000E-01    2.781602E+00    6.724182E+03
    2    4.690000E-01    2.781602E+00    1.304253E+03
    3    4.690000E-01    2.781602E+00    2.268757E+02
    4    4.690000E-01    2.781602E+00    3.856239E+01
    1    4.691667E-01    2.783213E+00    6.736352E+03
    2    4.691667E-01    2.783213E+00    1.306613E+03
    3    4.691667E-01    2.783213E+00    2.272863E+02
    4    4.691667E-01    2.783213E+00    3.863218E+01
    1    4.693333E-01    2.784825E+00    6.748535E+03
    2    4.693333E-01    2.784825E+00    1.308976E+03
    3    4.693333E-01    2.784825E+00    2.276973E+02
    4    4.693333E-01    2.784825E+00    3.870205E+01
    1    4.695000E-01    2.786437E+00    6.760734E+03
    2    4.695000E-01    2.786437E+00    1.311342E+03
    3    4.695000E-01    2.786437E+00    2.281089E+02
    4    4.695000E-01    2.786437E+00    3.877201E+01
    1    4.696667E-01    2.788050E+00    6.772946E+03
    2    4.696667E-01    2.788050E+00    1.313711E+03
    3    4.696667E-01    2.788050E+00    2.285210E+02
    4    4.696667E-01    2.788050E+00    3.884205E+01
    1    4.698333E-01    2.789663E+00    6.785174E+03
    2    4.698333E-01    2.789663E+00    1.316083E+03
    3    4.698333E-01    2.789663E+00    2.289335E+02
    4    4.698333E-01    2.789663E+00    3.891217E+01
    1    4.700000E-01    2.791277E+00    6.797416E+03
    2    4.700000E-01    2.791277E+00    1.318457E+03
    3    4.700000E-01    2.791277E+00    2.293466E+02
    4    4.700000E-01    2.791277E+00    3.898238E+01
    1    4.701667E-01    2.792891E+00    6.809672E+03
    2    4.701667E-01    2.792891E+00    1.320835E+03
    3    4.701667E-01    2.792891E+00    2.297601E+02
    4    4.701667E-01    2.792891E+00    3.905267E+01
    1    4.703333E-01    2.794506E+00    6.821943E+03
    2    4.703333E-01    2.794506E+00    1.323215E+03
    3    4.703333E-01    2.794506E+00    2.301741E+02
    4    4.703333E-01    2.794506E+00    3.912304E+01
    1    4.705000E-01    2.796121E+00    6.834229E+03
    2    4.705000E-01    2.796121E+00    1.325598E+03
    3    4.705000E-01    2.796121E+00    2.305887E+02
    4    4.705000E-01    2.796121E+00    3.919350E+01
    1    4.706667E-01    2.797737E+00    6.846529E+03
    2    4.706667E-01    2.797737E+00    1.327984E+03
    3    4.706667E-01    2.797737E+00    2.310037E+02
    4    4.706667E-01    2.797737E+00    3.926404E+01
    1    4.708333E-01    2.799353E+00    6.858844E+03
    2    4.708333E-01    2.799353E+00    1.330372E+03
    3    4.708333E-01    2.799353E+00    2.314192E+02
    4    4.708333E-01    2.799353E+00    3.933466E+01
    1    4.710000E-01    2.800969E+00    6.871173E+03
    2    4.710000E-01    2.800969E+00    1.332764E+03
    3    4.710000E-01    2.800969E+00    2.318352E+02
    4    4.710000E-01    2.800969E+00    3.940537E+01
    1    4.711667E-01    2.802586E+00    6.883518E+03
    2    4.711667E-01    2.802586E+00    1.335158E+03
    3    4.711667E-01    2.802586E+00    2.322517E+02
    4    4.711667E-01    2.802586E+00    3.947616E+01
    1    4.713333E-01    2.804204E+00    6.895876E+03
    2    4.713333E-01    2.804204E+00    1.337555E+03
    3    4.713333E-01    2.804204E+00    2.326687E+02
    4    4.713333E-01    2.804204E+00    3.954704E+01
    1    4.715000E-01    2.805822E+00    6.908250E+03
    2    4.715000E-01    2.805822E+00    1.339955E+03
    3    4.715000E-01    2.805822E+00    2.330862E+02
    4    4.715000E-01    2.805822E+00    3.961800E+01
    1    4.716667E-01    2.807440E+00    6.920638E+03
    2    4.716667E-01    2.807440E+00    1.342358E+03
    3    4.716667E-01    2.807440E+00    2.335041E+02
    4    4.716667E-01    2.807440E+00    3.968904E+01
    1    4.718333E-01    2.809059E+00    6.933041E+03
    2    4.718333E-01    2.809059E+00    1.344764E+03
    3    4.718333E-01    2.809059E+00    2.339226E+02
    4    4.718333E-01    2.809059E+00    3.976017E+01
    1    4.720000E-01    2.810678E+00    6.945458E+03
    2    4.720000E-01    2.810678E+00    1.347172E+03
    3    4.720000E-01    2.810678E+00    2.343416E+02
    4    4.720000E-01    2.810678E+00    3.983138E+01
    1    4.721667E-01    2.812298E+00    6.957890E+03
    2    4.721667E-01    2.812298E+00    1.349584E+03
    3    4.721667E-01    2.812298E+00    2.347610E+02
    4    4.721667E-01    2.812298E+00    3.990268E+01
    1    4.723333E-01    2.813918E+00    6.970337E+03
    2    4.723333E-01    2.813918E+00    1.351998E+03
    3    4.723333E-01    2.813918E+00    2.351810E+02
    4    4.723333E-01    2.813918E+00    3.997406E+01
    1    4.725000E-01    2.815539E+00    6.982799E+03
    2    4.725000E-01    2.815539E+00    1.354415E+03
    3    4.725000E-01    2.815539E+00    2.356015E+02
    4    4.725000E-01    2.815539E+00    4.004553E+01
    1    4.726667E-01    2.817160E+00    6.995275E+03
    2    4.726667E-01    2.817160E+00    1.356835E+03
    3    4.726667E-01    2.817160E+00    2.360224E+02
    4    4.726667E-01    2.817160E+00    4.011708E+01
    1    4.728333E-01    2.818782E+00    7.007766E+03
    2    4.728333E-01    2.818782E+00    1.359258E+03
    3    4.728333E-01    2.818782E+00    2.364439E+02
    4    4.728333E-01    2.818782E+00    4.018871E+01
    1    4.730000E-01    2.820404E+00    7.020272E+03
    2    4.730000E-01    2.820404E+00    1.361684E+03
    3    4.730000E-01    2.820404E+00    2.368658E+02
    4    4.730000E-01    2.820404E+00    4.026043E+01
    1    4.731667E-01    2.822027E+00    7.032792E+03
    2    4.731667E-01    2.822027E+00    1.364112E+03
    3    4.731667E-01    2.822027E+00    2.372883E+02
    4    4.731667E-01    2.822027E+00    4.033224E+01
    1    4.733333E-01    2.823650E+00    7.045328E+03
    2    4.733333E-01    2.823650E+00    1.366544E+03
    3    4.733333E-01    2.823650E+00    2.377112E+02
    4    4.733333E-01    2.823650E+00    4.040412E+01
    1    4.735000E-01    2.825273E+00    7.057878E+03
    2    4.735000E-01    2.825273E+00    1.368978E+03
    3    4.735000E-01    2.825273E+00    2.381346E+02
    4    4.735000E-01    2.825273E+00    4.047610E+01
    1    4.736667E-01    2.826897E+00    7.070443E+03
    2    4.736667E-01    2.826897E+00    1.371415E+03
    3    4.736667E-01    2.826897E+00    2.385586E+02
    4    4.736667E-01    2.826897E+00    4.054815E+01
    1    4.738333E-01    2.828522E+00    7.083022E+03
    2    4.738333E-01    2.828522E+00    1.373855E+03
    3    4.738333E-01    2.828522E+00    2.389830E+02
    4    4.738333E-01    2.828522E+00    4.062030E+01
    1    4.740000E-01    2.830147E+00    7.095617E+03
    2    4.740000E-01    2.830147E+00    1.376298E+03
    3    4.740000E-01    2.830147E+00    2.394080E+02
    4    4.740000E-01    2.830147E+00    4.069252E+01
    1    4.741667E-01    2.831772E+00    7.108226E+03
    2    4.741667E-01    2.831772E+00    1.378744E+03
    3    4.741667E-01    2.831772E+00    2.398334E+02
    4    4.741667E-01    2.831772E+00    4.076484E+01
    1    4.743333E-01    2.833398E+00    7.120850E+03
    2    4.743333E-01    2.833398E+00    1.381192E+03
    3    4.743333E-01    2.833398E+00    2.402593E+02
    4    4.743333E-01    2.833398E+00    4.083723E+01
    1    4.745000E-01    2.835024E+00    7.133489E+03
    2    4.745000E-01    2.835024E+00    1.383644E+03
    3    4.745000E-01    2.835024E+00    2.406858E+02
    4    4.745000E-01    2.835024E+00    4.090972E+01
    1    4.746667E-01    2.836651E+00    7.146143E+03
    2    4.746667E-01    2.836651E+00    1.386098E+03
    3    4.746667E-01    2.836651E+00    2.411127E+02
    4    4.746667E-01    2.836651E+00    4.098228E+01
    1    4.748333E-01    2.838278E+00    7.158811E+03
    2    4.748333E-01    2.838278E+00    1.388555E+03
    3    4.748333E-01    2.838278E+00    2.415402E+02
    4    4.748333E-01    2.838278E+00    4.105494E+01
    1    4.750000E-01    2.839906E+00    7.171495E+03
    2    4.750000E-01    2.839906E+00    1.391015E+03
    3    4.750000E-01    2.839906E+00    2.419681E+02
    4    4.750000E-01    2.839906E+00    4.112768E+01
    1    4.751667E-01    2.841534E+00    7.184193E+03
    2    4.751667E-01    2.841534E+00    1.393478E+03
    3    4.751667E-01    2.841534E+00    2.423965E+02
    4    4.751667E-01    2.841534E+00    4.120050E+01
    1    4.753333E-01    2.843163E+00    7.196906E+03
    2    4.753333E-01    2.843163E+00    1.395944E+03
    3    4.753333E-01    2.843163E+00    2.428255E+02
    4    4.753333E-01    2.843163E+00    4.127341E+01
    1    4.755000E-01    2.844792E+00    7.209634E+03
    2    4.755000E-01    2.844792E+00    1.398413E+03
    3    4.755000E-01    2.844792E+00    2.432549E+02
    4    4.755000E-01    2.844792E+00    4.134640E+01
    1    4.756667E-01    2.846422E+00    7.222377E+03
    2    4.756667E-01    2.846422E+00    1.400885E+03
    3    4.756667E-01    2.846422E+00    2.436849E+02
    4    4.756667E-01    2.846422E+00    4.141948E+01
    1    4.758333E-01    2.848052E+00    7.235135E+03
    2    4.758333E-01    2.848052E+00    1.403359E+03
    3    4.758333E-01    2.848052E+00    2.441153E+02
    4    4.758333E-01    2.848052E+00    4.149265E+01
    1    4.760000E-01    2.849682E+00    7.247908E+03
    2    4.760000E-01    2.849682E+00    1.405837E+03
    3    4.760000E-01    2.849682E+00    2.445463E+02
    4    4.760000E-01    2.849682E+00    4.156590E+01
    1    4.761667E-01    2.851313E+00    7.260695E+03
    2    4.761667E-01    2.851313E+00    1.408317E+03
    3    4.761667E-01    2.851313E+00    2.449778E+02
    4    4.761667E-01    2.851313E+00    4.163923E+01
    1    4.763333E-01    2.852945E+00    7.273498E+03
    2    4.763333E-01    2.852945E+00    1.410800E+03
    3    4.763333E-01    2.852945E+00    2.454097E+02
    4    4.763333E-01    2.852945E+00    4.171265E+01
    1    4.765000E-01    2.854577E+00    7.286316E+03
    2    4.765000E-01    2.854577E+00    1.413287E+03
    3    4.765000E-01    2.854577E+00    2.458422E+02
    4    4.765000E-01    2.854577E+00    4.178616E+01
    1    4.766667E-01    2.856209E+00    7.299148E+03
    2    4.766667E-01    2.856209E+00    1.415776E+03
    3    4.766667E-01    2.856209E+00    2.462752E+02
    4    4.766667E-01    2.856209E+00    4.185975E+01
    1    4.768333E-01    2.857842E+00    7.311996E+03
    2    4.768333E-01    2.857842E+00    1.418268E+03
    3    4.768333E-01    2.857842E+00    2.467086E+02
    4    4.768333E-01    2.857842E+00    4.193343E+01
    1    4.770000E-01    2.859475E+00    7.324858E+03
    2    4.770000E-01    2.859475E+00    1.420762E+03
    3    4.770000E-01    2.859475E+00    2.471426E+02
    4    4.770000E-01    2.859475E+00    4.200720E+01
    1    4.771667E-01    2.861109E+00    7.337735E+03
    2    4.771667E-01    2.861109E+00    1.423260E+03
    3    4.771667E-01    2.861109E+00    2.475771E+02
    4    4.771667E-01    2.861109E+00    4.208105E+01
    1    4.773333E-01    2.862743E+00    7.350628E+03
    2    4.773333E-01    2.862743E+00    1.425761E+03
    3    4.773333E-01    2.862743E+00    2.480121E+02
    4    4.773333E-01    2.862743E+00    4.215498E+01
    1    4.775000E-01    2.864378E+00    7.363535E+03
    2    4.775000E-01    2.864378E+00    1.428264E+03
    3    4.775000E-01    2.864378E+00    2.484476E+02
    4    4.775000E-01    2.864378E+00    4.222901E+01
    1    4.776667E-01    2.866013E+00    7.376458E+03
    2    4.776667E-01    2.866013E+00    1.430771E+03
    3    4.776667E-01    2.866013E+00    2.488836E+02
    4    4.776667E-01    2.866013E+00    4.230312E+01
    1    4.778333E-01    2.867649E+00    7.389395E+03
    2    4.778333E-01    2.867649E+00    1.433280E+03
    3    4.778333E-01    2.867649E+00    2.493201E+02
    4    4.778333E-01    2.867649E+00    4.237731E+01
    1    4.780000E-01    2.869285E+00    7.402348E+03
    2    4.780000E-01    2.869285E+00    1.435793E+03
    3    4.780000E-01    2.869285E+00    2.497571E+02
    4    4.780000E-01    2.869285E+00    4.245159E+01
    1    4.781667E-01    2.870922E+00    7.415315E+03
    2    4.781667E-01    2.870922E+00    1.438308E+03
    3    4.781667E-01    2.870922E+00    2.501947E+02
    4    4.781667E-01    2.870922E+00    4.252596E+01
    1    4.783333E-01    2.872559E+00    7.428298E+03
    2    4.783333E-01    2.872559E+00    1.440826E+03
    3    4.783333E-01    2.872559E+00    2.506327E+02
    4    4.783333E-01    2.872559E+00    4.260041E+01
    1    4.785000E-01    2.874196E+00    7.441295E+03
    2    4.785000E-01    2.874196E+00    1.443347E+03
    3    4.785000E-01    2.874196E+00    2.510713E+02
    4    4.785000E-01    2.874196E+00    4.267495E+01
    1    4.786667E-01    2.875834E+00    7.454308E+03
    2    4.786667E-01    2.875834E+00    1.445871E+03
    3    4.786667E-01    2.875834E+00    2.515103E+02
    4    4.786667E-01    2.875834E+00    4.274958E+01
    1    4.788333E-01    2.877473E+00    7.467336E+03
    2    4.788333E-01    2.877473E+00    1.448398E+03
    3    4.788333E-01    2.877473E+00    2.519499E+02
    4    4.788333E-01    2.877473E+00    4.282429E+01
    1    4.790000E-01    2.879112E+00    7.480379E+03
    2    4.790000E-01    2.879112E+00    1.450928E+03
    3    4.790000E-01    2.879112E+00    2.523899E+02
    4    4.790000E-01    2.879112E+00    4.289909E+01
    1    4.791667E-01    2.880751E+00    7.493437E+03
    2    4.791667E-01    2.880751E+00    1.453461E+03
    3    4.791667E-01    2.880751E+00    2.528305E+02
    4    4.791667E-01    2.880751E+00    4.297398E+01
    1    4.793333E-01    2.882391E+00    7.506510E+03
    2    4.793333E-01    2.882391E+00    1.455997E+03
    3    4.793333E-01    2.882391E+00    2.532716E+02
    4    4.793333E-01    2.882391E+00    4.304895E+01
    1    4.795000E-01    2.884031E+00    7.519598E+03
    2    4.795000E-01    2.884031E+00    1.458535E+03
    3    4.795000E-01    2.884031E+00    2.537132E+02
    4    4.795000E-01    2.884031E+00    4.312401E+01
    1    4.796667E-01    2.885672E+00    7.532702E+03
    2    4.796667E-01    2.885672E+00    1.461077E+03
    3    4.796667E-01    2.885672E+00    2.541553E+02
    4    4.796667E-01    2.885672E+00    4.319916E+01
    1    4.798333E-01    2.887314E+00    7.545820E+03
    2    4.798333E-01    2.887314E+00    1.463621E+03
    3    4.798333E-01    2.887314E+00    2.545979E+02
    4    4.798333E-01    2.887314E+00    4.327439E+01
    1    4.800000E-01    2.888955E+00    7.558954E+03
    2    4.800000E-01    2.888955E+00    1.466169E+03
    3    4.800000E-01    2.888955E+00    2.550411E+02
    4    4.800000E-01    2.888955E+00    4.334971E+01
    1    4.801667E-01    2.890597E+00    7.572102E+03
    2    4.801667E-01    2.890597E+00    1.468719E+03
    3    4.801667E-01    2.890597E+00    2.554847E+02
    4    4.801667E-01    2.890597E+00    4.342511E+01
    1    4.803333E-01    2.892240E+00    7.585266E+03
    2    4.803333E-01    2.892240E+00    1.471272E+03
    3    4.803333E-01    2.892240E+00    2.559289E+02
    4    4.803333E-01    2.892240E+00    4.350061E+01
    1    4.805000E-01    2.893883E+00    7.598446E+03
    2    4.805000E-01    2.893883E+00    1.473829E+03
    3    4.805000E-01    2.893883E+00    2.563735E+02
    4    4.805000E-01    2.893883E+00    4.357619E+01
    1    4.806667E-01    2.895527E+00    7.611640E+03
    2    4.806667E-01    2.895527E+00    1.476388E+03
    3    4.806667E-01    2.895527E+00    2.568187E+02
    4    4.806667E-01    2.895527E+00    4.365186E+01
    1    4.808333E-01    2.897171E+00    7.624849E+03
    2    4.808333E-01    2.897171E+00    1.478950E+03
    3    4.808333E-01    2.897171E+00    2.572644E+02
    4    4.808333E-01    2.897171E+00    4.372761E+01
    1    4.810000E-01    2.898815E+00    7.638074E+03
    2    4.810000E-01    2.898815E+00    1.481515E+03
    3    4.810000E-01    2.898815E+00    2.577106E+02
    4    4.810000E-01    2.898815E+00    4.380345E+01
    1    4.811667E-01    2.900460E+00    7.651314E+03
    2    4.811667E-01    2.900460E+00    1.484083E+03
    3    4.811667E-01    2.900460E+00    2.581573E+02
    4    4.811667E-01    2.900460E+00    4.387938E+01
    1    4.813333E-01    2.902106E+00    7.664569E+03
    2    4.813333E-01    2.902106E+00    1.486654E+03
    3    4.813333E-01    2.902106E+00    2.586046E+02
    4    4.813333E-01    2.902106E+00    4.395540E+01
    1    4.815000E-01    2.903752E+00    7.677840E+03
    2    4.815000E-01    2.903752E+00    1.489228E+03
    3    4.815000E-01    2.903752E+00    2.590523E+02
    4    4.815000E-01    2.903752E+00    4.403150E+01
    1    4.816667E-01    2.905398E+00    7.691125E+03
    2    4.816667E-01    2.905398E+00    1.491805E+03
    3    4.816667E-01    2.905398E+00    2.595006E+02
    4    4.816667E-01    2.905398E+00    4.410770E+01
    1    4.818333E-01    2.907045E+00    7.704426E+03
    2    4.818333E-01    2.907045E+00    1.494385E+03
    3    4.818333E-01    2.907045E+00    2.599494E+02
    4    4.818333E-01    2.907045E+00    4.418398E+01
    1    4.820000E-01    2.908692E+00    7.717742E+03
    2    4.820000E-01    2.908692E+00    1.496968E+03
    3    4.820000E-01    2.908692E+00    2.603986E+02
    4    4.820000E-01    2.908692E+00    4.426034E+01
    1    4.821667E-01    2.910340E+00    7.731074E+03
    2    4.821667E-01    2.910340E+00    1.499554E+03
    3    4.821667E-01    2.910340E+00    2.608485E+02
    4    4.821667E-01    2.910340E+00    4.433680E+01
    1    4.823333E-01    2.911989E+00    7.744420E+03
    2    4.823333E-01    2.911989E+00    1.502143E+03
    3    4.823333E-01    2.911989E+00    2.612988E+02
    4    4.823333E-01    2.911989E+00    4.441334E+01
    1    4.825000E-01    2.913637E+00    7.757782E+03
    2    4.825000E-01    2.913637E+00    1.504734E+03
    3    4.825000E-01    2.913637E+00    2.617496E+02
    4    4.825000E-01    2.913637E+00    4.448997E+01
    1    4.826667E-01    2.915286E+00    7.771160E+03
    2    4.826667E-01    2.915286E+00    1.507329E+03
    3    4.826667E-01    2.915286E+00    2.622010E+02
    4    4.826667E-01    2.915286E+00    4.456668E+01
    1    4.828333E-01    2.916936E+00    7.784552E+03
    2    4.828333E-01    2.916936E+00    1.509927E+03
    3    4.828333E-01    2.916936E+00    2.626528E+02
    4    4.828333E-01    2.916936E+00    4.464349E+01
    1    4.830000E-01    2.918586E+00    7.797960E+03
    2    4.830000E-01    2.918586E+00    1.512528E+03
    3    4.830000E-01    2.918586E+00    2.631052E+02
    4    4.830000E-01    2.918586E+00    4.472038E+01
    1    4.831667E-01    2.920237E+00    7.811384E+03
    2    4.831667E-01    2.920237E+00    1.515131E+03
    3    4.831667E-01    2.920237E+00    2.635581E+02
    4    4.831667E-01    2.920237E+00    4.479736E+01
    1    4.833333E-01    2.921888E+00    7.824822E+03
    2    4.833333E-01    2.921888E+00    1.517738E+03
    3    4.833333E-01    2.921888E+00    2.640116E+02
    4    4.833333E-01    2.921888E+00    4.487443E+01
    1    4.835000E-01    2.923540E+00    7.838276E+03
    2    4.835000E-01    2.923540E+00    1.520347E+03
    3    4.835000E-01    2.923540E+00    2.644655E+02
    4    4.835000E-01    2.923540E+00    4.495159E+01
    1    4.836667E-01    2.925192E+00    7.851746E+03
    2    4.836667E-01    2.925192E+00    1.522960E+03
    3    4.836667E-01    2.925192E+00    2.649200E+02
    4    4.836667E-01    2.925192E+00    4.502884E+01
    1    4.838333E-01    2.926844E+00    7.865230E+03
    2    4.838333E-01    2.926844E+00    1.525576E+03
    3    4.838333E-01    2.926844E+00    2.653749E+02
    4    4.838333E-01    2.926844E+00    4.510617E+01
    1    4.840000E-01    2.928497E+00    7.878730E+03
    2    4.840000E-01    2.928497E+00    1.528194E+03
    3    4.840000E-01    2.928497E+00    2.658304E+02
    4    4.840000E-01    2.928497E+00    4.518359E+01
    1    4.841667E-01    2.930150E+00    7.892246E+03
    2    4.841667E-01    2.930150E+00    1.530816E+03
    3    4.841667E-01    2.930150E+00    2.662864E+02
    4    4.841667E-01    2.930150E+00    4.526110E+01
    1    4.843333E-01    2.931804E+00    7.905777E+03
    2    4.843333E-01    2.931804E+00    1.533440E+03
    3    4.843333E-01    2.931804E+00    2.667430E+02
    4    4.843333E-01    2.931804E+00    4.533870E+01
    1    4.845000E-01    2.933459E+00    7.919323E+03
    2    4.845000E-01    2.933459E+00    1.536068E+03
    3    4.845000E-01    2.933459E+00    2.672000E+02
    4    4.845000E-01    2.933459E+00    4.541638E+01
    1    4.846667E-01    2.935113E+00    7.932885E+03
    2    4.846667E-01    2.935113E+00    1.538698E+03
    3    4.846667E-01    2.935113E+00    2.676576E+02
    4    4.846667E-01    2.935113E+00    4.549416E+01
    1    4.848333E-01    2.936769E+00    7.946462E+03
    2    4.848333E-01    2.936769E+00    1.541332E+03
    3    4.848333E-01    2.936769E+00    2.681157E+02
    4    4.848333E-01    2.936769E+00    4.557202E+01
    1    4.850000E-01    2.938424E+00    7.960055E+03
    2    4.850000E-01    2.938424E+00    1.543968E+03
    3    4.850000E-01    2.938424E+00    2.685743E+02
    4    4.850000E-01    2.938424E+00    4.564997E+01
    1    4.851667E-01    2.940081E+00    7.973663E+03
    2    4.851667E-01    2.940081E+00    1.546608E+03
    3    4.851667E-01    2.940081E+00    2.690335E+02
    4    4.851667E-01    2.940081E+00    4.572802E+01
    1    4.853333E-01    2.941737E+00    7.987286E+03
    2    4.853333E-01    2.941737E+00    1.549250E+03
    3    4.853333E-01    2.941737E+00    2.694931E+02
    4    4.853333E-01    2.941737E+00    4.580614E+01
    1    4.855000E-01    2.943394E+00    8.000925E+03
    2    4.855000E-01    2.943394E+00    1.551896E+03
    3    4.855000E-01    2.943394E+00    2.699533E+02
    4    4.855000E-01    2.943394E+00    4.588436E+01
    1    4.856667E-01    2.945052E+00    8.014580E+03
    2    4.856667E-01    2.945052E+00    1.554544E+03
    3    4.856667E-01    2.945052E+00    2.704140E+02
    4    4.856667E-01    2.945052E+00    4.596267E+01
    1    4.858333E-01    2.946710E+00    8.028250E+03
    2    4.858333E-01    2.946710E+00    1.557195E+03
    3    4.858333E-01    2.946710E+00    2.708752E+02
    4    4.858333E-01    2.946710E+00    4.604106E+01
    1    4.860000E-01    2.948369E+00    8.041935E+03
    2    4.860000E-01    2.948369E+00    1.559850E+03
    3    4.860000E-01    2.948369E+00    2.713370E+02
    4    4.860000E-01    2.948369E+00    4.611955E+01
    1    4.861667E-01    2.950028E+00    8.055636E+03
    2    4.861667E-01    2.950028E+00    1.562507E+03
    3    4.861667E-01    2.950028E+00    2.717993E+02
    4    4.861667E-01    2.950028E+00    4.619812E+01
    1    4.863333E-01    2.951687E+00    8.069353E+03
    2    4.863333E-01    2.951687E+00    1.565168E+03
    3    4.863333E-01    2.951687E+00    2.722621E+02
    4    4.863333E-01    2.951687E+00    4.627679E+01
    1    4.865000E-01    2.953347E+00    8.083085E+03
    2    4.865000E-01    2.953347E+00    1.567832E+03
    3    4.865000E-01    2.953347E+00    2.727254E+02
    4    4.865000E-01    2.953347E+00    4.635554E+01
    1    4.866667E-01    2.955007E+00    8.096832E+03
    2    4.866667E-01    2.955007E+00    1.570498E+03
    3    4.866667E-01    2.955007E+00    2.731892E+02
    4    4.866667E-01    2.955007E+00    4.643438E+01
    1    4.868333E-01    2.956668E+00    8.110595E+03
    2    4.868333E-01    2.956668E+00    1.573168E+03
    3    4.868333E-01    2.956668E+00    2.736536E+02
    4    4.868333E-01    2.956668E+00    4.651331E+01
    1    4.870000E-01    2.958330E+00    8.124374E+03
    2    4.870000E-01    2.958330E+00    1.575840E+03
    3    4.870000E-01    2.958330E+00    2.741185E+02
    4    4.870000E-01    2.958330E+00    4.659233E+01
    1    4.871667E-01    2.959991E+00    8.138168E+03
    2    4.871667E-01    2.959991E+00    1.578516E+03
    3    4.871667E-01    2.959991E+00    2.745839E+02
    4    4.871667E-01    2.959991E+00    4.667143E+01
    1    4.873333E-01    2.961654E+00    8.151978E+03
    2    4.873333E-01    2.961654E+00    1.581194E+03
    3    4.873333E-01    2.961654E+00    2.750499E+02
    4    4.873333E-01    2.961654E+00    4.675063E+01
    1    4.875000E-01    2.963316E+00    8.165803E+03
    2    4.875000E-01    2.963316E+00    1.583876E+03
    3    4.875000E-01    2.963316E+00    2.755163E+02
    4    4.875000E-01    2.963316E+00    4.682992E+01
    1    4.876667E-01    2.964980E+00    8.179644E+03
    2    4.876667E-01    2.964980E+00    1.586561E+03
    3    4.876667E-01    2.964980E+00    2.759833E+02
    4    4.876667E-01    2.964980E+00    4.690930E+01
    1    4.878333E-01    2.966643E+00    8.193501E+03
    2    4.878333E-01    2.966643E+00    1.589248E+03
    3    4.878333E-01    2.966643E+00    2.764509E+02
    4    4.878333E-01    2.966643E+00    4.698876E+01
    1    4.880000E-01    2.968307E+00    8.207373E+03
    2    4.880000E-01    2.968307E+00    1.591939E+03
    3    4.880000E-01    2.968307E+00    2.769189E+02
    4    4.880000E-01    2.968307E+00    4.706832E+01
    1    4.881667E-01    2.969972E+00    8.221261E+03
    2    4.881667E-01    2.969972E+00    1.594633E+03
    3    4.881667E-01    2.969972E+00    2.773875E+02
    4    4.881667E-01    2.969972E+00    4.714796E+01
    1    4.883333E-01    2.971637E+00    8.235164E+03
    2    4.883333E-01    2.971637E+00    1.597330E+03
    3    4.883333E-01    2.971637E+00    2.778566E+02
    4    4.883333E-01    2.971637E+00    4.722770E+01
    1    4.885000E-01    2.973303E+00    8.249084E+03
    2    4.885000E-01    2.973303E+00    1.600029E+03
    3    4.885000E-01    2.973303E+00    2.783262E+02
    4    4.885000E-01    2.973303E+00    4.730752E+01
    1    4.886667E-01    2.974969E+00    8.263018E+03
    2    4.886667E-01    2.974969E+00    1.602732E+03
    3    4.886667E-01    2.974969E+00    2.787964E+02
    4    4.886667E-01    2.974969E+00    4.738744E+01
    1    4.888333E-01    2.976635E+00    8.276969E+03
    2    4.888333E-01    2.976635E+00    1.605438E+03
    3    4.888333E-01    2.976635E+00    2.792671E+02
    4    4.888333E-01    2.976635E+00    4.746744E+01
    1    4.890000E-01    2.978302E+00    8.290935E+03
    2    4.890000E-01    2.978302E+00    1.608147E+03
    3    4.890000E-01    2.978302E+00    2.797383E+02
    4    4.890000E-01    2.978302E+00    4.754753E+01
    1    4.891667E-01    2.979969E+00    8.304917E+03
    2    4.891667E-01    2.979969E+00    1.610859E+03
    3    4.891667E-01    2.979969E+00    2.802101E+02
    4    4.891667E-01    2.979969E+00    4.762772E+01
    1    4.893333E-01    2.981637E+00    8.318914E+03
    2    4.893333E-01    2.981637E+00    1.613574E+03
    3    4.893333E-01    2.981637E+00    2.806823E+02
    4    4.893333E-01    2.981637E+00    4.770799E+01
    1    4.895000E-01    2.983306E+00    8.332928E+03
    2    4.895000E-01    2.983306E+00    1.616292E+03
    3    4.895000E-01    2.983306E+00    2.811552E+02
    4    4.895000E-01    2.983306E+00    4.778836E+01
    1    4.896667E-01    2.984974E+00    8.346956E+03
    2    4.896667E-01    2.984974E+00    1.619013E+03
    3    4.896667E-01    2.984974E+00    2.816285E+02
    4    4.896667E-01    2.984974E+00    4.786881E+01
    1    4.898333E-01    2.986644E+00    8.361001E+03
    2    4.898333E-01    2.986644E+00    1.621737E+03
    3    4.898333E-01    2.986644E+00    2.821024E+02
    4    4.898333E-01    2.986644E+00    4.794936E+01
    1    4.900000E-01    2.988313E+00    8.375062E+03
    2    4.900000E-01    2.988313E+00    1.624465E+03
    3    4.900000E-01    2.988313E+00    2.825768E+02
    4    4.900000E-01    2.988313E+00    4.802999E+01
    1    4.901667E-01    2.989984E+00    8.389138E+03
    2    4.901667E-01    2.989984E+00    1.627195E+03
    3    4.901667E-01    2.989984E+00    2.830517E+02
    4    4.901667E-01    2.989984E+00    4.811072E+01
    1    4.903333E-01    2.991654E+00    8.403230E+03
    2    4.903333E-01    2.991654E+00    1.629928E+03
    3    4.903333E-01    2.991654E+00    2.835272E+02
    4    4.903333E-01    2.991654E+00    4.819153E+01
    1    4.905000E-01    2.993325E+00    8.417337E+03
    2    4.905000E-01    2.993325E+00    1.632665E+03
    3    4.905000E-01    2.993325E+00    2.840032E+02
    4    4.905000E-01    2.993325E+00    4.827244E+01
    1    4.906667E-01    2.994997E+00    8.431461E+03
    2    4.906667E-01    2.994997E+00    1.635404E+03
    3    4.906667E-01    2.994997E+00    2.844797E+02
    4    4.906667E-01    2.994997E+00    4.835343E+01
    1    4.908333E-01    2.996669E+00    8.445600E+03
    2    4.908333E-01    2.996669E+00    1.638147E+03
    3    4.908333E-01    2.996669E+00    2.849568E+02
    4    4.908333E-01    2.996669E+00    4.843452E+01
    1    4.910000E-01    2.998342E+00    8.459755E+03
    2    4.910000E-01    2.998342E+00    1.640892E+03
    3    4.910000E-01    2.998342E+00    2.854344E+02
    4    4.910000E-01    2.998342E+00    4.851570E+01
    1    4.911667E-01    3.000015E+00    8.473926E+03
    2    4.911667E-01    3.000015E+00    1.643641E+03
    3    4.911667E-01    3.000015E+00    2.859125E+02
    4    4.911667E-01    3.000015E+00    4.859697E+01
    1    4.913333E-01    3.001688E+00    8.488113E+03
    2    4.913333E-01    3.001688E+00    1.646393E+03
    3    4.913333E-01    3.001688E+00    2.863911E+02
    4    4.913333E-01    3.001688E+00    4.867832E+01
    1    4.915000E-01    3.003362E+00    8.502315E+03
    2    4.915000E-01    3.003362E+00    1.649147E+03
    3    4.915000E-01    3.003362E+00    2.868703E+02
    4    4.915000E-01    3.003362E+00    4.875977E+01
    1    4.916667E-01    3.005036E+00    8.516533E+03
    2    4.916667E-01    3.005036E+00    1.651905E+03
    3    4.916667E-01    3.005036E+00    2.873501E+02
    4    4.916667E-01    3.005036E+00    4.884131E+01
    1    4.918333E-01    3.006711E+00    8.530768E+03
    2    4.918333E-01    3.006711E+00    1.654666E+03
    3    4.918333E-01    3.006711E+00    2.878303E+02
    4    4.918333E-01    3.006711E+00    4.892295E+01
    1    4.920000E-01    3.008387E+00    8.545018E+03
    2    4.920000E-01    3.008387E+00    1.657430E+03
    3    4.920000E-01    3.008387E+00    2.883111E+02
    4    4.920000E-01    3.008387E+00    4.900467E+01
    1    4.921667E-01    3.010062E+00    8.559283E+03
    2    4.921667E-01    3.010062E+00    1.660197E+03
    3    4.921667E-01    3.010062E+00    2.887925E+02
    4    4.921667E-01    3.010062E+00    4.908648E+01
    1    4.923333E-01    3.011739E+00    8.573565E+03
    2    4.923333E-01    3.011739E+00    1.662967E+03
    3    4.923333E-01    3.011739E+00    2.892743E+02
    4    4.923333E-01    3.011739E+00    4.916839E+01
    1    4.925000E-01    3.013415E+00    8.587863E+03
    2    4.925000E-01    3.013415E+00    1.665741E+03
    3    4.925000E-01    3.013415E+00    2.897567E+02
    4    4.925000E-01    3.013415E+00    4.925038E+01
    1    4.926667E-01    3.015093E+00    8.602176E+03
    2    4.926667E-01    3.015093E+00    1.668517E+03
    3    4.926667E-01    3.015093E+00    2.902397E+02
    4    4.926667E-01    3.015093E+00    4.933247E+01
    1    4.928333E-01    3.016770E+00    8.616506E+03
    2    4.928333E-01    3.016770E+00    1.671296E+03
    3    4.928333E-01    3.016770E+00    2.907232E+02
    4    4.928333E-01    3.016770E+00    4.941465E+01
    1    4.930000E-01    3.018448E+00    8.630851E+03
    2    4.930000E-01    3.018448E+00    1.674079E+03
    3    4.930000E-01    3.018448E+00    2.912072E+02
    4    4.930000E-01    3.018448E+00    4.949691E+01
    1    4.931667E-01    3.020127E+00    8.645213E+03
    2    4.931667E-01    3.020127E+00    1.676864E+03
    3    4.931667E-01    3.020127E+00    2.916917E+02
    4    4.931667E-01    3.020127E+00    4.957927E+01
    1    4.933333E-01    3.021806E+00    8.659590E+03
    2    4.933333E-01    3.021806E+00    1.679653E+03
    3    4.933333E-01    3.021806E+00    2.921768E+02
    4    4.933333E-01    3.021806E+00    4.966173E+01
    1    4.935000E-01    3.023486E+00    8.673983E+03
    2    4.935000E-01    3.023486E+00    1.682445E+03
    3    4.935000E-01    3.023486E+00    2.926625E+02
    4    4.935000E-01    3.023486E+00    4.974427E+01
    1    4.936667E-01    3.025166E+00    8.688392E+03
    2    4.936667E-01    3.025166E+00    1.685240E+03
    3    4.936667E-01    3.025166E+00    2.931486E+02
    4    4.936667E-01    3.025166E+00    4.982690E+01
    1    4.938333E-01    3.026846E+00    8.702817E+03
    2    4.938333E-01    3.026846E+00    1.688038E+03
    3    4.938333E-01    3.026846E+00    2.936353E+02
    4    4.938333E-01    3.026846E+00    4.990963E+01
    1    4.940000E-01    3.028527E+00    8.717258E+03
    2    4.940000E-01    3.028527E+00    1.690839E+03
    3    4.940000E-01    3.028527E+00    2.941226E+02
    4    4.940000E-01    3.028527E+00    4.999245E+01
    1    4.941667E-01    3.030208E+00    8.731715E+03
    2    4.941667E-01    3.030208E+00    1.693643E+03
    3    4.941667E-01    3.030208E+00    2.946104E+02
    4    4.941667E-01    3.030208E+00    5.007536E+01
    1    4.943333E-01    3.031890E+00    8.746188E+03
    2    4.943333E-01    3.031890E+00    1.696450E+03
    3    4.943333E-01    3.031890E+00    2.950987E+02
    4    4.943333E-01    3.031890E+00    5.015836E+01
    1    4.945000E-01    3.033573E+00    8.760677E+03
    2    4.945000E-01    3.033573E+00    1.699260E+03
    3    4.945000E-01    3.033573E+00    2.955876E+02
    4    4.945000E-01    3.033573E+00    5.024145E+01
    1    4.946667E-01    3.035255E+00    8.775183E+03
    2    4.946667E-01    3.035255E+00    1.702074E+03
    3    4.946667E-01    3.035255E+00    2.960770E+02
    4    4.946667E-01    3.035255E+00    5.032464E+01
    1    4.948333E-01    3.036939E+00    8.789704E+03
    2    4.948333E-01    3.036939E+00    1.704891E+03
    3    4.948333E-01    3.036939E+00    2.965669E+02
    4    4.948333E-01    3.036939E+00    5.040791E+01
    1    4.950000E-01    3.038622E+00    8.804241E+03
    2    4.950000E-01    3.038622E+00    1.707710E+03
    3    4.950000E-01    3.038622E+00    2.970574E+02
    4    4.950000E-01    3.038622E+00    5.049128E+01
    1    4.951667E-01    3.040307E+00    8.818794E+03
    2    4.951667E-01    3.040307E+00    1.710533E+03
    3    4.951667E-01    3.040307E+00    2.975484E+02
    4    4.951667E-01    3.040307E+00    5.057474E+01
    1    4.953333E-01    3.041991E+00    8.833363E+03
    2    4.953333E-01    3.041991E+00    1.713359E+03
    3    4.953333E-01    3.041991E+00    2.980400E+02
    4    4.953333E-01    3.041991E+00    5.065830E+01
    1    4.955000E-01    3.043676E+00    8.847948E+03
    2    4.955000E-01    3.043676E+00    1.716188E+03
    3    4.955000E-01    3.043676E+00    2.985321E+02
    4    4.955000E-01    3.043676E+00    5.074194E+01
    1    4.956667E-01    3.045362E+00    8.862550E+03
    2    4.956667E-01    3.045362E+00    1.719020E+03
    3    4.956667E-01    3.045362E+00    2.990248E+02
    4    4.956667E-01    3.045362E+00    5.082568E+01
    1    4.958333E-01    3.047048E+00    8.877167E+03
    2    4.958333E-01    3.047048E+00    1.721855E+03
    3    4.958333E-01    3.047048E+00    2.995179E+02
    4    4.958333E-01    3.047048E+00    5.090951E+01
    1    4.960000E-01    3.048735E+00    8.891801E+03
    2    4.960000E-01    3.048735E+00    1.724694E+03
    3    4.960000E-01    3.048735E+00    3.000117E+02
    4    4.960000E-01    3.048735E+00    5.099343E+01
    1    4.961667E-01    3.050422E+00    8.906451E+03
    2    4.961667E-01    3.050422E+00    1.727535E+03
    3    4.961667E-01    3.050422E+00    3.005060E+02
    4    4.961667E-01    3.050422E+00    5.107744E+01
    1    4.963333E-01    3.052109E+00    8.921116E+03
    2    4.963333E-01    3.052109E+00    1.730380E+03
    3    4.963333E-01    3.052109E+00    3.010008E+02
    4    4.963333E-01    3.052109E+00    5.116155E+01
    1    4.965000E-01    3.053797E+00    8.935798E+03
    2    4.965000E-01    3.053797E+00    1.733228E+03
    3    4.965000E-01    3.053797E+00    3.014962E+02
    4    4.965000E-01    3.053797E+00    5.124575E+01
    1    4.966667E-01    3.055485E+00    8.950496E+03
    2    4.966667E-01    3.055485E+00    1.736079E+03
    3    4.966667E-01    3.055485E+00    3.019921E+02
    4    4.966667E-01    3.055485E+00    5.133004E+01
    1    4.968333E-01    3.057174E+00    8.965210E+03
    2    4.968333E-01    3.057174E+00    1.738933E+03
    3    4.968333E-01    3.057174E+00    3.024885E+02
    4    4.968333E-01    3.057174E+00    5.141442E+01
    1    4.970000E-01    3.058864E+00    8.979941E+03
    2    4.970000E-01    3.058864E+00    1.741790E+03
    3    4.970000E-01    3.058864E+00    3.029856E+02
    4    4.970000E-01    3.058864E+00    5.149890E+01
    1    4.971667E-01    3.060553E+00    8.994687E+03
    2    4.971667E-01    3.060553E+00    1.744650E+03
    3    4.971667E-01    3.060553E+00    3.034831E+02
    4    4.971667E-01    3.060553E+00    5.158347E+01
    1    4.973333E-01    3.062244E+00    9.009450E+03
    2    4.973333E-01    3.062244E+00    1.747514E+03
    3    4.973333E-01    3.062244E+00    3.039812E+02
    4    4.973333E-01    3.062244E+00    5.166813E+01
    1    4.975000E-01    3.063934E+00    9.024229E+03
    2    4.975000E-01    3.063934E+00    1.750380E+03
    3    4.975000E-01    3.063934E+00    3.044798E+02
    4    4.975000E-01    3.063934E+00    5.175289E+01
    1    4.976667E-01    3.065626E+00    9.039024E+03
    2    4.976667E-01    3.065626E+00    1.753250E+03
    3    4.976667E-01    3.065626E+00    3.049790E+02
    4    4.976667E-01    3.065626E+00    5.183774E+01
    1    4.978333E-01    3.067317E+00    9.053835E+03
    2    4.978333E-01    3.067317E+00    1.756123E+03
    3    4.978333E-01    3.067317E+00    3.054788E+02
    4    4.978333E-01    3.067317E+00    5.192268E+01
    1    4.980000E-01    3.069009E+00    9.068663E+03
    2    4.980000E-01    3.069009E+00    1.758999E+03
    3    4.980000E-01    3.069009E+00    3.059790E+02
    4    4.980000E-01    3.069009E+00    5.200771E+01
    1    4.981667E-01    3.070702E+00    9.083506E+03
    2    4.981667E-01    3.070702E+00    1.761878E+03
    3    4.981667E-01    3.070702E+00    3.064799E+02
    4    4.981667E-01    3.070702E+00    5.209284E+01
    1    4.983333E-01    3.072395E+00    9.098366E+03
    2    4.983333E-01    3.072395E+00    1.764760E+03
    3    4.983333E-01    3.072395E+00    3.069813E+02
    4    4.983333E-01    3.072395E+00    5.217806E+01
    1    4.985000E-01    3.074089E+00    9.113242E+03
    2    4.985000E-01    3.074089E+00    1.767646E+03
    3    4.985000E-01    3.074089E+00    3.074832E+02
    4    4.985000E-01    3.074089E+00    5.226337E+01
    1    4.986667E-01    3.075783E+00    9.128135E+03
    2    4.986667E-01    3.075783E+00    1.770534E+03
    3    4.986667E-01    3.075783E+00    3.079857E+02
    4    4.986667E-01    3.075783E+00    5.234878E+01
    1    4.988333E-01    3.077477E+00    9.143044E+03
    2    4.988333E-01    3.077477E+00    1.773426E+03
    3    4.988333E-01    3.077477E+00    3.084887E+02
    4    4.988333E-01    3.077477E+00    5.243428E+01
    1    4.990000E-01    3.079172E+00    9.157969E+03
    2    4.990000E-01    3.079172E+00    1.776321E+03
    3    4.990000E-01    3.079172E+00    3.089923E+02
    4    4.990000E-01    3.079172E+00    5.251987E+01
    1    4.991667E-01    3.080867E+00    9.172910E+03
    2    4.991667E-01    3.080867E+00    1.779219E+03
    3    4.991667E-01    3.080867E+00    3.094964E+02
    4    4.991667E-01    3.080867E+00    5.260556E+01
    1    4.993333E-01    3.082563E+00    9.187867E+03
    2    4.993333E-01    3.082563E+00    1.782120E+03
    3    4.993333E-01    3.082563E+00    3.100010E+02
    4    4.993333E-01    3.082563E+00    5.269134E+01
    1    4.995000E-01    3.084260E+00    9.202841E+03
    2    4.995000E-01    3.084260E+00    1.785025E+03
    3    4.995000E-01    3.084260E+00    3.105063E+02
    4    4.995000E-01    3.084260E+00    5.277721E+01
    1    4.996667E-01    3.085956E+00    9.217831E+03
    2    4.996667E-01    3.085956E+00    1.787932E+03
    3    4.996667E-01    3.085956E+00    3.110120E+02
    4    4.996667E-01    3.085956E+00    5.286318E+01
    1    4.998333E-01    3.087654E+00    9.232838E+03
    2    4.998333E-01    3.087654E+00    1.790843E+03
    3    4.998333E-01    3.087654E+00    3.115184E+02
    4    4.998333E-01    3.087654E+00    5.294924E+01
    1    5.000000E-01    3.089351E+00    9.247861E+03
    2    5.000000E-01    3.089351E+00    1.793757E+03
    3    5.000000E-01    3.089351E+00    3.120252E+02
    4    5.000000E-01    3.089351E+00    5.303539E+01
