# A   chi2(A)
  0.000000E+00    1.750961E+01
  3.000300E-02    1.750981E+01
  6.000600E-02    1.751001E+01
  9.000900E-02    1.751021E+01
  1.200120E-01    1.751041E+01
  1.500150E-01    1.751061E+01
  1.800180E-01    1.751081E+01
  2.100210E-01    1.751101E+01
  2.400240E-01    1.751121E+01
  2.700270E-01    1.751141E+01
  3.000300E-01    1.751161E+01
  3.300330E-01    1.751181E+01
  3.600360E-01    1.751201E+01
  3.900390E-01    1.751222E+01
  4.200420E-01    1.751242E+01
  4.500450E-01    1.751262E+01
  4.800480E-01    1.751282E+01
  5.100510E-01    1.751303E+01
  5.400540E-01    1.751323E+01
  5.700570E-01    1.751343E+01
  6.000600E-01    1.751364E+01
  6.300630E-01    1.751384E+01
  6.600660E-01    1.751405E+01
  6.900690E-01    1.751425E+01
  7.200720E-01    1.751446E+01
  7.500750E-01    1.751466E+01
  7.800780E-01    1.751487E+01
  8.100810E-01    1.751508E+01
  8.400840E-01    1.751528E+01
  8.700870E-01    1.751549E+01
  9.000900E-01    1.751570E+01
  9.300930E-01    1.751590E+01
  9.600960E-01    1.751611E+01
  9.900990E-01    1.751632E+01
  1.020102E+00    1.751653E+01
  1.050105E+00    1.751674E+01
  1.080108E+00    1.751695E+01
  1.110111E+00    1.751716E+01
  1.140114E+00    1.751737E+01
  1.170117E+00    1.751758E+01
  1.200120E+00    1.751779E+01
  1.230123E+00    1.751800E+01
  1.260126E+00    1.751821E+01
  1.290129E+00    1.751842E+01
  1.320132E+00    1.751863E+01
  1.350135E+00    1.751884E+01
  1.380138E+00    1.751906E+01
  1.410141E+00    1.751927E+01
  1.440144E+00    1.751948E+01
  1.470147E+00    1.751969E+01
  1.500150E+00    1.751991E+01
  1.530153E+00    1.752012E+01
  1.560156E+00    1.752034E+01
  1.590159E+00    1.752055E+01
  1.620162E+00    1.752077E+01
  1.650165E+00    1.752098E+01
  1.680168E+00    1.752120E+01
  1.710171E+00    1.752141E+01
  1.740174E+00    1.752163E+01
  1.770177E+00    1.752184E+01
  1.800180E+00    1.752206E+01
  1.830183E+00    1.752228E+01
  1.860186E+00    1.752249E+01
  1.890189E+00    1.752271E+01
  1.920192E+00    1.752293E+01
  1.950195E+00    1.752315E+01
  1.980198E+00    1.752337E+01
  2.010201E+00    1.752359E+01
  2.040204E+00    1.752381E+01
  2.070207E+00    1.752402E+01
  2.100210E+00    1.752424E+01
  2.130213E+00    1.752446E+01
  2.160216E+00    1.752468E+01
  2.190219E+00    1.752491E+01
  2.220222E+00    1.752513E+01
  2.250225E+00    1.752535E+01
  2.280228E+00    1.752557E+01
  2.310231E+00    1.752579E+01
  2.340234E+00    1.752601E+01
  2.370237E+00    1.752624E+01
  2.400240E+00    1.752646E+01
  2.430243E+00    1.752668E+01
  2.460246E+00    1.752691E+01
  2.490249E+00    1.752713E+01
  2.520252E+00    1.752735E+01
  2.550255E+00    1.752758E+01
  2.580258E+00    1.752780E+01
  2.610261E+00    1.752803E+01
  2.640264E+00    1.752825E+01
  2.670267E+00    1.752848E+01
  2.700270E+00    1.752871E+01
  2.730273E+00    1.752893E+01
  2.760276E+00    1.752916E+01
  2.790279E+00    1.752939E+01
  2.820282E+00    1.752961E+01
  2.850285E+00    1.752984E+01
  2.880288E+00    1.753007E+01
  2.910291E+00    1.753030E+01
  2.940294E+00    1.753052E+01
  2.970297E+00    1.753075E+01
  3.000300E+00    1.753098E+01
  3.030303E+00    1.753121E+01
  3.060306E+00    1.753144E+01
  3.090309E+00    1.753167E+01
  3.120312E+00    1.753190E+01
  3.150315E+00    1.753213E+01
  3.180318E+00    1.753236E+01
  3.210321E+00    1.753260E+01
  3.240324E+00    1.753283E+01
  3.270327E+00    1.753306E+01
  3.300330E+00    1.753329E+01
  3.330333E+00    1.753352E+01
  3.360336E+00    1.753376E+01
  3.390339E+00    1.753399E+01
  3.420342E+00    1.753422E+01
  3.450345E+00    1.753446E+01
  3.480348E+00    1.753469E+01
  3.510351E+00    1.753493E+01
  3.540354E+00    1.753516E+01
  3.570357E+00    1.753540E+01
  3.600360E+00    1.753563E+01
  3.630363E+00    1.753587E+01
  3.660366E+00    1.753610E+01
  3.690369E+00    1.753634E+01
  3.720372E+00    1.753658E+01
  3.750375E+00    1.753681E+01
  3.780378E+00    1.753705E+01
  3.810381E+00    1.753729E+01
  3.840384E+00    1.753753E+01
  3.870387E+00    1.753776E+01
  3.900390E+00    1.753800E+01
  3.930393E+00    1.753824E+01
  3.960396E+00    1.753848E+01
  3.990399E+00    1.753872E+01
  4.020402E+00    1.753896E+01
  4.050405E+00    1.753920E+01
  4.080408E+00    1.753944E+01
  4.110411E+00    1.753968E+01
  4.140414E+00    1.753992E+01
  4.170417E+00    1.754016E+01
  4.200420E+00    1.754040E+01
  4.230423E+00    1.754065E+01
  4.260426E+00    1.754089E+01
  4.290429E+00    1.754113E+01
  4.320432E+00    1.754137E+01
  4.350435E+00    1.754162E+01
  4.380438E+00    1.754186E+01
  4.410441E+00    1.754210E+01
  4.440444E+00    1.754235E+01
  4.470447E+00    1.754259E+01
  4.500450E+00    1.754284E+01
  4.530453E+00    1.754308E+01
  4.560456E+00    1.754333E+01
  4.590459E+00    1.754357E+01
  4.620462E+00    1.754382E+01
  4.650465E+00    1.754407E+01
  4.680468E+00    1.754431E+01
  4.710471E+00    1.754456E+01
  4.740474E+00    1.754481E+01
  4.770477E+00    1.754505E+01
  4.800480E+00    1.754530E+01
  4.830483E+00    1.754555E+01
  4.860486E+00    1.754580E+01
  4.890489E+00    1.754605E+01
  4.920492E+00    1.754630E+01
  4.950495E+00    1.754655E+01
  4.980498E+00    1.754680E+01
  5.010501E+00    1.754705E+01
  5.040504E+00    1.754730E+01
  5.070507E+00    1.754755E+01
  5.100510E+00    1.754780E+01
  5.130513E+00    1.754805E+01
  5.160516E+00    1.754830E+01
  5.190519E+00    1.754855E+01
  5.220522E+00    1.754881E+01
  5.250525E+00    1.754906E+01
  5.280528E+00    1.754931E+01
  5.310531E+00    1.754956E+01
  5.340534E+00    1.754982E+01
  5.370537E+00    1.755007E+01
  5.400540E+00    1.755033E+01
  5.430543E+00    1.755058E+01
  5.460546E+00    1.755083E+01
  5.490549E+00    1.755109E+01
  5.520552E+00    1.755134E+01
  5.550555E+00    1.755160E+01
  5.580558E+00    1.755186E+01
  5.610561E+00    1.755211E+01
  5.640564E+00    1.755237E+01
  5.670567E+00    1.755263E+01
  5.700570E+00    1.755288E+01
  5.730573E+00    1.755314E+01
  5.760576E+00    1.755340E+01
  5.790579E+00    1.755366E+01
  5.820582E+00    1.755392E+01
  5.850585E+00    1.755417E+01
  5.880588E+00    1.755443E+01
  5.910591E+00    1.755469E+01
  5.940594E+00    1.755495E+01
  5.970597E+00    1.755521E+01
  6.000600E+00    1.755547E+01
  6.030603E+00    1.755573E+01
  6.060606E+00    1.755599E+01
  6.090609E+00    1.755626E+01
  6.120612E+00    1.755652E+01
  6.150615E+00    1.755678E+01
  6.180618E+00    1.755704E+01
  6.210621E+00    1.755730E+01
  6.240624E+00    1.755757E+01
  6.270627E+00    1.755783E+01
  6.300630E+00    1.755809E+01
  6.330633E+00    1.755836E+01
  6.360636E+00    1.755862E+01
  6.390639E+00    1.755889E+01
  6.420642E+00    1.755915E+01
  6.450645E+00    1.755942E+01
  6.480648E+00    1.755968E+01
  6.510651E+00    1.755995E+01
  6.540654E+00    1.756021E+01
  6.570657E+00    1.756048E+01
  6.600660E+00    1.756075E+01
  6.630663E+00    1.756101E+01
  6.660666E+00    1.756128E+01
  6.690669E+00    1.756155E+01
  6.720672E+00    1.756182E+01
  6.750675E+00    1.756208E+01
  6.780678E+00    1.756235E+01
  6.810681E+00    1.756262E+01
  6.840684E+00    1.756289E+01
  6.870687E+00    1.756316E+01
  6.900690E+00    1.756343E+01
  6.930693E+00    1.756370E+01
  6.960696E+00    1.756397E+01
  6.990699E+00    1.756424E+01
  7.020702E+00    1.756451E+01
  7.050705E+00    1.756478E+01
  7.080708E+00    1.756505E+01
  7.110711E+00    1.756533E+01
  7.140714E+00    1.756560E+01
  7.170717E+00    1.756587E+01
  7.200720E+00    1.756614E+01
  7.230723E+00    1.756642E+01
  7.260726E+00    1.756669E+01
  7.290729E+00    1.756696E+01
  7.320732E+00    1.756724E+01
  7.350735E+00    1.756751E+01
  7.380738E+00    1.756779E+01
  7.410741E+00    1.756806E+01
  7.440744E+00    1.756834E+01
  7.470747E+00    1.756861E+01
  7.500750E+00    1.756889E+01
  7.530753E+00    1.756917E+01
  7.560756E+00    1.756944E+01
  7.590759E+00    1.756972E+01
  7.620762E+00    1.757000E+01
  7.650765E+00    1.757027E+01
  7.680768E+00    1.757055E+01
  7.710771E+00    1.757083E+01
  7.740774E+00    1.757111E+01
  7.770777E+00    1.757139E+01
  7.800780E+00    1.757167E+01
  7.830783E+00    1.757195E+01
  7.860786E+00    1.757223E+01
  7.890789E+00    1.757251E+01
  7.920792E+00    1.757279E+01
  7.950795E+00    1.757307E+01
  7.980798E+00    1.757335E+01
  8.010801E+00    1.757363E+01
  8.040804E+00    1.757391E+01
  8.070807E+00    1.757419E+01
  8.100810E+00    1.757447E+01
  8.130813E+00    1.757476E+01
  8.160816E+00    1.757504E+01
  8.190819E+00    1.757532E+01
  8.220822E+00    1.757561E+01
  8.250825E+00    1.757589E+01
  8.280828E+00    1.757617E+01
  8.310831E+00    1.757646E+01
  8.340834E+00    1.757674E+01
  8.370837E+00    1.757703E+01
  8.400840E+00    1.757731E+01
  8.430843E+00    1.757760E+01
  8.460846E+00    1.757789E+01
  8.490849E+00    1.757817E+01
  8.520852E+00    1.757846E+01
  8.550855E+00    1.757875E+01
  8.580858E+00    1.757903E+01
  8.610861E+00    1.757932E+01
  8.640864E+00    1.757961E+01
  8.670867E+00    1.757990E+01
  8.700870E+00    1.758018E+01
  8.730873E+00    1.758047E+01
  8.760876E+00    1.758076E+01
  8.790879E+00    1.758105E+01
  8.820882E+00    1.758134E+01
  8.850885E+00    1.758163E+01
  8.880888E+00    1.758192E+01
  8.910891E+00    1.758221E+01
  8.940894E+00    1.758250E+01
  8.970897E+00    1.758279E+01
  9.000900E+00    1.758309E+01
  9.030903E+00    1.758338E+01
  9.060906E+00    1.758367E+01
  9.090909E+00    1.758396E+01
  9.120912E+00    1.758426E+01
  9.150915E+00    1.758455E+01
  9.180918E+00    1.758484E+01
  9.210921E+00    1.758514E+01
  9.240924E+00    1.758543E+01
  9.270927E+00    1.758572E+01
  9.300930E+00    1.758602E+01
  9.330933E+00    1.758631E+01
  9.360936E+00    1.758661E+01
  9.390939E+00    1.758691E+01
  9.420942E+00    1.758720E+01
  9.450945E+00    1.758750E+01
  9.480948E+00    1.758779E+01
  9.510951E+00    1.758809E+01
  9.540954E+00    1.758839E+01
  9.570957E+00    1.758869E+01
  9.600960E+00    1.758898E+01
  9.630963E+00    1.758928E+01
  9.660966E+00    1.758958E+01
  9.690969E+00    1.758988E+01
  9.720972E+00    1.759018E+01
  9.750975E+00    1.759048E+01
  9.780978E+00    1.759078E+01
  9.810981E+00    1.759108E+01
  9.840984E+00    1.759138E+01
  9.870987E+00    1.759168E+01
  9.900990E+00    1.759198E+01
  9.930993E+00    1.759228E+01
  9.960996E+00    1.759258E+01
  9.990999E+00    1.759288E+01
  1.002100E+01    1.759319E+01
  1.005101E+01    1.759349E+01
  1.008101E+01    1.759379E+01
  1.011101E+01    1.759409E+01
  1.014101E+01    1.759440E+01
  1.017102E+01    1.759470E+01
  1.020102E+01    1.759501E+01
  1.023102E+01    1.759531E+01
  1.026103E+01    1.759561E+01
  1.029103E+01    1.759592E+01
  1.032103E+01    1.759623E+01
  1.035104E+01    1.759653E+01
  1.038104E+01    1.759684E+01
  1.041104E+01    1.759714E+01
  1.044104E+01    1.759745E+01
  1.047105E+01    1.759776E+01
  1.050105E+01    1.759806E+01
  1.053105E+01    1.759837E+01
  1.056106E+01    1.759868E+01
  1.059106E+01    1.759899E+01
  1.062106E+01    1.759930E+01
  1.065107E+01    1.759960E+01
  1.068107E+01    1.759991E+01
  1.071107E+01    1.760022E+01
  1.074107E+01    1.760053E+01
  1.077108E+01    1.760084E+01
  1.080108E+01    1.760115E+01
  1.083108E+01    1.760146E+01
  1.086109E+01    1.760177E+01
  1.089109E+01    1.760209E+01
  1.092109E+01    1.760240E+01
  1.095110E+01    1.760271E+01
  1.098110E+01    1.760302E+01
  1.101110E+01    1.760333E+01
  1.104110E+01    1.760365E+01
  1.107111E+01    1.760396E+01
  1.110111E+01    1.760427E+01
  1.113111E+01    1.760459E+01
  1.116112E+01    1.760490E+01
  1.119112E+01    1.760522E+01
  1.122112E+01    1.760553E+01
  1.125113E+01    1.760585E+01
  1.128113E+01    1.760616E+01
  1.131113E+01    1.760648E+01
  1.134113E+01    1.760679E+01
  1.137114E+01    1.760711E+01
  1.140114E+01    1.760743E+01
  1.143114E+01    1.760774E+01
  1.146115E+01    1.760806E+01
  1.149115E+01    1.760838E+01
  1.152115E+01    1.760869E+01
  1.155116E+01    1.760901E+01
  1.158116E+01    1.760933E+01
  1.161116E+01    1.760965E+01
  1.164116E+01    1.760997E+01
  1.167117E+01    1.761029E+01
  1.170117E+01    1.761061E+01
  1.173117E+01    1.761093E+01
  1.176118E+01    1.761125E+01
  1.179118E+01    1.761157E+01
  1.182118E+01    1.761189E+01
  1.185119E+01    1.761221E+01
  1.188119E+01    1.761253E+01
  1.191119E+01    1.761285E+01
  1.194119E+01    1.761318E+01
  1.197120E+01    1.761350E+01
  1.200120E+01    1.761382E+01
  1.203120E+01    1.761415E+01
  1.206121E+01    1.761447E+01
  1.209121E+01    1.761479E+01
  1.212121E+01    1.761512E+01
  1.215122E+01    1.761544E+01
  1.218122E+01    1.761577E+01
  1.221122E+01    1.761609E+01
  1.224122E+01    1.761642E+01
  1.227123E+01    1.761674E+01
  1.230123E+01    1.761707E+01
  1.233123E+01    1.761739E+01
  1.236124E+01    1.761772E+01
  1.239124E+01    1.761805E+01
  1.242124E+01    1.761837E+01
  1.245125E+01    1.761870E+01
  1.248125E+01    1.761903E+01
  1.251125E+01    1.761936E+01
  1.254125E+01    1.761969E+01
  1.257126E+01    1.762001E+01
  1.260126E+01    1.762034E+01
  1.263126E+01    1.762067E+01
  1.266127E+01    1.762100E+01
  1.269127E+01    1.762133E+01
  1.272127E+01    1.762166E+01
  1.275128E+01    1.762199E+01
  1.278128E+01    1.762232E+01
  1.281128E+01    1.762266E+01
  1.284128E+01    1.762299E+01
  1.287129E+01    1.762332E+01
  1.290129E+01    1.762365E+01
  1.293129E+01    1.762398E+01
  1.296130E+01    1.762432E+01
  1.299130E+01    1.762465E+01
  1.302130E+01    1.762498E+01
  1.305131E+01    1.762532E+01
  1.308131E+01    1.762565E+01
  1.311131E+01    1.762599E+01
  1.314131E+01    1.762632E+01
  1.317132E+01    1.762666E+01
  1.320132E+01    1.762699E+01
  1.323132E+01    1.762733E+01
  1.326133E+01    1.762766E+01
  1.329133E+01    1.762800E+01
  1.332133E+01    1.762834E+01
  1.335134E+01    1.762867E+01
  1.338134E+01    1.762901E+01
  1.341134E+01    1.762935E+01
  1.344134E+01    1.762968E+01
  1.347135E+01    1.763002E+01
  1.350135E+01    1.763036E+01
  1.353135E+01    1.763070E+01
  1.356136E+01    1.763104E+01
  1.359136E+01    1.763138E+01
  1.362136E+01    1.763172E+01
  1.365137E+01    1.763206E+01
  1.368137E+01    1.763240E+01
  1.371137E+01    1.763274E+01
  1.374137E+01    1.763308E+01
  1.377138E+01    1.763342E+01
  1.380138E+01    1.763376E+01
  1.383138E+01    1.763410E+01
  1.386139E+01    1.763445E+01
  1.389139E+01    1.763479E+01
  1.392139E+01    1.763513E+01
  1.395140E+01    1.763548E+01
  1.398140E+01    1.763582E+01
  1.401140E+01    1.763616E+01
  1.404140E+01    1.763651E+01
  1.407141E+01    1.763685E+01
  1.410141E+01    1.763720E+01
  1.413141E+01    1.763754E+01
  1.416142E+01    1.763789E+01
  1.419142E+01    1.763823E+01
  1.422142E+01    1.763858E+01
  1.425143E+01    1.763892E+01
  1.428143E+01    1.763927E+01
  1.431143E+01    1.763962E+01
  1.434143E+01    1.763996E+01
  1.437144E+01    1.764031E+01
  1.440144E+01    1.764066E+01
  1.443144E+01    1.764101E+01
  1.446145E+01    1.764136E+01
  1.449145E+01    1.764170E+01
  1.452145E+01    1.764205E+01
  1.455146E+01    1.764240E+01
  1.458146E+01    1.764275E+01
  1.461146E+01    1.764310E+01
  1.464146E+01    1.764345E+01
  1.467147E+01    1.764380E+01
  1.470147E+01    1.764415E+01
  1.473147E+01    1.764451E+01
  1.476148E+01    1.764486E+01
  1.479148E+01    1.764521E+01
  1.482148E+01    1.764556E+01
  1.485149E+01    1.764591E+01
  1.488149E+01    1.764627E+01
  1.491149E+01    1.764662E+01
  1.494149E+01    1.764697E+01
  1.497150E+01    1.764733E+01
  1.500150E+01    1.764768E+01
  1.503150E+01    1.764804E+01
  1.506151E+01    1.764839E+01
  1.509151E+01    1.764874E+01
  1.512151E+01    1.764910E+01
  1.515152E+01    1.764946E+01
  1.518152E+01    1.764981E+01
  1.521152E+01    1.765017E+01
  1.524152E+01    1.765052E+01
  1.527153E+01    1.765088E+01
  1.530153E+01    1.765124E+01
  1.533153E+01    1.765160E+01
  1.536154E+01    1.765195E+01
  1.539154E+01    1.765231E+01
  1.542154E+01    1.765267E+01
  1.545155E+01    1.765303E+01
  1.548155E+01    1.765339E+01
  1.551155E+01    1.765375E+01
  1.554155E+01    1.765411E+01
  1.557156E+01    1.765447E+01
  1.560156E+01    1.765483E+01
  1.563156E+01    1.765519E+01
  1.566157E+01    1.765555E+01
  1.569157E+01    1.765591E+01
  1.572157E+01    1.765627E+01
  1.575158E+01    1.765663E+01
  1.578158E+01    1.765700E+01
  1.581158E+01    1.765736E+01
  1.584158E+01    1.765772E+01
  1.587159E+01    1.765808E+01
  1.590159E+01    1.765845E+01
  1.593159E+01    1.765881E+01
  1.596160E+01    1.765917E+01
  1.599160E+01    1.765954E+01
  1.602160E+01    1.765990E+01
  1.605161E+01    1.766027E+01
  1.608161E+01    1.766063E+01
  1.611161E+01    1.766100E+01
  1.614161E+01    1.766137E+01
  1.617162E+01    1.766173E+01
  1.620162E+01    1.766210E+01
  1.623162E+01    1.766247E+01
  1.626163E+01    1.766283E+01
  1.629163E+01    1.766320E+01
  1.632163E+01    1.766357E+01
  1.635164E+01    1.766394E+01
  1.638164E+01    1.766430E+01
  1.641164E+01    1.766467E+01
  1.644164E+01    1.766504E+01
  1.647165E+01    1.766541E+01
  1.650165E+01    1.766578E+01
  1.653165E+01    1.766615E+01
  1.656166E+01    1.766652E+01
  1.659166E+01    1.766689E+01
  1.662166E+01    1.766726E+01
  1.665167E+01    1.766763E+01
  1.668167E+01    1.766801E+01
  1.671167E+01    1.766838E+01
  1.674167E+01    1.766875E+01
  1.677168E+01    1.766912E+01
  1.680168E+01    1.766949E+01
  1.683168E+01    1.766987E+01
  1.686169E+01    1.767024E+01
  1.689169E+01    1.767061E+01
  1.692169E+01    1.767099E+01
  1.695170E+01    1.767136E+01
  1.698170E+01    1.767174E+01
  1.701170E+01    1.767211E+01
  1.704170E+01    1.767249E+01
  1.707171E+01    1.767286E+01
  1.710171E+01    1.767324E+01
  1.713171E+01    1.767362E+01
  1.716172E+01    1.767399E+01
  1.719172E+01    1.767437E+01
  1.722172E+01    1.767475E+01
  1.725173E+01    1.767512E+01
  1.728173E+01    1.767550E+01
  1.731173E+01    1.767588E+01
  1.734173E+01    1.767626E+01
  1.737174E+01    1.767664E+01
  1.740174E+01    1.767702E+01
  1.743174E+01    1.767740E+01
  1.746175E+01    1.767777E+01
  1.749175E+01    1.767815E+01
  1.752175E+01    1.767854E+01
  1.755176E+01    1.767892E+01
  1.758176E+01    1.767930E+01
  1.761176E+01    1.767968E+01
  1.764176E+01    1.768006E+01
  1.767177E+01    1.768044E+01
  1.770177E+01    1.768082E+01
  1.773177E+01    1.768121E+01
  1.776178E+01    1.768159E+01
  1.779178E+01    1.768197E+01
  1.782178E+01    1.768236E+01
  1.785179E+01    1.768274E+01
  1.788179E+01    1.768312E+01
  1.791179E+01    1.768351E+01
  1.794179E+01    1.768389E+01
  1.797180E+01    1.768428E+01
  1.800180E+01    1.768466E+01
  1.803180E+01    1.768505E+01
  1.806181E+01    1.768543E+01
  1.809181E+01    1.768582E+01
  1.812181E+01    1.768621E+01
  1.815182E+01    1.768659E+01
  1.818182E+01    1.768698E+01
  1.821182E+01    1.768737E+01
  1.824182E+01    1.768776E+01
  1.827183E+01    1.768814E+01
  1.830183E+01    1.768853E+01
  1.833183E+01    1.768892E+01
  1.836184E+01    1.768931E+01
  1.839184E+01    1.768970E+01
  1.842184E+01    1.769009E+01
  1.845185E+01    1.769048E+01
  1.848185E+01    1.769087E+01
  1.851185E+01    1.769126E+01
  1.854185E+01    1.769165E+01
  1.857186E+01    1.769204E+01
  1.860186E+01    1.769243E+01
  1.863186E+01    1.769282E+01
  1.866187E+01    1.769322E+01
  1.869187E+01    1.769361E+01
  1.872187E+01    1.769400E+01
  1.875188E+01    1.769440E+01
  1.878188E+01    1.769479E+01
  1.881188E+01    1.769518E+01
  1.884188E+01    1.769558E+01
  1.887189E+01    1.769597E+01
  1.890189E+01    1.769637E+01
  1.893189E+01    1.769676E+01
  1.896190E+01    1.769716E+01
  1.899190E+01    1.769755E+01
  1.902190E+01    1.769795E+01
  1.905191E+01    1.769834E+01
  1.908191E+01    1.769874E+01
  1.911191E+01    1.769914E+01
  1.914191E+01    1.769953E+01
  1.917192E+01    1.769993E+01
  1.920192E+01    1.770033E+01
  1.923192E+01    1.770073E+01
  1.926193E+01    1.770113E+01
  1.929193E+01    1.770152E+01
  1.932193E+01    1.770192E+01
  1.935194E+01    1.770232E+01
  1.938194E+01    1.770272E+01
  1.941194E+01    1.770312E+01
  1.944194E+01    1.770352E+01
  1.947195E+01    1.770392E+01
  1.950195E+01    1.770432E+01
  1.953195E+01    1.770472E+01
  1.956196E+01    1.770513E+01
  1.959196E+01    1.770553E+01
  1.962196E+01    1.770593E+01
  1.965197E+01    1.770633E+01
  1.968197E+01    1.770674E+01
  1.971197E+01    1.770714E+01
  1.974197E+01    1.770754E+01
  1.977198E+01    1.770795E+01
  1.980198E+01    1.770835E+01
  1.983198E+01    1.770875E+01
  1.986199E+01    1.770916E+01
  1.989199E+01    1.770956E+01
  1.992199E+01    1.770997E+01
  1.995200E+01    1.771037E+01
  1.998200E+01    1.771078E+01
  2.001200E+01    1.771119E+01
  2.004200E+01    1.771159E+01
  2.007201E+01    1.771200E+01
  2.010201E+01    1.771241E+01
  2.013201E+01    1.771281E+01
  2.016202E+01    1.771322E+01
  2.019202E+01    1.771363E+01
  2.022202E+01    1.771404E+01
  2.025203E+01    1.771445E+01
  2.028203E+01    1.771486E+01
  2.031203E+01    1.771527E+01
  2.034203E+01    1.771568E+01
  2.037204E+01    1.771608E+01
  2.040204E+01    1.771650E+01
  2.043204E+01    1.771691E+01
  2.046205E+01    1.771732E+01
  2.049205E+01    1.771773E+01
  2.052205E+01    1.771814E+01
  2.055206E+01    1.771855E+01
  2.058206E+01    1.771896E+01
  2.061206E+01    1.771938E+01
  2.064206E+01    1.771979E+01
  2.067207E+01    1.772020E+01
  2.070207E+01    1.772061E+01
  2.073207E+01    1.772103E+01
  2.076208E+01    1.772144E+01
  2.079208E+01    1.772186E+01
  2.082208E+01    1.772227E+01
  2.085209E+01    1.772269E+01
  2.088209E+01    1.772310E+01
  2.091209E+01    1.772352E+01
  2.094209E+01    1.772393E+01
  2.097210E+01    1.772435E+01
  2.100210E+01    1.772477E+01
  2.103210E+01    1.772518E+01
  2.106211E+01    1.772560E+01
  2.109211E+01    1.772602E+01
  2.112211E+01    1.772643E+01
  2.115212E+01    1.772685E+01
  2.118212E+01    1.772727E+01
  2.121212E+01    1.772769E+01
  2.124212E+01    1.772811E+01
  2.127213E+01    1.772853E+01
  2.130213E+01    1.772895E+01
  2.133213E+01    1.772937E+01
  2.136214E+01    1.772979E+01
  2.139214E+01    1.773021E+01
  2.142214E+01    1.773063E+01
  2.145215E+01    1.773105E+01
  2.148215E+01    1.773147E+01
  2.151215E+01    1.773189E+01
  2.154215E+01    1.773232E+01
  2.157216E+01    1.773274E+01
  2.160216E+01    1.773316E+01
  2.163216E+01    1.773358E+01
  2.166217E+01    1.773401E+01
  2.169217E+01    1.773443E+01
  2.172217E+01    1.773486E+01
  2.175218E+01    1.773528E+01
  2.178218E+01    1.773570E+01
  2.181218E+01    1.773613E+01
  2.184218E+01    1.773655E+01
  2.187219E+01    1.773698E+01
  2.190219E+01    1.773741E+01
  2.193219E+01    1.773783E+01
  2.196220E+01    1.773826E+01
  2.199220E+01    1.773869E+01
  2.202220E+01    1.773911E+01
  2.205221E+01    1.773954E+01
  2.208221E+01    1.773997E+01
  2.211221E+01    1.774040E+01
  2.214221E+01    1.774082E+01
  2.217222E+01    1.774125E+01
  2.220222E+01    1.774168E+01
  2.223222E+01    1.774211E+01
  2.226223E+01    1.774254E+01
  2.229223E+01    1.774297E+01
  2.232223E+01    1.774340E+01
  2.235224E+01    1.774383E+01
  2.238224E+01    1.774426E+01
  2.241224E+01    1.774469E+01
  2.244224E+01    1.774512E+01
  2.247225E+01    1.774556E+01
  2.250225E+01    1.774599E+01
  2.253225E+01    1.774642E+01
  2.256226E+01    1.774685E+01
  2.259226E+01    1.774729E+01
  2.262226E+01    1.774772E+01
  2.265227E+01    1.774815E+01
  2.268227E+01    1.774859E+01
  2.271227E+01    1.774902E+01
  2.274227E+01    1.774946E+01
  2.277228E+01    1.774989E+01
  2.280228E+01    1.775033E+01
  2.283228E+01    1.775076E+01
  2.286229E+01    1.775120E+01
  2.289229E+01    1.775163E+01
  2.292229E+01    1.775207E+01
  2.295230E+01    1.775251E+01
  2.298230E+01    1.775295E+01
  2.301230E+01    1.775338E+01
  2.304230E+01    1.775382E+01
  2.307231E+01    1.775426E+01
  2.310231E+01    1.775470E+01
  2.313231E+01    1.775514E+01
  2.316232E+01    1.775557E+01
  2.319232E+01    1.775601E+01
  2.322232E+01    1.775645E+01
  2.325233E+01    1.775689E+01
  2.328233E+01    1.775733E+01
  2.331233E+01    1.775777E+01
  2.334233E+01    1.775821E+01
  2.337234E+01    1.775866E+01
  2.340234E+01    1.775910E+01
  2.343234E+01    1.775954E+01
  2.346235E+01    1.775998E+01
  2.349235E+01    1.776042E+01
  2.352235E+01    1.776087E+01
  2.355236E+01    1.776131E+01
  2.358236E+01    1.776175E+01
  2.361236E+01    1.776220E+01
  2.364236E+01    1.776264E+01
  2.367237E+01    1.776308E+01
  2.370237E+01    1.776353E+01
  2.373237E+01    1.776397E+01
  2.376238E+01    1.776442E+01
  2.379238E+01    1.776486E+01
  2.382238E+01    1.776531E+01
  2.385239E+01    1.776576E+01
  2.388239E+01    1.776620E+01
  2.391239E+01    1.776665E+01
  2.394239E+01    1.776710E+01
  2.397240E+01    1.776754E+01
  2.400240E+01    1.776799E+01
  2.403240E+01    1.776844E+01
  2.406241E+01    1.776889E+01
  2.409241E+01    1.776934E+01
  2.412241E+01    1.776979E+01
  2.415242E+01    1.777024E+01
  2.418242E+01    1.777069E+01
  2.421242E+01    1.777114E+01
  2.424242E+01    1.777159E+01
  2.427243E+01    1.777204E+01
  2.430243E+01    1.777249E+01
  2.433243E+01    1.777294E+01
  2.436244E+01    1.777339E+01
  2.439244E+01    1.777384E+01
  2.442244E+01    1.777429E+01
  2.445245E+01    1.777475E+01
  2.448245E+01    1.777520E+01
  2.451245E+01    1.777565E+01
  2.454245E+01    1.777610E+01
  2.457246E+01    1.777656E+01
  2.460246E+01    1.777701E+01
  2.463246E+01    1.777747E+01
  2.466247E+01    1.777792E+01
  2.469247E+01    1.777838E+01
  2.472247E+01    1.777883E+01
  2.475248E+01    1.777929E+01
  2.478248E+01    1.777974E+01
  2.481248E+01    1.778020E+01
  2.484248E+01    1.778066E+01
  2.487249E+01    1.778111E+01
  2.490249E+01    1.778157E+01
  2.493249E+01    1.778203E+01
  2.496250E+01    1.778248E+01
  2.499250E+01    1.778294E+01
  2.502250E+01    1.778340E+01
  2.505251E+01    1.778386E+01
  2.508251E+01    1.778432E+01
  2.511251E+01    1.778478E+01
  2.514251E+01    1.778524E+01
  2.517252E+01    1.778570E+01
  2.520252E+01    1.778616E+01
  2.523252E+01    1.778662E+01
  2.526253E+01    1.778708E+01
  2.529253E+01    1.778754E+01
  2.532253E+01    1.778800E+01
  2.535254E+01    1.778846E+01
  2.538254E+01    1.778893E+01
  2.541254E+01    1.778939E+01
  2.544254E+01    1.778985E+01
  2.547255E+01    1.779031E+01
  2.550255E+01    1.779078E+01
  2.553255E+01    1.779124E+01
  2.556256E+01    1.779170E+01
  2.559256E+01    1.779217E+01
  2.562256E+01    1.779263E+01
  2.565257E+01    1.779310E+01
  2.568257E+01    1.779356E+01
  2.571257E+01    1.779403E+01
  2.574257E+01    1.779449E+01
  2.577258E+01    1.779496E+01
  2.580258E+01    1.779543E+01
  2.583258E+01    1.779589E+01
  2.586259E+01    1.779636E+01
  2.589259E+01    1.779683E+01
  2.592259E+01    1.779730E+01
  2.595260E+01    1.779776E+01
  2.598260E+01    1.779823E+01
  2.601260E+01    1.779870E+01
  2.604260E+01    1.779917E+01
  2.607261E+01    1.779964E+01
  2.610261E+01    1.780011E+01
  2.613261E+01    1.780058E+01
  2.616262E+01    1.780105E+01
  2.619262E+01    1.780152E+01
  2.622262E+01    1.780199E+01
  2.625263E+01    1.780246E+01
  2.628263E+01    1.780293E+01
  2.631263E+01    1.780340E+01
  2.634263E+01    1.780388E+01
  2.637264E+01    1.780435E+01
  2.640264E+01    1.780482E+01
  2.643264E+01    1.780530E+01
  2.646265E+01    1.780577E+01
  2.649265E+01    1.780624E+01
  2.652265E+01    1.780672E+01
  2.655266E+01    1.780719E+01
  2.658266E+01    1.780766E+01
  2.661266E+01    1.780814E+01
  2.664266E+01    1.780861E+01
  2.667267E+01    1.780909E+01
  2.670267E+01    1.780957E+01
  2.673267E+01    1.781004E+01
  2.676268E+01    1.781052E+01
  2.679268E+01    1.781100E+01
  2.682268E+01    1.781147E+01
  2.685269E+01    1.781195E+01
  2.688269E+01    1.781243E+01
  2.691269E+01    1.781291E+01
  2.694269E+01    1.781338E+01
  2.697270E+01    1.781386E+01
  2.700270E+01    1.781434E+01
  2.703270E+01    1.781482E+01
  2.706271E+01    1.781530E+01
  2.709271E+01    1.781578E+01
  2.712271E+01    1.781626E+01
  2.715272E+01    1.781674E+01
  2.718272E+01    1.781722E+01
  2.721272E+01    1.781770E+01
  2.724272E+01    1.781818E+01
  2.727273E+01    1.781867E+01
  2.730273E+01    1.781915E+01
  2.733273E+01    1.781963E+01
  2.736274E+01    1.782011E+01
  2.739274E+01    1.782060E+01
  2.742274E+01    1.782108E+01
  2.745275E+01    1.782156E+01
  2.748275E+01    1.782205E+01
  2.751275E+01    1.782253E+01
  2.754275E+01    1.782302E+01
  2.757276E+01    1.782350E+01
  2.760276E+01    1.782399E+01
  2.763276E+01    1.782447E+01
  2.766277E+01    1.782496E+01
  2.769277E+01    1.782544E+01
  2.772277E+01    1.782593E+01
  2.775278E+01    1.782642E+01
  2.778278E+01    1.782690E+01
  2.781278E+01    1.782739E+01
  2.784278E+01    1.782788E+01
  2.787279E+01    1.782837E+01
  2.790279E+01    1.782886E+01
  2.793279E+01    1.782934E+01
  2.796280E+01    1.782983E+01
  2.799280E+01    1.783032E+01
  2.802280E+01    1.783081E+01
  2.805281E+01    1.783130E+01
  2.808281E+01    1.783179E+01
  2.811281E+01    1.783228E+01
  2.814281E+01    1.783277E+01
  2.817282E+01    1.783326E+01
  2.820282E+01    1.783376E+01
  2.823282E+01    1.783425E+01
  2.826283E+01    1.783474E+01
  2.829283E+01    1.783523E+01
  2.832283E+01    1.783572E+01
  2.835284E+01    1.783622E+01
  2.838284E+01    1.783671E+01
  2.841284E+01    1.783720E+01
  2.844284E+01    1.783770E+01
  2.847285E+01    1.783819E+01
  2.850285E+01    1.783869E+01
  2.853285E+01    1.783918E+01
  2.856286E+01    1.783968E+01
  2.859286E+01    1.784017E+01
  2.862286E+01    1.784067E+01
  2.865287E+01    1.784116E+01
  2.868287E+01    1.784166E+01
  2.871287E+01    1.784216E+01
  2.874287E+01    1.784266E+01
  2.877288E+01    1.784315E+01
  2.880288E+01    1.784365E+01
  2.883288E+01    1.784415E+01
  2.886289E+01    1.784465E+01
  2.889289E+01    1.784515E+01
  2.892289E+01    1.784564E+01
  2.895290E+01    1.784614E+01
  2.898290E+01    1.784664E+01
  2.901290E+01    1.784714E+01
  2.904290E+01    1.784764E+01
  2.907291E+01    1.784814E+01
  2.910291E+01    1.784864E+01
  2.913291E+01    1.784915E+01
  2.916292E+01    1.784965E+01
  2.919292E+01    1.785015E+01
  2.922292E+01    1.785065E+01
  2.925293E+01    1.785115E+01
  2.928293E+01    1.785166E+01
  2.931293E+01    1.785216E+01
  2.934293E+01    1.785266E+01
  2.937294E+01    1.785317E+01
  2.940294E+01    1.785367E+01
  2.943294E+01    1.785417E+01
  2.946295E+01    1.785468E+01
  2.949295E+01    1.785518E+01
  2.952295E+01    1.785569E+01
  2.955296E+01    1.785619E+01
  2.958296E+01    1.785670E+01
  2.961296E+01    1.785721E+01
  2.964296E+01    1.785771E+01
  2.967297E+01    1.785822E+01
  2.970297E+01    1.785873E+01
  2.973297E+01    1.785923E+01
  2.976298E+01    1.785974E+01
  2.979298E+01    1.786025E+01
  2.982298E+01    1.786076E+01
  2.985299E+01    1.786127E+01
  2.988299E+01    1.786177E+01
  2.991299E+01    1.786228E+01
  2.994299E+01    1.786279E+01
  2.997300E+01    1.786330E+01
  3.000300E+01    1.786381E+01
  3.003300E+01    1.786432E+01
  3.006301E+01    1.786483E+01
  3.009301E+01    1.786535E+01
  3.012301E+01    1.786586E+01
  3.015302E+01    1.786637E+01
  3.018302E+01    1.786688E+01
  3.021302E+01    1.786739E+01
  3.024302E+01    1.786791E+01
  3.027303E+01    1.786842E+01
  3.030303E+01    1.786893E+01
  3.033303E+01    1.786945E+01
  3.036304E+01    1.786996E+01
  3.039304E+01    1.787047E+01
  3.042304E+01    1.787099E+01
  3.045305E+01    1.787150E+01
  3.048305E+01    1.787202E+01
  3.051305E+01    1.787253E+01
  3.054305E+01    1.787305E+01
  3.057306E+01    1.787357E+01
  3.060306E+01    1.787408E+01
  3.063306E+01    1.787460E+01
  3.066307E+01    1.787512E+01
  3.069307E+01    1.787563E+01
  3.072307E+01    1.787615E+01
  3.075308E+01    1.787667E+01
  3.078308E+01    1.787719E+01
  3.081308E+01    1.787771E+01
  3.084308E+01    1.787823E+01
  3.087309E+01    1.787874E+01
  3.090309E+01    1.787926E+01
  3.093309E+01    1.787978E+01
  3.096310E+01    1.788030E+01
  3.099310E+01    1.788082E+01
  3.102310E+01    1.788135E+01
  3.105311E+01    1.788187E+01
  3.108311E+01    1.788239E+01
  3.111311E+01    1.788291E+01
  3.114311E+01    1.788343E+01
  3.117312E+01    1.788395E+01
  3.120312E+01    1.788448E+01
  3.123312E+01    1.788500E+01
  3.126313E+01    1.788552E+01
  3.129313E+01    1.788605E+01
  3.132313E+01    1.788657E+01
  3.135314E+01    1.788709E+01
  3.138314E+01    1.788762E+01
  3.141314E+01    1.788814E+01
  3.144314E+01    1.788867E+01
  3.147315E+01    1.788919E+01
  3.150315E+01    1.788972E+01
  3.153315E+01    1.789025E+01
  3.156316E+01    1.789077E+01
  3.159316E+01    1.789130E+01
  3.162316E+01    1.789183E+01
  3.165317E+01    1.789235E+01
  3.168317E+01    1.789288E+01
  3.171317E+01    1.789341E+01
  3.174317E+01    1.789394E+01
  3.177318E+01    1.789447E+01
  3.180318E+01    1.789500E+01
  3.183318E+01    1.789552E+01
  3.186319E+01    1.789605E+01
  3.189319E+01    1.789658E+01
  3.192319E+01    1.789711E+01
  3.195320E+01    1.789764E+01
  3.198320E+01    1.789818E+01
  3.201320E+01    1.789871E+01
  3.204320E+01    1.789924E+01
  3.207321E+01    1.789977E+01
  3.210321E+01    1.790030E+01
  3.213321E+01    1.790083E+01
  3.216322E+01    1.790137E+01
  3.219322E+01    1.790190E+01
  3.222322E+01    1.790243E+01
  3.225323E+01    1.790297E+01
  3.228323E+01    1.790350E+01
  3.231323E+01    1.790403E+01
  3.234323E+01    1.790457E+01
  3.237324E+01    1.790510E+01
  3.240324E+01    1.790564E+01
  3.243324E+01    1.790617E+01
  3.246325E+01    1.790671E+01
  3.249325E+01    1.790725E+01
  3.252325E+01    1.790778E+01
  3.255326E+01    1.790832E+01
  3.258326E+01    1.790886E+01
  3.261326E+01    1.790939E+01
  3.264326E+01    1.790993E+01
  3.267327E+01    1.791047E+01
  3.270327E+01    1.791101E+01
  3.273327E+01    1.791155E+01
  3.276328E+01    1.791209E+01
  3.279328E+01    1.791262E+01
  3.282328E+01    1.791316E+01
  3.285329E+01    1.791370E+01
  3.288329E+01    1.791424E+01
  3.291329E+01    1.791478E+01
  3.294329E+01    1.791533E+01
  3.297330E+01    1.791587E+01
  3.300330E+01    1.791641E+01
  3.303330E+01    1.791695E+01
  3.306331E+01    1.791749E+01
  3.309331E+01    1.791803E+01
  3.312331E+01    1.791858E+01
  3.315332E+01    1.791912E+01
  3.318332E+01    1.791966E+01
  3.321332E+01    1.792021E+01
  3.324332E+01    1.792075E+01
  3.327333E+01    1.792129E+01
  3.330333E+01    1.792184E+01
  3.333333E+01    1.792238E+01
  3.336334E+01    1.792293E+01
  3.339334E+01    1.792347E+01
  3.342334E+01    1.792402E+01
  3.345335E+01    1.792457E+01
  3.348335E+01    1.792511E+01
  3.351335E+01    1.792566E+01
  3.354335E+01    1.792621E+01
  3.357336E+01    1.792675E+01
  3.360336E+01    1.792730E+01
  3.363336E+01    1.792785E+01
  3.366337E+01    1.792840E+01
  3.369337E+01    1.792895E+01
  3.372337E+01    1.792950E+01
  3.375338E+01    1.793004E+01
  3.378338E+01    1.793059E+01
  3.381338E+01    1.793114E+01
  3.384338E+01    1.793169E+01
  3.387339E+01    1.793224E+01
  3.390339E+01    1.793280E+01
  3.393339E+01    1.793335E+01
  3.396340E+01    1.793390E+01
  3.399340E+01    1.793445E+01
  3.402340E+01    1.793500E+01
  3.405341E+01    1.793555E+01
  3.408341E+01    1.793611E+01
  3.411341E+01    1.793666E+01
  3.414341E+01    1.793721E+01
  3.417342E+01    1.793777E+01
  3.420342E+01    1.793832E+01
  3.423342E+01    1.793887E+01
  3.426343E+01    1.793943E+01
  3.429343E+01    1.793998E+01
  3.432343E+01    1.794054E+01
  3.435344E+01    1.794109E+01
  3.438344E+01    1.794165E+01
  3.441344E+01    1.794221E+01
  3.444344E+01    1.794276E+01
  3.447345E+01    1.794332E+01
  3.450345E+01    1.794388E+01
  3.453345E+01    1.794443E+01
  3.456346E+01    1.794499E+01
  3.459346E+01    1.794555E+01
  3.462346E+01    1.794611E+01
  3.465347E+01    1.794667E+01
  3.468347E+01    1.794723E+01
  3.471347E+01    1.794778E+01
  3.474347E+01    1.794834E+01
  3.477348E+01    1.794890E+01
  3.480348E+01    1.794946E+01
  3.483348E+01    1.795002E+01
  3.486349E+01    1.795058E+01
  3.489349E+01    1.795115E+01
  3.492349E+01    1.795171E+01
  3.495350E+01    1.795227E+01
  3.498350E+01    1.795283E+01
  3.501350E+01    1.795339E+01
  3.504350E+01    1.795396E+01
  3.507351E+01    1.795452E+01
  3.510351E+01    1.795508E+01
  3.513351E+01    1.795565E+01
  3.516352E+01    1.795621E+01
  3.519352E+01    1.795677E+01
  3.522352E+01    1.795734E+01
  3.525353E+01    1.795790E+01
  3.528353E+01    1.795847E+01
  3.531353E+01    1.795903E+01
  3.534353E+01    1.795960E+01
  3.537354E+01    1.796017E+01
  3.540354E+01    1.796073E+01
  3.543354E+01    1.796130E+01
  3.546355E+01    1.796187E+01
  3.549355E+01    1.796243E+01
  3.552355E+01    1.796300E+01
  3.555356E+01    1.796357E+01
  3.558356E+01    1.796414E+01
  3.561356E+01    1.796471E+01
  3.564356E+01    1.796527E+01
  3.567357E+01    1.796584E+01
  3.570357E+01    1.796641E+01
  3.573357E+01    1.796698E+01
  3.576358E+01    1.796755E+01
  3.579358E+01    1.796812E+01
  3.582358E+01    1.796869E+01
  3.585359E+01    1.796927E+01
  3.588359E+01    1.796984E+01
  3.591359E+01    1.797041E+01
  3.594359E+01    1.797098E+01
  3.597360E+01    1.797155E+01
  3.600360E+01    1.797213E+01
  3.603360E+01    1.797270E+01
  3.606361E+01    1.797327E+01
  3.609361E+01    1.797385E+01
  3.612361E+01    1.797442E+01
  3.615362E+01    1.797499E+01
  3.618362E+01    1.797557E+01
  3.621362E+01    1.797614E+01
  3.624362E+01    1.797672E+01
  3.627363E+01    1.797729E+01
  3.630363E+01    1.797787E+01
  3.633363E+01    1.797844E+01
  3.636364E+01    1.797902E+01
  3.639364E+01    1.797960E+01
  3.642364E+01    1.798017E+01
  3.645365E+01    1.798075E+01
  3.648365E+01    1.798133E+01
  3.651365E+01    1.798191E+01
  3.654365E+01    1.798249E+01
  3.657366E+01    1.798306E+01
  3.660366E+01    1.798364E+01
  3.663366E+01    1.798422E+01
  3.666367E+01    1.798480E+01
  3.669367E+01    1.798538E+01
  3.672367E+01    1.798596E+01
  3.675368E+01    1.798654E+01
  3.678368E+01    1.798712E+01
  3.681368E+01    1.798770E+01
  3.684368E+01    1.798829E+01
  3.687369E+01    1.798887E+01
  3.690369E+01    1.798945E+01
  3.693369E+01    1.799003E+01
  3.696370E+01    1.799061E+01
  3.699370E+01    1.799120E+01
  3.702370E+01    1.799178E+01
  3.705371E+01    1.799236E+01
  3.708371E+01    1.799295E+01
  3.711371E+01    1.799353E+01
  3.714371E+01    1.799412E+01
  3.717372E+01    1.799470E+01
  3.720372E+01    1.799529E+01
  3.723372E+01    1.799587E+01
  3.726373E+01    1.799646E+01
  3.729373E+01    1.799704E+01
  3.732373E+01    1.799763E+01
  3.735374E+01    1.799822E+01
  3.738374E+01    1.799880E+01
  3.741374E+01    1.799939E+01
  3.744374E+01    1.799998E+01
  3.747375E+01    1.800057E+01
  3.750375E+01    1.800116E+01
  3.753375E+01    1.800174E+01
  3.756376E+01    1.800233E+01
  3.759376E+01    1.800292E+01
  3.762376E+01    1.800351E+01
  3.765377E+01    1.800410E+01
  3.768377E+01    1.800469E+01
  3.771377E+01    1.800528E+01
  3.774377E+01    1.800587E+01
  3.777378E+01    1.800646E+01
  3.780378E+01    1.800705E+01
  3.783378E+01    1.800765E+01
  3.786379E+01    1.800824E+01
  3.789379E+01    1.800883E+01
  3.792379E+01    1.800942E+01
  3.795380E+01    1.801002E+01
  3.798380E+01    1.801061E+01
  3.801380E+01    1.801120E+01
  3.804380E+01    1.801180E+01
  3.807381E+01    1.801239E+01
  3.810381E+01    1.801299E+01
  3.813381E+01    1.801358E+01
  3.816382E+01    1.801418E+01
  3.819382E+01    1.801477E+01
  3.822382E+01    1.801537E+01
  3.825383E+01    1.801596E+01
  3.828383E+01    1.801656E+01
  3.831383E+01    1.801716E+01
  3.834383E+01    1.801775E+01
  3.837384E+01    1.801835E+01
  3.840384E+01    1.801895E+01
  3.843384E+01    1.801955E+01
  3.846385E+01    1.802014E+01
  3.849385E+01    1.802074E+01
  3.852385E+01    1.802134E+01
  3.855386E+01    1.802194E+01
  3.858386E+01    1.802254E+01
  3.861386E+01    1.802314E+01
  3.864386E+01    1.802374E+01
  3.867387E+01    1.802434E+01
  3.870387E+01    1.802494E+01
  3.873387E+01    1.802554E+01
  3.876388E+01    1.802614E+01
  3.879388E+01    1.802674E+01
  3.882388E+01    1.802735E+01
  3.885389E+01    1.802795E+01
  3.888389E+01    1.802855E+01
  3.891389E+01    1.802915E+01
  3.894389E+01    1.802976E+01
  3.897390E+01    1.803036E+01
  3.900390E+01    1.803097E+01
  3.903390E+01    1.803157E+01
  3.906391E+01    1.803217E+01
  3.909391E+01    1.803278E+01
  3.912391E+01    1.803338E+01
  3.915392E+01    1.803399E+01
  3.918392E+01    1.803460E+01
  3.921392E+01    1.803520E+01
  3.924392E+01    1.803581E+01
  3.927393E+01    1.803641E+01
  3.930393E+01    1.803702E+01
  3.933393E+01    1.803763E+01
  3.936394E+01    1.803824E+01
  3.939394E+01    1.803884E+01
  3.942394E+01    1.803945E+01
  3.945395E+01    1.804006E+01
  3.948395E+01    1.804067E+01
  3.951395E+01    1.804128E+01
  3.954395E+01    1.804189E+01
  3.957396E+01    1.804250E+01
  3.960396E+01    1.804311E+01
  3.963396E+01    1.804372E+01
  3.966397E+01    1.804433E+01
  3.969397E+01    1.804494E+01
  3.972397E+01    1.804555E+01
  3.975398E+01    1.804616E+01
  3.978398E+01    1.804678E+01
  3.981398E+01    1.804739E+01
  3.984398E+01    1.804800E+01
  3.987399E+01    1.804861E+01
  3.990399E+01    1.804923E+01
  3.993399E+01    1.804984E+01
  3.996400E+01    1.805045E+01
  3.999400E+01    1.805107E+01
  4.002400E+01    1.805168E+01
  4.005401E+01    1.805230E+01
  4.008401E+01    1.805291E+01
  4.011401E+01    1.805353E+01
  4.014401E+01    1.805414E+01
  4.017402E+01    1.805476E+01
  4.020402E+01    1.805538E+01
  4.023402E+01    1.805599E+01
  4.026403E+01    1.805661E+01
  4.029403E+01    1.805723E+01
  4.032403E+01    1.805784E+01
  4.035404E+01    1.805846E+01
  4.038404E+01    1.805908E+01
  4.041404E+01    1.805970E+01
  4.044404E+01    1.806032E+01
  4.047405E+01    1.806094E+01
  4.050405E+01    1.806156E+01
  4.053405E+01    1.806218E+01
  4.056406E+01    1.806280E+01
  4.059406E+01    1.806342E+01
  4.062406E+01    1.806404E+01
  4.065407E+01    1.806466E+01
  4.068407E+01    1.806528E+01
  4.071407E+01    1.806590E+01
  4.074407E+01    1.806652E+01
  4.077408E+01    1.806715E+01
  4.080408E+01    1.806777E+01
  4.083408E+01    1.806839E+01
  4.086409E+01    1.806901E+01
  4.089409E+01    1.806964E+01
  4.092409E+01    1.807026E+01
  4.095410E+01    1.807089E+01
  4.098410E+01    1.807151E+01
  4.101410E+01    1.807214E+01
  4.104410E+01    1.807276E+01
  4.107411E+01    1.807339E+01
  4.110411E+01    1.807401E+01
  4.113411E+01    1.807464E+01
  4.116412E+01    1.807526E+01
  4.119412E+01    1.807589E+01
  4.122412E+01    1.807652E+01
  4.125413E+01    1.807714E+01
  4.128413E+01    1.807777E+01
  4.131413E+01    1.807840E+01
  4.134413E+01    1.807903E+01
  4.137414E+01    1.807966E+01
  4.140414E+01    1.808029E+01
  4.143414E+01    1.808091E+01
  4.146415E+01    1.808154E+01
  4.149415E+01    1.808217E+01
  4.152415E+01    1.808280E+01
  4.155416E+01    1.808343E+01
  4.158416E+01    1.808407E+01
  4.161416E+01    1.808470E+01
  4.164416E+01    1.808533E+01
  4.167417E+01    1.808596E+01
  4.170417E+01    1.808659E+01
  4.173417E+01    1.808722E+01
  4.176418E+01    1.808786E+01
  4.179418E+01    1.808849E+01
  4.182418E+01    1.808912E+01
  4.185419E+01    1.808976E+01
  4.188419E+01    1.809039E+01
  4.191419E+01    1.809102E+01
  4.194419E+01    1.809166E+01
  4.197420E+01    1.809229E+01
  4.200420E+01    1.809293E+01
  4.203420E+01    1.809356E+01
  4.206421E+01    1.809420E+01
  4.209421E+01    1.809484E+01
  4.212421E+01    1.809547E+01
  4.215422E+01    1.809611E+01
  4.218422E+01    1.809674E+01
  4.221422E+01    1.809738E+01
  4.224422E+01    1.809802E+01
  4.227423E+01    1.809866E+01
  4.230423E+01    1.809930E+01
  4.233423E+01    1.809993E+01
  4.236424E+01    1.810057E+01
  4.239424E+01    1.810121E+01
  4.242424E+01    1.810185E+01
  4.245425E+01    1.810249E+01
  4.248425E+01    1.810313E+01
  4.251425E+01    1.810377E+01
  4.254425E+01    1.810441E+01
  4.257426E+01    1.810505E+01
  4.260426E+01    1.810570E+01
  4.263426E+01    1.810634E+01
  4.266427E+01    1.810698E+01
  4.269427E+01    1.810762E+01
  4.272427E+01    1.810826E+01
  4.275428E+01    1.810891E+01
  4.278428E+01    1.810955E+01
  4.281428E+01    1.811019E+01
  4.284428E+01    1.811084E+01
  4.287429E+01    1.811148E+01
  4.290429E+01    1.811213E+01
  4.293429E+01    1.811277E+01
  4.296430E+01    1.811342E+01
  4.299430E+01    1.811406E+01
  4.302430E+01    1.811471E+01
  4.305431E+01    1.811535E+01
  4.308431E+01    1.811600E+01
  4.311431E+01    1.811665E+01
  4.314431E+01    1.811729E+01
  4.317432E+01    1.811794E+01
  4.320432E+01    1.811859E+01
  4.323432E+01    1.811924E+01
  4.326433E+01    1.811988E+01
  4.329433E+01    1.812053E+01
  4.332433E+01    1.812118E+01
  4.335434E+01    1.812183E+01
  4.338434E+01    1.812248E+01
  4.341434E+01    1.812313E+01
  4.344434E+01    1.812378E+01
  4.347435E+01    1.812443E+01
  4.350435E+01    1.812508E+01
  4.353435E+01    1.812573E+01
  4.356436E+01    1.812638E+01
  4.359436E+01    1.812703E+01
  4.362436E+01    1.812769E+01
  4.365437E+01    1.812834E+01
  4.368437E+01    1.812899E+01
  4.371437E+01    1.812964E+01
  4.374437E+01    1.813030E+01
  4.377438E+01    1.813095E+01
  4.380438E+01    1.813160E+01
  4.383438E+01    1.813226E+01
  4.386439E+01    1.813291E+01
  4.389439E+01    1.813357E+01
  4.392439E+01    1.813422E+01
  4.395440E+01    1.813488E+01
  4.398440E+01    1.813553E+01
  4.401440E+01    1.813619E+01
  4.404440E+01    1.813685E+01
  4.407441E+01    1.813750E+01
  4.410441E+01    1.813816E+01
  4.413441E+01    1.813882E+01
  4.416442E+01    1.813947E+01
  4.419442E+01    1.814013E+01
  4.422442E+01    1.814079E+01
  4.425443E+01    1.814145E+01
  4.428443E+01    1.814211E+01
  4.431443E+01    1.814277E+01
  4.434443E+01    1.814343E+01
  4.437444E+01    1.814409E+01
  4.440444E+01    1.814475E+01
  4.443444E+01    1.814541E+01
  4.446445E+01    1.814607E+01
  4.449445E+01    1.814673E+01
  4.452445E+01    1.814739E+01
  4.455446E+01    1.814805E+01
  4.458446E+01    1.814871E+01
  4.461446E+01    1.814938E+01
  4.464446E+01    1.815004E+01
  4.467447E+01    1.815070E+01
  4.470447E+01    1.815136E+01
  4.473447E+01    1.815203E+01
  4.476448E+01    1.815269E+01
  4.479448E+01    1.815336E+01
  4.482448E+01    1.815402E+01
  4.485449E+01    1.815468E+01
  4.488449E+01    1.815535E+01
  4.491449E+01    1.815602E+01
  4.494449E+01    1.815668E+01
  4.497450E+01    1.815735E+01
  4.500450E+01    1.815801E+01
  4.503450E+01    1.815868E+01
  4.506451E+01    1.815935E+01
  4.509451E+01    1.816001E+01
  4.512451E+01    1.816068E+01
  4.515452E+01    1.816135E+01
  4.518452E+01    1.816202E+01
  4.521452E+01    1.816269E+01
  4.524452E+01    1.816335E+01
  4.527453E+01    1.816402E+01
  4.530453E+01    1.816469E+01
  4.533453E+01    1.816536E+01
  4.536454E+01    1.816603E+01
  4.539454E+01    1.816670E+01
  4.542454E+01    1.816737E+01
  4.545455E+01    1.816805E+01
  4.548455E+01    1.816872E+01
  4.551455E+01    1.816939E+01
  4.554455E+01    1.817006E+01
  4.557456E+01    1.817073E+01
  4.560456E+01    1.817140E+01
  4.563456E+01    1.817208E+01
  4.566457E+01    1.817275E+01
  4.569457E+01    1.817342E+01
  4.572457E+01    1.817410E+01
  4.575458E+01    1.817477E+01
  4.578458E+01    1.817545E+01
  4.581458E+01    1.817612E+01
  4.584458E+01    1.817680E+01
  4.587459E+01    1.817747E+01
  4.590459E+01    1.817815E+01
  4.593459E+01    1.817882E+01
  4.596460E+01    1.817950E+01
  4.599460E+01    1.818018E+01
  4.602460E+01    1.818085E+01
  4.605461E+01    1.818153E+01
  4.608461E+01    1.818221E+01
  4.611461E+01    1.818289E+01
  4.614461E+01    1.818356E+01
  4.617462E+01    1.818424E+01
  4.620462E+01    1.818492E+01
  4.623462E+01    1.818560E+01
  4.626463E+01    1.818628E+01
  4.629463E+01    1.818696E+01
  4.632463E+01    1.818764E+01
  4.635464E+01    1.818832E+01
  4.638464E+01    1.818900E+01
  4.641464E+01    1.818968E+01
  4.644464E+01    1.819036E+01
  4.647465E+01    1.819104E+01
  4.650465E+01    1.819173E+01
  4.653465E+01    1.819241E+01
  4.656466E+01    1.819309E+01
  4.659466E+01    1.819377E+01
  4.662466E+01    1.819446E+01
  4.665467E+01    1.819514E+01
  4.668467E+01    1.819582E+01
  4.671467E+01    1.819651E+01
  4.674467E+01    1.819719E+01
  4.677468E+01    1.819788E+01
  4.680468E+01    1.819856E+01
  4.683468E+01    1.819925E+01
  4.686469E+01    1.819993E+01
  4.689469E+01    1.820062E+01
  4.692469E+01    1.820131E+01
  4.695470E+01    1.820199E+01
  4.698470E+01    1.820268E+01
  4.701470E+01    1.820337E+01
  4.704470E+01    1.820405E+01
  4.707471E+01    1.820474E+01
  4.710471E+01    1.820543E+01
  4.713471E+01    1.820612E+01
  4.716472E+01    1.820681E+01
  4.719472E+01    1.820750E+01
  4.722472E+01    1.820819E+01
  4.725473E+01    1.820888E+01
  4.728473E+01    1.820957E+01
  4.731473E+01    1.821026E+01
  4.734473E+01    1.821095E+01
  4.737474E+01    1.821164E+01
  4.740474E+01    1.821233E+01
  4.743474E+01    1.821302E+01
  4.746475E+01    1.821371E+01
  4.749475E+01    1.821441E+01
  4.752475E+01    1.821510E+01
  4.755476E+01    1.821579E+01
  4.758476E+01    1.821648E+01
  4.761476E+01    1.821718E+01
  4.764476E+01    1.821787E+01
  4.767477E+01    1.821857E+01
  4.770477E+01    1.821926E+01
  4.773477E+01    1.821995E+01
  4.776478E+01    1.822065E+01
  4.779478E+01    1.822134E+01
  4.782478E+01    1.822204E+01
  4.785479E+01    1.822274E+01
  4.788479E+01    1.822343E+01
  4.791479E+01    1.822413E+01
  4.794479E+01    1.822483E+01
  4.797480E+01    1.822552E+01
  4.800480E+01    1.822622E+01
  4.803480E+01    1.822692E+01
  4.806481E+01    1.822762E+01
  4.809481E+01    1.822832E+01
  4.812481E+01    1.822901E+01
  4.815482E+01    1.822971E+01
  4.818482E+01    1.823041E+01
  4.821482E+01    1.823111E+01
  4.824482E+01    1.823181E+01
  4.827483E+01    1.823251E+01
  4.830483E+01    1.823321E+01
  4.833483E+01    1.823391E+01
  4.836484E+01    1.823462E+01
  4.839484E+01    1.823532E+01
  4.842484E+01    1.823602E+01
  4.845485E+01    1.823672E+01
  4.848485E+01    1.823742E+01
  4.851485E+01    1.823813E+01
  4.854485E+01    1.823883E+01
  4.857486E+01    1.823953E+01
  4.860486E+01    1.824024E+01
  4.863486E+01    1.824094E+01
  4.866487E+01    1.824165E+01
  4.869487E+01    1.824235E+01
  4.872487E+01    1.824306E+01
  4.875488E+01    1.824376E+01
  4.878488E+01    1.824447E+01
  4.881488E+01    1.824517E+01
  4.884488E+01    1.824588E+01
  4.887489E+01    1.824659E+01
  4.890489E+01    1.824729E+01
  4.893489E+01    1.824800E+01
  4.896490E+01    1.824871E+01
  4.899490E+01    1.824941E+01
  4.902490E+01    1.825012E+01
  4.905491E+01    1.825083E+01
  4.908491E+01    1.825154E+01
  4.911491E+01    1.825225E+01
  4.914491E+01    1.825296E+01
  4.917492E+01    1.825367E+01
  4.920492E+01    1.825438E+01
  4.923492E+01    1.825509E+01
  4.926493E+01    1.825580E+01
  4.929493E+01    1.825651E+01
  4.932493E+01    1.825722E+01
  4.935494E+01    1.825793E+01
  4.938494E+01    1.825865E+01
  4.941494E+01    1.825936E+01
  4.944494E+01    1.826007E+01
  4.947495E+01    1.826078E+01
  4.950495E+01    1.826150E+01
  4.953495E+01    1.826221E+01
  4.956496E+01    1.826292E+01
  4.959496E+01    1.826364E+01
  4.962496E+01    1.826435E+01
  4.965497E+01    1.826507E+01
  4.968497E+01    1.826578E+01
  4.971497E+01    1.826650E+01
  4.974497E+01    1.826721E+01
  4.977498E+01    1.826793E+01
  4.980498E+01    1.826864E+01
  4.983498E+01    1.826936E+01
  4.986499E+01    1.827008E+01
  4.989499E+01    1.827080E+01
  4.992499E+01    1.827151E+01
  4.995500E+01    1.827223E+01
  4.998500E+01    1.827295E+01
  5.001500E+01    1.827367E+01
  5.004500E+01    1.827439E+01
  5.007501E+01    1.827511E+01
  5.010501E+01    1.827582E+01
  5.013501E+01    1.827654E+01
  5.016502E+01    1.827726E+01
  5.019502E+01    1.827798E+01
  5.022502E+01    1.827871E+01
  5.025503E+01    1.827943E+01
  5.028503E+01    1.828015E+01
  5.031503E+01    1.828087E+01
  5.034503E+01    1.828159E+01
  5.037504E+01    1.828231E+01
  5.040504E+01    1.828304E+01
  5.043504E+01    1.828376E+01
  5.046505E+01    1.828448E+01
  5.049505E+01    1.828521E+01
  5.052505E+01    1.828593E+01
  5.055506E+01    1.828665E+01
  5.058506E+01    1.828738E+01
  5.061506E+01    1.828810E+01
  5.064506E+01    1.828883E+01
  5.067507E+01    1.828955E+01
  5.070507E+01    1.829028E+01
  5.073507E+01    1.829100E+01
  5.076508E+01    1.829173E+01
  5.079508E+01    1.829246E+01
  5.082508E+01    1.829318E+01
  5.085509E+01    1.829391E+01
  5.088509E+01    1.829464E+01
  5.091509E+01    1.829537E+01
  5.094509E+01    1.829609E+01
  5.097510E+01    1.829682E+01
  5.100510E+01    1.829755E+01
  5.103510E+01    1.829828E+01
  5.106511E+01    1.829901E+01
  5.109511E+01    1.829974E+01
  5.112511E+01    1.830047E+01
  5.115512E+01    1.830120E+01
  5.118512E+01    1.830193E+01
  5.121512E+01    1.830266E+01
  5.124512E+01    1.830339E+01
  5.127513E+01    1.830412E+01
  5.130513E+01    1.830486E+01
  5.133513E+01    1.830559E+01
  5.136514E+01    1.830632E+01
  5.139514E+01    1.830705E+01
  5.142514E+01    1.830779E+01
  5.145515E+01    1.830852E+01
  5.148515E+01    1.830925E+01
  5.151515E+01    1.830999E+01
  5.154515E+01    1.831072E+01
  5.157516E+01    1.831146E+01
  5.160516E+01    1.831219E+01
  5.163516E+01    1.831293E+01
  5.166517E+01    1.831366E+01
  5.169517E+01    1.831440E+01
  5.172517E+01    1.831514E+01
  5.175518E+01    1.831587E+01
  5.178518E+01    1.831661E+01
  5.181518E+01    1.831735E+01
  5.184518E+01    1.831808E+01
  5.187519E+01    1.831882E+01
  5.190519E+01    1.831956E+01
  5.193519E+01    1.832030E+01
  5.196520E+01    1.832104E+01
  5.199520E+01    1.832178E+01
  5.202520E+01    1.832252E+01
  5.205521E+01    1.832326E+01
  5.208521E+01    1.832400E+01
  5.211521E+01    1.832474E+01
  5.214521E+01    1.832548E+01
  5.217522E+01    1.832622E+01
  5.220522E+01    1.832696E+01
  5.223522E+01    1.832770E+01
  5.226523E+01    1.832844E+01
  5.229523E+01    1.832918E+01
  5.232523E+01    1.832993E+01
  5.235524E+01    1.833067E+01
  5.238524E+01    1.833141E+01
  5.241524E+01    1.833216E+01
  5.244524E+01    1.833290E+01
  5.247525E+01    1.833364E+01
  5.250525E+01    1.833439E+01
  5.253525E+01    1.833513E+01
  5.256526E+01    1.833588E+01
  5.259526E+01    1.833662E+01
  5.262526E+01    1.833737E+01
  5.265527E+01    1.833811E+01
  5.268527E+01    1.833886E+01
  5.271527E+01    1.833961E+01
  5.274527E+01    1.834035E+01
  5.277528E+01    1.834110E+01
  5.280528E+01    1.834185E+01
  5.283528E+01    1.834260E+01
  5.286529E+01    1.834334E+01
  5.289529E+01    1.834409E+01
  5.292529E+01    1.834484E+01
  5.295530E+01    1.834559E+01
  5.298530E+01    1.834634E+01
  5.301530E+01    1.834709E+01
  5.304530E+01    1.834784E+01
  5.307531E+01    1.834859E+01
  5.310531E+01    1.834934E+01
  5.313531E+01    1.835009E+01
  5.316532E+01    1.835084E+01
  5.319532E+01    1.835159E+01
  5.322532E+01    1.835235E+01
  5.325533E+01    1.835310E+01
  5.328533E+01    1.835385E+01
  5.331533E+01    1.835460E+01
  5.334533E+01    1.835536E+01
  5.337534E+01    1.835611E+01
  5.340534E+01    1.835686E+01
  5.343534E+01    1.835762E+01
  5.346535E+01    1.835837E+01
  5.349535E+01    1.835913E+01
  5.352535E+01    1.835988E+01
  5.355536E+01    1.836064E+01
  5.358536E+01    1.836139E+01
  5.361536E+01    1.836215E+01
  5.364536E+01    1.836291E+01
  5.367537E+01    1.836366E+01
  5.370537E+01    1.836442E+01
  5.373537E+01    1.836518E+01
  5.376538E+01    1.836593E+01
  5.379538E+01    1.836669E+01
  5.382538E+01    1.836745E+01
  5.385539E+01    1.836821E+01
  5.388539E+01    1.836897E+01
  5.391539E+01    1.836973E+01
  5.394539E+01    1.837049E+01
  5.397540E+01    1.837124E+01
  5.400540E+01    1.837200E+01
  5.403540E+01    1.837277E+01
  5.406541E+01    1.837353E+01
  5.409541E+01    1.837429E+01
  5.412541E+01    1.837505E+01
  5.415542E+01    1.837581E+01
  5.418542E+01    1.837657E+01
  5.421542E+01    1.837733E+01
  5.424542E+01    1.837810E+01
  5.427543E+01    1.837886E+01
  5.430543E+01    1.837962E+01
  5.433543E+01    1.838039E+01
  5.436544E+01    1.838115E+01
  5.439544E+01    1.838191E+01
  5.442544E+01    1.838268E+01
  5.445545E+01    1.838344E+01
  5.448545E+01    1.838421E+01
  5.451545E+01    1.838497E+01
  5.454545E+01    1.838574E+01
  5.457546E+01    1.838650E+01
  5.460546E+01    1.838727E+01
  5.463546E+01    1.838804E+01
  5.466547E+01    1.838880E+01
  5.469547E+01    1.838957E+01
  5.472547E+01    1.839034E+01
  5.475548E+01    1.839111E+01
  5.478548E+01    1.839187E+01
  5.481548E+01    1.839264E+01
  5.484548E+01    1.839341E+01
  5.487549E+01    1.839418E+01
  5.490549E+01    1.839495E+01
  5.493549E+01    1.839572E+01
  5.496550E+01    1.839649E+01
  5.499550E+01    1.839726E+01
  5.502550E+01    1.839803E+01
  5.505551E+01    1.839880E+01
  5.508551E+01    1.839957E+01
  5.511551E+01    1.840034E+01
  5.514551E+01    1.840112E+01
  5.517552E+01    1.840189E+01
  5.520552E+01    1.840266E+01
  5.523552E+01    1.840343E+01
  5.526553E+01    1.840421E+01
  5.529553E+01    1.840498E+01
  5.532553E+01    1.840575E+01
  5.535554E+01    1.840653E+01
  5.538554E+01    1.840730E+01
  5.541554E+01    1.840808E+01
  5.544554E+01    1.840885E+01
  5.547555E+01    1.840963E+01
  5.550555E+01    1.841040E+01
  5.553555E+01    1.841118E+01
  5.556556E+01    1.841195E+01
  5.559556E+01    1.841273E+01
  5.562556E+01    1.841351E+01
  5.565557E+01    1.841429E+01
  5.568557E+01    1.841506E+01
  5.571557E+01    1.841584E+01
  5.574557E+01    1.841662E+01
  5.577558E+01    1.841740E+01
  5.580558E+01    1.841818E+01
  5.583558E+01    1.841895E+01
  5.586559E+01    1.841973E+01
  5.589559E+01    1.842051E+01
  5.592559E+01    1.842129E+01
  5.595560E+01    1.842207E+01
  5.598560E+01    1.842285E+01
  5.601560E+01    1.842364E+01
  5.604560E+01    1.842442E+01
  5.607561E+01    1.842520E+01
  5.610561E+01    1.842598E+01
  5.613561E+01    1.842676E+01
  5.616562E+01    1.842754E+01
  5.619562E+01    1.842833E+01
  5.622562E+01    1.842911E+01
  5.625563E+01    1.842989E+01
  5.628563E+01    1.843068E+01
  5.631563E+01    1.843146E+01
  5.634563E+01    1.843225E+01
  5.637564E+01    1.843303E+01
  5.640564E+01    1.843382E+01
  5.643564E+01    1.843460E+01
  5.646565E+01    1.843539E+01
  5.649565E+01    1.843617E+01
  5.652565E+01    1.843696E+01
  5.655566E+01    1.843775E+01
  5.658566E+01    1.843853E+01
  5.661566E+01    1.843932E+01
  5.664566E+01    1.844011E+01
  5.667567E+01    1.844089E+01
  5.670567E+01    1.844168E+01
  5.673567E+01    1.844247E+01
  5.676568E+01    1.844326E+01
  5.679568E+01    1.844405E+01
  5.682568E+01    1.844484E+01
  5.685569E+01    1.844563E+01
  5.688569E+01    1.844642E+01
  5.691569E+01    1.844721E+01
  5.694569E+01    1.844800E+01
  5.697570E+01    1.844879E+01
  5.700570E+01    1.844958E+01
  5.703570E+01    1.845037E+01
  5.706571E+01    1.845116E+01
  5.709571E+01    1.845196E+01
  5.712571E+01    1.845275E+01
  5.715572E+01    1.845354E+01
  5.718572E+01    1.845433E+01
  5.721572E+01    1.845513E+01
  5.724572E+01    1.845592E+01
  5.727573E+01    1.845672E+01
  5.730573E+01    1.845751E+01
  5.733573E+01    1.845830E+01
  5.736574E+01    1.845910E+01
  5.739574E+01    1.845990E+01
  5.742574E+01    1.846069E+01
  5.745575E+01    1.846149E+01
  5.748575E+01    1.846228E+01
  5.751575E+01    1.846308E+01
  5.754575E+01    1.846388E+01
  5.757576E+01    1.846467E+01
  5.760576E+01    1.846547E+01
  5.763576E+01    1.846627E+01
  5.766577E+01    1.846707E+01
  5.769577E+01    1.846787E+01
  5.772577E+01    1.846866E+01
  5.775578E+01    1.846946E+01
  5.778578E+01    1.847026E+01
  5.781578E+01    1.847106E+01
  5.784578E+01    1.847186E+01
  5.787579E+01    1.847266E+01
  5.790579E+01    1.847346E+01
  5.793579E+01    1.847426E+01
  5.796580E+01    1.847506E+01
  5.799580E+01    1.847587E+01
  5.802580E+01    1.847667E+01
  5.805581E+01    1.847747E+01
  5.808581E+01    1.847827E+01
  5.811581E+01    1.847908E+01
  5.814581E+01    1.847988E+01
  5.817582E+01    1.848068E+01
  5.820582E+01    1.848149E+01
  5.823582E+01    1.848229E+01
  5.826583E+01    1.848309E+01
  5.829583E+01    1.848390E+01
  5.832583E+01    1.848470E+01
  5.835584E+01    1.848551E+01
  5.838584E+01    1.848631E+01
  5.841584E+01    1.848712E+01
  5.844584E+01    1.848793E+01
  5.847585E+01    1.848873E+01
  5.850585E+01    1.848954E+01
  5.853585E+01    1.849035E+01
  5.856586E+01    1.849115E+01
  5.859586E+01    1.849196E+01
  5.862586E+01    1.849277E+01
  5.865587E+01    1.849358E+01
  5.868587E+01    1.849439E+01
  5.871587E+01    1.849520E+01
  5.874587E+01    1.849601E+01
  5.877588E+01    1.849682E+01
  5.880588E+01    1.849763E+01
  5.883588E+01    1.849844E+01
  5.886589E+01    1.849925E+01
  5.889589E+01    1.850006E+01
  5.892589E+01    1.850087E+01
  5.895590E+01    1.850168E+01
  5.898590E+01    1.850249E+01
  5.901590E+01    1.850330E+01
  5.904590E+01    1.850412E+01
  5.907591E+01    1.850493E+01
  5.910591E+01    1.850574E+01
  5.913591E+01    1.850656E+01
  5.916592E+01    1.850737E+01
  5.919592E+01    1.850818E+01
  5.922592E+01    1.850900E+01
  5.925593E+01    1.850981E+01
  5.928593E+01    1.851063E+01
  5.931593E+01    1.851144E+01
  5.934593E+01    1.851226E+01
  5.937594E+01    1.851307E+01
  5.940594E+01    1.851389E+01
  5.943594E+01    1.851471E+01
  5.946595E+01    1.851552E+01
  5.949595E+01    1.851634E+01
  5.952595E+01    1.851716E+01
  5.955596E+01    1.851798E+01
  5.958596E+01    1.851879E+01
  5.961596E+01    1.851961E+01
  5.964596E+01    1.852043E+01
  5.967597E+01    1.852125E+01
  5.970597E+01    1.852207E+01
  5.973597E+01    1.852289E+01
  5.976598E+01    1.852371E+01
  5.979598E+01    1.852453E+01
  5.982598E+01    1.852535E+01
  5.985599E+01    1.852617E+01
  5.988599E+01    1.852699E+01
  5.991599E+01    1.852781E+01
  5.994599E+01    1.852863E+01
  5.997600E+01    1.852946E+01
  6.000600E+01    1.853028E+01
  6.003600E+01    1.853110E+01
  6.006601E+01    1.853193E+01
  6.009601E+01    1.853275E+01
  6.012601E+01    1.853357E+01
  6.015602E+01    1.853440E+01
  6.018602E+01    1.853522E+01
  6.021602E+01    1.853605E+01
  6.024602E+01    1.853687E+01
  6.027603E+01    1.853770E+01
  6.030603E+01    1.853852E+01
  6.033603E+01    1.853935E+01
  6.036604E+01    1.854017E+01
  6.039604E+01    1.854100E+01
  6.042604E+01    1.854183E+01
  6.045605E+01    1.854265E+01
  6.048605E+01    1.854348E+01
  6.051605E+01    1.854431E+01
  6.054605E+01    1.854514E+01
  6.057606E+01    1.854597E+01
  6.060606E+01    1.854679E+01
  6.063606E+01    1.854762E+01
  6.066607E+01    1.854845E+01
  6.069607E+01    1.854928E+01
  6.072607E+01    1.855011E+01
  6.075608E+01    1.855094E+01
  6.078608E+01    1.855177E+01
  6.081608E+01    1.855260E+01
  6.084608E+01    1.855343E+01
  6.087609E+01    1.855427E+01
  6.090609E+01    1.855510E+01
  6.093609E+01    1.855593E+01
  6.096610E+01    1.855676E+01
  6.099610E+01    1.855760E+01
  6.102610E+01    1.855843E+01
  6.105611E+01    1.855926E+01
  6.108611E+01    1.856010E+01
  6.111611E+01    1.856093E+01
  6.114611E+01    1.856176E+01
  6.117612E+01    1.856260E+01
  6.120612E+01    1.856343E+01
  6.123612E+01    1.856427E+01
  6.126613E+01    1.856510E+01
  6.129613E+01    1.856594E+01
  6.132613E+01    1.856678E+01
  6.135614E+01    1.856761E+01
  6.138614E+01    1.856845E+01
  6.141614E+01    1.856929E+01
  6.144614E+01    1.857012E+01
  6.147615E+01    1.857096E+01
  6.150615E+01    1.857180E+01
  6.153615E+01    1.857264E+01
  6.156616E+01    1.857348E+01
  6.159616E+01    1.857432E+01
  6.162616E+01    1.857516E+01
  6.165617E+01    1.857599E+01
  6.168617E+01    1.857683E+01
  6.171617E+01    1.857767E+01
  6.174617E+01    1.857852E+01
  6.177618E+01    1.857936E+01
  6.180618E+01    1.858020E+01
  6.183618E+01    1.858104E+01
  6.186619E+01    1.858188E+01
  6.189619E+01    1.858272E+01
  6.192619E+01    1.858357E+01
  6.195620E+01    1.858441E+01
  6.198620E+01    1.858525E+01
  6.201620E+01    1.858609E+01
  6.204620E+01    1.858694E+01
  6.207621E+01    1.858778E+01
  6.210621E+01    1.858863E+01
  6.213621E+01    1.858947E+01
  6.216622E+01    1.859032E+01
  6.219622E+01    1.859116E+01
  6.222622E+01    1.859201E+01
  6.225623E+01    1.859285E+01
  6.228623E+01    1.859370E+01
  6.231623E+01    1.859455E+01
  6.234623E+01    1.859539E+01
  6.237624E+01    1.859624E+01
  6.240624E+01    1.859709E+01
  6.243624E+01    1.859793E+01
  6.246625E+01    1.859878E+01
  6.249625E+01    1.859963E+01
  6.252625E+01    1.860048E+01
  6.255626E+01    1.860133E+01
  6.258626E+01    1.860218E+01
  6.261626E+01    1.860303E+01
  6.264626E+01    1.860388E+01
  6.267627E+01    1.860473E+01
  6.270627E+01    1.860558E+01
  6.273627E+01    1.860643E+01
  6.276628E+01    1.860728E+01
  6.279628E+01    1.860813E+01
  6.282628E+01    1.860898E+01
  6.285629E+01    1.860984E+01
  6.288629E+01    1.861069E+01
  6.291629E+01    1.861154E+01
  6.294629E+01    1.861239E+01
  6.297630E+01    1.861325E+01
  6.300630E+01    1.861410E+01
  6.303630E+01    1.861495E+01
  6.306631E+01    1.861581E+01
  6.309631E+01    1.861666E+01
  6.312631E+01    1.861752E+01
  6.315632E+01    1.861837E+01
  6.318632E+01    1.861923E+01
  6.321632E+01    1.862009E+01
  6.324632E+01    1.862094E+01
  6.327633E+01    1.862180E+01
  6.330633E+01    1.862265E+01
  6.333633E+01    1.862351E+01
  6.336634E+01    1.862437E+01
  6.339634E+01    1.862523E+01
  6.342634E+01    1.862608E+01
  6.345635E+01    1.862694E+01
  6.348635E+01    1.862780E+01
  6.351635E+01    1.862866E+01
  6.354635E+01    1.862952E+01
  6.357636E+01    1.863038E+01
  6.360636E+01    1.863124E+01
  6.363636E+01    1.863210E+01
  6.366637E+01    1.863296E+01
  6.369637E+01    1.863382E+01
  6.372637E+01    1.863468E+01
  6.375638E+01    1.863554E+01
  6.378638E+01    1.863641E+01
  6.381638E+01    1.863727E+01
  6.384638E+01    1.863813E+01
  6.387639E+01    1.863899E+01
  6.390639E+01    1.863986E+01
  6.393639E+01    1.864072E+01
  6.396640E+01    1.864158E+01
  6.399640E+01    1.864245E+01
  6.402640E+01    1.864331E+01
  6.405641E+01    1.864418E+01
  6.408641E+01    1.864504E+01
  6.411641E+01    1.864591E+01
  6.414641E+01    1.864677E+01
  6.417642E+01    1.864764E+01
  6.420642E+01    1.864850E+01
  6.423642E+01    1.864937E+01
  6.426643E+01    1.865024E+01
  6.429643E+01    1.865110E+01
  6.432643E+01    1.865197E+01
  6.435644E+01    1.865284E+01
  6.438644E+01    1.865371E+01
  6.441644E+01    1.865458E+01
  6.444644E+01    1.865544E+01
  6.447645E+01    1.865631E+01
  6.450645E+01    1.865718E+01
  6.453645E+01    1.865805E+01
  6.456646E+01    1.865892E+01
  6.459646E+01    1.865979E+01
  6.462646E+01    1.866066E+01
  6.465647E+01    1.866153E+01
  6.468647E+01    1.866240E+01
  6.471647E+01    1.866328E+01
  6.474647E+01    1.866415E+01
  6.477648E+01    1.866502E+01
  6.480648E+01    1.866589E+01
  6.483648E+01    1.866677E+01
  6.486649E+01    1.866764E+01
  6.489649E+01    1.866851E+01
  6.492649E+01    1.866939E+01
  6.495650E+01    1.867026E+01
  6.498650E+01    1.867113E+01
  6.501650E+01    1.867201E+01
  6.504650E+01    1.867288E+01
  6.507651E+01    1.867376E+01
  6.510651E+01    1.867463E+01
  6.513651E+01    1.867551E+01
  6.516652E+01    1.867639E+01
  6.519652E+01    1.867726E+01
  6.522652E+01    1.867814E+01
  6.525653E+01    1.867902E+01
  6.528653E+01    1.867989E+01
  6.531653E+01    1.868077E+01
  6.534653E+01    1.868165E+01
  6.537654E+01    1.868253E+01
  6.540654E+01    1.868341E+01
  6.543654E+01    1.868429E+01
  6.546655E+01    1.868516E+01
  6.549655E+01    1.868604E+01
  6.552655E+01    1.868692E+01
  6.555656E+01    1.868780E+01
  6.558656E+01    1.868868E+01
  6.561656E+01    1.868957E+01
  6.564656E+01    1.869045E+01
  6.567657E+01    1.869133E+01
  6.570657E+01    1.869221E+01
  6.573657E+01    1.869309E+01
  6.576658E+01    1.869397E+01
  6.579658E+01    1.869486E+01
  6.582658E+01    1.869574E+01
  6.585659E+01    1.869662E+01
  6.588659E+01    1.869751E+01
  6.591659E+01    1.869839E+01
  6.594659E+01    1.869928E+01
  6.597660E+01    1.870016E+01
  6.600660E+01    1.870104E+01
  6.603660E+01    1.870193E+01
  6.606661E+01    1.870282E+01
  6.609661E+01    1.870370E+01
  6.612661E+01    1.870459E+01
  6.615662E+01    1.870547E+01
  6.618662E+01    1.870636E+01
  6.621662E+01    1.870725E+01
  6.624662E+01    1.870814E+01
  6.627663E+01    1.870902E+01
  6.630663E+01    1.870991E+01
  6.633663E+01    1.871080E+01
  6.636664E+01    1.871169E+01
  6.639664E+01    1.871258E+01
  6.642664E+01    1.871347E+01
  6.645665E+01    1.871436E+01
  6.648665E+01    1.871525E+01
  6.651665E+01    1.871614E+01
  6.654665E+01    1.871703E+01
  6.657666E+01    1.871792E+01
  6.660666E+01    1.871881E+01
  6.663666E+01    1.871970E+01
  6.666667E+01    1.872059E+01
  6.669667E+01    1.872148E+01
  6.672667E+01    1.872238E+01
  6.675668E+01    1.872327E+01
  6.678668E+01    1.872416E+01
  6.681668E+01    1.872506E+01
  6.684668E+01    1.872595E+01
  6.687669E+01    1.872684E+01
  6.690669E+01    1.872774E+01
  6.693669E+01    1.872863E+01
  6.696670E+01    1.872953E+01
  6.699670E+01    1.873042E+01
  6.702670E+01    1.873132E+01
  6.705671E+01    1.873221E+01
  6.708671E+01    1.873311E+01
  6.711671E+01    1.873401E+01
  6.714671E+01    1.873490E+01
  6.717672E+01    1.873580E+01
  6.720672E+01    1.873670E+01
  6.723672E+01    1.873759E+01
  6.726673E+01    1.873849E+01
  6.729673E+01    1.873939E+01
  6.732673E+01    1.874029E+01
  6.735674E+01    1.874119E+01
  6.738674E+01    1.874209E+01
  6.741674E+01    1.874299E+01
  6.744674E+01    1.874389E+01
  6.747675E+01    1.874479E+01
  6.750675E+01    1.874569E+01
  6.753675E+01    1.874659E+01
  6.756676E+01    1.874749E+01
  6.759676E+01    1.874839E+01
  6.762676E+01    1.874929E+01
  6.765677E+01    1.875019E+01
  6.768677E+01    1.875110E+01
  6.771677E+01    1.875200E+01
  6.774677E+01    1.875290E+01
  6.777678E+01    1.875381E+01
  6.780678E+01    1.875471E+01
  6.783678E+01    1.875561E+01
  6.786679E+01    1.875652E+01
  6.789679E+01    1.875742E+01
  6.792679E+01    1.875833E+01
  6.795680E+01    1.875923E+01
  6.798680E+01    1.876014E+01
  6.801680E+01    1.876104E+01
  6.804680E+01    1.876195E+01
  6.807681E+01    1.876286E+01
  6.810681E+01    1.876376E+01
  6.813681E+01    1.876467E+01
  6.816682E+01    1.876558E+01
  6.819682E+01    1.876649E+01
  6.822682E+01    1.876739E+01
  6.825683E+01    1.876830E+01
  6.828683E+01    1.876921E+01
  6.831683E+01    1.877012E+01
  6.834683E+01    1.877103E+01
  6.837684E+01    1.877194E+01
  6.840684E+01    1.877285E+01
  6.843684E+01    1.877376E+01
  6.846685E+01    1.877467E+01
  6.849685E+01    1.877558E+01
  6.852685E+01    1.877649E+01
  6.855686E+01    1.877740E+01
  6.858686E+01    1.877831E+01
  6.861686E+01    1.877923E+01
  6.864686E+01    1.878014E+01
  6.867687E+01    1.878105E+01
  6.870687E+01    1.878196E+01
  6.873687E+01    1.878288E+01
  6.876688E+01    1.878379E+01
  6.879688E+01    1.878471E+01
  6.882688E+01    1.878562E+01
  6.885689E+01    1.878653E+01
  6.888689E+01    1.878745E+01
  6.891689E+01    1.878836E+01
  6.894689E+01    1.878928E+01
  6.897690E+01    1.879020E+01
  6.900690E+01    1.879111E+01
  6.903690E+01    1.879203E+01
  6.906691E+01    1.879294E+01
  6.909691E+01    1.879386E+01
  6.912691E+01    1.879478E+01
  6.915692E+01    1.879570E+01
  6.918692E+01    1.879661E+01
  6.921692E+01    1.879753E+01
  6.924692E+01    1.879845E+01
  6.927693E+01    1.879937E+01
  6.930693E+01    1.880029E+01
  6.933693E+01    1.880121E+01
  6.936694E+01    1.880213E+01
  6.939694E+01    1.880305E+01
  6.942694E+01    1.880397E+01
  6.945695E+01    1.880489E+01
  6.948695E+01    1.880581E+01
  6.951695E+01    1.880673E+01
  6.954695E+01    1.880766E+01
  6.957696E+01    1.880858E+01
  6.960696E+01    1.880950E+01
  6.963696E+01    1.881042E+01
  6.966697E+01    1.881135E+01
  6.969697E+01    1.881227E+01
  6.972697E+01    1.881319E+01
  6.975698E+01    1.881412E+01
  6.978698E+01    1.881504E+01
  6.981698E+01    1.881596E+01
  6.984698E+01    1.881689E+01
  6.987699E+01    1.881781E+01
  6.990699E+01    1.881874E+01
  6.993699E+01    1.881967E+01
  6.996700E+01    1.882059E+01
  6.999700E+01    1.882152E+01
  7.002700E+01    1.882245E+01
  7.005701E+01    1.882337E+01
  7.008701E+01    1.882430E+01
  7.011701E+01    1.882523E+01
  7.014701E+01    1.882616E+01
  7.017702E+01    1.882708E+01
  7.020702E+01    1.882801E+01
  7.023702E+01    1.882894E+01
  7.026703E+01    1.882987E+01
  7.029703E+01    1.883080E+01
  7.032703E+01    1.883173E+01
  7.035704E+01    1.883266E+01
  7.038704E+01    1.883359E+01
  7.041704E+01    1.883452E+01
  7.044704E+01    1.883545E+01
  7.047705E+01    1.883638E+01
  7.050705E+01    1.883732E+01
  7.053705E+01    1.883825E+01
  7.056706E+01    1.883918E+01
  7.059706E+01    1.884011E+01
  7.062706E+01    1.884105E+01
  7.065707E+01    1.884198E+01
  7.068707E+01    1.884291E+01
  7.071707E+01    1.884385E+01
  7.074707E+01    1.884478E+01
  7.077708E+01    1.884572E+01
  7.080708E+01    1.884665E+01
  7.083708E+01    1.884759E+01
  7.086709E+01    1.884852E+01
  7.089709E+01    1.884946E+01
  7.092709E+01    1.885039E+01
  7.095710E+01    1.885133E+01
  7.098710E+01    1.885227E+01
  7.101710E+01    1.885320E+01
  7.104710E+01    1.885414E+01
  7.107711E+01    1.885508E+01
  7.110711E+01    1.885602E+01
  7.113711E+01    1.885695E+01
  7.116712E+01    1.885789E+01
  7.119712E+01    1.885883E+01
  7.122712E+01    1.885977E+01
  7.125713E+01    1.886071E+01
  7.128713E+01    1.886165E+01
  7.131713E+01    1.886259E+01
  7.134713E+01    1.886353E+01
  7.137714E+01    1.886447E+01
  7.140714E+01    1.886541E+01
  7.143714E+01    1.886635E+01
  7.146715E+01    1.886730E+01
  7.149715E+01    1.886824E+01
  7.152715E+01    1.886918E+01
  7.155716E+01    1.887012E+01
  7.158716E+01    1.887107E+01
  7.161716E+01    1.887201E+01
  7.164716E+01    1.887295E+01
  7.167717E+01    1.887390E+01
  7.170717E+01    1.887484E+01
  7.173717E+01    1.887579E+01
  7.176718E+01    1.887673E+01
  7.179718E+01    1.887768E+01
  7.182718E+01    1.887862E+01
  7.185719E+01    1.887957E+01
  7.188719E+01    1.888051E+01
  7.191719E+01    1.888146E+01
  7.194719E+01    1.888241E+01
  7.197720E+01    1.888335E+01
  7.200720E+01    1.888430E+01
  7.203720E+01    1.888525E+01
  7.206721E+01    1.888620E+01
  7.209721E+01    1.888714E+01
  7.212721E+01    1.888809E+01
  7.215722E+01    1.888904E+01
  7.218722E+01    1.888999E+01
  7.221722E+01    1.889094E+01
  7.224722E+01    1.889189E+01
  7.227723E+01    1.889284E+01
  7.230723E+01    1.889379E+01
  7.233723E+01    1.889474E+01
  7.236724E+01    1.889569E+01
  7.239724E+01    1.889664E+01
  7.242724E+01    1.889760E+01
  7.245725E+01    1.889855E+01
  7.248725E+01    1.889950E+01
  7.251725E+01    1.890045E+01
  7.254725E+01    1.890141E+01
  7.257726E+01    1.890236E+01
  7.260726E+01    1.890331E+01
  7.263726E+01    1.890427E+01
  7.266727E+01    1.890522E+01
  7.269727E+01    1.890618E+01
  7.272727E+01    1.890713E+01
  7.275728E+01    1.890809E+01
  7.278728E+01    1.890904E+01
  7.281728E+01    1.891000E+01
  7.284728E+01    1.891095E+01
  7.287729E+01    1.891191E+01
  7.290729E+01    1.891287E+01
  7.293729E+01    1.891382E+01
  7.296730E+01    1.891478E+01
  7.299730E+01    1.891574E+01
  7.302730E+01    1.891670E+01
  7.305731E+01    1.891765E+01
  7.308731E+01    1.891861E+01
  7.311731E+01    1.891957E+01
  7.314731E+01    1.892053E+01
  7.317732E+01    1.892149E+01
  7.320732E+01    1.892245E+01
  7.323732E+01    1.892341E+01
  7.326733E+01    1.892437E+01
  7.329733E+01    1.892533E+01
  7.332733E+01    1.892629E+01
  7.335734E+01    1.892725E+01
  7.338734E+01    1.892822E+01
  7.341734E+01    1.892918E+01
  7.344734E+01    1.893014E+01
  7.347735E+01    1.893110E+01
  7.350735E+01    1.893207E+01
  7.353735E+01    1.893303E+01
  7.356736E+01    1.893399E+01
  7.359736E+01    1.893496E+01
  7.362736E+01    1.893592E+01
  7.365737E+01    1.893689E+01
  7.368737E+01    1.893785E+01
  7.371737E+01    1.893882E+01
  7.374737E+01    1.893978E+01
  7.377738E+01    1.894075E+01
  7.380738E+01    1.894171E+01
  7.383738E+01    1.894268E+01
  7.386739E+01    1.894365E+01
  7.389739E+01    1.894461E+01
  7.392739E+01    1.894558E+01
  7.395740E+01    1.894655E+01
  7.398740E+01    1.894752E+01
  7.401740E+01    1.894848E+01
  7.404740E+01    1.894945E+01
  7.407741E+01    1.895042E+01
  7.410741E+01    1.895139E+01
  7.413741E+01    1.895236E+01
  7.416742E+01    1.895333E+01
  7.419742E+01    1.895430E+01
  7.422742E+01    1.895527E+01
  7.425743E+01    1.895624E+01
  7.428743E+01    1.895721E+01
  7.431743E+01    1.895818E+01
  7.434743E+01    1.895916E+01
  7.437744E+01    1.896013E+01
  7.440744E+01    1.896110E+01
  7.443744E+01    1.896207E+01
  7.446745E+01    1.896305E+01
  7.449745E+01    1.896402E+01
  7.452745E+01    1.896499E+01
  7.455746E+01    1.896597E+01
  7.458746E+01    1.896694E+01
  7.461746E+01    1.896792E+01
  7.464746E+01    1.896889E+01
  7.467747E+01    1.896987E+01
  7.470747E+01    1.897084E+01
  7.473747E+01    1.897182E+01
  7.476748E+01    1.897279E+01
  7.479748E+01    1.897377E+01
  7.482748E+01    1.897475E+01
  7.485749E+01    1.897572E+01
  7.488749E+01    1.897670E+01
  7.491749E+01    1.897768E+01
  7.494749E+01    1.897866E+01
  7.497750E+01    1.897963E+01
  7.500750E+01    1.898061E+01
  7.503750E+01    1.898159E+01
  7.506751E+01    1.898257E+01
  7.509751E+01    1.898355E+01
  7.512751E+01    1.898453E+01
  7.515752E+01    1.898551E+01
  7.518752E+01    1.898649E+01
  7.521752E+01    1.898747E+01
  7.524752E+01    1.898845E+01
  7.527753E+01    1.898943E+01
  7.530753E+01    1.899042E+01
  7.533753E+01    1.899140E+01
  7.536754E+01    1.899238E+01
  7.539754E+01    1.899336E+01
  7.542754E+01    1.899435E+01
  7.545755E+01    1.899533E+01
  7.548755E+01    1.899631E+01
  7.551755E+01    1.899730E+01
  7.554755E+01    1.899828E+01
  7.557756E+01    1.899926E+01
  7.560756E+01    1.900025E+01
  7.563756E+01    1.900123E+01
  7.566757E+01    1.900222E+01
  7.569757E+01    1.900321E+01
  7.572757E+01    1.900419E+01
  7.575758E+01    1.900518E+01
  7.578758E+01    1.900617E+01
  7.581758E+01    1.900715E+01
  7.584758E+01    1.900814E+01
  7.587759E+01    1.900913E+01
  7.590759E+01    1.901012E+01
  7.593759E+01    1.901110E+01
  7.596760E+01    1.901209E+01
  7.599760E+01    1.901308E+01
  7.602760E+01    1.901407E+01
  7.605761E+01    1.901506E+01
  7.608761E+01    1.901605E+01
  7.611761E+01    1.901704E+01
  7.614761E+01    1.901803E+01
  7.617762E+01    1.901902E+01
  7.620762E+01    1.902001E+01
  7.623762E+01    1.902100E+01
  7.626763E+01    1.902199E+01
  7.629763E+01    1.902299E+01
  7.632763E+01    1.902398E+01
  7.635764E+01    1.902497E+01
  7.638764E+01    1.902596E+01
  7.641764E+01    1.902696E+01
  7.644764E+01    1.902795E+01
  7.647765E+01    1.902895E+01
  7.650765E+01    1.902994E+01
  7.653765E+01    1.903093E+01
  7.656766E+01    1.903193E+01
  7.659766E+01    1.903292E+01
  7.662766E+01    1.903392E+01
  7.665767E+01    1.903492E+01
  7.668767E+01    1.903591E+01
  7.671767E+01    1.903691E+01
  7.674767E+01    1.903790E+01
  7.677768E+01    1.903890E+01
  7.680768E+01    1.903990E+01
  7.683768E+01    1.904090E+01
  7.686769E+01    1.904189E+01
  7.689769E+01    1.904289E+01
  7.692769E+01    1.904389E+01
  7.695770E+01    1.904489E+01
  7.698770E+01    1.904589E+01
  7.701770E+01    1.904689E+01
  7.704770E+01    1.904789E+01
  7.707771E+01    1.904889E+01
  7.710771E+01    1.904989E+01
  7.713771E+01    1.905089E+01
  7.716772E+01    1.905189E+01
  7.719772E+01    1.905289E+01
  7.722772E+01    1.905389E+01
  7.725773E+01    1.905490E+01
  7.728773E+01    1.905590E+01
  7.731773E+01    1.905690E+01
  7.734773E+01    1.905790E+01
  7.737774E+01    1.905891E+01
  7.740774E+01    1.905991E+01
  7.743774E+01    1.906091E+01
  7.746775E+01    1.906192E+01
  7.749775E+01    1.906292E+01
  7.752775E+01    1.906393E+01
  7.755776E+01    1.906493E+01
  7.758776E+01    1.906594E+01
  7.761776E+01    1.906694E+01
  7.764776E+01    1.906795E+01
  7.767777E+01    1.906896E+01
  7.770777E+01    1.906996E+01
  7.773777E+01    1.907097E+01
  7.776778E+01    1.907198E+01
  7.779778E+01    1.907299E+01
  7.782778E+01    1.907399E+01
  7.785779E+01    1.907500E+01
  7.788779E+01    1.907601E+01
  7.791779E+01    1.907702E+01
  7.794779E+01    1.907803E+01
  7.797780E+01    1.907904E+01
  7.800780E+01    1.908005E+01
  7.803780E+01    1.908106E+01
  7.806781E+01    1.908207E+01
  7.809781E+01    1.908308E+01
  7.812781E+01    1.908409E+01
  7.815782E+01    1.908510E+01
  7.818782E+01    1.908611E+01
  7.821782E+01    1.908712E+01
  7.824782E+01    1.908814E+01
  7.827783E+01    1.908915E+01
  7.830783E+01    1.909016E+01
  7.833783E+01    1.909118E+01
  7.836784E+01    1.909219E+01
  7.839784E+01    1.909320E+01
  7.842784E+01    1.909422E+01
  7.845785E+01    1.909523E+01
  7.848785E+01    1.909625E+01
  7.851785E+01    1.909726E+01
  7.854785E+01    1.909828E+01
  7.857786E+01    1.909929E+01
  7.860786E+01    1.910031E+01
  7.863786E+01    1.910133E+01
  7.866787E+01    1.910234E+01
  7.869787E+01    1.910336E+01
  7.872787E+01    1.910438E+01
  7.875788E+01    1.910539E+01
  7.878788E+01    1.910641E+01
  7.881788E+01    1.910743E+01
  7.884788E+01    1.910845E+01
  7.887789E+01    1.910947E+01
  7.890789E+01    1.911049E+01
  7.893789E+01    1.911151E+01
  7.896790E+01    1.911253E+01
  7.899790E+01    1.911355E+01
  7.902790E+01    1.911457E+01
  7.905791E+01    1.911559E+01
  7.908791E+01    1.911661E+01
  7.911791E+01    1.911763E+01
  7.914791E+01    1.911865E+01
  7.917792E+01    1.911967E+01
  7.920792E+01    1.912070E+01
  7.923792E+01    1.912172E+01
  7.926793E+01    1.912274E+01
  7.929793E+01    1.912376E+01
  7.932793E+01    1.912479E+01
  7.935794E+01    1.912581E+01
  7.938794E+01    1.912684E+01
  7.941794E+01    1.912786E+01
  7.944794E+01    1.912889E+01
  7.947795E+01    1.912991E+01
  7.950795E+01    1.913094E+01
  7.953795E+01    1.913196E+01
  7.956796E+01    1.913299E+01
  7.959796E+01    1.913401E+01
  7.962796E+01    1.913504E+01
  7.965797E+01    1.913607E+01
  7.968797E+01    1.913709E+01
  7.971797E+01    1.913812E+01
  7.974797E+01    1.913915E+01
  7.977798E+01    1.914018E+01
  7.980798E+01    1.914121E+01
  7.983798E+01    1.914224E+01
  7.986799E+01    1.914326E+01
  7.989799E+01    1.914429E+01
  7.992799E+01    1.914532E+01
  7.995800E+01    1.914635E+01
  7.998800E+01    1.914738E+01
  8.001800E+01    1.914842E+01
  8.004800E+01    1.914945E+01
  8.007801E+01    1.915048E+01
  8.010801E+01    1.915151E+01
  8.013801E+01    1.915254E+01
  8.016802E+01    1.915357E+01
  8.019802E+01    1.915461E+01
  8.022802E+01    1.915564E+01
  8.025803E+01    1.915667E+01
  8.028803E+01    1.915771E+01
  8.031803E+01    1.915874E+01
  8.034803E+01    1.915977E+01
  8.037804E+01    1.916081E+01
  8.040804E+01    1.916184E+01
  8.043804E+01    1.916288E+01
  8.046805E+01    1.916391E+01
  8.049805E+01    1.916495E+01
  8.052805E+01    1.916599E+01
  8.055806E+01    1.916702E+01
  8.058806E+01    1.916806E+01
  8.061806E+01    1.916910E+01
  8.064806E+01    1.917013E+01
  8.067807E+01    1.917117E+01
  8.070807E+01    1.917221E+01
  8.073807E+01    1.917325E+01
  8.076808E+01    1.917429E+01
  8.079808E+01    1.917532E+01
  8.082808E+01    1.917636E+01
  8.085809E+01    1.917740E+01
  8.088809E+01    1.917844E+01
  8.091809E+01    1.917948E+01
  8.094809E+01    1.918052E+01
  8.097810E+01    1.918156E+01
  8.100810E+01    1.918260E+01
  8.103810E+01    1.918365E+01
  8.106811E+01    1.918469E+01
  8.109811E+01    1.918573E+01
  8.112811E+01    1.918677E+01
  8.115812E+01    1.918781E+01
  8.118812E+01    1.918886E+01
  8.121812E+01    1.918990E+01
  8.124812E+01    1.919094E+01
  8.127813E+01    1.919199E+01
  8.130813E+01    1.919303E+01
  8.133813E+01    1.919408E+01
  8.136814E+01    1.919512E+01
  8.139814E+01    1.919617E+01
  8.142814E+01    1.919721E+01
  8.145815E+01    1.919826E+01
  8.148815E+01    1.919930E+01
  8.151815E+01    1.920035E+01
  8.154815E+01    1.920140E+01
  8.157816E+01    1.920244E+01
  8.160816E+01    1.920349E+01
  8.163816E+01    1.920454E+01
  8.166817E+01    1.920559E+01
  8.169817E+01    1.920663E+01
  8.172817E+01    1.920768E+01
  8.175818E+01    1.920873E+01
  8.178818E+01    1.920978E+01
  8.181818E+01    1.921083E+01
  8.184818E+01    1.921188E+01
  8.187819E+01    1.921293E+01
  8.190819E+01    1.921398E+01
  8.193819E+01    1.921503E+01
  8.196820E+01    1.921608E+01
  8.199820E+01    1.921713E+01
  8.202820E+01    1.921819E+01
  8.205821E+01    1.921924E+01
  8.208821E+01    1.922029E+01
  8.211821E+01    1.922134E+01
  8.214821E+01    1.922240E+01
  8.217822E+01    1.922345E+01
  8.220822E+01    1.922450E+01
  8.223822E+01    1.922556E+01
  8.226823E+01    1.922661E+01
  8.229823E+01    1.922766E+01
  8.232823E+01    1.922872E+01
  8.235824E+01    1.922977E+01
  8.238824E+01    1.923083E+01
  8.241824E+01    1.923189E+01
  8.244824E+01    1.923294E+01
  8.247825E+01    1.923400E+01
  8.250825E+01    1.923505E+01
  8.253825E+01    1.923611E+01
  8.256826E+01    1.923717E+01
  8.259826E+01    1.923823E+01
  8.262826E+01    1.923928E+01
  8.265827E+01    1.924034E+01
  8.268827E+01    1.924140E+01
  8.271827E+01    1.924246E+01
  8.274827E+01    1.924352E+01
  8.277828E+01    1.924458E+01
  8.280828E+01    1.924564E+01
  8.283828E+01    1.924670E+01
  8.286829E+01    1.924776E+01
  8.289829E+01    1.924882E+01
  8.292829E+01    1.924988E+01
  8.295830E+01    1.925094E+01
  8.298830E+01    1.925200E+01
  8.301830E+01    1.925306E+01
  8.304830E+01    1.925413E+01
  8.307831E+01    1.925519E+01
  8.310831E+01    1.925625E+01
  8.313831E+01    1.925732E+01
  8.316832E+01    1.925838E+01
  8.319832E+01    1.925944E+01
  8.322832E+01    1.926051E+01
  8.325833E+01    1.926157E+01
  8.328833E+01    1.926264E+01
  8.331833E+01    1.926370E+01
  8.334833E+01    1.926477E+01
  8.337834E+01    1.926583E+01
  8.340834E+01    1.926690E+01
  8.343834E+01    1.926797E+01
  8.346835E+01    1.926903E+01
  8.349835E+01    1.927010E+01
  8.352835E+01    1.927117E+01
  8.355836E+01    1.927223E+01
  8.358836E+01    1.927330E+01
  8.361836E+01    1.927437E+01
  8.364836E+01    1.927544E+01
  8.367837E+01    1.927651E+01
  8.370837E+01    1.927758E+01
  8.373837E+01    1.927865E+01
  8.376838E+01    1.927972E+01
  8.379838E+01    1.928079E+01
  8.382838E+01    1.928186E+01
  8.385839E+01    1.928293E+01
  8.388839E+01    1.928400E+01
  8.391839E+01    1.928507E+01
  8.394839E+01    1.928614E+01
  8.397840E+01    1.928721E+01
  8.400840E+01    1.928828E+01
  8.403840E+01    1.928936E+01
  8.406841E+01    1.929043E+01
  8.409841E+01    1.929150E+01
  8.412841E+01    1.929258E+01
  8.415842E+01    1.929365E+01
  8.418842E+01    1.929472E+01
  8.421842E+01    1.929580E+01
  8.424842E+01    1.929687E+01
  8.427843E+01    1.929795E+01
  8.430843E+01    1.929902E+01
  8.433843E+01    1.930010E+01
  8.436844E+01    1.930118E+01
  8.439844E+01    1.930225E+01
  8.442844E+01    1.930333E+01
  8.445845E+01    1.930441E+01
  8.448845E+01    1.930548E+01
  8.451845E+01    1.930656E+01
  8.454845E+01    1.930764E+01
  8.457846E+01    1.930872E+01
  8.460846E+01    1.930980E+01
  8.463846E+01    1.931087E+01
  8.466847E+01    1.931195E+01
  8.469847E+01    1.931303E+01
  8.472847E+01    1.931411E+01
  8.475848E+01    1.931519E+01
  8.478848E+01    1.931627E+01
  8.481848E+01    1.931735E+01
  8.484848E+01    1.931843E+01
  8.487849E+01    1.931952E+01
  8.490849E+01    1.932060E+01
  8.493849E+01    1.932168E+01
  8.496850E+01    1.932276E+01
  8.499850E+01    1.932384E+01
  8.502850E+01    1.932493E+01
  8.505851E+01    1.932601E+01
  8.508851E+01    1.932709E+01
  8.511851E+01    1.932818E+01
  8.514851E+01    1.932926E+01
  8.517852E+01    1.933035E+01
  8.520852E+01    1.933143E+01
  8.523852E+01    1.933252E+01
  8.526853E+01    1.933360E+01
  8.529853E+01    1.933469E+01
  8.532853E+01    1.933577E+01
  8.535854E+01    1.933686E+01
  8.538854E+01    1.933795E+01
  8.541854E+01    1.933903E+01
  8.544854E+01    1.934012E+01
  8.547855E+01    1.934121E+01
  8.550855E+01    1.934230E+01
  8.553855E+01    1.934338E+01
  8.556856E+01    1.934447E+01
  8.559856E+01    1.934556E+01
  8.562856E+01    1.934665E+01
  8.565857E+01    1.934774E+01
  8.568857E+01    1.934883E+01
  8.571857E+01    1.934992E+01
  8.574857E+01    1.935101E+01
  8.577858E+01    1.935210E+01
  8.580858E+01    1.935319E+01
  8.583858E+01    1.935428E+01
  8.586859E+01    1.935537E+01
  8.589859E+01    1.935647E+01
  8.592859E+01    1.935756E+01
  8.595860E+01    1.935865E+01
  8.598860E+01    1.935974E+01
  8.601860E+01    1.936084E+01
  8.604860E+01    1.936193E+01
  8.607861E+01    1.936302E+01
  8.610861E+01    1.936412E+01
  8.613861E+01    1.936521E+01
  8.616862E+01    1.936631E+01
  8.619862E+01    1.936740E+01
  8.622862E+01    1.936850E+01
  8.625863E+01    1.936959E+01
  8.628863E+01    1.937069E+01
  8.631863E+01    1.937179E+01
  8.634863E+01    1.937288E+01
  8.637864E+01    1.937398E+01
  8.640864E+01    1.937508E+01
  8.643864E+01    1.937617E+01
  8.646865E+01    1.937727E+01
  8.649865E+01    1.937837E+01
  8.652865E+01    1.937947E+01
  8.655866E+01    1.938057E+01
  8.658866E+01    1.938167E+01
  8.661866E+01    1.938277E+01
  8.664866E+01    1.938387E+01
  8.667867E+01    1.938497E+01
  8.670867E+01    1.938607E+01
  8.673867E+01    1.938717E+01
  8.676868E+01    1.938827E+01
  8.679868E+01    1.938937E+01
  8.682868E+01    1.939047E+01
  8.685869E+01    1.939157E+01
  8.688869E+01    1.939268E+01
  8.691869E+01    1.939378E+01
  8.694869E+01    1.939488E+01
  8.697870E+01    1.939598E+01
  8.700870E+01    1.939709E+01
  8.703870E+01    1.939819E+01
  8.706871E+01    1.939930E+01
  8.709871E+01    1.940040E+01
  8.712871E+01    1.940150E+01
  8.715872E+01    1.940261E+01
  8.718872E+01    1.940371E+01
  8.721872E+01    1.940482E+01
  8.724872E+01    1.940593E+01
  8.727873E+01    1.940703E+01
  8.730873E+01    1.940814E+01
  8.733873E+01    1.940925E+01
  8.736874E+01    1.941035E+01
  8.739874E+01    1.941146E+01
  8.742874E+01    1.941257E+01
  8.745875E+01    1.941368E+01
  8.748875E+01    1.941479E+01
  8.751875E+01    1.941589E+01
  8.754875E+01    1.941700E+01
  8.757876E+01    1.941811E+01
  8.760876E+01    1.941922E+01
  8.763876E+01    1.942033E+01
  8.766877E+01    1.942144E+01
  8.769877E+01    1.942255E+01
  8.772877E+01    1.942366E+01
  8.775878E+01    1.942478E+01
  8.778878E+01    1.942589E+01
  8.781878E+01    1.942700E+01
  8.784878E+01    1.942811E+01
  8.787879E+01    1.942922E+01
  8.790879E+01    1.943034E+01
  8.793879E+01    1.943145E+01
  8.796880E+01    1.943256E+01
  8.799880E+01    1.943368E+01
  8.802880E+01    1.943479E+01
  8.805881E+01    1.943591E+01
  8.808881E+01    1.943702E+01
  8.811881E+01    1.943814E+01
  8.814881E+01    1.943925E+01
  8.817882E+01    1.944037E+01
  8.820882E+01    1.944148E+01
  8.823882E+01    1.944260E+01
  8.826883E+01    1.944372E+01
  8.829883E+01    1.944483E+01
  8.832883E+01    1.944595E+01
  8.835884E+01    1.944707E+01
  8.838884E+01    1.944819E+01
  8.841884E+01    1.944930E+01
  8.844884E+01    1.945042E+01
  8.847885E+01    1.945154E+01
  8.850885E+01    1.945266E+01
  8.853885E+01    1.945378E+01
  8.856886E+01    1.945490E+01
  8.859886E+01    1.945602E+01
  8.862886E+01    1.945714E+01
  8.865887E+01    1.945826E+01
  8.868887E+01    1.945938E+01
  8.871887E+01    1.946050E+01
  8.874887E+01    1.946162E+01
  8.877888E+01    1.946275E+01
  8.880888E+01    1.946387E+01
  8.883888E+01    1.946499E+01
  8.886889E+01    1.946611E+01
  8.889889E+01    1.946724E+01
  8.892889E+01    1.946836E+01
  8.895890E+01    1.946948E+01
  8.898890E+01    1.947061E+01
  8.901890E+01    1.947173E+01
  8.904890E+01    1.947286E+01
  8.907891E+01    1.947398E+01
  8.910891E+01    1.947511E+01
  8.913891E+01    1.947623E+01
  8.916892E+01    1.947736E+01
  8.919892E+01    1.947848E+01
  8.922892E+01    1.947961E+01
  8.925893E+01    1.948074E+01
  8.928893E+01    1.948187E+01
  8.931893E+01    1.948299E+01
  8.934893E+01    1.948412E+01
  8.937894E+01    1.948525E+01
  8.940894E+01    1.948638E+01
  8.943894E+01    1.948751E+01
  8.946895E+01    1.948864E+01
  8.949895E+01    1.948976E+01
  8.952895E+01    1.949089E+01
  8.955896E+01    1.949202E+01
  8.958896E+01    1.949315E+01
  8.961896E+01    1.949429E+01
  8.964896E+01    1.949542E+01
  8.967897E+01    1.949655E+01
  8.970897E+01    1.949768E+01
  8.973897E+01    1.949881E+01
  8.976898E+01    1.949994E+01
  8.979898E+01    1.950108E+01
  8.982898E+01    1.950221E+01
  8.985899E+01    1.950334E+01
  8.988899E+01    1.950448E+01
  8.991899E+01    1.950561E+01
  8.994899E+01    1.950674E+01
  8.997900E+01    1.950788E+01
  9.000900E+01    1.950901E+01
  9.003900E+01    1.951015E+01
  9.006901E+01    1.951128E+01
  9.009901E+01    1.951242E+01
  9.012901E+01    1.951355E+01
  9.015902E+01    1.951469E+01
  9.018902E+01    1.951583E+01
  9.021902E+01    1.951696E+01
  9.024902E+01    1.951810E+01
  9.027903E+01    1.951924E+01
  9.030903E+01    1.952038E+01
  9.033903E+01    1.952151E+01
  9.036904E+01    1.952265E+01
  9.039904E+01    1.952379E+01
  9.042904E+01    1.952493E+01
  9.045905E+01    1.952607E+01
  9.048905E+01    1.952721E+01
  9.051905E+01    1.952835E+01
  9.054905E+01    1.952949E+01
  9.057906E+01    1.953063E+01
  9.060906E+01    1.953177E+01
  9.063906E+01    1.953291E+01
  9.066907E+01    1.953406E+01
  9.069907E+01    1.953520E+01
  9.072907E+01    1.953634E+01
  9.075908E+01    1.953748E+01
  9.078908E+01    1.953862E+01
  9.081908E+01    1.953977E+01
  9.084908E+01    1.954091E+01
  9.087909E+01    1.954205E+01
  9.090909E+01    1.954320E+01
  9.093909E+01    1.954434E+01
  9.096910E+01    1.954549E+01
  9.099910E+01    1.954663E+01
  9.102910E+01    1.954778E+01
  9.105911E+01    1.954892E+01
  9.108911E+01    1.955007E+01
  9.111911E+01    1.955122E+01
  9.114911E+01    1.955236E+01
  9.117912E+01    1.955351E+01
  9.120912E+01    1.955466E+01
  9.123912E+01    1.955580E+01
  9.126913E+01    1.955695E+01
  9.129913E+01    1.955810E+01
  9.132913E+01    1.955925E+01
  9.135914E+01    1.956040E+01
  9.138914E+01    1.956155E+01
  9.141914E+01    1.956270E+01
  9.144914E+01    1.956385E+01
  9.147915E+01    1.956500E+01
  9.150915E+01    1.956615E+01
  9.153915E+01    1.956730E+01
  9.156916E+01    1.956845E+01
  9.159916E+01    1.956960E+01
  9.162916E+01    1.957075E+01
  9.165917E+01    1.957190E+01
  9.168917E+01    1.957305E+01
  9.171917E+01    1.957421E+01
  9.174917E+01    1.957536E+01
  9.177918E+01    1.957651E+01
  9.180918E+01    1.957767E+01
  9.183918E+01    1.957882E+01
  9.186919E+01    1.957997E+01
  9.189919E+01    1.958113E+01
  9.192919E+01    1.958228E+01
  9.195920E+01    1.958344E+01
  9.198920E+01    1.958459E+01
  9.201920E+01    1.958575E+01
  9.204920E+01    1.958691E+01
  9.207921E+01    1.958806E+01
  9.210921E+01    1.958922E+01
  9.213921E+01    1.959038E+01
  9.216922E+01    1.959153E+01
  9.219922E+01    1.959269E+01
  9.222922E+01    1.959385E+01
  9.225923E+01    1.959501E+01
  9.228923E+01    1.959616E+01
  9.231923E+01    1.959732E+01
  9.234923E+01    1.959848E+01
  9.237924E+01    1.959964E+01
  9.240924E+01    1.960080E+01
  9.243924E+01    1.960196E+01
  9.246925E+01    1.960312E+01
  9.249925E+01    1.960428E+01
  9.252925E+01    1.960544E+01
  9.255926E+01    1.960660E+01
  9.258926E+01    1.960777E+01
  9.261926E+01    1.960893E+01
  9.264926E+01    1.961009E+01
  9.267927E+01    1.961125E+01
  9.270927E+01    1.961242E+01
  9.273927E+01    1.961358E+01
  9.276928E+01    1.961474E+01
  9.279928E+01    1.961591E+01
  9.282928E+01    1.961707E+01
  9.285929E+01    1.961823E+01
  9.288929E+01    1.961940E+01
  9.291929E+01    1.962056E+01
  9.294929E+01    1.962173E+01
  9.297930E+01    1.962289E+01
  9.300930E+01    1.962406E+01
  9.303930E+01    1.962523E+01
  9.306931E+01    1.962639E+01
  9.309931E+01    1.962756E+01
  9.312931E+01    1.962873E+01
  9.315932E+01    1.962989E+01
  9.318932E+01    1.963106E+01
  9.321932E+01    1.963223E+01
  9.324932E+01    1.963340E+01
  9.327933E+01    1.963457E+01
  9.330933E+01    1.963574E+01
  9.333933E+01    1.963691E+01
  9.336934E+01    1.963808E+01
  9.339934E+01    1.963925E+01
  9.342934E+01    1.964042E+01
  9.345935E+01    1.964159E+01
  9.348935E+01    1.964276E+01
  9.351935E+01    1.964393E+01
  9.354935E+01    1.964510E+01
  9.357936E+01    1.964627E+01
  9.360936E+01    1.964744E+01
  9.363936E+01    1.964862E+01
  9.366937E+01    1.964979E+01
  9.369937E+01    1.965096E+01
  9.372937E+01    1.965214E+01
  9.375938E+01    1.965331E+01
  9.378938E+01    1.965448E+01
  9.381938E+01    1.965566E+01
  9.384938E+01    1.965683E+01
  9.387939E+01    1.965801E+01
  9.390939E+01    1.965918E+01
  9.393939E+01    1.966036E+01
  9.396940E+01    1.966154E+01
  9.399940E+01    1.966271E+01
  9.402940E+01    1.966389E+01
  9.405941E+01    1.966507E+01
  9.408941E+01    1.966624E+01
  9.411941E+01    1.966742E+01
  9.414941E+01    1.966860E+01
  9.417942E+01    1.966978E+01
  9.420942E+01    1.967095E+01
  9.423942E+01    1.967213E+01
  9.426943E+01    1.967331E+01
  9.429943E+01    1.967449E+01
  9.432943E+01    1.967567E+01
  9.435944E+01    1.967685E+01
  9.438944E+01    1.967803E+01
  9.441944E+01    1.967921E+01
  9.444944E+01    1.968039E+01
  9.447945E+01    1.968157E+01
  9.450945E+01    1.968276E+01
  9.453945E+01    1.968394E+01
  9.456946E+01    1.968512E+01
  9.459946E+01    1.968630E+01
  9.462946E+01    1.968748E+01
  9.465947E+01    1.968867E+01
  9.468947E+01    1.968985E+01
  9.471947E+01    1.969104E+01
  9.474947E+01    1.969222E+01
  9.477948E+01    1.969340E+01
  9.480948E+01    1.969459E+01
  9.483948E+01    1.969577E+01
  9.486949E+01    1.969696E+01
  9.489949E+01    1.969814E+01
  9.492949E+01    1.969933E+01
  9.495950E+01    1.970052E+01
  9.498950E+01    1.970170E+01
  9.501950E+01    1.970289E+01
  9.504950E+01    1.970408E+01
  9.507951E+01    1.970526E+01
  9.510951E+01    1.970645E+01
  9.513951E+01    1.970764E+01
  9.516952E+01    1.970883E+01
  9.519952E+01    1.971002E+01
  9.522952E+01    1.971121E+01
  9.525953E+01    1.971240E+01
  9.528953E+01    1.971359E+01
  9.531953E+01    1.971478E+01
  9.534953E+01    1.971597E+01
  9.537954E+01    1.971716E+01
  9.540954E+01    1.971835E+01
  9.543954E+01    1.971954E+01
  9.546955E+01    1.972073E+01
  9.549955E+01    1.972192E+01
  9.552955E+01    1.972311E+01
  9.555956E+01    1.972431E+01
  9.558956E+01    1.972550E+01
  9.561956E+01    1.972669E+01
  9.564956E+01    1.972789E+01
  9.567957E+01    1.972908E+01
  9.570957E+01    1.973027E+01
  9.573957E+01    1.973147E+01
  9.576958E+01    1.973266E+01
  9.579958E+01    1.973386E+01
  9.582958E+01    1.973505E+01
  9.585959E+01    1.973625E+01
  9.588959E+01    1.973744E+01
  9.591959E+01    1.973864E+01
  9.594959E+01    1.973984E+01
  9.597960E+01    1.974103E+01
  9.600960E+01    1.974223E+01
  9.603960E+01    1.974343E+01
  9.606961E+01    1.974463E+01
  9.609961E+01    1.974582E+01
  9.612961E+01    1.974702E+01
  9.615962E+01    1.974822E+01
  9.618962E+01    1.974942E+01
  9.621962E+01    1.975062E+01
  9.624962E+01    1.975182E+01
  9.627963E+01    1.975302E+01
  9.630963E+01    1.975422E+01
  9.633963E+01    1.975542E+01
  9.636964E+01    1.975662E+01
  9.639964E+01    1.975782E+01
  9.642964E+01    1.975902E+01
  9.645965E+01    1.976023E+01
  9.648965E+01    1.976143E+01
  9.651965E+01    1.976263E+01
  9.654965E+01    1.976383E+01
  9.657966E+01    1.976504E+01
  9.660966E+01    1.976624E+01
  9.663966E+01    1.976744E+01
  9.666967E+01    1.976865E+01
  9.669967E+01    1.976985E+01
  9.672967E+01    1.977106E+01
  9.675968E+01    1.977226E+01
  9.678968E+01    1.977347E+01
  9.681968E+01    1.977467E+01
  9.684968E+01    1.977588E+01
  9.687969E+01    1.977708E+01
  9.690969E+01    1.977829E+01
  9.693969E+01    1.977950E+01
  9.696970E+01    1.978071E+01
  9.699970E+01    1.978191E+01
  9.702970E+01    1.978312E+01
  9.705971E+01    1.978433E+01
  9.708971E+01    1.978554E+01
  9.711971E+01    1.978675E+01
  9.714971E+01    1.978795E+01
  9.717972E+01    1.978916E+01
  9.720972E+01    1.979037E+01
  9.723972E+01    1.979158E+01
  9.726973E+01    1.979279E+01
  9.729973E+01    1.979400E+01
  9.732973E+01    1.979522E+01
  9.735974E+01    1.979643E+01
  9.738974E+01    1.979764E+01
  9.741974E+01    1.979885E+01
  9.744974E+01    1.980006E+01
  9.747975E+01    1.980127E+01
  9.750975E+01    1.980249E+01
  9.753975E+01    1.980370E+01
  9.756976E+01    1.980491E+01
  9.759976E+01    1.980613E+01
  9.762976E+01    1.980734E+01
  9.765977E+01    1.980856E+01
  9.768977E+01    1.980977E+01
  9.771977E+01    1.981099E+01
  9.774977E+01    1.981220E+01
  9.777978E+01    1.981342E+01
  9.780978E+01    1.981463E+01
  9.783978E+01    1.981585E+01
  9.786979E+01    1.981707E+01
  9.789979E+01    1.981828E+01
  9.792979E+01    1.981950E+01
  9.795980E+01    1.982072E+01
  9.798980E+01    1.982193E+01
  9.801980E+01    1.982315E+01
  9.804980E+01    1.982437E+01
  9.807981E+01    1.982559E+01
  9.810981E+01    1.982681E+01
  9.813981E+01    1.982803E+01
  9.816982E+01    1.982925E+01
  9.819982E+01    1.983047E+01
  9.822982E+01    1.983169E+01
  9.825983E+01    1.983291E+01
  9.828983E+01    1.983413E+01
  9.831983E+01    1.983535E+01
  9.834983E+01    1.983657E+01
  9.837984E+01    1.983779E+01
  9.840984E+01    1.983902E+01
  9.843984E+01    1.984024E+01
  9.846985E+01    1.984146E+01
  9.849985E+01    1.984268E+01
  9.852985E+01    1.984391E+01
  9.855986E+01    1.984513E+01
  9.858986E+01    1.984636E+01
  9.861986E+01    1.984758E+01
  9.864986E+01    1.984880E+01
  9.867987E+01    1.985003E+01
  9.870987E+01    1.985125E+01
  9.873987E+01    1.985248E+01
  9.876988E+01    1.985371E+01
  9.879988E+01    1.985493E+01
  9.882988E+01    1.985616E+01
  9.885989E+01    1.985739E+01
  9.888989E+01    1.985861E+01
  9.891989E+01    1.985984E+01
  9.894989E+01    1.986107E+01
  9.897990E+01    1.986230E+01
  9.900990E+01    1.986352E+01
  9.903990E+01    1.986475E+01
  9.906991E+01    1.986598E+01
  9.909991E+01    1.986721E+01
  9.912991E+01    1.986844E+01
  9.915992E+01    1.986967E+01
  9.918992E+01    1.987090E+01
  9.921992E+01    1.987213E+01
  9.924992E+01    1.987336E+01
  9.927993E+01    1.987459E+01
  9.930993E+01    1.987583E+01
  9.933993E+01    1.987706E+01
  9.936994E+01    1.987829E+01
  9.939994E+01    1.987952E+01
  9.942994E+01    1.988075E+01
  9.945995E+01    1.988199E+01
  9.948995E+01    1.988322E+01
  9.951995E+01    1.988445E+01
  9.954995E+01    1.988569E+01
  9.957996E+01    1.988692E+01
  9.960996E+01    1.988816E+01
  9.963996E+01    1.988939E+01
  9.966997E+01    1.989063E+01
  9.969997E+01    1.989186E+01
  9.972997E+01    1.989310E+01
  9.975998E+01    1.989434E+01
  9.978998E+01    1.989557E+01
  9.981998E+01    1.989681E+01
  9.984998E+01    1.989805E+01
  9.987999E+01    1.989928E+01
  9.990999E+01    1.990052E+01
  9.993999E+01    1.990176E+01
  9.997000E+01    1.990300E+01
  1.000000E+02    1.990424E+01
  1.000300E+02    1.990548E+01
  1.000600E+02    1.990671E+01
  1.000900E+02    1.990795E+01
  1.001200E+02    1.990919E+01
  1.001500E+02    1.991043E+01
  1.001800E+02    1.991168E+01
  1.002100E+02    1.991292E+01
  1.002400E+02    1.991416E+01
  1.002700E+02    1.991540E+01
  1.003000E+02    1.991664E+01
  1.003300E+02    1.991788E+01
  1.003600E+02    1.991913E+01
  1.003900E+02    1.992037E+01
  1.004200E+02    1.992161E+01
  1.004500E+02    1.992285E+01
  1.004800E+02    1.992410E+01
  1.005101E+02    1.992534E+01
  1.005401E+02    1.992659E+01
  1.005701E+02    1.992783E+01
  1.006001E+02    1.992908E+01
  1.006301E+02    1.993032E+01
  1.006601E+02    1.993157E+01
  1.006901E+02    1.993281E+01
  1.007201E+02    1.993406E+01
  1.007501E+02    1.993531E+01
  1.007801E+02    1.993655E+01
  1.008101E+02    1.993780E+01
  1.008401E+02    1.993905E+01
  1.008701E+02    1.994029E+01
  1.009001E+02    1.994154E+01
  1.009301E+02    1.994279E+01
  1.009601E+02    1.994404E+01
  1.009901E+02    1.994529E+01
  1.010201E+02    1.994654E+01
  1.010501E+02    1.994779E+01
  1.010801E+02    1.994904E+01
  1.011101E+02    1.995029E+01
  1.011401E+02    1.995154E+01
  1.011701E+02    1.995279E+01
  1.012001E+02    1.995404E+01
  1.012301E+02    1.995529E+01
  1.012601E+02    1.995654E+01
  1.012901E+02    1.995780E+01
  1.013201E+02    1.995905E+01
  1.013501E+02    1.996030E+01
  1.013801E+02    1.996155E+01
  1.014101E+02    1.996281E+01
  1.014401E+02    1.996406E+01
  1.014701E+02    1.996532E+01
  1.015002E+02    1.996657E+01
  1.015302E+02    1.996782E+01
  1.015602E+02    1.996908E+01
  1.015902E+02    1.997033E+01
  1.016202E+02    1.997159E+01
  1.016502E+02    1.997285E+01
  1.016802E+02    1.997410E+01
  1.017102E+02    1.997536E+01
  1.017402E+02    1.997662E+01
  1.017702E+02    1.997787E+01
  1.018002E+02    1.997913E+01
  1.018302E+02    1.998039E+01
  1.018602E+02    1.998165E+01
  1.018902E+02    1.998290E+01
  1.019202E+02    1.998416E+01
  1.019502E+02    1.998542E+01
  1.019802E+02    1.998668E+01
  1.020102E+02    1.998794E+01
  1.020402E+02    1.998920E+01
  1.020702E+02    1.999046E+01
  1.021002E+02    1.999172E+01
  1.021302E+02    1.999298E+01
  1.021602E+02    1.999424E+01
  1.021902E+02    1.999550E+01
  1.022202E+02    1.999677E+01
  1.022502E+02    1.999803E+01
  1.022802E+02    1.999929E+01
  1.023102E+02    2.000055E+01
  1.023402E+02    2.000182E+01
  1.023702E+02    2.000308E+01
  1.024002E+02    2.000434E+01
  1.024302E+02    2.000561E+01
  1.024602E+02    2.000687E+01
  1.024902E+02    2.000814E+01
  1.025203E+02    2.000940E+01
  1.025503E+02    2.001067E+01
  1.025803E+02    2.001193E+01
  1.026103E+02    2.001320E+01
  1.026403E+02    2.001446E+01
  1.026703E+02    2.001573E+01
  1.027003E+02    2.001700E+01
  1.027303E+02    2.001826E+01
  1.027603E+02    2.001953E+01
  1.027903E+02    2.002080E+01
  1.028203E+02    2.002207E+01
  1.028503E+02    2.002334E+01
  1.028803E+02    2.002461E+01
  1.029103E+02    2.002587E+01
  1.029403E+02    2.002714E+01
  1.029703E+02    2.002841E+01
  1.030003E+02    2.002968E+01
  1.030303E+02    2.003095E+01
  1.030603E+02    2.003222E+01
  1.030903E+02    2.003349E+01
  1.031203E+02    2.003477E+01
  1.031503E+02    2.003604E+01
  1.031803E+02    2.003731E+01
  1.032103E+02    2.003858E+01
  1.032403E+02    2.003985E+01
  1.032703E+02    2.004113E+01
  1.033003E+02    2.004240E+01
  1.033303E+02    2.004367E+01
  1.033603E+02    2.004495E+01
  1.033903E+02    2.004622E+01
  1.034203E+02    2.004749E+01
  1.034503E+02    2.004877E+01
  1.034803E+02    2.005004E+01
  1.035104E+02    2.005132E+01
  1.035404E+02    2.005260E+01
  1.035704E+02    2.005387E+01
  1.036004E+02    2.005515E+01
  1.036304E+02    2.005642E+01
  1.036604E+02    2.005770E+01
  1.036904E+02    2.005898E+01
  1.037204E+02    2.006025E+01
  1.037504E+02    2.006153E+01
  1.037804E+02    2.006281E+01
  1.038104E+02    2.006409E+01
  1.038404E+02    2.006537E+01
  1.038704E+02    2.006665E+01
  1.039004E+02    2.006793E+01
  1.039304E+02    2.006921E+01
  1.039604E+02    2.007049E+01
  1.039904E+02    2.007177E+01
  1.040204E+02    2.007305E+01
  1.040504E+02    2.007433E+01
  1.040804E+02    2.007561E+01
  1.041104E+02    2.007689E+01
  1.041404E+02    2.007817E+01
  1.041704E+02    2.007945E+01
  1.042004E+02    2.008074E+01
  1.042304E+02    2.008202E+01
  1.042604E+02    2.008330E+01
  1.042904E+02    2.008459E+01
  1.043204E+02    2.008587E+01
  1.043504E+02    2.008715E+01
  1.043804E+02    2.008844E+01
  1.044104E+02    2.008972E+01
  1.044404E+02    2.009101E+01
  1.044704E+02    2.009229E+01
  1.045005E+02    2.009358E+01
  1.045305E+02    2.009486E+01
  1.045605E+02    2.009615E+01
  1.045905E+02    2.009744E+01
  1.046205E+02    2.009872E+01
  1.046505E+02    2.010001E+01
  1.046805E+02    2.010130E+01
  1.047105E+02    2.010258E+01
  1.047405E+02    2.010387E+01
  1.047705E+02    2.010516E+01
  1.048005E+02    2.010645E+01
  1.048305E+02    2.010774E+01
  1.048605E+02    2.010903E+01
  1.048905E+02    2.011032E+01
  1.049205E+02    2.011161E+01
  1.049505E+02    2.011290E+01
  1.049805E+02    2.011419E+01
  1.050105E+02    2.011548E+01
  1.050405E+02    2.011677E+01
  1.050705E+02    2.011806E+01
  1.051005E+02    2.011935E+01
  1.051305E+02    2.012065E+01
  1.051605E+02    2.012194E+01
  1.051905E+02    2.012323E+01
  1.052205E+02    2.012452E+01
  1.052505E+02    2.012582E+01
  1.052805E+02    2.012711E+01
  1.053105E+02    2.012840E+01
  1.053405E+02    2.012970E+01
  1.053705E+02    2.013099E+01
  1.054005E+02    2.013229E+01
  1.054305E+02    2.013358E+01
  1.054605E+02    2.013488E+01
  1.054905E+02    2.013618E+01
  1.055206E+02    2.013747E+01
  1.055506E+02    2.013877E+01
  1.055806E+02    2.014006E+01
  1.056106E+02    2.014136E+01
  1.056406E+02    2.014266E+01
  1.056706E+02    2.014396E+01
  1.057006E+02    2.014525E+01
  1.057306E+02    2.014655E+01
  1.057606E+02    2.014785E+01
  1.057906E+02    2.014915E+01
  1.058206E+02    2.015045E+01
  1.058506E+02    2.015175E+01
  1.058806E+02    2.015305E+01
  1.059106E+02    2.015435E+01
  1.059406E+02    2.015565E+01
  1.059706E+02    2.015695E+01
  1.060006E+02    2.015825E+01
  1.060306E+02    2.015955E+01
  1.060606E+02    2.016086E+01
  1.060906E+02    2.016216E+01
  1.061206E+02    2.016346E+01
  1.061506E+02    2.016476E+01
  1.061806E+02    2.016607E+01
  1.062106E+02    2.016737E+01
  1.062406E+02    2.016867E+01
  1.062706E+02    2.016998E+01
  1.063006E+02    2.017128E+01
  1.063306E+02    2.017259E+01
  1.063606E+02    2.017389E+01
  1.063906E+02    2.017520E+01
  1.064206E+02    2.017650E+01
  1.064506E+02    2.017781E+01
  1.064806E+02    2.017911E+01
  1.065107E+02    2.018042E+01
  1.065407E+02    2.018173E+01
  1.065707E+02    2.018303E+01
  1.066007E+02    2.018434E+01
  1.066307E+02    2.018565E+01
  1.066607E+02    2.018696E+01
  1.066907E+02    2.018826E+01
  1.067207E+02    2.018957E+01
  1.067507E+02    2.019088E+01
  1.067807E+02    2.019219E+01
  1.068107E+02    2.019350E+01
  1.068407E+02    2.019481E+01
  1.068707E+02    2.019612E+01
  1.069007E+02    2.019743E+01
  1.069307E+02    2.019874E+01
  1.069607E+02    2.020005E+01
  1.069907E+02    2.020137E+01
  1.070207E+02    2.020268E+01
  1.070507E+02    2.020399E+01
  1.070807E+02    2.020530E+01
  1.071107E+02    2.020661E+01
  1.071407E+02    2.020793E+01
  1.071707E+02    2.020924E+01
  1.072007E+02    2.021055E+01
  1.072307E+02    2.021187E+01
  1.072607E+02    2.021318E+01
  1.072907E+02    2.021450E+01
  1.073207E+02    2.021581E+01
  1.073507E+02    2.021713E+01
  1.073807E+02    2.021844E+01
  1.074107E+02    2.021976E+01
  1.074407E+02    2.022107E+01
  1.074707E+02    2.022239E+01
  1.075008E+02    2.022371E+01
  1.075308E+02    2.022502E+01
  1.075608E+02    2.022634E+01
  1.075908E+02    2.022766E+01
  1.076208E+02    2.022898E+01
  1.076508E+02    2.023030E+01
  1.076808E+02    2.023161E+01
  1.077108E+02    2.023293E+01
  1.077408E+02    2.023425E+01
  1.077708E+02    2.023557E+01
  1.078008E+02    2.023689E+01
  1.078308E+02    2.023821E+01
  1.078608E+02    2.023953E+01
  1.078908E+02    2.024085E+01
  1.079208E+02    2.024218E+01
  1.079508E+02    2.024350E+01
  1.079808E+02    2.024482E+01
  1.080108E+02    2.024614E+01
  1.080408E+02    2.024746E+01
  1.080708E+02    2.024879E+01
  1.081008E+02    2.025011E+01
  1.081308E+02    2.025143E+01
  1.081608E+02    2.025276E+01
  1.081908E+02    2.025408E+01
  1.082208E+02    2.025540E+01
  1.082508E+02    2.025673E+01
  1.082808E+02    2.025805E+01
  1.083108E+02    2.025938E+01
  1.083408E+02    2.026070E+01
  1.083708E+02    2.026203E+01
  1.084008E+02    2.026336E+01
  1.084308E+02    2.026468E+01
  1.084608E+02    2.026601E+01
  1.084908E+02    2.026734E+01
  1.085209E+02    2.026866E+01
  1.085509E+02    2.026999E+01
  1.085809E+02    2.027132E+01
  1.086109E+02    2.027265E+01
  1.086409E+02    2.027398E+01
  1.086709E+02    2.027531E+01
  1.087009E+02    2.027663E+01
  1.087309E+02    2.027796E+01
  1.087609E+02    2.027929E+01
  1.087909E+02    2.028062E+01
  1.088209E+02    2.028195E+01
  1.088509E+02    2.028329E+01
  1.088809E+02    2.028462E+01
  1.089109E+02    2.028595E+01
  1.089409E+02    2.028728E+01
  1.089709E+02    2.028861E+01
  1.090009E+02    2.028994E+01
  1.090309E+02    2.029128E+01
  1.090609E+02    2.029261E+01
  1.090909E+02    2.029394E+01
  1.091209E+02    2.029528E+01
  1.091509E+02    2.029661E+01
  1.091809E+02    2.029794E+01
  1.092109E+02    2.029928E+01
  1.092409E+02    2.030061E+01
  1.092709E+02    2.030195E+01
  1.093009E+02    2.030328E+01
  1.093309E+02    2.030462E+01
  1.093609E+02    2.030596E+01
  1.093909E+02    2.030729E+01
  1.094209E+02    2.030863E+01
  1.094509E+02    2.030997E+01
  1.094809E+02    2.031130E+01
  1.095110E+02    2.031264E+01
  1.095410E+02    2.031398E+01
  1.095710E+02    2.031532E+01
  1.096010E+02    2.031666E+01
  1.096310E+02    2.031800E+01
  1.096610E+02    2.031934E+01
  1.096910E+02    2.032067E+01
  1.097210E+02    2.032201E+01
  1.097510E+02    2.032335E+01
  1.097810E+02    2.032470E+01
  1.098110E+02    2.032604E+01
  1.098410E+02    2.032738E+01
  1.098710E+02    2.032872E+01
  1.099010E+02    2.033006E+01
  1.099310E+02    2.033140E+01
  1.099610E+02    2.033274E+01
  1.099910E+02    2.033409E+01
  1.100210E+02    2.033543E+01
  1.100510E+02    2.033677E+01
  1.100810E+02    2.033812E+01
  1.101110E+02    2.033946E+01
  1.101410E+02    2.034081E+01
  1.101710E+02    2.034215E+01
  1.102010E+02    2.034350E+01
  1.102310E+02    2.034484E+01
  1.102610E+02    2.034619E+01
  1.102910E+02    2.034753E+01
  1.103210E+02    2.034888E+01
  1.103510E+02    2.035022E+01
  1.103810E+02    2.035157E+01
  1.104110E+02    2.035292E+01
  1.104410E+02    2.035427E+01
  1.104710E+02    2.035561E+01
  1.105011E+02    2.035696E+01
  1.105311E+02    2.035831E+01
  1.105611E+02    2.035966E+01
  1.105911E+02    2.036101E+01
  1.106211E+02    2.036236E+01
  1.106511E+02    2.036371E+01
  1.106811E+02    2.036506E+01
  1.107111E+02    2.036641E+01
  1.107411E+02    2.036776E+01
  1.107711E+02    2.036911E+01
  1.108011E+02    2.037046E+01
  1.108311E+02    2.037181E+01
  1.108611E+02    2.037316E+01
  1.108911E+02    2.037451E+01
  1.109211E+02    2.037587E+01
  1.109511E+02    2.037722E+01
  1.109811E+02    2.037857E+01
  1.110111E+02    2.037992E+01
  1.110411E+02    2.038128E+01
  1.110711E+02    2.038263E+01
  1.111011E+02    2.038399E+01
  1.111311E+02    2.038534E+01
  1.111611E+02    2.038670E+01
  1.111911E+02    2.038805E+01
  1.112211E+02    2.038941E+01
  1.112511E+02    2.039076E+01
  1.112811E+02    2.039212E+01
  1.113111E+02    2.039347E+01
  1.113411E+02    2.039483E+01
  1.113711E+02    2.039619E+01
  1.114011E+02    2.039755E+01
  1.114311E+02    2.039890E+01
  1.114611E+02    2.040026E+01
  1.114911E+02    2.040162E+01
  1.115212E+02    2.040298E+01
  1.115512E+02    2.040434E+01
  1.115812E+02    2.040570E+01
  1.116112E+02    2.040706E+01
  1.116412E+02    2.040842E+01
  1.116712E+02    2.040978E+01
  1.117012E+02    2.041114E+01
  1.117312E+02    2.041250E+01
  1.117612E+02    2.041386E+01
  1.117912E+02    2.041522E+01
  1.118212E+02    2.041658E+01
  1.118512E+02    2.041794E+01
  1.118812E+02    2.041931E+01
  1.119112E+02    2.042067E+01
  1.119412E+02    2.042203E+01
  1.119712E+02    2.042339E+01
  1.120012E+02    2.042476E+01
  1.120312E+02    2.042612E+01
  1.120612E+02    2.042749E+01
  1.120912E+02    2.042885E+01
  1.121212E+02    2.043022E+01
  1.121512E+02    2.043158E+01
  1.121812E+02    2.043295E+01
  1.122112E+02    2.043431E+01
  1.122412E+02    2.043568E+01
  1.122712E+02    2.043704E+01
  1.123012E+02    2.043841E+01
  1.123312E+02    2.043978E+01
  1.123612E+02    2.044115E+01
  1.123912E+02    2.044251E+01
  1.124212E+02    2.044388E+01
  1.124512E+02    2.044525E+01
  1.124812E+02    2.044662E+01
  1.125113E+02    2.044799E+01
  1.125413E+02    2.044936E+01
  1.125713E+02    2.045073E+01
  1.126013E+02    2.045210E+01
  1.126313E+02    2.045347E+01
  1.126613E+02    2.045484E+01
  1.126913E+02    2.045621E+01
  1.127213E+02    2.045758E+01
  1.127513E+02    2.045895E+01
  1.127813E+02    2.046032E+01
  1.128113E+02    2.046169E+01
  1.128413E+02    2.046307E+01
  1.128713E+02    2.046444E+01
  1.129013E+02    2.046581E+01
  1.129313E+02    2.046719E+01
  1.129613E+02    2.046856E+01
  1.129913E+02    2.046993E+01
  1.130213E+02    2.047131E+01
  1.130513E+02    2.047268E+01
  1.130813E+02    2.047406E+01
  1.131113E+02    2.047543E+01
  1.131413E+02    2.047681E+01
  1.131713E+02    2.047818E+01
  1.132013E+02    2.047956E+01
  1.132313E+02    2.048094E+01
  1.132613E+02    2.048231E+01
  1.132913E+02    2.048369E+01
  1.133213E+02    2.048507E+01
  1.133513E+02    2.048644E+01
  1.133813E+02    2.048782E+01
  1.134113E+02    2.048920E+01
  1.134413E+02    2.049058E+01
  1.134713E+02    2.049196E+01
  1.135014E+02    2.049334E+01
  1.135314E+02    2.049472E+01
  1.135614E+02    2.049610E+01
  1.135914E+02    2.049748E+01
  1.136214E+02    2.049886E+01
  1.136514E+02    2.050024E+01
  1.136814E+02    2.050162E+01
  1.137114E+02    2.050300E+01
  1.137414E+02    2.050438E+01
  1.137714E+02    2.050576E+01
  1.138014E+02    2.050715E+01
  1.138314E+02    2.050853E+01
  1.138614E+02    2.050991E+01
  1.138914E+02    2.051129E+01
  1.139214E+02    2.051268E+01
  1.139514E+02    2.051406E+01
  1.139814E+02    2.051545E+01
  1.140114E+02    2.051683E+01
  1.140414E+02    2.051822E+01
  1.140714E+02    2.051960E+01
  1.141014E+02    2.052099E+01
  1.141314E+02    2.052237E+01
  1.141614E+02    2.052376E+01
  1.141914E+02    2.052514E+01
  1.142214E+02    2.052653E+01
  1.142514E+02    2.052792E+01
  1.142814E+02    2.052931E+01
  1.143114E+02    2.053069E+01
  1.143414E+02    2.053208E+01
  1.143714E+02    2.053347E+01
  1.144014E+02    2.053486E+01
  1.144314E+02    2.053625E+01
  1.144614E+02    2.053764E+01
  1.144914E+02    2.053903E+01
  1.145215E+02    2.054042E+01
  1.145515E+02    2.054181E+01
  1.145815E+02    2.054320E+01
  1.146115E+02    2.054459E+01
  1.146415E+02    2.054598E+01
  1.146715E+02    2.054737E+01
  1.147015E+02    2.054876E+01
  1.147315E+02    2.055015E+01
  1.147615E+02    2.055155E+01
  1.147915E+02    2.055294E+01
  1.148215E+02    2.055433E+01
  1.148515E+02    2.055572E+01
  1.148815E+02    2.055712E+01
  1.149115E+02    2.055851E+01
  1.149415E+02    2.055991E+01
  1.149715E+02    2.056130E+01
  1.150015E+02    2.056270E+01
  1.150315E+02    2.056409E+01
  1.150615E+02    2.056549E+01
  1.150915E+02    2.056688E+01
  1.151215E+02    2.056828E+01
  1.151515E+02    2.056967E+01
  1.151815E+02    2.057107E+01
  1.152115E+02    2.057247E+01
  1.152415E+02    2.057387E+01
  1.152715E+02    2.057526E+01
  1.153015E+02    2.057666E+01
  1.153315E+02    2.057806E+01
  1.153615E+02    2.057946E+01
  1.153915E+02    2.058086E+01
  1.154215E+02    2.058226E+01
  1.154515E+02    2.058366E+01
  1.154815E+02    2.058506E+01
  1.155116E+02    2.058646E+01
  1.155416E+02    2.058786E+01
  1.155716E+02    2.058926E+01
  1.156016E+02    2.059066E+01
  1.156316E+02    2.059206E+01
  1.156616E+02    2.059346E+01
  1.156916E+02    2.059486E+01
  1.157216E+02    2.059627E+01
  1.157516E+02    2.059767E+01
  1.157816E+02    2.059907E+01
  1.158116E+02    2.060047E+01
  1.158416E+02    2.060188E+01
  1.158716E+02    2.060328E+01
  1.159016E+02    2.060469E+01
  1.159316E+02    2.060609E+01
  1.159616E+02    2.060750E+01
  1.159916E+02    2.060890E+01
  1.160216E+02    2.061031E+01
  1.160516E+02    2.061171E+01
  1.160816E+02    2.061312E+01
  1.161116E+02    2.061452E+01
  1.161416E+02    2.061593E+01
  1.161716E+02    2.061734E+01
  1.162016E+02    2.061874E+01
  1.162316E+02    2.062015E+01
  1.162616E+02    2.062156E+01
  1.162916E+02    2.062297E+01
  1.163216E+02    2.062438E+01
  1.163516E+02    2.062579E+01
  1.163816E+02    2.062720E+01
  1.164116E+02    2.062860E+01
  1.164416E+02    2.063001E+01
  1.164716E+02    2.063142E+01
  1.165017E+02    2.063284E+01
  1.165317E+02    2.063425E+01
  1.165617E+02    2.063566E+01
  1.165917E+02    2.063707E+01
  1.166217E+02    2.063848E+01
  1.166517E+02    2.063989E+01
  1.166817E+02    2.064130E+01
  1.167117E+02    2.064272E+01
  1.167417E+02    2.064413E+01
  1.167717E+02    2.064554E+01
  1.168017E+02    2.064696E+01
  1.168317E+02    2.064837E+01
  1.168617E+02    2.064978E+01
  1.168917E+02    2.065120E+01
  1.169217E+02    2.065261E+01
  1.169517E+02    2.065403E+01
  1.169817E+02    2.065544E+01
  1.170117E+02    2.065686E+01
  1.170417E+02    2.065828E+01
  1.170717E+02    2.065969E+01
  1.171017E+02    2.066111E+01
  1.171317E+02    2.066253E+01
  1.171617E+02    2.066394E+01
  1.171917E+02    2.066536E+01
  1.172217E+02    2.066678E+01
  1.172517E+02    2.066820E+01
  1.172817E+02    2.066962E+01
  1.173117E+02    2.067104E+01
  1.173417E+02    2.067245E+01
  1.173717E+02    2.067387E+01
  1.174017E+02    2.067529E+01
  1.174317E+02    2.067671E+01
  1.174617E+02    2.067813E+01
  1.174917E+02    2.067956E+01
  1.175218E+02    2.068098E+01
  1.175518E+02    2.068240E+01
  1.175818E+02    2.068382E+01
  1.176118E+02    2.068524E+01
  1.176418E+02    2.068666E+01
  1.176718E+02    2.068809E+01
  1.177018E+02    2.068951E+01
  1.177318E+02    2.069093E+01
  1.177618E+02    2.069236E+01
  1.177918E+02    2.069378E+01
  1.178218E+02    2.069520E+01
  1.178518E+02    2.069663E+01
  1.178818E+02    2.069805E+01
  1.179118E+02    2.069948E+01
  1.179418E+02    2.070090E+01
  1.179718E+02    2.070233E+01
  1.180018E+02    2.070376E+01
  1.180318E+02    2.070518E+01
  1.180618E+02    2.070661E+01
  1.180918E+02    2.070804E+01
  1.181218E+02    2.070946E+01
  1.181518E+02    2.071089E+01
  1.181818E+02    2.071232E+01
  1.182118E+02    2.071375E+01
  1.182418E+02    2.071518E+01
  1.182718E+02    2.071660E+01
  1.183018E+02    2.071803E+01
  1.183318E+02    2.071946E+01
  1.183618E+02    2.072089E+01
  1.183918E+02    2.072232E+01
  1.184218E+02    2.072375E+01
  1.184518E+02    2.072518E+01
  1.184818E+02    2.072661E+01
  1.185119E+02    2.072805E+01
  1.185419E+02    2.072948E+01
  1.185719E+02    2.073091E+01
  1.186019E+02    2.073234E+01
  1.186319E+02    2.073377E+01
  1.186619E+02    2.073521E+01
  1.186919E+02    2.073664E+01
  1.187219E+02    2.073807E+01
  1.187519E+02    2.073951E+01
  1.187819E+02    2.074094E+01
  1.188119E+02    2.074238E+01
  1.188419E+02    2.074381E+01
  1.188719E+02    2.074525E+01
  1.189019E+02    2.074668E+01
  1.189319E+02    2.074812E+01
  1.189619E+02    2.074955E+01
  1.189919E+02    2.075099E+01
  1.190219E+02    2.075243E+01
  1.190519E+02    2.075386E+01
  1.190819E+02    2.075530E+01
  1.191119E+02    2.075674E+01
  1.191419E+02    2.075818E+01
  1.191719E+02    2.075962E+01
  1.192019E+02    2.076105E+01
  1.192319E+02    2.076249E+01
  1.192619E+02    2.076393E+01
  1.192919E+02    2.076537E+01
  1.193219E+02    2.076681E+01
  1.193519E+02    2.076825E+01
  1.193819E+02    2.076969E+01
  1.194119E+02    2.077113E+01
  1.194419E+02    2.077257E+01
  1.194719E+02    2.077401E+01
  1.195020E+02    2.077546E+01
  1.195320E+02    2.077690E+01
  1.195620E+02    2.077834E+01
  1.195920E+02    2.077978E+01
  1.196220E+02    2.078123E+01
  1.196520E+02    2.078267E+01
  1.196820E+02    2.078411E+01
  1.197120E+02    2.078556E+01
  1.197420E+02    2.078700E+01
  1.197720E+02    2.078845E+01
  1.198020E+02    2.078989E+01
  1.198320E+02    2.079134E+01
  1.198620E+02    2.079278E+01
  1.198920E+02    2.079423E+01
  1.199220E+02    2.079567E+01
  1.199520E+02    2.079712E+01
  1.199820E+02    2.079857E+01
  1.200120E+02    2.080001E+01
  1.200420E+02    2.080146E+01
  1.200720E+02    2.080291E+01
  1.201020E+02    2.080436E+01
  1.201320E+02    2.080580E+01
  1.201620E+02    2.080725E+01
  1.201920E+02    2.080870E+01
  1.202220E+02    2.081015E+01
  1.202520E+02    2.081160E+01
  1.202820E+02    2.081305E+01
  1.203120E+02    2.081450E+01
  1.203420E+02    2.081595E+01
  1.203720E+02    2.081740E+01
  1.204020E+02    2.081885E+01
  1.204320E+02    2.082030E+01
  1.204620E+02    2.082175E+01
  1.204920E+02    2.082321E+01
  1.205221E+02    2.082466E+01
  1.205521E+02    2.082611E+01
  1.205821E+02    2.082756E+01
  1.206121E+02    2.082902E+01
  1.206421E+02    2.083047E+01
  1.206721E+02    2.083193E+01
  1.207021E+02    2.083338E+01
  1.207321E+02    2.083483E+01
  1.207621E+02    2.083629E+01
  1.207921E+02    2.083774E+01
  1.208221E+02    2.083920E+01
  1.208521E+02    2.084065E+01
  1.208821E+02    2.084211E+01
  1.209121E+02    2.084357E+01
  1.209421E+02    2.084502E+01
  1.209721E+02    2.084648E+01
  1.210021E+02    2.084794E+01
  1.210321E+02    2.084940E+01
  1.210621E+02    2.085085E+01
  1.210921E+02    2.085231E+01
  1.211221E+02    2.085377E+01
  1.211521E+02    2.085523E+01
  1.211821E+02    2.085669E+01
  1.212121E+02    2.085815E+01
  1.212421E+02    2.085961E+01
  1.212721E+02    2.086107E+01
  1.213021E+02    2.086253E+01
  1.213321E+02    2.086399E+01
  1.213621E+02    2.086545E+01
  1.213921E+02    2.086691E+01
  1.214221E+02    2.086837E+01
  1.214521E+02    2.086983E+01
  1.214821E+02    2.087130E+01
  1.215122E+02    2.087276E+01
  1.215422E+02    2.087422E+01
  1.215722E+02    2.087569E+01
  1.216022E+02    2.087715E+01
  1.216322E+02    2.087861E+01
  1.216622E+02    2.088008E+01
  1.216922E+02    2.088154E+01
  1.217222E+02    2.088301E+01
  1.217522E+02    2.088447E+01
  1.217822E+02    2.088594E+01
  1.218122E+02    2.088740E+01
  1.218422E+02    2.088887E+01
  1.218722E+02    2.089034E+01
  1.219022E+02    2.089180E+01
  1.219322E+02    2.089327E+01
  1.219622E+02    2.089474E+01
  1.219922E+02    2.089620E+01
  1.220222E+02    2.089767E+01
  1.220522E+02    2.089914E+01
  1.220822E+02    2.090061E+01
  1.221122E+02    2.090208E+01
  1.221422E+02    2.090355E+01
  1.221722E+02    2.090502E+01
  1.222022E+02    2.090649E+01
  1.222322E+02    2.090796E+01
  1.222622E+02    2.090943E+01
  1.222922E+02    2.091090E+01
  1.223222E+02    2.091237E+01
  1.223522E+02    2.091384E+01
  1.223822E+02    2.091531E+01
  1.224122E+02    2.091678E+01
  1.224422E+02    2.091825E+01
  1.224722E+02    2.091973E+01
  1.225023E+02    2.092120E+01
  1.225323E+02    2.092267E+01
  1.225623E+02    2.092415E+01
  1.225923E+02    2.092562E+01
  1.226223E+02    2.092709E+01
  1.226523E+02    2.092857E+01
  1.226823E+02    2.093004E+01
  1.227123E+02    2.093152E+01
  1.227423E+02    2.093299E+01
  1.227723E+02    2.093447E+01
  1.228023E+02    2.093595E+01
  1.228323E+02    2.093742E+01
  1.228623E+02    2.093890E+01
  1.228923E+02    2.094038E+01
  1.229223E+02    2.094185E+01
  1.229523E+02    2.094333E+01
  1.229823E+02    2.094481E+01
  1.230123E+02    2.094629E+01
  1.230423E+02    2.094777E+01
  1.230723E+02    2.094924E+01
  1.231023E+02    2.095072E+01
  1.231323E+02    2.095220E+01
  1.231623E+02    2.095368E+01
  1.231923E+02    2.095516E+01
  1.232223E+02    2.095664E+01
  1.232523E+02    2.095812E+01
  1.232823E+02    2.095961E+01
  1.233123E+02    2.096109E+01
  1.233423E+02    2.096257E+01
  1.233723E+02    2.096405E+01
  1.234023E+02    2.096553E+01
  1.234323E+02    2.096701E+01
  1.234623E+02    2.096850E+01
  1.234923E+02    2.096998E+01
  1.235224E+02    2.097146E+01
  1.235524E+02    2.097295E+01
  1.235824E+02    2.097443E+01
  1.236124E+02    2.097592E+01
  1.236424E+02    2.097740E+01
  1.236724E+02    2.097889E+01
  1.237024E+02    2.098037E+01
  1.237324E+02    2.098186E+01
  1.237624E+02    2.098334E+01
  1.237924E+02    2.098483E+01
  1.238224E+02    2.098632E+01
  1.238524E+02    2.098780E+01
  1.238824E+02    2.098929E+01
  1.239124E+02    2.099078E+01
  1.239424E+02    2.099227E+01
  1.239724E+02    2.099375E+01
  1.240024E+02    2.099524E+01
  1.240324E+02    2.099673E+01
  1.240624E+02    2.099822E+01
  1.240924E+02    2.099971E+01
  1.241224E+02    2.100120E+01
  1.241524E+02    2.100269E+01
  1.241824E+02    2.100418E+01
  1.242124E+02    2.100567E+01
  1.242424E+02    2.100716E+01
  1.242724E+02    2.100865E+01
  1.243024E+02    2.101015E+01
  1.243324E+02    2.101164E+01
  1.243624E+02    2.101313E+01
  1.243924E+02    2.101462E+01
  1.244224E+02    2.101612E+01
  1.244524E+02    2.101761E+01
  1.244824E+02    2.101910E+01
  1.245125E+02    2.102060E+01
  1.245425E+02    2.102209E+01
  1.245725E+02    2.102358E+01
  1.246025E+02    2.102508E+01
  1.246325E+02    2.102657E+01
  1.246625E+02    2.102807E+01
  1.246925E+02    2.102957E+01
  1.247225E+02    2.103106E+01
  1.247525E+02    2.103256E+01
  1.247825E+02    2.103405E+01
  1.248125E+02    2.103555E+01
  1.248425E+02    2.103705E+01
  1.248725E+02    2.103855E+01
  1.249025E+02    2.104004E+01
  1.249325E+02    2.104154E+01
  1.249625E+02    2.104304E+01
  1.249925E+02    2.104454E+01
  1.250225E+02    2.104604E+01
  1.250525E+02    2.104754E+01
  1.250825E+02    2.104904E+01
  1.251125E+02    2.105054E+01
  1.251425E+02    2.105204E+01
  1.251725E+02    2.105354E+01
  1.252025E+02    2.105504E+01
  1.252325E+02    2.105654E+01
  1.252625E+02    2.105804E+01
  1.252925E+02    2.105954E+01
  1.253225E+02    2.106105E+01
  1.253525E+02    2.106255E+01
  1.253825E+02    2.106405E+01
  1.254125E+02    2.106556E+01
  1.254425E+02    2.106706E+01
  1.254725E+02    2.106856E+01
  1.255026E+02    2.107007E+01
  1.255326E+02    2.107157E+01
  1.255626E+02    2.107308E+01
  1.255926E+02    2.107458E+01
  1.256226E+02    2.107609E+01
  1.256526E+02    2.107759E+01
  1.256826E+02    2.107910E+01
  1.257126E+02    2.108060E+01
  1.257426E+02    2.108211E+01
  1.257726E+02    2.108362E+01
  1.258026E+02    2.108513E+01
  1.258326E+02    2.108663E+01
  1.258626E+02    2.108814E+01
  1.258926E+02    2.108965E+01
  1.259226E+02    2.109116E+01
  1.259526E+02    2.109267E+01
  1.259826E+02    2.109418E+01
  1.260126E+02    2.109568E+01
  1.260426E+02    2.109719E+01
  1.260726E+02    2.109870E+01
  1.261026E+02    2.110021E+01
  1.261326E+02    2.110173E+01
  1.261626E+02    2.110324E+01
  1.261926E+02    2.110475E+01
  1.262226E+02    2.110626E+01
  1.262526E+02    2.110777E+01
  1.262826E+02    2.110928E+01
  1.263126E+02    2.111080E+01
  1.263426E+02    2.111231E+01
  1.263726E+02    2.111382E+01
  1.264026E+02    2.111534E+01
  1.264326E+02    2.111685E+01
  1.264626E+02    2.111836E+01
  1.264926E+02    2.111988E+01
  1.265227E+02    2.112139E+01
  1.265527E+02    2.112291E+01
  1.265827E+02    2.112442E+01
  1.266127E+02    2.112594E+01
  1.266427E+02    2.112745E+01
  1.266727E+02    2.112897E+01
  1.267027E+02    2.113049E+01
  1.267327E+02    2.113200E+01
  1.267627E+02    2.113352E+01
  1.267927E+02    2.113504E+01
  1.268227E+02    2.113656E+01
  1.268527E+02    2.113808E+01
  1.268827E+02    2.113959E+01
  1.269127E+02    2.114111E+01
  1.269427E+02    2.114263E+01
  1.269727E+02    2.114415E+01
  1.270027E+02    2.114567E+01
  1.270327E+02    2.114719E+01
  1.270627E+02    2.114871E+01
  1.270927E+02    2.115023E+01
  1.271227E+02    2.115175E+01
  1.271527E+02    2.115327E+01
  1.271827E+02    2.115480E+01
  1.272127E+02    2.115632E+01
  1.272427E+02    2.115784E+01
  1.272727E+02    2.115936E+01
  1.273027E+02    2.116089E+01
  1.273327E+02    2.116241E+01
  1.273627E+02    2.116393E+01
  1.273927E+02    2.116546E+01
  1.274227E+02    2.116698E+01
  1.274527E+02    2.116850E+01
  1.274827E+02    2.117003E+01
  1.275128E+02    2.117155E+01
  1.275428E+02    2.117308E+01
  1.275728E+02    2.117461E+01
  1.276028E+02    2.117613E+01
  1.276328E+02    2.117766E+01
  1.276628E+02    2.117918E+01
  1.276928E+02    2.118071E+01
  1.277228E+02    2.118224E+01
  1.277528E+02    2.118377E+01
  1.277828E+02    2.118529E+01
  1.278128E+02    2.118682E+01
  1.278428E+02    2.118835E+01
  1.278728E+02    2.118988E+01
  1.279028E+02    2.119141E+01
  1.279328E+02    2.119294E+01
  1.279628E+02    2.119447E+01
  1.279928E+02    2.119600E+01
  1.280228E+02    2.119753E+01
  1.280528E+02    2.119906E+01
  1.280828E+02    2.120059E+01
  1.281128E+02    2.120212E+01
  1.281428E+02    2.120365E+01
  1.281728E+02    2.120518E+01
  1.282028E+02    2.120672E+01
  1.282328E+02    2.120825E+01
  1.282628E+02    2.120978E+01
  1.282928E+02    2.121132E+01
  1.283228E+02    2.121285E+01
  1.283528E+02    2.121438E+01
  1.283828E+02    2.121592E+01
  1.284128E+02    2.121745E+01
  1.284428E+02    2.121899E+01
  1.284728E+02    2.122052E+01
  1.285029E+02    2.122206E+01
  1.285329E+02    2.122359E+01
  1.285629E+02    2.122513E+01
  1.285929E+02    2.122666E+01
  1.286229E+02    2.122820E+01
  1.286529E+02    2.122974E+01
  1.286829E+02    2.123127E+01
  1.287129E+02    2.123281E+01
  1.287429E+02    2.123435E+01
  1.287729E+02    2.123589E+01
  1.288029E+02    2.123743E+01
  1.288329E+02    2.123897E+01
  1.288629E+02    2.124050E+01
  1.288929E+02    2.124204E+01
  1.289229E+02    2.124358E+01
  1.289529E+02    2.124512E+01
  1.289829E+02    2.124666E+01
  1.290129E+02    2.124820E+01
  1.290429E+02    2.124975E+01
  1.290729E+02    2.125129E+01
  1.291029E+02    2.125283E+01
  1.291329E+02    2.125437E+01
  1.291629E+02    2.125591E+01
  1.291929E+02    2.125746E+01
  1.292229E+02    2.125900E+01
  1.292529E+02    2.126054E+01
  1.292829E+02    2.126208E+01
  1.293129E+02    2.126363E+01
  1.293429E+02    2.126517E+01
  1.293729E+02    2.126672E+01
  1.294029E+02    2.126826E+01
  1.294329E+02    2.126981E+01
  1.294629E+02    2.127135E+01
  1.294929E+02    2.127290E+01
  1.295230E+02    2.127444E+01
  1.295530E+02    2.127599E+01
  1.295830E+02    2.127754E+01
  1.296130E+02    2.127908E+01
  1.296430E+02    2.128063E+01
  1.296730E+02    2.128218E+01
  1.297030E+02    2.128373E+01
  1.297330E+02    2.128527E+01
  1.297630E+02    2.128682E+01
  1.297930E+02    2.128837E+01
  1.298230E+02    2.128992E+01
  1.298530E+02    2.129147E+01
  1.298830E+02    2.129302E+01
  1.299130E+02    2.129457E+01
  1.299430E+02    2.129612E+01
  1.299730E+02    2.129767E+01
  1.300030E+02    2.129922E+01
  1.300330E+02    2.130077E+01
  1.300630E+02    2.130232E+01
  1.300930E+02    2.130388E+01
  1.301230E+02    2.130543E+01
  1.301530E+02    2.130698E+01
  1.301830E+02    2.130853E+01
  1.302130E+02    2.131009E+01
  1.302430E+02    2.131164E+01
  1.302730E+02    2.131319E+01
  1.303030E+02    2.131475E+01
  1.303330E+02    2.131630E+01
  1.303630E+02    2.131786E+01
  1.303930E+02    2.131941E+01
  1.304230E+02    2.132097E+01
  1.304530E+02    2.132252E+01
  1.304830E+02    2.132408E+01
  1.305131E+02    2.132564E+01
  1.305431E+02    2.132719E+01
  1.305731E+02    2.132875E+01
  1.306031E+02    2.133031E+01
  1.306331E+02    2.133186E+01
  1.306631E+02    2.133342E+01
  1.306931E+02    2.133498E+01
  1.307231E+02    2.133654E+01
  1.307531E+02    2.133810E+01
  1.307831E+02    2.133966E+01
  1.308131E+02    2.134122E+01
  1.308431E+02    2.134278E+01
  1.308731E+02    2.134434E+01
  1.309031E+02    2.134590E+01
  1.309331E+02    2.134746E+01
  1.309631E+02    2.134902E+01
  1.309931E+02    2.135058E+01
  1.310231E+02    2.135214E+01
  1.310531E+02    2.135370E+01
  1.310831E+02    2.135526E+01
  1.311131E+02    2.135683E+01
  1.311431E+02    2.135839E+01
  1.311731E+02    2.135995E+01
  1.312031E+02    2.136152E+01
  1.312331E+02    2.136308E+01
  1.312631E+02    2.136464E+01
  1.312931E+02    2.136621E+01
  1.313231E+02    2.136777E+01
  1.313531E+02    2.136934E+01
  1.313831E+02    2.137090E+01
  1.314131E+02    2.137247E+01
  1.314431E+02    2.137403E+01
  1.314731E+02    2.137560E+01
  1.315032E+02    2.137717E+01
  1.315332E+02    2.137873E+01
  1.315632E+02    2.138030E+01
  1.315932E+02    2.138187E+01
  1.316232E+02    2.138344E+01
  1.316532E+02    2.138501E+01
  1.316832E+02    2.138657E+01
  1.317132E+02    2.138814E+01
  1.317432E+02    2.138971E+01
  1.317732E+02    2.139128E+01
  1.318032E+02    2.139285E+01
  1.318332E+02    2.139442E+01
  1.318632E+02    2.139599E+01
  1.318932E+02    2.139756E+01
  1.319232E+02    2.139913E+01
  1.319532E+02    2.140070E+01
  1.319832E+02    2.140228E+01
  1.320132E+02    2.140385E+01
  1.320432E+02    2.140542E+01
  1.320732E+02    2.140699E+01
  1.321032E+02    2.140856E+01
  1.321332E+02    2.141014E+01
  1.321632E+02    2.141171E+01
  1.321932E+02    2.141329E+01
  1.322232E+02    2.141486E+01
  1.322532E+02    2.141643E+01
  1.322832E+02    2.141801E+01
  1.323132E+02    2.141958E+01
  1.323432E+02    2.142116E+01
  1.323732E+02    2.142273E+01
  1.324032E+02    2.142431E+01
  1.324332E+02    2.142589E+01
  1.324632E+02    2.142746E+01
  1.324932E+02    2.142904E+01
  1.325233E+02    2.143062E+01
  1.325533E+02    2.143219E+01
  1.325833E+02    2.143377E+01
  1.326133E+02    2.143535E+01
  1.326433E+02    2.143693E+01
  1.326733E+02    2.143851E+01
  1.327033E+02    2.144009E+01
  1.327333E+02    2.144167E+01
  1.327633E+02    2.144325E+01
  1.327933E+02    2.144483E+01
  1.328233E+02    2.144641E+01
  1.328533E+02    2.144799E+01
  1.328833E+02    2.144957E+01
  1.329133E+02    2.145115E+01
  1.329433E+02    2.145273E+01
  1.329733E+02    2.145431E+01
  1.330033E+02    2.145589E+01
  1.330333E+02    2.145748E+01
  1.330633E+02    2.145906E+01
  1.330933E+02    2.146064E+01
  1.331233E+02    2.146223E+01
  1.331533E+02    2.146381E+01
  1.331833E+02    2.146539E+01
  1.332133E+02    2.146698E+01
  1.332433E+02    2.146856E+01
  1.332733E+02    2.147015E+01
  1.333033E+02    2.147173E+01
  1.333333E+02    2.147332E+01
  1.333633E+02    2.147491E+01
  1.333933E+02    2.147649E+01
  1.334233E+02    2.147808E+01
  1.334533E+02    2.147967E+01
  1.334833E+02    2.148125E+01
  1.335134E+02    2.148284E+01
  1.335434E+02    2.148443E+01
  1.335734E+02    2.148602E+01
  1.336034E+02    2.148760E+01
  1.336334E+02    2.148919E+01
  1.336634E+02    2.149078E+01
  1.336934E+02    2.149237E+01
  1.337234E+02    2.149396E+01
  1.337534E+02    2.149555E+01
  1.337834E+02    2.149714E+01
  1.338134E+02    2.149873E+01
  1.338434E+02    2.150032E+01
  1.338734E+02    2.150191E+01
  1.339034E+02    2.150351E+01
  1.339334E+02    2.150510E+01
  1.339634E+02    2.150669E+01
  1.339934E+02    2.150828E+01
  1.340234E+02    2.150987E+01
  1.340534E+02    2.151147E+01
  1.340834E+02    2.151306E+01
  1.341134E+02    2.151466E+01
  1.341434E+02    2.151625E+01
  1.341734E+02    2.151784E+01
  1.342034E+02    2.151944E+01
  1.342334E+02    2.152103E+01
  1.342634E+02    2.152263E+01
  1.342934E+02    2.152422E+01
  1.343234E+02    2.152582E+01
  1.343534E+02    2.152742E+01
  1.343834E+02    2.152901E+01
  1.344134E+02    2.153061E+01
  1.344434E+02    2.153221E+01
  1.344734E+02    2.153380E+01
  1.345035E+02    2.153540E+01
  1.345335E+02    2.153700E+01
  1.345635E+02    2.153860E+01
  1.345935E+02    2.154020E+01
  1.346235E+02    2.154180E+01
  1.346535E+02    2.154340E+01
  1.346835E+02    2.154500E+01
  1.347135E+02    2.154660E+01
  1.347435E+02    2.154820E+01
  1.347735E+02    2.154980E+01
  1.348035E+02    2.155140E+01
  1.348335E+02    2.155300E+01
  1.348635E+02    2.155460E+01
  1.348935E+02    2.155620E+01
  1.349235E+02    2.155780E+01
  1.349535E+02    2.155941E+01
  1.349835E+02    2.156101E+01
  1.350135E+02    2.156261E+01
  1.350435E+02    2.156422E+01
  1.350735E+02    2.156582E+01
  1.351035E+02    2.156742E+01
  1.351335E+02    2.156903E+01
  1.351635E+02    2.157063E+01
  1.351935E+02    2.157224E+01
  1.352235E+02    2.157384E+01
  1.352535E+02    2.157545E+01
  1.352835E+02    2.157705E+01
  1.353135E+02    2.157866E+01
  1.353435E+02    2.158027E+01
  1.353735E+02    2.158187E+01
  1.354035E+02    2.158348E+01
  1.354335E+02    2.158509E+01
  1.354635E+02    2.158670E+01
  1.354935E+02    2.158830E+01
  1.355236E+02    2.158991E+01
  1.355536E+02    2.159152E+01
  1.355836E+02    2.159313E+01
  1.356136E+02    2.159474E+01
  1.356436E+02    2.159635E+01
  1.356736E+02    2.159796E+01
  1.357036E+02    2.159957E+01
  1.357336E+02    2.160118E+01
  1.357636E+02    2.160279E+01
  1.357936E+02    2.160440E+01
  1.358236E+02    2.160601E+01
  1.358536E+02    2.160763E+01
  1.358836E+02    2.160924E+01
  1.359136E+02    2.161085E+01
  1.359436E+02    2.161246E+01
  1.359736E+02    2.161408E+01
  1.360036E+02    2.161569E+01
  1.360336E+02    2.161730E+01
  1.360636E+02    2.161892E+01
  1.360936E+02    2.162053E+01
  1.361236E+02    2.162215E+01
  1.361536E+02    2.162376E+01
  1.361836E+02    2.162538E+01
  1.362136E+02    2.162699E+01
  1.362436E+02    2.162861E+01
  1.362736E+02    2.163023E+01
  1.363036E+02    2.163184E+01
  1.363336E+02    2.163346E+01
  1.363636E+02    2.163508E+01
  1.363936E+02    2.163669E+01
  1.364236E+02    2.163831E+01
  1.364536E+02    2.163993E+01
  1.364836E+02    2.164155E+01
  1.365137E+02    2.164317E+01
  1.365437E+02    2.164479E+01
  1.365737E+02    2.164640E+01
  1.366037E+02    2.164802E+01
  1.366337E+02    2.164964E+01
  1.366637E+02    2.165126E+01
  1.366937E+02    2.165289E+01
  1.367237E+02    2.165451E+01
  1.367537E+02    2.165613E+01
  1.367837E+02    2.165775E+01
  1.368137E+02    2.165937E+01
  1.368437E+02    2.166099E+01
  1.368737E+02    2.166262E+01
  1.369037E+02    2.166424E+01
  1.369337E+02    2.166586E+01
  1.369637E+02    2.166748E+01
  1.369937E+02    2.166911E+01
  1.370237E+02    2.167073E+01
  1.370537E+02    2.167236E+01
  1.370837E+02    2.167398E+01
  1.371137E+02    2.167561E+01
  1.371437E+02    2.167723E+01
  1.371737E+02    2.167886E+01
  1.372037E+02    2.168048E+01
  1.372337E+02    2.168211E+01
  1.372637E+02    2.168374E+01
  1.372937E+02    2.168536E+01
  1.373237E+02    2.168699E+01
  1.373537E+02    2.168862E+01
  1.373837E+02    2.169025E+01
  1.374137E+02    2.169187E+01
  1.374437E+02    2.169350E+01
  1.374737E+02    2.169513E+01
  1.375038E+02    2.169676E+01
  1.375338E+02    2.169839E+01
  1.375638E+02    2.170002E+01
  1.375938E+02    2.170165E+01
  1.376238E+02    2.170328E+01
  1.376538E+02    2.170491E+01
  1.376838E+02    2.170654E+01
  1.377138E+02    2.170817E+01
  1.377438E+02    2.170980E+01
  1.377738E+02    2.171143E+01
  1.378038E+02    2.171307E+01
  1.378338E+02    2.171470E+01
  1.378638E+02    2.171633E+01
  1.378938E+02    2.171797E+01
  1.379238E+02    2.171960E+01
  1.379538E+02    2.172123E+01
  1.379838E+02    2.172287E+01
  1.380138E+02    2.172450E+01
  1.380438E+02    2.172614E+01
  1.380738E+02    2.172777E+01
  1.381038E+02    2.172941E+01
  1.381338E+02    2.173104E+01
  1.381638E+02    2.173268E+01
  1.381938E+02    2.173431E+01
  1.382238E+02    2.173595E+01
  1.382538E+02    2.173759E+01
  1.382838E+02    2.173922E+01
  1.383138E+02    2.174086E+01
  1.383438E+02    2.174250E+01
  1.383738E+02    2.174414E+01
  1.384038E+02    2.174578E+01
  1.384338E+02    2.174741E+01
  1.384638E+02    2.174905E+01
  1.384938E+02    2.175069E+01
  1.385239E+02    2.175233E+01
  1.385539E+02    2.175397E+01
  1.385839E+02    2.175561E+01
  1.386139E+02    2.175725E+01
  1.386439E+02    2.175889E+01
  1.386739E+02    2.176054E+01
  1.387039E+02    2.176218E+01
  1.387339E+02    2.176382E+01
  1.387639E+02    2.176546E+01
  1.387939E+02    2.176710E+01
  1.388239E+02    2.176875E+01
  1.388539E+02    2.177039E+01
  1.388839E+02    2.177203E+01
  1.389139E+02    2.177368E+01
  1.389439E+02    2.177532E+01
  1.389739E+02    2.177696E+01
  1.390039E+02    2.177861E+01
  1.390339E+02    2.178025E+01
  1.390639E+02    2.178190E+01
  1.390939E+02    2.178354E+01
  1.391239E+02    2.178519E+01
  1.391539E+02    2.178684E+01
  1.391839E+02    2.178848E+01
  1.392139E+02    2.179013E+01
  1.392439E+02    2.179178E+01
  1.392739E+02    2.179342E+01
  1.393039E+02    2.179507E+01
  1.393339E+02    2.179672E+01
  1.393639E+02    2.179837E+01
  1.393939E+02    2.180002E+01
  1.394239E+02    2.180167E+01
  1.394539E+02    2.180332E+01
  1.394839E+02    2.180497E+01
  1.395140E+02    2.180662E+01
  1.395440E+02    2.180827E+01
  1.395740E+02    2.180992E+01
  1.396040E+02    2.181157E+01
  1.396340E+02    2.181322E+01
  1.396640E+02    2.181487E+01
  1.396940E+02    2.181652E+01
  1.397240E+02    2.181817E+01
  1.397540E+02    2.181983E+01
  1.397840E+02    2.182148E+01
  1.398140E+02    2.182313E+01
  1.398440E+02    2.182479E+01
  1.398740E+02    2.182644E+01
  1.399040E+02    2.182809E+01
  1.399340E+02    2.182975E+01
  1.399640E+02    2.183140E+01
  1.399940E+02    2.183306E+01
  1.400240E+02    2.183471E+01
  1.400540E+02    2.183637E+01
  1.400840E+02    2.183802E+01
  1.401140E+02    2.183968E+01
  1.401440E+02    2.184134E+01
  1.401740E+02    2.184299E+01
  1.402040E+02    2.184465E+01
  1.402340E+02    2.184631E+01
  1.402640E+02    2.184797E+01
  1.402940E+02    2.184962E+01
  1.403240E+02    2.185128E+01
  1.403540E+02    2.185294E+01
  1.403840E+02    2.185460E+01
  1.404140E+02    2.185626E+01
  1.404440E+02    2.185792E+01
  1.404740E+02    2.185958E+01
  1.405041E+02    2.186124E+01
  1.405341E+02    2.186290E+01
  1.405641E+02    2.186456E+01
  1.405941E+02    2.186622E+01
  1.406241E+02    2.186788E+01
  1.406541E+02    2.186955E+01
  1.406841E+02    2.187121E+01
  1.407141E+02    2.187287E+01
  1.407441E+02    2.187453E+01
  1.407741E+02    2.187620E+01
  1.408041E+02    2.187786E+01
  1.408341E+02    2.187952E+01
  1.408641E+02    2.188119E+01
  1.408941E+02    2.188285E+01
  1.409241E+02    2.188452E+01
  1.409541E+02    2.188618E+01
  1.409841E+02    2.188785E+01
  1.410141E+02    2.188951E+01
  1.410441E+02    2.189118E+01
  1.410741E+02    2.189284E+01
  1.411041E+02    2.189451E+01
  1.411341E+02    2.189618E+01
  1.411641E+02    2.189784E+01
  1.411941E+02    2.189951E+01
  1.412241E+02    2.190118E+01
  1.412541E+02    2.190285E+01
  1.412841E+02    2.190452E+01
  1.413141E+02    2.190618E+01
  1.413441E+02    2.190785E+01
  1.413741E+02    2.190952E+01
  1.414041E+02    2.191119E+01
  1.414341E+02    2.191286E+01
  1.414641E+02    2.191453E+01
  1.414941E+02    2.191620E+01
  1.415242E+02    2.191787E+01
  1.415542E+02    2.191955E+01
  1.415842E+02    2.192122E+01
  1.416142E+02    2.192289E+01
  1.416442E+02    2.192456E+01
  1.416742E+02    2.192623E+01
  1.417042E+02    2.192791E+01
  1.417342E+02    2.192958E+01
  1.417642E+02    2.193125E+01
  1.417942E+02    2.193293E+01
  1.418242E+02    2.193460E+01
  1.418542E+02    2.193627E+01
  1.418842E+02    2.193795E+01
  1.419142E+02    2.193962E+01
  1.419442E+02    2.194130E+01
  1.419742E+02    2.194297E+01
  1.420042E+02    2.194465E+01
  1.420342E+02    2.194633E+01
  1.420642E+02    2.194800E+01
  1.420942E+02    2.194968E+01
  1.421242E+02    2.195136E+01
  1.421542E+02    2.195303E+01
  1.421842E+02    2.195471E+01
  1.422142E+02    2.195639E+01
  1.422442E+02    2.195807E+01
  1.422742E+02    2.195975E+01
  1.423042E+02    2.196143E+01
  1.423342E+02    2.196311E+01
  1.423642E+02    2.196479E+01
  1.423942E+02    2.196646E+01
  1.424242E+02    2.196815E+01
  1.424542E+02    2.196983E+01
  1.424842E+02    2.197151E+01
  1.425143E+02    2.197319E+01
  1.425443E+02    2.197487E+01
  1.425743E+02    2.197655E+01
  1.426043E+02    2.197823E+01
  1.426343E+02    2.197992E+01
  1.426643E+02    2.198160E+01
  1.426943E+02    2.198328E+01
  1.427243E+02    2.198496E+01
  1.427543E+02    2.198665E+01
  1.427843E+02    2.198833E+01
  1.428143E+02    2.199002E+01
  1.428443E+02    2.199170E+01
  1.428743E+02    2.199339E+01
  1.429043E+02    2.199507E+01
  1.429343E+02    2.199676E+01
  1.429643E+02    2.199844E+01
  1.429943E+02    2.200013E+01
  1.430243E+02    2.200182E+01
  1.430543E+02    2.200350E+01
  1.430843E+02    2.200519E+01
  1.431143E+02    2.200688E+01
  1.431443E+02    2.200856E+01
  1.431743E+02    2.201025E+01
  1.432043E+02    2.201194E+01
  1.432343E+02    2.201363E+01
  1.432643E+02    2.201532E+01
  1.432943E+02    2.201701E+01
  1.433243E+02    2.201870E+01
  1.433543E+02    2.202039E+01
  1.433843E+02    2.202208E+01
  1.434143E+02    2.202377E+01
  1.434443E+02    2.202546E+01
  1.434743E+02    2.202715E+01
  1.435044E+02    2.202884E+01
  1.435344E+02    2.203053E+01
  1.435644E+02    2.203223E+01
  1.435944E+02    2.203392E+01
  1.436244E+02    2.203561E+01
  1.436544E+02    2.203730E+01
  1.436844E+02    2.203900E+01
  1.437144E+02    2.204069E+01
  1.437444E+02    2.204238E+01
  1.437744E+02    2.204408E+01
  1.438044E+02    2.204577E+01
  1.438344E+02    2.204747E+01
  1.438644E+02    2.204916E+01
  1.438944E+02    2.205086E+01
  1.439244E+02    2.205256E+01
  1.439544E+02    2.205425E+01
  1.439844E+02    2.205595E+01
  1.440144E+02    2.205764E+01
  1.440444E+02    2.205934E+01
  1.440744E+02    2.206104E+01
  1.441044E+02    2.206274E+01
  1.441344E+02    2.206444E+01
  1.441644E+02    2.206613E+01
  1.441944E+02    2.206783E+01
  1.442244E+02    2.206953E+01
  1.442544E+02    2.207123E+01
  1.442844E+02    2.207293E+01
  1.443144E+02    2.207463E+01
  1.443444E+02    2.207633E+01
  1.443744E+02    2.207803E+01
  1.444044E+02    2.207973E+01
  1.444344E+02    2.208143E+01
  1.444644E+02    2.208313E+01
  1.444944E+02    2.208484E+01
  1.445245E+02    2.208654E+01
  1.445545E+02    2.208824E+01
  1.445845E+02    2.208994E+01
  1.446145E+02    2.209165E+01
  1.446445E+02    2.209335E+01
  1.446745E+02    2.209505E+01
  1.447045E+02    2.209676E+01
  1.447345E+02    2.209846E+01
  1.447645E+02    2.210017E+01
  1.447945E+02    2.210187E+01
  1.448245E+02    2.210358E+01
  1.448545E+02    2.210528E+01
  1.448845E+02    2.210699E+01
  1.449145E+02    2.210869E+01
  1.449445E+02    2.211040E+01
  1.449745E+02    2.211211E+01
  1.450045E+02    2.211381E+01
  1.450345E+02    2.211552E+01
  1.450645E+02    2.211723E+01
  1.450945E+02    2.211894E+01
  1.451245E+02    2.212065E+01
  1.451545E+02    2.212235E+01
  1.451845E+02    2.212406E+01
  1.452145E+02    2.212577E+01
  1.452445E+02    2.212748E+01
  1.452745E+02    2.212919E+01
  1.453045E+02    2.213090E+01
  1.453345E+02    2.213261E+01
  1.453645E+02    2.213432E+01
  1.453945E+02    2.213603E+01
  1.454245E+02    2.213775E+01
  1.454545E+02    2.213946E+01
  1.454845E+02    2.214117E+01
  1.455146E+02    2.214288E+01
  1.455446E+02    2.214460E+01
  1.455746E+02    2.214631E+01
  1.456046E+02    2.214802E+01
  1.456346E+02    2.214974E+01
  1.456646E+02    2.215145E+01
  1.456946E+02    2.215316E+01
  1.457246E+02    2.215488E+01
  1.457546E+02    2.215659E+01
  1.457846E+02    2.215831E+01
  1.458146E+02    2.216002E+01
  1.458446E+02    2.216174E+01
  1.458746E+02    2.216346E+01
  1.459046E+02    2.216517E+01
  1.459346E+02    2.216689E+01
  1.459646E+02    2.216861E+01
  1.459946E+02    2.217032E+01
  1.460246E+02    2.217204E+01
  1.460546E+02    2.217376E+01
  1.460846E+02    2.217548E+01
  1.461146E+02    2.217720E+01
  1.461446E+02    2.217892E+01
  1.461746E+02    2.218063E+01
  1.462046E+02    2.218235E+01
  1.462346E+02    2.218407E+01
  1.462646E+02    2.218579E+01
  1.462946E+02    2.218751E+01
  1.463246E+02    2.218924E+01
  1.463546E+02    2.219096E+01
  1.463846E+02    2.219268E+01
  1.464146E+02    2.219440E+01
  1.464446E+02    2.219612E+01
  1.464746E+02    2.219784E+01
  1.465047E+02    2.219957E+01
  1.465347E+02    2.220129E+01
  1.465647E+02    2.220301E+01
  1.465947E+02    2.220474E+01
  1.466247E+02    2.220646E+01
  1.466547E+02    2.220819E+01
  1.466847E+02    2.220991E+01
  1.467147E+02    2.221163E+01
  1.467447E+02    2.221336E+01
  1.467747E+02    2.221509E+01
  1.468047E+02    2.221681E+01
  1.468347E+02    2.221854E+01
  1.468647E+02    2.222026E+01
  1.468947E+02    2.222199E+01
  1.469247E+02    2.222372E+01
  1.469547E+02    2.222545E+01
  1.469847E+02    2.222717E+01
  1.470147E+02    2.222890E+01
  1.470447E+02    2.223063E+01
  1.470747E+02    2.223236E+01
  1.471047E+02    2.223409E+01
  1.471347E+02    2.223582E+01
  1.471647E+02    2.223755E+01
  1.471947E+02    2.223928E+01
  1.472247E+02    2.224101E+01
  1.472547E+02    2.224274E+01
  1.472847E+02    2.224447E+01
  1.473147E+02    2.224620E+01
  1.473447E+02    2.224793E+01
  1.473747E+02    2.224966E+01
  1.474047E+02    2.225139E+01
  1.474347E+02    2.225313E+01
  1.474647E+02    2.225486E+01
  1.474947E+02    2.225659E+01
  1.475248E+02    2.225832E+01
  1.475548E+02    2.226006E+01
  1.475848E+02    2.226179E+01
  1.476148E+02    2.226353E+01
  1.476448E+02    2.226526E+01
  1.476748E+02    2.226700E+01
  1.477048E+02    2.226873E+01
  1.477348E+02    2.227047E+01
  1.477648E+02    2.227220E+01
  1.477948E+02    2.227394E+01
  1.478248E+02    2.227568E+01
  1.478548E+02    2.227741E+01
  1.478848E+02    2.227915E+01
  1.479148E+02    2.228089E+01
  1.479448E+02    2.228262E+01
  1.479748E+02    2.228436E+01
  1.480048E+02    2.228610E+01
  1.480348E+02    2.228784E+01
  1.480648E+02    2.228958E+01
  1.480948E+02    2.229132E+01
  1.481248E+02    2.229306E+01
  1.481548E+02    2.229480E+01
  1.481848E+02    2.229654E+01
  1.482148E+02    2.229828E+01
  1.482448E+02    2.230002E+01
  1.482748E+02    2.230176E+01
  1.483048E+02    2.230350E+01
  1.483348E+02    2.230524E+01
  1.483648E+02    2.230698E+01
  1.483948E+02    2.230873E+01
  1.484248E+02    2.231047E+01
  1.484548E+02    2.231221E+01
  1.484848E+02    2.231396E+01
  1.485149E+02    2.231570E+01
  1.485449E+02    2.231744E+01
  1.485749E+02    2.231919E+01
  1.486049E+02    2.232093E+01
  1.486349E+02    2.232268E+01
  1.486649E+02    2.232442E+01
  1.486949E+02    2.232617E+01
  1.487249E+02    2.232791E+01
  1.487549E+02    2.232966E+01
  1.487849E+02    2.233141E+01
  1.488149E+02    2.233315E+01
  1.488449E+02    2.233490E+01
  1.488749E+02    2.233665E+01
  1.489049E+02    2.233840E+01
  1.489349E+02    2.234014E+01
  1.489649E+02    2.234189E+01
  1.489949E+02    2.234364E+01
  1.490249E+02    2.234539E+01
  1.490549E+02    2.234714E+01
  1.490849E+02    2.234889E+01
  1.491149E+02    2.235064E+01
  1.491449E+02    2.235239E+01
  1.491749E+02    2.235414E+01
  1.492049E+02    2.235589E+01
  1.492349E+02    2.235764E+01
  1.492649E+02    2.235939E+01
  1.492949E+02    2.236114E+01
  1.493249E+02    2.236290E+01
  1.493549E+02    2.236465E+01
  1.493849E+02    2.236640E+01
  1.494149E+02    2.236815E+01
  1.494449E+02    2.236991E+01
  1.494749E+02    2.237166E+01
  1.495050E+02    2.237341E+01
  1.495350E+02    2.237517E+01
  1.495650E+02    2.237692E+01
  1.495950E+02    2.237868E+01
  1.496250E+02    2.238043E+01
  1.496550E+02    2.238219E+01
  1.496850E+02    2.238395E+01
  1.497150E+02    2.238570E+01
  1.497450E+02    2.238746E+01
  1.497750E+02    2.238921E+01
  1.498050E+02    2.239097E+01
  1.498350E+02    2.239273E+01
  1.498650E+02    2.239449E+01
  1.498950E+02    2.239624E+01
  1.499250E+02    2.239800E+01
  1.499550E+02    2.239976E+01
  1.499850E+02    2.240152E+01
  1.500150E+02    2.240328E+01
  1.500450E+02    2.240504E+01
  1.500750E+02    2.240680E+01
  1.501050E+02    2.240856E+01
  1.501350E+02    2.241032E+01
  1.501650E+02    2.241208E+01
  1.501950E+02    2.241384E+01
  1.502250E+02    2.241560E+01
  1.502550E+02    2.241736E+01
  1.502850E+02    2.241913E+01
  1.503150E+02    2.242089E+01
  1.503450E+02    2.242265E+01
  1.503750E+02    2.242441E+01
  1.504050E+02    2.242618E+01
  1.504350E+02    2.242794E+01
  1.504650E+02    2.242971E+01
  1.504950E+02    2.243147E+01
  1.505251E+02    2.243323E+01
  1.505551E+02    2.243500E+01
  1.505851E+02    2.243676E+01
  1.506151E+02    2.243853E+01
  1.506451E+02    2.244030E+01
  1.506751E+02    2.244206E+01
  1.507051E+02    2.244383E+01
  1.507351E+02    2.244560E+01
  1.507651E+02    2.244736E+01
  1.507951E+02    2.244913E+01
  1.508251E+02    2.245090E+01
  1.508551E+02    2.245267E+01
  1.508851E+02    2.245443E+01
  1.509151E+02    2.245620E+01
  1.509451E+02    2.245797E+01
  1.509751E+02    2.245974E+01
  1.510051E+02    2.246151E+01
  1.510351E+02    2.246328E+01
  1.510651E+02    2.246505E+01
  1.510951E+02    2.246682E+01
  1.511251E+02    2.246859E+01
  1.511551E+02    2.247036E+01
  1.511851E+02    2.247213E+01
  1.512151E+02    2.247391E+01
  1.512451E+02    2.247568E+01
  1.512751E+02    2.247745E+01
  1.513051E+02    2.247922E+01
  1.513351E+02    2.248100E+01
  1.513651E+02    2.248277E+01
  1.513951E+02    2.248454E+01
  1.514251E+02    2.248632E+01
  1.514551E+02    2.248809E+01
  1.514851E+02    2.248987E+01
  1.515152E+02    2.249164E+01
  1.515452E+02    2.249342E+01
  1.515752E+02    2.249519E+01
  1.516052E+02    2.249697E+01
  1.516352E+02    2.249874E+01
  1.516652E+02    2.250052E+01
  1.516952E+02    2.250230E+01
  1.517252E+02    2.250407E+01
  1.517552E+02    2.250585E+01
  1.517852E+02    2.250763E+01
  1.518152E+02    2.250941E+01
  1.518452E+02    2.251118E+01
  1.518752E+02    2.251296E+01
  1.519052E+02    2.251474E+01
  1.519352E+02    2.251652E+01
  1.519652E+02    2.251830E+01
  1.519952E+02    2.252008E+01
  1.520252E+02    2.252186E+01
  1.520552E+02    2.252364E+01
  1.520852E+02    2.252542E+01
  1.521152E+02    2.252720E+01
  1.521452E+02    2.252898E+01
  1.521752E+02    2.253077E+01
  1.522052E+02    2.253255E+01
  1.522352E+02    2.253433E+01
  1.522652E+02    2.253611E+01
  1.522952E+02    2.253790E+01
  1.523252E+02    2.253968E+01
  1.523552E+02    2.254146E+01
  1.523852E+02    2.254325E+01
  1.524152E+02    2.254503E+01
  1.524452E+02    2.254682E+01
  1.524752E+02    2.254860E+01
  1.525053E+02    2.255039E+01
  1.525353E+02    2.255217E+01
  1.525653E+02    2.255396E+01
  1.525953E+02    2.255574E+01
  1.526253E+02    2.255753E+01
  1.526553E+02    2.255932E+01
  1.526853E+02    2.256110E+01
  1.527153E+02    2.256289E+01
  1.527453E+02    2.256468E+01
  1.527753E+02    2.256647E+01
  1.528053E+02    2.256825E+01
  1.528353E+02    2.257004E+01
  1.528653E+02    2.257183E+01
  1.528953E+02    2.257362E+01
  1.529253E+02    2.257541E+01
  1.529553E+02    2.257720E+01
  1.529853E+02    2.257899E+01
  1.530153E+02    2.258078E+01
  1.530453E+02    2.258257E+01
  1.530753E+02    2.258436E+01
  1.531053E+02    2.258615E+01
  1.531353E+02    2.258795E+01
  1.531653E+02    2.258974E+01
  1.531953E+02    2.259153E+01
  1.532253E+02    2.259332E+01
  1.532553E+02    2.259512E+01
  1.532853E+02    2.259691E+01
  1.533153E+02    2.259870E+01
  1.533453E+02    2.260050E+01
  1.533753E+02    2.260229E+01
  1.534053E+02    2.260409E+01
  1.534353E+02    2.260588E+01
  1.534653E+02    2.260768E+01
  1.534953E+02    2.260947E+01
  1.535254E+02    2.261127E+01
  1.535554E+02    2.261306E+01
  1.535854E+02    2.261486E+01
  1.536154E+02    2.261666E+01
  1.536454E+02    2.261845E+01
  1.536754E+02    2.262025E+01
  1.537054E+02    2.262205E+01
  1.537354E+02    2.262385E+01
  1.537654E+02    2.262564E+01
  1.537954E+02    2.262744E+01
  1.538254E+02    2.262924E+01
  1.538554E+02    2.263104E+01
  1.538854E+02    2.263284E+01
  1.539154E+02    2.263464E+01
  1.539454E+02    2.263644E+01
  1.539754E+02    2.263824E+01
  1.540054E+02    2.264004E+01
  1.540354E+02    2.264184E+01
  1.540654E+02    2.264364E+01
  1.540954E+02    2.264545E+01
  1.541254E+02    2.264725E+01
  1.541554E+02    2.264905E+01
  1.541854E+02    2.265085E+01
  1.542154E+02    2.265266E+01
  1.542454E+02    2.265446E+01
  1.542754E+02    2.265626E+01
  1.543054E+02    2.265807E+01
  1.543354E+02    2.265987E+01
  1.543654E+02    2.266168E+01
  1.543954E+02    2.266348E+01
  1.544254E+02    2.266529E+01
  1.544554E+02    2.266709E+01
  1.544854E+02    2.266890E+01
  1.545155E+02    2.267070E+01
  1.545455E+02    2.267251E+01
  1.545755E+02    2.267432E+01
  1.546055E+02    2.267612E+01
  1.546355E+02    2.267793E+01
  1.546655E+02    2.267974E+01
  1.546955E+02    2.268155E+01
  1.547255E+02    2.268335E+01
  1.547555E+02    2.268516E+01
  1.547855E+02    2.268697E+01
  1.548155E+02    2.268878E+01
  1.548455E+02    2.269059E+01
  1.548755E+02    2.269240E+01
  1.549055E+02    2.269421E+01
  1.549355E+02    2.269602E+01
  1.549655E+02    2.269783E+01
  1.549955E+02    2.269964E+01
  1.550255E+02    2.270145E+01
  1.550555E+02    2.270327E+01
  1.550855E+02    2.270508E+01
  1.551155E+02    2.270689E+01
  1.551455E+02    2.270870E+01
  1.551755E+02    2.271052E+01
  1.552055E+02    2.271233E+01
  1.552355E+02    2.271414E+01
  1.552655E+02    2.271596E+01
  1.552955E+02    2.271777E+01
  1.553255E+02    2.271959E+01
  1.553555E+02    2.272140E+01
  1.553855E+02    2.272322E+01
  1.554155E+02    2.272503E+01
  1.554455E+02    2.272685E+01
  1.554755E+02    2.272866E+01
  1.555056E+02    2.273048E+01
  1.555356E+02    2.273230E+01
  1.555656E+02    2.273411E+01
  1.555956E+02    2.273593E+01
  1.556256E+02    2.273775E+01
  1.556556E+02    2.273957E+01
  1.556856E+02    2.274138E+01
  1.557156E+02    2.274320E+01
  1.557456E+02    2.274502E+01
  1.557756E+02    2.274684E+01
  1.558056E+02    2.274866E+01
  1.558356E+02    2.275048E+01
  1.558656E+02    2.275230E+01
  1.558956E+02    2.275412E+01
  1.559256E+02    2.275594E+01
  1.559556E+02    2.275776E+01
  1.559856E+02    2.275958E+01
  1.560156E+02    2.276141E+01
  1.560456E+02    2.276323E+01
  1.560756E+02    2.276505E+01
  1.561056E+02    2.276687E+01
  1.561356E+02    2.276869E+01
  1.561656E+02    2.277052E+01
  1.561956E+02    2.277234E+01
  1.562256E+02    2.277417E+01
  1.562556E+02    2.277599E+01
  1.562856E+02    2.277781E+01
  1.563156E+02    2.277964E+01
  1.563456E+02    2.278146E+01
  1.563756E+02    2.278329E+01
  1.564056E+02    2.278512E+01
  1.564356E+02    2.278694E+01
  1.564656E+02    2.278877E+01
  1.564956E+02    2.279059E+01
  1.565257E+02    2.279242E+01
  1.565557E+02    2.279425E+01
  1.565857E+02    2.279608E+01
  1.566157E+02    2.279790E+01
  1.566457E+02    2.279973E+01
  1.566757E+02    2.280156E+01
  1.567057E+02    2.280339E+01
  1.567357E+02    2.280522E+01
  1.567657E+02    2.280705E+01
  1.567957E+02    2.280888E+01
  1.568257E+02    2.281071E+01
  1.568557E+02    2.281254E+01
  1.568857E+02    2.281437E+01
  1.569157E+02    2.281620E+01
  1.569457E+02    2.281803E+01
  1.569757E+02    2.281986E+01
  1.570057E+02    2.282170E+01
  1.570357E+02    2.282353E+01
  1.570657E+02    2.282536E+01
  1.570957E+02    2.282719E+01
  1.571257E+02    2.282903E+01
  1.571557E+02    2.283086E+01
  1.571857E+02    2.283269E+01
  1.572157E+02    2.283453E+01
  1.572457E+02    2.283636E+01
  1.572757E+02    2.283820E+01
  1.573057E+02    2.284003E+01
  1.573357E+02    2.284187E+01
  1.573657E+02    2.284370E+01
  1.573957E+02    2.284554E+01
  1.574257E+02    2.284738E+01
  1.574557E+02    2.284921E+01
  1.574857E+02    2.285105E+01
  1.575158E+02    2.285289E+01
  1.575458E+02    2.285473E+01
  1.575758E+02    2.285656E+01
  1.576058E+02    2.285840E+01
  1.576358E+02    2.286024E+01
  1.576658E+02    2.286208E+01
  1.576958E+02    2.286392E+01
  1.577258E+02    2.286576E+01
  1.577558E+02    2.286760E+01
  1.577858E+02    2.286944E+01
  1.578158E+02    2.287128E+01
  1.578458E+02    2.287312E+01
  1.578758E+02    2.287496E+01
  1.579058E+02    2.287680E+01
  1.579358E+02    2.287864E+01
  1.579658E+02    2.288049E+01
  1.579958E+02    2.288233E+01
  1.580258E+02    2.288417E+01
  1.580558E+02    2.288601E+01
  1.580858E+02    2.288786E+01
  1.581158E+02    2.288970E+01
  1.581458E+02    2.289154E+01
  1.581758E+02    2.289339E+01
  1.582058E+02    2.289523E+01
  1.582358E+02    2.289708E+01
  1.582658E+02    2.289892E+01
  1.582958E+02    2.290077E+01
  1.583258E+02    2.290261E+01
  1.583558E+02    2.290446E+01
  1.583858E+02    2.290631E+01
  1.584158E+02    2.290815E+01
  1.584458E+02    2.291000E+01
  1.584758E+02    2.291185E+01
  1.585059E+02    2.291369E+01
  1.585359E+02    2.291554E+01
  1.585659E+02    2.291739E+01
  1.585959E+02    2.291924E+01
  1.586259E+02    2.292109E+01
  1.586559E+02    2.292294E+01
  1.586859E+02    2.292479E+01
  1.587159E+02    2.292664E+01
  1.587459E+02    2.292849E+01
  1.587759E+02    2.293034E+01
  1.588059E+02    2.293219E+01
  1.588359E+02    2.293404E+01
  1.588659E+02    2.293589E+01
  1.588959E+02    2.293774E+01
  1.589259E+02    2.293959E+01
  1.589559E+02    2.294145E+01
  1.589859E+02    2.294330E+01
  1.590159E+02    2.294515E+01
  1.590459E+02    2.294701E+01
  1.590759E+02    2.294886E+01
  1.591059E+02    2.295071E+01
  1.591359E+02    2.295257E+01
  1.591659E+02    2.295442E+01
  1.591959E+02    2.295628E+01
  1.592259E+02    2.295813E+01
  1.592559E+02    2.295999E+01
  1.592859E+02    2.296184E+01
  1.593159E+02    2.296370E+01
  1.593459E+02    2.296555E+01
  1.593759E+02    2.296741E+01
  1.594059E+02    2.296927E+01
  1.594359E+02    2.297113E+01
  1.594659E+02    2.297298E+01
  1.594959E+02    2.297484E+01
  1.595260E+02    2.297670E+01
  1.595560E+02    2.297856E+01
  1.595860E+02    2.298042E+01
  1.596160E+02    2.298228E+01
  1.596460E+02    2.298414E+01
  1.596760E+02    2.298600E+01
  1.597060E+02    2.298786E+01
  1.597360E+02    2.298972E+01
  1.597660E+02    2.299158E+01
  1.597960E+02    2.299344E+01
  1.598260E+02    2.299530E+01
  1.598560E+02    2.299716E+01
  1.598860E+02    2.299902E+01
  1.599160E+02    2.300088E+01
  1.599460E+02    2.300275E+01
  1.599760E+02    2.300461E+01
  1.600060E+02    2.300647E+01
  1.600360E+02    2.300834E+01
  1.600660E+02    2.301020E+01
  1.600960E+02    2.301207E+01
  1.601260E+02    2.301393E+01
  1.601560E+02    2.301579E+01
  1.601860E+02    2.301766E+01
  1.602160E+02    2.301952E+01
  1.602460E+02    2.302139E+01
  1.602760E+02    2.302326E+01
  1.603060E+02    2.302512E+01
  1.603360E+02    2.302699E+01
  1.603660E+02    2.302886E+01
  1.603960E+02    2.303072E+01
  1.604260E+02    2.303259E+01
  1.604560E+02    2.303446E+01
  1.604860E+02    2.303633E+01
  1.605161E+02    2.303820E+01
  1.605461E+02    2.304007E+01
  1.605761E+02    2.304193E+01
  1.606061E+02    2.304380E+01
  1.606361E+02    2.304567E+01
  1.606661E+02    2.304754E+01
  1.606961E+02    2.304941E+01
  1.607261E+02    2.305128E+01
  1.607561E+02    2.305316E+01
  1.607861E+02    2.305503E+01
  1.608161E+02    2.305690E+01
  1.608461E+02    2.305877E+01
  1.608761E+02    2.306064E+01
  1.609061E+02    2.306252E+01
  1.609361E+02    2.306439E+01
  1.609661E+02    2.306626E+01
  1.609961E+02    2.306814E+01
  1.610261E+02    2.307001E+01
  1.610561E+02    2.307188E+01
  1.610861E+02    2.307376E+01
  1.611161E+02    2.307563E+01
  1.611461E+02    2.307751E+01
  1.611761E+02    2.307938E+01
  1.612061E+02    2.308126E+01
  1.612361E+02    2.308313E+01
  1.612661E+02    2.308501E+01
  1.612961E+02    2.308689E+01
  1.613261E+02    2.308876E+01
  1.613561E+02    2.309064E+01
  1.613861E+02    2.309252E+01
  1.614161E+02    2.309440E+01
  1.614461E+02    2.309628E+01
  1.614761E+02    2.309815E+01
  1.615062E+02    2.310003E+01
  1.615362E+02    2.310191E+01
  1.615662E+02    2.310379E+01
  1.615962E+02    2.310567E+01
  1.616262E+02    2.310755E+01
  1.616562E+02    2.310943E+01
  1.616862E+02    2.311131E+01
  1.617162E+02    2.311319E+01
  1.617462E+02    2.311508E+01
  1.617762E+02    2.311696E+01
  1.618062E+02    2.311884E+01
  1.618362E+02    2.312072E+01
  1.618662E+02    2.312260E+01
  1.618962E+02    2.312449E+01
  1.619262E+02    2.312637E+01
  1.619562E+02    2.312825E+01
  1.619862E+02    2.313014E+01
  1.620162E+02    2.313202E+01
  1.620462E+02    2.313391E+01
  1.620762E+02    2.313579E+01
  1.621062E+02    2.313768E+01
  1.621362E+02    2.313956E+01
  1.621662E+02    2.314145E+01
  1.621962E+02    2.314333E+01
  1.622262E+02    2.314522E+01
  1.622562E+02    2.314711E+01
  1.622862E+02    2.314899E+01
  1.623162E+02    2.315088E+01
  1.623462E+02    2.315277E+01
  1.623762E+02    2.315466E+01
  1.624062E+02    2.315654E+01
  1.624362E+02    2.315843E+01
  1.624662E+02    2.316032E+01
  1.624962E+02    2.316221E+01
  1.625263E+02    2.316410E+01
  1.625563E+02    2.316599E+01
  1.625863E+02    2.316788E+01
  1.626163E+02    2.316977E+01
  1.626463E+02    2.317166E+01
  1.626763E+02    2.317355E+01
  1.627063E+02    2.317544E+01
  1.627363E+02    2.317733E+01
  1.627663E+02    2.317923E+01
  1.627963E+02    2.318112E+01
  1.628263E+02    2.318301E+01
  1.628563E+02    2.318490E+01
  1.628863E+02    2.318680E+01
  1.629163E+02    2.318869E+01
  1.629463E+02    2.319058E+01
  1.629763E+02    2.319248E+01
  1.630063E+02    2.319437E+01
  1.630363E+02    2.319627E+01
  1.630663E+02    2.319816E+01
  1.630963E+02    2.320006E+01
  1.631263E+02    2.320195E+01
  1.631563E+02    2.320385E+01
  1.631863E+02    2.320575E+01
  1.632163E+02    2.320764E+01
  1.632463E+02    2.320954E+01
  1.632763E+02    2.321144E+01
  1.633063E+02    2.321334E+01
  1.633363E+02    2.321523E+01
  1.633663E+02    2.321713E+01
  1.633963E+02    2.321903E+01
  1.634263E+02    2.322093E+01
  1.634563E+02    2.322283E+01
  1.634863E+02    2.322473E+01
  1.635164E+02    2.322663E+01
  1.635464E+02    2.322853E+01
  1.635764E+02    2.323043E+01
  1.636064E+02    2.323233E+01
  1.636364E+02    2.323423E+01
  1.636664E+02    2.323613E+01
  1.636964E+02    2.323803E+01
  1.637264E+02    2.323993E+01
  1.637564E+02    2.324184E+01
  1.637864E+02    2.324374E+01
  1.638164E+02    2.324564E+01
  1.638464E+02    2.324754E+01
  1.638764E+02    2.324945E+01
  1.639064E+02    2.325135E+01
  1.639364E+02    2.325326E+01
  1.639664E+02    2.325516E+01
  1.639964E+02    2.325707E+01
  1.640264E+02    2.325897E+01
  1.640564E+02    2.326088E+01
  1.640864E+02    2.326278E+01
  1.641164E+02    2.326469E+01
  1.641464E+02    2.326659E+01
  1.641764E+02    2.326850E+01
  1.642064E+02    2.327041E+01
  1.642364E+02    2.327231E+01
  1.642664E+02    2.327422E+01
  1.642964E+02    2.327613E+01
  1.643264E+02    2.327804E+01
  1.643564E+02    2.327995E+01
  1.643864E+02    2.328186E+01
  1.644164E+02    2.328377E+01
  1.644464E+02    2.328567E+01
  1.644764E+02    2.328758E+01
  1.645065E+02    2.328949E+01
  1.645365E+02    2.329140E+01
  1.645665E+02    2.329332E+01
  1.645965E+02    2.329523E+01
  1.646265E+02    2.329714E+01
  1.646565E+02    2.329905E+01
  1.646865E+02    2.330096E+01
  1.647165E+02    2.330287E+01
  1.647465E+02    2.330479E+01
  1.647765E+02    2.330670E+01
  1.648065E+02    2.330861E+01
  1.648365E+02    2.331053E+01
  1.648665E+02    2.331244E+01
  1.648965E+02    2.331435E+01
  1.649265E+02    2.331627E+01
  1.649565E+02    2.331818E+01
  1.649865E+02    2.332010E+01
  1.650165E+02    2.332201E+01
  1.650465E+02    2.332393E+01
  1.650765E+02    2.332584E+01
  1.651065E+02    2.332776E+01
  1.651365E+02    2.332968E+01
  1.651665E+02    2.333159E+01
  1.651965E+02    2.333351E+01
  1.652265E+02    2.333543E+01
  1.652565E+02    2.333735E+01
  1.652865E+02    2.333927E+01
  1.653165E+02    2.334118E+01
  1.653465E+02    2.334310E+01
  1.653765E+02    2.334502E+01
  1.654065E+02    2.334694E+01
  1.654365E+02    2.334886E+01
  1.654665E+02    2.335078E+01
  1.654965E+02    2.335270E+01
  1.655266E+02    2.335462E+01
  1.655566E+02    2.335654E+01
  1.655866E+02    2.335846E+01
  1.656166E+02    2.336039E+01
  1.656466E+02    2.336231E+01
  1.656766E+02    2.336423E+01
  1.657066E+02    2.336615E+01
  1.657366E+02    2.336808E+01
  1.657666E+02    2.337000E+01
  1.657966E+02    2.337192E+01
  1.658266E+02    2.337385E+01
  1.658566E+02    2.337577E+01
  1.658866E+02    2.337770E+01
  1.659166E+02    2.337962E+01
  1.659466E+02    2.338154E+01
  1.659766E+02    2.338347E+01
  1.660066E+02    2.338540E+01
  1.660366E+02    2.338732E+01
  1.660666E+02    2.338925E+01
  1.660966E+02    2.339117E+01
  1.661266E+02    2.339310E+01
  1.661566E+02    2.339503E+01
  1.661866E+02    2.339696E+01
  1.662166E+02    2.339888E+01
  1.662466E+02    2.340081E+01
  1.662766E+02    2.340274E+01
  1.663066E+02    2.340467E+01
  1.663366E+02    2.340660E+01
  1.663666E+02    2.340853E+01
  1.663966E+02    2.341046E+01
  1.664266E+02    2.341239E+01
  1.664566E+02    2.341432E+01
  1.664866E+02    2.341625E+01
  1.665167E+02    2.341818E+01
  1.665467E+02    2.342011E+01
  1.665767E+02    2.342204E+01
  1.666067E+02    2.342398E+01
  1.666367E+02    2.342591E+01
  1.666667E+02    2.342784E+01
  1.666967E+02    2.342977E+01
  1.667267E+02    2.343171E+01
  1.667567E+02    2.343364E+01
  1.667867E+02    2.343557E+01
  1.668167E+02    2.343751E+01
  1.668467E+02    2.343944E+01
  1.668767E+02    2.344138E+01
  1.669067E+02    2.344331E+01
  1.669367E+02    2.344525E+01
  1.669667E+02    2.344718E+01
  1.669967E+02    2.344912E+01
  1.670267E+02    2.345105E+01
  1.670567E+02    2.345299E+01
  1.670867E+02    2.345493E+01
  1.671167E+02    2.345687E+01
  1.671467E+02    2.345880E+01
  1.671767E+02    2.346074E+01
  1.672067E+02    2.346268E+01
  1.672367E+02    2.346462E+01
  1.672667E+02    2.346656E+01
  1.672967E+02    2.346850E+01
  1.673267E+02    2.347044E+01
  1.673567E+02    2.347237E+01
  1.673867E+02    2.347431E+01
  1.674167E+02    2.347626E+01
  1.674467E+02    2.347820E+01
  1.674767E+02    2.348014E+01
  1.675068E+02    2.348208E+01
  1.675368E+02    2.348402E+01
  1.675668E+02    2.348596E+01
  1.675968E+02    2.348790E+01
  1.676268E+02    2.348985E+01
  1.676568E+02    2.349179E+01
  1.676868E+02    2.349373E+01
  1.677168E+02    2.349568E+01
  1.677468E+02    2.349762E+01
  1.677768E+02    2.349956E+01
  1.678068E+02    2.350151E+01
  1.678368E+02    2.350345E+01
  1.678668E+02    2.350540E+01
  1.678968E+02    2.350734E+01
  1.679268E+02    2.350929E+01
  1.679568E+02    2.351124E+01
  1.679868E+02    2.351318E+01
  1.680168E+02    2.351513E+01
  1.680468E+02    2.351707E+01
  1.680768E+02    2.351902E+01
  1.681068E+02    2.352097E+01
  1.681368E+02    2.352292E+01
  1.681668E+02    2.352487E+01
  1.681968E+02    2.352681E+01
  1.682268E+02    2.352876E+01
  1.682568E+02    2.353071E+01
  1.682868E+02    2.353266E+01
  1.683168E+02    2.353461E+01
  1.683468E+02    2.353656E+01
  1.683768E+02    2.353851E+01
  1.684068E+02    2.354046E+01
  1.684368E+02    2.354241E+01
  1.684668E+02    2.354436E+01
  1.684968E+02    2.354632E+01
  1.685269E+02    2.354827E+01
  1.685569E+02    2.355022E+01
  1.685869E+02    2.355217E+01
  1.686169E+02    2.355413E+01
  1.686469E+02    2.355608E+01
  1.686769E+02    2.355803E+01
  1.687069E+02    2.355999E+01
  1.687369E+02    2.356194E+01
  1.687669E+02    2.356389E+01
  1.687969E+02    2.356585E+01
  1.688269E+02    2.356780E+01
  1.688569E+02    2.356976E+01
  1.688869E+02    2.357172E+01
  1.689169E+02    2.357367E+01
  1.689469E+02    2.357563E+01
  1.689769E+02    2.357758E+01
  1.690069E+02    2.357954E+01
  1.690369E+02    2.358150E+01
  1.690669E+02    2.358346E+01
  1.690969E+02    2.358541E+01
  1.691269E+02    2.358737E+01
  1.691569E+02    2.358933E+01
  1.691869E+02    2.359129E+01
  1.692169E+02    2.359325E+01
  1.692469E+02    2.359521E+01
  1.692769E+02    2.359717E+01
  1.693069E+02    2.359913E+01
  1.693369E+02    2.360109E+01
  1.693669E+02    2.360305E+01
  1.693969E+02    2.360501E+01
  1.694269E+02    2.360697E+01
  1.694569E+02    2.360893E+01
  1.694869E+02    2.361089E+01
  1.695170E+02    2.361286E+01
  1.695470E+02    2.361482E+01
  1.695770E+02    2.361678E+01
  1.696070E+02    2.361874E+01
  1.696370E+02    2.362071E+01
  1.696670E+02    2.362267E+01
  1.696970E+02    2.362464E+01
  1.697270E+02    2.362660E+01
  1.697570E+02    2.362857E+01
  1.697870E+02    2.363053E+01
  1.698170E+02    2.363250E+01
  1.698470E+02    2.363446E+01
  1.698770E+02    2.363643E+01
  1.699070E+02    2.363839E+01
  1.699370E+02    2.364036E+01
  1.699670E+02    2.364233E+01
  1.699970E+02    2.364429E+01
  1.700270E+02    2.364626E+01
  1.700570E+02    2.364823E+01
  1.700870E+02    2.365020E+01
  1.701170E+02    2.365217E+01
  1.701470E+02    2.365414E+01
  1.701770E+02    2.365610E+01
  1.702070E+02    2.365807E+01
  1.702370E+02    2.366004E+01
  1.702670E+02    2.366201E+01
  1.702970E+02    2.366398E+01
  1.703270E+02    2.366595E+01
  1.703570E+02    2.366793E+01
  1.703870E+02    2.366990E+01
  1.704170E+02    2.367187E+01
  1.704470E+02    2.367384E+01
  1.704770E+02    2.367581E+01
  1.705071E+02    2.367778E+01
  1.705371E+02    2.367976E+01
  1.705671E+02    2.368173E+01
  1.705971E+02    2.368370E+01
  1.706271E+02    2.368568E+01
  1.706571E+02    2.368765E+01
  1.706871E+02    2.368963E+01
  1.707171E+02    2.369160E+01
  1.707471E+02    2.369358E+01
  1.707771E+02    2.369555E+01
  1.708071E+02    2.369753E+01
  1.708371E+02    2.369950E+01
  1.708671E+02    2.370148E+01
  1.708971E+02    2.370346E+01
  1.709271E+02    2.370543E+01
  1.709571E+02    2.370741E+01
  1.709871E+02    2.370939E+01
  1.710171E+02    2.371137E+01
  1.710471E+02    2.371334E+01
  1.710771E+02    2.371532E+01
  1.711071E+02    2.371730E+01
  1.711371E+02    2.371928E+01
  1.711671E+02    2.372126E+01
  1.711971E+02    2.372324E+01
  1.712271E+02    2.372522E+01
  1.712571E+02    2.372720E+01
  1.712871E+02    2.372918E+01
  1.713171E+02    2.373116E+01
  1.713471E+02    2.373314E+01
  1.713771E+02    2.373512E+01
  1.714071E+02    2.373711E+01
  1.714371E+02    2.373909E+01
  1.714671E+02    2.374107E+01
  1.714971E+02    2.374305E+01
  1.715272E+02    2.374504E+01
  1.715572E+02    2.374702E+01
  1.715872E+02    2.374900E+01
  1.716172E+02    2.375099E+01
  1.716472E+02    2.375297E+01
  1.716772E+02    2.375496E+01
  1.717072E+02    2.375694E+01
  1.717372E+02    2.375893E+01
  1.717672E+02    2.376091E+01
  1.717972E+02    2.376290E+01
  1.718272E+02    2.376488E+01
  1.718572E+02    2.376687E+01
  1.718872E+02    2.376886E+01
  1.719172E+02    2.377085E+01
  1.719472E+02    2.377283E+01
  1.719772E+02    2.377482E+01
  1.720072E+02    2.377681E+01
  1.720372E+02    2.377880E+01
  1.720672E+02    2.378079E+01
  1.720972E+02    2.378278E+01
  1.721272E+02    2.378476E+01
  1.721572E+02    2.378675E+01
  1.721872E+02    2.378874E+01
  1.722172E+02    2.379073E+01
  1.722472E+02    2.379273E+01
  1.722772E+02    2.379472E+01
  1.723072E+02    2.379671E+01
  1.723372E+02    2.379870E+01
  1.723672E+02    2.380069E+01
  1.723972E+02    2.380268E+01
  1.724272E+02    2.380468E+01
  1.724572E+02    2.380667E+01
  1.724872E+02    2.380866E+01
  1.725173E+02    2.381066E+01
  1.725473E+02    2.381265E+01
  1.725773E+02    2.381464E+01
  1.726073E+02    2.381664E+01
  1.726373E+02    2.381863E+01
  1.726673E+02    2.382063E+01
  1.726973E+02    2.382262E+01
  1.727273E+02    2.382462E+01
  1.727573E+02    2.382661E+01
  1.727873E+02    2.382861E+01
  1.728173E+02    2.383061E+01
  1.728473E+02    2.383260E+01
  1.728773E+02    2.383460E+01
  1.729073E+02    2.383660E+01
  1.729373E+02    2.383860E+01
  1.729673E+02    2.384059E+01
  1.729973E+02    2.384259E+01
  1.730273E+02    2.384459E+01
  1.730573E+02    2.384659E+01
  1.730873E+02    2.384859E+01
  1.731173E+02    2.385059E+01
  1.731473E+02    2.385259E+01
  1.731773E+02    2.385459E+01
  1.732073E+02    2.385659E+01
  1.732373E+02    2.385859E+01
  1.732673E+02    2.386059E+01
  1.732973E+02    2.386259E+01
  1.733273E+02    2.386460E+01
  1.733573E+02    2.386660E+01
  1.733873E+02    2.386860E+01
  1.734173E+02    2.387060E+01
  1.734473E+02    2.387261E+01
  1.734773E+02    2.387461E+01
  1.735074E+02    2.387661E+01
  1.735374E+02    2.387862E+01
  1.735674E+02    2.388062E+01
  1.735974E+02    2.388263E+01
  1.736274E+02    2.388463E+01
  1.736574E+02    2.388664E+01
  1.736874E+02    2.388864E+01
  1.737174E+02    2.389065E+01
  1.737474E+02    2.389266E+01
  1.737774E+02    2.389466E+01
  1.738074E+02    2.389667E+01
  1.738374E+02    2.389868E+01
  1.738674E+02    2.390068E+01
  1.738974E+02    2.390269E+01
  1.739274E+02    2.390470E+01
  1.739574E+02    2.390671E+01
  1.739874E+02    2.390872E+01
  1.740174E+02    2.391073E+01
  1.740474E+02    2.391273E+01
  1.740774E+02    2.391474E+01
  1.741074E+02    2.391675E+01
  1.741374E+02    2.391876E+01
  1.741674E+02    2.392078E+01
  1.741974E+02    2.392279E+01
  1.742274E+02    2.392480E+01
  1.742574E+02    2.392681E+01
  1.742874E+02    2.392882E+01
  1.743174E+02    2.393083E+01
  1.743474E+02    2.393285E+01
  1.743774E+02    2.393486E+01
  1.744074E+02    2.393687E+01
  1.744374E+02    2.393889E+01
  1.744674E+02    2.394090E+01
  1.744974E+02    2.394291E+01
  1.745275E+02    2.394493E+01
  1.745575E+02    2.394694E+01
  1.745875E+02    2.394896E+01
  1.746175E+02    2.395097E+01
  1.746475E+02    2.395299E+01
  1.746775E+02    2.395500E+01
  1.747075E+02    2.395702E+01
  1.747375E+02    2.395904E+01
  1.747675E+02    2.396105E+01
  1.747975E+02    2.396307E+01
  1.748275E+02    2.396509E+01
  1.748575E+02    2.396711E+01
  1.748875E+02    2.396912E+01
  1.749175E+02    2.397114E+01
  1.749475E+02    2.397316E+01
  1.749775E+02    2.397518E+01
  1.750075E+02    2.397720E+01
  1.750375E+02    2.397922E+01
  1.750675E+02    2.398124E+01
  1.750975E+02    2.398326E+01
  1.751275E+02    2.398528E+01
  1.751575E+02    2.398730E+01
  1.751875E+02    2.398932E+01
  1.752175E+02    2.399134E+01
  1.752475E+02    2.399337E+01
  1.752775E+02    2.399539E+01
  1.753075E+02    2.399741E+01
  1.753375E+02    2.399943E+01
  1.753675E+02    2.400146E+01
  1.753975E+02    2.400348E+01
  1.754275E+02    2.400550E+01
  1.754575E+02    2.400753E+01
  1.754875E+02    2.400955E+01
  1.755176E+02    2.401158E+01
  1.755476E+02    2.401360E+01
  1.755776E+02    2.401563E+01
  1.756076E+02    2.401765E+01
  1.756376E+02    2.401968E+01
  1.756676E+02    2.402170E+01
  1.756976E+02    2.402373E+01
  1.757276E+02    2.402576E+01
  1.757576E+02    2.402779E+01
  1.757876E+02    2.402981E+01
  1.758176E+02    2.403184E+01
  1.758476E+02    2.403387E+01
  1.758776E+02    2.403590E+01
  1.759076E+02    2.403793E+01
  1.759376E+02    2.403995E+01
  1.759676E+02    2.404198E+01
  1.759976E+02    2.404401E+01
  1.760276E+02    2.404604E+01
  1.760576E+02    2.404807E+01
  1.760876E+02    2.405010E+01
  1.761176E+02    2.405214E+01
  1.761476E+02    2.405417E+01
  1.761776E+02    2.405620E+01
  1.762076E+02    2.405823E+01
  1.762376E+02    2.406026E+01
  1.762676E+02    2.406229E+01
  1.762976E+02    2.406433E+01
  1.763276E+02    2.406636E+01
  1.763576E+02    2.406839E+01
  1.763876E+02    2.407043E+01
  1.764176E+02    2.407246E+01
  1.764476E+02    2.407450E+01
  1.764776E+02    2.407653E+01
  1.765077E+02    2.407857E+01
  1.765377E+02    2.408060E+01
  1.765677E+02    2.408264E+01
  1.765977E+02    2.408467E+01
  1.766277E+02    2.408671E+01
  1.766577E+02    2.408875E+01
  1.766877E+02    2.409078E+01
  1.767177E+02    2.409282E+01
  1.767477E+02    2.409486E+01
  1.767777E+02    2.409689E+01
  1.768077E+02    2.409893E+01
  1.768377E+02    2.410097E+01
  1.768677E+02    2.410301E+01
  1.768977E+02    2.410505E+01
  1.769277E+02    2.410709E+01
  1.769577E+02    2.410913E+01
  1.769877E+02    2.411117E+01
  1.770177E+02    2.411321E+01
  1.770477E+02    2.411525E+01
  1.770777E+02    2.411729E+01
  1.771077E+02    2.411933E+01
  1.771377E+02    2.412137E+01
  1.771677E+02    2.412341E+01
  1.771977E+02    2.412546E+01
  1.772277E+02    2.412750E+01
  1.772577E+02    2.412954E+01
  1.772877E+02    2.413158E+01
  1.773177E+02    2.413363E+01
  1.773477E+02    2.413567E+01
  1.773777E+02    2.413772E+01
  1.774077E+02    2.413976E+01
  1.774377E+02    2.414181E+01
  1.774677E+02    2.414385E+01
  1.774977E+02    2.414590E+01
  1.775278E+02    2.414794E+01
  1.775578E+02    2.414999E+01
  1.775878E+02    2.415203E+01
  1.776178E+02    2.415408E+01
  1.776478E+02    2.415613E+01
  1.776778E+02    2.415817E+01
  1.777078E+02    2.416022E+01
  1.777378E+02    2.416227E+01
  1.777678E+02    2.416432E+01
  1.777978E+02    2.416637E+01
  1.778278E+02    2.416841E+01
  1.778578E+02    2.417046E+01
  1.778878E+02    2.417251E+01
  1.779178E+02    2.417456E+01
  1.779478E+02    2.417661E+01
  1.779778E+02    2.417866E+01
  1.780078E+02    2.418071E+01
  1.780378E+02    2.418276E+01
  1.780678E+02    2.418481E+01
  1.780978E+02    2.418687E+01
  1.781278E+02    2.418892E+01
  1.781578E+02    2.419097E+01
  1.781878E+02    2.419302E+01
  1.782178E+02    2.419508E+01
  1.782478E+02    2.419713E+01
  1.782778E+02    2.419918E+01
  1.783078E+02    2.420124E+01
  1.783378E+02    2.420329E+01
  1.783678E+02    2.420534E+01
  1.783978E+02    2.420740E+01
  1.784278E+02    2.420945E+01
  1.784578E+02    2.421151E+01
  1.784878E+02    2.421356E+01
  1.785179E+02    2.421562E+01
  1.785479E+02    2.421768E+01
  1.785779E+02    2.421973E+01
  1.786079E+02    2.422179E+01
  1.786379E+02    2.422385E+01
  1.786679E+02    2.422590E+01
  1.786979E+02    2.422796E+01
  1.787279E+02    2.423002E+01
  1.787579E+02    2.423208E+01
  1.787879E+02    2.423414E+01
  1.788179E+02    2.423620E+01
  1.788479E+02    2.423826E+01
  1.788779E+02    2.424032E+01
  1.789079E+02    2.424238E+01
  1.789379E+02    2.424444E+01
  1.789679E+02    2.424650E+01
  1.789979E+02    2.424856E+01
  1.790279E+02    2.425062E+01
  1.790579E+02    2.425268E+01
  1.790879E+02    2.425474E+01
  1.791179E+02    2.425680E+01
  1.791479E+02    2.425887E+01
  1.791779E+02    2.426093E+01
  1.792079E+02    2.426299E+01
  1.792379E+02    2.426506E+01
  1.792679E+02    2.426712E+01
  1.792979E+02    2.426918E+01
  1.793279E+02    2.427125E+01
  1.793579E+02    2.427331E+01
  1.793879E+02    2.427538E+01
  1.794179E+02    2.427744E+01
  1.794479E+02    2.427951E+01
  1.794779E+02    2.428157E+01
  1.795080E+02    2.428364E+01
  1.795380E+02    2.428571E+01
  1.795680E+02    2.428777E+01
  1.795980E+02    2.428984E+01
  1.796280E+02    2.429191E+01
  1.796580E+02    2.429398E+01
  1.796880E+02    2.429604E+01
  1.797180E+02    2.429811E+01
  1.797480E+02    2.430018E+01
  1.797780E+02    2.430225E+01
  1.798080E+02    2.430432E+01
  1.798380E+02    2.430639E+01
  1.798680E+02    2.430846E+01
  1.798980E+02    2.431053E+01
  1.799280E+02    2.431260E+01
  1.799580E+02    2.431467E+01
  1.799880E+02    2.431674E+01
  1.800180E+02    2.431881E+01
  1.800480E+02    2.432089E+01
  1.800780E+02    2.432296E+01
  1.801080E+02    2.432503E+01
  1.801380E+02    2.432710E+01
  1.801680E+02    2.432918E+01
  1.801980E+02    2.433125E+01
  1.802280E+02    2.433332E+01
  1.802580E+02    2.433540E+01
  1.802880E+02    2.433747E+01
  1.803180E+02    2.433955E+01
  1.803480E+02    2.434162E+01
  1.803780E+02    2.434370E+01
  1.804080E+02    2.434577E+01
  1.804380E+02    2.434785E+01
  1.804680E+02    2.434992E+01
  1.804980E+02    2.435200E+01
  1.805281E+02    2.435408E+01
  1.805581E+02    2.435615E+01
  1.805881E+02    2.435823E+01
  1.806181E+02    2.436031E+01
  1.806481E+02    2.436239E+01
  1.806781E+02    2.436447E+01
  1.807081E+02    2.436654E+01
  1.807381E+02    2.436862E+01
  1.807681E+02    2.437070E+01
  1.807981E+02    2.437278E+01
  1.808281E+02    2.437486E+01
  1.808581E+02    2.437694E+01
  1.808881E+02    2.437902E+01
  1.809181E+02    2.438110E+01
  1.809481E+02    2.438319E+01
  1.809781E+02    2.438527E+01
  1.810081E+02    2.438735E+01
  1.810381E+02    2.438943E+01
  1.810681E+02    2.439151E+01
  1.810981E+02    2.439360E+01
  1.811281E+02    2.439568E+01
  1.811581E+02    2.439776E+01
  1.811881E+02    2.439985E+01
  1.812181E+02    2.440193E+01
  1.812481E+02    2.440401E+01
  1.812781E+02    2.440610E+01
  1.813081E+02    2.440818E+01
  1.813381E+02    2.441027E+01
  1.813681E+02    2.441235E+01
  1.813981E+02    2.441444E+01
  1.814281E+02    2.441653E+01
  1.814581E+02    2.441861E+01
  1.814881E+02    2.442070E+01
  1.815182E+02    2.442279E+01
  1.815482E+02    2.442487E+01
  1.815782E+02    2.442696E+01
  1.816082E+02    2.442905E+01
  1.816382E+02    2.443114E+01
  1.816682E+02    2.443323E+01
  1.816982E+02    2.443532E+01
  1.817282E+02    2.443741E+01
  1.817582E+02    2.443950E+01
  1.817882E+02    2.444159E+01
  1.818182E+02    2.444368E+01
  1.818482E+02    2.444577E+01
  1.818782E+02    2.444786E+01
  1.819082E+02    2.444995E+01
  1.819382E+02    2.445204E+01
  1.819682E+02    2.445413E+01
  1.819982E+02    2.445622E+01
  1.820282E+02    2.445832E+01
  1.820582E+02    2.446041E+01
  1.820882E+02    2.446250E+01
  1.821182E+02    2.446460E+01
  1.821482E+02    2.446669E+01
  1.821782E+02    2.446878E+01
  1.822082E+02    2.447088E+01
  1.822382E+02    2.447297E+01
  1.822682E+02    2.447507E+01
  1.822982E+02    2.447716E+01
  1.823282E+02    2.447926E+01
  1.823582E+02    2.448135E+01
  1.823882E+02    2.448345E+01
  1.824182E+02    2.448555E+01
  1.824482E+02    2.448764E+01
  1.824782E+02    2.448974E+01
  1.825083E+02    2.449184E+01
  1.825383E+02    2.449394E+01
  1.825683E+02    2.449603E+01
  1.825983E+02    2.449813E+01
  1.826283E+02    2.450023E+01
  1.826583E+02    2.450233E+01
  1.826883E+02    2.450443E+01
  1.827183E+02    2.450653E+01
  1.827483E+02    2.450863E+01
  1.827783E+02    2.451073E+01
  1.828083E+02    2.451283E+01
  1.828383E+02    2.451493E+01
  1.828683E+02    2.451703E+01
  1.828983E+02    2.451913E+01
  1.829283E+02    2.452123E+01
  1.829583E+02    2.452334E+01
  1.829883E+02    2.452544E+01
  1.830183E+02    2.452754E+01
  1.830483E+02    2.452964E+01
  1.830783E+02    2.453175E+01
  1.831083E+02    2.453385E+01
  1.831383E+02    2.453596E+01
  1.831683E+02    2.453806E+01
  1.831983E+02    2.454016E+01
  1.832283E+02    2.454227E+01
  1.832583E+02    2.454437E+01
  1.832883E+02    2.454648E+01
  1.833183E+02    2.454859E+01
  1.833483E+02    2.455069E+01
  1.833783E+02    2.455280E+01
  1.834083E+02    2.455491E+01
  1.834383E+02    2.455701E+01
  1.834683E+02    2.455912E+01
  1.834983E+02    2.456123E+01
  1.835284E+02    2.456334E+01
  1.835584E+02    2.456544E+01
  1.835884E+02    2.456755E+01
  1.836184E+02    2.456966E+01
  1.836484E+02    2.457177E+01
  1.836784E+02    2.457388E+01
  1.837084E+02    2.457599E+01
  1.837384E+02    2.457810E+01
  1.837684E+02    2.458021E+01
  1.837984E+02    2.458232E+01
  1.838284E+02    2.458443E+01
  1.838584E+02    2.458655E+01
  1.838884E+02    2.458866E+01
  1.839184E+02    2.459077E+01
  1.839484E+02    2.459288E+01
  1.839784E+02    2.459499E+01
  1.840084E+02    2.459711E+01
  1.840384E+02    2.459922E+01
  1.840684E+02    2.460133E+01
  1.840984E+02    2.460345E+01
  1.841284E+02    2.460556E+01
  1.841584E+02    2.460768E+01
  1.841884E+02    2.460979E+01
  1.842184E+02    2.461191E+01
  1.842484E+02    2.461402E+01
  1.842784E+02    2.461614E+01
  1.843084E+02    2.461825E+01
  1.843384E+02    2.462037E+01
  1.843684E+02    2.462249E+01
  1.843984E+02    2.462461E+01
  1.844284E+02    2.462672E+01
  1.844584E+02    2.462884E+01
  1.844884E+02    2.463096E+01
  1.845185E+02    2.463308E+01
  1.845485E+02    2.463520E+01
  1.845785E+02    2.463731E+01
  1.846085E+02    2.463943E+01
  1.846385E+02    2.464155E+01
  1.846685E+02    2.464367E+01
  1.846985E+02    2.464579E+01
  1.847285E+02    2.464791E+01
  1.847585E+02    2.465003E+01
  1.847885E+02    2.465216E+01
  1.848185E+02    2.465428E+01
  1.848485E+02    2.465640E+01
  1.848785E+02    2.465852E+01
  1.849085E+02    2.466064E+01
  1.849385E+02    2.466277E+01
  1.849685E+02    2.466489E+01
  1.849985E+02    2.466701E+01
  1.850285E+02    2.466914E+01
  1.850585E+02    2.467126E+01
  1.850885E+02    2.467338E+01
  1.851185E+02    2.467551E+01
  1.851485E+02    2.467763E+01
  1.851785E+02    2.467976E+01
  1.852085E+02    2.468189E+01
  1.852385E+02    2.468401E+01
  1.852685E+02    2.468614E+01
  1.852985E+02    2.468826E+01
  1.853285E+02    2.469039E+01
  1.853585E+02    2.469252E+01
  1.853885E+02    2.469464E+01
  1.854185E+02    2.469677E+01
  1.854485E+02    2.469890E+01
  1.854785E+02    2.470103E+01
  1.855086E+02    2.470316E+01
  1.855386E+02    2.470529E+01
  1.855686E+02    2.470742E+01
  1.855986E+02    2.470955E+01
  1.856286E+02    2.471168E+01
  1.856586E+02    2.471381E+01
  1.856886E+02    2.471594E+01
  1.857186E+02    2.471807E+01
  1.857486E+02    2.472020E+01
  1.857786E+02    2.472233E+01
  1.858086E+02    2.472446E+01
  1.858386E+02    2.472659E+01
  1.858686E+02    2.472873E+01
  1.858986E+02    2.473086E+01
  1.859286E+02    2.473299E+01
  1.859586E+02    2.473512E+01
  1.859886E+02    2.473726E+01
  1.860186E+02    2.473939E+01
  1.860486E+02    2.474153E+01
  1.860786E+02    2.474366E+01
  1.861086E+02    2.474580E+01
  1.861386E+02    2.474793E+01
  1.861686E+02    2.475007E+01
  1.861986E+02    2.475220E+01
  1.862286E+02    2.475434E+01
  1.862586E+02    2.475648E+01
  1.862886E+02    2.475861E+01
  1.863186E+02    2.476075E+01
  1.863486E+02    2.476289E+01
  1.863786E+02    2.476502E+01
  1.864086E+02    2.476716E+01
  1.864386E+02    2.476930E+01
  1.864686E+02    2.477144E+01
  1.864986E+02    2.477358E+01
  1.865287E+02    2.477572E+01
  1.865587E+02    2.477786E+01
  1.865887E+02    2.478000E+01
  1.866187E+02    2.478214E+01
  1.866487E+02    2.478428E+01
  1.866787E+02    2.478642E+01
  1.867087E+02    2.478856E+01
  1.867387E+02    2.479070E+01
  1.867687E+02    2.479284E+01
  1.867987E+02    2.479499E+01
  1.868287E+02    2.479713E+01
  1.868587E+02    2.479927E+01
  1.868887E+02    2.480141E+01
  1.869187E+02    2.480356E+01
  1.869487E+02    2.480570E+01
  1.869787E+02    2.480784E+01
  1.870087E+02    2.480999E+01
  1.870387E+02    2.481213E+01
  1.870687E+02    2.481428E+01
  1.870987E+02    2.481642E+01
  1.871287E+02    2.481857E+01
  1.871587E+02    2.482071E+01
  1.871887E+02    2.482286E+01
  1.872187E+02    2.482501E+01
  1.872487E+02    2.482715E+01
  1.872787E+02    2.482930E+01
  1.873087E+02    2.483145E+01
  1.873387E+02    2.483360E+01
  1.873687E+02    2.483574E+01
  1.873987E+02    2.483789E+01
  1.874287E+02    2.484004E+01
  1.874587E+02    2.484219E+01
  1.874887E+02    2.484434E+01
  1.875188E+02    2.484649E+01
  1.875488E+02    2.484864E+01
  1.875788E+02    2.485079E+01
  1.876088E+02    2.485294E+01
  1.876388E+02    2.485509E+01
  1.876688E+02    2.485724E+01
  1.876988E+02    2.485939E+01
  1.877288E+02    2.486154E+01
  1.877588E+02    2.486370E+01
  1.877888E+02    2.486585E+01
  1.878188E+02    2.486800E+01
  1.878488E+02    2.487015E+01
  1.878788E+02    2.487231E+01
  1.879088E+02    2.487446E+01
  1.879388E+02    2.487662E+01
  1.879688E+02    2.487877E+01
  1.879988E+02    2.488092E+01
  1.880288E+02    2.488308E+01
  1.880588E+02    2.488523E+01
  1.880888E+02    2.488739E+01
  1.881188E+02    2.488955E+01
  1.881488E+02    2.489170E+01
  1.881788E+02    2.489386E+01
  1.882088E+02    2.489602E+01
  1.882388E+02    2.489817E+01
  1.882688E+02    2.490033E+01
  1.882988E+02    2.490249E+01
  1.883288E+02    2.490465E+01
  1.883588E+02    2.490680E+01
  1.883888E+02    2.490896E+01
  1.884188E+02    2.491112E+01
  1.884488E+02    2.491328E+01
  1.884788E+02    2.491544E+01
  1.885089E+02    2.491760E+01
  1.885389E+02    2.491976E+01
  1.885689E+02    2.492192E+01
  1.885989E+02    2.492408E+01
  1.886289E+02    2.492624E+01
  1.886589E+02    2.492840E+01
  1.886889E+02    2.493057E+01
  1.887189E+02    2.493273E+01
  1.887489E+02    2.493489E+01
  1.887789E+02    2.493705E+01
  1.888089E+02    2.493922E+01
  1.888389E+02    2.494138E+01
  1.888689E+02    2.494354E+01
  1.888989E+02    2.494571E+01
  1.889289E+02    2.494787E+01
  1.889589E+02    2.495004E+01
  1.889889E+02    2.495220E+01
  1.890189E+02    2.495437E+01
  1.890489E+02    2.495653E+01
  1.890789E+02    2.495870E+01
  1.891089E+02    2.496086E+01
  1.891389E+02    2.496303E+01
  1.891689E+02    2.496520E+01
  1.891989E+02    2.496736E+01
  1.892289E+02    2.496953E+01
  1.892589E+02    2.497170E+01
  1.892889E+02    2.497387E+01
  1.893189E+02    2.497604E+01
  1.893489E+02    2.497820E+01
  1.893789E+02    2.498037E+01
  1.894089E+02    2.498254E+01
  1.894389E+02    2.498471E+01
  1.894689E+02    2.498688E+01
  1.894989E+02    2.498905E+01
  1.895290E+02    2.499122E+01
  1.895590E+02    2.499339E+01
  1.895890E+02    2.499556E+01
  1.896190E+02    2.499774E+01
  1.896490E+02    2.499991E+01
  1.896790E+02    2.500208E+01
  1.897090E+02    2.500425E+01
  1.897390E+02    2.500642E+01
  1.897690E+02    2.500860E+01
  1.897990E+02    2.501077E+01
  1.898290E+02    2.501294E+01
  1.898590E+02    2.501512E+01
  1.898890E+02    2.501729E+01
  1.899190E+02    2.501947E+01
  1.899490E+02    2.502164E+01
  1.899790E+02    2.502382E+01
  1.900090E+02    2.502599E+01
  1.900390E+02    2.502817E+01
  1.900690E+02    2.503034E+01
  1.900990E+02    2.503252E+01
  1.901290E+02    2.503470E+01
  1.901590E+02    2.503687E+01
  1.901890E+02    2.503905E+01
  1.902190E+02    2.504123E+01
  1.902490E+02    2.504341E+01
  1.902790E+02    2.504559E+01
  1.903090E+02    2.504776E+01
  1.903390E+02    2.504994E+01
  1.903690E+02    2.505212E+01
  1.903990E+02    2.505430E+01
  1.904290E+02    2.505648E+01
  1.904590E+02    2.505866E+01
  1.904890E+02    2.506084E+01
  1.905191E+02    2.506302E+01
  1.905491E+02    2.506520E+01
  1.905791E+02    2.506739E+01
  1.906091E+02    2.506957E+01
  1.906391E+02    2.507175E+01
  1.906691E+02    2.507393E+01
  1.906991E+02    2.507612E+01
  1.907291E+02    2.507830E+01
  1.907591E+02    2.508048E+01
  1.907891E+02    2.508267E+01
  1.908191E+02    2.508485E+01
  1.908491E+02    2.508703E+01
  1.908791E+02    2.508922E+01
  1.909091E+02    2.509140E+01
  1.909391E+02    2.509359E+01
  1.909691E+02    2.509577E+01
  1.909991E+02    2.509796E+01
  1.910291E+02    2.510015E+01
  1.910591E+02    2.510233E+01
  1.910891E+02    2.510452E+01
  1.911191E+02    2.510671E+01
  1.911491E+02    2.510889E+01
  1.911791E+02    2.511108E+01
  1.912091E+02    2.511327E+01
  1.912391E+02    2.511546E+01
  1.912691E+02    2.511765E+01
  1.912991E+02    2.511983E+01
  1.913291E+02    2.512202E+01
  1.913591E+02    2.512421E+01
  1.913891E+02    2.512640E+01
  1.914191E+02    2.512859E+01
  1.914491E+02    2.513078E+01
  1.914791E+02    2.513297E+01
  1.915092E+02    2.513517E+01
  1.915392E+02    2.513736E+01
  1.915692E+02    2.513955E+01
  1.915992E+02    2.514174E+01
  1.916292E+02    2.514393E+01
  1.916592E+02    2.514613E+01
  1.916892E+02    2.514832E+01
  1.917192E+02    2.515051E+01
  1.917492E+02    2.515271E+01
  1.917792E+02    2.515490E+01
  1.918092E+02    2.515709E+01
  1.918392E+02    2.515929E+01
  1.918692E+02    2.516148E+01
  1.918992E+02    2.516368E+01
  1.919292E+02    2.516587E+01
  1.919592E+02    2.516807E+01
  1.919892E+02    2.517027E+01
  1.920192E+02    2.517246E+01
  1.920492E+02    2.517466E+01
  1.920792E+02    2.517686E+01
  1.921092E+02    2.517905E+01
  1.921392E+02    2.518125E+01
  1.921692E+02    2.518345E+01
  1.921992E+02    2.518565E+01
  1.922292E+02    2.518785E+01
  1.922592E+02    2.519004E+01
  1.922892E+02    2.519224E+01
  1.923192E+02    2.519444E+01
  1.923492E+02    2.519664E+01
  1.923792E+02    2.519884E+01
  1.924092E+02    2.520104E+01
  1.924392E+02    2.520324E+01
  1.924692E+02    2.520545E+01
  1.924992E+02    2.520765E+01
  1.925293E+02    2.520985E+01
  1.925593E+02    2.521205E+01
  1.925893E+02    2.521425E+01
  1.926193E+02    2.521646E+01
  1.926493E+02    2.521866E+01
  1.926793E+02    2.522086E+01
  1.927093E+02    2.522307E+01
  1.927393E+02    2.522527E+01
  1.927693E+02    2.522747E+01
  1.927993E+02    2.522968E+01
  1.928293E+02    2.523188E+01
  1.928593E+02    2.523409E+01
  1.928893E+02    2.523629E+01
  1.929193E+02    2.523850E+01
  1.929493E+02    2.524071E+01
  1.929793E+02    2.524291E+01
  1.930093E+02    2.524512E+01
  1.930393E+02    2.524733E+01
  1.930693E+02    2.524953E+01
  1.930993E+02    2.525174E+01
  1.931293E+02    2.525395E+01
  1.931593E+02    2.525616E+01
  1.931893E+02    2.525837E+01
  1.932193E+02    2.526057E+01
  1.932493E+02    2.526278E+01
  1.932793E+02    2.526499E+01
  1.933093E+02    2.526720E+01
  1.933393E+02    2.526941E+01
  1.933693E+02    2.527162E+01
  1.933993E+02    2.527383E+01
  1.934293E+02    2.527605E+01
  1.934593E+02    2.527826E+01
  1.934893E+02    2.528047E+01
  1.935194E+02    2.528268E+01
  1.935494E+02    2.528489E+01
  1.935794E+02    2.528711E+01
  1.936094E+02    2.528932E+01
  1.936394E+02    2.529153E+01
  1.936694E+02    2.529375E+01
  1.936994E+02    2.529596E+01
  1.937294E+02    2.529817E+01
  1.937594E+02    2.530039E+01
  1.937894E+02    2.530260E+01
  1.938194E+02    2.530482E+01
  1.938494E+02    2.530703E+01
  1.938794E+02    2.530925E+01
  1.939094E+02    2.531147E+01
  1.939394E+02    2.531368E+01
  1.939694E+02    2.531590E+01
  1.939994E+02    2.531812E+01
  1.940294E+02    2.532033E+01
  1.940594E+02    2.532255E+01
  1.940894E+02    2.532477E+01
  1.941194E+02    2.532699E+01
  1.941494E+02    2.532921E+01
  1.941794E+02    2.533142E+01
  1.942094E+02    2.533364E+01
  1.942394E+02    2.533586E+01
  1.942694E+02    2.533808E+01
  1.942994E+02    2.534030E+01
  1.943294E+02    2.534252E+01
  1.943594E+02    2.534474E+01
  1.943894E+02    2.534697E+01
  1.944194E+02    2.534919E+01
  1.944494E+02    2.535141E+01
  1.944794E+02    2.535363E+01
  1.945095E+02    2.535585E+01
  1.945395E+02    2.535808E+01
  1.945695E+02    2.536030E+01
  1.945995E+02    2.536252E+01
  1.946295E+02    2.536475E+01
  1.946595E+02    2.536697E+01
  1.946895E+02    2.536919E+01
  1.947195E+02    2.537142E+01
  1.947495E+02    2.537364E+01
  1.947795E+02    2.537587E+01
  1.948095E+02    2.537809E+01
  1.948395E+02    2.538032E+01
  1.948695E+02    2.538255E+01
  1.948995E+02    2.538477E+01
  1.949295E+02    2.538700E+01
  1.949595E+02    2.538923E+01
  1.949895E+02    2.539145E+01
  1.950195E+02    2.539368E+01
  1.950495E+02    2.539591E+01
  1.950795E+02    2.539814E+01
  1.951095E+02    2.540037E+01
  1.951395E+02    2.540259E+01
  1.951695E+02    2.540482E+01
  1.951995E+02    2.540705E+01
  1.952295E+02    2.540928E+01
  1.952595E+02    2.541151E+01
  1.952895E+02    2.541374E+01
  1.953195E+02    2.541597E+01
  1.953495E+02    2.541821E+01
  1.953795E+02    2.542044E+01
  1.954095E+02    2.542267E+01
  1.954395E+02    2.542490E+01
  1.954695E+02    2.542713E+01
  1.954995E+02    2.542937E+01
  1.955296E+02    2.543160E+01
  1.955596E+02    2.543383E+01
  1.955896E+02    2.543607E+01
  1.956196E+02    2.543830E+01
  1.956496E+02    2.544053E+01
  1.956796E+02    2.544277E+01
  1.957096E+02    2.544500E+01
  1.957396E+02    2.544724E+01
  1.957696E+02    2.544947E+01
  1.957996E+02    2.545171E+01
  1.958296E+02    2.545395E+01
  1.958596E+02    2.545618E+01
  1.958896E+02    2.545842E+01
  1.959196E+02    2.546066E+01
  1.959496E+02    2.546289E+01
  1.959796E+02    2.546513E+01
  1.960096E+02    2.546737E+01
  1.960396E+02    2.546961E+01
  1.960696E+02    2.547185E+01
  1.960996E+02    2.547408E+01
  1.961296E+02    2.547632E+01
  1.961596E+02    2.547856E+01
  1.961896E+02    2.548080E+01
  1.962196E+02    2.548304E+01
  1.962496E+02    2.548528E+01
  1.962796E+02    2.548752E+01
  1.963096E+02    2.548977E+01
  1.963396E+02    2.549201E+01
  1.963696E+02    2.549425E+01
  1.963996E+02    2.549649E+01
  1.964296E+02    2.549873E+01
  1.964596E+02    2.550098E+01
  1.964896E+02    2.550322E+01
  1.965197E+02    2.550546E+01
  1.965497E+02    2.550770E+01
  1.965797E+02    2.550995E+01
  1.966097E+02    2.551219E+01
  1.966397E+02    2.551444E+01
  1.966697E+02    2.551668E+01
  1.966997E+02    2.551893E+01
  1.967297E+02    2.552117E+01
  1.967597E+02    2.552342E+01
  1.967897E+02    2.552566E+01
  1.968197E+02    2.552791E+01
  1.968497E+02    2.553016E+01
  1.968797E+02    2.553240E+01
  1.969097E+02    2.553465E+01
  1.969397E+02    2.553690E+01
  1.969697E+02    2.553915E+01
  1.969997E+02    2.554140E+01
  1.970297E+02    2.554364E+01
  1.970597E+02    2.554589E+01
  1.970897E+02    2.554814E+01
  1.971197E+02    2.555039E+01
  1.971497E+02    2.555264E+01
  1.971797E+02    2.555489E+01
  1.972097E+02    2.555714E+01
  1.972397E+02    2.555939E+01
  1.972697E+02    2.556164E+01
  1.972997E+02    2.556390E+01
  1.973297E+02    2.556615E+01
  1.973597E+02    2.556840E+01
  1.973897E+02    2.557065E+01
  1.974197E+02    2.557290E+01
  1.974497E+02    2.557516E+01
  1.974797E+02    2.557741E+01
  1.975098E+02    2.557966E+01
  1.975398E+02    2.558192E+01
  1.975698E+02    2.558417E+01
  1.975998E+02    2.558643E+01
  1.976298E+02    2.558868E+01
  1.976598E+02    2.559094E+01
  1.976898E+02    2.559319E+01
  1.977198E+02    2.559545E+01
  1.977498E+02    2.559770E+01
  1.977798E+02    2.559996E+01
  1.978098E+02    2.560222E+01
  1.978398E+02    2.560447E+01
  1.978698E+02    2.560673E+01
  1.978998E+02    2.560899E+01
  1.979298E+02    2.561125E+01
  1.979598E+02    2.561350E+01
  1.979898E+02    2.561576E+01
  1.980198E+02    2.561802E+01
  1.980498E+02    2.562028E+01
  1.980798E+02    2.562254E+01
  1.981098E+02    2.562480E+01
  1.981398E+02    2.562706E+01
  1.981698E+02    2.562932E+01
  1.981998E+02    2.563158E+01
  1.982298E+02    2.563384E+01
  1.982598E+02    2.563610E+01
  1.982898E+02    2.563837E+01
  1.983198E+02    2.564063E+01
  1.983498E+02    2.564289E+01
  1.983798E+02    2.564515E+01
  1.984098E+02    2.564742E+01
  1.984398E+02    2.564968E+01
  1.984698E+02    2.565194E+01
  1.984998E+02    2.565421E+01
  1.985299E+02    2.565647E+01
  1.985599E+02    2.565874E+01
  1.985899E+02    2.566100E+01
  1.986199E+02    2.566327E+01
  1.986499E+02    2.566553E+01
  1.986799E+02    2.566780E+01
  1.987099E+02    2.567006E+01
  1.987399E+02    2.567233E+01
  1.987699E+02    2.567460E+01
  1.987999E+02    2.567686E+01
  1.988299E+02    2.567913E+01
  1.988599E+02    2.568140E+01
  1.988899E+02    2.568367E+01
  1.989199E+02    2.568593E+01
  1.989499E+02    2.568820E+01
  1.989799E+02    2.569047E+01
  1.990099E+02    2.569274E+01
  1.990399E+02    2.569501E+01
  1.990699E+02    2.569728E+01
  1.990999E+02    2.569955E+01
  1.991299E+02    2.570182E+01
  1.991599E+02    2.570409E+01
  1.991899E+02    2.570636E+01
  1.992199E+02    2.570863E+01
  1.992499E+02    2.571090E+01
  1.992799E+02    2.571318E+01
  1.993099E+02    2.571545E+01
  1.993399E+02    2.571772E+01
  1.993699E+02    2.571999E+01
  1.993999E+02    2.572227E+01
  1.994299E+02    2.572454E+01
  1.994599E+02    2.572682E+01
  1.994899E+02    2.572909E+01
  1.995200E+02    2.573136E+01
  1.995500E+02    2.573364E+01
  1.995800E+02    2.573591E+01
  1.996100E+02    2.573819E+01
  1.996400E+02    2.574047E+01
  1.996700E+02    2.574274E+01
  1.997000E+02    2.574502E+01
  1.997300E+02    2.574729E+01
  1.997600E+02    2.574957E+01
  1.997900E+02    2.575185E+01
  1.998200E+02    2.575413E+01
  1.998500E+02    2.575640E+01
  1.998800E+02    2.575868E+01
  1.999100E+02    2.576096E+01
  1.999400E+02    2.576324E+01
  1.999700E+02    2.576552E+01
  2.000000E+02    2.576780E+01
  2.000300E+02    2.577008E+01
  2.000600E+02    2.577236E+01
  2.000900E+02    2.577464E+01
  2.001200E+02    2.577692E+01
  2.001500E+02    2.577920E+01
  2.001800E+02    2.578148E+01
  2.002100E+02    2.578376E+01
  2.002400E+02    2.578605E+01
  2.002700E+02    2.578833E+01
  2.003000E+02    2.579061E+01
  2.003300E+02    2.579289E+01
  2.003600E+02    2.579518E+01
  2.003900E+02    2.579746E+01
  2.004200E+02    2.579974E+01
  2.004500E+02    2.580203E+01
  2.004800E+02    2.580431E+01
  2.005101E+02    2.580660E+01
  2.005401E+02    2.580888E+01
  2.005701E+02    2.581117E+01
  2.006001E+02    2.581345E+01
  2.006301E+02    2.581574E+01
  2.006601E+02    2.581803E+01
  2.006901E+02    2.582031E+01
  2.007201E+02    2.582260E+01
  2.007501E+02    2.582489E+01
  2.007801E+02    2.582717E+01
  2.008101E+02    2.582946E+01
  2.008401E+02    2.583175E+01
  2.008701E+02    2.583404E+01
  2.009001E+02    2.583633E+01
  2.009301E+02    2.583862E+01
  2.009601E+02    2.584091E+01
  2.009901E+02    2.584320E+01
  2.010201E+02    2.584549E+01
  2.010501E+02    2.584778E+01
  2.010801E+02    2.585007E+01
  2.011101E+02    2.585236E+01
  2.011401E+02    2.585465E+01
  2.011701E+02    2.585694E+01
  2.012001E+02    2.585923E+01
  2.012301E+02    2.586153E+01
  2.012601E+02    2.586382E+01
  2.012901E+02    2.586611E+01
  2.013201E+02    2.586840E+01
  2.013501E+02    2.587070E+01
  2.013801E+02    2.587299E+01
  2.014101E+02    2.587529E+01
  2.014401E+02    2.587758E+01
  2.014701E+02    2.587988E+01
  2.015002E+02    2.588217E+01
  2.015302E+02    2.588447E+01
  2.015602E+02    2.588676E+01
  2.015902E+02    2.588906E+01
  2.016202E+02    2.589135E+01
  2.016502E+02    2.589365E+01
  2.016802E+02    2.589595E+01
  2.017102E+02    2.589824E+01
  2.017402E+02    2.590054E+01
  2.017702E+02    2.590284E+01
  2.018002E+02    2.590514E+01
  2.018302E+02    2.590744E+01
  2.018602E+02    2.590974E+01
  2.018902E+02    2.591204E+01
  2.019202E+02    2.591433E+01
  2.019502E+02    2.591663E+01
  2.019802E+02    2.591893E+01
  2.020102E+02    2.592123E+01
  2.020402E+02    2.592354E+01
  2.020702E+02    2.592584E+01
  2.021002E+02    2.592814E+01
  2.021302E+02    2.593044E+01
  2.021602E+02    2.593274E+01
  2.021902E+02    2.593504E+01
  2.022202E+02    2.593735E+01
  2.022502E+02    2.593965E+01
  2.022802E+02    2.594195E+01
  2.023102E+02    2.594426E+01
  2.023402E+02    2.594656E+01
  2.023702E+02    2.594886E+01
  2.024002E+02    2.595117E+01
  2.024302E+02    2.595347E+01
  2.024602E+02    2.595578E+01
  2.024902E+02    2.595808E+01
  2.025203E+02    2.596039E+01
  2.025503E+02    2.596270E+01
  2.025803E+02    2.596500E+01
  2.026103E+02    2.596731E+01
  2.026403E+02    2.596962E+01
  2.026703E+02    2.597192E+01
  2.027003E+02    2.597423E+01
  2.027303E+02    2.597654E+01
  2.027603E+02    2.597885E+01
  2.027903E+02    2.598116E+01
  2.028203E+02    2.598346E+01
  2.028503E+02    2.598577E+01
  2.028803E+02    2.598808E+01
  2.029103E+02    2.599039E+01
  2.029403E+02    2.599270E+01
  2.029703E+02    2.599501E+01
  2.030003E+02    2.599732E+01
  2.030303E+02    2.599963E+01
  2.030603E+02    2.600195E+01
  2.030903E+02    2.600426E+01
  2.031203E+02    2.600657E+01
  2.031503E+02    2.600888E+01
  2.031803E+02    2.601119E+01
  2.032103E+02    2.601351E+01
  2.032403E+02    2.601582E+01
  2.032703E+02    2.601813E+01
  2.033003E+02    2.602045E+01
  2.033303E+02    2.602276E+01
  2.033603E+02    2.602508E+01
  2.033903E+02    2.602739E+01
  2.034203E+02    2.602971E+01
  2.034503E+02    2.603202E+01
  2.034803E+02    2.603434E+01
  2.035104E+02    2.603665E+01
  2.035404E+02    2.603897E+01
  2.035704E+02    2.604129E+01
  2.036004E+02    2.604360E+01
  2.036304E+02    2.604592E+01
  2.036604E+02    2.604824E+01
  2.036904E+02    2.605056E+01
  2.037204E+02    2.605287E+01
  2.037504E+02    2.605519E+01
  2.037804E+02    2.605751E+01
  2.038104E+02    2.605983E+01
  2.038404E+02    2.606215E+01
  2.038704E+02    2.606447E+01
  2.039004E+02    2.606679E+01
  2.039304E+02    2.606911E+01
  2.039604E+02    2.607143E+01
  2.039904E+02    2.607375E+01
  2.040204E+02    2.607607E+01
  2.040504E+02    2.607839E+01
  2.040804E+02    2.608072E+01
  2.041104E+02    2.608304E+01
  2.041404E+02    2.608536E+01
  2.041704E+02    2.608768E+01
  2.042004E+02    2.609001E+01
  2.042304E+02    2.609233E+01
  2.042604E+02    2.609466E+01
  2.042904E+02    2.609698E+01
  2.043204E+02    2.609930E+01
  2.043504E+02    2.610163E+01
  2.043804E+02    2.610395E+01
  2.044104E+02    2.610628E+01
  2.044404E+02    2.610860E+01
  2.044704E+02    2.611093E+01
  2.045005E+02    2.611326E+01
  2.045305E+02    2.611558E+01
  2.045605E+02    2.611791E+01
  2.045905E+02    2.612024E+01
  2.046205E+02    2.612257E+01
  2.046505E+02    2.612489E+01
  2.046805E+02    2.612722E+01
  2.047105E+02    2.612955E+01
  2.047405E+02    2.613188E+01
  2.047705E+02    2.613421E+01
  2.048005E+02    2.613654E+01
  2.048305E+02    2.613887E+01
  2.048605E+02    2.614120E+01
  2.048905E+02    2.614353E+01
  2.049205E+02    2.614586E+01
  2.049505E+02    2.614819E+01
  2.049805E+02    2.615052E+01
  2.050105E+02    2.615285E+01
  2.050405E+02    2.615518E+01
  2.050705E+02    2.615752E+01
  2.051005E+02    2.615985E+01
  2.051305E+02    2.616218E+01
  2.051605E+02    2.616452E+01
  2.051905E+02    2.616685E+01
  2.052205E+02    2.616918E+01
  2.052505E+02    2.617152E+01
  2.052805E+02    2.617385E+01
  2.053105E+02    2.617619E+01
  2.053405E+02    2.617852E+01
  2.053705E+02    2.618086E+01
  2.054005E+02    2.618319E+01
  2.054305E+02    2.618553E+01
  2.054605E+02    2.618786E+01
  2.054905E+02    2.619020E+01
  2.055206E+02    2.619254E+01
  2.055506E+02    2.619487E+01
  2.055806E+02    2.619721E+01
  2.056106E+02    2.619955E+01
  2.056406E+02    2.620189E+01
  2.056706E+02    2.620423E+01
  2.057006E+02    2.620657E+01
  2.057306E+02    2.620890E+01
  2.057606E+02    2.621124E+01
  2.057906E+02    2.621358E+01
  2.058206E+02    2.621592E+01
  2.058506E+02    2.621826E+01
  2.058806E+02    2.622061E+01
  2.059106E+02    2.622295E+01
  2.059406E+02    2.622529E+01
  2.059706E+02    2.622763E+01
  2.060006E+02    2.622997E+01
  2.060306E+02    2.623231E+01
  2.060606E+02    2.623466E+01
  2.060906E+02    2.623700E+01
  2.061206E+02    2.623934E+01
  2.061506E+02    2.624169E+01
  2.061806E+02    2.624403E+01
  2.062106E+02    2.624637E+01
  2.062406E+02    2.624872E+01
  2.062706E+02    2.625106E+01
  2.063006E+02    2.625341E+01
  2.063306E+02    2.625575E+01
  2.063606E+02    2.625810E+01
  2.063906E+02    2.626044E+01
  2.064206E+02    2.626279E+01
  2.064506E+02    2.626514E+01
  2.064806E+02    2.626748E+01
  2.065107E+02    2.626983E+01
  2.065407E+02    2.627218E+01
  2.065707E+02    2.627453E+01
  2.066007E+02    2.627688E+01
  2.066307E+02    2.627922E+01
  2.066607E+02    2.628157E+01
  2.066907E+02    2.628392E+01
  2.067207E+02    2.628627E+01
  2.067507E+02    2.628862E+01
  2.067807E+02    2.629097E+01
  2.068107E+02    2.629332E+01
  2.068407E+02    2.629567E+01
  2.068707E+02    2.629802E+01
  2.069007E+02    2.630037E+01
  2.069307E+02    2.630273E+01
  2.069607E+02    2.630508E+01
  2.069907E+02    2.630743E+01
  2.070207E+02    2.630978E+01
  2.070507E+02    2.631214E+01
  2.070807E+02    2.631449E+01
  2.071107E+02    2.631684E+01
  2.071407E+02    2.631920E+01
  2.071707E+02    2.632155E+01
  2.072007E+02    2.632390E+01
  2.072307E+02    2.632626E+01
  2.072607E+02    2.632861E+01
  2.072907E+02    2.633097E+01
  2.073207E+02    2.633333E+01
  2.073507E+02    2.633568E+01
  2.073807E+02    2.633804E+01
  2.074107E+02    2.634039E+01
  2.074407E+02    2.634275E+01
  2.074707E+02    2.634511E+01
  2.075008E+02    2.634747E+01
  2.075308E+02    2.634982E+01
  2.075608E+02    2.635218E+01
  2.075908E+02    2.635454E+01
  2.076208E+02    2.635690E+01
  2.076508E+02    2.635926E+01
  2.076808E+02    2.636162E+01
  2.077108E+02    2.636398E+01
  2.077408E+02    2.636634E+01
  2.077708E+02    2.636870E+01
  2.078008E+02    2.637106E+01
  2.078308E+02    2.637342E+01
  2.078608E+02    2.637578E+01
  2.078908E+02    2.637814E+01
  2.079208E+02    2.638050E+01
  2.079508E+02    2.638287E+01
  2.079808E+02    2.638523E+01
  2.080108E+02    2.638759E+01
  2.080408E+02    2.638996E+01
  2.080708E+02    2.639232E+01
  2.081008E+02    2.639468E+01
  2.081308E+02    2.639705E+01
  2.081608E+02    2.639941E+01
  2.081908E+02    2.640178E+01
  2.082208E+02    2.640414E+01
  2.082508E+02    2.640651E+01
  2.082808E+02    2.640887E+01
  2.083108E+02    2.641124E+01
  2.083408E+02    2.641360E+01
  2.083708E+02    2.641597E+01
  2.084008E+02    2.641834E+01
  2.084308E+02    2.642070E+01
  2.084608E+02    2.642307E+01
  2.084908E+02    2.642544E+01
  2.085209E+02    2.642781E+01
  2.085509E+02    2.643018E+01
  2.085809E+02    2.643255E+01
  2.086109E+02    2.643491E+01
  2.086409E+02    2.643728E+01
  2.086709E+02    2.643965E+01
  2.087009E+02    2.644202E+01
  2.087309E+02    2.644439E+01
  2.087609E+02    2.644677E+01
  2.087909E+02    2.644914E+01
  2.088209E+02    2.645151E+01
  2.088509E+02    2.645388E+01
  2.088809E+02    2.645625E+01
  2.089109E+02    2.645862E+01
  2.089409E+02    2.646100E+01
  2.089709E+02    2.646337E+01
  2.090009E+02    2.646574E+01
  2.090309E+02    2.646812E+01
  2.090609E+02    2.647049E+01
  2.090909E+02    2.647286E+01
  2.091209E+02    2.647524E+01
  2.091509E+02    2.647761E+01
  2.091809E+02    2.647999E+01
  2.092109E+02    2.648236E+01
  2.092409E+02    2.648474E+01
  2.092709E+02    2.648711E+01
  2.093009E+02    2.648949E+01
  2.093309E+02    2.649187E+01
  2.093609E+02    2.649424E+01
  2.093909E+02    2.649662E+01
  2.094209E+02    2.649900E+01
  2.094509E+02    2.650138E+01
  2.094809E+02    2.650375E+01
  2.095110E+02    2.650613E+01
  2.095410E+02    2.650851E+01
  2.095710E+02    2.651089E+01
  2.096010E+02    2.651327E+01
  2.096310E+02    2.651565E+01
  2.096610E+02    2.651803E+01
  2.096910E+02    2.652041E+01
  2.097210E+02    2.652279E+01
  2.097510E+02    2.652517E+01
  2.097810E+02    2.652755E+01
  2.098110E+02    2.652993E+01
  2.098410E+02    2.653232E+01
  2.098710E+02    2.653470E+01
  2.099010E+02    2.653708E+01
  2.099310E+02    2.653946E+01
  2.099610E+02    2.654185E+01
  2.099910E+02    2.654423E+01
  2.100210E+02    2.654661E+01
  2.100510E+02    2.654900E+01
  2.100810E+02    2.655138E+01
  2.101110E+02    2.655377E+01
  2.101410E+02    2.655615E+01
  2.101710E+02    2.655854E+01
  2.102010E+02    2.656092E+01
  2.102310E+02    2.656331E+01
  2.102610E+02    2.656570E+01
  2.102910E+02    2.656808E+01
  2.103210E+02    2.657047E+01
  2.103510E+02    2.657286E+01
  2.103810E+02    2.657524E+01
  2.104110E+02    2.657763E+01
  2.104410E+02    2.658002E+01
  2.104710E+02    2.658241E+01
  2.105011E+02    2.658480E+01
  2.105311E+02    2.658719E+01
  2.105611E+02    2.658958E+01
  2.105911E+02    2.659197E+01
  2.106211E+02    2.659436E+01
  2.106511E+02    2.659675E+01
  2.106811E+02    2.659914E+01
  2.107111E+02    2.660153E+01
  2.107411E+02    2.660392E+01
  2.107711E+02    2.660631E+01
  2.108011E+02    2.660870E+01
  2.108311E+02    2.661109E+01
  2.108611E+02    2.661349E+01
  2.108911E+02    2.661588E+01
  2.109211E+02    2.661827E+01
  2.109511E+02    2.662067E+01
  2.109811E+02    2.662306E+01
  2.110111E+02    2.662545E+01
  2.110411E+02    2.662785E+01
  2.110711E+02    2.663024E+01
  2.111011E+02    2.663264E+01
  2.111311E+02    2.663503E+01
  2.111611E+02    2.663743E+01
  2.111911E+02    2.663983E+01
  2.112211E+02    2.664222E+01
  2.112511E+02    2.664462E+01
  2.112811E+02    2.664702E+01
  2.113111E+02    2.664941E+01
  2.113411E+02    2.665181E+01
  2.113711E+02    2.665421E+01
  2.114011E+02    2.665661E+01
  2.114311E+02    2.665900E+01
  2.114611E+02    2.666140E+01
  2.114911E+02    2.666380E+01
  2.115212E+02    2.666620E+01
  2.115512E+02    2.666860E+01
  2.115812E+02    2.667100E+01
  2.116112E+02    2.667340E+01
  2.116412E+02    2.667580E+01
  2.116712E+02    2.667820E+01
  2.117012E+02    2.668060E+01
  2.117312E+02    2.668301E+01
  2.117612E+02    2.668541E+01
  2.117912E+02    2.668781E+01
  2.118212E+02    2.669021E+01
  2.118512E+02    2.669262E+01
  2.118812E+02    2.669502E+01
  2.119112E+02    2.669742E+01
  2.119412E+02    2.669983E+01
  2.119712E+02    2.670223E+01
  2.120012E+02    2.670463E+01
  2.120312E+02    2.670704E+01
  2.120612E+02    2.670944E+01
  2.120912E+02    2.671185E+01
  2.121212E+02    2.671426E+01
  2.121512E+02    2.671666E+01
  2.121812E+02    2.671907E+01
  2.122112E+02    2.672147E+01
  2.122412E+02    2.672388E+01
  2.122712E+02    2.672629E+01
  2.123012E+02    2.672870E+01
  2.123312E+02    2.673110E+01
  2.123612E+02    2.673351E+01
  2.123912E+02    2.673592E+01
  2.124212E+02    2.673833E+01
  2.124512E+02    2.674074E+01
  2.124812E+02    2.674315E+01
  2.125113E+02    2.674556E+01
  2.125413E+02    2.674797E+01
  2.125713E+02    2.675038E+01
  2.126013E+02    2.675279E+01
  2.126313E+02    2.675520E+01
  2.126613E+02    2.675761E+01
  2.126913E+02    2.676002E+01
  2.127213E+02    2.676243E+01
  2.127513E+02    2.676485E+01
  2.127813E+02    2.676726E+01
  2.128113E+02    2.676967E+01
  2.128413E+02    2.677208E+01
  2.128713E+02    2.677450E+01
  2.129013E+02    2.677691E+01
  2.129313E+02    2.677933E+01
  2.129613E+02    2.678174E+01
  2.129913E+02    2.678415E+01
  2.130213E+02    2.678657E+01
  2.130513E+02    2.678898E+01
  2.130813E+02    2.679140E+01
  2.131113E+02    2.679382E+01
  2.131413E+02    2.679623E+01
  2.131713E+02    2.679865E+01
  2.132013E+02    2.680107E+01
  2.132313E+02    2.680348E+01
  2.132613E+02    2.680590E+01
  2.132913E+02    2.680832E+01
  2.133213E+02    2.681074E+01
  2.133513E+02    2.681316E+01
  2.133813E+02    2.681557E+01
  2.134113E+02    2.681799E+01
  2.134413E+02    2.682041E+01
  2.134713E+02    2.682283E+01
  2.135014E+02    2.682525E+01
  2.135314E+02    2.682767E+01
  2.135614E+02    2.683009E+01
  2.135914E+02    2.683251E+01
  2.136214E+02    2.683494E+01
  2.136514E+02    2.683736E+01
  2.136814E+02    2.683978E+01
  2.137114E+02    2.684220E+01
  2.137414E+02    2.684462E+01
  2.137714E+02    2.684705E+01
  2.138014E+02    2.684947E+01
  2.138314E+02    2.685189E+01
  2.138614E+02    2.685432E+01
  2.138914E+02    2.685674E+01
  2.139214E+02    2.685917E+01
  2.139514E+02    2.686159E+01
  2.139814E+02    2.686401E+01
  2.140114E+02    2.686644E+01
  2.140414E+02    2.686887E+01
  2.140714E+02    2.687129E+01
  2.141014E+02    2.687372E+01
  2.141314E+02    2.687614E+01
  2.141614E+02    2.687857E+01
  2.141914E+02    2.688100E+01
  2.142214E+02    2.688343E+01
  2.142514E+02    2.688585E+01
  2.142814E+02    2.688828E+01
  2.143114E+02    2.689071E+01
  2.143414E+02    2.689314E+01
  2.143714E+02    2.689557E+01
  2.144014E+02    2.689800E+01
  2.144314E+02    2.690043E+01
  2.144614E+02    2.690286E+01
  2.144914E+02    2.690529E+01
  2.145215E+02    2.690772E+01
  2.145515E+02    2.691015E+01
  2.145815E+02    2.691258E+01
  2.146115E+02    2.691501E+01
  2.146415E+02    2.691744E+01
  2.146715E+02    2.691988E+01
  2.147015E+02    2.692231E+01
  2.147315E+02    2.692474E+01
  2.147615E+02    2.692717E+01
  2.147915E+02    2.692961E+01
  2.148215E+02    2.693204E+01
  2.148515E+02    2.693448E+01
  2.148815E+02    2.693691E+01
  2.149115E+02    2.693934E+01
  2.149415E+02    2.694178E+01
  2.149715E+02    2.694421E+01
  2.150015E+02    2.694665E+01
  2.150315E+02    2.694909E+01
  2.150615E+02    2.695152E+01
  2.150915E+02    2.695396E+01
  2.151215E+02    2.695640E+01
  2.151515E+02    2.695883E+01
  2.151815E+02    2.696127E+01
  2.152115E+02    2.696371E+01
  2.152415E+02    2.696615E+01
  2.152715E+02    2.696859E+01
  2.153015E+02    2.697102E+01
  2.153315E+02    2.697346E+01
  2.153615E+02    2.697590E+01
  2.153915E+02    2.697834E+01
  2.154215E+02    2.698078E+01
  2.154515E+02    2.698322E+01
  2.154815E+02    2.698566E+01
  2.155116E+02    2.698810E+01
  2.155416E+02    2.699054E+01
  2.155716E+02    2.699299E+01
  2.156016E+02    2.699543E+01
  2.156316E+02    2.699787E+01
  2.156616E+02    2.700031E+01
  2.156916E+02    2.700276E+01
  2.157216E+02    2.700520E+01
  2.157516E+02    2.700764E+01
  2.157816E+02    2.701009E+01
  2.158116E+02    2.701253E+01
  2.158416E+02    2.701497E+01
  2.158716E+02    2.701742E+01
  2.159016E+02    2.701986E+01
  2.159316E+02    2.702231E+01
  2.159616E+02    2.702475E+01
  2.159916E+02    2.702720E+01
  2.160216E+02    2.702965E+01
  2.160516E+02    2.703209E+01
  2.160816E+02    2.703454E+01
  2.161116E+02    2.703699E+01
  2.161416E+02    2.703944E+01
  2.161716E+02    2.704188E+01
  2.162016E+02    2.704433E+01
  2.162316E+02    2.704678E+01
  2.162616E+02    2.704923E+01
  2.162916E+02    2.705168E+01
  2.163216E+02    2.705413E+01
  2.163516E+02    2.705658E+01
  2.163816E+02    2.705903E+01
  2.164116E+02    2.706148E+01
  2.164416E+02    2.706393E+01
  2.164716E+02    2.706638E+01
  2.165017E+02    2.706883E+01
  2.165317E+02    2.707128E+01
  2.165617E+02    2.707373E+01
  2.165917E+02    2.707618E+01
  2.166217E+02    2.707864E+01
  2.166517E+02    2.708109E+01
  2.166817E+02    2.708354E+01
  2.167117E+02    2.708600E+01
  2.167417E+02    2.708845E+01
  2.167717E+02    2.709090E+01
  2.168017E+02    2.709336E+01
  2.168317E+02    2.709581E+01
  2.168617E+02    2.709827E+01
  2.168917E+02    2.710072E+01
  2.169217E+02    2.710318E+01
  2.169517E+02    2.710564E+01
  2.169817E+02    2.710809E+01
  2.170117E+02    2.711055E+01
  2.170417E+02    2.711300E+01
  2.170717E+02    2.711546E+01
  2.171017E+02    2.711792E+01
  2.171317E+02    2.712038E+01
  2.171617E+02    2.712284E+01
  2.171917E+02    2.712529E+01
  2.172217E+02    2.712775E+01
  2.172517E+02    2.713021E+01
  2.172817E+02    2.713267E+01
  2.173117E+02    2.713513E+01
  2.173417E+02    2.713759E+01
  2.173717E+02    2.714005E+01
  2.174017E+02    2.714251E+01
  2.174317E+02    2.714497E+01
  2.174617E+02    2.714743E+01
  2.174917E+02    2.714990E+01
  2.175218E+02    2.715236E+01
  2.175518E+02    2.715482E+01
  2.175818E+02    2.715728E+01
  2.176118E+02    2.715974E+01
  2.176418E+02    2.716221E+01
  2.176718E+02    2.716467E+01
  2.177018E+02    2.716713E+01
  2.177318E+02    2.716960E+01
  2.177618E+02    2.717206E+01
  2.177918E+02    2.717453E+01
  2.178218E+02    2.717699E+01
  2.178518E+02    2.717946E+01
  2.178818E+02    2.718192E+01
  2.179118E+02    2.718439E+01
  2.179418E+02    2.718686E+01
  2.179718E+02    2.718932E+01
  2.180018E+02    2.719179E+01
  2.180318E+02    2.719426E+01
  2.180618E+02    2.719672E+01
  2.180918E+02    2.719919E+01
  2.181218E+02    2.720166E+01
  2.181518E+02    2.720413E+01
  2.181818E+02    2.720660E+01
  2.182118E+02    2.720907E+01
  2.182418E+02    2.721153E+01
  2.182718E+02    2.721400E+01
  2.183018E+02    2.721647E+01
  2.183318E+02    2.721894E+01
  2.183618E+02    2.722142E+01
  2.183918E+02    2.722389E+01
  2.184218E+02    2.722636E+01
  2.184518E+02    2.722883E+01
  2.184818E+02    2.723130E+01
  2.185119E+02    2.723377E+01
  2.185419E+02    2.723625E+01
  2.185719E+02    2.723872E+01
  2.186019E+02    2.724119E+01
  2.186319E+02    2.724366E+01
  2.186619E+02    2.724614E+01
  2.186919E+02    2.724861E+01
  2.187219E+02    2.725109E+01
  2.187519E+02    2.725356E+01
  2.187819E+02    2.725604E+01
  2.188119E+02    2.725851E+01
  2.188419E+02    2.726099E+01
  2.188719E+02    2.726346E+01
  2.189019E+02    2.726594E+01
  2.189319E+02    2.726842E+01
  2.189619E+02    2.727089E+01
  2.189919E+02    2.727337E+01
  2.190219E+02    2.727585E+01
  2.190519E+02    2.727833E+01
  2.190819E+02    2.728080E+01
  2.191119E+02    2.728328E+01
  2.191419E+02    2.728576E+01
  2.191719E+02    2.728824E+01
  2.192019E+02    2.729072E+01
  2.192319E+02    2.729320E+01
  2.192619E+02    2.729568E+01
  2.192919E+02    2.729816E+01
  2.193219E+02    2.730064E+01
  2.193519E+02    2.730312E+01
  2.193819E+02    2.730560E+01
  2.194119E+02    2.730808E+01
  2.194419E+02    2.731056E+01
  2.194719E+02    2.731305E+01
  2.195020E+02    2.731553E+01
  2.195320E+02    2.731801E+01
  2.195620E+02    2.732049E+01
  2.195920E+02    2.732298E+01
  2.196220E+02    2.732546E+01
  2.196520E+02    2.732795E+01
  2.196820E+02    2.733043E+01
  2.197120E+02    2.733292E+01
  2.197420E+02    2.733540E+01
  2.197720E+02    2.733789E+01
  2.198020E+02    2.734037E+01
  2.198320E+02    2.734286E+01
  2.198620E+02    2.734534E+01
  2.198920E+02    2.734783E+01
  2.199220E+02    2.735032E+01
  2.199520E+02    2.735280E+01
  2.199820E+02    2.735529E+01
  2.200120E+02    2.735778E+01
  2.200420E+02    2.736027E+01
  2.200720E+02    2.736276E+01
  2.201020E+02    2.736524E+01
  2.201320E+02    2.736773E+01
  2.201620E+02    2.737022E+01
  2.201920E+02    2.737271E+01
  2.202220E+02    2.737520E+01
  2.202520E+02    2.737769E+01
  2.202820E+02    2.738018E+01
  2.203120E+02    2.738267E+01
  2.203420E+02    2.738516E+01
  2.203720E+02    2.738766E+01
  2.204020E+02    2.739015E+01
  2.204320E+02    2.739264E+01
  2.204620E+02    2.739513E+01
  2.204920E+02    2.739763E+01
  2.205221E+02    2.740012E+01
  2.205521E+02    2.740261E+01
  2.205821E+02    2.740511E+01
  2.206121E+02    2.740760E+01
  2.206421E+02    2.741009E+01
  2.206721E+02    2.741259E+01
  2.207021E+02    2.741508E+01
  2.207321E+02    2.741758E+01
  2.207621E+02    2.742007E+01
  2.207921E+02    2.742257E+01
  2.208221E+02    2.742507E+01
  2.208521E+02    2.742756E+01
  2.208821E+02    2.743006E+01
  2.209121E+02    2.743256E+01
  2.209421E+02    2.743505E+01
  2.209721E+02    2.743755E+01
  2.210021E+02    2.744005E+01
  2.210321E+02    2.744255E+01
  2.210621E+02    2.744505E+01
  2.210921E+02    2.744755E+01
  2.211221E+02    2.745005E+01
  2.211521E+02    2.745254E+01
  2.211821E+02    2.745504E+01
  2.212121E+02    2.745755E+01
  2.212421E+02    2.746005E+01
  2.212721E+02    2.746255E+01
  2.213021E+02    2.746505E+01
  2.213321E+02    2.746755E+01
  2.213621E+02    2.747005E+01
  2.213921E+02    2.747255E+01
  2.214221E+02    2.747506E+01
  2.214521E+02    2.747756E+01
  2.214821E+02    2.748006E+01
  2.215122E+02    2.748256E+01
  2.215422E+02    2.748507E+01
  2.215722E+02    2.748757E+01
  2.216022E+02    2.749008E+01
  2.216322E+02    2.749258E+01
  2.216622E+02    2.749509E+01
  2.216922E+02    2.749759E+01
  2.217222E+02    2.750010E+01
  2.217522E+02    2.750260E+01
  2.217822E+02    2.750511E+01
  2.218122E+02    2.750762E+01
  2.218422E+02    2.751012E+01
  2.218722E+02    2.751263E+01
  2.219022E+02    2.751514E+01
  2.219322E+02    2.751764E+01
  2.219622E+02    2.752015E+01
  2.219922E+02    2.752266E+01
  2.220222E+02    2.752517E+01
  2.220522E+02    2.752768E+01
  2.220822E+02    2.753019E+01
  2.221122E+02    2.753270E+01
  2.221422E+02    2.753521E+01
  2.221722E+02    2.753772E+01
  2.222022E+02    2.754023E+01
  2.222322E+02    2.754274E+01
  2.222622E+02    2.754525E+01
  2.222922E+02    2.754776E+01
  2.223222E+02    2.755027E+01
  2.223522E+02    2.755279E+01
  2.223822E+02    2.755530E+01
  2.224122E+02    2.755781E+01
  2.224422E+02    2.756032E+01
  2.224722E+02    2.756284E+01
  2.225023E+02    2.756535E+01
  2.225323E+02    2.756787E+01
  2.225623E+02    2.757038E+01
  2.225923E+02    2.757289E+01
  2.226223E+02    2.757541E+01
  2.226523E+02    2.757792E+01
  2.226823E+02    2.758044E+01
  2.227123E+02    2.758296E+01
  2.227423E+02    2.758547E+01
  2.227723E+02    2.758799E+01
  2.228023E+02    2.759051E+01
  2.228323E+02    2.759302E+01
  2.228623E+02    2.759554E+01
  2.228923E+02    2.759806E+01
  2.229223E+02    2.760058E+01
  2.229523E+02    2.760309E+01
  2.229823E+02    2.760561E+01
  2.230123E+02    2.760813E+01
  2.230423E+02    2.761065E+01
  2.230723E+02    2.761317E+01
  2.231023E+02    2.761569E+01
  2.231323E+02    2.761821E+01
  2.231623E+02    2.762073E+01
  2.231923E+02    2.762325E+01
  2.232223E+02    2.762577E+01
  2.232523E+02    2.762830E+01
  2.232823E+02    2.763082E+01
  2.233123E+02    2.763334E+01
  2.233423E+02    2.763586E+01
  2.233723E+02    2.763838E+01
  2.234023E+02    2.764091E+01
  2.234323E+02    2.764343E+01
  2.234623E+02    2.764595E+01
  2.234923E+02    2.764848E+01
  2.235224E+02    2.765100E+01
  2.235524E+02    2.765353E+01
  2.235824E+02    2.765605E+01
  2.236124E+02    2.765858E+01
  2.236424E+02    2.766110E+01
  2.236724E+02    2.766363E+01
  2.237024E+02    2.766615E+01
  2.237324E+02    2.766868E+01
  2.237624E+02    2.767121E+01
  2.237924E+02    2.767374E+01
  2.238224E+02    2.767626E+01
  2.238524E+02    2.767879E+01
  2.238824E+02    2.768132E+01
  2.239124E+02    2.768385E+01
  2.239424E+02    2.768638E+01
  2.239724E+02    2.768890E+01
  2.240024E+02    2.769143E+01
  2.240324E+02    2.769396E+01
  2.240624E+02    2.769649E+01
  2.240924E+02    2.769902E+01
  2.241224E+02    2.770155E+01
  2.241524E+02    2.770408E+01
  2.241824E+02    2.770662E+01
  2.242124E+02    2.770915E+01
  2.242424E+02    2.771168E+01
  2.242724E+02    2.771421E+01
  2.243024E+02    2.771674E+01
  2.243324E+02    2.771928E+01
  2.243624E+02    2.772181E+01
  2.243924E+02    2.772434E+01
  2.244224E+02    2.772688E+01
  2.244524E+02    2.772941E+01
  2.244824E+02    2.773194E+01
  2.245125E+02    2.773448E+01
  2.245425E+02    2.773701E+01
  2.245725E+02    2.773955E+01
  2.246025E+02    2.774209E+01
  2.246325E+02    2.774462E+01
  2.246625E+02    2.774716E+01
  2.246925E+02    2.774969E+01
  2.247225E+02    2.775223E+01
  2.247525E+02    2.775477E+01
  2.247825E+02    2.775731E+01
  2.248125E+02    2.775984E+01
  2.248425E+02    2.776238E+01
  2.248725E+02    2.776492E+01
  2.249025E+02    2.776746E+01
  2.249325E+02    2.777000E+01
  2.249625E+02    2.777254E+01
  2.249925E+02    2.777508E+01
  2.250225E+02    2.777762E+01
  2.250525E+02    2.778016E+01
  2.250825E+02    2.778270E+01
  2.251125E+02    2.778524E+01
  2.251425E+02    2.778778E+01
  2.251725E+02    2.779032E+01
  2.252025E+02    2.779286E+01
  2.252325E+02    2.779540E+01
  2.252625E+02    2.779795E+01
  2.252925E+02    2.780049E+01
  2.253225E+02    2.780303E+01
  2.253525E+02    2.780558E+01
  2.253825E+02    2.780812E+01
  2.254125E+02    2.781066E+01
  2.254425E+02    2.781321E+01
  2.254725E+02    2.781575E+01
  2.255026E+02    2.781830E+01
  2.255326E+02    2.782084E+01
  2.255626E+02    2.782339E+01
  2.255926E+02    2.782593E+01
  2.256226E+02    2.782848E+01
  2.256526E+02    2.783103E+01
  2.256826E+02    2.783357E+01
  2.257126E+02    2.783612E+01
  2.257426E+02    2.783867E+01
  2.257726E+02    2.784121E+01
  2.258026E+02    2.784376E+01
  2.258326E+02    2.784631E+01
  2.258626E+02    2.784886E+01
  2.258926E+02    2.785141E+01
  2.259226E+02    2.785396E+01
  2.259526E+02    2.785651E+01
  2.259826E+02    2.785906E+01
  2.260126E+02    2.786161E+01
  2.260426E+02    2.786416E+01
  2.260726E+02    2.786671E+01
  2.261026E+02    2.786926E+01
  2.261326E+02    2.787181E+01
  2.261626E+02    2.787436E+01
  2.261926E+02    2.787692E+01
  2.262226E+02    2.787947E+01
  2.262526E+02    2.788202E+01
  2.262826E+02    2.788457E+01
  2.263126E+02    2.788713E+01
  2.263426E+02    2.788968E+01
  2.263726E+02    2.789223E+01
  2.264026E+02    2.789479E+01
  2.264326E+02    2.789734E+01
  2.264626E+02    2.789990E+01
  2.264926E+02    2.790245E+01
  2.265227E+02    2.790501E+01
  2.265527E+02    2.790757E+01
  2.265827E+02    2.791012E+01
  2.266127E+02    2.791268E+01
  2.266427E+02    2.791523E+01
  2.266727E+02    2.791779E+01
  2.267027E+02    2.792035E+01
  2.267327E+02    2.792291E+01
  2.267627E+02    2.792546E+01
  2.267927E+02    2.792802E+01
  2.268227E+02    2.793058E+01
  2.268527E+02    2.793314E+01
  2.268827E+02    2.793570E+01
  2.269127E+02    2.793826E+01
  2.269427E+02    2.794082E+01
  2.269727E+02    2.794338E+01
  2.270027E+02    2.794594E+01
  2.270327E+02    2.794850E+01
  2.270627E+02    2.795106E+01
  2.270927E+02    2.795362E+01
  2.271227E+02    2.795619E+01
  2.271527E+02    2.795875E+01
  2.271827E+02    2.796131E+01
  2.272127E+02    2.796387E+01
  2.272427E+02    2.796644E+01
  2.272727E+02    2.796900E+01
  2.273027E+02    2.797156E+01
  2.273327E+02    2.797413E+01
  2.273627E+02    2.797669E+01
  2.273927E+02    2.797926E+01
  2.274227E+02    2.798182E+01
  2.274527E+02    2.798439E+01
  2.274827E+02    2.798695E+01
  2.275128E+02    2.798952E+01
  2.275428E+02    2.799208E+01
  2.275728E+02    2.799465E+01
  2.276028E+02    2.799722E+01
  2.276328E+02    2.799978E+01
  2.276628E+02    2.800235E+01
  2.276928E+02    2.800492E+01
  2.277228E+02    2.800749E+01
  2.277528E+02    2.801005E+01
  2.277828E+02    2.801262E+01
  2.278128E+02    2.801519E+01
  2.278428E+02    2.801776E+01
  2.278728E+02    2.802033E+01
  2.279028E+02    2.802290E+01
  2.279328E+02    2.802547E+01
  2.279628E+02    2.802804E+01
  2.279928E+02    2.803061E+01
  2.280228E+02    2.803318E+01
  2.280528E+02    2.803576E+01
  2.280828E+02    2.803833E+01
  2.281128E+02    2.804090E+01
  2.281428E+02    2.804347E+01
  2.281728E+02    2.804604E+01
  2.282028E+02    2.804862E+01
  2.282328E+02    2.805119E+01
  2.282628E+02    2.805376E+01
  2.282928E+02    2.805634E+01
  2.283228E+02    2.805891E+01
  2.283528E+02    2.806149E+01
  2.283828E+02    2.806406E+01
  2.284128E+02    2.806664E+01
  2.284428E+02    2.806921E+01
  2.284728E+02    2.807179E+01
  2.285029E+02    2.807436E+01
  2.285329E+02    2.807694E+01
  2.285629E+02    2.807952E+01
  2.285929E+02    2.808209E+01
  2.286229E+02    2.808467E+01
  2.286529E+02    2.808725E+01
  2.286829E+02    2.808983E+01
  2.287129E+02    2.809241E+01
  2.287429E+02    2.809498E+01
  2.287729E+02    2.809756E+01
  2.288029E+02    2.810014E+01
  2.288329E+02    2.810272E+01
  2.288629E+02    2.810530E+01
  2.288929E+02    2.810788E+01
  2.289229E+02    2.811046E+01
  2.289529E+02    2.811304E+01
  2.289829E+02    2.811563E+01
  2.290129E+02    2.811821E+01
  2.290429E+02    2.812079E+01
  2.290729E+02    2.812337E+01
  2.291029E+02    2.812595E+01
  2.291329E+02    2.812854E+01
  2.291629E+02    2.813112E+01
  2.291929E+02    2.813370E+01
  2.292229E+02    2.813629E+01
  2.292529E+02    2.813887E+01
  2.292829E+02    2.814145E+01
  2.293129E+02    2.814404E+01
  2.293429E+02    2.814662E+01
  2.293729E+02    2.814921E+01
  2.294029E+02    2.815179E+01
  2.294329E+02    2.815438E+01
  2.294629E+02    2.815697E+01
  2.294929E+02    2.815955E+01
  2.295230E+02    2.816214E+01
  2.295530E+02    2.816473E+01
  2.295830E+02    2.816731E+01
  2.296130E+02    2.816990E+01
  2.296430E+02    2.817249E+01
  2.296730E+02    2.817508E+01
  2.297030E+02    2.817767E+01
  2.297330E+02    2.818025E+01
  2.297630E+02    2.818284E+01
  2.297930E+02    2.818543E+01
  2.298230E+02    2.818802E+01
  2.298530E+02    2.819061E+01
  2.298830E+02    2.819320E+01
  2.299130E+02    2.819579E+01
  2.299430E+02    2.819839E+01
  2.299730E+02    2.820098E+01
  2.300030E+02    2.820357E+01
  2.300330E+02    2.820616E+01
  2.300630E+02    2.820875E+01
  2.300930E+02    2.821135E+01
  2.301230E+02    2.821394E+01
  2.301530E+02    2.821653E+01
  2.301830E+02    2.821913E+01
  2.302130E+02    2.822172E+01
  2.302430E+02    2.822431E+01
  2.302730E+02    2.822691E+01
  2.303030E+02    2.822950E+01
  2.303330E+02    2.823210E+01
  2.303630E+02    2.823469E+01
  2.303930E+02    2.823729E+01
  2.304230E+02    2.823989E+01
  2.304530E+02    2.824248E+01
  2.304830E+02    2.824508E+01
  2.305131E+02    2.824768E+01
  2.305431E+02    2.825027E+01
  2.305731E+02    2.825287E+01
  2.306031E+02    2.825547E+01
  2.306331E+02    2.825807E+01
  2.306631E+02    2.826067E+01
  2.306931E+02    2.826327E+01
  2.307231E+02    2.826586E+01
  2.307531E+02    2.826846E+01
  2.307831E+02    2.827106E+01
  2.308131E+02    2.827366E+01
  2.308431E+02    2.827627E+01
  2.308731E+02    2.827887E+01
  2.309031E+02    2.828147E+01
  2.309331E+02    2.828407E+01
  2.309631E+02    2.828667E+01
  2.309931E+02    2.828927E+01
  2.310231E+02    2.829187E+01
  2.310531E+02    2.829448E+01
  2.310831E+02    2.829708E+01
  2.311131E+02    2.829968E+01
  2.311431E+02    2.830229E+01
  2.311731E+02    2.830489E+01
  2.312031E+02    2.830750E+01
  2.312331E+02    2.831010E+01
  2.312631E+02    2.831270E+01
  2.312931E+02    2.831531E+01
  2.313231E+02    2.831792E+01
  2.313531E+02    2.832052E+01
  2.313831E+02    2.832313E+01
  2.314131E+02    2.832573E+01
  2.314431E+02    2.832834E+01
  2.314731E+02    2.833095E+01
  2.315032E+02    2.833355E+01
  2.315332E+02    2.833616E+01
  2.315632E+02    2.833877E+01
  2.315932E+02    2.834138E+01
  2.316232E+02    2.834399E+01
  2.316532E+02    2.834660E+01
  2.316832E+02    2.834921E+01
  2.317132E+02    2.835182E+01
  2.317432E+02    2.835442E+01
  2.317732E+02    2.835704E+01
  2.318032E+02    2.835965E+01
  2.318332E+02    2.836226E+01
  2.318632E+02    2.836487E+01
  2.318932E+02    2.836748E+01
  2.319232E+02    2.837009E+01
  2.319532E+02    2.837270E+01
  2.319832E+02    2.837532E+01
  2.320132E+02    2.837793E+01
  2.320432E+02    2.838054E+01
  2.320732E+02    2.838315E+01
  2.321032E+02    2.838577E+01
  2.321332E+02    2.838838E+01
  2.321632E+02    2.839100E+01
  2.321932E+02    2.839361E+01
  2.322232E+02    2.839623E+01
  2.322532E+02    2.839884E+01
  2.322832E+02    2.840146E+01
  2.323132E+02    2.840407E+01
  2.323432E+02    2.840669E+01
  2.323732E+02    2.840930E+01
  2.324032E+02    2.841192E+01
  2.324332E+02    2.841454E+01
  2.324632E+02    2.841716E+01
  2.324932E+02    2.841977E+01
  2.325233E+02    2.842239E+01
  2.325533E+02    2.842501E+01
  2.325833E+02    2.842763E+01
  2.326133E+02    2.843025E+01
  2.326433E+02    2.843287E+01
  2.326733E+02    2.843549E+01
  2.327033E+02    2.843811E+01
  2.327333E+02    2.844073E+01
  2.327633E+02    2.844335E+01
  2.327933E+02    2.844597E+01
  2.328233E+02    2.844859E+01
  2.328533E+02    2.845121E+01
  2.328833E+02    2.845383E+01
  2.329133E+02    2.845645E+01
  2.329433E+02    2.845908E+01
  2.329733E+02    2.846170E+01
  2.330033E+02    2.846432E+01
  2.330333E+02    2.846694E+01
  2.330633E+02    2.846957E+01
  2.330933E+02    2.847219E+01
  2.331233E+02    2.847482E+01
  2.331533E+02    2.847744E+01
  2.331833E+02    2.848007E+01
  2.332133E+02    2.848269E+01
  2.332433E+02    2.848532E+01
  2.332733E+02    2.848794E+01
  2.333033E+02    2.849057E+01
  2.333333E+02    2.849319E+01
  2.333633E+02    2.849582E+01
  2.333933E+02    2.849845E+01
  2.334233E+02    2.850108E+01
  2.334533E+02    2.850370E+01
  2.334833E+02    2.850633E+01
  2.335134E+02    2.850896E+01
  2.335434E+02    2.851159E+01
  2.335734E+02    2.851422E+01
  2.336034E+02    2.851685E+01
  2.336334E+02    2.851948E+01
  2.336634E+02    2.852211E+01
  2.336934E+02    2.852474E+01
  2.337234E+02    2.852737E+01
  2.337534E+02    2.853000E+01
  2.337834E+02    2.853263E+01
  2.338134E+02    2.853526E+01
  2.338434E+02    2.853789E+01
  2.338734E+02    2.854052E+01
  2.339034E+02    2.854316E+01
  2.339334E+02    2.854579E+01
  2.339634E+02    2.854842E+01
  2.339934E+02    2.855105E+01
  2.340234E+02    2.855369E+01
  2.340534E+02    2.855632E+01
  2.340834E+02    2.855896E+01
  2.341134E+02    2.856159E+01
  2.341434E+02    2.856423E+01
  2.341734E+02    2.856686E+01
  2.342034E+02    2.856950E+01
  2.342334E+02    2.857213E+01
  2.342634E+02    2.857477E+01
  2.342934E+02    2.857740E+01
  2.343234E+02    2.858004E+01
  2.343534E+02    2.858268E+01
  2.343834E+02    2.858532E+01
  2.344134E+02    2.858795E+01
  2.344434E+02    2.859059E+01
  2.344734E+02    2.859323E+01
  2.345035E+02    2.859587E+01
  2.345335E+02    2.859851E+01
  2.345635E+02    2.860115E+01
  2.345935E+02    2.860379E+01
  2.346235E+02    2.860643E+01
  2.346535E+02    2.860907E+01
  2.346835E+02    2.861171E+01
  2.347135E+02    2.861435E+01
  2.347435E+02    2.861699E+01
  2.347735E+02    2.861963E+01
  2.348035E+02    2.862227E+01
  2.348335E+02    2.862491E+01
  2.348635E+02    2.862756E+01
  2.348935E+02    2.863020E+01
  2.349235E+02    2.863284E+01
  2.349535E+02    2.863548E+01
  2.349835E+02    2.863813E+01
  2.350135E+02    2.864077E+01
  2.350435E+02    2.864342E+01
  2.350735E+02    2.864606E+01
  2.351035E+02    2.864871E+01
  2.351335E+02    2.865135E+01
  2.351635E+02    2.865400E+01
  2.351935E+02    2.865664E+01
  2.352235E+02    2.865929E+01
  2.352535E+02    2.866193E+01
  2.352835E+02    2.866458E+01
  2.353135E+02    2.866723E+01
  2.353435E+02    2.866988E+01
  2.353735E+02    2.867252E+01
  2.354035E+02    2.867517E+01
  2.354335E+02    2.867782E+01
  2.354635E+02    2.868047E+01
  2.354935E+02    2.868312E+01
  2.355236E+02    2.868577E+01
  2.355536E+02    2.868842E+01
  2.355836E+02    2.869107E+01
  2.356136E+02    2.869372E+01
  2.356436E+02    2.869637E+01
  2.356736E+02    2.869902E+01
  2.357036E+02    2.870167E+01
  2.357336E+02    2.870432E+01
  2.357636E+02    2.870697E+01
  2.357936E+02    2.870962E+01
  2.358236E+02    2.871228E+01
  2.358536E+02    2.871493E+01
  2.358836E+02    2.871758E+01
  2.359136E+02    2.872023E+01
  2.359436E+02    2.872289E+01
  2.359736E+02    2.872554E+01
  2.360036E+02    2.872820E+01
  2.360336E+02    2.873085E+01
  2.360636E+02    2.873350E+01
  2.360936E+02    2.873616E+01
  2.361236E+02    2.873882E+01
  2.361536E+02    2.874147E+01
  2.361836E+02    2.874413E+01
  2.362136E+02    2.874678E+01
  2.362436E+02    2.874944E+01
  2.362736E+02    2.875210E+01
  2.363036E+02    2.875475E+01
  2.363336E+02    2.875741E+01
  2.363636E+02    2.876007E+01
  2.363936E+02    2.876273E+01
  2.364236E+02    2.876539E+01
  2.364536E+02    2.876805E+01
  2.364836E+02    2.877071E+01
  2.365137E+02    2.877336E+01
  2.365437E+02    2.877602E+01
  2.365737E+02    2.877868E+01
  2.366037E+02    2.878135E+01
  2.366337E+02    2.878401E+01
  2.366637E+02    2.878667E+01
  2.366937E+02    2.878933E+01
  2.367237E+02    2.879199E+01
  2.367537E+02    2.879465E+01
  2.367837E+02    2.879731E+01
  2.368137E+02    2.879998E+01
  2.368437E+02    2.880264E+01
  2.368737E+02    2.880530E+01
  2.369037E+02    2.880797E+01
  2.369337E+02    2.881063E+01
  2.369637E+02    2.881329E+01
  2.369937E+02    2.881596E+01
  2.370237E+02    2.881862E+01
  2.370537E+02    2.882129E+01
  2.370837E+02    2.882395E+01
  2.371137E+02    2.882662E+01
  2.371437E+02    2.882929E+01
  2.371737E+02    2.883195E+01
  2.372037E+02    2.883462E+01
  2.372337E+02    2.883729E+01
  2.372637E+02    2.883995E+01
  2.372937E+02    2.884262E+01
  2.373237E+02    2.884529E+01
  2.373537E+02    2.884796E+01
  2.373837E+02    2.885063E+01
  2.374137E+02    2.885330E+01
  2.374437E+02    2.885596E+01
  2.374737E+02    2.885863E+01
  2.375038E+02    2.886130E+01
  2.375338E+02    2.886397E+01
  2.375638E+02    2.886664E+01
  2.375938E+02    2.886932E+01
  2.376238E+02    2.887199E+01
  2.376538E+02    2.887466E+01
  2.376838E+02    2.887733E+01
  2.377138E+02    2.888000E+01
  2.377438E+02    2.888267E+01
  2.377738E+02    2.888535E+01
  2.378038E+02    2.888802E+01
  2.378338E+02    2.889069E+01
  2.378638E+02    2.889337E+01
  2.378938E+02    2.889604E+01
  2.379238E+02    2.889871E+01
  2.379538E+02    2.890139E+01
  2.379838E+02    2.890406E+01
  2.380138E+02    2.890674E+01
  2.380438E+02    2.890941E+01
  2.380738E+02    2.891209E+01
  2.381038E+02    2.891477E+01
  2.381338E+02    2.891744E+01
  2.381638E+02    2.892012E+01
  2.381938E+02    2.892280E+01
  2.382238E+02    2.892547E+01
  2.382538E+02    2.892815E+01
  2.382838E+02    2.893083E+01
  2.383138E+02    2.893351E+01
  2.383438E+02    2.893619E+01
  2.383738E+02    2.893886E+01
  2.384038E+02    2.894154E+01
  2.384338E+02    2.894422E+01
  2.384638E+02    2.894690E+01
  2.384938E+02    2.894958E+01
  2.385239E+02    2.895226E+01
  2.385539E+02    2.895494E+01
  2.385839E+02    2.895763E+01
  2.386139E+02    2.896031E+01
  2.386439E+02    2.896299E+01
  2.386739E+02    2.896567E+01
  2.387039E+02    2.896835E+01
  2.387339E+02    2.897104E+01
  2.387639E+02    2.897372E+01
  2.387939E+02    2.897640E+01
  2.388239E+02    2.897908E+01
  2.388539E+02    2.898177E+01
  2.388839E+02    2.898445E+01
  2.389139E+02    2.898714E+01
  2.389439E+02    2.898982E+01
  2.389739E+02    2.899251E+01
  2.390039E+02    2.899519E+01
  2.390339E+02    2.899788E+01
  2.390639E+02    2.900056E+01
  2.390939E+02    2.900325E+01
  2.391239E+02    2.900594E+01
  2.391539E+02    2.900862E+01
  2.391839E+02    2.901131E+01
  2.392139E+02    2.901400E+01
  2.392439E+02    2.901669E+01
  2.392739E+02    2.901938E+01
  2.393039E+02    2.902206E+01
  2.393339E+02    2.902475E+01
  2.393639E+02    2.902744E+01
  2.393939E+02    2.903013E+01
  2.394239E+02    2.903282E+01
  2.394539E+02    2.903551E+01
  2.394839E+02    2.903820E+01
  2.395140E+02    2.904089E+01
  2.395440E+02    2.904358E+01
  2.395740E+02    2.904628E+01
  2.396040E+02    2.904897E+01
  2.396340E+02    2.905166E+01
  2.396640E+02    2.905435E+01
  2.396940E+02    2.905704E+01
  2.397240E+02    2.905974E+01
  2.397540E+02    2.906243E+01
  2.397840E+02    2.906512E+01
  2.398140E+02    2.906782E+01
  2.398440E+02    2.907051E+01
  2.398740E+02    2.907321E+01
  2.399040E+02    2.907590E+01
  2.399340E+02    2.907860E+01
  2.399640E+02    2.908129E+01
  2.399940E+02    2.908399E+01
  2.400240E+02    2.908668E+01
  2.400540E+02    2.908938E+01
  2.400840E+02    2.909208E+01
  2.401140E+02    2.909477E+01
  2.401440E+02    2.909747E+01
  2.401740E+02    2.910017E+01
  2.402040E+02    2.910287E+01
  2.402340E+02    2.910556E+01
  2.402640E+02    2.910826E+01
  2.402940E+02    2.911096E+01
  2.403240E+02    2.911366E+01
  2.403540E+02    2.911636E+01
  2.403840E+02    2.911906E+01
  2.404140E+02    2.912176E+01
  2.404440E+02    2.912446E+01
  2.404740E+02    2.912716E+01
  2.405041E+02    2.912986E+01
  2.405341E+02    2.913256E+01
  2.405641E+02    2.913527E+01
  2.405941E+02    2.913797E+01
  2.406241E+02    2.914067E+01
  2.406541E+02    2.914337E+01
  2.406841E+02    2.914608E+01
  2.407141E+02    2.914878E+01
  2.407441E+02    2.915148E+01
  2.407741E+02    2.915419E+01
  2.408041E+02    2.915689E+01
  2.408341E+02    2.915959E+01
  2.408641E+02    2.916230E+01
  2.408941E+02    2.916500E+01
  2.409241E+02    2.916771E+01
  2.409541E+02    2.917042E+01
  2.409841E+02    2.917312E+01
  2.410141E+02    2.917583E+01
  2.410441E+02    2.917853E+01
  2.410741E+02    2.918124E+01
  2.411041E+02    2.918395E+01
  2.411341E+02    2.918666E+01
  2.411641E+02    2.918936E+01
  2.411941E+02    2.919207E+01
  2.412241E+02    2.919478E+01
  2.412541E+02    2.919749E+01
  2.412841E+02    2.920020E+01
  2.413141E+02    2.920291E+01
  2.413441E+02    2.920562E+01
  2.413741E+02    2.920833E+01
  2.414041E+02    2.921104E+01
  2.414341E+02    2.921375E+01
  2.414641E+02    2.921646E+01
  2.414941E+02    2.921917E+01
  2.415242E+02    2.922188E+01
  2.415542E+02    2.922460E+01
  2.415842E+02    2.922731E+01
  2.416142E+02    2.923002E+01
  2.416442E+02    2.923273E+01
  2.416742E+02    2.923545E+01
  2.417042E+02    2.923816E+01
  2.417342E+02    2.924087E+01
  2.417642E+02    2.924359E+01
  2.417942E+02    2.924630E+01
  2.418242E+02    2.924902E+01
  2.418542E+02    2.925173E+01
  2.418842E+02    2.925445E+01
  2.419142E+02    2.925716E+01
  2.419442E+02    2.925988E+01
  2.419742E+02    2.926260E+01
  2.420042E+02    2.926531E+01
  2.420342E+02    2.926803E+01
  2.420642E+02    2.927075E+01
  2.420942E+02    2.927346E+01
  2.421242E+02    2.927618E+01
  2.421542E+02    2.927890E+01
  2.421842E+02    2.928162E+01
  2.422142E+02    2.928434E+01
  2.422442E+02    2.928706E+01
  2.422742E+02    2.928978E+01
  2.423042E+02    2.929250E+01
  2.423342E+02    2.929522E+01
  2.423642E+02    2.929794E+01
  2.423942E+02    2.930066E+01
  2.424242E+02    2.930338E+01
  2.424542E+02    2.930610E+01
  2.424842E+02    2.930882E+01
  2.425143E+02    2.931154E+01
  2.425443E+02    2.931427E+01
  2.425743E+02    2.931699E+01
  2.426043E+02    2.931971E+01
  2.426343E+02    2.932243E+01
  2.426643E+02    2.932516E+01
  2.426943E+02    2.932788E+01
  2.427243E+02    2.933061E+01
  2.427543E+02    2.933333E+01
  2.427843E+02    2.933606E+01
  2.428143E+02    2.933878E+01
  2.428443E+02    2.934151E+01
  2.428743E+02    2.934423E+01
  2.429043E+02    2.934696E+01
  2.429343E+02    2.934968E+01
  2.429643E+02    2.935241E+01
  2.429943E+02    2.935514E+01
  2.430243E+02    2.935786E+01
  2.430543E+02    2.936059E+01
  2.430843E+02    2.936332E+01
  2.431143E+02    2.936605E+01
  2.431443E+02    2.936878E+01
  2.431743E+02    2.937151E+01
  2.432043E+02    2.937423E+01
  2.432343E+02    2.937696E+01
  2.432643E+02    2.937969E+01
  2.432943E+02    2.938242E+01
  2.433243E+02    2.938515E+01
  2.433543E+02    2.938789E+01
  2.433843E+02    2.939062E+01
  2.434143E+02    2.939335E+01
  2.434443E+02    2.939608E+01
  2.434743E+02    2.939881E+01
  2.435044E+02    2.940154E+01
  2.435344E+02    2.940428E+01
  2.435644E+02    2.940701E+01
  2.435944E+02    2.940974E+01
  2.436244E+02    2.941248E+01
  2.436544E+02    2.941521E+01
  2.436844E+02    2.941794E+01
  2.437144E+02    2.942068E+01
  2.437444E+02    2.942341E+01
  2.437744E+02    2.942615E+01
  2.438044E+02    2.942888E+01
  2.438344E+02    2.943162E+01
  2.438644E+02    2.943435E+01
  2.438944E+02    2.943709E+01
  2.439244E+02    2.943983E+01
  2.439544E+02    2.944256E+01
  2.439844E+02    2.944530E+01
  2.440144E+02    2.944804E+01
  2.440444E+02    2.945078E+01
  2.440744E+02    2.945352E+01
  2.441044E+02    2.945625E+01
  2.441344E+02    2.945899E+01
  2.441644E+02    2.946173E+01
  2.441944E+02    2.946447E+01
  2.442244E+02    2.946721E+01
  2.442544E+02    2.946995E+01
  2.442844E+02    2.947269E+01
  2.443144E+02    2.947543E+01
  2.443444E+02    2.947817E+01
  2.443744E+02    2.948091E+01
  2.444044E+02    2.948366E+01
  2.444344E+02    2.948640E+01
  2.444644E+02    2.948914E+01
  2.444944E+02    2.949188E+01
  2.445245E+02    2.949463E+01
  2.445545E+02    2.949737E+01
  2.445845E+02    2.950011E+01
  2.446145E+02    2.950286E+01
  2.446445E+02    2.950560E+01
  2.446745E+02    2.950835E+01
  2.447045E+02    2.951109E+01
  2.447345E+02    2.951384E+01
  2.447645E+02    2.951658E+01
  2.447945E+02    2.951933E+01
  2.448245E+02    2.952207E+01
  2.448545E+02    2.952482E+01
  2.448845E+02    2.952757E+01
  2.449145E+02    2.953031E+01
  2.449445E+02    2.953306E+01
  2.449745E+02    2.953581E+01
  2.450045E+02    2.953855E+01
  2.450345E+02    2.954130E+01
  2.450645E+02    2.954405E+01
  2.450945E+02    2.954680E+01
  2.451245E+02    2.954955E+01
  2.451545E+02    2.955230E+01
  2.451845E+02    2.955505E+01
  2.452145E+02    2.955780E+01
  2.452445E+02    2.956055E+01
  2.452745E+02    2.956330E+01
  2.453045E+02    2.956605E+01
  2.453345E+02    2.956880E+01
  2.453645E+02    2.957155E+01
  2.453945E+02    2.957431E+01
  2.454245E+02    2.957706E+01
  2.454545E+02    2.957981E+01
  2.454845E+02    2.958256E+01
  2.455146E+02    2.958532E+01
  2.455446E+02    2.958807E+01
  2.455746E+02    2.959082E+01
  2.456046E+02    2.959358E+01
  2.456346E+02    2.959633E+01
  2.456646E+02    2.959909E+01
  2.456946E+02    2.960184E+01
  2.457246E+02    2.960460E+01
  2.457546E+02    2.960735E+01
  2.457846E+02    2.961011E+01
  2.458146E+02    2.961287E+01
  2.458446E+02    2.961562E+01
  2.458746E+02    2.961838E+01
  2.459046E+02    2.962114E+01
  2.459346E+02    2.962389E+01
  2.459646E+02    2.962665E+01
  2.459946E+02    2.962941E+01
  2.460246E+02    2.963217E+01
  2.460546E+02    2.963493E+01
  2.460846E+02    2.963769E+01
  2.461146E+02    2.964045E+01
  2.461446E+02    2.964321E+01
  2.461746E+02    2.964597E+01
  2.462046E+02    2.964873E+01
  2.462346E+02    2.965149E+01
  2.462646E+02    2.965425E+01
  2.462946E+02    2.965701E+01
  2.463246E+02    2.965977E+01
  2.463546E+02    2.966253E+01
  2.463846E+02    2.966530E+01
  2.464146E+02    2.966806E+01
  2.464446E+02    2.967082E+01
  2.464746E+02    2.967358E+01
  2.465047E+02    2.967635E+01
  2.465347E+02    2.967911E+01
  2.465647E+02    2.968188E+01
  2.465947E+02    2.968464E+01
  2.466247E+02    2.968740E+01
  2.466547E+02    2.969017E+01
  2.466847E+02    2.969293E+01
  2.467147E+02    2.969570E+01
  2.467447E+02    2.969847E+01
  2.467747E+02    2.970123E+01
  2.468047E+02    2.970400E+01
  2.468347E+02    2.970677E+01
  2.468647E+02    2.970953E+01
  2.468947E+02    2.971230E+01
  2.469247E+02    2.971507E+01
  2.469547E+02    2.971784E+01
  2.469847E+02    2.972061E+01
  2.470147E+02    2.972337E+01
  2.470447E+02    2.972614E+01
  2.470747E+02    2.972891E+01
  2.471047E+02    2.973168E+01
  2.471347E+02    2.973445E+01
  2.471647E+02    2.973722E+01
  2.471947E+02    2.973999E+01
  2.472247E+02    2.974276E+01
  2.472547E+02    2.974554E+01
  2.472847E+02    2.974831E+01
  2.473147E+02    2.975108E+01
  2.473447E+02    2.975385E+01
  2.473747E+02    2.975662E+01
  2.474047E+02    2.975940E+01
  2.474347E+02    2.976217E+01
  2.474647E+02    2.976494E+01
  2.474947E+02    2.976772E+01
  2.475248E+02    2.977049E+01
  2.475548E+02    2.977327E+01
  2.475848E+02    2.977604E+01
  2.476148E+02    2.977882E+01
  2.476448E+02    2.978159E+01
  2.476748E+02    2.978437E+01
  2.477048E+02    2.978714E+01
  2.477348E+02    2.978992E+01
  2.477648E+02    2.979270E+01
  2.477948E+02    2.979547E+01
  2.478248E+02    2.979825E+01
  2.478548E+02    2.980103E+01
  2.478848E+02    2.980381E+01
  2.479148E+02    2.980658E+01
  2.479448E+02    2.980936E+01
  2.479748E+02    2.981214E+01
  2.480048E+02    2.981492E+01
  2.480348E+02    2.981770E+01
  2.480648E+02    2.982048E+01
  2.480948E+02    2.982326E+01
  2.481248E+02    2.982604E+01
  2.481548E+02    2.982882E+01
  2.481848E+02    2.983160E+01
  2.482148E+02    2.983438E+01
  2.482448E+02    2.983716E+01
  2.482748E+02    2.983995E+01
  2.483048E+02    2.984273E+01
  2.483348E+02    2.984551E+01
  2.483648E+02    2.984829E+01
  2.483948E+02    2.985108E+01
  2.484248E+02    2.985386E+01
  2.484548E+02    2.985664E+01
  2.484848E+02    2.985943E+01
  2.485149E+02    2.986221E+01
  2.485449E+02    2.986500E+01
  2.485749E+02    2.986778E+01
  2.486049E+02    2.987057E+01
  2.486349E+02    2.987335E+01
  2.486649E+02    2.987614E+01
  2.486949E+02    2.987893E+01
  2.487249E+02    2.988171E+01
  2.487549E+02    2.988450E+01
  2.487849E+02    2.988729E+01
  2.488149E+02    2.989007E+01
  2.488449E+02    2.989286E+01
  2.488749E+02    2.989565E+01
  2.489049E+02    2.989844E+01
  2.489349E+02    2.990123E+01
  2.489649E+02    2.990402E+01
  2.489949E+02    2.990681E+01
  2.490249E+02    2.990960E+01
  2.490549E+02    2.991239E+01
  2.490849E+02    2.991518E+01
  2.491149E+02    2.991797E+01
  2.491449E+02    2.992076E+01
  2.491749E+02    2.992355E+01
  2.492049E+02    2.992634E+01
  2.492349E+02    2.992913E+01
  2.492649E+02    2.993192E+01
  2.492949E+02    2.993472E+01
  2.493249E+02    2.993751E+01
  2.493549E+02    2.994030E+01
  2.493849E+02    2.994310E+01
  2.494149E+02    2.994589E+01
  2.494449E+02    2.994868E+01
  2.494749E+02    2.995148E+01
  2.495050E+02    2.995427E+01
  2.495350E+02    2.995707E+01
  2.495650E+02    2.995986E+01
  2.495950E+02    2.996266E+01
  2.496250E+02    2.996546E+01
  2.496550E+02    2.996825E+01
  2.496850E+02    2.997105E+01
  2.497150E+02    2.997385E+01
  2.497450E+02    2.997664E+01
  2.497750E+02    2.997944E+01
  2.498050E+02    2.998224E+01
  2.498350E+02    2.998504E+01
  2.498650E+02    2.998783E+01
  2.498950E+02    2.999063E+01
  2.499250E+02    2.999343E+01
  2.499550E+02    2.999623E+01
  2.499850E+02    2.999903E+01
  2.500150E+02    3.000183E+01
  2.500450E+02    3.000463E+01
  2.500750E+02    3.000743E+01
  2.501050E+02    3.001023E+01
  2.501350E+02    3.001303E+01
  2.501650E+02    3.001584E+01
  2.501950E+02    3.001864E+01
  2.502250E+02    3.002144E+01
  2.502550E+02    3.002424E+01
  2.502850E+02    3.002705E+01
  2.503150E+02    3.002985E+01
  2.503450E+02    3.003265E+01
  2.503750E+02    3.003546E+01
  2.504050E+02    3.003826E+01
  2.504350E+02    3.004106E+01
  2.504650E+02    3.004387E+01
  2.504950E+02    3.004667E+01
  2.505251E+02    3.004948E+01
  2.505551E+02    3.005229E+01
  2.505851E+02    3.005509E+01
  2.506151E+02    3.005790E+01
  2.506451E+02    3.006070E+01
  2.506751E+02    3.006351E+01
  2.507051E+02    3.006632E+01
  2.507351E+02    3.006913E+01
  2.507651E+02    3.007193E+01
  2.507951E+02    3.007474E+01
  2.508251E+02    3.007755E+01
  2.508551E+02    3.008036E+01
  2.508851E+02    3.008317E+01
  2.509151E+02    3.008598E+01
  2.509451E+02    3.008879E+01
  2.509751E+02    3.009160E+01
  2.510051E+02    3.009441E+01
  2.510351E+02    3.009722E+01
  2.510651E+02    3.010003E+01
  2.510951E+02    3.010284E+01
  2.511251E+02    3.010565E+01
  2.511551E+02    3.010846E+01
  2.511851E+02    3.011128E+01
  2.512151E+02    3.011409E+01
  2.512451E+02    3.011690E+01
  2.512751E+02    3.011971E+01
  2.513051E+02    3.012253E+01
  2.513351E+02    3.012534E+01
  2.513651E+02    3.012816E+01
  2.513951E+02    3.013097E+01
  2.514251E+02    3.013379E+01
  2.514551E+02    3.013660E+01
  2.514851E+02    3.013942E+01
  2.515152E+02    3.014223E+01
  2.515452E+02    3.014505E+01
  2.515752E+02    3.014786E+01
  2.516052E+02    3.015068E+01
  2.516352E+02    3.015350E+01
  2.516652E+02    3.015631E+01
  2.516952E+02    3.015913E+01
  2.517252E+02    3.016195E+01
  2.517552E+02    3.016477E+01
  2.517852E+02    3.016759E+01
  2.518152E+02    3.017040E+01
  2.518452E+02    3.017322E+01
  2.518752E+02    3.017604E+01
  2.519052E+02    3.017886E+01
  2.519352E+02    3.018168E+01
  2.519652E+02    3.018450E+01
  2.519952E+02    3.018732E+01
  2.520252E+02    3.019015E+01
  2.520552E+02    3.019297E+01
  2.520852E+02    3.019579E+01
  2.521152E+02    3.019861E+01
  2.521452E+02    3.020143E+01
  2.521752E+02    3.020425E+01
  2.522052E+02    3.020708E+01
  2.522352E+02    3.020990E+01
  2.522652E+02    3.021272E+01
  2.522952E+02    3.021555E+01
  2.523252E+02    3.021837E+01
  2.523552E+02    3.022120E+01
  2.523852E+02    3.022402E+01
  2.524152E+02    3.022685E+01
  2.524452E+02    3.022967E+01
  2.524752E+02    3.023250E+01
  2.525053E+02    3.023532E+01
  2.525353E+02    3.023815E+01
  2.525653E+02    3.024098E+01
  2.525953E+02    3.024380E+01
  2.526253E+02    3.024663E+01
  2.526553E+02    3.024946E+01
  2.526853E+02    3.025229E+01
  2.527153E+02    3.025511E+01
  2.527453E+02    3.025794E+01
  2.527753E+02    3.026077E+01
  2.528053E+02    3.026360E+01
  2.528353E+02    3.026643E+01
  2.528653E+02    3.026926E+01
  2.528953E+02    3.027209E+01
  2.529253E+02    3.027492E+01
  2.529553E+02    3.027775E+01
  2.529853E+02    3.028058E+01
  2.530153E+02    3.028341E+01
  2.530453E+02    3.028624E+01
  2.530753E+02    3.028908E+01
  2.531053E+02    3.029191E+01
  2.531353E+02    3.029474E+01
  2.531653E+02    3.029757E+01
  2.531953E+02    3.030041E+01
  2.532253E+02    3.030324E+01
  2.532553E+02    3.030607E+01
  2.532853E+02    3.030891E+01
  2.533153E+02    3.031174E+01
  2.533453E+02    3.031458E+01
  2.533753E+02    3.031741E+01
  2.534053E+02    3.032025E+01
  2.534353E+02    3.032308E+01
  2.534653E+02    3.032592E+01
  2.534953E+02    3.032875E+01
  2.535254E+02    3.033159E+01
  2.535554E+02    3.033443E+01
  2.535854E+02    3.033726E+01
  2.536154E+02    3.034010E+01
  2.536454E+02    3.034294E+01
  2.536754E+02    3.034578E+01
  2.537054E+02    3.034862E+01
  2.537354E+02    3.035146E+01
  2.537654E+02    3.035429E+01
  2.537954E+02    3.035713E+01
  2.538254E+02    3.035997E+01
  2.538554E+02    3.036281E+01
  2.538854E+02    3.036565E+01
  2.539154E+02    3.036849E+01
  2.539454E+02    3.037134E+01
  2.539754E+02    3.037418E+01
  2.540054E+02    3.037702E+01
  2.540354E+02    3.037986E+01
  2.540654E+02    3.038270E+01
  2.540954E+02    3.038554E+01
  2.541254E+02    3.038839E+01
  2.541554E+02    3.039123E+01
  2.541854E+02    3.039407E+01
  2.542154E+02    3.039692E+01
  2.542454E+02    3.039976E+01
  2.542754E+02    3.040261E+01
  2.543054E+02    3.040545E+01
  2.543354E+02    3.040830E+01
  2.543654E+02    3.041114E+01
  2.543954E+02    3.041399E+01
  2.544254E+02    3.041683E+01
  2.544554E+02    3.041968E+01
  2.544854E+02    3.042253E+01
  2.545155E+02    3.042537E+01
  2.545455E+02    3.042822E+01
  2.545755E+02    3.043107E+01
  2.546055E+02    3.043392E+01
  2.546355E+02    3.043676E+01
  2.546655E+02    3.043961E+01
  2.546955E+02    3.044246E+01
  2.547255E+02    3.044531E+01
  2.547555E+02    3.044816E+01
  2.547855E+02    3.045101E+01
  2.548155E+02    3.045386E+01
  2.548455E+02    3.045671E+01
  2.548755E+02    3.045956E+01
  2.549055E+02    3.046241E+01
  2.549355E+02    3.046526E+01
  2.549655E+02    3.046811E+01
  2.549955E+02    3.047097E+01
  2.550255E+02    3.047382E+01
  2.550555E+02    3.047667E+01
  2.550855E+02    3.047952E+01
  2.551155E+02    3.048238E+01
  2.551455E+02    3.048523E+01
  2.551755E+02    3.048808E+01
  2.552055E+02    3.049094E+01
  2.552355E+02    3.049379E+01
  2.552655E+02    3.049665E+01
  2.552955E+02    3.049950E+01
  2.553255E+02    3.050236E+01
  2.553555E+02    3.050521E+01
  2.553855E+02    3.050807E+01
  2.554155E+02    3.051092E+01
  2.554455E+02    3.051378E+01
  2.554755E+02    3.051664E+01
  2.555056E+02    3.051949E+01
  2.555356E+02    3.052235E+01
  2.555656E+02    3.052521E+01
  2.555956E+02    3.052807E+01
  2.556256E+02    3.053093E+01
  2.556556E+02    3.053379E+01
  2.556856E+02    3.053664E+01
  2.557156E+02    3.053950E+01
  2.557456E+02    3.054236E+01
  2.557756E+02    3.054522E+01
  2.558056E+02    3.054808E+01
  2.558356E+02    3.055094E+01
  2.558656E+02    3.055381E+01
  2.558956E+02    3.055667E+01
  2.559256E+02    3.055953E+01
  2.559556E+02    3.056239E+01
  2.559856E+02    3.056525E+01
  2.560156E+02    3.056811E+01
  2.560456E+02    3.057098E+01
  2.560756E+02    3.057384E+01
  2.561056E+02    3.057670E+01
  2.561356E+02    3.057957E+01
  2.561656E+02    3.058243E+01
  2.561956E+02    3.058530E+01
  2.562256E+02    3.058816E+01
  2.562556E+02    3.059103E+01
  2.562856E+02    3.059389E+01
  2.563156E+02    3.059676E+01
  2.563456E+02    3.059962E+01
  2.563756E+02    3.060249E+01
  2.564056E+02    3.060536E+01
  2.564356E+02    3.060822E+01
  2.564656E+02    3.061109E+01
  2.564956E+02    3.061396E+01
  2.565257E+02    3.061682E+01
  2.565557E+02    3.061969E+01
  2.565857E+02    3.062256E+01
  2.566157E+02    3.062543E+01
  2.566457E+02    3.062830E+01
  2.566757E+02    3.063117E+01
  2.567057E+02    3.063404E+01
  2.567357E+02    3.063691E+01
  2.567657E+02    3.063978E+01
  2.567957E+02    3.064265E+01
  2.568257E+02    3.064552E+01
  2.568557E+02    3.064839E+01
  2.568857E+02    3.065126E+01
  2.569157E+02    3.065413E+01
  2.569457E+02    3.065701E+01
  2.569757E+02    3.065988E+01
  2.570057E+02    3.066275E+01
  2.570357E+02    3.066562E+01
  2.570657E+02    3.066850E+01
  2.570957E+02    3.067137E+01
  2.571257E+02    3.067425E+01
  2.571557E+02    3.067712E+01
  2.571857E+02    3.067999E+01
  2.572157E+02    3.068287E+01
  2.572457E+02    3.068575E+01
  2.572757E+02    3.068862E+01
  2.573057E+02    3.069150E+01
  2.573357E+02    3.069437E+01
  2.573657E+02    3.069725E+01
  2.573957E+02    3.070013E+01
  2.574257E+02    3.070300E+01
  2.574557E+02    3.070588E+01
  2.574857E+02    3.070876E+01
  2.575158E+02    3.071164E+01
  2.575458E+02    3.071452E+01
  2.575758E+02    3.071739E+01
  2.576058E+02    3.072027E+01
  2.576358E+02    3.072315E+01
  2.576658E+02    3.072603E+01
  2.576958E+02    3.072891E+01
  2.577258E+02    3.073179E+01
  2.577558E+02    3.073467E+01
  2.577858E+02    3.073755E+01
  2.578158E+02    3.074043E+01
  2.578458E+02    3.074332E+01
  2.578758E+02    3.074620E+01
  2.579058E+02    3.074908E+01
  2.579358E+02    3.075196E+01
  2.579658E+02    3.075485E+01
  2.579958E+02    3.075773E+01
  2.580258E+02    3.076061E+01
  2.580558E+02    3.076350E+01
  2.580858E+02    3.076638E+01
  2.581158E+02    3.076926E+01
  2.581458E+02    3.077215E+01
  2.581758E+02    3.077503E+01
  2.582058E+02    3.077792E+01
  2.582358E+02    3.078080E+01
  2.582658E+02    3.078369E+01
  2.582958E+02    3.078658E+01
  2.583258E+02    3.078946E+01
  2.583558E+02    3.079235E+01
  2.583858E+02    3.079524E+01
  2.584158E+02    3.079812E+01
  2.584458E+02    3.080101E+01
  2.584758E+02    3.080390E+01
  2.585059E+02    3.080679E+01
  2.585359E+02    3.080968E+01
  2.585659E+02    3.081257E+01
  2.585959E+02    3.081546E+01
  2.586259E+02    3.081835E+01
  2.586559E+02    3.082124E+01
  2.586859E+02    3.082413E+01
  2.587159E+02    3.082702E+01
  2.587459E+02    3.082991E+01
  2.587759E+02    3.083280E+01
  2.588059E+02    3.083569E+01
  2.588359E+02    3.083858E+01
  2.588659E+02    3.084147E+01
  2.588959E+02    3.084437E+01
  2.589259E+02    3.084726E+01
  2.589559E+02    3.085015E+01
  2.589859E+02    3.085305E+01
  2.590159E+02    3.085594E+01
  2.590459E+02    3.085883E+01
  2.590759E+02    3.086173E+01
  2.591059E+02    3.086462E+01
  2.591359E+02    3.086752E+01
  2.591659E+02    3.087041E+01
  2.591959E+02    3.087331E+01
  2.592259E+02    3.087620E+01
  2.592559E+02    3.087910E+01
  2.592859E+02    3.088200E+01
  2.593159E+02    3.088489E+01
  2.593459E+02    3.088779E+01
  2.593759E+02    3.089069E+01
  2.594059E+02    3.089359E+01
  2.594359E+02    3.089648E+01
  2.594659E+02    3.089938E+01
  2.594959E+02    3.090228E+01
  2.595260E+02    3.090518E+01
  2.595560E+02    3.090808E+01
  2.595860E+02    3.091098E+01
  2.596160E+02    3.091388E+01
  2.596460E+02    3.091678E+01
  2.596760E+02    3.091968E+01
  2.597060E+02    3.092258E+01
  2.597360E+02    3.092548E+01
  2.597660E+02    3.092838E+01
  2.597960E+02    3.093129E+01
  2.598260E+02    3.093419E+01
  2.598560E+02    3.093709E+01
  2.598860E+02    3.093999E+01
  2.599160E+02    3.094290E+01
  2.599460E+02    3.094580E+01
  2.599760E+02    3.094870E+01
  2.600060E+02    3.095161E+01
  2.600360E+02    3.095451E+01
  2.600660E+02    3.095742E+01
  2.600960E+02    3.096032E+01
  2.601260E+02    3.096323E+01
  2.601560E+02    3.096613E+01
  2.601860E+02    3.096904E+01
  2.602160E+02    3.097194E+01
  2.602460E+02    3.097485E+01
  2.602760E+02    3.097776E+01
  2.603060E+02    3.098066E+01
  2.603360E+02    3.098357E+01
  2.603660E+02    3.098648E+01
  2.603960E+02    3.098939E+01
  2.604260E+02    3.099230E+01
  2.604560E+02    3.099521E+01
  2.604860E+02    3.099811E+01
  2.605161E+02    3.100102E+01
  2.605461E+02    3.100393E+01
  2.605761E+02    3.100684E+01
  2.606061E+02    3.100975E+01
  2.606361E+02    3.101266E+01
  2.606661E+02    3.101557E+01
  2.606961E+02    3.101849E+01
  2.607261E+02    3.102140E+01
  2.607561E+02    3.102431E+01
  2.607861E+02    3.102722E+01
  2.608161E+02    3.103013E+01
  2.608461E+02    3.103305E+01
  2.608761E+02    3.103596E+01
  2.609061E+02    3.103887E+01
  2.609361E+02    3.104179E+01
  2.609661E+02    3.104470E+01
  2.609961E+02    3.104762E+01
  2.610261E+02    3.105053E+01
  2.610561E+02    3.105344E+01
  2.610861E+02    3.105636E+01
  2.611161E+02    3.105928E+01
  2.611461E+02    3.106219E+01
  2.611761E+02    3.106511E+01
  2.612061E+02    3.106802E+01
  2.612361E+02    3.107094E+01
  2.612661E+02    3.107386E+01
  2.612961E+02    3.107678E+01
  2.613261E+02    3.107969E+01
  2.613561E+02    3.108261E+01
  2.613861E+02    3.108553E+01
  2.614161E+02    3.108845E+01
  2.614461E+02    3.109137E+01
  2.614761E+02    3.109429E+01
  2.615062E+02    3.109721E+01
  2.615362E+02    3.110013E+01
  2.615662E+02    3.110305E+01
  2.615962E+02    3.110597E+01
  2.616262E+02    3.110889E+01
  2.616562E+02    3.111181E+01
  2.616862E+02    3.111473E+01
  2.617162E+02    3.111765E+01
  2.617462E+02    3.112057E+01
  2.617762E+02    3.112350E+01
  2.618062E+02    3.112642E+01
  2.618362E+02    3.112934E+01
  2.618662E+02    3.113227E+01
  2.618962E+02    3.113519E+01
  2.619262E+02    3.113811E+01
  2.619562E+02    3.114104E+01
  2.619862E+02    3.114396E+01
  2.620162E+02    3.114689E+01
  2.620462E+02    3.114981E+01
  2.620762E+02    3.115274E+01
  2.621062E+02    3.115566E+01
  2.621362E+02    3.115859E+01
  2.621662E+02    3.116152E+01
  2.621962E+02    3.116444E+01
  2.622262E+02    3.116737E+01
  2.622562E+02    3.117030E+01
  2.622862E+02    3.117323E+01
  2.623162E+02    3.117615E+01
  2.623462E+02    3.117908E+01
  2.623762E+02    3.118201E+01
  2.624062E+02    3.118494E+01
  2.624362E+02    3.118787E+01
  2.624662E+02    3.119080E+01
  2.624962E+02    3.119373E+01
  2.625263E+02    3.119666E+01
  2.625563E+02    3.119959E+01
  2.625863E+02    3.120252E+01
  2.626163E+02    3.120545E+01
  2.626463E+02    3.120838E+01
  2.626763E+02    3.121132E+01
  2.627063E+02    3.121425E+01
  2.627363E+02    3.121718E+01
  2.627663E+02    3.122011E+01
  2.627963E+02    3.122305E+01
  2.628263E+02    3.122598E+01
  2.628563E+02    3.122891E+01
  2.628863E+02    3.123185E+01
  2.629163E+02    3.123478E+01
  2.629463E+02    3.123772E+01
  2.629763E+02    3.124065E+01
  2.630063E+02    3.124359E+01
  2.630363E+02    3.124652E+01
  2.630663E+02    3.124946E+01
  2.630963E+02    3.125239E+01
  2.631263E+02    3.125533E+01
  2.631563E+02    3.125827E+01
  2.631863E+02    3.126120E+01
  2.632163E+02    3.126414E+01
  2.632463E+02    3.126708E+01
  2.632763E+02    3.127002E+01
  2.633063E+02    3.127296E+01
  2.633363E+02    3.127589E+01
  2.633663E+02    3.127883E+01
  2.633963E+02    3.128177E+01
  2.634263E+02    3.128471E+01
  2.634563E+02    3.128765E+01
  2.634863E+02    3.129059E+01
  2.635164E+02    3.129353E+01
  2.635464E+02    3.129647E+01
  2.635764E+02    3.129941E+01
  2.636064E+02    3.130236E+01
  2.636364E+02    3.130530E+01
  2.636664E+02    3.130824E+01
  2.636964E+02    3.131118E+01
  2.637264E+02    3.131413E+01
  2.637564E+02    3.131707E+01
  2.637864E+02    3.132001E+01
  2.638164E+02    3.132296E+01
  2.638464E+02    3.132590E+01
  2.638764E+02    3.132884E+01
  2.639064E+02    3.133179E+01
  2.639364E+02    3.133473E+01
  2.639664E+02    3.133768E+01
  2.639964E+02    3.134062E+01
  2.640264E+02    3.134357E+01
  2.640564E+02    3.134652E+01
  2.640864E+02    3.134946E+01
  2.641164E+02    3.135241E+01
  2.641464E+02    3.135536E+01
  2.641764E+02    3.135830E+01
  2.642064E+02    3.136125E+01
  2.642364E+02    3.136420E+01
  2.642664E+02    3.136715E+01
  2.642964E+02    3.137010E+01
  2.643264E+02    3.137305E+01
  2.643564E+02    3.137599E+01
  2.643864E+02    3.137894E+01
  2.644164E+02    3.138189E+01
  2.644464E+02    3.138484E+01
  2.644764E+02    3.138780E+01
  2.645065E+02    3.139075E+01
  2.645365E+02    3.139370E+01
  2.645665E+02    3.139665E+01
  2.645965E+02    3.139960E+01
  2.646265E+02    3.140255E+01
  2.646565E+02    3.140551E+01
  2.646865E+02    3.140846E+01
  2.647165E+02    3.141141E+01
  2.647465E+02    3.141436E+01
  2.647765E+02    3.141732E+01
  2.648065E+02    3.142027E+01
  2.648365E+02    3.142323E+01
  2.648665E+02    3.142618E+01
  2.648965E+02    3.142914E+01
  2.649265E+02    3.143209E+01
  2.649565E+02    3.143505E+01
  2.649865E+02    3.143800E+01
  2.650165E+02    3.144096E+01
  2.650465E+02    3.144391E+01
  2.650765E+02    3.144687E+01
  2.651065E+02    3.144983E+01
  2.651365E+02    3.145279E+01
  2.651665E+02    3.145574E+01
  2.651965E+02    3.145870E+01
  2.652265E+02    3.146166E+01
  2.652565E+02    3.146462E+01
  2.652865E+02    3.146758E+01
  2.653165E+02    3.147054E+01
  2.653465E+02    3.147350E+01
  2.653765E+02    3.147646E+01
  2.654065E+02    3.147942E+01
  2.654365E+02    3.148238E+01
  2.654665E+02    3.148534E+01
  2.654965E+02    3.148830E+01
  2.655266E+02    3.149126E+01
  2.655566E+02    3.149422E+01
  2.655866E+02    3.149718E+01
  2.656166E+02    3.150015E+01
  2.656466E+02    3.150311E+01
  2.656766E+02    3.150607E+01
  2.657066E+02    3.150904E+01
  2.657366E+02    3.151200E+01
  2.657666E+02    3.151496E+01
  2.657966E+02    3.151793E+01
  2.658266E+02    3.152089E+01
  2.658566E+02    3.152386E+01
  2.658866E+02    3.152682E+01
  2.659166E+02    3.152979E+01
  2.659466E+02    3.153275E+01
  2.659766E+02    3.153572E+01
  2.660066E+02    3.153869E+01
  2.660366E+02    3.154165E+01
  2.660666E+02    3.154462E+01
  2.660966E+02    3.154759E+01
  2.661266E+02    3.155056E+01
  2.661566E+02    3.155352E+01
  2.661866E+02    3.155649E+01
  2.662166E+02    3.155946E+01
  2.662466E+02    3.156243E+01
  2.662766E+02    3.156540E+01
  2.663066E+02    3.156837E+01
  2.663366E+02    3.157134E+01
  2.663666E+02    3.157431E+01
  2.663966E+02    3.157728E+01
  2.664266E+02    3.158025E+01
  2.664566E+02    3.158322E+01
  2.664866E+02    3.158619E+01
  2.665167E+02    3.158916E+01
  2.665467E+02    3.159214E+01
  2.665767E+02    3.159511E+01
  2.666067E+02    3.159808E+01
  2.666367E+02    3.160105E+01
  2.666667E+02    3.160403E+01
  2.666967E+02    3.160700E+01
  2.667267E+02    3.160998E+01
  2.667567E+02    3.161295E+01
  2.667867E+02    3.161592E+01
  2.668167E+02    3.161890E+01
  2.668467E+02    3.162187E+01
  2.668767E+02    3.162485E+01
  2.669067E+02    3.162783E+01
  2.669367E+02    3.163080E+01
  2.669667E+02    3.163378E+01
  2.669967E+02    3.163676E+01
  2.670267E+02    3.163973E+01
  2.670567E+02    3.164271E+01
  2.670867E+02    3.164569E+01
  2.671167E+02    3.164867E+01
  2.671467E+02    3.165164E+01
  2.671767E+02    3.165462E+01
  2.672067E+02    3.165760E+01
  2.672367E+02    3.166058E+01
  2.672667E+02    3.166356E+01
  2.672967E+02    3.166654E+01
  2.673267E+02    3.166952E+01
  2.673567E+02    3.167250E+01
  2.673867E+02    3.167548E+01
  2.674167E+02    3.167846E+01
  2.674467E+02    3.168144E+01
  2.674767E+02    3.168443E+01
  2.675068E+02    3.168741E+01
  2.675368E+02    3.169039E+01
  2.675668E+02    3.169337E+01
  2.675968E+02    3.169636E+01
  2.676268E+02    3.169934E+01
  2.676568E+02    3.170232E+01
  2.676868E+02    3.170531E+01
  2.677168E+02    3.170829E+01
  2.677468E+02    3.171128E+01
  2.677768E+02    3.171426E+01
  2.678068E+02    3.171725E+01
  2.678368E+02    3.172023E+01
  2.678668E+02    3.172322E+01
  2.678968E+02    3.172620E+01
  2.679268E+02    3.172919E+01
  2.679568E+02    3.173218E+01
  2.679868E+02    3.173516E+01
  2.680168E+02    3.173815E+01
  2.680468E+02    3.174114E+01
  2.680768E+02    3.174413E+01
  2.681068E+02    3.174712E+01
  2.681368E+02    3.175010E+01
  2.681668E+02    3.175309E+01
  2.681968E+02    3.175608E+01
  2.682268E+02    3.175907E+01
  2.682568E+02    3.176206E+01
  2.682868E+02    3.176505E+01
  2.683168E+02    3.176804E+01
  2.683468E+02    3.177103E+01
  2.683768E+02    3.177402E+01
  2.684068E+02    3.177702E+01
  2.684368E+02    3.178001E+01
  2.684668E+02    3.178300E+01
  2.684968E+02    3.178599E+01
  2.685269E+02    3.178899E+01
  2.685569E+02    3.179198E+01
  2.685869E+02    3.179497E+01
  2.686169E+02    3.179797E+01
  2.686469E+02    3.180096E+01
  2.686769E+02    3.180395E+01
  2.687069E+02    3.180695E+01
  2.687369E+02    3.180994E+01
  2.687669E+02    3.181294E+01
  2.687969E+02    3.181593E+01
  2.688269E+02    3.181893E+01
  2.688569E+02    3.182193E+01
  2.688869E+02    3.182492E+01
  2.689169E+02    3.182792E+01
  2.689469E+02    3.183092E+01
  2.689769E+02    3.183391E+01
  2.690069E+02    3.183691E+01
  2.690369E+02    3.183991E+01
  2.690669E+02    3.184291E+01
  2.690969E+02    3.184591E+01
  2.691269E+02    3.184890E+01
  2.691569E+02    3.185190E+01
  2.691869E+02    3.185490E+01
  2.692169E+02    3.185790E+01
  2.692469E+02    3.186090E+01
  2.692769E+02    3.186390E+01
  2.693069E+02    3.186690E+01
  2.693369E+02    3.186991E+01
  2.693669E+02    3.187291E+01
  2.693969E+02    3.187591E+01
  2.694269E+02    3.187891E+01
  2.694569E+02    3.188191E+01
  2.694869E+02    3.188492E+01
  2.695170E+02    3.188792E+01
  2.695470E+02    3.189092E+01
  2.695770E+02    3.189393E+01
  2.696070E+02    3.189693E+01
  2.696370E+02    3.189993E+01
  2.696670E+02    3.190294E+01
  2.696970E+02    3.190594E+01
  2.697270E+02    3.190895E+01
  2.697570E+02    3.191195E+01
  2.697870E+02    3.191496E+01
  2.698170E+02    3.191797E+01
  2.698470E+02    3.192097E+01
  2.698770E+02    3.192398E+01
  2.699070E+02    3.192699E+01
  2.699370E+02    3.192999E+01
  2.699670E+02    3.193300E+01
  2.699970E+02    3.193601E+01
  2.700270E+02    3.193902E+01
  2.700570E+02    3.194203E+01
  2.700870E+02    3.194504E+01
  2.701170E+02    3.194805E+01
  2.701470E+02    3.195105E+01
  2.701770E+02    3.195406E+01
  2.702070E+02    3.195707E+01
  2.702370E+02    3.196009E+01
  2.702670E+02    3.196310E+01
  2.702970E+02    3.196611E+01
  2.703270E+02    3.196912E+01
  2.703570E+02    3.197213E+01
  2.703870E+02    3.197514E+01
  2.704170E+02    3.197815E+01
  2.704470E+02    3.198117E+01
  2.704770E+02    3.198418E+01
  2.705071E+02    3.198719E+01
  2.705371E+02    3.199021E+01
  2.705671E+02    3.199322E+01
  2.705971E+02    3.199624E+01
  2.706271E+02    3.199925E+01
  2.706571E+02    3.200226E+01
  2.706871E+02    3.200528E+01
  2.707171E+02    3.200830E+01
  2.707471E+02    3.201131E+01
  2.707771E+02    3.201433E+01
  2.708071E+02    3.201734E+01
  2.708371E+02    3.202036E+01
  2.708671E+02    3.202338E+01
  2.708971E+02    3.202640E+01
  2.709271E+02    3.202941E+01
  2.709571E+02    3.203243E+01
  2.709871E+02    3.203545E+01
  2.710171E+02    3.203847E+01
  2.710471E+02    3.204149E+01
  2.710771E+02    3.204451E+01
  2.711071E+02    3.204753E+01
  2.711371E+02    3.205055E+01
  2.711671E+02    3.205357E+01
  2.711971E+02    3.205659E+01
  2.712271E+02    3.205961E+01
  2.712571E+02    3.206263E+01
  2.712871E+02    3.206565E+01
  2.713171E+02    3.206867E+01
  2.713471E+02    3.207169E+01
  2.713771E+02    3.207472E+01
  2.714071E+02    3.207774E+01
  2.714371E+02    3.208076E+01
  2.714671E+02    3.208378E+01
  2.714971E+02    3.208681E+01
  2.715272E+02    3.208983E+01
  2.715572E+02    3.209286E+01
  2.715872E+02    3.209588E+01
  2.716172E+02    3.209891E+01
  2.716472E+02    3.210193E+01
  2.716772E+02    3.210496E+01
  2.717072E+02    3.210798E+01
  2.717372E+02    3.211101E+01
  2.717672E+02    3.211403E+01
  2.717972E+02    3.211706E+01
  2.718272E+02    3.212009E+01
  2.718572E+02    3.212312E+01
  2.718872E+02    3.212614E+01
  2.719172E+02    3.212917E+01
  2.719472E+02    3.213220E+01
  2.719772E+02    3.213523E+01
  2.720072E+02    3.213826E+01
  2.720372E+02    3.214129E+01
  2.720672E+02    3.214432E+01
  2.720972E+02    3.214735E+01
  2.721272E+02    3.215038E+01
  2.721572E+02    3.215341E+01
  2.721872E+02    3.215644E+01
  2.722172E+02    3.215947E+01
  2.722472E+02    3.216250E+01
  2.722772E+02    3.216553E+01
  2.723072E+02    3.216856E+01
  2.723372E+02    3.217160E+01
  2.723672E+02    3.217463E+01
  2.723972E+02    3.217766E+01
  2.724272E+02    3.218069E+01
  2.724572E+02    3.218373E+01
  2.724872E+02    3.218676E+01
  2.725173E+02    3.218980E+01
  2.725473E+02    3.219283E+01
  2.725773E+02    3.219587E+01
  2.726073E+02    3.219890E+01
  2.726373E+02    3.220194E+01
  2.726673E+02    3.220497E+01
  2.726973E+02    3.220801E+01
  2.727273E+02    3.221105E+01
  2.727573E+02    3.221408E+01
  2.727873E+02    3.221712E+01
  2.728173E+02    3.222016E+01
  2.728473E+02    3.222319E+01
  2.728773E+02    3.222623E+01
  2.729073E+02    3.222927E+01
  2.729373E+02    3.223231E+01
  2.729673E+02    3.223535E+01
  2.729973E+02    3.223839E+01
  2.730273E+02    3.224143E+01
  2.730573E+02    3.224447E+01
  2.730873E+02    3.224751E+01
  2.731173E+02    3.225055E+01
  2.731473E+02    3.225359E+01
  2.731773E+02    3.225663E+01
  2.732073E+02    3.225967E+01
  2.732373E+02    3.226271E+01
  2.732673E+02    3.226575E+01
  2.732973E+02    3.226880E+01
  2.733273E+02    3.227184E+01
  2.733573E+02    3.227488E+01
  2.733873E+02    3.227793E+01
  2.734173E+02    3.228097E+01
  2.734473E+02    3.228401E+01
  2.734773E+02    3.228706E+01
  2.735074E+02    3.229010E+01
  2.735374E+02    3.229315E+01
  2.735674E+02    3.229619E+01
  2.735974E+02    3.229924E+01
  2.736274E+02    3.230228E+01
  2.736574E+02    3.230533E+01
  2.736874E+02    3.230838E+01
  2.737174E+02    3.231142E+01
  2.737474E+02    3.231447E+01
  2.737774E+02    3.231752E+01
  2.738074E+02    3.232056E+01
  2.738374E+02    3.232361E+01
  2.738674E+02    3.232666E+01
  2.738974E+02    3.232971E+01
  2.739274E+02    3.233276E+01
  2.739574E+02    3.233581E+01
  2.739874E+02    3.233886E+01
  2.740174E+02    3.234191E+01
  2.740474E+02    3.234496E+01
  2.740774E+02    3.234801E+01
  2.741074E+02    3.235106E+01
  2.741374E+02    3.235411E+01
  2.741674E+02    3.235716E+01
  2.741974E+02    3.236021E+01
  2.742274E+02    3.236326E+01
  2.742574E+02    3.236632E+01
  2.742874E+02    3.236937E+01
  2.743174E+02    3.237242E+01
  2.743474E+02    3.237548E+01
  2.743774E+02    3.237853E+01
  2.744074E+02    3.238158E+01
  2.744374E+02    3.238464E+01
  2.744674E+02    3.238769E+01
  2.744974E+02    3.239075E+01
  2.745275E+02    3.239380E+01
  2.745575E+02    3.239686E+01
  2.745875E+02    3.239991E+01
  2.746175E+02    3.240297E+01
  2.746475E+02    3.240603E+01
  2.746775E+02    3.240908E+01
  2.747075E+02    3.241214E+01
  2.747375E+02    3.241520E+01
  2.747675E+02    3.241825E+01
  2.747975E+02    3.242131E+01
  2.748275E+02    3.242437E+01
  2.748575E+02    3.242743E+01
  2.748875E+02    3.243049E+01
  2.749175E+02    3.243355E+01
  2.749475E+02    3.243661E+01
  2.749775E+02    3.243967E+01
  2.750075E+02    3.244273E+01
  2.750375E+02    3.244579E+01
  2.750675E+02    3.244885E+01
  2.750975E+02    3.245191E+01
  2.751275E+02    3.245497E+01
  2.751575E+02    3.245803E+01
  2.751875E+02    3.246109E+01
  2.752175E+02    3.246416E+01
  2.752475E+02    3.246722E+01
  2.752775E+02    3.247028E+01
  2.753075E+02    3.247335E+01
  2.753375E+02    3.247641E+01
  2.753675E+02    3.247947E+01
  2.753975E+02    3.248254E+01
  2.754275E+02    3.248560E+01
  2.754575E+02    3.248867E+01
  2.754875E+02    3.249173E+01
  2.755176E+02    3.249480E+01
  2.755476E+02    3.249786E+01
  2.755776E+02    3.250093E+01
  2.756076E+02    3.250400E+01
  2.756376E+02    3.250706E+01
  2.756676E+02    3.251013E+01
  2.756976E+02    3.251320E+01
  2.757276E+02    3.251626E+01
  2.757576E+02    3.251933E+01
  2.757876E+02    3.252240E+01
  2.758176E+02    3.252547E+01
  2.758476E+02    3.252854E+01
  2.758776E+02    3.253161E+01
  2.759076E+02    3.253468E+01
  2.759376E+02    3.253775E+01
  2.759676E+02    3.254082E+01
  2.759976E+02    3.254389E+01
  2.760276E+02    3.254696E+01
  2.760576E+02    3.255003E+01
  2.760876E+02    3.255310E+01
  2.761176E+02    3.255617E+01
  2.761476E+02    3.255924E+01
  2.761776E+02    3.256232E+01
  2.762076E+02    3.256539E+01
  2.762376E+02    3.256846E+01
  2.762676E+02    3.257153E+01
  2.762976E+02    3.257461E+01
  2.763276E+02    3.257768E+01
  2.763576E+02    3.258076E+01
  2.763876E+02    3.258383E+01
  2.764176E+02    3.258691E+01
  2.764476E+02    3.258998E+01
  2.764776E+02    3.259306E+01
  2.765077E+02    3.259613E+01
  2.765377E+02    3.259921E+01
  2.765677E+02    3.260228E+01
  2.765977E+02    3.260536E+01
  2.766277E+02    3.260844E+01
  2.766577E+02    3.261152E+01
  2.766877E+02    3.261459E+01
  2.767177E+02    3.261767E+01
  2.767477E+02    3.262075E+01
  2.767777E+02    3.262383E+01
  2.768077E+02    3.262691E+01
  2.768377E+02    3.262999E+01
  2.768677E+02    3.263307E+01
  2.768977E+02    3.263615E+01
  2.769277E+02    3.263923E+01
  2.769577E+02    3.264231E+01
  2.769877E+02    3.264539E+01
  2.770177E+02    3.264847E+01
  2.770477E+02    3.265155E+01
  2.770777E+02    3.265463E+01
  2.771077E+02    3.265771E+01
  2.771377E+02    3.266080E+01
  2.771677E+02    3.266388E+01
  2.771977E+02    3.266696E+01
  2.772277E+02    3.267004E+01
  2.772577E+02    3.267313E+01
  2.772877E+02    3.267621E+01
  2.773177E+02    3.267930E+01
  2.773477E+02    3.268238E+01
  2.773777E+02    3.268546E+01
  2.774077E+02    3.268855E+01
  2.774377E+02    3.269164E+01
  2.774677E+02    3.269472E+01
  2.774977E+02    3.269781E+01
  2.775278E+02    3.270089E+01
  2.775578E+02    3.270398E+01
  2.775878E+02    3.270707E+01
  2.776178E+02    3.271015E+01
  2.776478E+02    3.271324E+01
  2.776778E+02    3.271633E+01
  2.777078E+02    3.271942E+01
  2.777378E+02    3.272251E+01
  2.777678E+02    3.272560E+01
  2.777978E+02    3.272869E+01
  2.778278E+02    3.273177E+01
  2.778578E+02    3.273486E+01
  2.778878E+02    3.273795E+01
  2.779178E+02    3.274105E+01
  2.779478E+02    3.274414E+01
  2.779778E+02    3.274723E+01
  2.780078E+02    3.275032E+01
  2.780378E+02    3.275341E+01
  2.780678E+02    3.275650E+01
  2.780978E+02    3.275959E+01
  2.781278E+02    3.276269E+01
  2.781578E+02    3.276578E+01
  2.781878E+02    3.276887E+01
  2.782178E+02    3.277197E+01
  2.782478E+02    3.277506E+01
  2.782778E+02    3.277815E+01
  2.783078E+02    3.278125E+01
  2.783378E+02    3.278434E+01
  2.783678E+02    3.278744E+01
  2.783978E+02    3.279053E+01
  2.784278E+02    3.279363E+01
  2.784578E+02    3.279673E+01
  2.784878E+02    3.279982E+01
  2.785179E+02    3.280292E+01
  2.785479E+02    3.280602E+01
  2.785779E+02    3.280911E+01
  2.786079E+02    3.281221E+01
  2.786379E+02    3.281531E+01
  2.786679E+02    3.281841E+01
  2.786979E+02    3.282151E+01
  2.787279E+02    3.282460E+01
  2.787579E+02    3.282770E+01
  2.787879E+02    3.283080E+01
  2.788179E+02    3.283390E+01
  2.788479E+02    3.283700E+01
  2.788779E+02    3.284010E+01
  2.789079E+02    3.284320E+01
  2.789379E+02    3.284631E+01
  2.789679E+02    3.284941E+01
  2.789979E+02    3.285251E+01
  2.790279E+02    3.285561E+01
  2.790579E+02    3.285871E+01
  2.790879E+02    3.286182E+01
  2.791179E+02    3.286492E+01
  2.791479E+02    3.286802E+01
  2.791779E+02    3.287113E+01
  2.792079E+02    3.287423E+01
  2.792379E+02    3.287733E+01
  2.792679E+02    3.288044E+01
  2.792979E+02    3.288354E+01
  2.793279E+02    3.288665E+01
  2.793579E+02    3.288975E+01
  2.793879E+02    3.289286E+01
  2.794179E+02    3.289597E+01
  2.794479E+02    3.289907E+01
  2.794779E+02    3.290218E+01
  2.795080E+02    3.290529E+01
  2.795380E+02    3.290839E+01
  2.795680E+02    3.291150E+01
  2.795980E+02    3.291461E+01
  2.796280E+02    3.291772E+01
  2.796580E+02    3.292082E+01
  2.796880E+02    3.292393E+01
  2.797180E+02    3.292704E+01
  2.797480E+02    3.293015E+01
  2.797780E+02    3.293326E+01
  2.798080E+02    3.293637E+01
  2.798380E+02    3.293948E+01
  2.798680E+02    3.294259E+01
  2.798980E+02    3.294570E+01
  2.799280E+02    3.294882E+01
  2.799580E+02    3.295193E+01
  2.799880E+02    3.295504E+01
  2.800180E+02    3.295815E+01
  2.800480E+02    3.296126E+01
  2.800780E+02    3.296438E+01
  2.801080E+02    3.296749E+01
  2.801380E+02    3.297060E+01
  2.801680E+02    3.297372E+01
  2.801980E+02    3.297683E+01
  2.802280E+02    3.297995E+01
  2.802580E+02    3.298306E+01
  2.802880E+02    3.298618E+01
  2.803180E+02    3.298929E+01
  2.803480E+02    3.299241E+01
  2.803780E+02    3.299552E+01
  2.804080E+02    3.299864E+01
  2.804380E+02    3.300176E+01
  2.804680E+02    3.300487E+01
  2.804980E+02    3.300799E+01
  2.805281E+02    3.301111E+01
  2.805581E+02    3.301423E+01
  2.805881E+02    3.301734E+01
  2.806181E+02    3.302046E+01
  2.806481E+02    3.302358E+01
  2.806781E+02    3.302670E+01
  2.807081E+02    3.302982E+01
  2.807381E+02    3.303294E+01
  2.807681E+02    3.303606E+01
  2.807981E+02    3.303918E+01
  2.808281E+02    3.304230E+01
  2.808581E+02    3.304542E+01
  2.808881E+02    3.304854E+01
  2.809181E+02    3.305167E+01
  2.809481E+02    3.305479E+01
  2.809781E+02    3.305791E+01
  2.810081E+02    3.306103E+01
  2.810381E+02    3.306416E+01
  2.810681E+02    3.306728E+01
  2.810981E+02    3.307040E+01
  2.811281E+02    3.307353E+01
  2.811581E+02    3.307665E+01
  2.811881E+02    3.307977E+01
  2.812181E+02    3.308290E+01
  2.812481E+02    3.308602E+01
  2.812781E+02    3.308915E+01
  2.813081E+02    3.309228E+01
  2.813381E+02    3.309540E+01
  2.813681E+02    3.309853E+01
  2.813981E+02    3.310166E+01
  2.814281E+02    3.310478E+01
  2.814581E+02    3.310791E+01
  2.814881E+02    3.311104E+01
  2.815182E+02    3.311416E+01
  2.815482E+02    3.311729E+01
  2.815782E+02    3.312042E+01
  2.816082E+02    3.312355E+01
  2.816382E+02    3.312668E+01
  2.816682E+02    3.312981E+01
  2.816982E+02    3.313294E+01
  2.817282E+02    3.313607E+01
  2.817582E+02    3.313920E+01
  2.817882E+02    3.314233E+01
  2.818182E+02    3.314546E+01
  2.818482E+02    3.314859E+01
  2.818782E+02    3.315172E+01
  2.819082E+02    3.315486E+01
  2.819382E+02    3.315799E+01
  2.819682E+02    3.316112E+01
  2.819982E+02    3.316425E+01
  2.820282E+02    3.316739E+01
  2.820582E+02    3.317052E+01
  2.820882E+02    3.317365E+01
  2.821182E+02    3.317679E+01
  2.821482E+02    3.317992E+01
  2.821782E+02    3.318306E+01
  2.822082E+02    3.318619E+01
  2.822382E+02    3.318933E+01
  2.822682E+02    3.319246E+01
  2.822982E+02    3.319560E+01
  2.823282E+02    3.319874E+01
  2.823582E+02    3.320187E+01
  2.823882E+02    3.320501E+01
  2.824182E+02    3.320815E+01
  2.824482E+02    3.321128E+01
  2.824782E+02    3.321442E+01
  2.825083E+02    3.321756E+01
  2.825383E+02    3.322070E+01
  2.825683E+02    3.322384E+01
  2.825983E+02    3.322698E+01
  2.826283E+02    3.323012E+01
  2.826583E+02    3.323326E+01
  2.826883E+02    3.323640E+01
  2.827183E+02    3.323954E+01
  2.827483E+02    3.324268E+01
  2.827783E+02    3.324582E+01
  2.828083E+02    3.324896E+01
  2.828383E+02    3.325210E+01
  2.828683E+02    3.325524E+01
  2.828983E+02    3.325839E+01
  2.829283E+02    3.326153E+01
  2.829583E+02    3.326467E+01
  2.829883E+02    3.326781E+01
  2.830183E+02    3.327096E+01
  2.830483E+02    3.327410E+01
  2.830783E+02    3.327725E+01
  2.831083E+02    3.328039E+01
  2.831383E+02    3.328354E+01
  2.831683E+02    3.328668E+01
  2.831983E+02    3.328983E+01
  2.832283E+02    3.329297E+01
  2.832583E+02    3.329612E+01
  2.832883E+02    3.329926E+01
  2.833183E+02    3.330241E+01
  2.833483E+02    3.330556E+01
  2.833783E+02    3.330871E+01
  2.834083E+02    3.331185E+01
  2.834383E+02    3.331500E+01
  2.834683E+02    3.331815E+01
  2.834983E+02    3.332130E+01
  2.835284E+02    3.332445E+01
  2.835584E+02    3.332760E+01
  2.835884E+02    3.333074E+01
  2.836184E+02    3.333389E+01
  2.836484E+02    3.333704E+01
  2.836784E+02    3.334020E+01
  2.837084E+02    3.334335E+01
  2.837384E+02    3.334650E+01
  2.837684E+02    3.334965E+01
  2.837984E+02    3.335280E+01
  2.838284E+02    3.335595E+01
  2.838584E+02    3.335910E+01
  2.838884E+02    3.336226E+01
  2.839184E+02    3.336541E+01
  2.839484E+02    3.336856E+01
  2.839784E+02    3.337172E+01
  2.840084E+02    3.337487E+01
  2.840384E+02    3.337802E+01
  2.840684E+02    3.338118E+01
  2.840984E+02    3.338433E+01
  2.841284E+02    3.338749E+01
  2.841584E+02    3.339064E+01
  2.841884E+02    3.339380E+01
  2.842184E+02    3.339696E+01
  2.842484E+02    3.340011E+01
  2.842784E+02    3.340327E+01
  2.843084E+02    3.340643E+01
  2.843384E+02    3.340958E+01
  2.843684E+02    3.341274E+01
  2.843984E+02    3.341590E+01
  2.844284E+02    3.341906E+01
  2.844584E+02    3.342221E+01
  2.844884E+02    3.342537E+01
  2.845185E+02    3.342853E+01
  2.845485E+02    3.343169E+01
  2.845785E+02    3.343485E+01
  2.846085E+02    3.343801E+01
  2.846385E+02    3.344117E+01
  2.846685E+02    3.344433E+01
  2.846985E+02    3.344749E+01
  2.847285E+02    3.345066E+01
  2.847585E+02    3.345382E+01
  2.847885E+02    3.345698E+01
  2.848185E+02    3.346014E+01
  2.848485E+02    3.346330E+01
  2.848785E+02    3.346647E+01
  2.849085E+02    3.346963E+01
  2.849385E+02    3.347279E+01
  2.849685E+02    3.347596E+01
  2.849985E+02    3.347912E+01
  2.850285E+02    3.348229E+01
  2.850585E+02    3.348545E+01
  2.850885E+02    3.348862E+01
  2.851185E+02    3.349178E+01
  2.851485E+02    3.349495E+01
  2.851785E+02    3.349811E+01
  2.852085E+02    3.350128E+01
  2.852385E+02    3.350445E+01
  2.852685E+02    3.350761E+01
  2.852985E+02    3.351078E+01
  2.853285E+02    3.351395E+01
  2.853585E+02    3.351712E+01
  2.853885E+02    3.352028E+01
  2.854185E+02    3.352345E+01
  2.854485E+02    3.352662E+01
  2.854785E+02    3.352979E+01
  2.855086E+02    3.353296E+01
  2.855386E+02    3.353613E+01
  2.855686E+02    3.353930E+01
  2.855986E+02    3.354247E+01
  2.856286E+02    3.354564E+01
  2.856586E+02    3.354881E+01
  2.856886E+02    3.355198E+01
  2.857186E+02    3.355515E+01
  2.857486E+02    3.355833E+01
  2.857786E+02    3.356150E+01
  2.858086E+02    3.356467E+01
  2.858386E+02    3.356784E+01
  2.858686E+02    3.357102E+01
  2.858986E+02    3.357419E+01
  2.859286E+02    3.357736E+01
  2.859586E+02    3.358054E+01
  2.859886E+02    3.358371E+01
  2.860186E+02    3.358689E+01
  2.860486E+02    3.359006E+01
  2.860786E+02    3.359324E+01
  2.861086E+02    3.359641E+01
  2.861386E+02    3.359959E+01
  2.861686E+02    3.360277E+01
  2.861986E+02    3.360594E+01
  2.862286E+02    3.360912E+01
  2.862586E+02    3.361230E+01
  2.862886E+02    3.361547E+01
  2.863186E+02    3.361865E+01
  2.863486E+02    3.362183E+01
  2.863786E+02    3.362501E+01
  2.864086E+02    3.362819E+01
  2.864386E+02    3.363137E+01
  2.864686E+02    3.363455E+01
  2.864986E+02    3.363773E+01
  2.865287E+02    3.364091E+01
  2.865587E+02    3.364409E+01
  2.865887E+02    3.364727E+01
  2.866187E+02    3.365045E+01
  2.866487E+02    3.365363E+01
  2.866787E+02    3.365681E+01
  2.867087E+02    3.365999E+01
  2.867387E+02    3.366318E+01
  2.867687E+02    3.366636E+01
  2.867987E+02    3.366954E+01
  2.868287E+02    3.367272E+01
  2.868587E+02    3.367591E+01
  2.868887E+02    3.367909E+01
  2.869187E+02    3.368228E+01
  2.869487E+02    3.368546E+01
  2.869787E+02    3.368864E+01
  2.870087E+02    3.369183E+01
  2.870387E+02    3.369502E+01
  2.870687E+02    3.369820E+01
  2.870987E+02    3.370139E+01
  2.871287E+02    3.370457E+01
  2.871587E+02    3.370776E+01
  2.871887E+02    3.371095E+01
  2.872187E+02    3.371413E+01
  2.872487E+02    3.371732E+01
  2.872787E+02    3.372051E+01
  2.873087E+02    3.372370E+01
  2.873387E+02    3.372689E+01
  2.873687E+02    3.373007E+01
  2.873987E+02    3.373326E+01
  2.874287E+02    3.373645E+01
  2.874587E+02    3.373964E+01
  2.874887E+02    3.374283E+01
  2.875188E+02    3.374602E+01
  2.875488E+02    3.374921E+01
  2.875788E+02    3.375241E+01
  2.876088E+02    3.375560E+01
  2.876388E+02    3.375879E+01
  2.876688E+02    3.376198E+01
  2.876988E+02    3.376517E+01
  2.877288E+02    3.376836E+01
  2.877588E+02    3.377156E+01
  2.877888E+02    3.377475E+01
  2.878188E+02    3.377794E+01
  2.878488E+02    3.378114E+01
  2.878788E+02    3.378433E+01
  2.879088E+02    3.378753E+01
  2.879388E+02    3.379072E+01
  2.879688E+02    3.379392E+01
  2.879988E+02    3.379711E+01
  2.880288E+02    3.380031E+01
  2.880588E+02    3.380350E+01
  2.880888E+02    3.380670E+01
  2.881188E+02    3.380990E+01
  2.881488E+02    3.381309E+01
  2.881788E+02    3.381629E+01
  2.882088E+02    3.381949E+01
  2.882388E+02    3.382269E+01
  2.882688E+02    3.382588E+01
  2.882988E+02    3.382908E+01
  2.883288E+02    3.383228E+01
  2.883588E+02    3.383548E+01
  2.883888E+02    3.383868E+01
  2.884188E+02    3.384188E+01
  2.884488E+02    3.384508E+01
  2.884788E+02    3.384828E+01
  2.885089E+02    3.385148E+01
  2.885389E+02    3.385468E+01
  2.885689E+02    3.385788E+01
  2.885989E+02    3.386108E+01
  2.886289E+02    3.386429E+01
  2.886589E+02    3.386749E+01
  2.886889E+02    3.387069E+01
  2.887189E+02    3.387389E+01
  2.887489E+02    3.387710E+01
  2.887789E+02    3.388030E+01
  2.888089E+02    3.388350E+01
  2.888389E+02    3.388671E+01
  2.888689E+02    3.388991E+01
  2.888989E+02    3.389312E+01
  2.889289E+02    3.389632E+01
  2.889589E+02    3.389953E+01
  2.889889E+02    3.390273E+01
  2.890189E+02    3.390594E+01
  2.890489E+02    3.390915E+01
  2.890789E+02    3.391235E+01
  2.891089E+02    3.391556E+01
  2.891389E+02    3.391877E+01
  2.891689E+02    3.392197E+01
  2.891989E+02    3.392518E+01
  2.892289E+02    3.392839E+01
  2.892589E+02    3.393160E+01
  2.892889E+02    3.393481E+01
  2.893189E+02    3.393802E+01
  2.893489E+02    3.394123E+01
  2.893789E+02    3.394444E+01
  2.894089E+02    3.394765E+01
  2.894389E+02    3.395086E+01
  2.894689E+02    3.395407E+01
  2.894989E+02    3.395728E+01
  2.895290E+02    3.396049E+01
  2.895590E+02    3.396370E+01
  2.895890E+02    3.396691E+01
  2.896190E+02    3.397013E+01
  2.896490E+02    3.397334E+01
  2.896790E+02    3.397655E+01
  2.897090E+02    3.397976E+01
  2.897390E+02    3.398298E+01
  2.897690E+02    3.398619E+01
  2.897990E+02    3.398940E+01
  2.898290E+02    3.399262E+01
  2.898590E+02    3.399583E+01
  2.898890E+02    3.399905E+01
  2.899190E+02    3.400226E+01
  2.899490E+02    3.400548E+01
  2.899790E+02    3.400870E+01
  2.900090E+02    3.401191E+01
  2.900390E+02    3.401513E+01
  2.900690E+02    3.401835E+01
  2.900990E+02    3.402156E+01
  2.901290E+02    3.402478E+01
  2.901590E+02    3.402800E+01
  2.901890E+02    3.403122E+01
  2.902190E+02    3.403444E+01
  2.902490E+02    3.403765E+01
  2.902790E+02    3.404087E+01
  2.903090E+02    3.404409E+01
  2.903390E+02    3.404731E+01
  2.903690E+02    3.405053E+01
  2.903990E+02    3.405375E+01
  2.904290E+02    3.405697E+01
  2.904590E+02    3.406019E+01
  2.904890E+02    3.406342E+01
  2.905191E+02    3.406664E+01
  2.905491E+02    3.406986E+01
  2.905791E+02    3.407308E+01
  2.906091E+02    3.407630E+01
  2.906391E+02    3.407953E+01
  2.906691E+02    3.408275E+01
  2.906991E+02    3.408597E+01
  2.907291E+02    3.408920E+01
  2.907591E+02    3.409242E+01
  2.907891E+02    3.409565E+01
  2.908191E+02    3.409887E+01
  2.908491E+02    3.410210E+01
  2.908791E+02    3.410532E+01
  2.909091E+02    3.410855E+01
  2.909391E+02    3.411177E+01
  2.909691E+02    3.411500E+01
  2.909991E+02    3.411822E+01
  2.910291E+02    3.412145E+01
  2.910591E+02    3.412468E+01
  2.910891E+02    3.412791E+01
  2.911191E+02    3.413113E+01
  2.911491E+02    3.413436E+01
  2.911791E+02    3.413759E+01
  2.912091E+02    3.414082E+01
  2.912391E+02    3.414405E+01
  2.912691E+02    3.414728E+01
  2.912991E+02    3.415051E+01
  2.913291E+02    3.415374E+01
  2.913591E+02    3.415697E+01
  2.913891E+02    3.416020E+01
  2.914191E+02    3.416343E+01
  2.914491E+02    3.416666E+01
  2.914791E+02    3.416989E+01
  2.915092E+02    3.417312E+01
  2.915392E+02    3.417636E+01
  2.915692E+02    3.417959E+01
  2.915992E+02    3.418282E+01
  2.916292E+02    3.418606E+01
  2.916592E+02    3.418929E+01
  2.916892E+02    3.419252E+01
  2.917192E+02    3.419576E+01
  2.917492E+02    3.419899E+01
  2.917792E+02    3.420223E+01
  2.918092E+02    3.420546E+01
  2.918392E+02    3.420870E+01
  2.918692E+02    3.421193E+01
  2.918992E+02    3.421517E+01
  2.919292E+02    3.421840E+01
  2.919592E+02    3.422164E+01
  2.919892E+02    3.422488E+01
  2.920192E+02    3.422811E+01
  2.920492E+02    3.423135E+01
  2.920792E+02    3.423459E+01
  2.921092E+02    3.423783E+01
  2.921392E+02    3.424107E+01
  2.921692E+02    3.424431E+01
  2.921992E+02    3.424754E+01
  2.922292E+02    3.425078E+01
  2.922592E+02    3.425402E+01
  2.922892E+02    3.425726E+01
  2.923192E+02    3.426050E+01
  2.923492E+02    3.426374E+01
  2.923792E+02    3.426699E+01
  2.924092E+02    3.427023E+01
  2.924392E+02    3.427347E+01
  2.924692E+02    3.427671E+01
  2.924992E+02    3.427995E+01
  2.925293E+02    3.428319E+01
  2.925593E+02    3.428644E+01
  2.925893E+02    3.428968E+01
  2.926193E+02    3.429292E+01
  2.926493E+02    3.429617E+01
  2.926793E+02    3.429941E+01
  2.927093E+02    3.430266E+01
  2.927393E+02    3.430590E+01
  2.927693E+02    3.430915E+01
  2.927993E+02    3.431239E+01
  2.928293E+02    3.431564E+01
  2.928593E+02    3.431888E+01
  2.928893E+02    3.432213E+01
  2.929193E+02    3.432538E+01
  2.929493E+02    3.432862E+01
  2.929793E+02    3.433187E+01
  2.930093E+02    3.433512E+01
  2.930393E+02    3.433837E+01
  2.930693E+02    3.434161E+01
  2.930993E+02    3.434486E+01
  2.931293E+02    3.434811E+01
  2.931593E+02    3.435136E+01
  2.931893E+02    3.435461E+01
  2.932193E+02    3.435786E+01
  2.932493E+02    3.436111E+01
  2.932793E+02    3.436436E+01
  2.933093E+02    3.436761E+01
  2.933393E+02    3.437086E+01
  2.933693E+02    3.437411E+01
  2.933993E+02    3.437736E+01
  2.934293E+02    3.438062E+01
  2.934593E+02    3.438387E+01
  2.934893E+02    3.438712E+01
  2.935194E+02    3.439037E+01
  2.935494E+02    3.439363E+01
  2.935794E+02    3.439688E+01
  2.936094E+02    3.440013E+01
  2.936394E+02    3.440339E+01
  2.936694E+02    3.440664E+01
  2.936994E+02    3.440990E+01
  2.937294E+02    3.441315E+01
  2.937594E+02    3.441641E+01
  2.937894E+02    3.441966E+01
  2.938194E+02    3.442292E+01
  2.938494E+02    3.442617E+01
  2.938794E+02    3.442943E+01
  2.939094E+02    3.443269E+01
  2.939394E+02    3.443595E+01
  2.939694E+02    3.443920E+01
  2.939994E+02    3.444246E+01
  2.940294E+02    3.444572E+01
  2.940594E+02    3.444898E+01
  2.940894E+02    3.445224E+01
  2.941194E+02    3.445549E+01
  2.941494E+02    3.445875E+01
  2.941794E+02    3.446201E+01
  2.942094E+02    3.446527E+01
  2.942394E+02    3.446853E+01
  2.942694E+02    3.447179E+01
  2.942994E+02    3.447506E+01
  2.943294E+02    3.447832E+01
  2.943594E+02    3.448158E+01
  2.943894E+02    3.448484E+01
  2.944194E+02    3.448810E+01
  2.944494E+02    3.449137E+01
  2.944794E+02    3.449463E+01
  2.945095E+02    3.449789E+01
  2.945395E+02    3.450115E+01
  2.945695E+02    3.450442E+01
  2.945995E+02    3.450768E+01
  2.946295E+02    3.451095E+01
  2.946595E+02    3.451421E+01
  2.946895E+02    3.451748E+01
  2.947195E+02    3.452074E+01
  2.947495E+02    3.452401E+01
  2.947795E+02    3.452727E+01
  2.948095E+02    3.453054E+01
  2.948395E+02    3.453381E+01
  2.948695E+02    3.453707E+01
  2.948995E+02    3.454034E+01
  2.949295E+02    3.454361E+01
  2.949595E+02    3.454688E+01
  2.949895E+02    3.455014E+01
  2.950195E+02    3.455341E+01
  2.950495E+02    3.455668E+01
  2.950795E+02    3.455995E+01
  2.951095E+02    3.456322E+01
  2.951395E+02    3.456649E+01
  2.951695E+02    3.456976E+01
  2.951995E+02    3.457303E+01
  2.952295E+02    3.457630E+01
  2.952595E+02    3.457957E+01
  2.952895E+02    3.458284E+01
  2.953195E+02    3.458611E+01
  2.953495E+02    3.458939E+01
  2.953795E+02    3.459266E+01
  2.954095E+02    3.459593E+01
  2.954395E+02    3.459920E+01
  2.954695E+02    3.460248E+01
  2.954995E+02    3.460575E+01
  2.955296E+02    3.460902E+01
  2.955596E+02    3.461230E+01
  2.955896E+02    3.461557E+01
  2.956196E+02    3.461885E+01
  2.956496E+02    3.462212E+01
  2.956796E+02    3.462540E+01
  2.957096E+02    3.462867E+01
  2.957396E+02    3.463195E+01
  2.957696E+02    3.463522E+01
  2.957996E+02    3.463850E+01
  2.958296E+02    3.464178E+01
  2.958596E+02    3.464505E+01
  2.958896E+02    3.464833E+01
  2.959196E+02    3.465161E+01
  2.959496E+02    3.465489E+01
  2.959796E+02    3.465817E+01
  2.960096E+02    3.466145E+01
  2.960396E+02    3.466472E+01
  2.960696E+02    3.466800E+01
  2.960996E+02    3.467128E+01
  2.961296E+02    3.467456E+01
  2.961596E+02    3.467784E+01
  2.961896E+02    3.468112E+01
  2.962196E+02    3.468441E+01
  2.962496E+02    3.468769E+01
  2.962796E+02    3.469097E+01
  2.963096E+02    3.469425E+01
  2.963396E+02    3.469753E+01
  2.963696E+02    3.470081E+01
  2.963996E+02    3.470410E+01
  2.964296E+02    3.470738E+01
  2.964596E+02    3.471066E+01
  2.964896E+02    3.471395E+01
  2.965197E+02    3.471723E+01
  2.965497E+02    3.472052E+01
  2.965797E+02    3.472380E+01
  2.966097E+02    3.472709E+01
  2.966397E+02    3.473037E+01
  2.966697E+02    3.473366E+01
  2.966997E+02    3.473694E+01
  2.967297E+02    3.474023E+01
  2.967597E+02    3.474352E+01
  2.967897E+02    3.474680E+01
  2.968197E+02    3.475009E+01
  2.968497E+02    3.475338E+01
  2.968797E+02    3.475666E+01
  2.969097E+02    3.475995E+01
  2.969397E+02    3.476324E+01
  2.969697E+02    3.476653E+01
  2.969997E+02    3.476982E+01
  2.970297E+02    3.477311E+01
  2.970597E+02    3.477640E+01
  2.970897E+02    3.477969E+01
  2.971197E+02    3.478298E+01
  2.971497E+02    3.478627E+01
  2.971797E+02    3.478956E+01
  2.972097E+02    3.479285E+01
  2.972397E+02    3.479614E+01
  2.972697E+02    3.479943E+01
  2.972997E+02    3.480273E+01
  2.973297E+02    3.480602E+01
  2.973597E+02    3.480931E+01
  2.973897E+02    3.481260E+01
  2.974197E+02    3.481590E+01
  2.974497E+02    3.481919E+01
  2.974797E+02    3.482249E+01
  2.975098E+02    3.482578E+01
  2.975398E+02    3.482908E+01
  2.975698E+02    3.483237E+01
  2.975998E+02    3.483567E+01
  2.976298E+02    3.483896E+01
  2.976598E+02    3.484226E+01
  2.976898E+02    3.484555E+01
  2.977198E+02    3.484885E+01
  2.977498E+02    3.485215E+01
  2.977798E+02    3.485544E+01
  2.978098E+02    3.485874E+01
  2.978398E+02    3.486204E+01
  2.978698E+02    3.486534E+01
  2.978998E+02    3.486864E+01
  2.979298E+02    3.487193E+01
  2.979598E+02    3.487523E+01
  2.979898E+02    3.487853E+01
  2.980198E+02    3.488183E+01
  2.980498E+02    3.488513E+01
  2.980798E+02    3.488843E+01
  2.981098E+02    3.489173E+01
  2.981398E+02    3.489503E+01
  2.981698E+02    3.489834E+01
  2.981998E+02    3.490164E+01
  2.982298E+02    3.490494E+01
  2.982598E+02    3.490824E+01
  2.982898E+02    3.491154E+01
  2.983198E+02    3.491485E+01
  2.983498E+02    3.491815E+01
  2.983798E+02    3.492145E+01
  2.984098E+02    3.492476E+01
  2.984398E+02    3.492806E+01
  2.984698E+02    3.493136E+01
  2.984998E+02    3.493467E+01
  2.985299E+02    3.493797E+01
  2.985599E+02    3.494128E+01
  2.985899E+02    3.494458E+01
  2.986199E+02    3.494789E+01
  2.986499E+02    3.495120E+01
  2.986799E+02    3.495450E+01
  2.987099E+02    3.495781E+01
  2.987399E+02    3.496112E+01
  2.987699E+02    3.496442E+01
  2.987999E+02    3.496773E+01
  2.988299E+02    3.497104E+01
  2.988599E+02    3.497435E+01
  2.988899E+02    3.497766E+01
  2.989199E+02    3.498097E+01
  2.989499E+02    3.498428E+01
  2.989799E+02    3.498759E+01
  2.990099E+02    3.499090E+01
  2.990399E+02    3.499421E+01
  2.990699E+02    3.499752E+01
  2.990999E+02    3.500083E+01
  2.991299E+02    3.500414E+01
  2.991599E+02    3.500745E+01
  2.991899E+02    3.501076E+01
  2.992199E+02    3.501407E+01
  2.992499E+02    3.501739E+01
  2.992799E+02    3.502070E+01
  2.993099E+02    3.502401E+01
  2.993399E+02    3.502733E+01
  2.993699E+02    3.503064E+01
  2.993999E+02    3.503395E+01
  2.994299E+02    3.503727E+01
  2.994599E+02    3.504058E+01
  2.994899E+02    3.504390E+01
  2.995200E+02    3.504721E+01
  2.995500E+02    3.505053E+01
  2.995800E+02    3.505384E+01
  2.996100E+02    3.505716E+01
  2.996400E+02    3.506048E+01
  2.996700E+02    3.506379E+01
  2.997000E+02    3.506711E+01
  2.997300E+02    3.507043E+01
  2.997600E+02    3.507375E+01
  2.997900E+02    3.507706E+01
  2.998200E+02    3.508038E+01
  2.998500E+02    3.508370E+01
  2.998800E+02    3.508702E+01
  2.999100E+02    3.509034E+01
  2.999400E+02    3.509366E+01
  2.999700E+02    3.509698E+01
  3.000000E+02    3.510030E+01
