# T_nr[keV]   Tasa_Kop   Tasa_Mue   Tasa_Comb
    0.2000   3.129676E+02   3.397733E+02   3.397733E+02
    0.2009   3.099163E+02   3.365117E+02   3.365117E+02
    0.2018   3.068982E+02   3.332850E+02   3.332850E+02
    0.2027   3.039141E+02   3.300944E+02   3.300944E+02
    0.2036   3.009640E+02   3.269398E+02   3.269398E+02
    0.2045   2.980455E+02   3.238185E+02   3.238185E+02
    0.2054   2.951619E+02   3.207340E+02   3.207340E+02
    0.2063   2.923079E+02   3.176808E+02   3.176808E+02
    0.2072   2.894886E+02   3.146642E+02   3.146642E+02
    0.2081   2.866984E+02   3.116783E+02   3.116783E+02
    0.2090   2.839410E+02   3.087268E+02   3.087268E+02
    0.2099   2.812131E+02   3.058064E+02   3.058064E+02
    0.2108   2.785162E+02   3.029186E+02   3.029186E+02
    0.2117   2.758489E+02   3.000620E+02   3.000620E+02
    0.2126   2.732110E+02   2.972363E+02   2.972363E+02
    0.2135   2.706028E+02   2.944418E+02   2.944418E+02
    0.2144   2.680227E+02   2.916767E+02   2.916767E+02
    0.2153   2.654721E+02   2.889426E+02   2.889426E+02
    0.2162   2.629483E+02   2.862367E+02   2.862367E+02
    0.2171   2.604538E+02   2.835615E+02   2.835615E+02
    0.2180   2.579852E+02   2.809134E+02   2.809134E+02
    0.2189   2.555453E+02   2.782955E+02   2.782955E+02
    0.2198   2.531305E+02   2.757039E+02   2.757039E+02
    0.2207   2.507439E+02   2.731418E+02   2.731418E+02
    0.2216   2.483817E+02   2.706052E+02   2.706052E+02
    0.2225   2.460470E+02   2.680974E+02   2.680974E+02
    0.2234   2.437361E+02   2.656147E+02   2.656147E+02
    0.2243   2.414519E+02   2.631599E+02   2.631599E+02
    0.2252   2.391913E+02   2.607297E+02   2.607297E+02
    0.2261   2.369563E+02   2.583264E+02   2.583264E+02
    0.2270   2.347446E+02   2.559475E+02   2.559475E+02
    0.2279   2.325576E+02   2.535944E+02   2.535944E+02
    0.2288   2.303938E+02   2.512656E+02   2.512656E+02
    0.2297   2.282535E+02   2.489614E+02   2.489614E+02
    0.2306   2.261364E+02   2.466816E+02   2.466816E+02
    0.2315   2.240416E+02   2.444250E+02   2.444250E+02
    0.2324   2.219702E+02   2.421930E+02   2.421930E+02
    0.2333   2.199196E+02   2.399829E+02   2.399829E+02
    0.2342   2.178928E+02   2.377976E+02   2.377976E+02
    0.2351   2.158855E+02   2.356327E+02   2.356327E+02
    0.2360   2.139020E+02   2.334929E+02   2.334929E+02
    0.2369   2.119378E+02   2.313733E+02   2.313733E+02
    0.2378   2.099957E+02   2.292769E+02   2.292769E+02
    0.2387   2.080735E+02   2.272014E+02   2.272014E+02
    0.2396   2.061718E+02   2.251474E+02   2.251474E+02
    0.2405   2.042906E+02   2.231149E+02   2.231149E+02
    0.2414   2.024282E+02   2.211022E+02   2.211022E+02
    0.2423   2.005869E+02   2.191118E+02   2.191118E+02
    0.2432   1.987633E+02   2.171400E+02   2.171400E+02
    0.2441   1.969606E+02   2.151901E+02   2.151901E+02
    0.2450   1.951756E+02   2.132589E+02   2.132589E+02
    0.2459   1.934096E+02   2.113478E+02   2.113478E+02
    0.2468   1.916623E+02   2.094564E+02   2.094564E+02
    0.2477   1.899321E+02   2.075830E+02   2.075830E+02
    0.2486   1.882215E+02   2.057304E+02   2.057304E+02
    0.2495   1.865272E+02   2.038950E+02   2.038950E+02
    0.2504   1.848514E+02   2.020792E+02   2.020792E+02
    0.2513   1.831925E+02   2.002814E+02   2.002814E+02
    0.2522   1.815500E+02   1.985010E+02   1.985010E+02
    0.2531   1.799257E+02   1.967399E+02   1.967399E+02
    0.2540   1.783167E+02   1.949951E+02   1.949951E+02
    0.2549   1.767251E+02   1.932688E+02   1.932688E+02
    0.2558   1.751495E+02   1.915595E+02   1.915595E+02
    0.2567   1.735890E+02   1.898664E+02   1.898664E+02
    0.2576   1.720459E+02   1.881918E+02   1.881918E+02
    0.2585   1.705170E+02   1.865325E+02   1.865325E+02
    0.2594   1.690042E+02   1.848904E+02   1.848904E+02
    0.2603   1.675067E+02   1.832648E+02   1.832648E+02
    0.2612   1.660231E+02   1.816540E+02   1.816540E+02
    0.2621   1.645559E+02   1.800610E+02   1.800610E+02
    0.2630   1.631025E+02   1.784827E+02   1.784827E+02
    0.2639   1.616632E+02   1.769197E+02   1.769197E+02
    0.2648   1.602393E+02   1.753732E+02   1.753732E+02
    0.2657   1.588285E+02   1.738408E+02   1.738408E+02
    0.2666   1.574323E+02   1.723240E+02   1.723240E+02
    0.2675   1.560501E+02   1.708224E+02   1.708224E+02
    0.2684   1.546808E+02   1.693344E+02   1.693344E+02
    0.2693   1.533260E+02   1.678621E+02   1.678621E+02
    0.2702   1.519844E+02   1.664039E+02   1.664039E+02
    0.2711   1.506552E+02   1.649589E+02   1.649589E+02
    0.2720   1.493406E+02   1.635296E+02   1.635296E+02
    0.2729   1.480383E+02   1.621134E+02   1.621134E+02
    0.2738   1.467482E+02   1.607103E+02   1.607103E+02
    0.2747   1.454722E+02   1.593222E+02   1.593222E+02
    0.2756   1.442079E+02   1.579467E+02   1.579467E+02
    0.2765   1.429558E+02   1.565840E+02   1.565840E+02
    0.2774   1.417170E+02   1.552357E+02   1.552357E+02
    0.2783   1.404897E+02   1.538996E+02   1.538996E+02
    0.2792   1.392742E+02   1.525760E+02   1.525760E+02
    0.2801   1.380716E+02   1.512663E+02   1.512663E+02
    0.2810   1.368801E+02   1.499683E+02   1.499683E+02
    0.2819   1.356999E+02   1.486824E+02   1.486824E+02
    0.2828   1.345323E+02   1.474099E+02   1.474099E+02
    0.2837   1.333755E+02   1.461489E+02   1.461489E+02
    0.2846   1.322294E+02   1.448993E+02   1.448993E+02
    0.2855   1.310958E+02   1.436630E+02   1.436630E+02
    0.2864   1.299726E+02   1.424378E+02   1.424378E+02
    0.2873   1.288598E+02   1.412236E+02   1.412236E+02
    0.2882   1.277588E+02   1.400220E+02   1.400220E+02
    0.2891   1.266682E+02   1.388315E+02   1.388315E+02
    0.2900   1.255875E+02   1.376515E+02   1.376515E+02
    0.2909   1.245180E+02   1.364834E+02   1.364834E+02
    0.2918   1.234589E+02   1.353265E+02   1.353265E+02
    0.2927   1.224094E+02   1.341798E+02   1.341798E+02
    0.2936   1.213702E+02   1.330440E+02   1.330440E+02
    0.2945   1.203417E+02   1.319195E+02   1.319195E+02
    0.2954   1.193225E+02   1.308051E+02   1.308051E+02
    0.2963   1.183126E+02   1.297005E+02   1.297005E+02
    0.2972   1.173135E+02   1.286075E+02   1.286075E+02
    0.2981   1.163236E+02   1.275242E+02   1.275242E+02
    0.2990   1.153426E+02   1.264505E+02   1.264505E+02
    0.2999   1.143714E+02   1.253873E+02   1.253873E+02
    0.3009   1.134098E+02   1.243342E+02   1.243342E+02
    0.3018   1.124569E+02   1.232905E+02   1.232905E+02
    0.3027   1.115126E+02   1.222560E+02   1.222560E+02
    0.3036   1.105783E+02   1.212322E+02   1.212322E+02
    0.3045   1.096525E+02   1.202175E+02   1.202175E+02
    0.3054   1.087351E+02   1.192117E+02   1.192117E+02
    0.3063   1.078264E+02   1.182154E+02   1.182154E+02
    0.3072   1.069268E+02   1.172288E+02   1.172288E+02
    0.3081   1.060353E+02   1.162508E+02   1.162508E+02
    0.3090   1.051518E+02   1.152815E+02   1.152815E+02
    0.3099   1.042771E+02   1.143216E+02   1.143216E+02
    0.3108   1.034107E+02   1.133706E+02   1.133706E+02
    0.3117   1.025520E+02   1.124280E+02   1.124280E+02
    0.3126   1.017010E+02   1.114936E+02   1.114936E+02
    0.3135   1.008586E+02   1.105686E+02   1.105686E+02
    0.3144   1.000239E+02   1.096519E+02   1.096519E+02
    0.3153   9.919656E+01   1.087432E+02   1.087432E+02
    0.3162   9.837658E+01   1.078424E+02   1.078424E+02
    0.3171   9.756492E+01   1.069506E+02   1.069506E+02
    0.3180   9.676053E+01   1.060668E+02   1.060668E+02
    0.3189   9.596322E+01   1.051906E+02   1.051906E+02
    0.3198   9.517291E+01   1.043221E+02   1.043221E+02
    0.3207   9.439050E+01   1.034622E+02   1.034622E+02
    0.3216   9.361508E+01   1.026099E+02   1.026099E+02
    0.3225   9.284641E+01   1.017651E+02   1.017651E+02
    0.3234   9.208443E+01   1.009275E+02   1.009275E+02
    0.3243   9.132982E+01   1.000981E+02   1.000981E+02
    0.3252   9.058204E+01   9.927613E+01   9.927613E+01
    0.3261   8.984071E+01   9.846129E+01   9.846129E+01
    0.3270   8.910577E+01   9.765350E+01   9.765350E+01
    0.3279   8.837757E+01   9.685317E+01   9.685317E+01
    0.3288   8.765616E+01   9.606035E+01   9.606035E+01
    0.3297   8.694091E+01   9.527437E+01   9.527437E+01
    0.3306   8.623174E+01   9.449517E+01   9.449517E+01
    0.3315   8.552862E+01   9.372269E+01   9.372269E+01
    0.3324   8.483235E+01   9.295787E+01   9.295787E+01
    0.3333   8.414199E+01   9.219962E+01   9.219962E+01
    0.3342   8.345747E+01   9.144788E+01   9.144788E+01
    0.3351   8.277876E+01   9.070260E+01   9.070260E+01
    0.3360   8.210619E+01   8.996414E+01   8.996414E+01
    0.3369   8.143979E+01   8.923253E+01   8.923253E+01
    0.3378   8.077904E+01   8.850719E+01   8.850719E+01
    0.3387   8.012390E+01   8.778805E+01   8.778805E+01
    0.3396   7.947432E+01   8.707507E+01   8.707507E+01
    0.3405   7.883082E+01   8.636881E+01   8.636881E+01
    0.3414   7.819300E+01   8.566883E+01   8.566883E+01
    0.3423   7.756060E+01   8.497482E+01   8.497482E+01
    0.3432   7.693356E+01   8.428674E+01   8.428674E+01
    0.3441   7.631185E+01   8.360451E+01   8.360451E+01
    0.3450   7.569600E+01   8.292874E+01   8.292874E+01
    0.3459   7.508553E+01   8.225889E+01   8.225889E+01
    0.3468   7.448024E+01   8.159474E+01   8.159474E+01
    0.3477   7.388008E+01   8.093622E+01   8.093622E+01
    0.3486   7.328501E+01   8.028329E+01   8.028329E+01
    0.3495   7.269546E+01   7.963642E+01   7.963642E+01
    0.3504   7.211114E+01   7.899526E+01   7.899526E+01
    0.3513   7.153176E+01   7.835954E+01   7.835954E+01
    0.3522   7.095730E+01   7.772919E+01   7.772919E+01
    0.3531   7.038771E+01   7.710418E+01   7.710418E+01
    0.3540   6.982317E+01   7.648468E+01   7.648468E+01
    0.3549   6.926383E+01   7.587088E+01   7.587088E+01
    0.3558   6.870922E+01   7.526224E+01   7.526224E+01
    0.3567   6.815931E+01   7.465874E+01   7.465874E+01
    0.3576   6.761406E+01   7.406032E+01   7.406032E+01
    0.3585   6.707343E+01   7.346693E+01   7.346693E+01
    0.3594   6.653782E+01   7.287904E+01   7.287904E+01
    0.3603   6.600688E+01   7.229622E+01   7.229622E+01
    0.3612   6.548042E+01   7.171830E+01   7.171830E+01
    0.3621   6.495841E+01   7.114522E+01   7.114522E+01
    0.3630   6.444081E+01   7.057695E+01   7.057695E+01
    0.3639   6.392759E+01   7.001345E+01   7.001345E+01
    0.3648   6.341919E+01   6.945520E+01   6.945520E+01
    0.3657   6.291512E+01   6.890166E+01   6.890166E+01
    0.3666   6.241530E+01   6.835275E+01   6.835275E+01
    0.3675   6.191970E+01   6.780842E+01   6.780842E+01
    0.3684   6.142826E+01   6.726864E+01   6.726864E+01
    0.3693   6.094097E+01   6.673336E+01   6.673336E+01
    0.3702   6.045814E+01   6.620294E+01   6.620294E+01
    0.3711   5.997949E+01   6.567707E+01   6.567707E+01
    0.3720   5.950485E+01   6.515557E+01   6.515557E+01
    0.3729   5.903420E+01   6.463841E+01   6.463841E+01
    0.3738   5.856750E+01   6.412554E+01   6.412554E+01
    0.3747   5.810471E+01   6.361693E+01   6.361693E+01
    0.3756   5.764590E+01   6.311266E+01   6.311266E+01
    0.3765   5.719126E+01   6.261293E+01   6.261293E+01
    0.3774   5.674043E+01   6.211734E+01   6.211734E+01
    0.3783   5.629335E+01   6.162585E+01   6.162585E+01
    0.3792   5.585001E+01   6.113843E+01   6.113843E+01
    0.3801   5.541036E+01   6.065504E+01   6.065504E+01
    0.3810   5.497437E+01   6.017564E+01   6.017564E+01
    0.3819   5.454212E+01   5.970033E+01   5.970033E+01
    0.3828   5.411374E+01   5.922923E+01   5.922923E+01
    0.3837   5.368892E+01   5.876202E+01   5.876202E+01
    0.3846   5.326761E+01   5.829865E+01   5.829865E+01
    0.3855   5.284979E+01   5.783910E+01   5.783910E+01
    0.3864   5.243543E+01   5.738333E+01   5.738333E+01
    0.3873   5.202449E+01   5.693130E+01   5.693130E+01
    0.3882   5.161693E+01   5.648299E+01   5.648299E+01
    0.3891   5.121303E+01   5.603868E+01   5.603868E+01
    0.3900   5.081250E+01   5.559807E+01   5.559807E+01
    0.3909   5.041525E+01   5.516106E+01   5.516106E+01
    0.3918   5.002126E+01   5.472764E+01   5.472764E+01
    0.3927   4.963050E+01   5.429776E+01   5.429776E+01
    0.3936   4.924293E+01   5.387139E+01   5.387139E+01
    0.3945   4.885852E+01   5.344852E+01   5.344852E+01
    0.3954   4.847724E+01   5.302910E+01   5.302910E+01
    0.3963   4.809930E+01   5.261336E+01   5.261336E+01
    0.3972   4.772449E+01   5.220108E+01   5.220108E+01
    0.3981   4.735271E+01   5.179215E+01   5.179215E+01
    0.3990   4.698393E+01   5.138656E+01   5.138656E+01
    0.3999   4.661813E+01   5.098426E+01   5.098426E+01
    0.4008   4.625528E+01   5.058524E+01   5.058524E+01
    0.4017   4.589534E+01   5.018946E+01   5.018946E+01
    0.4026   4.553829E+01   4.979690E+01   4.979690E+01
    0.4035   4.518410E+01   4.940752E+01   4.940752E+01
    0.4044   4.483299E+01   4.902158E+01   4.902158E+01
    0.4053   4.448467E+01   4.863877E+01   4.863877E+01
    0.4062   4.413911E+01   4.825906E+01   4.825906E+01
    0.4071   4.379630E+01   4.788242E+01   4.788242E+01
    0.4080   4.345619E+01   4.750883E+01   4.750883E+01
    0.4089   4.311877E+01   4.713825E+01   4.713825E+01
    0.4098   4.278400E+01   4.677067E+01   4.677067E+01
    0.4107   4.245187E+01   4.640606E+01   4.640606E+01
    0.4116   4.212236E+01   4.604439E+01   4.604439E+01
    0.4125   4.179548E+01   4.568569E+01   4.568569E+01
    0.4134   4.147135E+01   4.533005E+01   4.533005E+01
    0.4143   4.114977E+01   4.497729E+01   4.497729E+01
    0.4152   4.083072E+01   4.462735E+01   4.462735E+01
    0.4161   4.051419E+01   4.428024E+01   4.428024E+01
    0.4170   4.020015E+01   4.393591E+01   4.393591E+01
    0.4179   3.988859E+01   4.359434E+01   4.359434E+01
    0.4188   3.957949E+01   4.325552E+01   4.325552E+01
    0.4197   3.927284E+01   4.291941E+01   4.291941E+01
    0.4206   3.896860E+01   4.258600E+01   4.258600E+01
    0.4215   3.866677E+01   4.225526E+01   4.225526E+01
    0.4224   3.836732E+01   4.192717E+01   4.192717E+01
    0.4233   3.807041E+01   4.160189E+01   4.160189E+01
    0.4242   3.777584E+01   4.127920E+01   4.127920E+01
    0.4251   3.748360E+01   4.095910E+01   4.095910E+01
    0.4260   3.719367E+01   4.064155E+01   4.064155E+01
    0.4269   3.690603E+01   4.032653E+01   4.032653E+01
    0.4278   3.662066E+01   4.001402E+01   4.001402E+01
    0.4287   3.633755E+01   3.970400E+01   3.970400E+01
    0.4296   3.605668E+01   3.939645E+01   3.939645E+01
    0.4305   3.577803E+01   3.909135E+01   3.909135E+01
    0.4314   3.550158E+01   3.878868E+01   3.878868E+01
    0.4323   3.522733E+01   3.848841E+01   3.848841E+01
    0.4332   3.495524E+01   3.819053E+01   3.819053E+01
    0.4341   3.468531E+01   3.789502E+01   3.789502E+01
    0.4350   3.441760E+01   3.760196E+01   3.760196E+01
    0.4359   3.415205E+01   3.731125E+01   3.731125E+01
    0.4368   3.388860E+01   3.702285E+01   3.702285E+01
    0.4377   3.362723E+01   3.673672E+01   3.673672E+01
    0.4386   3.336792E+01   3.645287E+01   3.645287E+01
    0.4395   3.311067E+01   3.617125E+01   3.617125E+01
    0.4404   3.285545E+01   3.589187E+01   3.589187E+01
    0.4413   3.260225E+01   3.561469E+01   3.561469E+01
    0.4422   3.235105E+01   3.533969E+01   3.533969E+01
    0.4431   3.210183E+01   3.506687E+01   3.506687E+01
    0.4440   3.185459E+01   3.479620E+01   3.479620E+01
    0.4449   3.160930E+01   3.452767E+01   3.452767E+01
    0.4458   3.136595E+01   3.426125E+01   3.426125E+01
    0.4467   3.112452E+01   3.399693E+01   3.399693E+01
    0.4476   3.088500E+01   3.373468E+01   3.373468E+01
    0.4485   3.064737E+01   3.347451E+01   3.347451E+01
    0.4494   3.041162E+01   3.321637E+01   3.321637E+01
    0.4503   3.017779E+01   3.296033E+01   3.296033E+01
    0.4512   2.994583E+01   3.270633E+01   3.270633E+01
    0.4521   2.971569E+01   3.245432E+01   3.245432E+01
    0.4530   2.948737E+01   3.220428E+01   3.220428E+01
    0.4539   2.926084E+01   3.195620E+01   3.195620E+01
    0.4548   2.903610E+01   3.171006E+01   3.171006E+01
    0.4557   2.881313E+01   3.146585E+01   3.146585E+01
    0.4566   2.859191E+01   3.122355E+01   3.122355E+01
    0.4575   2.837243E+01   3.098314E+01   3.098314E+01
    0.4584   2.815467E+01   3.074461E+01   3.074461E+01
    0.4593   2.793863E+01   3.050795E+01   3.050795E+01
    0.4602   2.772428E+01   3.027313E+01   3.027313E+01
    0.4611   2.751161E+01   3.004014E+01   3.004014E+01
    0.4620   2.730062E+01   2.980897E+01   2.980897E+01
    0.4629   2.709127E+01   2.957961E+01   2.957961E+01
    0.4638   2.688356E+01   2.935202E+01   2.935202E+01
    0.4647   2.667748E+01   2.912622E+01   2.912622E+01
    0.4656   2.647302E+01   2.890216E+01   2.890216E+01
    0.4665   2.627014E+01   2.867985E+01   2.867985E+01
    0.4674   2.606886E+01   2.845927E+01   2.845927E+01
    0.4683   2.586914E+01   2.824041E+01   2.824041E+01
    0.4692   2.567098E+01   2.802324E+01   2.802324E+01
    0.4701   2.547437E+01   2.780776E+01   2.780776E+01
    0.4710   2.527928E+01   2.759395E+01   2.759395E+01
    0.4719   2.508571E+01   2.738180E+01   2.738180E+01
    0.4728   2.489365E+01   2.717129E+01   2.717129E+01
    0.4737   2.470307E+01   2.696242E+01   2.696242E+01
    0.4746   2.451397E+01   2.675516E+01   2.675516E+01
    0.4755   2.432634E+01   2.654951E+01   2.654951E+01
    0.4764   2.414019E+01   2.634548E+01   2.634548E+01
    0.4773   2.395547E+01   2.614302E+01   2.614302E+01
    0.4782   2.377217E+01   2.594213E+01   2.594213E+01
    0.4791   2.359029E+01   2.574279E+01   2.574279E+01
    0.4800   2.340980E+01   2.554498E+01   2.554498E+01
    0.4809   2.323070E+01   2.534870E+01   2.534870E+01
    0.4818   2.305297E+01   2.515393E+01   2.515393E+01
    0.4827   2.287660E+01   2.496067E+01   2.496067E+01
    0.4836   2.270158E+01   2.476889E+01   2.476889E+01
    0.4845   2.252790E+01   2.457858E+01   2.457858E+01
    0.4854   2.235554E+01   2.438974E+01   2.438974E+01
    0.4863   2.218449E+01   2.420236E+01   2.420236E+01
    0.4872   2.201474E+01   2.401641E+01   2.401641E+01
    0.4881   2.184628E+01   2.383189E+01   2.383189E+01
    0.4890   2.167909E+01   2.364879E+01   2.364879E+01
    0.4899   2.151317E+01   2.346709E+01   2.346709E+01
    0.4908   2.134849E+01   2.328679E+01   2.328679E+01
    0.4917   2.118506E+01   2.310787E+01   2.310787E+01
    0.4926   2.102286E+01   2.293032E+01   2.293032E+01
    0.4935   2.086187E+01   2.275413E+01   2.275413E+01
    0.4944   2.070208E+01   2.257929E+01   2.257929E+01
    0.4953   2.054350E+01   2.240578E+01   2.240578E+01
    0.4962   2.038609E+01   2.223361E+01   2.223361E+01
    0.4971   2.022986E+01   2.206275E+01   2.206275E+01
    0.4980   2.007480E+01   2.189320E+01   2.189320E+01
    0.4989   1.992090E+01   2.172494E+01   2.172494E+01
    0.4998   1.976815E+01   2.155797E+01   2.155797E+01
    0.5008   1.961654E+01   2.139227E+01   2.139227E+01
    0.5017   1.946607E+01   2.122784E+01   2.122784E+01
    0.5026   1.931673E+01   2.106466E+01   2.106466E+01
    0.5035   1.916850E+01   2.090272E+01   2.090272E+01
    0.5044   1.902139E+01   2.074202E+01   2.074202E+01
    0.5053   1.887538E+01   2.058254E+01   2.058254E+01
    0.5062   1.873047E+01   2.042428E+01   2.042428E+01
    0.5071   1.858665E+01   2.026722E+01   2.026722E+01
    0.5080   1.844391E+01   2.011136E+01   2.011136E+01
    0.5089   1.830224E+01   1.995668E+01   1.995668E+01
    0.5098   1.816163E+01   1.980318E+01   1.980318E+01
    0.5107   1.802208E+01   1.965084E+01   1.965084E+01
    0.5116   1.788359E+01   1.949966E+01   1.949966E+01
    0.5125   1.774613E+01   1.934963E+01   1.934963E+01
    0.5134   1.760971E+01   1.920074E+01   1.920074E+01
    0.5143   1.747432E+01   1.905297E+01   1.905297E+01
    0.5152   1.733995E+01   1.890633E+01   1.890633E+01
    0.5161   1.720660E+01   1.876080E+01   1.876080E+01
    0.5170   1.707427E+01   1.861640E+01   1.861640E+01
    0.5179   1.694294E+01   1.847309E+01   1.847309E+01
    0.5188   1.681260E+01   1.833086E+01   1.833086E+01
    0.5197   1.668324E+01   1.818971E+01   1.818971E+01
    0.5206   1.655487E+01   1.804963E+01   1.804963E+01
    0.5215   1.642746E+01   1.791061E+01   1.791061E+01
    0.5224   1.630101E+01   1.777265E+01   1.777265E+01
    0.5233   1.617552E+01   1.763572E+01   1.763572E+01
    0.5242   1.605098E+01   1.749983E+01   1.749983E+01
    0.5251   1.592739E+01   1.736497E+01   1.736497E+01
    0.5260   1.580472E+01   1.723112E+01   1.723112E+01
    0.5269   1.568299E+01   1.709829E+01   1.709829E+01
    0.5278   1.556218E+01   1.696646E+01   1.696646E+01
    0.5287   1.544228E+01   1.683562E+01   1.683562E+01
    0.5296   1.532329E+01   1.670577E+01   1.670577E+01
    0.5305   1.520519E+01   1.657690E+01   1.657690E+01
    0.5314   1.508800E+01   1.644900E+01   1.644900E+01
    0.5323   1.497169E+01   1.632207E+01   1.632207E+01
    0.5332   1.485626E+01   1.619609E+01   1.619609E+01
    0.5341   1.474171E+01   1.607106E+01   1.607106E+01
    0.5350   1.462802E+01   1.594696E+01   1.594696E+01
    0.5359   1.451519E+01   1.582381E+01   1.582381E+01
    0.5368   1.440322E+01   1.570158E+01   1.570158E+01
    0.5377   1.429210E+01   1.558026E+01   1.558026E+01
    0.5386   1.418181E+01   1.545986E+01   1.545986E+01
    0.5395   1.407237E+01   1.534037E+01   1.534037E+01
    0.5404   1.396375E+01   1.522177E+01   1.522177E+01
    0.5413   1.385595E+01   1.510406E+01   1.510406E+01
    0.5422   1.374897E+01   1.498724E+01   1.498724E+01
    0.5431   1.364280E+01   1.487129E+01   1.487129E+01
    0.5440   1.353746E+01   1.475624E+01   1.475624E+01
    0.5449   1.343293E+01   1.464207E+01   1.464207E+01
    0.5458   1.332919E+01   1.452875E+01   1.452875E+01
    0.5467   1.322623E+01   1.441629E+01   1.441629E+01
    0.5476   1.312406E+01   1.430466E+01   1.430466E+01
    0.5485   1.302265E+01   1.419388E+01   1.419388E+01
    0.5494   1.292202E+01   1.408392E+01   1.408392E+01
    0.5503   1.282214E+01   1.397479E+01   1.397479E+01
    0.5512   1.272302E+01   1.386647E+01   1.386647E+01
    0.5521   1.262465E+01   1.375896E+01   1.375896E+01
    0.5530   1.252702E+01   1.365226E+01   1.365226E+01
    0.5539   1.243012E+01   1.354636E+01   1.354636E+01
    0.5548   1.233396E+01   1.344125E+01   1.344125E+01
    0.5557   1.223852E+01   1.333692E+01   1.333692E+01
    0.5566   1.214381E+01   1.323337E+01   1.323337E+01
    0.5575   1.204980E+01   1.313060E+01   1.313060E+01
    0.5584   1.195650E+01   1.302860E+01   1.302860E+01
    0.5593   1.186391E+01   1.292735E+01   1.292735E+01
    0.5602   1.177201E+01   1.282686E+01   1.282686E+01
    0.5611   1.168083E+01   1.272716E+01   1.272716E+01
    0.5620   1.159036E+01   1.262822E+01   1.262822E+01
    0.5629   1.150056E+01   1.253001E+01   1.253001E+01
    0.5638   1.141144E+01   1.243254E+01   1.243254E+01
    0.5647   1.132298E+01   1.233580E+01   1.233580E+01
    0.5656   1.123519E+01   1.223977E+01   1.223977E+01
    0.5665   1.114806E+01   1.214447E+01   1.214447E+01
    0.5674   1.106157E+01   1.204987E+01   1.204987E+01
    0.5683   1.097574E+01   1.195598E+01   1.195598E+01
    0.5692   1.089054E+01   1.186278E+01   1.186278E+01
    0.5701   1.080598E+01   1.177028E+01   1.177028E+01
    0.5710   1.072205E+01   1.167847E+01   1.167847E+01
    0.5719   1.063874E+01   1.158735E+01   1.158735E+01
    0.5728   1.055606E+01   1.149690E+01   1.149690E+01
    0.5737   1.047398E+01   1.140712E+01   1.140712E+01
    0.5746   1.039254E+01   1.131803E+01   1.131803E+01
    0.5755   1.031173E+01   1.122964E+01   1.122964E+01
    0.5764   1.023152E+01   1.114191E+01   1.114191E+01
    0.5773   1.015191E+01   1.105483E+01   1.105483E+01
    0.5782   1.007288E+01   1.096840E+01   1.096840E+01
    0.5791   9.994432E+00   1.088261E+01   1.088261E+01
    0.5800   9.916565E+00   1.079745E+01   1.079745E+01
    0.5809   9.839270E+00   1.071293E+01   1.071293E+01
    0.5818   9.762543E+00   1.062904E+01   1.062904E+01
    0.5827   9.686379E+00   1.054577E+01   1.054577E+01
    0.5836   9.610773E+00   1.046312E+01   1.046312E+01
    0.5845   9.535720E+00   1.038108E+01   1.038108E+01
    0.5854   9.461216E+00   1.029966E+01   1.029966E+01
    0.5863   9.387266E+00   1.021884E+01   1.021884E+01
    0.5872   9.313895E+00   1.013868E+01   1.013868E+01
    0.5881   9.241056E+00   1.005911E+01   1.005911E+01
    0.5890   9.168746E+00   9.980124E+00   9.980124E+00
    0.5899   9.096960E+00   9.901729E+00   9.901729E+00
    0.5908   9.025695E+00   9.823915E+00   9.823915E+00
    0.5917   8.954947E+00   9.746678E+00   9.746678E+00
    0.5926   8.884714E+00   9.670014E+00   9.670014E+00
    0.5935   8.814990E+00   9.593918E+00   9.593918E+00
    0.5944   8.745774E+00   9.518386E+00   9.518386E+00
    0.5953   8.677061E+00   9.443414E+00   9.443414E+00
    0.5962   8.608849E+00   9.368998E+00   9.368998E+00
    0.5971   8.541157E+00   9.295159E+00   9.295159E+00
    0.5980   8.473989E+00   9.221900E+00   9.221900E+00
    0.5989   8.407312E+00   9.149184E+00   9.149184E+00
    0.5998   8.341122E+00   9.077007E+00   9.077007E+00
    0.6007   8.275415E+00   9.005364E+00   9.005364E+00
    0.6016   8.210189E+00   8.934252E+00   8.934252E+00
    0.6025   8.145441E+00   8.863666E+00   8.863666E+00
    0.6034   8.081166E+00   8.793603E+00   8.793603E+00
    0.6043   8.017363E+00   8.724059E+00   8.724059E+00
    0.6052   7.954027E+00   8.655030E+00   8.655030E+00
    0.6061   7.891156E+00   8.586511E+00   8.586511E+00
    0.6070   7.828781E+00   8.518537E+00   8.518537E+00
    0.6079   7.766885E+00   8.451089E+00   8.451089E+00
    0.6088   7.705443E+00   8.384139E+00   8.384139E+00
    0.6097   7.644454E+00   8.317686E+00   8.317686E+00
    0.6106   7.583913E+00   8.251723E+00   8.251723E+00
    0.6115   7.523819E+00   8.186249E+00   8.186249E+00
    0.6124   7.464167E+00   8.121259E+00   8.121259E+00
    0.6133   7.404955E+00   8.056750E+00   8.056750E+00
    0.6142   7.346179E+00   7.992718E+00   7.992718E+00
    0.6151   7.287837E+00   7.929160E+00   7.929160E+00
    0.6160   7.229958E+00   7.866107E+00   7.866107E+00
    0.6169   7.172530E+00   7.803545E+00   7.803545E+00
    0.6178   7.115527E+00   7.741446E+00   7.741446E+00
    0.6187   7.058945E+00   7.679806E+00   7.679806E+00
    0.6196   7.002781E+00   7.618622E+00   7.618622E+00
    0.6205   6.947034E+00   7.557890E+00   7.557890E+00
    0.6214   6.891699E+00   7.497608E+00   7.497608E+00
    0.6223   6.836774E+00   7.437771E+00   7.437771E+00
    0.6232   6.782256E+00   7.378376E+00   7.378376E+00
    0.6241   6.728150E+00   7.319428E+00   7.319428E+00
    0.6250   6.674494E+00   7.260969E+00   7.260969E+00
    0.6259   6.621236E+00   7.202942E+00   7.202942E+00
    0.6268   6.568373E+00   7.145344E+00   7.145344E+00
    0.6277   6.515903E+00   7.088171E+00   7.088171E+00
    0.6286   6.463822E+00   7.031421E+00   7.031421E+00
    0.6295   6.412129E+00   6.975090E+00   6.975090E+00
    0.6304   6.360820E+00   6.919176E+00   6.919176E+00
    0.6313   6.309893E+00   6.863675E+00   6.863675E+00
    0.6322   6.259355E+00   6.808596E+00   6.808596E+00
    0.6331   6.209238E+00   6.753972E+00   6.753972E+00
    0.6340   6.159494E+00   6.699753E+00   6.699753E+00
    0.6349   6.110121E+00   6.645934E+00   6.645934E+00
    0.6358   6.061115E+00   6.592513E+00   6.592513E+00
    0.6367   6.012474E+00   6.539486E+00   6.539486E+00
    0.6376   5.964195E+00   6.486852E+00   6.486852E+00
    0.6385   5.916277E+00   6.434606E+00   6.434606E+00
    0.6394   5.868715E+00   6.382747E+00   6.382747E+00
    0.6403   5.821545E+00   6.331311E+00   6.331311E+00
    0.6412   5.774745E+00   6.280275E+00   6.280275E+00
    0.6421   5.728294E+00   6.229616E+00   6.229616E+00
    0.6430   5.682189E+00   6.179332E+00   6.179332E+00
    0.6439   5.636428E+00   6.129420E+00   6.129420E+00
    0.6448   5.591008E+00   6.079876E+00   6.079876E+00
    0.6457   5.545927E+00   6.030698E+00   6.030698E+00
    0.6466   5.501182E+00   5.981885E+00   5.981885E+00
    0.6475   5.456799E+00   5.933462E+00   5.933462E+00
    0.6484   5.412774E+00   5.885426E+00   5.885426E+00
    0.6493   5.369077E+00   5.837746E+00   5.837746E+00
    0.6502   5.325706E+00   5.790418E+00   5.790418E+00
    0.6511   5.282658E+00   5.743440E+00   5.743440E+00
    0.6520   5.239931E+00   5.696810E+00   5.696810E+00
    0.6529   5.197522E+00   5.650524E+00   5.650524E+00
    0.6538   5.155430E+00   5.604580E+00   5.604580E+00
    0.6547   5.113687E+00   5.559015E+00   5.559015E+00
    0.6556   5.072273E+00   5.513808E+00   5.513808E+00
    0.6565   5.031168E+00   5.468934E+00   5.468934E+00
    0.6574   4.990369E+00   5.424393E+00   5.424393E+00
    0.6583   4.949874E+00   5.380181E+00   5.380181E+00
    0.6592   4.909680E+00   5.336296E+00   5.336296E+00
    0.6601   4.869785E+00   5.292736E+00   5.292736E+00
    0.6610   4.830190E+00   5.249502E+00   5.249502E+00
    0.6619   4.790940E+00   5.206643E+00   5.206643E+00
    0.6628   4.751981E+00   5.164100E+00   5.164100E+00
    0.6637   4.713311E+00   5.121873E+00   5.121873E+00
    0.6646   4.674929E+00   5.079957E+00   5.079957E+00
    0.6655   4.636831E+00   5.038353E+00   5.038353E+00
    0.6664   4.599015E+00   4.997056E+00   4.997056E+00
    0.6673   4.561480E+00   4.956065E+00   4.956065E+00
    0.6682   4.524262E+00   4.915420E+00   4.915420E+00
    0.6691   4.487333E+00   4.875091E+00   4.875091E+00
    0.6700   4.450677E+00   4.835061E+00   4.835061E+00
    0.6709   4.414292E+00   4.795327E+00   4.795327E+00
    0.6718   4.378175E+00   4.755887E+00   4.755887E+00
    0.6727   4.342325E+00   4.716740E+00   4.716740E+00
    0.6736   4.306740E+00   4.677882E+00   4.677882E+00
    0.6745   4.271449E+00   4.639349E+00   4.639349E+00
    0.6754   4.236437E+00   4.601122E+00   4.601122E+00
    0.6763   4.201682E+00   4.563179E+00   4.563179E+00
    0.6772   4.167183E+00   4.525516E+00   4.525516E+00
    0.6781   4.132936E+00   4.488133E+00   4.488133E+00
    0.6790   4.098941E+00   4.451027E+00   4.451027E+00
    0.6799   4.065195E+00   4.414196E+00   4.414196E+00
    0.6808   4.031732E+00   4.377679E+00   4.377679E+00
    0.6817   3.998527E+00   4.341448E+00   4.341448E+00
    0.6826   3.965565E+00   4.305486E+00   4.305486E+00
    0.6835   3.932843E+00   4.269791E+00   4.269791E+00
    0.6844   3.900359E+00   4.234361E+00   4.234361E+00
    0.6853   3.868111E+00   4.199194E+00   4.199194E+00
    0.6862   3.836097E+00   4.164287E+00   4.164287E+00
    0.6871   3.804364E+00   4.129695E+00   4.129695E+00
    0.6880   3.772861E+00   4.095360E+00   4.095360E+00
    0.6889   3.741586E+00   4.061280E+00   4.061280E+00
    0.6898   3.710536E+00   4.027453E+00   4.027453E+00
    0.6907   3.679710E+00   3.993877E+00   3.993877E+00
    0.6916   3.649106E+00   3.960551E+00   3.960551E+00
    0.6925   3.618741E+00   3.927495E+00   3.927495E+00
    0.6934   3.588624E+00   3.894717E+00   3.894717E+00
    0.6943   3.558724E+00   3.862183E+00   3.862183E+00
    0.6952   3.529040E+00   3.829890E+00   3.829890E+00
    0.6961   3.499570E+00   3.797837E+00   3.797837E+00
    0.6970   3.470314E+00   3.766023E+00   3.766023E+00
    0.6979   3.441269E+00   3.734445E+00   3.734445E+00
    0.6988   3.412483E+00   3.703156E+00   3.703156E+00
    0.6997   3.383905E+00   3.672100E+00   3.672100E+00
    0.7007   3.355536E+00   3.641275E+00   3.641275E+00
    0.7016   3.327372E+00   3.610680E+00   3.610680E+00
    0.7025   3.299414E+00   3.580312E+00   3.580312E+00
    0.7034   3.271659E+00   3.550170E+00   3.550170E+00
    0.7043   3.244141E+00   3.520291E+00   3.520291E+00
    0.7052   3.216838E+00   3.490649E+00   3.490649E+00
    0.7061   3.189734E+00   3.461229E+00   3.461229E+00
    0.7070   3.162828E+00   3.432027E+00   3.432027E+00
    0.7079   3.136120E+00   3.403044E+00   3.403044E+00
    0.7088   3.109607E+00   3.374276E+00   3.374276E+00
    0.7097   3.083316E+00   3.345752E+00   3.345752E+00
    0.7106   3.057238E+00   3.317464E+00   3.317464E+00
    0.7115   3.031353E+00   3.289386E+00   3.289386E+00
    0.7124   3.005658E+00   3.261519E+00   3.261519E+00
    0.7133   2.980152E+00   3.233859E+00   3.233859E+00
    0.7142   2.954834E+00   3.206406E+00   3.206406E+00
    0.7151   2.929728E+00   3.179184E+00   3.179184E+00
    0.7160   2.904830E+00   3.152191E+00   3.152191E+00
    0.7169   2.880116E+00   3.125399E+00   3.125399E+00
    0.7178   2.855585E+00   3.098807E+00   3.098807E+00
    0.7187   2.831236E+00   3.072414E+00   3.072414E+00
    0.7196   2.807068E+00   3.046218E+00   3.046218E+00
    0.7205   2.783107E+00   3.020248E+00   3.020248E+00
    0.7214   2.759343E+00   2.994493E+00   2.994493E+00
    0.7223   2.735755E+00   2.968930E+00   2.968930E+00
    0.7232   2.712343E+00   2.943559E+00   2.943559E+00
    0.7241   2.689106E+00   2.918377E+00   2.918377E+00
    0.7250   2.666042E+00   2.893385E+00   2.893385E+00
    0.7259   2.643187E+00   2.868618E+00   2.868618E+00
    0.7268   2.620512E+00   2.844047E+00   2.844047E+00
    0.7277   2.598007E+00   2.819660E+00   2.819660E+00
    0.7286   2.575670E+00   2.795456E+00   2.795456E+00
    0.7295   2.553500E+00   2.771434E+00   2.771434E+00
    0.7304   2.531501E+00   2.747595E+00   2.747595E+00
    0.7313   2.509708E+00   2.723980E+00   2.723980E+00
    0.7322   2.488079E+00   2.700542E+00   2.700542E+00
    0.7331   2.466613E+00   2.677280E+00   2.677280E+00
    0.7340   2.445308E+00   2.654193E+00   2.654193E+00
    0.7349   2.424164E+00   2.631279E+00   2.631279E+00
    0.7358   2.403199E+00   2.608559E+00   2.608559E+00
    0.7367   2.382417E+00   2.586035E+00   2.586035E+00
    0.7376   2.361792E+00   2.563681E+00   2.563681E+00
    0.7385   2.341323E+00   2.541495E+00   2.541495E+00
    0.7394   2.321009E+00   2.519476E+00   2.519476E+00
    0.7403   2.300848E+00   2.497622E+00   2.497622E+00
    0.7412   2.280880E+00   2.475975E+00   2.475975E+00
    0.7421   2.261067E+00   2.454496E+00   2.454496E+00
    0.7430   2.241404E+00   2.433178E+00   2.433178E+00
    0.7439   2.221891E+00   2.412021E+00   2.412021E+00
    0.7448   2.202526E+00   2.391023E+00   2.391023E+00
    0.7457   2.183328E+00   2.370204E+00   2.370204E+00
    0.7466   2.164299E+00   2.349567E+00   2.349567E+00
    0.7475   2.145415E+00   2.329086E+00   2.329086E+00
    0.7484   2.126675E+00   2.308759E+00   2.308759E+00
    0.7493   2.108078E+00   2.288586E+00   2.288586E+00
    0.7502   2.089626E+00   2.268568E+00   2.268568E+00
    0.7511   2.071353E+00   2.248744E+00   2.248744E+00
    0.7520   2.053220E+00   2.229068E+00   2.229068E+00
    0.7529   2.035226E+00   2.209542E+00   2.209542E+00
    0.7538   2.017369E+00   2.190163E+00   2.190163E+00
    0.7547   1.999649E+00   2.170930E+00   2.170930E+00
    0.7556   1.982096E+00   2.151877E+00   2.151877E+00
    0.7565   1.964687E+00   2.132978E+00   2.132978E+00
    0.7574   1.947411E+00   2.114223E+00   2.114223E+00
    0.7583   1.930268E+00   2.095609E+00   2.095609E+00
    0.7592   1.913256E+00   2.077136E+00   2.077136E+00
    0.7601   1.896397E+00   2.058827E+00   2.058827E+00
    0.7610   1.879685E+00   2.040676E+00   2.040676E+00
    0.7619   1.863102E+00   2.022662E+00   2.022662E+00
    0.7628   1.846646E+00   2.004786E+00   2.004786E+00
    0.7637   1.830316E+00   1.987044E+00   1.987044E+00
    0.7646   1.814127E+00   1.969454E+00   1.969454E+00
    0.7655   1.798087E+00   1.952024E+00   1.952024E+00
    0.7664   1.782170E+00   1.934725E+00   1.934725E+00
    0.7673   1.766375E+00   1.917558E+00   1.917558E+00
    0.7682   1.750702E+00   1.900522E+00   1.900522E+00
    0.7691   1.735160E+00   1.883627E+00   1.883627E+00
    0.7700   1.719766E+00   1.866890E+00   1.866890E+00
    0.7709   1.704490E+00   1.850281E+00   1.850281E+00
    0.7718   1.689332E+00   1.833798E+00   1.833798E+00
    0.7727   1.674290E+00   1.817440E+00   1.817440E+00
    0.7736   1.659374E+00   1.801217E+00   1.801217E+00
    0.7745   1.644601E+00   1.785148E+00   1.785148E+00
    0.7754   1.629941E+00   1.769202E+00   1.769202E+00
    0.7763   1.615394E+00   1.753377E+00   1.753377E+00
    0.7772   1.600959E+00   1.737673E+00   1.737673E+00
    0.7781   1.586645E+00   1.722100E+00   1.722100E+00
    0.7790   1.572469E+00   1.706674E+00   1.706674E+00
    0.7799   1.558401E+00   1.691367E+00   1.691367E+00
    0.7808   1.544441E+00   1.676176E+00   1.676176E+00
    0.7817   1.530589E+00   1.661102E+00   1.661102E+00
    0.7826   1.516856E+00   1.646155E+00   1.646155E+00
    0.7835   1.503252E+00   1.631350E+00   1.631350E+00
    0.7844   1.489752E+00   1.616657E+00   1.616657E+00
    0.7853   1.476356E+00   1.602077E+00   1.602077E+00
    0.7862   1.463063E+00   1.587608E+00   1.587608E+00
    0.7871   1.449888E+00   1.573269E+00   1.573269E+00
    0.7880   1.436833E+00   1.559059E+00   1.559059E+00
    0.7889   1.423878E+00   1.544959E+00   1.544959E+00
    0.7898   1.411022E+00   1.530966E+00   1.530966E+00
    0.7907   1.398264E+00   1.517081E+00   1.517081E+00
    0.7916   1.385627E+00   1.503327E+00   1.503327E+00
    0.7925   1.373098E+00   1.489692E+00   1.489692E+00
    0.7934   1.360665E+00   1.476161E+00   1.476161E+00
    0.7943   1.348326E+00   1.462735E+00   1.462735E+00
    0.7952   1.336082E+00   1.449411E+00   1.449411E+00
    0.7961   1.323960E+00   1.436223E+00   1.436223E+00
    0.7970   1.311934E+00   1.423140E+00   1.423140E+00
    0.7979   1.300000E+00   1.410158E+00   1.410158E+00
    0.7988   1.288157E+00   1.397276E+00   1.397276E+00
    0.7997   1.276408E+00   1.384499E+00   1.384499E+00
    0.8006   1.264776E+00   1.371850E+00   1.371850E+00
    0.8015   1.253232E+00   1.359300E+00   1.359300E+00
    0.8024   1.241775E+00   1.346846E+00   1.346846E+00
    0.8033   1.230405E+00   1.334488E+00   1.334488E+00
    0.8042   1.219137E+00   1.322242E+00   1.322242E+00
    0.8051   1.207971E+00   1.310110E+00   1.310110E+00
    0.8060   1.196889E+00   1.298071E+00   1.298071E+00
    0.8069   1.185892E+00   1.286125E+00   1.286125E+00
    0.8078   1.174979E+00   1.274272E+00   1.274272E+00
    0.8087   1.164176E+00   1.262539E+00   1.262539E+00
    0.8096   1.153460E+00   1.250903E+00   1.250903E+00
    0.8105   1.142827E+00   1.239357E+00   1.239357E+00
    0.8114   1.132275E+00   1.227900E+00   1.227900E+00
    0.8123   1.121812E+00   1.216541E+00   1.216541E+00
    0.8132   1.111452E+00   1.205295E+00   1.205295E+00
    0.8141   1.101172E+00   1.194136E+00   1.194136E+00
    0.8150   1.090972E+00   1.183063E+00   1.183063E+00
    0.8159   1.080850E+00   1.172077E+00   1.172077E+00
    0.8168   1.070828E+00   1.161200E+00   1.161200E+00
    0.8177   1.060892E+00   1.150416E+00   1.150416E+00
    0.8186   1.051034E+00   1.139717E+00   1.139717E+00
    0.8195   1.041252E+00   1.129100E+00   1.129100E+00
    0.8204   1.031552E+00   1.118573E+00   1.118573E+00
    0.8213   1.021952E+00   1.108154E+00   1.108154E+00
    0.8222   1.012426E+00   1.097816E+00   1.097816E+00
    0.8231   1.002975E+00   1.087558E+00   1.087558E+00
    0.8240   9.935974E-01   1.077380E+00   1.077380E+00
    0.8249   9.843151E-01   1.067305E+00   1.067305E+00
    0.8258   9.751133E-01   1.057317E+00   1.057317E+00
    0.8267   9.659836E-01   1.047407E+00   1.047407E+00
    0.8276   9.569255E-01   1.037575E+00   1.037575E+00
    0.8285   9.479476E-01   1.027828E+00   1.027828E+00
    0.8294   9.390605E-01   1.018180E+00   1.018180E+00
    0.8303   9.302434E-01   1.008607E+00   1.008607E+00
    0.8312   9.214959E-01   9.991085E-01   9.991085E-01
    0.8321   9.128175E-01   9.896845E-01   9.896845E-01
    0.8330   9.042337E-01   9.803622E-01   9.803622E-01
    0.8339   8.957205E-01   9.711157E-01   9.711157E-01
    0.8348   8.872747E-01   9.619415E-01   9.619415E-01
    0.8357   8.788959E-01   9.528391E-01   9.528391E-01
    0.8366   8.705992E-01   9.438248E-01   9.438248E-01
    0.8375   8.623811E-01   9.348946E-01   9.348946E-01
    0.8384   8.542284E-01   9.260344E-01   9.260344E-01
    0.8393   8.461407E-01   9.172438E-01   9.172438E-01
    0.8402   8.381236E-01   9.085288E-01   9.085288E-01
    0.8411   8.301921E-01   8.999051E-01   8.999051E-01
    0.8420   8.223240E-01   8.913492E-01   8.913492E-01
    0.8429   8.145188E-01   8.828605E-01   8.828605E-01
    0.8438   8.067762E-01   8.744387E-01   8.744387E-01
    0.8447   7.991208E-01   8.661099E-01   8.661099E-01
    0.8456   7.915288E-01   8.578487E-01   8.578487E-01
    0.8465   7.839978E-01   8.496526E-01   8.496526E-01
    0.8474   7.765274E-01   8.415211E-01   8.415211E-01
    0.8483   7.691349E-01   8.334726E-01   8.334726E-01
    0.8492   7.618107E-01   8.254969E-01   8.254969E-01
    0.8501   7.545456E-01   8.175841E-01   8.175841E-01
    0.8510   7.473392E-01   8.097338E-01   8.097338E-01
    0.8519   7.402024E-01   8.019577E-01   8.019577E-01
    0.8528   7.331379E-01   7.942585E-01   7.942585E-01
    0.8537   7.261306E-01   7.866202E-01   7.866202E-01
    0.8546   7.191801E-01   7.790422E-01   7.790422E-01
    0.8555   7.122920E-01   7.715307E-01   7.715307E-01
    0.8564   7.054791E-01   7.640994E-01   7.640994E-01
    0.8573   6.987216E-01   7.567268E-01   7.567268E-01
    0.8582   6.920189E-01   7.494126E-01   7.494126E-01
    0.8591   6.853725E-01   7.421582E-01   7.421582E-01
    0.8600   6.788034E-01   7.349861E-01   7.349861E-01
    0.8609   6.722877E-01   7.278709E-01   7.278709E-01
    0.8618   6.658251E-01   7.208121E-01   7.208121E-01
    0.8627   6.594152E-01   7.138095E-01   7.138095E-01
    0.8636   6.530801E-01   7.068865E-01   7.068865E-01
    0.8645   6.467985E-01   7.000204E-01   7.000204E-01
    0.8654   6.405681E-01   6.932089E-01   6.932089E-01
    0.8663   6.343887E-01   6.864517E-01   6.864517E-01
    0.8672   6.282791E-01   6.797688E-01   6.797688E-01
    0.8681   6.222239E-01   6.731439E-01   6.731439E-01
    0.8690   6.162183E-01   6.665718E-01   6.665718E-01
    0.8699   6.102617E-01   6.600522E-01   6.600522E-01
    0.8708   6.043708E-01   6.536025E-01   6.536025E-01
    0.8717   5.985345E-01   6.472111E-01   6.472111E-01
    0.8726   5.927459E-01   6.408707E-01   6.408707E-01
    0.8735   5.870047E-01   6.345810E-01   6.345810E-01
    0.8744   5.813257E-01   6.283577E-01   6.283577E-01
    0.8753   5.757008E-01   6.221923E-01   6.221923E-01
    0.8762   5.701219E-01   6.160762E-01   6.160762E-01
    0.8771   5.645888E-01   6.100090E-01   6.100090E-01
    0.8780   5.591149E-01   6.040054E-01   6.040054E-01
    0.8789   5.536941E-01   5.980587E-01   5.980587E-01
    0.8798   5.483176E-01   5.921596E-01   5.921596E-01
    0.8807   5.429852E-01   5.863078E-01   5.863078E-01
    0.8816   5.377098E-01   5.805174E-01   5.805174E-01
    0.8825   5.324858E-01   5.747823E-01   5.747823E-01
    0.8834   5.273046E-01   5.690932E-01   5.690932E-01
    0.8843   5.221657E-01   5.634498E-01   5.634498E-01
    0.8852   5.170822E-01   5.578662E-01   5.578662E-01
    0.8861   5.120479E-01   5.523358E-01   5.523358E-01
    0.8870   5.070548E-01   5.468499E-01   5.468499E-01
    0.8879   5.021024E-01   5.414082E-01   5.414082E-01
    0.8888   4.972042E-01   5.360252E-01   5.360252E-01
    0.8897   4.923527E-01   5.306929E-01   5.306929E-01
    0.8906   4.875407E-01   5.254035E-01   5.254035E-01
    0.8915   4.827679E-01   5.201569E-01   5.201569E-01
    0.8924   4.780485E-01   5.149684E-01   5.149684E-01
    0.8933   4.733727E-01   5.098277E-01   5.098277E-01
    0.8942   4.687350E-01   5.047285E-01   5.047285E-01
    0.8951   4.641348E-01   4.996705E-01   4.996705E-01
    0.8960   4.595878E-01   4.946707E-01   4.946707E-01
    0.8969   4.550811E-01   4.897152E-01   4.897152E-01
    0.8978   4.506107E-01   4.847999E-01   4.847999E-01
    0.8987   4.461765E-01   4.799243E-01   4.799243E-01
    0.8996   4.417954E-01   4.751074E-01   4.751074E-01
    0.9006   4.374510E-01   4.703312E-01   4.703312E-01
    0.9015   4.331415E-01   4.655936E-01   4.655936E-01
    0.9024   4.288674E-01   4.608955E-01   4.608955E-01
    0.9033   4.246450E-01   4.562549E-01   4.562549E-01
    0.9042   4.204563E-01   4.516519E-01   4.516519E-01
    0.9051   4.163009E-01   4.470862E-01   4.470862E-01
    0.9060   4.121823E-01   4.425617E-01   4.425617E-01
    0.9069   4.081105E-01   4.380899E-01   4.380899E-01
    0.9078   4.040709E-01   4.336544E-01   4.336544E-01
    0.9087   4.000633E-01   4.292549E-01   4.292549E-01
    0.9096   3.960937E-01   4.248986E-01   4.248986E-01
    0.9105   3.921661E-01   4.205899E-01   4.205899E-01
    0.9114   3.882693E-01   4.163163E-01   4.163163E-01
    0.9123   3.844031E-01   4.120776E-01   4.120776E-01
    0.9132   3.805764E-01   4.078841E-01   4.078841E-01
    0.9141   3.767866E-01   4.037331E-01   4.037331E-01
    0.9150   3.730263E-01   3.996160E-01   3.996160E-01
    0.9159   3.692951E-01   3.955326E-01   3.955326E-01
    0.9168   3.656051E-01   3.914969E-01   3.914969E-01
    0.9177   3.619470E-01   3.874983E-01   3.874983E-01
    0.9186   3.583169E-01   3.835325E-01   3.835325E-01
    0.9195   3.547145E-01   3.795991E-01   3.795991E-01
    0.9204   3.511551E-01   3.757161E-01   3.757161E-01
    0.9213   3.476226E-01   3.718649E-01   3.718649E-01
    0.9222   3.441170E-01   3.680452E-01   3.680452E-01
    0.9231   3.406420E-01   3.642613E-01   3.642613E-01
    0.9240   3.372049E-01   3.605217E-01   3.605217E-01
    0.9249   3.337941E-01   3.568128E-01   3.568128E-01
    0.9258   3.304095E-01   3.531343E-01   3.531343E-01
    0.9267   3.270586E-01   3.494951E-01   3.494951E-01
    0.9276   3.237407E-01   3.458941E-01   3.458941E-01
    0.9285   3.204484E-01   3.423226E-01   3.423226E-01
    0.9294   3.171815E-01   3.387806E-01   3.387806E-01
    0.9303   3.139517E-01   3.352813E-01   3.352813E-01
    0.9312   3.107498E-01   3.318142E-01   3.318142E-01
    0.9321   3.075727E-01   3.283755E-01   3.283755E-01
    0.9330   3.044219E-01   3.249670E-01   3.249670E-01
    0.9339   3.013086E-01   3.216014E-01   3.216014E-01
    0.9348   2.982196E-01   3.182635E-01   3.182635E-01
    0.9357   2.951547E-01   3.149531E-01   3.149531E-01
    0.9366   2.921200E-01   3.116771E-01   3.116771E-01
    0.9375   2.891171E-01   3.084372E-01   3.084372E-01
    0.9384   2.861378E-01   3.052241E-01   3.052241E-01
    0.9393   2.831820E-01   3.020376E-01   3.020376E-01
    0.9402   2.802603E-01   2.988897E-01   2.988897E-01
    0.9411   2.773649E-01   2.957713E-01   2.957713E-01
    0.9420   2.744924E-01   2.926787E-01   2.926787E-01
    0.9429   2.716443E-01   2.896138E-01   2.896138E-01
    0.9438   2.688309E-01   2.865877E-01   2.865877E-01
    0.9447   2.660399E-01   2.835866E-01   2.835866E-01
    0.9456   2.632711E-01   2.806104E-01   2.806104E-01
    0.9465   2.605312E-01   2.776665E-01   2.776665E-01
    0.9474   2.578198E-01   2.747545E-01   2.747545E-01
    0.9483   2.551302E-01   2.718667E-01   2.718667E-01
    0.9492   2.524622E-01   2.690028E-01   2.690028E-01
    0.9501   2.498274E-01   2.661759E-01   2.661759E-01
    0.9510   2.472152E-01   2.633740E-01   2.633740E-01
    0.9519   2.446241E-01   2.605955E-01   2.605955E-01
    0.9528   2.420578E-01   2.578443E-01   2.578443E-01
    0.9537   2.395214E-01   2.551262E-01   2.551262E-01
    0.9546   2.370054E-01   2.524306E-01   2.524306E-01
    0.9555   2.345099E-01   2.497575E-01   2.497575E-01
    0.9564   2.320439E-01   2.471168E-01   2.471168E-01
    0.9573   2.296015E-01   2.445020E-01   2.445020E-01
    0.9582   2.271790E-01   2.419090E-01   2.419090E-01
    0.9591   2.247782E-01   2.393398E-01   2.393398E-01
    0.9600   2.224076E-01   2.368036E-01   2.368036E-01
    0.9609   2.200564E-01   2.342886E-01   2.342886E-01
    0.9618   2.177245E-01   2.317946E-01   2.317946E-01
    0.9627   2.154192E-01   2.293295E-01   2.293295E-01
    0.9636   2.131376E-01   2.268904E-01   2.268904E-01
    0.9645   2.108749E-01   2.244716E-01   2.244716E-01
    0.9654   2.086316E-01   2.220740E-01   2.220740E-01
    0.9663   2.064181E-01   2.197086E-01   2.197086E-01
    0.9672   2.042228E-01   2.173629E-01   2.173629E-01
    0.9681   2.020457E-01   2.150370E-01   2.150370E-01
    0.9690   1.998932E-01   2.127376E-01   2.127376E-01
    0.9699   1.977639E-01   2.104631E-01   2.104631E-01
    0.9708   1.956522E-01   2.082078E-01   2.082078E-01
    0.9717   1.935586E-01   2.059719E-01   2.059719E-01
    0.9726   1.914935E-01   2.037667E-01   2.037667E-01
    0.9735   1.894456E-01   2.015800E-01   2.015800E-01
    0.9744   1.874149E-01   1.994116E-01   1.994116E-01
    0.9753   1.854074E-01   1.972683E-01   1.972683E-01
    0.9762   1.834217E-01   1.951483E-01   1.951483E-01
    0.9771   1.814526E-01   1.930462E-01   1.930462E-01
    0.9780   1.795010E-01   1.909627E-01   1.909627E-01
    0.9789   1.775759E-01   1.889076E-01   1.889076E-01
    0.9798   1.756670E-01   1.868699E-01   1.868699E-01
    0.9807   1.737742E-01   1.848493E-01   1.848493E-01
    0.9816   1.719040E-01   1.828529E-01   1.828529E-01
    0.9825   1.700537E-01   1.808777E-01   1.808777E-01
    0.9834   1.682190E-01   1.789191E-01   1.789191E-01
    0.9843   1.664017E-01   1.769790E-01   1.769790E-01
    0.9852   1.646084E-01   1.750647E-01   1.750647E-01
    0.9861   1.628304E-01   1.731665E-01   1.731665E-01
    0.9870   1.610674E-01   1.712843E-01   1.712843E-01
    0.9879   1.593269E-01   1.694261E-01   1.694261E-01
    0.9888   1.576039E-01   1.675866E-01   1.675866E-01
    0.9897   1.558955E-01   1.657626E-01   1.657626E-01
    0.9906   1.542048E-01   1.639573E-01   1.639573E-01
    0.9915   1.525354E-01   1.621748E-01   1.621748E-01
    0.9924   1.508802E-01   1.604073E-01   1.604073E-01
    0.9933   1.492391E-01   1.586548E-01   1.586548E-01
    0.9942   1.476208E-01   1.569265E-01   1.569265E-01
    0.9951   1.460172E-01   1.552139E-01   1.552139E-01
    0.9960   1.444273E-01   1.535159E-01   1.535159E-01
    0.9969   1.428558E-01   1.518374E-01   1.518374E-01
    0.9978   1.413024E-01   1.501781E-01   1.501781E-01
    0.9987   1.397623E-01   1.485330E-01   1.485330E-01
    0.9996   1.382364E-01   1.469030E-01   1.469030E-01
    1.0005   1.367317E-01   1.452956E-01   1.452956E-01
    1.0014   1.352399E-01   1.437019E-01   1.437019E-01
    1.0023   1.337608E-01   1.421217E-01   1.421217E-01
    1.0032   1.323011E-01   1.405622E-01   1.405622E-01
    1.0041   1.308561E-01   1.390184E-01   1.390184E-01
    1.0050   1.294235E-01   1.374877E-01   1.374877E-01
    1.0059   1.280064E-01   1.359737E-01   1.359737E-01
    1.0068   1.266069E-01   1.344784E-01   1.344784E-01
    1.0077   1.252193E-01   1.329958E-01   1.329958E-01
    1.0086   1.238438E-01   1.315262E-01   1.315262E-01
    1.0095   1.224883E-01   1.300780E-01   1.300780E-01
    1.0104   1.211443E-01   1.286421E-01   1.286421E-01
    1.0113   1.198117E-01   1.272185E-01   1.272185E-01
    1.0122   1.184963E-01   1.258133E-01   1.258133E-01
    1.0131   1.171945E-01   1.244228E-01   1.244228E-01
    1.0140   1.159038E-01   1.230441E-01   1.230441E-01
    1.0149   1.146270E-01   1.216805E-01   1.216805E-01
    1.0158   1.133661E-01   1.203340E-01   1.203340E-01
    1.0167   1.121158E-01   1.189990E-01   1.189990E-01
    1.0176   1.108765E-01   1.176759E-01   1.176759E-01
    1.0185   1.096551E-01   1.163722E-01   1.163722E-01
    1.0194   1.084439E-01   1.150796E-01   1.150796E-01
    1.0203   1.072429E-01   1.137981E-01   1.137981E-01
    1.0212   1.060577E-01   1.125338E-01   1.125338E-01
    1.0221   1.048843E-01   1.112823E-01   1.112823E-01
    1.0230   1.037207E-01   1.100416E-01   1.100416E-01
    1.0239   1.025701E-01   1.088152E-01   1.088152E-01
    1.0248   1.014331E-01   1.076037E-01   1.076037E-01
    1.0257   1.003055E-01   1.064025E-01   1.064025E-01
    1.0266   9.918856E-02   1.052131E-01   1.052131E-01
    1.0275   9.808666E-02   1.040404E-01   1.040404E-01
    1.0284   9.699378E-02   1.028777E-01   1.028777E-01
    1.0293   9.590987E-02   1.017249E-01   1.017249E-01
    1.0302   9.484112E-02   1.005891E-01   1.005891E-01
    1.0311   9.378166E-02   9.946365E-02   9.946365E-02
    1.0320   9.273081E-02   9.834787E-02   9.834787E-02
    1.0329   9.169282E-02   9.724658E-02   9.724658E-02
    1.0338   9.066549E-02   9.615734E-02   9.615734E-02
    1.0347   8.964640E-02   9.507744E-02   9.507744E-02
    1.0356   8.863807E-02   9.400976E-02   9.400976E-02
    1.0365   8.764160E-02   9.295563E-02   9.295563E-02
    1.0374   8.665300E-02   9.191053E-02   9.191053E-02
    1.0383   8.567323E-02   9.087557E-02   9.087557E-02
    1.0392   8.470634E-02   8.985549E-02   8.985549E-02
    1.0401   8.374698E-02   8.884416E-02   8.884416E-02
    1.0410   8.279510E-02   8.784152E-02   8.784152E-02
    1.0419   8.185612E-02   8.685399E-02   8.685399E-02
    1.0428   8.092474E-02   8.587540E-02   8.587540E-02
    1.0437   8.000049E-02   8.490522E-02   8.490522E-02
    1.0446   7.908736E-02   8.394824E-02   8.394824E-02
    1.0455   7.818272E-02   8.300140E-02   8.300140E-02
    1.0464   7.728487E-02   8.206271E-02   8.206271E-02
    1.0473   7.639650E-02   8.113544E-02   8.113544E-02
    1.0482   7.551749E-02   8.021940E-02   8.021940E-02
    1.0491   7.464504E-02   7.931124E-02   7.931124E-02
    1.0500   7.378078E-02   7.841287E-02   7.841287E-02
    1.0509   7.292678E-02   7.752669E-02   7.752669E-02
    1.0518   7.207921E-02   7.664813E-02   7.664813E-02
    1.0527   7.123864E-02   7.577786E-02   7.577786E-02
    1.0536   7.040915E-02   7.492064E-02   7.492064E-02
    1.0545   6.958594E-02   7.407077E-02   7.407077E-02
    1.0554   6.876900E-02   7.322824E-02   7.322824E-02
    1.0563   6.796316E-02   7.239866E-02   7.239866E-02
    1.0572   6.716383E-02   7.157662E-02   7.157662E-02
    1.0581   6.637061E-02   7.076167E-02   7.076167E-02
    1.0590   6.558741E-02   6.995827E-02   6.995827E-02
    1.0599   6.481146E-02   6.916320E-02   6.916320E-02
    1.0608   6.404148E-02   6.837497E-02   6.837497E-02
    1.0617   6.328050E-02   6.759703E-02   6.759703E-02
    1.0626   6.252743E-02   6.682809E-02   6.682809E-02
    1.0635   6.178020E-02   6.606577E-02   6.606577E-02
    1.0644   6.104103E-02   6.531256E-02   6.531256E-02
    1.0653   6.031037E-02   6.456895E-02   6.456895E-02
    1.0662   5.958541E-02   6.383173E-02   6.383173E-02
    1.0671   5.886762E-02   6.310256E-02   6.310256E-02
    1.0680   5.815889E-02   6.238348E-02   6.238348E-02
    1.0689   5.745572E-02   6.167059E-02   6.167059E-02
    1.0698   5.675891E-02   6.096476E-02   6.096476E-02
    1.0707   5.607163E-02   6.026947E-02   6.026947E-02
    1.0716   5.538979E-02   5.958014E-02   5.958014E-02
    1.0725   5.471355E-02   5.889699E-02   5.889699E-02
    1.0734   5.404725E-02   5.822473E-02   5.822473E-02
    1.0743   5.338625E-02   5.755824E-02   5.755824E-02
    1.0752   5.273054E-02   5.689751E-02   5.689751E-02
    1.0761   5.208440E-02   5.624716E-02   5.624716E-02
    1.0770   5.144378E-02   5.560278E-02   5.560278E-02
    1.0779   5.080833E-02   5.496397E-02   5.496397E-02
    1.0788   5.018174E-02   5.433470E-02   5.433470E-02
    1.0797   4.956105E-02   5.371174E-02   5.371174E-02
    1.0806   4.894539E-02   5.309417E-02   5.309417E-02
    1.0815   4.833795E-02   5.248536E-02   5.248536E-02
    1.0824   4.773674E-02   5.188314E-02   5.188314E-02
    1.0833   4.714042E-02   5.128613E-02   5.128613E-02
    1.0842   4.655174E-02   5.069718E-02   5.069718E-02
    1.0851   4.596954E-02   5.011506E-02   5.011506E-02
    1.0860   4.539211E-02   4.953795E-02   4.953795E-02
    1.0869   4.482178E-02   4.896828E-02   4.896828E-02
    1.0878   4.425815E-02   4.840561E-02   4.840561E-02
    1.0887   4.369917E-02   4.784777E-02   4.784777E-02
    1.0896   4.314681E-02   4.729682E-02   4.729682E-02
    1.0905   4.260130E-02   4.675297E-02   4.675297E-02
    1.0914   4.206033E-02   4.621380E-02   4.621380E-02
    1.0923   4.152553E-02   4.568100E-02   4.568100E-02
    1.0932   4.099771E-02   4.515538E-02   4.515538E-02
    1.0941   4.047430E-02   4.463428E-02   4.463428E-02
    1.0950   3.995667E-02   4.411909E-02   4.411909E-02
    1.0959   3.944610E-02   4.361111E-02   4.361111E-02
    1.0968   3.893983E-02   4.310750E-02   4.310750E-02
    1.0977   3.843898E-02   4.260940E-02   4.260940E-02
    1.0986   3.794523E-02   4.211849E-02   4.211849E-02
    1.0995   3.745566E-02   4.163180E-02   4.163180E-02
    1.1005   3.697121E-02   4.115027E-02   4.115027E-02
    1.1014   3.649385E-02   4.067588E-02   4.067588E-02
    1.1023   3.602056E-02   4.020557E-02   4.020557E-02
    1.1032   3.555211E-02   3.974011E-02   3.974011E-02
    1.1041   3.509073E-02   3.928172E-02   3.928172E-02
    1.1050   3.463329E-02   3.882725E-02   3.882725E-02
    1.1059   3.418046E-02   3.837737E-02   3.837737E-02
    1.1068   3.373463E-02   3.793445E-02   3.793445E-02
    1.1077   3.329263E-02   3.749532E-02   3.749532E-02
    1.1086   3.285504E-02   3.706054E-02   3.706054E-02
    1.1095   3.242434E-02   3.663258E-02   3.663258E-02
    1.1104   3.199737E-02   3.620829E-02   3.620829E-02
    1.1113   3.157463E-02   3.578816E-02   3.578816E-02
    1.1122   3.115866E-02   3.537467E-02   3.537467E-02
    1.1131   3.074631E-02   3.496473E-02   3.496473E-02
    1.1140   3.033804E-02   3.455879E-02   3.455879E-02
    1.1149   2.993639E-02   3.415931E-02   3.415931E-02
    1.1158   2.953825E-02   3.376325E-02   3.376325E-02
    1.1167   2.914408E-02   3.337106E-02   3.337106E-02
    1.1176   2.875634E-02   3.298512E-02   3.298512E-02
    1.1185   2.837201E-02   3.260248E-02   3.260248E-02
    1.1194   2.799156E-02   3.222361E-02   3.222361E-02
    1.1203   2.761734E-02   3.185078E-02   3.185078E-02
    1.1212   2.724641E-02   3.148113E-02   3.148113E-02
    1.1221   2.687931E-02   3.111516E-02   3.111516E-02
    1.1230   2.651821E-02   3.075499E-02   3.075499E-02
    1.1239   2.616030E-02   3.039790E-02   3.039790E-02
    1.1248   2.580617E-02   3.004443E-02   3.004443E-02
    1.1257   2.545780E-02   2.969651E-02   2.969651E-02
    1.1266   2.511251E-02   2.935156E-02   2.935156E-02
    1.1275   2.477098E-02   2.901020E-02   2.901020E-02
    1.1284   2.443495E-02   2.867412E-02   2.867412E-02
    1.1293   2.410191E-02   2.834090E-02   2.834090E-02
    1.1302   2.377261E-02   2.801127E-02   2.801127E-02
    1.1311   2.344853E-02   2.768663E-02   2.768663E-02
    1.1320   2.312734E-02   2.736477E-02   2.736477E-02
    1.1329   2.280991E-02   2.704648E-02   2.704648E-02
    1.1338   2.249740E-02   2.673292E-02   2.673292E-02
    1.1347   2.218769E-02   2.642201E-02   2.642201E-02
    1.1356   2.188176E-02   2.611472E-02   2.611472E-02
    1.1365   2.158045E-02   2.581185E-02   2.581185E-02
    1.1374   2.128184E-02   2.551155E-02   2.551155E-02
    1.1383   2.098704E-02   2.521489E-02   2.521489E-02
    1.1392   2.069656E-02   2.492236E-02   2.492236E-02
    1.1401   2.040868E-02   2.463231E-02   2.463231E-02
    1.1410   2.012465E-02   2.434595E-02   2.434595E-02
    1.1419   1.984462E-02   2.406340E-02   2.406340E-02
    1.1428   1.956710E-02   2.378326E-02   2.378326E-02
    1.1437   1.929348E-02   2.350685E-02   2.350685E-02
    1.1446   1.902354E-02   2.323396E-02   2.323396E-02
    1.1455   1.875601E-02   2.296339E-02   2.296339E-02
    1.1464   1.849245E-02   2.269662E-02   2.269662E-02
    1.1473   1.823223E-02   2.243306E-02   2.243306E-02
    1.1482   1.797434E-02   2.217174E-02   2.217174E-02
    1.1491   1.772047E-02   2.191429E-02   2.191429E-02
    1.1500   1.746962E-02   2.165974E-02   2.165974E-02
    1.1509   1.722100E-02   2.140736E-02   2.140736E-02
    1.1518   1.697648E-02   2.115892E-02   2.115892E-02
    1.1527   1.673463E-02   2.091309E-02   2.091309E-02
    1.1536   1.649494E-02   2.066933E-02   2.066933E-02
    1.1545   1.625940E-02   2.042962E-02   2.042962E-02
    1.1554   1.602621E-02   2.019220E-02   2.019220E-02
    1.1563   1.579508E-02   1.995679E-02   1.995679E-02
    1.1572   1.556818E-02   1.972551E-02   1.972551E-02
    1.1581   1.534330E-02   1.949621E-02   1.949621E-02
    1.1590   1.512059E-02   1.926904E-02   1.926904E-02
    1.1599   1.490178E-02   1.904573E-02   1.904573E-02
    1.1608   1.468486E-02   1.882429E-02   1.882429E-02
    1.1617   1.447025E-02   1.860513E-02   1.860513E-02
    1.1626   1.425915E-02   1.838947E-02   1.838947E-02
    1.1635   1.404986E-02   1.817561E-02   1.817561E-02
    1.1644   1.384301E-02   1.796420E-02   1.796420E-02
    1.1653   1.363927E-02   1.775592E-02   1.775592E-02
    1.1662   1.343726E-02   1.754939E-02   1.754939E-02
    1.1671   1.323783E-02   1.734547E-02   1.734547E-02
    1.1680   1.304112E-02   1.714433E-02   1.714433E-02
    1.1689   1.284605E-02   1.694486E-02   1.694486E-02
    1.1698   1.265369E-02   1.674818E-02   1.674818E-02
    1.1707   1.246367E-02   1.655393E-02   1.655393E-02
    1.1716   1.227522E-02   1.636130E-02   1.636130E-02
    1.1725   1.208958E-02   1.617161E-02   1.617161E-02
    1.1734   1.190593E-02   1.598401E-02   1.598401E-02
    1.1743   1.172377E-02   1.579798E-02   1.579798E-02
    1.1752   1.154451E-02   1.561504E-02   1.561504E-02
    1.1761   1.136690E-02   1.543387E-02   1.543387E-02
    1.1770   1.119072E-02   1.525422E-02   1.525422E-02
    1.1779   1.101749E-02   1.507779E-02   1.507779E-02
    1.1788   1.084559E-02   1.490282E-02   1.490282E-02
    1.1797   1.067528E-02   1.472959E-02   1.472959E-02
    1.1806   1.050752E-02   1.455920E-02   1.455920E-02
    1.1815   1.034102E-02   1.439022E-02   1.439022E-02
    1.1824   1.017625E-02   1.422318E-02   1.422318E-02
    1.1833   1.001369E-02   1.405863E-02   1.405863E-02
    1.1842   9.852343E-03   1.389543E-02   1.389543E-02
    1.1851   9.692934E-03   1.373437E-02   1.373437E-02
    1.1860   9.535460E-03   1.357545E-02   1.357545E-02
    1.1869   9.379180E-03   1.341783E-02   1.341783E-02
    1.1878   9.225047E-03   1.326255E-02   1.326255E-02
    1.1887   9.072567E-03   1.310906E-02   1.310906E-02
    1.1896   8.921259E-03   1.295683E-02   1.295683E-02
    1.1905   8.772311E-03   1.280713E-02   1.280713E-02
    1.1914   8.624734E-03   1.265888E-02   1.265888E-02
    1.1923   8.478345E-03   1.251190E-02   1.251190E-02
    1.1932   8.334455E-03   1.236754E-02   1.236754E-02
    1.1941   8.191691E-03   1.222436E-02   1.222436E-02
    1.1950   8.050353E-03   1.208266E-02   1.208266E-02
    1.1959   7.911209E-03   1.194324E-02   1.194324E-02
    1.1968   7.773170E-03   1.180494E-02   1.180494E-02
    1.1977   7.636793E-03   1.166835E-02   1.166835E-02
    1.1986   7.502307E-03   1.153368E-02   1.153368E-02
    1.1995   7.368904E-03   1.140010E-02   1.140010E-02
    1.2004   7.237400E-03   1.126844E-02   1.126844E-02
    1.2013   7.107483E-03   1.113836E-02   1.113836E-02
    1.2022   6.978628E-03   1.100934E-02   1.100934E-02
    1.2031   6.851908E-03   1.088243E-02   1.088243E-02
    1.2040   6.726474E-03   1.075678E-02   1.075678E-02
    1.2049   6.602113E-03   1.063219E-02   1.063219E-02
    1.2058   6.480057E-03   1.050984E-02   1.050984E-02
    1.2067   6.359020E-03   1.038847E-02   1.038847E-02
    1.2076   6.239311E-03   1.026838E-02   1.026838E-02
    1.2085   6.121586E-03   1.015019E-02   1.015019E-02
    1.2094   6.004860E-03   1.003294E-02   1.003294E-02
    1.2103   5.889716E-03   9.917203E-03   9.917203E-03
    1.2112   5.776238E-03   9.803029E-03   9.803029E-03
    1.2121   5.663739E-03   9.689771E-03   9.689771E-03
    1.2130   5.553071E-03   9.578222E-03   9.578222E-03
    1.2139   5.443757E-03   9.467924E-03   9.467924E-03
    1.2148   5.335400E-03   9.358512E-03   9.358512E-03
    1.2157   5.229124E-03   9.251007E-03   9.251007E-03
    1.2166   5.123888E-03   9.144450E-03   9.144450E-03
    1.2175   5.019775E-03   9.038914E-03   9.038914E-03
    1.2184   4.917619E-03   8.935144E-03   8.935144E-03
    1.2193   4.816381E-03   8.832197E-03   8.832197E-03
    1.2202   4.716529E-03   8.730491E-03   8.730491E-03
    1.2211   4.618307E-03   8.630234E-03   8.630234E-03
    1.2220   4.520984E-03   8.530770E-03   8.530770E-03
    1.2229   4.425308E-03   8.432758E-03   8.432758E-03
    1.2238   4.330939E-03   8.335889E-03   8.335889E-03
    1.2247   4.237450E-03   8.239788E-03   8.239788E-03
    1.2256   4.145864E-03   8.145337E-03   8.145337E-03
    1.2265   4.055268E-03   8.051738E-03   8.051738E-03
    1.2274   3.965696E-03   7.959020E-03   7.959020E-03
    1.2283   3.877952E-03   7.867864E-03   7.867864E-03
    1.2292   3.791049E-03   7.777421E-03   7.777421E-03
    1.2301   3.705440E-03   7.688074E-03   7.688074E-03
    1.2310   3.621328E-03   7.599987E-03   7.599987E-03
    1.2319   3.538039E-03   7.512590E-03   7.512590E-03
    1.2328   3.456308E-03   7.426493E-03   7.426493E-03
    1.2337   3.375750E-03   7.341368E-03   7.341368E-03
    1.2346   3.295996E-03   7.256909E-03   7.256909E-03
    1.2355   3.218060E-03   7.173945E-03   7.173945E-03
    1.2364   3.140978E-03   7.091678E-03   7.091678E-03
    1.2373   3.064907E-03   7.010238E-03   7.010238E-03
    1.2382   2.990456E-03   6.930110E-03   6.930110E-03
    1.2391   2.916773E-03   6.850602E-03   6.850602E-03
    1.2400   2.844372E-03   6.772126E-03   6.772126E-03
    1.2409   2.773261E-03   6.694681E-03   6.694681E-03
    1.2418   2.702899E-03   6.617835E-03   6.617835E-03
    1.2427   2.634084E-03   6.542215E-03   6.542215E-03
    1.2436   2.566237E-03   6.467359E-03   6.467359E-03
    1.2445   2.499184E-03   6.393129E-03   6.393129E-03
    1.2454   2.433811E-03   6.320214E-03   6.320214E-03
    1.2463   2.369152E-03   6.247856E-03   6.247856E-03
    1.2472   2.305561E-03   6.176329E-03   6.176329E-03
    1.2481   2.243319E-03   6.105843E-03   6.105843E-03
    1.2490   2.181775E-03   6.035896E-03   6.035896E-03
    1.2499   2.121564E-03   5.966972E-03   5.966972E-03
    1.2508   2.062378E-03   5.898831E-03   5.898831E-03
    1.2517   2.003874E-03   5.831210E-03   5.831210E-03
    1.2526   1.946962E-03   5.764796E-03   5.764796E-03
    1.2535   1.890760E-03   5.698917E-03   5.698917E-03
    1.2544   1.835467E-03   5.633723E-03   5.633723E-03
    1.2553   1.781528E-03   5.569544E-03   5.569544E-03
    1.2562   1.728238E-03   5.505848E-03   5.505848E-03
    1.2571   1.676120E-03   5.443027E-03   5.443027E-03
    1.2580   1.625037E-03   5.380971E-03   5.380971E-03
    1.2589   1.574585E-03   5.319383E-03   5.319383E-03
    1.2598   1.525563E-03   5.258848E-03   5.258848E-03
    1.2607   1.477263E-03   5.198841E-03   5.198841E-03
    1.2616   1.429759E-03   5.139417E-03   5.139417E-03
    1.2625   1.383573E-03   5.080954E-03   5.080954E-03
    1.2634   1.337985E-03   5.022925E-03   5.022925E-03
    1.2643   1.293456E-03   4.965662E-03   4.965662E-03
    1.2652   1.249927E-03   4.909122E-03   4.909122E-03
    1.2661   1.206983E-03   4.853001E-03   4.853001E-03
    1.2670   1.165348E-03   4.797821E-03   4.797821E-03
    1.2679   1.124408E-03   4.743137E-03   4.743137E-03
    1.2688   1.084190E-03   4.688968E-03   4.688968E-03
    1.2697   1.045217E-03   4.635684E-03   4.635684E-03
    1.2706   1.006796E-03   4.582791E-03   4.582791E-03
    1.2715   9.693539E-04   4.530592E-03   4.530592E-03
    1.2724   9.328457E-04   4.479050E-03   4.479050E-03
    1.2733   8.968755E-04   4.427886E-03   4.427886E-03
    1.2742   8.621302E-04   4.377582E-03   4.377582E-03
    1.2751   8.280195E-04   4.327722E-03   4.327722E-03
    1.2760   7.945928E-04   4.278340E-03   4.278340E-03
    1.2769   7.623051E-04   4.229751E-03   4.229751E-03
    1.2778   7.305247E-04   4.181514E-03   4.181514E-03
    1.2787   6.996765E-04   4.133924E-03   4.133924E-03
    1.2796   6.696663E-04   4.086914E-03   4.086914E-03
    1.2805   6.401498E-04   4.040245E-03   4.040245E-03
    1.2814   6.118018E-04   3.994381E-03   3.994381E-03
    1.2823   5.840031E-04   3.948895E-03   3.948895E-03
    1.2832   5.568760E-04   3.903870E-03   3.903870E-03
    1.2841   5.307591E-04   3.859538E-03   3.859538E-03
    1.2850   5.051065E-04   3.815523E-03   3.815523E-03
    1.2859   4.803629E-04   3.772130E-03   3.772130E-03
    1.2868   4.563404E-04   3.729229E-03   3.729229E-03
    1.2877   4.327692E-04   3.686635E-03   3.686635E-03
    1.2886   4.103318E-04   3.644814E-03   3.644814E-03
    1.2895   3.883393E-04   3.603294E-03   3.603294E-03
    1.2904   3.670261E-04   3.562237E-03   3.562237E-03
    1.2913   3.465772E-04   3.521765E-03   3.521765E-03
    1.2922   3.265512E-04   3.481581E-03   3.481581E-03
    1.2931   3.074287E-04   3.442008E-03   3.442008E-03
    1.2940   2.888955E-04   3.402834E-03   3.402834E-03
    1.2949   2.708397E-04   3.363984E-03   3.363984E-03
    1.2958   2.537647E-04   3.325797E-03   3.325797E-03
    1.2967   2.370846E-04   3.287876E-03   3.287876E-03
    1.2976   2.211050E-04   3.250430E-03   3.250430E-03
    1.2985   2.058329E-04   3.213461E-03   3.213461E-03
    1.2994   1.909440E-04   3.176752E-03   3.176752E-03
    1.3004   1.769645E-04   3.140657E-03   3.140657E-03
    1.3013   1.634339E-04   3.104866E-03   3.104866E-03
    1.3022   1.504261E-04   3.069429E-03   3.069429E-03
    1.3031   1.382197E-04   3.034534E-03   3.034534E-03
    1.3040   1.263697E-04   2.999881E-03   2.999881E-03
    1.3049   1.152486E-04   2.965722E-03   2.965722E-03
    1.3058   1.046738E-04   2.931933E-03   2.931933E-03
    1.3067   9.446787E-05   2.898395E-03   2.898395E-03
    1.3076   8.513450E-05   2.865450E-03   2.865450E-03
    1.3085   7.613126E-05   2.832731E-03   2.832731E-03
    1.3094   6.769946E-05   2.800401E-03   2.800401E-03
    1.3103   5.988926E-05   2.768495E-03   2.768495E-03
    1.3112   5.239831E-05   2.736809E-03   2.736809E-03
    1.3121   4.566598E-05   2.705642E-03   2.705642E-03
    1.3130   3.932005E-05   2.674742E-03   2.674742E-03
    1.3139   3.340955E-05   2.644141E-03   2.644141E-03
    1.3148   2.817550E-05   2.614008E-03   2.614008E-03
    1.3157   2.323553E-05   2.584078E-03   2.584078E-03
    1.3166   1.891311E-05   2.554577E-03   2.554577E-03
    1.3175   1.503762E-05   2.525388E-03   2.525388E-03
    1.3184   1.148152E-05   2.496422E-03   2.496422E-03
    1.3193   8.637737E-06   2.467956E-03   2.467956E-03
    1.3202   6.063502E-06   2.439680E-03   2.439680E-03
    1.3211   3.984826E-06   2.411754E-03   2.411754E-03
    1.3220   2.395503E-06   2.384175E-03   2.384175E-03
    1.3229   1.065811E-06   2.356782E-03   2.356782E-03
    1.3238   3.911931E-07   2.329857E-03   2.329857E-03
    1.3247   0.000000E+00   2.303138E-03   2.303138E-03
    1.3256   0.000000E+00   2.276700E-03   2.276700E-03
    1.3265   0.000000E+00   2.250638E-03   2.250638E-03
    1.3274   0.000000E+00   2.224749E-03   2.224749E-03
    1.3283   0.000000E+00   2.199259E-03   2.199259E-03
    1.3292   0.000000E+00   2.174004E-03   2.174004E-03
    1.3301   0.000000E+00   2.148975E-03   2.148975E-03
    1.3310   0.000000E+00   2.124340E-03   2.124340E-03
    1.3319   0.000000E+00   2.099867E-03   2.099867E-03
    1.3328   0.000000E+00   2.075733E-03   2.075733E-03
    1.3337   0.000000E+00   2.051859E-03   2.051859E-03
    1.3346   0.000000E+00   2.028161E-03   2.028161E-03
    1.3355   0.000000E+00   2.004870E-03   2.004870E-03
    1.3364   0.000000E+00   1.981731E-03   1.981731E-03
    1.3373   0.000000E+00   1.958880E-03   1.958880E-03
    1.3382   0.000000E+00   1.936305E-03   1.936305E-03
    1.3391   0.000000E+00   1.913877E-03   1.913877E-03
    1.3400   0.000000E+00   1.891843E-03   1.891843E-03
    1.3409   0.000000E+00   1.869960E-03   1.869960E-03
    1.3418   0.000000E+00   1.848323E-03   1.848323E-03
    1.3427   0.000000E+00   1.826973E-03   1.826973E-03
    1.3436   0.000000E+00   1.805759E-03   1.805759E-03
    1.3445   0.000000E+00   1.784895E-03   1.784895E-03
    1.3454   0.000000E+00   1.764196E-03   1.764196E-03
    1.3463   0.000000E+00   1.743707E-03   1.743707E-03
    1.3472   0.000000E+00   1.723511E-03   1.723511E-03
    1.3481   0.000000E+00   1.703443E-03   1.703443E-03
    1.3490   0.000000E+00   1.683685E-03   1.683685E-03
    1.3499   0.000000E+00   1.664103E-03   1.664103E-03
    1.3508   0.000000E+00   1.644700E-03   1.644700E-03
    1.3517   0.000000E+00   1.625592E-03   1.625592E-03
    1.3526   0.000000E+00   1.606604E-03   1.606604E-03
    1.3535   0.000000E+00   1.587893E-03   1.587893E-03
    1.3544   0.000000E+00   1.569364E-03   1.569364E-03
    1.3553   0.000000E+00   1.550989E-03   1.550989E-03
    1.3562   0.000000E+00   1.532907E-03   1.532907E-03
    1.3571   0.000000E+00   1.514938E-03   1.514938E-03
    1.3580   0.000000E+00   1.497218E-03   1.497218E-03
    1.3589   0.000000E+00   1.479682E-03   1.479682E-03
    1.3598   0.000000E+00   1.462280E-03   1.462280E-03
    1.3607   0.000000E+00   1.445167E-03   1.445167E-03
    1.3616   0.000000E+00   1.428159E-03   1.428159E-03
    1.3625   0.000000E+00   1.411377E-03   1.411377E-03
    1.3634   0.000000E+00   1.394778E-03   1.394778E-03
    1.3643   0.000000E+00   1.378297E-03   1.378297E-03
    1.3652   0.000000E+00   1.362097E-03   1.362097E-03
    1.3661   0.000000E+00   1.345996E-03   1.345996E-03
    1.3670   0.000000E+00   1.330103E-03   1.330103E-03
    1.3679   0.000000E+00   1.314388E-03   1.314388E-03
    1.3688   0.000000E+00   1.298780E-03   1.298780E-03
    1.3697   0.000000E+00   1.283443E-03   1.283443E-03
    1.3706   0.000000E+00   1.268198E-03   1.268198E-03
    1.3715   0.000000E+00   1.253146E-03   1.253146E-03
    1.3724   0.000000E+00   1.238267E-03   1.238267E-03
    1.3733   0.000000E+00   1.223485E-03   1.223485E-03
    1.3742   0.000000E+00   1.208962E-03   1.208962E-03
    1.3751   0.000000E+00   1.194527E-03   1.194527E-03
    1.3760   0.000000E+00   1.180272E-03   1.180272E-03
    1.3769   0.000000E+00   1.166181E-03   1.166181E-03
    1.3778   0.000000E+00   1.152182E-03   1.152182E-03
    1.3787   0.000000E+00   1.138429E-03   1.138429E-03
    1.3796   0.000000E+00   1.124758E-03   1.124758E-03
    1.3805   0.000000E+00   1.111258E-03   1.111258E-03
    1.3814   0.000000E+00   1.097913E-03   1.097913E-03
    1.3823   0.000000E+00   1.084656E-03   1.084656E-03
    1.3832   0.000000E+00   1.071630E-03   1.071630E-03
    1.3841   0.000000E+00   1.058681E-03   1.058681E-03
    1.3850   0.000000E+00   1.045897E-03   1.045897E-03
    1.3859   0.000000E+00   1.033257E-03   1.033257E-03
    1.3868   0.000000E+00   1.020703E-03   1.020703E-03
    1.3877   0.000000E+00   1.008364E-03   1.008364E-03
    1.3886   0.000000E+00   9.960983E-04   9.960983E-04
    1.3895   0.000000E+00   9.839925E-04   9.839925E-04
    1.3904   0.000000E+00   9.720188E-04   9.720188E-04
    1.3913   0.000000E+00   9.601312E-04   9.601312E-04
    1.3922   0.000000E+00   9.484430E-04   9.484430E-04
    1.3931   0.000000E+00   9.368233E-04   9.368233E-04
    1.3940   0.000000E+00   9.253607E-04   9.253607E-04
    1.3949   0.000000E+00   9.140175E-04   9.140175E-04
    1.3958   0.000000E+00   9.027619E-04   9.027619E-04
    1.3967   0.000000E+00   8.916890E-04   8.916890E-04
    1.3976   0.000000E+00   8.806806E-04   8.806806E-04
    1.3985   0.000000E+00   8.698281E-04   8.698281E-04
    1.3994   0.000000E+00   8.590816E-04   8.590816E-04
    1.4003   0.000000E+00   8.484254E-04   8.484254E-04
    1.4012   0.000000E+00   8.379350E-04   8.379350E-04
    1.4021   0.000000E+00   8.275053E-04   8.275053E-04
    1.4030   0.000000E+00   8.172315E-04   8.172315E-04
    1.4039   0.000000E+00   8.070499E-04   8.070499E-04
    1.4048   0.000000E+00   7.969624E-04   7.969624E-04
    1.4057   0.000000E+00   7.870234E-04   7.870234E-04
    1.4066   0.000000E+00   7.771417E-04   7.771417E-04
    1.4075   0.000000E+00   7.674171E-04   7.674171E-04
    1.4084   0.000000E+00   7.577705E-04   7.577705E-04
    1.4093   0.000000E+00   7.482226E-04   7.482226E-04
    1.4102   0.000000E+00   7.388060E-04   7.388060E-04
    1.4111   0.000000E+00   7.294435E-04   7.294435E-04
    1.4120   0.000000E+00   7.202400E-04   7.202400E-04
    1.4129   0.000000E+00   7.111004E-04   7.111004E-04
    1.4138   0.000000E+00   7.020647E-04   7.020647E-04
    1.4147   0.000000E+00   6.931430E-04   6.931430E-04
    1.4156   0.000000E+00   6.842725E-04   6.842725E-04
    1.4165   0.000000E+00   6.755638E-04   6.755638E-04
    1.4174   0.000000E+00   6.669046E-04   6.669046E-04
    1.4183   0.000000E+00   6.583553E-04   6.583553E-04
    1.4192   0.000000E+00   6.499028E-04   6.499028E-04
    1.4201   0.000000E+00   6.415101E-04   6.415101E-04
    1.4210   0.000000E+00   6.332599E-04   6.332599E-04
    1.4219   0.000000E+00   6.250563E-04   6.250563E-04
    1.4228   0.000000E+00   6.169687E-04   6.169687E-04
    1.4237   0.000000E+00   6.089613E-04   6.089613E-04
    1.4246   0.000000E+00   6.010224E-04   6.010224E-04
    1.4255   0.000000E+00   5.932069E-04   5.932069E-04
    1.4264   0.000000E+00   5.854354E-04   5.854354E-04
    1.4273   0.000000E+00   5.777865E-04   5.777865E-04
    1.4282   0.000000E+00   5.702012E-04   5.702012E-04
    1.4291   0.000000E+00   5.626936E-04   5.626936E-04
    1.4300   0.000000E+00   5.552904E-04   5.552904E-04
    1.4309   0.000000E+00   5.479290E-04   5.479290E-04
    1.4318   0.000000E+00   5.406968E-04   5.406968E-04
    1.4327   0.000000E+00   5.335121E-04   5.335121E-04
    1.4336   0.000000E+00   5.264142E-04   5.264142E-04
    1.4345   0.000000E+00   5.194025E-04   5.194025E-04
    1.4354   0.000000E+00   5.124366E-04   5.124366E-04
    1.4363   0.000000E+00   5.055942E-04   5.055942E-04
    1.4372   0.000000E+00   4.987897E-04   4.987897E-04
    1.4381   0.000000E+00   4.920813E-04   4.920813E-04
    1.4390   0.000000E+00   4.854412E-04   4.854412E-04
    1.4399   0.000000E+00   4.788582E-04   4.788582E-04
    1.4408   0.000000E+00   4.723789E-04   4.723789E-04
    1.4417   0.000000E+00   4.659356E-04   4.659356E-04
    1.4426   0.000000E+00   4.595973E-04   4.595973E-04
    1.4435   0.000000E+00   4.533102E-04   4.533102E-04
    1.4444   0.000000E+00   4.470912E-04   4.470912E-04
    1.4453   0.000000E+00   4.409569E-04   4.409569E-04
    1.4462   0.000000E+00   4.348567E-04   4.348567E-04
    1.4471   0.000000E+00   4.288704E-04   4.288704E-04
    1.4480   0.000000E+00   4.229186E-04   4.229186E-04
    1.4489   0.000000E+00   4.170457E-04   4.170457E-04
    1.4498   0.000000E+00   4.112392E-04   4.112392E-04
    1.4507   0.000000E+00   4.054779E-04   4.054779E-04
    1.4516   0.000000E+00   3.998135E-04   3.998135E-04
    1.4525   0.000000E+00   3.941805E-04   3.941805E-04
    1.4534   0.000000E+00   3.886368E-04   3.886368E-04
    1.4543   0.000000E+00   3.831418E-04   3.831418E-04
    1.4552   0.000000E+00   3.777042E-04   3.777042E-04
    1.4561   0.000000E+00   3.723445E-04   3.723445E-04
    1.4570   0.000000E+00   3.670145E-04   3.670145E-04
    1.4579   0.000000E+00   3.617839E-04   3.617839E-04
    1.4588   0.000000E+00   3.565853E-04   3.565853E-04
    1.4597   0.000000E+00   3.514557E-04   3.514557E-04
    1.4606   0.000000E+00   3.463856E-04   3.463856E-04
    1.4615   0.000000E+00   3.413553E-04   3.413553E-04
    1.4624   0.000000E+00   3.364112E-04   3.364112E-04
    1.4633   0.000000E+00   3.314944E-04   3.314944E-04
    1.4642   0.000000E+00   3.266577E-04   3.266577E-04
    1.4651   0.000000E+00   3.218633E-04   3.218633E-04
    1.4660   0.000000E+00   3.171211E-04   3.171211E-04
    1.4669   0.000000E+00   3.124465E-04   3.124465E-04
    1.4678   0.000000E+00   3.077978E-04   3.077978E-04
    1.4687   0.000000E+00   3.032401E-04   3.032401E-04
    1.4696   0.000000E+00   2.987078E-04   2.987078E-04
    1.4705   0.000000E+00   2.942400E-04   2.942400E-04
    1.4714   0.000000E+00   2.898218E-04   2.898218E-04
    1.4723   0.000000E+00   2.854424E-04   2.854424E-04
    1.4732   0.000000E+00   2.811360E-04   2.811360E-04
    1.4741   0.000000E+00   2.768533E-04   2.768533E-04
    1.4750   0.000000E+00   2.726466E-04   2.726466E-04
    1.4759   0.000000E+00   2.684725E-04   2.684725E-04
    1.4768   0.000000E+00   2.643500E-04   2.643500E-04
    1.4777   0.000000E+00   2.602823E-04   2.602823E-04
    1.4786   0.000000E+00   2.562426E-04   2.562426E-04
    1.4795   0.000000E+00   2.522791E-04   2.522791E-04
    1.4804   0.000000E+00   2.483375E-04   2.483375E-04
    1.4813   0.000000E+00   2.444594E-04   2.444594E-04
    1.4822   0.000000E+00   2.406191E-04   2.406191E-04
    1.4831   0.000000E+00   2.368200E-04   2.368200E-04
    1.4840   0.000000E+00   2.330789E-04   2.330789E-04
    1.4849   0.000000E+00   2.293587E-04   2.293587E-04
    1.4858   0.000000E+00   2.257135E-04   2.257135E-04
    1.4867   0.000000E+00   2.220897E-04   2.220897E-04
    1.4876   0.000000E+00   2.185196E-04   2.185196E-04
    1.4885   0.000000E+00   2.149904E-04   2.149904E-04
    1.4894   0.000000E+00   2.114942E-04   2.114942E-04
    1.4903   0.000000E+00   2.080576E-04   2.080576E-04
    1.4912   0.000000E+00   2.046402E-04   2.046402E-04
    1.4921   0.000000E+00   2.012883E-04   2.012883E-04
    1.4930   0.000000E+00   1.979610E-04   1.979610E-04
    1.4939   0.000000E+00   1.946794E-04   1.946794E-04
    1.4948   0.000000E+00   1.914403E-04   1.914403E-04
    1.4957   0.000000E+00   1.882280E-04   1.882280E-04
    1.4966   0.000000E+00   1.850754E-04   1.850754E-04
    1.4975   0.000000E+00   1.819405E-04   1.819405E-04
    1.4984   0.000000E+00   1.788633E-04   1.788633E-04
    1.4993   0.000000E+00   1.758125E-04   1.758125E-04
    1.5003   0.000000E+00   1.728013E-04   1.728013E-04
    1.5012   0.000000E+00   1.698329E-04   1.698329E-04
    1.5021   0.000000E+00   1.668866E-04   1.668866E-04
    1.5030   0.000000E+00   1.639990E-04   1.639990E-04
    1.5039   0.000000E+00   1.611277E-04   1.611277E-04
    1.5048   0.000000E+00   1.583081E-04   1.583081E-04
    1.5057   0.000000E+00   1.555154E-04   1.555154E-04
    1.5066   0.000000E+00   1.527575E-04   1.527575E-04
    1.5075   0.000000E+00   1.500418E-04   1.500418E-04
    1.5084   0.000000E+00   1.473448E-04   1.473448E-04
    1.5093   0.000000E+00   1.447045E-04   1.447045E-04
    1.5102   0.000000E+00   1.420793E-04   1.420793E-04
    1.5111   0.000000E+00   1.395011E-04   1.395011E-04
    1.5120   0.000000E+00   1.369493E-04   1.369493E-04
    1.5129   0.000000E+00   1.344290E-04   1.344290E-04
    1.5138   0.000000E+00   1.319491E-04   1.319491E-04
    1.5147   0.000000E+00   1.294859E-04   1.294859E-04
    1.5156   0.000000E+00   1.270765E-04   1.270765E-04
    1.5165   0.000000E+00   1.246810E-04   1.246810E-04
    1.5174   0.000000E+00   1.223291E-04   1.223291E-04
    1.5183   0.000000E+00   1.200023E-04   1.200023E-04
    1.5192   0.000000E+00   1.177047E-04   1.177047E-04
    1.5201   0.000000E+00   1.154451E-04   1.154451E-04
    1.5210   0.000000E+00   1.132009E-04   1.132009E-04
    1.5219   0.000000E+00   1.110073E-04   1.110073E-04
    1.5228   0.000000E+00   1.088264E-04   1.088264E-04
    1.5237   0.000000E+00   1.066866E-04   1.066866E-04
    1.5246   0.000000E+00   1.045700E-04   1.045700E-04
    1.5255   0.000000E+00   1.024811E-04   1.024811E-04
    1.5264   0.000000E+00   1.004273E-04   1.004273E-04
    1.5273   0.000000E+00   9.838856E-05   9.838856E-05
    1.5282   0.000000E+00   9.639639E-05   9.639639E-05
    1.5291   0.000000E+00   9.441609E-05   9.441609E-05
    1.5300   0.000000E+00   9.247520E-05   9.247520E-05
    1.5309   0.000000E+00   9.055489E-05   9.055489E-05
    1.5318   0.000000E+00   8.866175E-05   8.866175E-05
    1.5327   0.000000E+00   8.680023E-05   8.680023E-05
    1.5336   0.000000E+00   8.495409E-05   8.495409E-05
    1.5345   0.000000E+00   8.315020E-05   8.315020E-05
    1.5354   0.000000E+00   8.135730E-05   8.135730E-05
    1.5363   0.000000E+00   7.960290E-05   7.960290E-05
    1.5372   0.000000E+00   7.786610E-05   7.786610E-05
    1.5381   0.000000E+00   7.615646E-05   7.615646E-05
    1.5390   0.000000E+00   7.447465E-05   7.447465E-05
    1.5399   0.000000E+00   7.280907E-05   7.280907E-05
    1.5408   0.000000E+00   7.118117E-05   7.118117E-05
    1.5417   0.000000E+00   6.956345E-05   6.956345E-05
    1.5426   0.000000E+00   6.798387E-05   6.798387E-05
    1.5435   0.000000E+00   6.641862E-05   6.641862E-05
    1.5444   0.000000E+00   6.488102E-05   6.488102E-05
    1.5453   0.000000E+00   6.336721E-05   6.336721E-05
    1.5462   0.000000E+00   6.187091E-05   6.187091E-05
    1.5471   0.000000E+00   6.040753E-05   6.040753E-05
    1.5480   0.000000E+00   5.895358E-05   5.895358E-05
    1.5489   0.000000E+00   5.753791E-05   5.753791E-05
    1.5498   0.000000E+00   5.613305E-05   5.613305E-05
    1.5507   0.000000E+00   5.475673E-05   5.475673E-05
    1.5516   0.000000E+00   5.340000E-05   5.340000E-05
    1.5525   0.000000E+00   5.206240E-05   5.206240E-05
    1.5534   0.000000E+00   5.075284E-05   5.075284E-05
    1.5543   0.000000E+00   4.945333E-05   4.945333E-05
    1.5552   0.000000E+00   4.819001E-05   4.819001E-05
    1.5561   0.000000E+00   4.693514E-05   4.693514E-05
    1.5570   0.000000E+00   4.571000E-05   4.571000E-05
    1.5579   0.000000E+00   4.450015E-05   4.450015E-05
    1.5588   0.000000E+00   4.331131E-05   4.331131E-05
    1.5597   0.000000E+00   4.214560E-05   4.214560E-05
    1.5606   0.000000E+00   4.099247E-05   4.099247E-05
    1.5615   0.000000E+00   3.987002E-05   3.987002E-05
    1.5624   0.000000E+00   3.875542E-05   3.875542E-05
    1.5633   0.000000E+00   3.767199E-05   3.767199E-05
    1.5642   0.000000E+00   3.659952E-05   3.659952E-05
    1.5651   0.000000E+00   3.555011E-05   3.555011E-05
    1.5660   0.000000E+00   3.451893E-05   3.451893E-05
    1.5669   0.000000E+00   3.350299E-05   3.350299E-05
    1.5678   0.000000E+00   3.251230E-05   3.251230E-05
    1.5687   0.000000E+00   3.152929E-05   3.152929E-05
    1.5696   0.000000E+00   3.057828E-05   3.057828E-05
    1.5705   0.000000E+00   2.963431E-05   2.963431E-05
    1.5714   0.000000E+00   2.871557E-05   2.871557E-05
    1.5723   0.000000E+00   2.781023E-05   2.781023E-05
    1.5732   0.000000E+00   2.692286E-05   2.692286E-05
    1.5741   0.000000E+00   2.605541E-05   2.605541E-05
    1.5750   0.000000E+00   2.519889E-05   2.519889E-05
    1.5759   0.000000E+00   2.436857E-05   2.436857E-05
    1.5768   0.000000E+00   2.354480E-05   2.354480E-05
    1.5777   0.000000E+00   2.274850E-05   2.274850E-05
    1.5786   0.000000E+00   2.196089E-05   2.196089E-05
    1.5795   0.000000E+00   2.119397E-05   2.119397E-05
    1.5804   0.000000E+00   2.044181E-05   2.044181E-05
    1.5813   0.000000E+00   1.970381E-05   1.970381E-05
    1.5822   0.000000E+00   1.898640E-05   1.898640E-05
    1.5831   0.000000E+00   1.827683E-05   1.827683E-05
    1.5840   0.000000E+00   1.759348E-05   1.759348E-05
    1.5849   0.000000E+00   1.691600E-05   1.691600E-05
    1.5858   0.000000E+00   1.626194E-05   1.626194E-05
    1.5867   0.000000E+00   1.561763E-05   1.561763E-05
    1.5876   0.000000E+00   1.499065E-05   1.499065E-05
    1.5885   0.000000E+00   1.437886E-05   1.437886E-05
    1.5894   0.000000E+00   1.377851E-05   1.377851E-05
    1.5903   0.000000E+00   1.319860E-05   1.319860E-05
    1.5912   0.000000E+00   1.262446E-05   1.262446E-05
    1.5921   0.000000E+00   1.207579E-05   1.207579E-05
    1.5930   0.000000E+00   1.153239E-05   1.153239E-05
    1.5939   0.000000E+00   1.100938E-05   1.100938E-05
    1.5948   0.000000E+00   1.049641E-05   1.049641E-05
    1.5957   0.000000E+00   9.998351E-06   9.998351E-06
    1.5966   0.000000E+00   9.515207E-06   9.515207E-06
    1.5975   0.000000E+00   9.041685E-06   9.041685E-06
    1.5984   0.000000E+00   8.587777E-06   8.587777E-06
    1.5993   0.000000E+00   8.138782E-06   8.138782E-06
    1.6002   0.000000E+00   7.713140E-06   7.713140E-06
    1.6011   0.000000E+00   7.292620E-06   7.292620E-06
    1.6020   0.000000E+00   6.890332E-06   6.890332E-06
    1.6029   0.000000E+00   6.497723E-06   6.497723E-06
    1.6038   0.000000E+00   6.118406E-06   6.118406E-06
    1.6047   0.000000E+00   5.753153E-06   5.753153E-06
    1.6056   0.000000E+00   5.396431E-06   5.396431E-06
    1.6065   0.000000E+00   5.057991E-06   5.057991E-06
    1.6074   0.000000E+00   4.723973E-06   4.723973E-06
    1.6083   0.000000E+00   4.411333E-06   4.411333E-06
    1.6092   0.000000E+00   4.103430E-06   4.103430E-06
    1.6101   0.000000E+00   3.812289E-06   3.812289E-06
    1.6110   0.000000E+00   3.529983E-06   3.529983E-06
    1.6119   0.000000E+00   3.259986E-06   3.259986E-06
    1.6128   0.000000E+00   3.002768E-06   3.002768E-06
    1.6137   0.000000E+00   2.753567E-06   2.753567E-06
    1.6146   0.000000E+00   2.520936E-06   2.520936E-06
    1.6155   0.000000E+00   2.292287E-06   2.292287E-06
    1.6164   0.000000E+00   2.083656E-06   2.083656E-06
    1.6173   0.000000E+00   1.878955E-06   1.878955E-06
    1.6182   0.000000E+00   1.690106E-06   1.690106E-06
    1.6191   0.000000E+00   1.508877E-06   1.508877E-06
    1.6200   0.000000E+00   1.339484E-06   1.339484E-06
    1.6209   0.000000E+00   1.181258E-06   1.181258E-06
    1.6218   0.000000E+00   1.030997E-06   1.030997E-06
    1.6227   0.000000E+00   8.953145E-07   8.953145E-07
    1.6236   0.000000E+00   7.638692E-07   7.638692E-07
    1.6245   0.000000E+00   6.502795E-07   6.502795E-07
    1.6254   0.000000E+00   5.401449E-07   5.401449E-07
    1.6263   0.000000E+00   4.453976E-07   4.453976E-07
    1.6272   0.000000E+00   3.567822E-07   3.567822E-07
    1.6281   0.000000E+00   2.799270E-07   2.799270E-07
    1.6290   0.000000E+00   2.124002E-07   2.124002E-07
    1.6299   0.000000E+00   1.531390E-07   1.531390E-07
    1.6308   0.000000E+00   1.062783E-07   1.062783E-07
    1.6317   0.000000E+00   6.431729E-08   6.431729E-08
    1.6326   0.000000E+00   3.770819E-08   3.770819E-08
    1.6335   0.000000E+00   1.421731E-08   1.421731E-08
    1.6344   0.000000E+00   5.994094E-09   5.994094E-09
    1.6353   0.000000E+00   0.000000E+00   0.000000E+00
    1.6362   0.000000E+00   0.000000E+00   0.000000E+00
    1.6371   0.000000E+00   0.000000E+00   0.000000E+00
    1.6380   0.000000E+00   0.000000E+00   0.000000E+00
    1.6389   0.000000E+00   0.000000E+00   0.000000E+00
    1.6398   0.000000E+00   0.000000E+00   0.000000E+00
    1.6407   0.000000E+00   0.000000E+00   0.000000E+00
    1.6416   0.000000E+00   0.000000E+00   0.000000E+00
    1.6425   0.000000E+00   0.000000E+00   0.000000E+00
    1.6434   0.000000E+00   0.000000E+00   0.000000E+00
    1.6443   0.000000E+00   0.000000E+00   0.000000E+00
    1.6452   0.000000E+00   0.000000E+00   0.000000E+00
    1.6461   0.000000E+00   0.000000E+00   0.000000E+00
    1.6470   0.000000E+00   0.000000E+00   0.000000E+00
    1.6479   0.000000E+00   0.000000E+00   0.000000E+00
    1.6488   0.000000E+00   0.000000E+00   0.000000E+00
    1.6497   0.000000E+00   0.000000E+00   0.000000E+00
    1.6506   0.000000E+00   0.000000E+00   0.000000E+00
    1.6515   0.000000E+00   0.000000E+00   0.000000E+00
    1.6524   0.000000E+00   0.000000E+00   0.000000E+00
    1.6533   0.000000E+00   0.000000E+00   0.000000E+00
    1.6542   0.000000E+00   0.000000E+00   0.000000E+00
    1.6551   0.000000E+00   0.000000E+00   0.000000E+00
    1.6560   0.000000E+00   0.000000E+00   0.000000E+00
    1.6569   0.000000E+00   0.000000E+00   0.000000E+00
    1.6578   0.000000E+00   0.000000E+00   0.000000E+00
    1.6587   0.000000E+00   0.000000E+00   0.000000E+00
    1.6596   0.000000E+00   0.000000E+00   0.000000E+00
    1.6605   0.000000E+00   0.000000E+00   0.000000E+00
    1.6614   0.000000E+00   0.000000E+00   0.000000E+00
    1.6623   0.000000E+00   0.000000E+00   0.000000E+00
    1.6632   0.000000E+00   0.000000E+00   0.000000E+00
    1.6641   0.000000E+00   0.000000E+00   0.000000E+00
    1.6650   0.000000E+00   0.000000E+00   0.000000E+00
    1.6659   0.000000E+00   0.000000E+00   0.000000E+00
    1.6668   0.000000E+00   0.000000E+00   0.000000E+00
    1.6677   0.000000E+00   0.000000E+00   0.000000E+00
    1.6686   0.000000E+00   0.000000E+00   0.000000E+00
    1.6695   0.000000E+00   0.000000E+00   0.000000E+00
    1.6704   0.000000E+00   0.000000E+00   0.000000E+00
    1.6713   0.000000E+00   0.000000E+00   0.000000E+00
    1.6722   0.000000E+00   0.000000E+00   0.000000E+00
    1.6731   0.000000E+00   0.000000E+00   0.000000E+00
    1.6740   0.000000E+00   0.000000E+00   0.000000E+00
    1.6749   0.000000E+00   0.000000E+00   0.000000E+00
    1.6758   0.000000E+00   0.000000E+00   0.000000E+00
    1.6767   0.000000E+00   0.000000E+00   0.000000E+00
    1.6776   0.000000E+00   0.000000E+00   0.000000E+00
    1.6785   0.000000E+00   0.000000E+00   0.000000E+00
    1.6794   0.000000E+00   0.000000E+00   0.000000E+00
    1.6803   0.000000E+00   0.000000E+00   0.000000E+00
    1.6812   0.000000E+00   0.000000E+00   0.000000E+00
    1.6821   0.000000E+00   0.000000E+00   0.000000E+00
    1.6830   0.000000E+00   0.000000E+00   0.000000E+00
    1.6839   0.000000E+00   0.000000E+00   0.000000E+00
    1.6848   0.000000E+00   0.000000E+00   0.000000E+00
    1.6857   0.000000E+00   0.000000E+00   0.000000E+00
    1.6866   0.000000E+00   0.000000E+00   0.000000E+00
    1.6875   0.000000E+00   0.000000E+00   0.000000E+00
    1.6884   0.000000E+00   0.000000E+00   0.000000E+00
    1.6893   0.000000E+00   0.000000E+00   0.000000E+00
    1.6902   0.000000E+00   0.000000E+00   0.000000E+00
    1.6911   0.000000E+00   0.000000E+00   0.000000E+00
    1.6920   0.000000E+00   0.000000E+00   0.000000E+00
    1.6929   0.000000E+00   0.000000E+00   0.000000E+00
    1.6938   0.000000E+00   0.000000E+00   0.000000E+00
    1.6947   0.000000E+00   0.000000E+00   0.000000E+00
    1.6956   0.000000E+00   0.000000E+00   0.000000E+00
    1.6965   0.000000E+00   0.000000E+00   0.000000E+00
    1.6974   0.000000E+00   0.000000E+00   0.000000E+00
    1.6983   0.000000E+00   0.000000E+00   0.000000E+00
    1.6992   0.000000E+00   0.000000E+00   0.000000E+00
    1.7002   0.000000E+00   0.000000E+00   0.000000E+00
    1.7011   0.000000E+00   0.000000E+00   0.000000E+00
    1.7020   0.000000E+00   0.000000E+00   0.000000E+00
    1.7029   0.000000E+00   0.000000E+00   0.000000E+00
    1.7038   0.000000E+00   0.000000E+00   0.000000E+00
    1.7047   0.000000E+00   0.000000E+00   0.000000E+00
    1.7056   0.000000E+00   0.000000E+00   0.000000E+00
    1.7065   0.000000E+00   0.000000E+00   0.000000E+00
    1.7074   0.000000E+00   0.000000E+00   0.000000E+00
    1.7083   0.000000E+00   0.000000E+00   0.000000E+00
    1.7092   0.000000E+00   0.000000E+00   0.000000E+00
    1.7101   0.000000E+00   0.000000E+00   0.000000E+00
    1.7110   0.000000E+00   0.000000E+00   0.000000E+00
    1.7119   0.000000E+00   0.000000E+00   0.000000E+00
    1.7128   0.000000E+00   0.000000E+00   0.000000E+00
    1.7137   0.000000E+00   0.000000E+00   0.000000E+00
    1.7146   0.000000E+00   0.000000E+00   0.000000E+00
    1.7155   0.000000E+00   0.000000E+00   0.000000E+00
    1.7164   0.000000E+00   0.000000E+00   0.000000E+00
    1.7173   0.000000E+00   0.000000E+00   0.000000E+00
    1.7182   0.000000E+00   0.000000E+00   0.000000E+00
    1.7191   0.000000E+00   0.000000E+00   0.000000E+00
    1.7200   0.000000E+00   0.000000E+00   0.000000E+00
    1.7209   0.000000E+00   0.000000E+00   0.000000E+00
    1.7218   0.000000E+00   0.000000E+00   0.000000E+00
    1.7227   0.000000E+00   0.000000E+00   0.000000E+00
    1.7236   0.000000E+00   0.000000E+00   0.000000E+00
    1.7245   0.000000E+00   0.000000E+00   0.000000E+00
    1.7254   0.000000E+00   0.000000E+00   0.000000E+00
    1.7263   0.000000E+00   0.000000E+00   0.000000E+00
    1.7272   0.000000E+00   0.000000E+00   0.000000E+00
    1.7281   0.000000E+00   0.000000E+00   0.000000E+00
    1.7290   0.000000E+00   0.000000E+00   0.000000E+00
    1.7299   0.000000E+00   0.000000E+00   0.000000E+00
    1.7308   0.000000E+00   0.000000E+00   0.000000E+00
    1.7317   0.000000E+00   0.000000E+00   0.000000E+00
    1.7326   0.000000E+00   0.000000E+00   0.000000E+00
    1.7335   0.000000E+00   0.000000E+00   0.000000E+00
    1.7344   0.000000E+00   0.000000E+00   0.000000E+00
    1.7353   0.000000E+00   0.000000E+00   0.000000E+00
    1.7362   0.000000E+00   0.000000E+00   0.000000E+00
    1.7371   0.000000E+00   0.000000E+00   0.000000E+00
    1.7380   0.000000E+00   0.000000E+00   0.000000E+00
    1.7389   0.000000E+00   0.000000E+00   0.000000E+00
    1.7398   0.000000E+00   0.000000E+00   0.000000E+00
    1.7407   0.000000E+00   0.000000E+00   0.000000E+00
    1.7416   0.000000E+00   0.000000E+00   0.000000E+00
    1.7425   0.000000E+00   0.000000E+00   0.000000E+00
    1.7434   0.000000E+00   0.000000E+00   0.000000E+00
    1.7443   0.000000E+00   0.000000E+00   0.000000E+00
    1.7452   0.000000E+00   0.000000E+00   0.000000E+00
    1.7461   0.000000E+00   0.000000E+00   0.000000E+00
    1.7470   0.000000E+00   0.000000E+00   0.000000E+00
    1.7479   0.000000E+00   0.000000E+00   0.000000E+00
    1.7488   0.000000E+00   0.000000E+00   0.000000E+00
    1.7497   0.000000E+00   0.000000E+00   0.000000E+00
    1.7506   0.000000E+00   0.000000E+00   0.000000E+00
    1.7515   0.000000E+00   0.000000E+00   0.000000E+00
    1.7524   0.000000E+00   0.000000E+00   0.000000E+00
    1.7533   0.000000E+00   0.000000E+00   0.000000E+00
    1.7542   0.000000E+00   0.000000E+00   0.000000E+00
    1.7551   0.000000E+00   0.000000E+00   0.000000E+00
    1.7560   0.000000E+00   0.000000E+00   0.000000E+00
    1.7569   0.000000E+00   0.000000E+00   0.000000E+00
    1.7578   0.000000E+00   0.000000E+00   0.000000E+00
    1.7587   0.000000E+00   0.000000E+00   0.000000E+00
    1.7596   0.000000E+00   0.000000E+00   0.000000E+00
    1.7605   0.000000E+00   0.000000E+00   0.000000E+00
    1.7614   0.000000E+00   0.000000E+00   0.000000E+00
    1.7623   0.000000E+00   0.000000E+00   0.000000E+00
    1.7632   0.000000E+00   0.000000E+00   0.000000E+00
    1.7641   0.000000E+00   0.000000E+00   0.000000E+00
    1.7650   0.000000E+00   0.000000E+00   0.000000E+00
    1.7659   0.000000E+00   0.000000E+00   0.000000E+00
    1.7668   0.000000E+00   0.000000E+00   0.000000E+00
    1.7677   0.000000E+00   0.000000E+00   0.000000E+00
    1.7686   0.000000E+00   0.000000E+00   0.000000E+00
    1.7695   0.000000E+00   0.000000E+00   0.000000E+00
    1.7704   0.000000E+00   0.000000E+00   0.000000E+00
    1.7713   0.000000E+00   0.000000E+00   0.000000E+00
    1.7722   0.000000E+00   0.000000E+00   0.000000E+00
    1.7731   0.000000E+00   0.000000E+00   0.000000E+00
    1.7740   0.000000E+00   0.000000E+00   0.000000E+00
    1.7749   0.000000E+00   0.000000E+00   0.000000E+00
    1.7758   0.000000E+00   0.000000E+00   0.000000E+00
    1.7767   0.000000E+00   0.000000E+00   0.000000E+00
    1.7776   0.000000E+00   0.000000E+00   0.000000E+00
    1.7785   0.000000E+00   0.000000E+00   0.000000E+00
    1.7794   0.000000E+00   0.000000E+00   0.000000E+00
    1.7803   0.000000E+00   0.000000E+00   0.000000E+00
    1.7812   0.000000E+00   0.000000E+00   0.000000E+00
    1.7821   0.000000E+00   0.000000E+00   0.000000E+00
    1.7830   0.000000E+00   0.000000E+00   0.000000E+00
    1.7839   0.000000E+00   0.000000E+00   0.000000E+00
    1.7848   0.000000E+00   0.000000E+00   0.000000E+00
    1.7857   0.000000E+00   0.000000E+00   0.000000E+00
    1.7866   0.000000E+00   0.000000E+00   0.000000E+00
    1.7875   0.000000E+00   0.000000E+00   0.000000E+00
    1.7884   0.000000E+00   0.000000E+00   0.000000E+00
    1.7893   0.000000E+00   0.000000E+00   0.000000E+00
    1.7902   0.000000E+00   0.000000E+00   0.000000E+00
    1.7911   0.000000E+00   0.000000E+00   0.000000E+00
    1.7920   0.000000E+00   0.000000E+00   0.000000E+00
    1.7929   0.000000E+00   0.000000E+00   0.000000E+00
    1.7938   0.000000E+00   0.000000E+00   0.000000E+00
    1.7947   0.000000E+00   0.000000E+00   0.000000E+00
    1.7956   0.000000E+00   0.000000E+00   0.000000E+00
    1.7965   0.000000E+00   0.000000E+00   0.000000E+00
    1.7974   0.000000E+00   0.000000E+00   0.000000E+00
    1.7983   0.000000E+00   0.000000E+00   0.000000E+00
    1.7992   0.000000E+00   0.000000E+00   0.000000E+00
    1.8001   0.000000E+00   0.000000E+00   0.000000E+00
    1.8010   0.000000E+00   0.000000E+00   0.000000E+00
    1.8019   0.000000E+00   0.000000E+00   0.000000E+00
    1.8028   0.000000E+00   0.000000E+00   0.000000E+00
    1.8037   0.000000E+00   0.000000E+00   0.000000E+00
    1.8046   0.000000E+00   0.000000E+00   0.000000E+00
    1.8055   0.000000E+00   0.000000E+00   0.000000E+00
    1.8064   0.000000E+00   0.000000E+00   0.000000E+00
    1.8073   0.000000E+00   0.000000E+00   0.000000E+00
    1.8082   0.000000E+00   0.000000E+00   0.000000E+00
    1.8091   0.000000E+00   0.000000E+00   0.000000E+00
    1.8100   0.000000E+00   0.000000E+00   0.000000E+00
    1.8109   0.000000E+00   0.000000E+00   0.000000E+00
    1.8118   0.000000E+00   0.000000E+00   0.000000E+00
    1.8127   0.000000E+00   0.000000E+00   0.000000E+00
    1.8136   0.000000E+00   0.000000E+00   0.000000E+00
    1.8145   0.000000E+00   0.000000E+00   0.000000E+00
    1.8154   0.000000E+00   0.000000E+00   0.000000E+00
    1.8163   0.000000E+00   0.000000E+00   0.000000E+00
    1.8172   0.000000E+00   0.000000E+00   0.000000E+00
    1.8181   0.000000E+00   0.000000E+00   0.000000E+00
    1.8190   0.000000E+00   0.000000E+00   0.000000E+00
    1.8199   0.000000E+00   0.000000E+00   0.000000E+00
    1.8208   0.000000E+00   0.000000E+00   0.000000E+00
    1.8217   0.000000E+00   0.000000E+00   0.000000E+00
    1.8226   0.000000E+00   0.000000E+00   0.000000E+00
    1.8235   0.000000E+00   0.000000E+00   0.000000E+00
    1.8244   0.000000E+00   0.000000E+00   0.000000E+00
    1.8253   0.000000E+00   0.000000E+00   0.000000E+00
    1.8262   0.000000E+00   0.000000E+00   0.000000E+00
    1.8271   0.000000E+00   0.000000E+00   0.000000E+00
    1.8280   0.000000E+00   0.000000E+00   0.000000E+00
    1.8289   0.000000E+00   0.000000E+00   0.000000E+00
    1.8298   0.000000E+00   0.000000E+00   0.000000E+00
    1.8307   0.000000E+00   0.000000E+00   0.000000E+00
    1.8316   0.000000E+00   0.000000E+00   0.000000E+00
    1.8325   0.000000E+00   0.000000E+00   0.000000E+00
    1.8334   0.000000E+00   0.000000E+00   0.000000E+00
    1.8343   0.000000E+00   0.000000E+00   0.000000E+00
    1.8352   0.000000E+00   0.000000E+00   0.000000E+00
    1.8361   0.000000E+00   0.000000E+00   0.000000E+00
    1.8370   0.000000E+00   0.000000E+00   0.000000E+00
    1.8379   0.000000E+00   0.000000E+00   0.000000E+00
    1.8388   0.000000E+00   0.000000E+00   0.000000E+00
    1.8397   0.000000E+00   0.000000E+00   0.000000E+00
    1.8406   0.000000E+00   0.000000E+00   0.000000E+00
    1.8415   0.000000E+00   0.000000E+00   0.000000E+00
    1.8424   0.000000E+00   0.000000E+00   0.000000E+00
    1.8433   0.000000E+00   0.000000E+00   0.000000E+00
    1.8442   0.000000E+00   0.000000E+00   0.000000E+00
    1.8451   0.000000E+00   0.000000E+00   0.000000E+00
    1.8460   0.000000E+00   0.000000E+00   0.000000E+00
    1.8469   0.000000E+00   0.000000E+00   0.000000E+00
    1.8478   0.000000E+00   0.000000E+00   0.000000E+00
    1.8487   0.000000E+00   0.000000E+00   0.000000E+00
    1.8496   0.000000E+00   0.000000E+00   0.000000E+00
    1.8505   0.000000E+00   0.000000E+00   0.000000E+00
    1.8514   0.000000E+00   0.000000E+00   0.000000E+00
    1.8523   0.000000E+00   0.000000E+00   0.000000E+00
    1.8532   0.000000E+00   0.000000E+00   0.000000E+00
    1.8541   0.000000E+00   0.000000E+00   0.000000E+00
    1.8550   0.000000E+00   0.000000E+00   0.000000E+00
    1.8559   0.000000E+00   0.000000E+00   0.000000E+00
    1.8568   0.000000E+00   0.000000E+00   0.000000E+00
    1.8577   0.000000E+00   0.000000E+00   0.000000E+00
    1.8586   0.000000E+00   0.000000E+00   0.000000E+00
    1.8595   0.000000E+00   0.000000E+00   0.000000E+00
    1.8604   0.000000E+00   0.000000E+00   0.000000E+00
    1.8613   0.000000E+00   0.000000E+00   0.000000E+00
    1.8622   0.000000E+00   0.000000E+00   0.000000E+00
    1.8631   0.000000E+00   0.000000E+00   0.000000E+00
    1.8640   0.000000E+00   0.000000E+00   0.000000E+00
    1.8649   0.000000E+00   0.000000E+00   0.000000E+00
    1.8658   0.000000E+00   0.000000E+00   0.000000E+00
    1.8667   0.000000E+00   0.000000E+00   0.000000E+00
    1.8676   0.000000E+00   0.000000E+00   0.000000E+00
    1.8685   0.000000E+00   0.000000E+00   0.000000E+00
    1.8694   0.000000E+00   0.000000E+00   0.000000E+00
    1.8703   0.000000E+00   0.000000E+00   0.000000E+00
    1.8712   0.000000E+00   0.000000E+00   0.000000E+00
    1.8721   0.000000E+00   0.000000E+00   0.000000E+00
    1.8730   0.000000E+00   0.000000E+00   0.000000E+00
    1.8739   0.000000E+00   0.000000E+00   0.000000E+00
    1.8748   0.000000E+00   0.000000E+00   0.000000E+00
    1.8757   0.000000E+00   0.000000E+00   0.000000E+00
    1.8766   0.000000E+00   0.000000E+00   0.000000E+00
    1.8775   0.000000E+00   0.000000E+00   0.000000E+00
    1.8784   0.000000E+00   0.000000E+00   0.000000E+00
    1.8793   0.000000E+00   0.000000E+00   0.000000E+00
    1.8802   0.000000E+00   0.000000E+00   0.000000E+00
    1.8811   0.000000E+00   0.000000E+00   0.000000E+00
    1.8820   0.000000E+00   0.000000E+00   0.000000E+00
    1.8829   0.000000E+00   0.000000E+00   0.000000E+00
    1.8838   0.000000E+00   0.000000E+00   0.000000E+00
    1.8847   0.000000E+00   0.000000E+00   0.000000E+00
    1.8856   0.000000E+00   0.000000E+00   0.000000E+00
    1.8865   0.000000E+00   0.000000E+00   0.000000E+00
    1.8874   0.000000E+00   0.000000E+00   0.000000E+00
    1.8883   0.000000E+00   0.000000E+00   0.000000E+00
    1.8892   0.000000E+00   0.000000E+00   0.000000E+00
    1.8901   0.000000E+00   0.000000E+00   0.000000E+00
    1.8910   0.000000E+00   0.000000E+00   0.000000E+00
    1.8919   0.000000E+00   0.000000E+00   0.000000E+00
    1.8928   0.000000E+00   0.000000E+00   0.000000E+00
    1.8937   0.000000E+00   0.000000E+00   0.000000E+00
    1.8946   0.000000E+00   0.000000E+00   0.000000E+00
    1.8955   0.000000E+00   0.000000E+00   0.000000E+00
    1.8964   0.000000E+00   0.000000E+00   0.000000E+00
    1.8973   0.000000E+00   0.000000E+00   0.000000E+00
    1.8982   0.000000E+00   0.000000E+00   0.000000E+00
    1.8991   0.000000E+00   0.000000E+00   0.000000E+00
    1.9001   0.000000E+00   0.000000E+00   0.000000E+00
    1.9010   0.000000E+00   0.000000E+00   0.000000E+00
    1.9019   0.000000E+00   0.000000E+00   0.000000E+00
    1.9028   0.000000E+00   0.000000E+00   0.000000E+00
    1.9037   0.000000E+00   0.000000E+00   0.000000E+00
    1.9046   0.000000E+00   0.000000E+00   0.000000E+00
    1.9055   0.000000E+00   0.000000E+00   0.000000E+00
    1.9064   0.000000E+00   0.000000E+00   0.000000E+00
    1.9073   0.000000E+00   0.000000E+00   0.000000E+00
    1.9082   0.000000E+00   0.000000E+00   0.000000E+00
    1.9091   0.000000E+00   0.000000E+00   0.000000E+00
    1.9100   0.000000E+00   0.000000E+00   0.000000E+00
    1.9109   0.000000E+00   0.000000E+00   0.000000E+00
    1.9118   0.000000E+00   0.000000E+00   0.000000E+00
    1.9127   0.000000E+00   0.000000E+00   0.000000E+00
    1.9136   0.000000E+00   0.000000E+00   0.000000E+00
    1.9145   0.000000E+00   0.000000E+00   0.000000E+00
    1.9154   0.000000E+00   0.000000E+00   0.000000E+00
    1.9163   0.000000E+00   0.000000E+00   0.000000E+00
    1.9172   0.000000E+00   0.000000E+00   0.000000E+00
    1.9181   0.000000E+00   0.000000E+00   0.000000E+00
    1.9190   0.000000E+00   0.000000E+00   0.000000E+00
    1.9199   0.000000E+00   0.000000E+00   0.000000E+00
    1.9208   0.000000E+00   0.000000E+00   0.000000E+00
    1.9217   0.000000E+00   0.000000E+00   0.000000E+00
    1.9226   0.000000E+00   0.000000E+00   0.000000E+00
    1.9235   0.000000E+00   0.000000E+00   0.000000E+00
    1.9244   0.000000E+00   0.000000E+00   0.000000E+00
    1.9253   0.000000E+00   0.000000E+00   0.000000E+00
    1.9262   0.000000E+00   0.000000E+00   0.000000E+00
    1.9271   0.000000E+00   0.000000E+00   0.000000E+00
    1.9280   0.000000E+00   0.000000E+00   0.000000E+00
    1.9289   0.000000E+00   0.000000E+00   0.000000E+00
    1.9298   0.000000E+00   0.000000E+00   0.000000E+00
    1.9307   0.000000E+00   0.000000E+00   0.000000E+00
    1.9316   0.000000E+00   0.000000E+00   0.000000E+00
    1.9325   0.000000E+00   0.000000E+00   0.000000E+00
    1.9334   0.000000E+00   0.000000E+00   0.000000E+00
    1.9343   0.000000E+00   0.000000E+00   0.000000E+00
    1.9352   0.000000E+00   0.000000E+00   0.000000E+00
    1.9361   0.000000E+00   0.000000E+00   0.000000E+00
    1.9370   0.000000E+00   0.000000E+00   0.000000E+00
    1.9379   0.000000E+00   0.000000E+00   0.000000E+00
    1.9388   0.000000E+00   0.000000E+00   0.000000E+00
    1.9397   0.000000E+00   0.000000E+00   0.000000E+00
    1.9406   0.000000E+00   0.000000E+00   0.000000E+00
    1.9415   0.000000E+00   0.000000E+00   0.000000E+00
    1.9424   0.000000E+00   0.000000E+00   0.000000E+00
    1.9433   0.000000E+00   0.000000E+00   0.000000E+00
    1.9442   0.000000E+00   0.000000E+00   0.000000E+00
    1.9451   0.000000E+00   0.000000E+00   0.000000E+00
    1.9460   0.000000E+00   0.000000E+00   0.000000E+00
    1.9469   0.000000E+00   0.000000E+00   0.000000E+00
    1.9478   0.000000E+00   0.000000E+00   0.000000E+00
    1.9487   0.000000E+00   0.000000E+00   0.000000E+00
    1.9496   0.000000E+00   0.000000E+00   0.000000E+00
    1.9505   0.000000E+00   0.000000E+00   0.000000E+00
    1.9514   0.000000E+00   0.000000E+00   0.000000E+00
    1.9523   0.000000E+00   0.000000E+00   0.000000E+00
    1.9532   0.000000E+00   0.000000E+00   0.000000E+00
    1.9541   0.000000E+00   0.000000E+00   0.000000E+00
    1.9550   0.000000E+00   0.000000E+00   0.000000E+00
    1.9559   0.000000E+00   0.000000E+00   0.000000E+00
    1.9568   0.000000E+00   0.000000E+00   0.000000E+00
    1.9577   0.000000E+00   0.000000E+00   0.000000E+00
    1.9586   0.000000E+00   0.000000E+00   0.000000E+00
    1.9595   0.000000E+00   0.000000E+00   0.000000E+00
    1.9604   0.000000E+00   0.000000E+00   0.000000E+00
    1.9613   0.000000E+00   0.000000E+00   0.000000E+00
    1.9622   0.000000E+00   0.000000E+00   0.000000E+00
    1.9631   0.000000E+00   0.000000E+00   0.000000E+00
    1.9640   0.000000E+00   0.000000E+00   0.000000E+00
    1.9649   0.000000E+00   0.000000E+00   0.000000E+00
    1.9658   0.000000E+00   0.000000E+00   0.000000E+00
    1.9667   0.000000E+00   0.000000E+00   0.000000E+00
    1.9676   0.000000E+00   0.000000E+00   0.000000E+00
    1.9685   0.000000E+00   0.000000E+00   0.000000E+00
    1.9694   0.000000E+00   0.000000E+00   0.000000E+00
    1.9703   0.000000E+00   0.000000E+00   0.000000E+00
    1.9712   0.000000E+00   0.000000E+00   0.000000E+00
    1.9721   0.000000E+00   0.000000E+00   0.000000E+00
    1.9730   0.000000E+00   0.000000E+00   0.000000E+00
    1.9739   0.000000E+00   0.000000E+00   0.000000E+00
    1.9748   0.000000E+00   0.000000E+00   0.000000E+00
    1.9757   0.000000E+00   0.000000E+00   0.000000E+00
    1.9766   0.000000E+00   0.000000E+00   0.000000E+00
    1.9775   0.000000E+00   0.000000E+00   0.000000E+00
    1.9784   0.000000E+00   0.000000E+00   0.000000E+00
    1.9793   0.000000E+00   0.000000E+00   0.000000E+00
    1.9802   0.000000E+00   0.000000E+00   0.000000E+00
    1.9811   0.000000E+00   0.000000E+00   0.000000E+00
    1.9820   0.000000E+00   0.000000E+00   0.000000E+00
    1.9829   0.000000E+00   0.000000E+00   0.000000E+00
    1.9838   0.000000E+00   0.000000E+00   0.000000E+00
    1.9847   0.000000E+00   0.000000E+00   0.000000E+00
    1.9856   0.000000E+00   0.000000E+00   0.000000E+00
    1.9865   0.000000E+00   0.000000E+00   0.000000E+00
    1.9874   0.000000E+00   0.000000E+00   0.000000E+00
    1.9883   0.000000E+00   0.000000E+00   0.000000E+00
    1.9892   0.000000E+00   0.000000E+00   0.000000E+00
    1.9901   0.000000E+00   0.000000E+00   0.000000E+00
    1.9910   0.000000E+00   0.000000E+00   0.000000E+00
    1.9919   0.000000E+00   0.000000E+00   0.000000E+00
    1.9928   0.000000E+00   0.000000E+00   0.000000E+00
    1.9937   0.000000E+00   0.000000E+00   0.000000E+00
    1.9946   0.000000E+00   0.000000E+00   0.000000E+00
    1.9955   0.000000E+00   0.000000E+00   0.000000E+00
    1.9964   0.000000E+00   0.000000E+00   0.000000E+00
    1.9973   0.000000E+00   0.000000E+00   0.000000E+00
    1.9982   0.000000E+00   0.000000E+00   0.000000E+00
    1.9991   0.000000E+00   0.000000E+00   0.000000E+00
    2.0000   0.000000E+00   0.000000E+00   0.000000E+00
