# A   chi2_sinNuisance   chi2_conNuisance
  0.000000E+00    2.101851E+01    2.101851E+01
  3.000300E-02    2.023741E+01    2.023318E+01
  6.000600E-02    1.947929E+01    1.946339E+01
  9.000900E-02    1.874415E+01    1.871060E+01
  1.200120E-01    1.803199E+01    1.797620E+01
  1.500150E-01    1.734281E+01    1.726149E+01
  1.800180E-01    1.667660E+01    1.656770E+01
  2.100210E-01    1.603337E+01    1.589595E+01
  2.400240E-01    1.541312E+01    1.524725E+01
  2.700270E-01    1.481584E+01    1.462252E+01
  3.000300E-01    1.424155E+01    1.402257E+01
  3.300330E-01    1.369023E+01    1.344807E+01
  3.600360E-01    1.316189E+01    1.289962E+01
  3.900390E-01    1.265653E+01    1.237767E+01
  4.200420E-01    1.217414E+01    1.188257E+01
  4.500450E-01    1.171474E+01    1.141458E+01
  4.800480E-01    1.127831E+01    1.097382E+01
  5.100510E-01    1.086486E+01    1.056033E+01
  5.400540E-01    1.047439E+01    1.017404E+01
  5.700570E-01    1.010689E+01    9.814802E+00
  6.000600E-01    9.762375E+00    9.482364E+00
  6.300630E-01    9.440836E+00    9.176399E+00
  6.600660E-01    9.142274E+00    8.896505E+00
  6.900690E-01    8.866691E+00    8.642213E+00
  7.200720E-01    8.614085E+00    8.412988E+00
  7.500750E-01    8.384457E+00    8.208243E+00
  7.800780E-01    8.177807E+00    8.027341E+00
  8.100810E-01    7.994135E+00    7.869604E+00
  8.400840E-01    7.833441E+00    7.734318E+00
  8.700870E-01    7.695725E+00    7.620739E+00
  9.000900E-01    7.580986E+00    7.528098E+00
  9.300930E-01    7.489225E+00    7.455611E+00
  9.600960E-01    7.420443E+00    7.402478E+00
  9.900990E-01    7.374638E+00    7.367892E+00
  1.020102E+00    7.351811E+00    7.351041E+00
  1.050105E+00    7.351961E+00    7.351116E+00
  1.080108E+00    7.375090E+00    7.367309E+00
  1.110111E+00    7.421196E+00    7.398822E+00
  1.140114E+00    7.490281E+00    7.444864E+00
  1.170117E+00    7.582343E+00    7.504660E+00
  1.200120E+00    7.697383E+00    7.577450E+00
  1.230123E+00    7.835401E+00    7.662489E+00
  1.260126E+00    7.996396E+00    7.759053E+00
  1.290129E+00    8.180370E+00    7.866437E+00
  1.320132E+00    8.387321E+00    7.983959E+00
  1.350135E+00    8.617251E+00    8.110958E+00
  1.380138E+00    8.870158E+00    8.246796E+00
  1.410141E+00    9.146043E+00    8.390860E+00
  1.440144E+00    9.444906E+00    8.542558E+00
  1.470147E+00    9.766746E+00    8.701324E+00
  1.500150E+00    1.011156E+01    8.866617E+00
  1.530153E+00    1.047936E+01    9.037916E+00
  1.560156E+00    1.087014E+01    9.214728E+00
  1.590159E+00    1.128389E+01    9.396580E+00
  1.620162E+00    1.172062E+01    9.583023E+00
  1.650165E+00    1.218033E+01    9.773629E+00
  1.680168E+00    1.266301E+01    9.967995E+00
  1.710171E+00    1.316867E+01    1.016574E+01
  1.740174E+00    1.369732E+01    1.036649E+01
  1.770177E+00    1.424894E+01    1.056991E+01
  1.800180E+00    1.482353E+01    1.077567E+01
  1.830183E+00    1.542111E+01    1.098347E+01
  1.860186E+00    1.604166E+01    1.119302E+01
  1.890189E+00    1.668519E+01    1.140404E+01
  1.920192E+00    1.735170E+01    1.161629E+01
  1.950195E+00    1.804119E+01    1.182953E+01
  1.980198E+00    1.875365E+01    1.204352E+01
  2.010201E+00    1.948909E+01    1.225806E+01
  2.040204E+00    2.024751E+01    1.247296E+01
  2.070207E+00    2.102891E+01    1.268803E+01
  2.100210E+00    2.183328E+01    1.290309E+01
  2.130213E+00    2.266064E+01    1.311799E+01
  2.160216E+00    2.351097E+01    1.333259E+01
  2.190219E+00    2.438428E+01    1.354674E+01
  2.220222E+00    2.528057E+01    1.376031E+01
  2.250225E+00    2.619983E+01    1.397319E+01
  2.280228E+00    2.714207E+01    1.418526E+01
  2.310231E+00    2.810729E+01    1.439644E+01
  2.340234E+00    2.909549E+01    1.460661E+01
  2.370237E+00    3.010667E+01    1.481570E+01
  2.400240E+00    3.114082E+01    1.502363E+01
  2.430243E+00    3.219795E+01    1.523032E+01
  2.460246E+00    3.327806E+01    1.543572E+01
  2.490249E+00    3.438115E+01    1.563975E+01
  2.520252E+00    3.550722E+01    1.584237E+01
  2.550255E+00    3.665626E+01    1.604352E+01
  2.580258E+00    3.782828E+01    1.624317E+01
  2.610261E+00    3.902328E+01    1.644126E+01
  2.640264E+00    4.024126E+01    1.663778E+01
  2.670267E+00    4.148221E+01    1.683267E+01
  2.700270E+00    4.274615E+01    1.702593E+01
  2.730273E+00    4.403306E+01    1.721751E+01
  2.760276E+00    4.534294E+01    1.740741E+01
  2.790279E+00    4.667581E+01    1.759559E+01
  2.820282E+00    4.803165E+01    1.778206E+01
  2.850285E+00    4.941048E+01    1.796679E+01
  2.880288E+00    5.081228E+01    1.814977E+01
  2.910291E+00    5.223705E+01    1.833100E+01
  2.940294E+00    5.368481E+01    1.851047E+01
  2.970297E+00    5.515554E+01    1.868818E+01
  3.000300E+00    5.664925E+01    1.886412E+01
  3.030303E+00    5.816594E+01    1.903830E+01
  3.060306E+00    5.970561E+01    1.921072E+01
  3.090309E+00    6.126825E+01    1.938137E+01
  3.120312E+00    6.285388E+01    1.955027E+01
  3.150315E+00    6.446248E+01    1.971742E+01
  3.180318E+00    6.609406E+01    1.988282E+01
  3.210321E+00    6.774861E+01    2.004649E+01
  3.240324E+00    6.942615E+01    2.020843E+01
  3.270327E+00    7.112666E+01    2.036865E+01
  3.300330E+00    7.285015E+01    2.052716E+01
  3.330333E+00    7.459662E+01    2.068398E+01
  3.360336E+00    7.636606E+01    2.083911E+01
  3.390339E+00    7.815848E+01    2.099257E+01
  3.420342E+00    7.997389E+01    2.114436E+01
  3.450345E+00    8.181226E+01    2.129452E+01
  3.480348E+00    8.367362E+01    2.144304E+01
  3.510351E+00    8.555796E+01    2.158994E+01
  3.540354E+00    8.746527E+01    2.173524E+01
  3.570357E+00    8.939556E+01    2.187895E+01
  3.600360E+00    9.134883E+01    2.202109E+01
  3.630363E+00    9.332507E+01    2.216167E+01
  3.660366E+00    9.532430E+01    2.230071E+01
  3.690369E+00    9.734650E+01    2.243823E+01
  3.720372E+00    9.939168E+01    2.257423E+01
  3.750375E+00    1.014598E+02    2.270875E+01
  3.780378E+00    1.035510E+02    2.284178E+01
  3.810381E+00    1.056651E+02    2.297336E+01
  3.840384E+00    1.078022E+02    2.310349E+01
  3.870387E+00    1.099622E+02    2.323219E+01
  3.900390E+00    1.121453E+02    2.335948E+01
  3.930393E+00    1.143513E+02    2.348538E+01
  3.960396E+00    1.165803E+02    2.360989E+01
  3.990399E+00    1.188323E+02    2.373305E+01
  4.020402E+00    1.211073E+02    2.385486E+01
  4.050405E+00    1.234052E+02    2.397534E+01
  4.080408E+00    1.257261E+02    2.409451E+01
  4.110411E+00    1.280700E+02    2.421238E+01
  4.140414E+00    1.304369E+02    2.432897E+01
  4.170417E+00    1.328267E+02    2.444430E+01
  4.200420E+00    1.352395E+02    2.455838E+01
  4.230423E+00    1.376753E+02    2.467122E+01
  4.260426E+00    1.401341E+02    2.478285E+01
  4.290429E+00    1.426159E+02    2.489327E+01
  4.320432E+00    1.451206E+02    2.500251E+01
  4.350435E+00    1.476483E+02    2.511057E+01
  4.380438E+00    1.501990E+02    2.521748E+01
  4.410441E+00    1.527727E+02    2.532325E+01
  4.440444E+00    1.553693E+02    2.542789E+01
  4.470447E+00    1.579890E+02    2.553142E+01
  4.500450E+00    1.606316E+02    2.563385E+01
  4.530453E+00    1.632972E+02    2.573520E+01
  4.560456E+00    1.659857E+02    2.583548E+01
  4.590459E+00    1.686973E+02    2.593470E+01
  4.620462E+00    1.714318E+02    2.603288E+01
  4.650465E+00    1.741893E+02    2.613004E+01
  4.680468E+00    1.769697E+02    2.622618E+01
  4.710471E+00    1.797732E+02    2.632131E+01
  4.740474E+00    1.825996E+02    2.641547E+01
  4.770477E+00    1.854490E+02    2.650864E+01
  4.800480E+00    1.883214E+02    2.660086E+01
  4.830483E+00    1.912168E+02    2.669212E+01
  4.860486E+00    1.941351E+02    2.678245E+01
  4.890489E+00    1.970764E+02    2.687186E+01
  4.920492E+00    2.000407E+02    2.696035E+01
  4.950495E+00    2.030280E+02    2.704794E+01
  4.980498E+00    2.060382E+02    2.713465E+01
  5.010501E+00    2.090715E+02    2.722048E+01
  5.040504E+00    2.121277E+02    2.730544E+01
  5.070507E+00    2.152068E+02    2.738955E+01
  5.100510E+00    2.183090E+02    2.747281E+01
  5.130513E+00    2.214341E+02    2.755525E+01
  5.160516E+00    2.245823E+02    2.763687E+01
  5.190519E+00    2.277534E+02    2.771767E+01
  5.220522E+00    2.309474E+02    2.779768E+01
  5.250525E+00    2.341645E+02    2.787689E+01
  5.280528E+00    2.374045E+02    2.795533E+01
  5.310531E+00    2.406675E+02    2.803300E+01
  5.340534E+00    2.439535E+02    2.810992E+01
  5.370537E+00    2.472625E+02    2.818608E+01
  5.400540E+00    2.505944E+02    2.826151E+01
  5.430543E+00    2.539493E+02    2.833620E+01
  5.460546E+00    2.573272E+02    2.841018E+01
  5.490549E+00    2.607281E+02    2.848345E+01
  5.520552E+00    2.641519E+02    2.855601E+01
  5.550555E+00    2.675988E+02    2.862789E+01
  5.580558E+00    2.710686E+02    2.869908E+01
  5.610561E+00    2.745613E+02    2.876959E+01
  5.640564E+00    2.780771E+02    2.883944E+01
  5.670567E+00    2.816159E+02    2.890864E+01
  5.700570E+00    2.851776E+02    2.897718E+01
  5.730573E+00    2.887623E+02    2.904508E+01
  5.760576E+00    2.923699E+02    2.911235E+01
  5.790579E+00    2.960006E+02    2.917900E+01
  5.820582E+00    2.996542E+02    2.924503E+01
  5.850585E+00    3.033308E+02    2.931045E+01
  5.880588E+00    3.070304E+02    2.937527E+01
  5.910591E+00    3.107530E+02    2.943950E+01
  5.940594E+00    3.144985E+02    2.950314E+01
  5.970597E+00    3.182670E+02    2.956620E+01
  6.000600E+00    3.220585E+02    2.962869E+01
  6.030603E+00    3.258730E+02    2.969061E+01
  6.060606E+00    3.297105E+02    2.975198E+01
  6.090609E+00    3.335709E+02    2.981280E+01
  6.120612E+00    3.374543E+02    2.987307E+01
  6.150615E+00    3.413607E+02    2.993281E+01
  6.180618E+00    3.452900E+02    2.999201E+01
  6.210621E+00    3.492424E+02    3.005069E+01
  6.240624E+00    3.532177E+02    3.010886E+01
  6.270627E+00    3.572160E+02    3.016651E+01
  6.300630E+00    3.612373E+02    3.022366E+01
  6.330633E+00    3.652815E+02    3.028031E+01
  6.360636E+00    3.693488E+02    3.033647E+01
  6.390639E+00    3.734390E+02    3.039214E+01
  6.420642E+00    3.775522E+02    3.044733E+01
  6.450645E+00    3.816883E+02    3.050204E+01
  6.480648E+00    3.858475E+02    3.055628E+01
  6.510651E+00    3.900296E+02    3.061006E+01
  6.540654E+00    3.942347E+02    3.066339E+01
  6.570657E+00    3.984628E+02    3.071626E+01
  6.600660E+00    4.027138E+02    3.076868E+01
  6.630663E+00    4.069878E+02    3.082066E+01
  6.660666E+00    4.112848E+02    3.087220E+01
  6.690669E+00    4.156048E+02    3.092331E+01
  6.720672E+00    4.199478E+02    3.097399E+01
  6.750675E+00    4.243137E+02    3.102426E+01
  6.780678E+00    4.287027E+02    3.107410E+01
  6.810681E+00    4.331146E+02    3.112353E+01
  6.840684E+00    4.375494E+02    3.117256E+01
  6.870687E+00    4.420073E+02    3.122118E+01
  6.900690E+00    4.464881E+02    3.126941E+01
  6.930693E+00    4.509919E+02    3.131724E+01
  6.960696E+00    4.555187E+02    3.136469E+01
  6.990699E+00    4.600685E+02    3.141175E+01
  7.020702E+00    4.646412E+02    3.145843E+01
  7.050705E+00    4.692370E+02    3.150473E+01
  7.080708E+00    4.738557E+02    3.155066E+01
  7.110711E+00    4.784973E+02    3.159623E+01
  7.140714E+00    4.831620E+02    3.164143E+01
  7.170717E+00    4.878496E+02    3.168628E+01
  7.200720E+00    4.925602E+02    3.173076E+01
  7.230723E+00    4.972938E+02    3.177490E+01
  7.260726E+00    5.020504E+02    3.181869E+01
  7.290729E+00    5.068299E+02    3.186214E+01
  7.320732E+00    5.116324E+02    3.190525E+01
  7.350735E+00    5.164579E+02    3.194802E+01
  7.380738E+00    5.213064E+02    3.199047E+01
  7.410741E+00    5.261779E+02    3.203258E+01
  7.440744E+00    5.310723E+02    3.207437E+01
  7.470747E+00    5.359897E+02    3.211584E+01
  7.500750E+00    5.409301E+02    3.215699E+01
  7.530753E+00    5.458935E+02    3.219782E+01
  7.560756E+00    5.508798E+02    3.223835E+01
  7.590759E+00    5.558892E+02    3.227857E+01
  7.620762E+00    5.609215E+02    3.231848E+01
  7.650765E+00    5.659767E+02    3.235810E+01
  7.680768E+00    5.710550E+02    3.239741E+01
  7.710771E+00    5.761562E+02    3.243643E+01
  7.740774E+00    5.812804E+02    3.247517E+01
  7.770777E+00    5.864276E+02    3.251361E+01
  7.800780E+00    5.915978E+02    3.255177E+01
  7.830783E+00    5.967909E+02    3.258964E+01
  7.860786E+00    6.020071E+02    3.262724E+01
  7.890789E+00    6.072462E+02    3.266456E+01
  7.920792E+00    6.125082E+02    3.270161E+01
  7.950795E+00    6.177933E+02    3.273839E+01
  7.980798E+00    6.231013E+02    3.277490E+01
  8.010801E+00    6.284323E+02    3.281115E+01
  8.040804E+00    6.337863E+02    3.284713E+01
  8.070807E+00    6.391633E+02    3.288285E+01
  8.100810E+00    6.445632E+02    3.291832E+01
  8.130813E+00    6.499862E+02    3.295354E+01
  8.160816E+00    6.554321E+02    3.298850E+01
  8.190819E+00    6.609010E+02    3.302321E+01
  8.220822E+00    6.663928E+02    3.305768E+01
  8.250825E+00    6.719076E+02    3.309191E+01
  8.280828E+00    6.774455E+02    3.312589E+01
  8.310831E+00    6.830063E+02    3.315963E+01
  8.340834E+00    6.885900E+02    3.319314E+01
  8.370837E+00    6.941968E+02    3.322642E+01
  8.400840E+00    6.998265E+02    3.325946E+01
  8.430843E+00    7.054792E+02    3.329227E+01
  8.460846E+00    7.111549E+02    3.332486E+01
  8.490849E+00    7.168535E+02    3.335722E+01
  8.520852E+00    7.225752E+02    3.338936E+01
  8.550855E+00    7.283198E+02    3.342128E+01
  8.580858E+00    7.340874E+02    3.345298E+01
  8.610861E+00    7.398779E+02    3.348447E+01
  8.640864E+00    7.456915E+02    3.351574E+01
  8.670867E+00    7.515280E+02    3.354680E+01
  8.700870E+00    7.573875E+02    3.357765E+01
  8.730873E+00    7.632700E+02    3.360829E+01
  8.760876E+00    7.691755E+02    3.363872E+01
  8.790879E+00    7.751039E+02    3.366896E+01
  8.820882E+00    7.810553E+02    3.369899E+01
  8.850885E+00    7.870297E+02    3.372882E+01
  8.880888E+00    7.930271E+02    3.375845E+01
  8.910891E+00    7.990474E+02    3.378789E+01
  8.940894E+00    8.050907E+02    3.381713E+01
  8.970897E+00    8.111571E+02    3.384618E+01
  9.000900E+00    8.172463E+02    3.387504E+01
  9.030903E+00    8.233586E+02    3.390372E+01
  9.060906E+00    8.294938E+02    3.393220E+01
  9.090909E+00    8.356520E+02    3.396050E+01
  9.120912E+00    8.418332E+02    3.398862E+01
  9.150915E+00    8.480374E+02    3.401656E+01
  9.180918E+00    8.542646E+02    3.404431E+01
  9.210921E+00    8.605147E+02    3.407189E+01
  9.240924E+00    8.667878E+02    3.409929E+01
  9.270927E+00    8.730839E+02    3.412652E+01
  9.300930E+00    8.794029E+02    3.415357E+01
  9.330933E+00    8.857450E+02    3.418045E+01
  9.360936E+00    8.921100E+02    3.420716E+01
  9.390939E+00    8.984980E+02    3.423370E+01
  9.420942E+00    9.049090E+02    3.426008E+01
  9.450945E+00    9.113429E+02    3.428629E+01
  9.480948E+00    9.177998E+02    3.431233E+01
  9.510951E+00    9.242797E+02    3.433822E+01
  9.540954E+00    9.307826E+02    3.436394E+01
  9.570957E+00    9.373085E+02    3.438950E+01
  9.600960E+00    9.438573E+02    3.441491E+01
  9.630963E+00    9.504291E+02    3.444016E+01
  9.660966E+00    9.570239E+02    3.446525E+01
  9.690969E+00    9.636417E+02    3.449019E+01
  9.720972E+00    9.702825E+02    3.451497E+01
  9.750975E+00    9.769462E+02    3.453961E+01
  9.780978E+00    9.836329E+02    3.456409E+01
  9.810981E+00    9.903426E+02    3.458843E+01
  9.840984E+00    9.970752E+02    3.461262E+01
  9.870987E+00    1.003831E+03    3.463666E+01
  9.900990E+00    1.010609E+03    3.466056E+01
  9.930993E+00    1.017411E+03    3.468432E+01
  9.960996E+00    1.024236E+03    3.470793E+01
  9.990999E+00    1.031083E+03    3.473141E+01
  1.002100E+01    1.037954E+03    3.475474E+01
  1.005101E+01    1.044847E+03    3.477793E+01
  1.008101E+01    1.051764E+03    3.480099E+01
  1.011101E+01    1.058703E+03    3.482391E+01
  1.014101E+01    1.065666E+03    3.484670E+01
  1.017102E+01    1.072651E+03    3.486935E+01
  1.020102E+01    1.079659E+03    3.489187E+01
  1.023102E+01    1.086691E+03    3.491426E+01
  1.026103E+01    1.093745E+03    3.493652E+01
  1.029103E+01    1.100823E+03    3.495865E+01
  1.032103E+01    1.107923E+03    3.498065E+01
  1.035104E+01    1.115046E+03    3.500252E+01
  1.038104E+01    1.122192E+03    3.502427E+01
  1.041104E+01    1.129362E+03    3.504589E+01
  1.044104E+01    1.136554E+03    3.506739E+01
  1.047105E+01    1.143769E+03    3.508877E+01
  1.050105E+01    1.151007E+03    3.511002E+01
  1.053105E+01    1.158268E+03    3.513115E+01
  1.056106E+01    1.165552E+03    3.515217E+01
  1.059106E+01    1.172860E+03    3.517306E+01
  1.062106E+01    1.180190E+03    3.519384E+01
  1.065107E+01    1.187543E+03    3.521450E+01
  1.068107E+01    1.194919E+03    3.523504E+01
  1.071107E+01    1.202318E+03    3.525547E+01
  1.074107E+01    1.209740E+03    3.527579E+01
  1.077108E+01    1.217185E+03    3.529599E+01
  1.080108E+01    1.224653E+03    3.531608E+01
  1.083108E+01    1.232144E+03    3.533606E+01
  1.086109E+01    1.239658E+03    3.535593E+01
  1.089109E+01    1.247194E+03    3.537569E+01
  1.092109E+01    1.254754E+03    3.539534E+01
  1.095110E+01    1.262337E+03    3.541488E+01
  1.098110E+01    1.269943E+03    3.543432E+01
  1.101110E+01    1.277572E+03    3.545365E+01
  1.104110E+01    1.285224E+03    3.547287E+01
  1.107111E+01    1.292898E+03    3.549199E+01
  1.110111E+01    1.300596E+03    3.551101E+01
  1.113111E+01    1.308317E+03    3.552992E+01
  1.116112E+01    1.316060E+03    3.554873E+01
  1.119112E+01    1.323827E+03    3.556745E+01
  1.122112E+01    1.331617E+03    3.558606E+01
  1.125113E+01    1.339429E+03    3.560457E+01
  1.128113E+01    1.347265E+03    3.562298E+01
  1.131113E+01    1.355124E+03    3.564130E+01
  1.134113E+01    1.363005E+03    3.565951E+01
  1.137114E+01    1.370910E+03    3.567763E+01
  1.140114E+01    1.378837E+03    3.569566E+01
  1.143114E+01    1.386788E+03    3.571359E+01
  1.146115E+01    1.394761E+03    3.573143E+01
  1.149115E+01    1.402758E+03    3.574917E+01
  1.152115E+01    1.410777E+03    3.576682E+01
  1.155116E+01    1.418819E+03    3.578438E+01
  1.158116E+01    1.426885E+03    3.580185E+01
  1.161116E+01    1.434973E+03    3.581922E+01
  1.164116E+01    1.443084E+03    3.583651E+01
  1.167117E+01    1.451219E+03    3.585371E+01
  1.170117E+01    1.459376E+03    3.587082E+01
  1.173117E+01    1.467556E+03    3.588784E+01
  1.176118E+01    1.475760E+03    3.590477E+01
  1.179118E+01    1.483986E+03    3.592162E+01
  1.182118E+01    1.492235E+03    3.593838E+01
  1.185119E+01    1.500507E+03    3.595505E+01
  1.188119E+01    1.508802E+03    3.597165E+01
  1.191119E+01    1.517120E+03    3.598815E+01
  1.194119E+01    1.525462E+03    3.600458E+01
  1.197120E+01    1.533826E+03    3.602092E+01
  1.200120E+01    1.542213E+03    3.603718E+01
  1.203120E+01    1.550623E+03    3.605335E+01
  1.206121E+01    1.559056E+03    3.606945E+01
  1.209121E+01    1.567512E+03    3.608546E+01
  1.212121E+01    1.575991E+03    3.610140E+01
  1.215122E+01    1.584493E+03    3.611726E+01
  1.218122E+01    1.593018E+03    3.613304E+01
  1.221122E+01    1.601566E+03    3.614874E+01
  1.224122E+01    1.610136E+03    3.616436E+01
  1.227123E+01    1.618730E+03    3.617990E+01
  1.230123E+01    1.627347E+03    3.619537E+01
  1.233123E+01    1.635987E+03    3.621077E+01
  1.236124E+01    1.644650E+03    3.622609E+01
  1.239124E+01    1.653336E+03    3.624133E+01
  1.242124E+01    1.662044E+03    3.625650E+01
  1.245125E+01    1.670776E+03    3.627159E+01
  1.248125E+01    1.679531E+03    3.628662E+01
  1.251125E+01    1.688308E+03    3.630157E+01
  1.254125E+01    1.697109E+03    3.631644E+01
  1.257126E+01    1.705933E+03    3.633125E+01
  1.260126E+01    1.714779E+03    3.634599E+01
  1.263126E+01    1.723649E+03    3.636065E+01
  1.266127E+01    1.732542E+03    3.637525E+01
  1.269127E+01    1.741457E+03    3.638977E+01
  1.272127E+01    1.750396E+03    3.640423E+01
  1.275128E+01    1.759357E+03    3.641861E+01
  1.278128E+01    1.768342E+03    3.643293E+01
  1.281128E+01    1.777349E+03    3.644718E+01
  1.284128E+01    1.786380E+03    3.646137E+01
  1.287129E+01    1.795433E+03    3.647549E+01
  1.290129E+01    1.804509E+03    3.648954E+01
  1.293129E+01    1.813609E+03    3.650352E+01
  1.296130E+01    1.822731E+03    3.651744E+01
  1.299130E+01    1.831876E+03    3.653130E+01
  1.302130E+01    1.841045E+03    3.654509E+01
  1.305131E+01    1.850236E+03    3.655882E+01
  1.308131E+01    1.859450E+03    3.657248E+01
  1.311131E+01    1.868688E+03    3.658608E+01
  1.314131E+01    1.877948E+03    3.659962E+01
  1.317132E+01    1.887231E+03    3.661309E+01
  1.320132E+01    1.896537E+03    3.662651E+01
  1.323132E+01    1.905866E+03    3.663986E+01
  1.326133E+01    1.915218E+03    3.665315E+01
  1.329133E+01    1.924594E+03    3.666638E+01
  1.332133E+01    1.933992E+03    3.667955E+01
  1.335134E+01    1.943413E+03    3.669266E+01
  1.338134E+01    1.952857E+03    3.670571E+01
  1.341134E+01    1.962324E+03    3.671870E+01
  1.344134E+01    1.971814E+03    3.673163E+01
  1.347135E+01    1.981327E+03    3.674451E+01
  1.350135E+01    1.990863E+03    3.675733E+01
  1.353135E+01    2.000422E+03    3.677009E+01
  1.356136E+01    2.010004E+03    3.678279E+01
  1.359136E+01    2.019609E+03    3.679543E+01
  1.362136E+01    2.029236E+03    3.680802E+01
  1.365137E+01    2.038887E+03    3.682056E+01
  1.368137E+01    2.048561E+03    3.683304E+01
  1.371137E+01    2.058258E+03    3.684546E+01
  1.374137E+01    2.067978E+03    3.685783E+01
  1.377138E+01    2.077720E+03    3.687014E+01
  1.380138E+01    2.087486E+03    3.688240E+01
  1.383138E+01    2.097275E+03    3.689460E+01
  1.386139E+01    2.107087E+03    3.690676E+01
  1.389139E+01    2.116921E+03    3.691885E+01
  1.392139E+01    2.126779E+03    3.693090E+01
  1.395140E+01    2.136660E+03    3.694289E+01
  1.398140E+01    2.146563E+03    3.695484E+01
  1.401140E+01    2.156490E+03    3.696673E+01
  1.404140E+01    2.166439E+03    3.697856E+01
  1.407141E+01    2.176412E+03    3.699035E+01
  1.410141E+01    2.186407E+03    3.700209E+01
  1.413141E+01    2.196426E+03    3.701377E+01
  1.416142E+01    2.206467E+03    3.702541E+01
  1.419142E+01    2.216532E+03    3.703700E+01
  1.422142E+01    2.226619E+03    3.704853E+01
  1.425143E+01    2.236730E+03    3.706002E+01
  1.428143E+01    2.246863E+03    3.707146E+01
  1.431143E+01    2.257019E+03    3.708285E+01
  1.434143E+01    2.267199E+03    3.709419E+01
  1.437144E+01    2.277401E+03    3.710548E+01
  1.440144E+01    2.287626E+03    3.711673E+01
  1.443144E+01    2.297875E+03    3.712793E+01
  1.446145E+01    2.308146E+03    3.713908E+01
  1.449145E+01    2.318440E+03    3.715019E+01
  1.452145E+01    2.328757E+03    3.716124E+01
  1.455146E+01    2.339097E+03    3.717226E+01
  1.458146E+01    2.349461E+03    3.718322E+01
  1.461146E+01    2.359847E+03    3.719414E+01
  1.464146E+01    2.370256E+03    3.720502E+01
  1.467147E+01    2.380688E+03    3.721585E+01
  1.470147E+01    2.391143E+03    3.722663E+01
  1.473147E+01    2.401621E+03    3.723737E+01
  1.476148E+01    2.412122E+03    3.724807E+01
  1.479148E+01    2.422646E+03    3.725872E+01
  1.482148E+01    2.433193E+03    3.726933E+01
  1.485149E+01    2.443763E+03    3.727990E+01
  1.488149E+01    2.454356E+03    3.729042E+01
  1.491149E+01    2.464972E+03    3.730090E+01
  1.494149E+01    2.475611E+03    3.731134E+01
  1.497150E+01    2.486273E+03    3.732173E+01
  1.500150E+01    2.496958E+03    3.733208E+01
  1.503150E+01    2.507665E+03    3.734239E+01
  1.506151E+01    2.518396E+03    3.735266E+01
  1.509151E+01    2.529150E+03    3.736289E+01
  1.512151E+01    2.539927E+03    3.737308E+01
  1.515152E+01    2.550726E+03    3.738322E+01
  1.518152E+01    2.561549E+03    3.739333E+01
  1.521152E+01    2.572395E+03    3.740339E+01
  1.524152E+01    2.583264E+03    3.741341E+01
  1.527153E+01    2.594155E+03    3.742340E+01
  1.530153E+01    2.605070E+03    3.743334E+01
  1.533153E+01    2.616007E+03    3.744325E+01
  1.536154E+01    2.626968E+03    3.745311E+01
  1.539154E+01    2.637952E+03    3.746294E+01
  1.542154E+01    2.648958E+03    3.747273E+01
  1.545155E+01    2.659988E+03    3.748248E+01
  1.548155E+01    2.671040E+03    3.749219E+01
  1.551155E+01    2.682116E+03    3.750186E+01
  1.554155E+01    2.693214E+03    3.751149E+01
  1.557156E+01    2.704336E+03    3.752109E+01
  1.560156E+01    2.715480E+03    3.753065E+01
  1.563156E+01    2.726647E+03    3.754017E+01
  1.566157E+01    2.737838E+03    3.754966E+01
  1.569157E+01    2.749051E+03    3.755911E+01
  1.572157E+01    2.760287E+03    3.756852E+01
  1.575158E+01    2.771547E+03    3.757789E+01
  1.578158E+01    2.782829E+03    3.758723E+01
  1.581158E+01    2.794134E+03    3.759654E+01
  1.584158E+01    2.805462E+03    3.760581E+01
  1.587159E+01    2.816814E+03    3.761504E+01
  1.590159E+01    2.828188E+03    3.762423E+01
  1.593159E+01    2.839585E+03    3.763340E+01
  1.596160E+01    2.851005E+03    3.764252E+01
  1.599160E+01    2.862448E+03    3.765161E+01
  1.602160E+01    2.873914E+03    3.766067E+01
  1.605161E+01    2.885403E+03    3.766969E+01
  1.608161E+01    2.896915E+03    3.767868E+01
  1.611161E+01    2.908451E+03    3.768764E+01
  1.614161E+01    2.920009E+03    3.769656E+01
  1.617162E+01    2.931590E+03    3.770545E+01
  1.620162E+01    2.943193E+03    3.771430E+01
  1.623162E+01    2.954820E+03    3.772312E+01
  1.626163E+01    2.966470E+03    3.773191E+01
  1.629163E+01    2.978143E+03    3.774066E+01
  1.632163E+01    2.989839E+03    3.774938E+01
  1.635164E+01    3.001558E+03    3.775807E+01
  1.638164E+01    3.013300E+03    3.776673E+01
  1.641164E+01    3.025065E+03    3.777536E+01
  1.644164E+01    3.036852E+03    3.778395E+01
  1.647165E+01    3.048663E+03    3.779251E+01
  1.650165E+01    3.060497E+03    3.780104E+01
  1.653165E+01    3.072354E+03    3.780954E+01
  1.656166E+01    3.084233E+03    3.781801E+01
  1.659166E+01    3.096136E+03    3.782644E+01
  1.662166E+01    3.108062E+03    3.783485E+01
  1.665167E+01    3.120010E+03    3.784322E+01
  1.668167E+01    3.131982E+03    3.785156E+01
  1.671167E+01    3.143977E+03    3.785988E+01
  1.674167E+01    3.155994E+03    3.786816E+01
  1.677168E+01    3.168035E+03    3.787641E+01
  1.680168E+01    3.180098E+03    3.788464E+01
  1.683168E+01    3.192185E+03    3.789283E+01
  1.686169E+01    3.204294E+03    3.790099E+01
  1.689169E+01    3.216427E+03    3.790913E+01
  1.692169E+01    3.228582E+03    3.791723E+01
  1.695170E+01    3.240760E+03    3.792531E+01
  1.698170E+01    3.252962E+03    3.793335E+01
  1.701170E+01    3.265186E+03    3.794137E+01
  1.704170E+01    3.277434E+03    3.794936E+01
  1.707171E+01    3.289704E+03    3.795732E+01
  1.710171E+01    3.301997E+03    3.796525E+01
  1.713171E+01    3.314313E+03    3.797315E+01
  1.716172E+01    3.326653E+03    3.798103E+01
  1.719172E+01    3.339015E+03    3.798888E+01
  1.722172E+01    3.351400E+03    3.799670E+01
  1.725173E+01    3.363808E+03    3.800449E+01
  1.728173E+01    3.376240E+03    3.801226E+01
  1.731173E+01    3.388694E+03    3.801999E+01
  1.734173E+01    3.401171E+03    3.802770E+01
  1.737174E+01    3.413671E+03    3.803539E+01
  1.740174E+01    3.426194E+03    3.804304E+01
  1.743174E+01    3.438740E+03    3.805067E+01
  1.746175E+01    3.451309E+03    3.805827E+01
  1.749175E+01    3.463901E+03    3.806585E+01
  1.752175E+01    3.476516E+03    3.807340E+01
  1.755176E+01    3.489154E+03    3.808092E+01
  1.758176E+01    3.501815E+03    3.808842E+01
  1.761176E+01    3.514499E+03    3.809589E+01
  1.764176E+01    3.527206E+03    3.810334E+01
  1.767177E+01    3.539936E+03    3.811076E+01
  1.770177E+01    3.552689E+03    3.811815E+01
  1.773177E+01    3.565464E+03    3.812552E+01
  1.776178E+01    3.578263E+03    3.813287E+01
  1.779178E+01    3.591085E+03    3.814018E+01
  1.782178E+01    3.603930E+03    3.814748E+01
  1.785179E+01    3.616798E+03    3.815475E+01
  1.788179E+01    3.629688E+03    3.816199E+01
  1.791179E+01    3.642602E+03    3.816921E+01
  1.794179E+01    3.655539E+03    3.817640E+01
  1.797180E+01    3.668498E+03    3.818357E+01
  1.800180E+01    3.681481E+03    3.819072E+01
  1.803180E+01    3.694487E+03    3.819784E+01
  1.806181E+01    3.707515E+03    3.820494E+01
  1.809181E+01    3.720567E+03    3.821201E+01
  1.812181E+01    3.733641E+03    3.821906E+01
  1.815182E+01    3.746739E+03    3.822609E+01
  1.818182E+01    3.759859E+03    3.823309E+01
  1.821182E+01    3.773003E+03    3.824007E+01
  1.824182E+01    3.786169E+03    3.824703E+01
  1.827183E+01    3.799359E+03    3.825396E+01
  1.830183E+01    3.812571E+03    3.826087E+01
  1.833183E+01    3.825806E+03    3.826775E+01
  1.836184E+01    3.839065E+03    3.827462E+01
  1.839184E+01    3.852346E+03    3.828146E+01
  1.842184E+01    3.865651E+03    3.828828E+01
  1.845185E+01    3.878978E+03    3.829507E+01
  1.848185E+01    3.892328E+03    3.830184E+01
  1.851185E+01    3.905701E+03    3.830860E+01
  1.854185E+01    3.919098E+03    3.831532E+01
  1.857186E+01    3.932517E+03    3.832203E+01
  1.860186E+01    3.945959E+03    3.832871E+01
  1.863186E+01    3.959424E+03    3.833538E+01
  1.866187E+01    3.972912E+03    3.834202E+01
  1.869187E+01    3.986423E+03    3.834864E+01
  1.872187E+01    3.999958E+03    3.835523E+01
  1.875188E+01    4.013515E+03    3.836181E+01
  1.878188E+01    4.027095E+03    3.836837E+01
  1.881188E+01    4.040698E+03    3.837490E+01
  1.884188E+01    4.054324E+03    3.838141E+01
  1.887189E+01    4.067973E+03    3.838790E+01
  1.890189E+01    4.081645E+03    3.839437E+01
  1.893189E+01    4.095340E+03    3.840082E+01
  1.896190E+01    4.109058E+03    3.840725E+01
  1.899190E+01    4.122799E+03    3.841366E+01
  1.902190E+01    4.136562E+03    3.842004E+01
  1.905191E+01    4.150349E+03    3.842641E+01
  1.908191E+01    4.164159E+03    3.843276E+01
  1.911191E+01    4.177992E+03    3.843908E+01
  1.914191E+01    4.191848E+03    3.844539E+01
  1.917192E+01    4.205727E+03    3.845168E+01
  1.920192E+01    4.219628E+03    3.845794E+01
  1.923192E+01    4.233553E+03    3.846419E+01
  1.926193E+01    4.247501E+03    3.847041E+01
  1.929193E+01    4.261471E+03    3.847662E+01
  1.932193E+01    4.275465E+03    3.848281E+01
  1.935194E+01    4.289482E+03    3.848897E+01
  1.938194E+01    4.303521E+03    3.849512E+01
  1.941194E+01    4.317584E+03    3.850125E+01
  1.944194E+01    4.331669E+03    3.850736E+01
  1.947195E+01    4.345778E+03    3.851345E+01
  1.950195E+01    4.359910E+03    3.851952E+01
  1.953195E+01    4.374064E+03    3.852557E+01
  1.956196E+01    4.388242E+03    3.853161E+01
  1.959196E+01    4.402442E+03    3.853762E+01
  1.962196E+01    4.416665E+03    3.854362E+01
  1.965197E+01    4.430912E+03    3.854960E+01
  1.968197E+01    4.445181E+03    3.855555E+01
  1.971197E+01    4.459474E+03    3.856149E+01
  1.974197E+01    4.473789E+03    3.856742E+01
  1.977198E+01    4.488127E+03    3.857332E+01
  1.980198E+01    4.502489E+03    3.857920E+01
  1.983198E+01    4.516873E+03    3.858507E+01
  1.986199E+01    4.531280E+03    3.859092E+01
  1.989199E+01    4.545710E+03    3.859675E+01
  1.992199E+01    4.560164E+03    3.860257E+01
  1.995200E+01    4.574640E+03    3.860836E+01
  1.998200E+01    4.589139E+03    3.861414E+01
  2.001200E+01    4.603661E+03    3.861990E+01
  2.004200E+01    4.618206E+03    3.862564E+01
  2.007201E+01    4.632774E+03    3.863137E+01
  2.010201E+01    4.647366E+03    3.863707E+01
  2.013201E+01    4.661980E+03    3.864277E+01
  2.016202E+01    4.676617E+03    3.864844E+01
  2.019202E+01    4.691277E+03    3.865409E+01
  2.022202E+01    4.705960E+03    3.865973E+01
  2.025203E+01    4.720666E+03    3.866536E+01
  2.028203E+01    4.735395E+03    3.867096E+01
  2.031203E+01    4.750147E+03    3.867655E+01
  2.034203E+01    4.764921E+03    3.868212E+01
  2.037204E+01    4.779719E+03    3.868767E+01
  2.040204E+01    4.794540E+03    3.869321E+01
  2.043204E+01    4.809384E+03    3.869873E+01
  2.046205E+01    4.824251E+03    3.870424E+01
  2.049205E+01    4.839141E+03    3.870973E+01
  2.052205E+01    4.854053E+03    3.871520E+01
  2.055206E+01    4.868989E+03    3.872066E+01
  2.058206E+01    4.883948E+03    3.872610E+01
  2.061206E+01    4.898930E+03    3.873152E+01
  2.064206E+01    4.913934E+03    3.873693E+01
  2.067207E+01    4.928962E+03    3.874232E+01
  2.070207E+01    4.944013E+03    3.874770E+01
  2.073207E+01    4.959086E+03    3.875306E+01
  2.076208E+01    4.974183E+03    3.875840E+01
  2.079208E+01    4.989302E+03    3.876373E+01
  2.082208E+01    5.004445E+03    3.876904E+01
  2.085209E+01    5.019611E+03    3.877434E+01
  2.088209E+01    5.034799E+03    3.877962E+01
  2.091209E+01    5.050011E+03    3.878489E+01
  2.094209E+01    5.065245E+03    3.879014E+01
  2.097210E+01    5.080502E+03    3.879537E+01
  2.100210E+01    5.095783E+03    3.880059E+01
  2.103210E+01    5.111086E+03    3.880580E+01
  2.106211E+01    5.126413E+03    3.881099E+01
  2.109211E+01    5.141762E+03    3.881617E+01
  2.112211E+01    5.157134E+03    3.882133E+01
  2.115212E+01    5.172530E+03    3.882647E+01
  2.118212E+01    5.187948E+03    3.883160E+01
  2.121212E+01    5.203389E+03    3.883672E+01
  2.124212E+01    5.218853E+03    3.884182E+01
  2.127213E+01    5.234341E+03    3.884691E+01
  2.130213E+01    5.249851E+03    3.885198E+01
  2.133213E+01    5.265384E+03    3.885704E+01
  2.136214E+01    5.280940E+03    3.886208E+01
  2.139214E+01    5.296519E+03    3.886711E+01
  2.142214E+01    5.312121E+03    3.887212E+01
  2.145215E+01    5.327747E+03    3.887712E+01
  2.148215E+01    5.343395E+03    3.888211E+01
  2.151215E+01    5.359066E+03    3.888708E+01
  2.154215E+01    5.374760E+03    3.889204E+01
  2.157216E+01    5.390477E+03    3.889698E+01
  2.160216E+01    5.406217E+03    3.890191E+01
  2.163216E+01    5.421980E+03    3.890682E+01
  2.166217E+01    5.437766E+03    3.891173E+01
  2.169217E+01    5.453574E+03    3.891661E+01
  2.172217E+01    5.469406E+03    3.892149E+01
  2.175218E+01    5.485261E+03    3.892635E+01
  2.178218E+01    5.501139E+03    3.893119E+01
  2.181218E+01    5.517040E+03    3.893603E+01
  2.184218E+01    5.532964E+03    3.894085E+01
  2.187219E+01    5.548910E+03    3.894565E+01
  2.190219E+01    5.564880E+03    3.895045E+01
  2.193219E+01    5.580873E+03    3.895523E+01
  2.196220E+01    5.596889E+03    3.895999E+01
  2.199220E+01    5.612927E+03    3.896475E+01
  2.202220E+01    5.628989E+03    3.896949E+01
  2.205221E+01    5.645074E+03    3.897421E+01
  2.208221E+01    5.661181E+03    3.897893E+01
  2.211221E+01    5.677312E+03    3.898363E+01
  2.214221E+01    5.693466E+03    3.898831E+01
  2.217222E+01    5.709642E+03    3.899299E+01
  2.220222E+01    5.725842E+03    3.899765E+01
  2.223222E+01    5.742064E+03    3.900230E+01
  2.226223E+01    5.758310E+03    3.900694E+01
  2.229223E+01    5.774578E+03    3.901156E+01
  2.232223E+01    5.790870E+03    3.901617E+01
  2.235224E+01    5.807184E+03    3.902077E+01
  2.238224E+01    5.823521E+03    3.902535E+01
  2.241224E+01    5.839882E+03    3.902993E+01
  2.244224E+01    5.856265E+03    3.903449E+01
  2.247225E+01    5.872671E+03    3.903904E+01
  2.250225E+01    5.889101E+03    3.904357E+01
  2.253225E+01    5.905553E+03    3.904810E+01
  2.256226E+01    5.922028E+03    3.905261E+01
  2.259226E+01    5.938527E+03    3.905711E+01
  2.262226E+01    5.955048E+03    3.906160E+01
  2.265227E+01    5.971592E+03    3.906607E+01
  2.268227E+01    5.988159E+03    3.907053E+01
  2.271227E+01    6.004749E+03    3.907498E+01
  2.274227E+01    6.021362E+03    3.907942E+01
  2.277228E+01    6.037999E+03    3.908385E+01
  2.280228E+01    6.054658E+03    3.908827E+01
  2.283228E+01    6.071340E+03    3.909267E+01
  2.286229E+01    6.088045E+03    3.909706E+01
  2.289229E+01    6.104773E+03    3.910144E+01
  2.292229E+01    6.121524E+03    3.910581E+01
  2.295230E+01    6.138298E+03    3.911017E+01
  2.298230E+01    6.155095E+03    3.911451E+01
  2.301230E+01    6.171915E+03    3.911885E+01
  2.304230E+01    6.188758E+03    3.912317E+01
  2.307231E+01    6.205624E+03    3.912748E+01
  2.310231E+01    6.222512E+03    3.913178E+01
  2.313231E+01    6.239424E+03    3.913607E+01
  2.316232E+01    6.256359E+03    3.914034E+01
  2.319232E+01    6.273317E+03    3.914461E+01
  2.322232E+01    6.290298E+03    3.914886E+01
  2.325233E+01    6.307301E+03    3.915311E+01
  2.328233E+01    6.324328E+03    3.915734E+01
  2.331233E+01    6.341378E+03    3.916156E+01
  2.334233E+01    6.358451E+03    3.916577E+01
  2.337234E+01    6.375546E+03    3.916997E+01
  2.340234E+01    6.392665E+03    3.917415E+01
  2.343234E+01    6.409807E+03    3.917833E+01
  2.346235E+01    6.426971E+03    3.918250E+01
  2.349235E+01    6.444159E+03    3.918665E+01
  2.352235E+01    6.461369E+03    3.919080E+01
  2.355236E+01    6.478603E+03    3.919493E+01
  2.358236E+01    6.495859E+03    3.919905E+01
  2.361236E+01    6.513139E+03    3.920317E+01
  2.364236E+01    6.530441E+03    3.920727E+01
  2.367237E+01    6.547767E+03    3.921136E+01
  2.370237E+01    6.565115E+03    3.921544E+01
  2.373237E+01    6.582487E+03    3.921951E+01
  2.376238E+01    6.599881E+03    3.922357E+01
  2.379238E+01    6.617298E+03    3.922762E+01
  2.382238E+01    6.634739E+03    3.923166E+01
  2.385239E+01    6.652202E+03    3.923569E+01
  2.388239E+01    6.669688E+03    3.923970E+01
  2.391239E+01    6.687198E+03    3.924371E+01
  2.394239E+01    6.704730E+03    3.924771E+01
  2.397240E+01    6.722285E+03    3.925170E+01
  2.400240E+01    6.739863E+03    3.925567E+01
  2.403240E+01    6.757464E+03    3.925964E+01
  2.406241E+01    6.775089E+03    3.926360E+01
  2.409241E+01    6.792736E+03    3.926755E+01
  2.412241E+01    6.810406E+03    3.927148E+01
  2.415242E+01    6.828099E+03    3.927541E+01
  2.418242E+01    6.845815E+03    3.927933E+01
  2.421242E+01    6.863554E+03    3.928323E+01
  2.424242E+01    6.881316E+03    3.928713E+01
  2.427243E+01    6.899101E+03    3.929102E+01
  2.430243E+01    6.916909E+03    3.929490E+01
  2.433243E+01    6.934740E+03    3.929877E+01
  2.436244E+01    6.952594E+03    3.930262E+01
  2.439244E+01    6.970471E+03    3.930647E+01
  2.442244E+01    6.988371E+03    3.931031E+01
  2.445245E+01    7.006294E+03    3.931414E+01
  2.448245E+01    7.024240E+03    3.931796E+01
  2.451245E+01    7.042208E+03    3.932177E+01
  2.454245E+01    7.060200E+03    3.932557E+01
  2.457246E+01    7.078215E+03    3.932937E+01
  2.460246E+01    7.096253E+03    3.933315E+01
  2.463246E+01    7.114314E+03    3.933692E+01
  2.466247E+01    7.132397E+03    3.934068E+01
  2.469247E+01    7.150504E+03    3.934444E+01
  2.472247E+01    7.168634E+03    3.934818E+01
  2.475248E+01    7.186786E+03    3.935192E+01
  2.478248E+01    7.204962E+03    3.935565E+01
  2.481248E+01    7.223161E+03    3.935936E+01
  2.484248E+01    7.241382E+03    3.936307E+01
  2.487249E+01    7.259627E+03    3.936677E+01
  2.490249E+01    7.277894E+03    3.937046E+01
  2.493249E+01    7.296185E+03    3.937414E+01
  2.496250E+01    7.314498E+03    3.937781E+01
  2.499250E+01    7.332835E+03    3.938148E+01
  2.502250E+01    7.351194E+03    3.938513E+01
  2.505251E+01    7.369577E+03    3.938878E+01
  2.508251E+01    7.387982E+03    3.939241E+01
  2.511251E+01    7.406410E+03    3.939604E+01
  2.514251E+01    7.424862E+03    3.939966E+01
  2.517252E+01    7.443336E+03    3.940327E+01
  2.520252E+01    7.461833E+03    3.940687E+01
  2.523252E+01    7.480354E+03    3.941046E+01
  2.526253E+01    7.498897E+03    3.941405E+01
  2.529253E+01    7.517463E+03    3.941762E+01
  2.532253E+01    7.536053E+03    3.942119E+01
  2.535254E+01    7.554665E+03    3.942475E+01
  2.538254E+01    7.573300E+03    3.942829E+01
  2.541254E+01    7.591958E+03    3.943184E+01
  2.544254E+01    7.610639E+03    3.943537E+01
  2.547255E+01    7.629343E+03    3.943889E+01
  2.550255E+01    7.648070E+03    3.944241E+01
  2.553255E+01    7.666821E+03    3.944591E+01
  2.556256E+01    7.685594E+03    3.944941E+01
  2.559256E+01    7.704390E+03    3.945290E+01
  2.562256E+01    7.723209E+03    3.945638E+01
  2.565257E+01    7.742051E+03    3.945986E+01
  2.568257E+01    7.760916E+03    3.946332E+01
  2.571257E+01    7.779804E+03    3.946678E+01
  2.574257E+01    7.798714E+03    3.947023E+01
  2.577258E+01    7.817648E+03    3.947367E+01
  2.580258E+01    7.836605E+03    3.947710E+01
  2.583258E+01    7.855585E+03    3.948053E+01
  2.586259E+01    7.874588E+03    3.948394E+01
  2.589259E+01    7.893614E+03    3.948735E+01
  2.592259E+01    7.912663E+03    3.949075E+01
  2.595260E+01    7.931734E+03    3.949415E+01
  2.598260E+01    7.950829E+03    3.949753E+01
  2.601260E+01    7.969947E+03    3.950091E+01
  2.604260E+01    7.989088E+03    3.950428E+01
  2.607261E+01    8.008251E+03    3.950764E+01
  2.610261E+01    8.027438E+03    3.951099E+01
  2.613261E+01    8.046647E+03    3.951433E+01
  2.616262E+01    8.065880E+03    3.951767E+01
  2.619262E+01    8.085136E+03    3.952100E+01
  2.622262E+01    8.104414E+03    3.952432E+01
  2.625263E+01    8.123716E+03    3.952764E+01
  2.628263E+01    8.143040E+03    3.953094E+01
  2.631263E+01    8.162388E+03    3.953424E+01
  2.634263E+01    8.181758E+03    3.953753E+01
  2.637264E+01    8.201152E+03    3.954081E+01
  2.640264E+01    8.220568E+03    3.954409E+01
  2.643264E+01    8.240008E+03    3.954736E+01
  2.646265E+01    8.259470E+03    3.955062E+01
  2.649265E+01    8.278955E+03    3.955387E+01
  2.652265E+01    8.298464E+03    3.955712E+01
  2.655266E+01    8.317995E+03    3.956036E+01
  2.658266E+01    8.337549E+03    3.956359E+01
  2.661266E+01    8.357127E+03    3.956681E+01
  2.664266E+01    8.376727E+03    3.957003E+01
  2.667267E+01    8.396350E+03    3.957323E+01
  2.670267E+01    8.415996E+03    3.957644E+01
  2.673267E+01    8.435666E+03    3.957963E+01
  2.676268E+01    8.455358E+03    3.958282E+01
  2.679268E+01    8.475073E+03    3.958600E+01
  2.682268E+01    8.494811E+03    3.958917E+01
  2.685269E+01    8.514572E+03    3.959233E+01
  2.688269E+01    8.534356E+03    3.959549E+01
  2.691269E+01    8.554163E+03    3.959864E+01
  2.694269E+01    8.573993E+03    3.960178E+01
  2.697270E+01    8.593846E+03    3.960492E+01
  2.700270E+01    8.613722E+03    3.960805E+01
  2.703270E+01    8.633621E+03    3.961117E+01
  2.706271E+01    8.653543E+03    3.961429E+01
  2.709271E+01    8.673488E+03    3.961739E+01
  2.712271E+01    8.693456E+03    3.962050E+01
  2.715272E+01    8.713447E+03    3.962359E+01
  2.718272E+01    8.733461E+03    3.962668E+01
  2.721272E+01    8.753498E+03    3.962976E+01
  2.724272E+01    8.773557E+03    3.963283E+01
  2.727273E+01    8.793640E+03    3.963590E+01
  2.730273E+01    8.813746E+03    3.963896E+01
  2.733273E+01    8.833875E+03    3.964201E+01
  2.736274E+01    8.854026E+03    3.964506E+01
  2.739274E+01    8.874201E+03    3.964809E+01
  2.742274E+01    8.894399E+03    3.965113E+01
  2.745275E+01    8.914620E+03    3.965415E+01
  2.748275E+01    8.934863E+03    3.965717E+01
  2.751275E+01    8.955130E+03    3.966018E+01
  2.754275E+01    8.975419E+03    3.966319E+01
  2.757276E+01    8.995732E+03    3.966619E+01
  2.760276E+01    9.016068E+03    3.966918E+01
  2.763276E+01    9.036426E+03    3.967217E+01
  2.766277E+01    9.056808E+03    3.967515E+01
  2.769277E+01    9.077212E+03    3.967812E+01
  2.772277E+01    9.097639E+03    3.968108E+01
  2.775278E+01    9.118090E+03    3.968404E+01
  2.778278E+01    9.138563E+03    3.968700E+01
  2.781278E+01    9.159060E+03    3.968994E+01
  2.784278E+01    9.179579E+03    3.969288E+01
  2.787279E+01    9.200121E+03    3.969582E+01
  2.790279E+01    9.220687E+03    3.969874E+01
  2.793279E+01    9.241275E+03    3.970166E+01
  2.796280E+01    9.261886E+03    3.970458E+01
  2.799280E+01    9.282521E+03    3.970749E+01
  2.802280E+01    9.303178E+03    3.971039E+01
  2.805281E+01    9.323858E+03    3.971328E+01
  2.808281E+01    9.344561E+03    3.971617E+01
  2.811281E+01    9.365287E+03    3.971906E+01
  2.814281E+01    9.386037E+03    3.972193E+01
  2.817282E+01    9.406809E+03    3.972480E+01
  2.820282E+01    9.427604E+03    3.972767E+01
  2.823282E+01    9.448422E+03    3.973052E+01
  2.826283E+01    9.469263E+03    3.973338E+01
  2.829283E+01    9.490127E+03    3.973622E+01
  2.832283E+01    9.511014E+03    3.973906E+01
  2.835284E+01    9.531924E+03    3.974190E+01
  2.838284E+01    9.552857E+03    3.974472E+01
  2.841284E+01    9.573813E+03    3.974754E+01
  2.844284E+01    9.594792E+03    3.975036E+01
  2.847285E+01    9.615794E+03    3.975317E+01
  2.850285E+01    9.636819E+03    3.975597E+01
  2.853285E+01    9.657867E+03    3.975877E+01
  2.856286E+01    9.678937E+03    3.976156E+01
  2.859286E+01    9.700031E+03    3.976434E+01
  2.862286E+01    9.721148E+03    3.976712E+01
  2.865287E+01    9.742288E+03    3.976990E+01
  2.868287E+01    9.763451E+03    3.977266E+01
  2.871287E+01    9.784636E+03    3.977543E+01
  2.874287E+01    9.805845E+03    3.977818E+01
  2.877288E+01    9.827077E+03    3.978093E+01
  2.880288E+01    9.848331E+03    3.978368E+01
  2.883288E+01    9.869609E+03    3.978641E+01
  2.886289E+01    9.890910E+03    3.978915E+01
  2.889289E+01    9.912233E+03    3.979187E+01
  2.892289E+01    9.933580E+03    3.979459E+01
  2.895290E+01    9.954949E+03    3.979731E+01
  2.898290E+01    9.976342E+03    3.980002E+01
  2.901290E+01    9.997757E+03    3.980272E+01
  2.904290E+01    1.001920E+04    3.980542E+01
  2.907291E+01    1.004066E+04    3.980811E+01
  2.910291E+01    1.006214E+04    3.981080E+01
  2.913291E+01    1.008365E+04    3.981348E+01
  2.916292E+01    1.010518E+04    3.981616E+01
  2.919292E+01    1.012673E+04    3.981883E+01
  2.922292E+01    1.014831E+04    3.982149E+01
  2.925293E+01    1.016991E+04    3.982415E+01
  2.928293E+01    1.019153E+04    3.982680E+01
  2.931293E+01    1.021318E+04    3.982945E+01
  2.934293E+01    1.023484E+04    3.983209E+01
  2.937294E+01    1.025654E+04    3.983473E+01
  2.940294E+01    1.027825E+04    3.983736E+01
  2.943294E+01    1.029999E+04    3.983999E+01
  2.946295E+01    1.032175E+04    3.984261E+01
  2.949295E+01    1.034353E+04    3.984522E+01
  2.952295E+01    1.036534E+04    3.984783E+01
  2.955296E+01    1.038717E+04    3.985044E+01
  2.958296E+01    1.040902E+04    3.985303E+01
  2.961296E+01    1.043089E+04    3.985563E+01
  2.964296E+01    1.045279E+04    3.985822E+01
  2.967297E+01    1.047471E+04    3.986080E+01
  2.970297E+01    1.049666E+04    3.986338E+01
  2.973297E+01    1.051862E+04    3.986595E+01
  2.976298E+01    1.054061E+04    3.986852E+01
  2.979298E+01    1.056263E+04    3.987108E+01
  2.982298E+01    1.058466E+04    3.987363E+01
  2.985299E+01    1.060672E+04    3.987618E+01
  2.988299E+01    1.062880E+04    3.987873E+01
  2.991299E+01    1.065091E+04    3.988127E+01
  2.994299E+01    1.067304E+04    3.988381E+01
  2.997300E+01    1.069519E+04    3.988634E+01
  3.000300E+01    1.071736E+04    3.988886E+01
  3.003300E+01    1.073956E+04    3.989138E+01
  3.006301E+01    1.076178E+04    3.989390E+01
  3.009301E+01    1.078402E+04    3.989641E+01
  3.012301E+01    1.080628E+04    3.989891E+01
  3.015302E+01    1.082857E+04    3.990141E+01
  3.018302E+01    1.085089E+04    3.990391E+01
  3.021302E+01    1.087322E+04    3.990640E+01
  3.024302E+01    1.089558E+04    3.990888E+01
  3.027303E+01    1.091796E+04    3.991136E+01
  3.030303E+01    1.094036E+04    3.991384E+01
  3.033303E+01    1.096279E+04    3.991631E+01
  3.036304E+01    1.098524E+04    3.991877E+01
  3.039304E+01    1.100771E+04    3.992123E+01
  3.042304E+01    1.103021E+04    3.992369E+01
  3.045305E+01    1.105272E+04    3.992614E+01
  3.048305E+01    1.107527E+04    3.992858E+01
  3.051305E+01    1.109783E+04    3.993102E+01
  3.054305E+01    1.112042E+04    3.993346E+01
  3.057306E+01    1.114303E+04    3.993589E+01
  3.060306E+01    1.116566E+04    3.993831E+01
  3.063306E+01    1.118832E+04    3.994073E+01
  3.066307E+01    1.121100E+04    3.994315E+01
  3.069307E+01    1.123370E+04    3.994556E+01
  3.072307E+01    1.125642E+04    3.994797E+01
  3.075308E+01    1.127917E+04    3.995037E+01
  3.078308E+01    1.130194E+04    3.995276E+01
  3.081308E+01    1.132474E+04    3.995516E+01
  3.084308E+01    1.134755E+04    3.995754E+01
  3.087309E+01    1.137039E+04    3.995993E+01
  3.090309E+01    1.139326E+04    3.996230E+01
  3.093309E+01    1.141614E+04    3.996468E+01
  3.096310E+01    1.143905E+04    3.996705E+01
  3.099310E+01    1.146199E+04    3.996941E+01
  3.102310E+01    1.148494E+04    3.997177E+01
  3.105311E+01    1.150792E+04    3.997412E+01
  3.108311E+01    1.153092E+04    3.997647E+01
  3.111311E+01    1.155394E+04    3.997882E+01
  3.114311E+01    1.157699E+04    3.998116E+01
  3.117312E+01    1.160006E+04    3.998350E+01
  3.120312E+01    1.162315E+04    3.998583E+01
  3.123312E+01    1.164627E+04    3.998816E+01
  3.126313E+01    1.166941E+04    3.999048E+01
  3.129313E+01    1.169257E+04    3.999280E+01
  3.132313E+01    1.171575E+04    3.999511E+01
  3.135314E+01    1.173896E+04    3.999742E+01
  3.138314E+01    1.176219E+04    3.999972E+01
  3.141314E+01    1.178545E+04    4.000202E+01
  3.144314E+01    1.180872E+04    4.000432E+01
  3.147315E+01    1.183202E+04    4.000661E+01
  3.150315E+01    1.185535E+04    4.000890E+01
  3.153315E+01    1.187869E+04    4.001118E+01
  3.156316E+01    1.190206E+04    4.001346E+01
  3.159316E+01    1.192545E+04    4.001573E+01
  3.162316E+01    1.194887E+04    4.001800E+01
  3.165317E+01    1.197230E+04    4.002027E+01
  3.168317E+01    1.199576E+04    4.002253E+01
  3.171317E+01    1.201925E+04    4.002478E+01
  3.174317E+01    1.204275E+04    4.002703E+01
  3.177318E+01    1.206628E+04    4.002928E+01
  3.180318E+01    1.208984E+04    4.003152E+01
  3.183318E+01    1.211341E+04    4.003376E+01
  3.186319E+01    1.213701E+04    4.003600E+01
  3.189319E+01    1.216063E+04    4.003823E+01
  3.192319E+01    1.218428E+04    4.004045E+01
  3.195320E+01    1.220794E+04    4.004267E+01
  3.198320E+01    1.223163E+04    4.004489E+01
  3.201320E+01    1.225535E+04    4.004711E+01
  3.204320E+01    1.227908E+04    4.004931E+01
  3.207321E+01    1.230284E+04    4.005152E+01
  3.210321E+01    1.232662E+04    4.005372E+01
  3.213321E+01    1.235043E+04    4.005592E+01
  3.216322E+01    1.237426E+04    4.005811E+01
  3.219322E+01    1.239811E+04    4.006030E+01
  3.222322E+01    1.242198E+04    4.006248E+01
  3.225323E+01    1.244588E+04    4.006466E+01
  3.228323E+01    1.246980E+04    4.006684E+01
  3.231323E+01    1.249374E+04    4.006901E+01
  3.234323E+01    1.251771E+04    4.007118E+01
  3.237324E+01    1.254170E+04    4.007334E+01
  3.240324E+01    1.256571E+04    4.007550E+01
  3.243324E+01    1.258975E+04    4.007765E+01
  3.246325E+01    1.261380E+04    4.007981E+01
  3.249325E+01    1.263788E+04    4.008195E+01
  3.252325E+01    1.266199E+04    4.008410E+01
  3.255326E+01    1.268612E+04    4.008624E+01
  3.258326E+01    1.271026E+04    4.008837E+01
  3.261326E+01    1.273444E+04    4.009050E+01
  3.264326E+01    1.275863E+04    4.009263E+01
  3.267327E+01    1.278285E+04    4.009475E+01
  3.270327E+01    1.280709E+04    4.009687E+01
  3.273327E+01    1.283136E+04    4.009899E+01
  3.276328E+01    1.285565E+04    4.010110E+01
  3.279328E+01    1.287996E+04    4.010321E+01
  3.282328E+01    1.290429E+04    4.010531E+01
  3.285329E+01    1.292865E+04    4.010741E+01
  3.288329E+01    1.295303E+04    4.010951E+01
  3.291329E+01    1.297743E+04    4.011160E+01
  3.294329E+01    1.300186E+04    4.011369E+01
  3.297330E+01    1.302630E+04    4.011577E+01
  3.300330E+01    1.305078E+04    4.011785E+01
  3.303330E+01    1.307527E+04    4.011993E+01
  3.306331E+01    1.309979E+04    4.012200E+01
  3.309331E+01    1.312433E+04    4.012407E+01
  3.312331E+01    1.314889E+04    4.012613E+01
  3.315332E+01    1.317348E+04    4.012819E+01
  3.318332E+01    1.319809E+04    4.013025E+01
  3.321332E+01    1.322272E+04    4.013231E+01
  3.324332E+01    1.324738E+04    4.013436E+01
  3.327333E+01    1.327205E+04    4.013640E+01
  3.330333E+01    1.329676E+04    4.013844E+01
  3.333333E+01    1.332148E+04    4.014048E+01
  3.336334E+01    1.334623E+04    4.014252E+01
  3.339334E+01    1.337100E+04    4.014455E+01
  3.342334E+01    1.339579E+04    4.014658E+01
  3.345335E+01    1.342061E+04    4.014860E+01
  3.348335E+01    1.344545E+04    4.015062E+01
  3.351335E+01    1.347031E+04    4.015264E+01
  3.354335E+01    1.349519E+04    4.015465E+01
  3.357336E+01    1.352010E+04    4.015666E+01
  3.360336E+01    1.354503E+04    4.015867E+01
  3.363336E+01    1.356999E+04    4.016067E+01
  3.366337E+01    1.359496E+04    4.016267E+01
  3.369337E+01    1.361996E+04    4.016466E+01
  3.372337E+01    1.364499E+04    4.016665E+01
  3.375338E+01    1.367003E+04    4.016864E+01
  3.378338E+01    1.369510E+04    4.017062E+01
  3.381338E+01    1.372019E+04    4.017260E+01
  3.384338E+01    1.374531E+04    4.017458E+01
  3.387339E+01    1.377045E+04    4.017655E+01
  3.390339E+01    1.379561E+04    4.017852E+01
  3.393339E+01    1.382079E+04    4.018049E+01
  3.396340E+01    1.384600E+04    4.018245E+01
  3.399340E+01    1.387123E+04    4.018441E+01
  3.402340E+01    1.389648E+04    4.018637E+01
  3.405341E+01    1.392176E+04    4.018832E+01
  3.408341E+01    1.394706E+04    4.019027E+01
  3.411341E+01    1.397238E+04    4.019221E+01
  3.414341E+01    1.399772E+04    4.019415E+01
  3.417342E+01    1.402309E+04    4.019609E+01
  3.420342E+01    1.404848E+04    4.019803E+01
  3.423342E+01    1.407389E+04    4.019996E+01
  3.426343E+01    1.409933E+04    4.020188E+01
  3.429343E+01    1.412479E+04    4.020381E+01
  3.432343E+01    1.415027E+04    4.020573E+01
  3.435344E+01    1.417578E+04    4.020765E+01
  3.438344E+01    1.420131E+04    4.020956E+01
  3.441344E+01    1.422686E+04    4.021147E+01
  3.444344E+01    1.425243E+04    4.021338E+01
  3.447345E+01    1.427803E+04    4.021528E+01
  3.450345E+01    1.430365E+04    4.021718E+01
  3.453345E+01    1.432929E+04    4.021908E+01
  3.456346E+01    1.435496E+04    4.022098E+01
  3.459346E+01    1.438065E+04    4.022287E+01
  3.462346E+01    1.440636E+04    4.022475E+01
  3.465347E+01    1.443210E+04    4.022664E+01
  3.468347E+01    1.445786E+04    4.022852E+01
  3.471347E+01    1.448364E+04    4.023040E+01
  3.474347E+01    1.450944E+04    4.023227E+01
  3.477348E+01    1.453527E+04    4.023414E+01
  3.480348E+01    1.456112E+04    4.023601E+01
  3.483348E+01    1.458699E+04    4.023787E+01
  3.486349E+01    1.461289E+04    4.023973E+01
  3.489349E+01    1.463881E+04    4.024159E+01
  3.492349E+01    1.466475E+04    4.024345E+01
  3.495350E+01    1.469072E+04    4.024530E+01
  3.498350E+01    1.471670E+04    4.024714E+01
  3.501350E+01    1.474271E+04    4.024899E+01
  3.504350E+01    1.476875E+04    4.025083E+01
  3.507351E+01    1.479481E+04    4.025267E+01
  3.510351E+01    1.482089E+04    4.025450E+01
  3.513351E+01    1.484699E+04    4.025634E+01
  3.516352E+01    1.487311E+04    4.025817E+01
  3.519352E+01    1.489926E+04    4.025999E+01
  3.522352E+01    1.492544E+04    4.026181E+01
  3.525353E+01    1.495163E+04    4.026363E+01
  3.528353E+01    1.497785E+04    4.026545E+01
  3.531353E+01    1.500409E+04    4.026726E+01
  3.534353E+01    1.503035E+04    4.026907E+01
  3.537354E+01    1.505664E+04    4.027088E+01
  3.540354E+01    1.508295E+04    4.027268E+01
  3.543354E+01    1.510928E+04    4.027448E+01
  3.546355E+01    1.513564E+04    4.027628E+01
  3.549355E+01    1.516202E+04    4.027808E+01
  3.552355E+01    1.518842E+04    4.027987E+01
  3.555356E+01    1.521484E+04    4.028166E+01
  3.558356E+01    1.524129E+04    4.028344E+01
  3.561356E+01    1.526776E+04    4.028522E+01
  3.564356E+01    1.529425E+04    4.028700E+01
  3.567357E+01    1.532077E+04    4.028878E+01
  3.570357E+01    1.534731E+04    4.029055E+01
  3.573357E+01    1.537387E+04    4.029232E+01
  3.576358E+01    1.540046E+04    4.029409E+01
  3.579358E+01    1.542707E+04    4.029585E+01
  3.582358E+01    1.545370E+04    4.029761E+01
  3.585359E+01    1.548035E+04    4.029937E+01
  3.588359E+01    1.550703E+04    4.030113E+01
  3.591359E+01    1.553373E+04    4.030288E+01
  3.594359E+01    1.556045E+04    4.030463E+01
  3.597360E+01    1.558720E+04    4.030637E+01
  3.600360E+01    1.561397E+04    4.030812E+01
  3.603360E+01    1.564076E+04    4.030986E+01
  3.606361E+01    1.566758E+04    4.031160E+01
  3.609361E+01    1.569442E+04    4.031333E+01
  3.612361E+01    1.572128E+04    4.031506E+01
  3.615362E+01    1.574816E+04    4.031679E+01
  3.618362E+01    1.577507E+04    4.031852E+01
  3.621362E+01    1.580200E+04    4.032024E+01
  3.624362E+01    1.582895E+04    4.032196E+01
  3.627363E+01    1.585593E+04    4.032367E+01
  3.630363E+01    1.588293E+04    4.032539E+01
  3.633363E+01    1.590995E+04    4.032710E+01
  3.636364E+01    1.593699E+04    4.032881E+01
  3.639364E+01    1.596406E+04    4.033051E+01
  3.642364E+01    1.599115E+04    4.033222E+01
  3.645365E+01    1.601827E+04    4.033392E+01
  3.648365E+01    1.604540E+04    4.033561E+01
  3.651365E+01    1.607256E+04    4.033731E+01
  3.654365E+01    1.609975E+04    4.033900E+01
  3.657366E+01    1.612695E+04    4.034069E+01
  3.660366E+01    1.615418E+04    4.034237E+01
  3.663366E+01    1.618143E+04    4.034406E+01
  3.666367E+01    1.620871E+04    4.034574E+01
  3.669367E+01    1.623601E+04    4.034741E+01
  3.672367E+01    1.626333E+04    4.034909E+01
  3.675368E+01    1.629067E+04    4.035076E+01
  3.678368E+01    1.631804E+04    4.035243E+01
  3.681368E+01    1.634543E+04    4.035409E+01
  3.684368E+01    1.637284E+04    4.035576E+01
  3.687369E+01    1.640028E+04    4.035742E+01
  3.690369E+01    1.642774E+04    4.035908E+01
  3.693369E+01    1.645522E+04    4.036073E+01
  3.696370E+01    1.648272E+04    4.036238E+01
  3.699370E+01    1.651025E+04    4.036403E+01
  3.702370E+01    1.653780E+04    4.036568E+01
  3.705371E+01    1.656537E+04    4.036732E+01
  3.708371E+01    1.659297E+04    4.036897E+01
  3.711371E+01    1.662059E+04    4.037061E+01
  3.714371E+01    1.664823E+04    4.037224E+01
  3.717372E+01    1.667590E+04    4.037388E+01
  3.720372E+01    1.670359E+04    4.037551E+01
  3.723372E+01    1.673130E+04    4.037713E+01
  3.726373E+01    1.675903E+04    4.037876E+01
  3.729373E+01    1.678679E+04    4.038038E+01
  3.732373E+01    1.681457E+04    4.038200E+01
  3.735374E+01    1.684237E+04    4.038362E+01
  3.738374E+01    1.687020E+04    4.038524E+01
  3.741374E+01    1.689805E+04    4.038685E+01
  3.744374E+01    1.692592E+04    4.038846E+01
  3.747375E+01    1.695382E+04    4.039006E+01
  3.750375E+01    1.698173E+04    4.039167E+01
  3.753375E+01    1.700968E+04    4.039327E+01
  3.756376E+01    1.703764E+04    4.039487E+01
  3.759376E+01    1.706563E+04    4.039647E+01
  3.762376E+01    1.709364E+04    4.039806E+01
  3.765377E+01    1.712167E+04    4.039965E+01
  3.768377E+01    1.714973E+04    4.040124E+01
  3.771377E+01    1.717781E+04    4.040283E+01
  3.774377E+01    1.720591E+04    4.040441E+01
  3.777378E+01    1.723403E+04    4.040599E+01
  3.780378E+01    1.726218E+04    4.040757E+01
  3.783378E+01    1.729035E+04    4.040915E+01
  3.786379E+01    1.731855E+04    4.041072E+01
  3.789379E+01    1.734676E+04    4.041229E+01
  3.792379E+01    1.737500E+04    4.041386E+01
  3.795380E+01    1.740327E+04    4.041543E+01
  3.798380E+01    1.743155E+04    4.041699E+01
  3.801380E+01    1.745986E+04    4.041855E+01
  3.804380E+01    1.748819E+04    4.042011E+01
  3.807381E+01    1.751655E+04    4.042167E+01
  3.810381E+01    1.754492E+04    4.042322E+01
  3.813381E+01    1.757333E+04    4.042477E+01
  3.816382E+01    1.760175E+04    4.042632E+01
  3.819382E+01    1.763020E+04    4.042787E+01
  3.822382E+01    1.765867E+04    4.042941E+01
  3.825383E+01    1.768716E+04    4.043095E+01
  3.828383E+01    1.771567E+04    4.043249E+01
  3.831383E+01    1.774421E+04    4.043403E+01
  3.834383E+01    1.777277E+04    4.043556E+01
  3.837384E+01    1.780136E+04    4.043709E+01
  3.840384E+01    1.782997E+04    4.043862E+01
  3.843384E+01    1.785860E+04    4.044015E+01
  3.846385E+01    1.788725E+04    4.044167E+01
  3.849385E+01    1.791593E+04    4.044319E+01
  3.852385E+01    1.794463E+04    4.044471E+01
  3.855386E+01    1.797335E+04    4.044623E+01
  3.858386E+01    1.800209E+04    4.044775E+01
  3.861386E+01    1.803086E+04    4.044926E+01
  3.864386E+01    1.805965E+04    4.045077E+01
  3.867387E+01    1.808847E+04    4.045227E+01
  3.870387E+01    1.811731E+04    4.045378E+01
  3.873387E+01    1.814617E+04    4.045528E+01
  3.876388E+01    1.817505E+04    4.045678E+01
  3.879388E+01    1.820396E+04    4.045828E+01
  3.882388E+01    1.823289E+04    4.045978E+01
  3.885389E+01    1.826184E+04    4.046127E+01
  3.888389E+01    1.829081E+04    4.046276E+01
  3.891389E+01    1.831981E+04    4.046425E+01
  3.894389E+01    1.834883E+04    4.046574E+01
  3.897390E+01    1.837788E+04    4.046722E+01
  3.900390E+01    1.840694E+04    4.046870E+01
  3.903390E+01    1.843603E+04    4.047018E+01
  3.906391E+01    1.846515E+04    4.047166E+01
  3.909391E+01    1.849428E+04    4.047313E+01
  3.912391E+01    1.852344E+04    4.047461E+01
  3.915392E+01    1.855262E+04    4.047608E+01
  3.918392E+01    1.858183E+04    4.047754E+01
  3.921392E+01    1.861106E+04    4.047901E+01
  3.924392E+01    1.864031E+04    4.048047E+01
  3.927393E+01    1.866958E+04    4.048193E+01
  3.930393E+01    1.869888E+04    4.048339E+01
  3.933393E+01    1.872820E+04    4.048485E+01
  3.936394E+01    1.875754E+04    4.048630E+01
  3.939394E+01    1.878691E+04    4.048776E+01
  3.942394E+01    1.881630E+04    4.048921E+01
  3.945395E+01    1.884571E+04    4.049065E+01
  3.948395E+01    1.887514E+04    4.049210E+01
  3.951395E+01    1.890460E+04    4.049354E+01
  3.954395E+01    1.893408E+04    4.049498E+01
  3.957396E+01    1.896358E+04    4.049642E+01
  3.960396E+01    1.899311E+04    4.049786E+01
  3.963396E+01    1.902266E+04    4.049929E+01
  3.966397E+01    1.905223E+04    4.050072E+01
  3.969397E+01    1.908183E+04    4.050215E+01
  3.972397E+01    1.911145E+04    4.050358E+01
  3.975398E+01    1.914109E+04    4.050501E+01
  3.978398E+01    1.917075E+04    4.050643E+01
  3.981398E+01    1.920044E+04    4.050785E+01
  3.984398E+01    1.923015E+04    4.050927E+01
  3.987399E+01    1.925989E+04    4.051069E+01
  3.990399E+01    1.928964E+04    4.051210E+01
  3.993399E+01    1.931942E+04    4.051351E+01
  3.996400E+01    1.934922E+04    4.051492E+01
  3.999400E+01    1.937905E+04    4.051633E+01
  4.002400E+01    1.940890E+04    4.051774E+01
  4.005401E+01    1.943877E+04    4.051914E+01
  4.008401E+01    1.946866E+04    4.052054E+01
  4.011401E+01    1.949858E+04    4.052194E+01
  4.014401E+01    1.952852E+04    4.052334E+01
  4.017402E+01    1.955848E+04    4.052474E+01
  4.020402E+01    1.958847E+04    4.052613E+01
  4.023402E+01    1.961848E+04    4.052752E+01
  4.026403E+01    1.964851E+04    4.052891E+01
  4.029403E+01    1.967857E+04    4.053030E+01
  4.032403E+01    1.970865E+04    4.053168E+01
  4.035404E+01    1.973875E+04    4.053307E+01
  4.038404E+01    1.976887E+04    4.053445E+01
  4.041404E+01    1.979902E+04    4.053582E+01
  4.044404E+01    1.982919E+04    4.053720E+01
  4.047405E+01    1.985938E+04    4.053858E+01
  4.050405E+01    1.988960E+04    4.053995E+01
  4.053405E+01    1.991984E+04    4.054132E+01
  4.056406E+01    1.995010E+04    4.054269E+01
  4.059406E+01    1.998038E+04    4.054405E+01
  4.062406E+01    2.001069E+04    4.054542E+01
  4.065407E+01    2.004102E+04    4.054678E+01
  4.068407E+01    2.007138E+04    4.054814E+01
  4.071407E+01    2.010175E+04    4.054950E+01
  4.074407E+01    2.013215E+04    4.055085E+01
  4.077408E+01    2.016258E+04    4.055221E+01
  4.080408E+01    2.019302E+04    4.055356E+01
  4.083408E+01    2.022349E+04    4.055491E+01
  4.086409E+01    2.025398E+04    4.055626E+01
  4.089409E+01    2.028450E+04    4.055760E+01
  4.092409E+01    2.031503E+04    4.055895E+01
  4.095410E+01    2.034559E+04    4.056029E+01
  4.098410E+01    2.037618E+04    4.056163E+01
  4.101410E+01    2.040679E+04    4.056297E+01
  4.104410E+01    2.043741E+04    4.056430E+01
  4.107411E+01    2.046807E+04    4.056564E+01
  4.110411E+01    2.049874E+04    4.056697E+01
  4.113411E+01    2.052944E+04    4.056830E+01
  4.116412E+01    2.056016E+04    4.056963E+01
  4.119412E+01    2.059091E+04    4.057095E+01
  4.122412E+01    2.062168E+04    4.057228E+01
  4.125413E+01    2.065247E+04    4.057360E+01
  4.128413E+01    2.068328E+04    4.057492E+01
  4.131413E+01    2.071412E+04    4.057624E+01
  4.134413E+01    2.074497E+04    4.057756E+01
  4.137414E+01    2.077586E+04    4.057887E+01
  4.140414E+01    2.080676E+04    4.058018E+01
  4.143414E+01    2.083769E+04    4.058149E+01
  4.146415E+01    2.086864E+04    4.058280E+01
  4.149415E+01    2.089962E+04    4.058411E+01
  4.152415E+01    2.093061E+04    4.058541E+01
  4.155416E+01    2.096163E+04    4.058672E+01
  4.158416E+01    2.099268E+04    4.058802E+01
  4.161416E+01    2.102374E+04    4.058932E+01
  4.164416E+01    2.105483E+04    4.059061E+01
  4.167417E+01    2.108594E+04    4.059191E+01
  4.170417E+01    2.111708E+04    4.059320E+01
  4.173417E+01    2.114824E+04    4.059450E+01
  4.176418E+01    2.117942E+04    4.059578E+01
  4.179418E+01    2.121062E+04    4.059707E+01
  4.182418E+01    2.124185E+04    4.059836E+01
  4.185419E+01    2.127310E+04    4.059964E+01
  4.188419E+01    2.130437E+04    4.060092E+01
  4.191419E+01    2.133567E+04    4.060221E+01
  4.194419E+01    2.136699E+04    4.060348E+01
  4.197420E+01    2.139833E+04    4.060476E+01
  4.200420E+01    2.142970E+04    4.060604E+01
  4.203420E+01    2.146108E+04    4.060731E+01
  4.206421E+01    2.149249E+04    4.060858E+01
  4.209421E+01    2.152393E+04    4.060985E+01
  4.212421E+01    2.155538E+04    4.061112E+01
  4.215422E+01    2.158686E+04    4.061238E+01
  4.218422E+01    2.161837E+04    4.061365E+01
  4.221422E+01    2.164989E+04    4.061491E+01
  4.224422E+01    2.168144E+04    4.061617E+01
  4.227423E+01    2.171301E+04    4.061743E+01
  4.230423E+01    2.174461E+04    4.061868E+01
  4.233423E+01    2.177623E+04    4.061994E+01
  4.236424E+01    2.180787E+04    4.062119E+01
  4.239424E+01    2.183953E+04    4.062244E+01
  4.242424E+01    2.187122E+04    4.062369E+01
  4.245425E+01    2.190293E+04    4.062494E+01
  4.248425E+01    2.193466E+04    4.062618E+01
  4.251425E+01    2.196641E+04    4.062743E+01
  4.254425E+01    2.199819E+04    4.062867E+01
  4.257426E+01    2.202999E+04    4.062991E+01
  4.260426E+01    2.206182E+04    4.063115E+01
  4.263426E+01    2.209367E+04    4.063239E+01
  4.266427E+01    2.212554E+04    4.063362E+01
  4.269427E+01    2.215743E+04    4.063485E+01
  4.272427E+01    2.218935E+04    4.063609E+01
  4.275428E+01    2.222129E+04    4.063732E+01
  4.278428E+01    2.225325E+04    4.063854E+01
  4.281428E+01    2.228523E+04    4.063977E+01
  4.284428E+01    2.231724E+04    4.064100E+01
  4.287429E+01    2.234927E+04    4.064222E+01
  4.290429E+01    2.238133E+04    4.064344E+01
  4.293429E+01    2.241340E+04    4.064466E+01
  4.296430E+01    2.244550E+04    4.064588E+01
  4.299430E+01    2.247763E+04    4.064709E+01
  4.302430E+01    2.250977E+04    4.064831E+01
  4.305431E+01    2.254194E+04    4.064952E+01
  4.308431E+01    2.257414E+04    4.065073E+01
  4.311431E+01    2.260635E+04    4.065194E+01
  4.314431E+01    2.263859E+04    4.065315E+01
  4.317432E+01    2.267085E+04    4.065435E+01
  4.320432E+01    2.270313E+04    4.065556E+01
  4.323432E+01    2.273544E+04    4.065676E+01
  4.326433E+01    2.276777E+04    4.065796E+01
  4.329433E+01    2.280012E+04    4.065916E+01
  4.332433E+01    2.283250E+04    4.066036E+01
  4.335434E+01    2.286490E+04    4.066155E+01
  4.338434E+01    2.289732E+04    4.066274E+01
  4.341434E+01    2.292977E+04    4.066394E+01
  4.344434E+01    2.296223E+04    4.066513E+01
  4.347435E+01    2.299472E+04    4.066632E+01
  4.350435E+01    2.302724E+04    4.066750E+01
  4.353435E+01    2.305977E+04    4.066869E+01
  4.356436E+01    2.309233E+04    4.066987E+01
  4.359436E+01    2.312492E+04    4.067106E+01
  4.362436E+01    2.315752E+04    4.067224E+01
  4.365437E+01    2.319015E+04    4.067341E+01
  4.368437E+01    2.322280E+04    4.067459E+01
  4.371437E+01    2.325548E+04    4.067577E+01
  4.374437E+01    2.328818E+04    4.067694E+01
  4.377438E+01    2.332090E+04    4.067811E+01
  4.380438E+01    2.335364E+04    4.067929E+01
  4.383438E+01    2.338641E+04    4.068045E+01
  4.386439E+01    2.341920E+04    4.068162E+01
  4.389439E+01    2.345201E+04    4.068279E+01
  4.392439E+01    2.348484E+04    4.068395E+01
  4.395440E+01    2.351770E+04    4.068511E+01
  4.398440E+01    2.355058E+04    4.068628E+01
  4.401440E+01    2.358349E+04    4.068744E+01
  4.404440E+01    2.361642E+04    4.068859E+01
  4.407441E+01    2.364937E+04    4.068975E+01
  4.410441E+01    2.368234E+04    4.069090E+01
  4.413441E+01    2.371534E+04    4.069206E+01
  4.416442E+01    2.374836E+04    4.069321E+01
  4.419442E+01    2.378140E+04    4.069436E+01
  4.422442E+01    2.381446E+04    4.069551E+01
  4.425443E+01    2.384755E+04    4.069665E+01
  4.428443E+01    2.388066E+04    4.069780E+01
  4.431443E+01    2.391380E+04    4.069894E+01
  4.434443E+01    2.394695E+04    4.070008E+01
  4.437444E+01    2.398013E+04    4.070123E+01
  4.440444E+01    2.401334E+04    4.070236E+01
  4.443444E+01    2.404656E+04    4.070350E+01
  4.446445E+01    2.407981E+04    4.070464E+01
  4.449445E+01    2.411308E+04    4.070577E+01
  4.452445E+01    2.414638E+04    4.070690E+01
  4.455446E+01    2.417970E+04    4.070804E+01
  4.458446E+01    2.421304E+04    4.070917E+01
  4.461446E+01    2.424640E+04    4.071029E+01
  4.464446E+01    2.427979E+04    4.071142E+01
  4.467447E+01    2.431320E+04    4.071255E+01
  4.470447E+01    2.434663E+04    4.071367E+01
  4.473447E+01    2.438009E+04    4.071479E+01
  4.476448E+01    2.441357E+04    4.071591E+01
  4.479448E+01    2.444707E+04    4.071703E+01
  4.482448E+01    2.448059E+04    4.071815E+01
  4.485449E+01    2.451414E+04    4.071926E+01
  4.488449E+01    2.454771E+04    4.072038E+01
  4.491449E+01    2.458131E+04    4.072149E+01
  4.494449E+01    2.461492E+04    4.072260E+01
  4.497450E+01    2.464856E+04    4.072371E+01
  4.500450E+01    2.468223E+04    4.072482E+01
  4.503450E+01    2.471591E+04    4.072593E+01
  4.506451E+01    2.474962E+04    4.072703E+01
  4.509451E+01    2.478335E+04    4.072814E+01
  4.512451E+01    2.481711E+04    4.072924E+01
  4.515452E+01    2.485088E+04    4.073034E+01
  4.518452E+01    2.488468E+04    4.073144E+01
  4.521452E+01    2.491851E+04    4.073254E+01
  4.524452E+01    2.495235E+04    4.073363E+01
  4.527453E+01    2.498622E+04    4.073473E+01
  4.530453E+01    2.502012E+04    4.073582E+01
  4.533453E+01    2.505403E+04    4.073691E+01
  4.536454E+01    2.508797E+04    4.073800E+01
  4.539454E+01    2.512193E+04    4.073909E+01
  4.542454E+01    2.515592E+04    4.074018E+01
  4.545455E+01    2.518992E+04    4.074127E+01
  4.548455E+01    2.522395E+04    4.074235E+01
  4.551455E+01    2.525801E+04    4.074344E+01
  4.554455E+01    2.529208E+04    4.074452E+01
  4.557456E+01    2.532618E+04    4.074560E+01
  4.560456E+01    2.536030E+04    4.074668E+01
  4.563456E+01    2.539445E+04    4.074775E+01
  4.566457E+01    2.542862E+04    4.074883E+01
  4.569457E+01    2.546281E+04    4.074991E+01
  4.572457E+01    2.549702E+04    4.075098E+01
  4.575458E+01    2.553126E+04    4.075205E+01
  4.578458E+01    2.556552E+04    4.075312E+01
  4.581458E+01    2.559980E+04    4.075419E+01
  4.584458E+01    2.563411E+04    4.075526E+01
  4.587459E+01    2.566844E+04    4.075632E+01
  4.590459E+01    2.570279E+04    4.075739E+01
  4.593459E+01    2.573717E+04    4.075845E+01
  4.596460E+01    2.577156E+04    4.075951E+01
  4.599460E+01    2.580599E+04    4.076057E+01
  4.602460E+01    2.584043E+04    4.076163E+01
  4.605461E+01    2.587490E+04    4.076269E+01
  4.608461E+01    2.590939E+04    4.076375E+01
  4.611461E+01    2.594390E+04    4.076480E+01
  4.614461E+01    2.597843E+04    4.076586E+01
  4.617462E+01    2.601299E+04    4.076691E+01
  4.620462E+01    2.604758E+04    4.076796E+01
  4.623462E+01    2.608218E+04    4.076901E+01
  4.626463E+01    2.611681E+04    4.077006E+01
  4.629463E+01    2.615146E+04    4.077110E+01
  4.632463E+01    2.618613E+04    4.077215E+01
  4.635464E+01    2.622083E+04    4.077319E+01
  4.638464E+01    2.625555E+04    4.077423E+01
  4.641464E+01    2.629029E+04    4.077528E+01
  4.644464E+01    2.632506E+04    4.077632E+01
  4.647465E+01    2.635985E+04    4.077735E+01
  4.650465E+01    2.639466E+04    4.077839E+01
  4.653465E+01    2.642949E+04    4.077943E+01
  4.656466E+01    2.646435E+04    4.078046E+01
  4.659466E+01    2.649923E+04    4.078149E+01
  4.662466E+01    2.653413E+04    4.078253E+01
  4.665467E+01    2.656906E+04    4.078356E+01
  4.668467E+01    2.660401E+04    4.078458E+01
  4.671467E+01    2.663898E+04    4.078561E+01
  4.674467E+01    2.667398E+04    4.078664E+01
  4.677468E+01    2.670900E+04    4.078766E+01
  4.680468E+01    2.674404E+04    4.078869E+01
  4.683468E+01    2.677910E+04    4.078971E+01
  4.686469E+01    2.681419E+04    4.079073E+01
  4.689469E+01    2.684930E+04    4.079175E+01
  4.692469E+01    2.688443E+04    4.079277E+01
  4.695470E+01    2.691959E+04    4.079379E+01
  4.698470E+01    2.695477E+04    4.079480E+01
  4.701470E+01    2.698997E+04    4.079582E+01
  4.704470E+01    2.702520E+04    4.079683E+01
  4.707471E+01    2.706044E+04    4.079784E+01
  4.710471E+01    2.709571E+04    4.079885E+01
  4.713471E+01    2.713101E+04    4.079986E+01
  4.716472E+01    2.716633E+04    4.080087E+01
  4.719472E+01    2.720167E+04    4.080188E+01
  4.722472E+01    2.723703E+04    4.080288E+01
  4.725473E+01    2.727242E+04    4.080388E+01
  4.728473E+01    2.730782E+04    4.080489E+01
  4.731473E+01    2.734326E+04    4.080589E+01
  4.734473E+01    2.737871E+04    4.080689E+01
  4.737474E+01    2.741419E+04    4.080789E+01
  4.740474E+01    2.744969E+04    4.080889E+01
  4.743474E+01    2.748521E+04    4.080988E+01
  4.746475E+01    2.752076E+04    4.081088E+01
  4.749475E+01    2.755633E+04    4.081187E+01
  4.752475E+01    2.759192E+04    4.081286E+01
  4.755476E+01    2.762754E+04    4.081385E+01
  4.758476E+01    2.766318E+04    4.081484E+01
  4.761476E+01    2.769884E+04    4.081583E+01
  4.764476E+01    2.773452E+04    4.081682E+01
  4.767477E+01    2.777023E+04    4.081781E+01
  4.770477E+01    2.780596E+04    4.081879E+01
  4.773477E+01    2.784172E+04    4.081977E+01
  4.776478E+01    2.787749E+04    4.082076E+01
  4.779478E+01    2.791329E+04    4.082174E+01
  4.782478E+01    2.794912E+04    4.082272E+01
  4.785479E+01    2.798496E+04    4.082370E+01
  4.788479E+01    2.802083E+04    4.082467E+01
  4.791479E+01    2.805672E+04    4.082565E+01
  4.794479E+01    2.809264E+04    4.082663E+01
  4.797480E+01    2.812857E+04    4.082760E+01
  4.800480E+01    2.816453E+04    4.082857E+01
  4.803480E+01    2.820052E+04    4.082954E+01
  4.806481E+01    2.823652E+04    4.083051E+01
  4.809481E+01    2.827255E+04    4.083148E+01
  4.812481E+01    2.830861E+04    4.083245E+01
  4.815482E+01    2.834468E+04    4.083342E+01
  4.818482E+01    2.838078E+04    4.083438E+01
  4.821482E+01    2.841690E+04    4.083534E+01
  4.824482E+01    2.845305E+04    4.083631E+01
  4.827483E+01    2.848921E+04    4.083727E+01
  4.830483E+01    2.852540E+04    4.083823E+01
  4.833483E+01    2.856162E+04    4.083919E+01
  4.836484E+01    2.859785E+04    4.084015E+01
  4.839484E+01    2.863411E+04    4.084110E+01
  4.842484E+01    2.867039E+04    4.084206E+01
  4.845485E+01    2.870670E+04    4.084301E+01
  4.848485E+01    2.874303E+04    4.084396E+01
  4.851485E+01    2.877938E+04    4.084492E+01
  4.854485E+01    2.881575E+04    4.084587E+01
  4.857486E+01    2.885215E+04    4.084682E+01
  4.860486E+01    2.888857E+04    4.084777E+01
  4.863486E+01    2.892501E+04    4.084871E+01
  4.866487E+01    2.896148E+04    4.084966E+01
  4.869487E+01    2.899797E+04    4.085060E+01
  4.872487E+01    2.903448E+04    4.085155E+01
  4.875488E+01    2.907101E+04    4.085249E+01
  4.878488E+01    2.910757E+04    4.085343E+01
  4.881488E+01    2.914415E+04    4.085437E+01
  4.884488E+01    2.918076E+04    4.085531E+01
  4.887489E+01    2.921738E+04    4.085625E+01
  4.890489E+01    2.925403E+04    4.085718E+01
  4.893489E+01    2.929071E+04    4.085812E+01
  4.896490E+01    2.932740E+04    4.085905E+01
  4.899490E+01    2.936412E+04    4.085999E+01
  4.902490E+01    2.940086E+04    4.086092E+01
  4.905491E+01    2.943763E+04    4.086185E+01
  4.908491E+01    2.947441E+04    4.086278E+01
  4.911491E+01    2.951123E+04    4.086371E+01
  4.914491E+01    2.954806E+04    4.086463E+01
  4.917492E+01    2.958492E+04    4.086556E+01
  4.920492E+01    2.962180E+04    4.086649E+01
  4.923492E+01    2.965870E+04    4.086741E+01
  4.926493E+01    2.969562E+04    4.086833E+01
  4.929493E+01    2.973257E+04    4.086925E+01
  4.932493E+01    2.976954E+04    4.087017E+01
  4.935494E+01    2.980654E+04    4.087109E+01
  4.938494E+01    2.984356E+04    4.087201E+01
  4.941494E+01    2.988060E+04    4.087293E+01
  4.944494E+01    2.991766E+04    4.087384E+01
  4.947495E+01    2.995475E+04    4.087476E+01
  4.950495E+01    2.999186E+04    4.087567E+01
  4.953495E+01    3.002899E+04    4.087659E+01
  4.956496E+01    3.006614E+04    4.087750E+01
  4.959496E+01    3.010332E+04    4.087841E+01
  4.962496E+01    3.014052E+04    4.087932E+01
  4.965497E+01    3.017775E+04    4.088022E+01
  4.968497E+01    3.021499E+04    4.088113E+01
  4.971497E+01    3.025226E+04    4.088204E+01
  4.974497E+01    3.028956E+04    4.088294E+01
  4.977498E+01    3.032687E+04    4.088385E+01
  4.980498E+01    3.036421E+04    4.088475E+01
  4.983498E+01    3.040158E+04    4.088565E+01
  4.986499E+01    3.043896E+04    4.088655E+01
  4.989499E+01    3.047637E+04    4.088745E+01
  4.992499E+01    3.051380E+04    4.088835E+01
  4.995500E+01    3.055125E+04    4.088924E+01
  4.998500E+01    3.058873E+04    4.089014E+01
  5.001500E+01    3.062623E+04    4.089104E+01
  5.004500E+01    3.066375E+04    4.089193E+01
  5.007501E+01    3.070130E+04    4.089282E+01
  5.010501E+01    3.073887E+04    4.089371E+01
  5.013501E+01    3.077646E+04    4.089460E+01
  5.016502E+01    3.081408E+04    4.089549E+01
  5.019502E+01    3.085171E+04    4.089638E+01
  5.022502E+01    3.088937E+04    4.089727E+01
  5.025503E+01    3.092706E+04    4.089816E+01
  5.028503E+01    3.096476E+04    4.089904E+01
  5.031503E+01    3.100249E+04    4.089993E+01
  5.034503E+01    3.104025E+04    4.090081E+01
  5.037504E+01    3.107802E+04    4.090169E+01
  5.040504E+01    3.111582E+04    4.090257E+01
  5.043504E+01    3.115364E+04    4.090345E+01
  5.046505E+01    3.119149E+04    4.090433E+01
  5.049505E+01    3.122936E+04    4.090521E+01
  5.052505E+01    3.126725E+04    4.090608E+01
  5.055506E+01    3.130516E+04    4.090696E+01
  5.058506E+01    3.134310E+04    4.090783E+01
  5.061506E+01    3.138106E+04    4.090871E+01
  5.064506E+01    3.141904E+04    4.090958E+01
  5.067507E+01    3.145704E+04    4.091045E+01
  5.070507E+01    3.149507E+04    4.091132E+01
  5.073507E+01    3.153312E+04    4.091219E+01
  5.076508E+01    3.157120E+04    4.091306E+01
  5.079508E+01    3.160930E+04    4.091393E+01
  5.082508E+01    3.164742E+04    4.091479E+01
  5.085509E+01    3.168556E+04    4.091566E+01
  5.088509E+01    3.172373E+04    4.091652E+01
  5.091509E+01    3.176192E+04    4.091739E+01
  5.094509E+01    3.180013E+04    4.091825E+01
  5.097510E+01    3.183836E+04    4.091911E+01
  5.100510E+01    3.187662E+04    4.091997E+01
  5.103510E+01    3.191490E+04    4.092083E+01
  5.106511E+01    3.195321E+04    4.092169E+01
  5.109511E+01    3.199153E+04    4.092254E+01
  5.112511E+01    3.202988E+04    4.092340E+01
  5.115512E+01    3.206826E+04    4.092426E+01
  5.118512E+01    3.210665E+04    4.092511E+01
  5.121512E+01    3.214507E+04    4.092596E+01
  5.124512E+01    3.218351E+04    4.092681E+01
  5.127513E+01    3.222198E+04    4.092766E+01
  5.130513E+01    3.226047E+04    4.092851E+01
  5.133513E+01    3.229898E+04    4.092936E+01
  5.136514E+01    3.233751E+04    4.093021E+01
  5.139514E+01    3.237607E+04    4.093106E+01
  5.142514E+01    3.241465E+04    4.093190E+01
  5.145515E+01    3.245325E+04    4.093275E+01
  5.148515E+01    3.249188E+04    4.093359E+01
  5.151515E+01    3.253053E+04    4.093444E+01
  5.154515E+01    3.256920E+04    4.093528E+01
  5.157516E+01    3.260789E+04    4.093612E+01
  5.160516E+01    3.264661E+04    4.093696E+01
  5.163516E+01    3.268535E+04    4.093780E+01
  5.166517E+01    3.272412E+04    4.093864E+01
  5.169517E+01    3.276290E+04    4.093947E+01
  5.172517E+01    3.280171E+04    4.094031E+01
  5.175518E+01    3.284055E+04    4.094114E+01
  5.178518E+01    3.287940E+04    4.094198E+01
  5.181518E+01    3.291828E+04    4.094281E+01
  5.184518E+01    3.295718E+04    4.094364E+01
  5.187519E+01    3.299611E+04    4.094447E+01
  5.190519E+01    3.303505E+04    4.094530E+01
  5.193519E+01    3.307402E+04    4.094613E+01
  5.196520E+01    3.311302E+04    4.094696E+01
  5.199520E+01    3.315203E+04    4.094779E+01
  5.202520E+01    3.319107E+04    4.094862E+01
  5.205521E+01    3.323014E+04    4.094944E+01
  5.208521E+01    3.326922E+04    4.095027E+01
  5.211521E+01    3.330833E+04    4.095109E+01
  5.214521E+01    3.334746E+04    4.095191E+01
  5.217522E+01    3.338662E+04    4.095273E+01
  5.220522E+01    3.342579E+04    4.095355E+01
  5.223522E+01    3.346499E+04    4.095437E+01
  5.226523E+01    3.350422E+04    4.095519E+01
  5.229523E+01    3.354346E+04    4.095601E+01
  5.232523E+01    3.358273E+04    4.095683E+01
  5.235524E+01    3.362203E+04    4.095764E+01
  5.238524E+01    3.366134E+04    4.095846E+01
  5.241524E+01    3.370068E+04    4.095927E+01
  5.244524E+01    3.374004E+04    4.096008E+01
  5.247525E+01    3.377942E+04    4.096089E+01
  5.250525E+01    3.381883E+04    4.096171E+01
  5.253525E+01    3.385826E+04    4.096252E+01
  5.256526E+01    3.389772E+04    4.096333E+01
  5.259526E+01    3.393719E+04    4.096413E+01
  5.262526E+01    3.397669E+04    4.096494E+01
  5.265527E+01    3.401621E+04    4.096575E+01
  5.268527E+01    3.405576E+04    4.096655E+01
  5.271527E+01    3.409533E+04    4.096736E+01
  5.274527E+01    3.413492E+04    4.096816E+01
  5.277528E+01    3.417453E+04    4.096896E+01
  5.280528E+01    3.421417E+04    4.096977E+01
  5.283528E+01    3.425383E+04    4.097057E+01
  5.286529E+01    3.429351E+04    4.097137E+01
  5.289529E+01    3.433322E+04    4.097216E+01
  5.292529E+01    3.437294E+04    4.097296E+01
  5.295530E+01    3.441270E+04    4.097376E+01
  5.298530E+01    3.445247E+04    4.097456E+01
  5.301530E+01    3.449227E+04    4.097535E+01
  5.304530E+01    3.453209E+04    4.097615E+01
  5.307531E+01    3.457193E+04    4.097694E+01
  5.310531E+01    3.461180E+04    4.097773E+01
  5.313531E+01    3.465169E+04    4.097852E+01
  5.316532E+01    3.469160E+04    4.097931E+01
  5.319532E+01    3.473154E+04    4.098010E+01
  5.322532E+01    3.477150E+04    4.098089E+01
  5.325533E+01    3.481148E+04    4.098168E+01
  5.328533E+01    3.485148E+04    4.098247E+01
  5.331533E+01    3.489151E+04    4.098326E+01
  5.334533E+01    3.493156E+04    4.098404E+01
  5.337534E+01    3.497164E+04    4.098483E+01
  5.340534E+01    3.501173E+04    4.098561E+01
  5.343534E+01    3.505185E+04    4.098639E+01
  5.346535E+01    3.509199E+04    4.098717E+01
  5.349535E+01    3.513216E+04    4.098795E+01
  5.352535E+01    3.517235E+04    4.098873E+01
  5.355536E+01    3.521256E+04    4.098951E+01
  5.358536E+01    3.525279E+04    4.099029E+01
  5.361536E+01    3.529305E+04    4.099107E+01
  5.364536E+01    3.533333E+04    4.099185E+01
  5.367537E+01    3.537363E+04    4.099262E+01
  5.370537E+01    3.541396E+04    4.099340E+01
  5.373537E+01    3.545431E+04    4.099417E+01
  5.376538E+01    3.549468E+04    4.099494E+01
  5.379538E+01    3.553508E+04    4.099572E+01
  5.382538E+01    3.557550E+04    4.099649E+01
  5.385539E+01    3.561594E+04    4.099726E+01
  5.388539E+01    3.565640E+04    4.099803E+01
  5.391539E+01    3.569689E+04    4.099880E+01
  5.394539E+01    3.573740E+04    4.099956E+01
  5.397540E+01    3.577793E+04    4.100033E+01
  5.400540E+01    3.581849E+04    4.100110E+01
  5.403540E+01    3.585907E+04    4.100186E+01
  5.406541E+01    3.589967E+04    4.100263E+01
  5.409541E+01    3.594029E+04    4.100339E+01
  5.412541E+01    3.598094E+04    4.100415E+01
  5.415542E+01    3.602161E+04    4.100491E+01
  5.418542E+01    3.606231E+04    4.100567E+01
  5.421542E+01    3.610302E+04    4.100643E+01
  5.424542E+01    3.614376E+04    4.100719E+01
  5.427543E+01    3.618453E+04    4.100795E+01
  5.430543E+01    3.622531E+04    4.100871E+01
  5.433543E+01    3.626612E+04    4.100947E+01
  5.436544E+01    3.630695E+04    4.101022E+01
  5.439544E+01    3.634781E+04    4.101098E+01
  5.442544E+01    3.638868E+04    4.101173E+01
  5.445545E+01    3.642959E+04    4.101248E+01
  5.448545E+01    3.647051E+04    4.101324E+01
  5.451545E+01    3.651146E+04    4.101399E+01
  5.454545E+01    3.655243E+04    4.101474E+01
  5.457546E+01    3.659342E+04    4.101549E+01
  5.460546E+01    3.663443E+04    4.101624E+01
  5.463546E+01    3.667547E+04    4.101699E+01
  5.466547E+01    3.671653E+04    4.101773E+01
  5.469547E+01    3.675762E+04    4.101848E+01
  5.472547E+01    3.679873E+04    4.101923E+01
  5.475548E+01    3.683986E+04    4.101997E+01
  5.478548E+01    3.688101E+04    4.102072E+01
  5.481548E+01    3.692219E+04    4.102146E+01
  5.484548E+01    3.696339E+04    4.102220E+01
  5.487549E+01    3.700461E+04    4.102294E+01
  5.490549E+01    3.704585E+04    4.102369E+01
  5.493549E+01    3.708712E+04    4.102443E+01
  5.496550E+01    3.712841E+04    4.102516E+01
  5.499550E+01    3.716973E+04    4.102590E+01
  5.502550E+01    3.721106E+04    4.102664E+01
  5.505551E+01    3.725243E+04    4.102738E+01
  5.508551E+01    3.729381E+04    4.102811E+01
  5.511551E+01    3.733521E+04    4.102885E+01
  5.514551E+01    3.737664E+04    4.102958E+01
  5.517552E+01    3.741810E+04    4.103032E+01
  5.520552E+01    3.745957E+04    4.103105E+01
  5.523552E+01    3.750107E+04    4.103178E+01
  5.526553E+01    3.754259E+04    4.103251E+01
  5.529553E+01    3.758413E+04    4.103324E+01
  5.532553E+01    3.762570E+04    4.103397E+01
  5.535554E+01    3.766729E+04    4.103470E+01
  5.538554E+01    3.770890E+04    4.103543E+01
  5.541554E+01    3.775054E+04    4.103616E+01
  5.544554E+01    3.779220E+04    4.103688E+01
  5.547555E+01    3.783388E+04    4.103761E+01
  5.550555E+01    3.787559E+04    4.103833E+01
  5.553555E+01    3.791731E+04    4.103906E+01
  5.556556E+01    3.795907E+04    4.103978E+01
  5.559556E+01    3.800084E+04    4.104050E+01
  5.562556E+01    3.804264E+04    4.104122E+01
  5.565557E+01    3.808446E+04    4.104194E+01
  5.568557E+01    3.812630E+04    4.104266E+01
  5.571557E+01    3.816816E+04    4.104338E+01
  5.574557E+01    3.821005E+04    4.104410E+01
  5.577558E+01    3.825197E+04    4.104482E+01
  5.580558E+01    3.829390E+04    4.104554E+01
  5.583558E+01    3.833586E+04    4.104625E+01
  5.586559E+01    3.837784E+04    4.104697E+01
  5.589559E+01    3.841984E+04    4.104768E+01
  5.592559E+01    3.846187E+04    4.104840E+01
  5.595560E+01    3.850392E+04    4.104911E+01
  5.598560E+01    3.854599E+04    4.104982E+01
  5.601560E+01    3.858809E+04    4.105053E+01
  5.604560E+01    3.863021E+04    4.105124E+01
  5.607561E+01    3.867235E+04    4.105195E+01
  5.610561E+01    3.871451E+04    4.105266E+01
  5.613561E+01    3.875670E+04    4.105337E+01
  5.616562E+01    3.879891E+04    4.105408E+01
  5.619562E+01    3.884114E+04    4.105479E+01
  5.622562E+01    3.888340E+04    4.105549E+01
  5.625563E+01    3.892568E+04    4.105620E+01
  5.628563E+01    3.896798E+04    4.105690E+01
  5.631563E+01    3.901031E+04    4.105761E+01
  5.634563E+01    3.905265E+04    4.105831E+01
  5.637564E+01    3.909503E+04    4.105901E+01
  5.640564E+01    3.913742E+04    4.105971E+01
  5.643564E+01    3.917984E+04    4.106041E+01
  5.646565E+01    3.922228E+04    4.106111E+01
  5.649565E+01    3.926474E+04    4.106181E+01
  5.652565E+01    3.930723E+04    4.106251E+01
  5.655566E+01    3.934974E+04    4.106321E+01
  5.658566E+01    3.939227E+04    4.106391E+01
  5.661566E+01    3.943482E+04    4.106460E+01
  5.664566E+01    3.947740E+04    4.106530E+01
  5.667567E+01    3.952000E+04    4.106599E+01
  5.670567E+01    3.956263E+04    4.106669E+01
  5.673567E+01    3.960527E+04    4.106738E+01
  5.676568E+01    3.964794E+04    4.106807E+01
  5.679568E+01    3.969064E+04    4.106877E+01
  5.682568E+01    3.973335E+04    4.106946E+01
  5.685569E+01    3.977609E+04    4.107015E+01
  5.688569E+01    3.981885E+04    4.107084E+01
  5.691569E+01    3.986164E+04    4.107153E+01
  5.694569E+01    3.990445E+04    4.107221E+01
  5.697570E+01    3.994728E+04    4.107290E+01
  5.700570E+01    3.999013E+04    4.107359E+01
  5.703570E+01    4.003301E+04    4.107427E+01
  5.706571E+01    4.007591E+04    4.107496E+01
  5.709571E+01    4.011883E+04    4.107564E+01
  5.712571E+01    4.016178E+04    4.107633E+01
  5.715572E+01    4.020475E+04    4.107701E+01
  5.718572E+01    4.024774E+04    4.107769E+01
  5.721572E+01    4.029075E+04    4.107837E+01
  5.724572E+01    4.033379E+04    4.107906E+01
  5.727573E+01    4.037685E+04    4.107974E+01
  5.730573E+01    4.041993E+04    4.108041E+01
  5.733573E+01    4.046304E+04    4.108109E+01
  5.736574E+01    4.050617E+04    4.108177E+01
  5.739574E+01    4.054932E+04    4.108245E+01
  5.742574E+01    4.059250E+04    4.108313E+01
  5.745575E+01    4.063570E+04    4.108380E+01
  5.748575E+01    4.067892E+04    4.108448E+01
  5.751575E+01    4.072216E+04    4.108515E+01
  5.754575E+01    4.076543E+04    4.108582E+01
  5.757576E+01    4.080872E+04    4.108650E+01
  5.760576E+01    4.085203E+04    4.108717E+01
  5.763576E+01    4.089537E+04    4.108784E+01
  5.766577E+01    4.093873E+04    4.108851E+01
  5.769577E+01    4.098211E+04    4.108918E+01
  5.772577E+01    4.102552E+04    4.108985E+01
  5.775578E+01    4.106895E+04    4.109052E+01
  5.778578E+01    4.111240E+04    4.109119E+01
  5.781578E+01    4.115587E+04    4.109186E+01
  5.784578E+01    4.119937E+04    4.109252E+01
  5.787579E+01    4.124289E+04    4.109319E+01
  5.790579E+01    4.128643E+04    4.109385E+01
  5.793579E+01    4.133000E+04    4.109452E+01
  5.796580E+01    4.137359E+04    4.109518E+01
  5.799580E+01    4.141720E+04    4.109585E+01
  5.802580E+01    4.146083E+04    4.109651E+01
  5.805581E+01    4.150449E+04    4.109717E+01
  5.808581E+01    4.154817E+04    4.109783E+01
  5.811581E+01    4.159188E+04    4.109849E+01
  5.814581E+01    4.163560E+04    4.109915E+01
  5.817582E+01    4.167935E+04    4.109981E+01
  5.820582E+01    4.172313E+04    4.110047E+01
  5.823582E+01    4.176692E+04    4.110113E+01
  5.826583E+01    4.181074E+04    4.110178E+01
  5.829583E+01    4.185458E+04    4.110244E+01
  5.832583E+01    4.189845E+04    4.110310E+01
  5.835584E+01    4.194234E+04    4.110375E+01
  5.838584E+01    4.198625E+04    4.110440E+01
  5.841584E+01    4.203018E+04    4.110506E+01
  5.844584E+01    4.207414E+04    4.110571E+01
  5.847585E+01    4.211812E+04    4.110636E+01
  5.850585E+01    4.216212E+04    4.110701E+01
  5.853585E+01    4.220615E+04    4.110767E+01
  5.856586E+01    4.225019E+04    4.110832E+01
  5.859586E+01    4.229427E+04    4.110897E+01
  5.862586E+01    4.233836E+04    4.110961E+01
  5.865587E+01    4.238248E+04    4.111026E+01
  5.868587E+01    4.242662E+04    4.111091E+01
  5.871587E+01    4.247078E+04    4.111156E+01
  5.874587E+01    4.251497E+04    4.111220E+01
  5.877588E+01    4.255918E+04    4.111285E+01
  5.880588E+01    4.260341E+04    4.111349E+01
  5.883588E+01    4.264767E+04    4.111414E+01
  5.886589E+01    4.269195E+04    4.111478E+01
  5.889589E+01    4.273625E+04    4.111542E+01
  5.892589E+01    4.278057E+04    4.111607E+01
  5.895590E+01    4.282492E+04    4.111671E+01
  5.898590E+01    4.286929E+04    4.111735E+01
  5.901590E+01    4.291368E+04    4.111799E+01
  5.904590E+01    4.295810E+04    4.111863E+01
  5.907591E+01    4.300254E+04    4.111927E+01
  5.910591E+01    4.304700E+04    4.111991E+01
  5.913591E+01    4.309149E+04    4.112054E+01
  5.916592E+01    4.313599E+04    4.112118E+01
  5.919592E+01    4.318053E+04    4.112182E+01
  5.922592E+01    4.322508E+04    4.112245E+01
  5.925593E+01    4.326966E+04    4.112309E+01
  5.928593E+01    4.331426E+04    4.112372E+01
  5.931593E+01    4.335888E+04    4.112435E+01
  5.934593E+01    4.340353E+04    4.112499E+01
  5.937594E+01    4.344820E+04    4.112562E+01
  5.940594E+01    4.349289E+04    4.112625E+01
  5.943594E+01    4.353760E+04    4.112688E+01
  5.946595E+01    4.358234E+04    4.112751E+01
  5.949595E+01    4.362710E+04    4.112814E+01
  5.952595E+01    4.367189E+04    4.112877E+01
  5.955596E+01    4.371669E+04    4.112940E+01
  5.958596E+01    4.376152E+04    4.113003E+01
  5.961596E+01    4.380638E+04    4.113066E+01
  5.964596E+01    4.385125E+04    4.113128E+01
  5.967597E+01    4.389615E+04    4.113191E+01
  5.970597E+01    4.394107E+04    4.113253E+01
  5.973597E+01    4.398602E+04    4.113316E+01
  5.976598E+01    4.403098E+04    4.113378E+01
  5.979598E+01    4.407598E+04    4.113441E+01
  5.982598E+01    4.412099E+04    4.113503E+01
  5.985599E+01    4.416603E+04    4.113565E+01
  5.988599E+01    4.421109E+04    4.113627E+01
  5.991599E+01    4.425617E+04    4.113689E+01
  5.994599E+01    4.430127E+04    4.113751E+01
  5.997600E+01    4.434640E+04    4.113813E+01
  6.000600E+01    4.439155E+04    4.113875E+01
  6.003600E+01    4.443673E+04    4.113937E+01
  6.006601E+01    4.448193E+04    4.113999E+01
  6.009601E+01    4.452715E+04    4.114061E+01
  6.012601E+01    4.457239E+04    4.114122E+01
  6.015602E+01    4.461766E+04    4.114184E+01
  6.018602E+01    4.466295E+04    4.114245E+01
  6.021602E+01    4.470826E+04    4.114307E+01
  6.024602E+01    4.475359E+04    4.114368E+01
  6.027603E+01    4.479895E+04    4.114430E+01
  6.030603E+01    4.484433E+04    4.114491E+01
  6.033603E+01    4.488974E+04    4.114552E+01
  6.036604E+01    4.493517E+04    4.114613E+01
  6.039604E+01    4.498062E+04    4.114674E+01
  6.042604E+01    4.502609E+04    4.114735E+01
  6.045605E+01    4.507159E+04    4.114796E+01
  6.048605E+01    4.511711E+04    4.114857E+01
  6.051605E+01    4.516265E+04    4.114918E+01
  6.054605E+01    4.520821E+04    4.114979E+01
  6.057606E+01    4.525380E+04    4.115040E+01
  6.060606E+01    4.529941E+04    4.115100E+01
  6.063606E+01    4.534505E+04    4.115161E+01
  6.066607E+01    4.539070E+04    4.115221E+01
  6.069607E+01    4.543638E+04    4.115282E+01
  6.072607E+01    4.548209E+04    4.115342E+01
  6.075608E+01    4.552781E+04    4.115403E+01
  6.078608E+01    4.557356E+04    4.115463E+01
  6.081608E+01    4.561933E+04    4.115523E+01
  6.084608E+01    4.566513E+04    4.115583E+01
  6.087609E+01    4.571095E+04    4.115644E+01
  6.090609E+01    4.575679E+04    4.115704E+01
  6.093609E+01    4.580265E+04    4.115764E+01
  6.096610E+01    4.584854E+04    4.115824E+01
  6.099610E+01    4.589445E+04    4.115884E+01
  6.102610E+01    4.594038E+04    4.115943E+01
  6.105611E+01    4.598634E+04    4.116003E+01
  6.108611E+01    4.603232E+04    4.116063E+01
  6.111611E+01    4.607832E+04    4.116122E+01
  6.114611E+01    4.612434E+04    4.116182E+01
  6.117612E+01    4.617039E+04    4.116242E+01
  6.120612E+01    4.621646E+04    4.116301E+01
  6.123612E+01    4.626255E+04    4.116360E+01
  6.126613E+01    4.630867E+04    4.116420E+01
  6.129613E+01    4.635481E+04    4.116479E+01
  6.132613E+01    4.640097E+04    4.116538E+01
  6.135614E+01    4.644716E+04    4.116598E+01
  6.138614E+01    4.649337E+04    4.116657E+01
  6.141614E+01    4.653960E+04    4.116716E+01
  6.144614E+01    4.658585E+04    4.116775E+01
  6.147615E+01    4.663213E+04    4.116834E+01
  6.150615E+01    4.667843E+04    4.116893E+01
  6.153615E+01    4.672476E+04    4.116951E+01
  6.156616E+01    4.677110E+04    4.117010E+01
  6.159616E+01    4.681747E+04    4.117069E+01
  6.162616E+01    4.686386E+04    4.117128E+01
  6.165617E+01    4.691028E+04    4.117186E+01
  6.168617E+01    4.695672E+04    4.117245E+01
  6.171617E+01    4.700318E+04    4.117303E+01
  6.174617E+01    4.704966E+04    4.117362E+01
  6.177618E+01    4.709617E+04    4.117420E+01
  6.180618E+01    4.714270E+04    4.117478E+01
  6.183618E+01    4.718925E+04    4.117537E+01
  6.186619E+01    4.723583E+04    4.117595E+01
  6.189619E+01    4.728243E+04    4.117653E+01
  6.192619E+01    4.732905E+04    4.117711E+01
  6.195620E+01    4.737570E+04    4.117769E+01
  6.198620E+01    4.742237E+04    4.117827E+01
  6.201620E+01    4.746906E+04    4.117885E+01
  6.204620E+01    4.751577E+04    4.117943E+01
  6.207621E+01    4.756251E+04    4.118000E+01
  6.210621E+01    4.760927E+04    4.118058E+01
  6.213621E+01    4.765605E+04    4.118116E+01
  6.216622E+01    4.770286E+04    4.118174E+01
  6.219622E+01    4.774969E+04    4.118231E+01
  6.222622E+01    4.779654E+04    4.118289E+01
  6.225623E+01    4.784341E+04    4.118346E+01
  6.228623E+01    4.789031E+04    4.118404E+01
  6.231623E+01    4.793723E+04    4.118461E+01
  6.234623E+01    4.798418E+04    4.118518E+01
  6.237624E+01    4.803114E+04    4.118575E+01
  6.240624E+01    4.807813E+04    4.118633E+01
  6.243624E+01    4.812515E+04    4.118690E+01
  6.246625E+01    4.817218E+04    4.118747E+01
  6.249625E+01    4.821924E+04    4.118804E+01
  6.252625E+01    4.826632E+04    4.118861E+01
  6.255626E+01    4.831343E+04    4.118918E+01
  6.258626E+01    4.836055E+04    4.118975E+01
  6.261626E+01    4.840771E+04    4.119031E+01
  6.264626E+01    4.845488E+04    4.119088E+01
  6.267627E+01    4.850208E+04    4.119145E+01
  6.270627E+01    4.854930E+04    4.119201E+01
  6.273627E+01    4.859654E+04    4.119258E+01
  6.276628E+01    4.864380E+04    4.119314E+01
  6.279628E+01    4.869109E+04    4.119371E+01
  6.282628E+01    4.873840E+04    4.119427E+01
  6.285629E+01    4.878574E+04    4.119484E+01
  6.288629E+01    4.883310E+04    4.119540E+01
  6.291629E+01    4.888048E+04    4.119596E+01
  6.294629E+01    4.892788E+04    4.119652E+01
  6.297630E+01    4.897531E+04    4.119709E+01
  6.300630E+01    4.902276E+04    4.119765E+01
  6.303630E+01    4.907023E+04    4.119821E+01
  6.306631E+01    4.911772E+04    4.119877E+01
  6.309631E+01    4.916524E+04    4.119933E+01
  6.312631E+01    4.921278E+04    4.119989E+01
  6.315632E+01    4.926035E+04    4.120044E+01
  6.318632E+01    4.930793E+04    4.120100E+01
  6.321632E+01    4.935554E+04    4.120156E+01
  6.324632E+01    4.940318E+04    4.120211E+01
  6.327633E+01    4.945083E+04    4.120267E+01
  6.330633E+01    4.949851E+04    4.120323E+01
  6.333633E+01    4.954622E+04    4.120378E+01
  6.336634E+01    4.959394E+04    4.120434E+01
  6.339634E+01    4.964169E+04    4.120489E+01
  6.342634E+01    4.968946E+04    4.120544E+01
  6.345635E+01    4.973725E+04    4.120600E+01
  6.348635E+01    4.978507E+04    4.120655E+01
  6.351635E+01    4.983291E+04    4.120710E+01
  6.354635E+01    4.988077E+04    4.120765E+01
  6.357636E+01    4.992866E+04    4.120820E+01
  6.360636E+01    4.997657E+04    4.120875E+01
  6.363636E+01    5.002450E+04    4.120930E+01
  6.366637E+01    5.007246E+04    4.120985E+01
  6.369637E+01    5.012043E+04    4.121040E+01
  6.372637E+01    5.016843E+04    4.121095E+01
  6.375638E+01    5.021646E+04    4.121150E+01
  6.378638E+01    5.026451E+04    4.121204E+01
  6.381638E+01    5.031258E+04    4.121259E+01
  6.384638E+01    5.036067E+04    4.121314E+01
  6.387639E+01    5.040878E+04    4.121368E+01
  6.390639E+01    5.045692E+04    4.121423E+01
  6.393639E+01    5.050508E+04    4.121477E+01
  6.396640E+01    5.055327E+04    4.121531E+01
  6.399640E+01    5.060148E+04    4.121586E+01
  6.402640E+01    5.064971E+04    4.121640E+01
  6.405641E+01    5.069796E+04    4.121694E+01
  6.408641E+01    5.074624E+04    4.121749E+01
  6.411641E+01    5.079454E+04    4.121803E+01
  6.414641E+01    5.084286E+04    4.121857E+01
  6.417642E+01    5.089121E+04    4.121911E+01
  6.420642E+01    5.093957E+04    4.121965E+01
  6.423642E+01    5.098797E+04    4.122019E+01
  6.426643E+01    5.103638E+04    4.122073E+01
  6.429643E+01    5.108482E+04    4.122126E+01
  6.432643E+01    5.113328E+04    4.122180E+01
  6.435644E+01    5.118176E+04    4.122234E+01
  6.438644E+01    5.123027E+04    4.122288E+01
  6.441644E+01    5.127880E+04    4.122341E+01
  6.444644E+01    5.132735E+04    4.122395E+01
  6.447645E+01    5.137592E+04    4.122448E+01
  6.450645E+01    5.142452E+04    4.122502E+01
  6.453645E+01    5.147314E+04    4.122555E+01
  6.456646E+01    5.152179E+04    4.122609E+01
  6.459646E+01    5.157046E+04    4.122662E+01
  6.462646E+01    5.161915E+04    4.122715E+01
  6.465647E+01    5.166786E+04    4.122769E+01
  6.468647E+01    5.171660E+04    4.122822E+01
  6.471647E+01    5.176535E+04    4.122875E+01
  6.474647E+01    5.181414E+04    4.122928E+01
  6.477648E+01    5.186294E+04    4.122981E+01
  6.480648E+01    5.191177E+04    4.123034E+01
  6.483648E+01    5.196062E+04    4.123087E+01
  6.486649E+01    5.200949E+04    4.123140E+01
  6.489649E+01    5.205839E+04    4.123193E+01
  6.492649E+01    5.210731E+04    4.123245E+01
  6.495650E+01    5.215625E+04    4.123298E+01
  6.498650E+01    5.220522E+04    4.123351E+01
  6.501650E+01    5.225421E+04    4.123403E+01
  6.504650E+01    5.230322E+04    4.123456E+01
  6.507651E+01    5.235226E+04    4.123509E+01
  6.510651E+01    5.240131E+04    4.123561E+01
  6.513651E+01    5.245040E+04    4.123614E+01
  6.516652E+01    5.249950E+04    4.123666E+01
  6.519652E+01    5.254863E+04    4.123718E+01
  6.522652E+01    5.259778E+04    4.123771E+01
  6.525653E+01    5.264695E+04    4.123823E+01
  6.528653E+01    5.269614E+04    4.123875E+01
  6.531653E+01    5.274536E+04    4.123927E+01
  6.534653E+01    5.279460E+04    4.123979E+01
  6.537654E+01    5.284387E+04    4.124031E+01
  6.540654E+01    5.289316E+04    4.124083E+01
  6.543654E+01    5.294247E+04    4.124135E+01
  6.546655E+01    5.299180E+04    4.124187E+01
  6.549655E+01    5.304116E+04    4.124239E+01
  6.552655E+01    5.309054E+04    4.124291E+01
  6.555656E+01    5.313994E+04    4.124343E+01
  6.558656E+01    5.318937E+04    4.124394E+01
  6.561656E+01    5.323881E+04    4.124446E+01
  6.564656E+01    5.328829E+04    4.124498E+01
  6.567657E+01    5.333778E+04    4.124549E+01
  6.570657E+01    5.338730E+04    4.124601E+01
  6.573657E+01    5.343684E+04    4.124652E+01
  6.576658E+01    5.348640E+04    4.124704E+01
  6.579658E+01    5.353599E+04    4.124755E+01
  6.582658E+01    5.358560E+04    4.124806E+01
  6.585659E+01    5.363523E+04    4.124858E+01
  6.588659E+01    5.368488E+04    4.124909E+01
  6.591659E+01    5.373456E+04    4.124960E+01
  6.594659E+01    5.378426E+04    4.125011E+01
  6.597660E+01    5.383399E+04    4.125062E+01
  6.600660E+01    5.388374E+04    4.125113E+01
  6.603660E+01    5.393351E+04    4.125164E+01
  6.606661E+01    5.398330E+04    4.125215E+01
  6.609661E+01    5.403311E+04    4.125266E+01
  6.612661E+01    5.408295E+04    4.125317E+01
  6.615662E+01    5.413282E+04    4.125368E+01
  6.618662E+01    5.418270E+04    4.125419E+01
  6.621662E+01    5.423261E+04    4.125469E+01
  6.624662E+01    5.428254E+04    4.125520E+01
  6.627663E+01    5.433249E+04    4.125571E+01
  6.630663E+01    5.438247E+04    4.125621E+01
  6.633663E+01    5.443247E+04    4.125672E+01
  6.636664E+01    5.448249E+04    4.125722E+01
  6.639664E+01    5.453254E+04    4.125773E+01
  6.642664E+01    5.458261E+04    4.125823E+01
  6.645665E+01    5.463270E+04    4.125874E+01
  6.648665E+01    5.468282E+04    4.125924E+01
  6.651665E+01    5.473295E+04    4.125974E+01
  6.654665E+01    5.478311E+04    4.126024E+01
  6.657666E+01    5.483330E+04    4.126075E+01
  6.660666E+01    5.488350E+04    4.126125E+01
  6.663666E+01    5.493373E+04    4.126175E+01
  6.666667E+01    5.498399E+04    4.126225E+01
  6.669667E+01    5.503426E+04    4.126275E+01
  6.672667E+01    5.508456E+04    4.126325E+01
  6.675668E+01    5.513488E+04    4.126375E+01
  6.678668E+01    5.518523E+04    4.126425E+01
  6.681668E+01    5.523560E+04    4.126474E+01
  6.684668E+01    5.528599E+04    4.126524E+01
  6.687669E+01    5.533640E+04    4.126574E+01
  6.690669E+01    5.538684E+04    4.126624E+01
  6.693669E+01    5.543730E+04    4.126673E+01
  6.696670E+01    5.548778E+04    4.126723E+01
  6.699670E+01    5.553828E+04    4.126772E+01
  6.702670E+01    5.558881E+04    4.126822E+01
  6.705671E+01    5.563936E+04    4.126871E+01
  6.708671E+01    5.568994E+04    4.126921E+01
  6.711671E+01    5.574054E+04    4.126970E+01
  6.714671E+01    5.579116E+04    4.127019E+01
  6.717672E+01    5.584180E+04    4.127069E+01
  6.720672E+01    5.589247E+04    4.127118E+01
  6.723672E+01    5.594315E+04    4.127167E+01
  6.726673E+01    5.599387E+04    4.127216E+01
  6.729673E+01    5.604460E+04    4.127265E+01
  6.732673E+01    5.609536E+04    4.127314E+01
  6.735674E+01    5.614614E+04    4.127363E+01
  6.738674E+01    5.619695E+04    4.127412E+01
  6.741674E+01    5.624777E+04    4.127461E+01
  6.744674E+01    5.629862E+04    4.127510E+01
  6.747675E+01    5.634950E+04    4.127559E+01
  6.750675E+01    5.640039E+04    4.127608E+01
  6.753675E+01    5.645131E+04    4.127656E+01
  6.756676E+01    5.650225E+04    4.127705E+01
  6.759676E+01    5.655322E+04    4.127754E+01
  6.762676E+01    5.660421E+04    4.127802E+01
  6.765677E+01    5.665522E+04    4.127851E+01
  6.768677E+01    5.670625E+04    4.127900E+01
  6.771677E+01    5.675731E+04    4.127948E+01
  6.774677E+01    5.680839E+04    4.127996E+01
  6.777678E+01    5.685949E+04    4.128045E+01
  6.780678E+01    5.691062E+04    4.128093E+01
  6.783678E+01    5.696177E+04    4.128142E+01
  6.786679E+01    5.701294E+04    4.128190E+01
  6.789679E+01    5.706413E+04    4.128238E+01
  6.792679E+01    5.711535E+04    4.128286E+01
  6.795680E+01    5.716659E+04    4.128334E+01
  6.798680E+01    5.721785E+04    4.128382E+01
  6.801680E+01    5.726914E+04    4.128430E+01
  6.804680E+01    5.732045E+04    4.128478E+01
  6.807681E+01    5.737178E+04    4.128526E+01
  6.810681E+01    5.742314E+04    4.128574E+01
  6.813681E+01    5.747452E+04    4.128622E+01
  6.816682E+01    5.752592E+04    4.128670E+01
  6.819682E+01    5.757734E+04    4.128718E+01
  6.822682E+01    5.762879E+04    4.128766E+01
  6.825683E+01    5.768026E+04    4.128813E+01
  6.828683E+01    5.773176E+04    4.128861E+01
  6.831683E+01    5.778327E+04    4.128909E+01
  6.834683E+01    5.783481E+04    4.128956E+01
  6.837684E+01    5.788637E+04    4.129004E+01
  6.840684E+01    5.793796E+04    4.129051E+01
  6.843684E+01    5.798957E+04    4.129099E+01
  6.846685E+01    5.804120E+04    4.129146E+01
  6.849685E+01    5.809285E+04    4.129194E+01
  6.852685E+01    5.814453E+04    4.129241E+01
  6.855686E+01    5.819623E+04    4.129288E+01
  6.858686E+01    5.824795E+04    4.129335E+01
  6.861686E+01    5.829970E+04    4.129383E+01
  6.864686E+01    5.835147E+04    4.129430E+01
  6.867687E+01    5.840326E+04    4.129477E+01
  6.870687E+01    5.845508E+04    4.129524E+01
  6.873687E+01    5.850692E+04    4.129571E+01
  6.876688E+01    5.855878E+04    4.129618E+01
  6.879688E+01    5.861066E+04    4.129665E+01
  6.882688E+01    5.866257E+04    4.129712E+01
  6.885689E+01    5.871450E+04    4.129759E+01
  6.888689E+01    5.876645E+04    4.129806E+01
  6.891689E+01    5.881843E+04    4.129852E+01
  6.894689E+01    5.887043E+04    4.129899E+01
  6.897690E+01    5.892245E+04    4.129946E+01
  6.900690E+01    5.897449E+04    4.129993E+01
  6.903690E+01    5.902656E+04    4.130039E+01
  6.906691E+01    5.907865E+04    4.130086E+01
  6.909691E+01    5.913077E+04    4.130132E+01
  6.912691E+01    5.918290E+04    4.130179E+01
  6.915692E+01    5.923506E+04    4.130225E+01
  6.918692E+01    5.928725E+04    4.130272E+01
  6.921692E+01    5.933945E+04    4.130318E+01
  6.924692E+01    5.939168E+04    4.130364E+01
  6.927693E+01    5.944393E+04    4.130411E+01
  6.930693E+01    5.949621E+04    4.130457E+01
  6.933693E+01    5.954851E+04    4.130503E+01
  6.936694E+01    5.960083E+04    4.130549E+01
  6.939694E+01    5.965317E+04    4.130596E+01
  6.942694E+01    5.970554E+04    4.130642E+01
  6.945695E+01    5.975793E+04    4.130688E+01
  6.948695E+01    5.981034E+04    4.130734E+01
  6.951695E+01    5.986277E+04    4.130780E+01
  6.954695E+01    5.991523E+04    4.130826E+01
  6.957696E+01    5.996771E+04    4.130872E+01
  6.960696E+01    6.002022E+04    4.130917E+01
  6.963696E+01    6.007275E+04    4.130963E+01
  6.966697E+01    6.012530E+04    4.131009E+01
  6.969697E+01    6.017787E+04    4.131055E+01
  6.972697E+01    6.023047E+04    4.131100E+01
  6.975698E+01    6.028309E+04    4.131146E+01
  6.978698E+01    6.033573E+04    4.131192E+01
  6.981698E+01    6.038839E+04    4.131237E+01
  6.984698E+01    6.044108E+04    4.131283E+01
  6.987699E+01    6.049379E+04    4.131328E+01
  6.990699E+01    6.054653E+04    4.131374E+01
  6.993699E+01    6.059929E+04    4.131419E+01
  6.996700E+01    6.065207E+04    4.131465E+01
  6.999700E+01    6.070487E+04    4.131510E+01
  7.002700E+01    6.075770E+04    4.131555E+01
  7.005701E+01    6.081054E+04    4.131601E+01
  7.008701E+01    6.086342E+04    4.131646E+01
  7.011701E+01    6.091631E+04    4.131691E+01
  7.014701E+01    6.096923E+04    4.131736E+01
  7.017702E+01    6.102217E+04    4.131781E+01
  7.020702E+01    6.107513E+04    4.131826E+01
  7.023702E+01    6.112812E+04    4.131871E+01
  7.026703E+01    6.118113E+04    4.131916E+01
  7.029703E+01    6.123417E+04    4.131961E+01
  7.032703E+01    6.128722E+04    4.132006E+01
  7.035704E+01    6.134030E+04    4.132051E+01
  7.038704E+01    6.139340E+04    4.132096E+01
  7.041704E+01    6.144653E+04    4.132141E+01
  7.044704E+01    6.149968E+04    4.132185E+01
  7.047705E+01    6.155285E+04    4.132230E+01
  7.050705E+01    6.160604E+04    4.132275E+01
  7.053705E+01    6.165926E+04    4.132320E+01
  7.056706E+01    6.171250E+04    4.132364E+01
  7.059706E+01    6.176576E+04    4.132409E+01
  7.062706E+01    6.181905E+04    4.132453E+01
  7.065707E+01    6.187235E+04    4.132498E+01
  7.068707E+01    6.192569E+04    4.132542E+01
  7.071707E+01    6.197904E+04    4.132587E+01
  7.074707E+01    6.203242E+04    4.132631E+01
  7.077708E+01    6.208582E+04    4.132675E+01
  7.080708E+01    6.213924E+04    4.132720E+01
  7.083708E+01    6.219269E+04    4.132764E+01
  7.086709E+01    6.224616E+04    4.132808E+01
  7.089709E+01    6.229965E+04    4.132852E+01
  7.092709E+01    6.235317E+04    4.132896E+01
  7.095710E+01    6.240671E+04    4.132941E+01
  7.098710E+01    6.246027E+04    4.132985E+01
  7.101710E+01    6.251385E+04    4.133029E+01
  7.104710E+01    6.256746E+04    4.133073E+01
  7.107711E+01    6.262109E+04    4.133117E+01
  7.110711E+01    6.267474E+04    4.133161E+01
  7.113711E+01    6.272842E+04    4.133205E+01
  7.116712E+01    6.278212E+04    4.133248E+01
  7.119712E+01    6.283584E+04    4.133292E+01
  7.122712E+01    6.288959E+04    4.133336E+01
  7.125713E+01    6.294335E+04    4.133380E+01
  7.128713E+01    6.299715E+04    4.133423E+01
  7.131713E+01    6.305096E+04    4.133467E+01
  7.134713E+01    6.310480E+04    4.133511E+01
  7.137714E+01    6.315866E+04    4.133554E+01
  7.140714E+01    6.321254E+04    4.133598E+01
  7.143714E+01    6.326645E+04    4.133641E+01
  7.146715E+01    6.332038E+04    4.133685E+01
  7.149715E+01    6.337433E+04    4.133728E+01
  7.152715E+01    6.342830E+04    4.133772E+01
  7.155716E+01    6.348230E+04    4.133815E+01
  7.158716E+01    6.353632E+04    4.133858E+01
  7.161716E+01    6.359037E+04    4.133902E+01
  7.164716E+01    6.364443E+04    4.133945E+01
  7.167717E+01    6.369852E+04    4.133988E+01
  7.170717E+01    6.375264E+04    4.134031E+01
  7.173717E+01    6.380677E+04    4.134075E+01
  7.176718E+01    6.386093E+04    4.134118E+01
  7.179718E+01    6.391511E+04    4.134161E+01
  7.182718E+01    6.396932E+04    4.134204E+01
  7.185719E+01    6.402355E+04    4.134247E+01
  7.188719E+01    6.407780E+04    4.134290E+01
  7.191719E+01    6.413207E+04    4.134333E+01
  7.194719E+01    6.418637E+04    4.134376E+01
  7.197720E+01    6.424069E+04    4.134418E+01
  7.200720E+01    6.429503E+04    4.134461E+01
  7.203720E+01    6.434940E+04    4.134504E+01
  7.206721E+01    6.440379E+04    4.134547E+01
  7.209721E+01    6.445820E+04    4.134590E+01
  7.212721E+01    6.451263E+04    4.134632E+01
  7.215722E+01    6.456709E+04    4.134675E+01
  7.218722E+01    6.462157E+04    4.134717E+01
  7.221722E+01    6.467607E+04    4.134760E+01
  7.224722E+01    6.473060E+04    4.134803E+01
  7.227723E+01    6.478515E+04    4.134845E+01
  7.230723E+01    6.483972E+04    4.134888E+01
  7.233723E+01    6.489432E+04    4.134930E+01
  7.236724E+01    6.494894E+04    4.134972E+01
  7.239724E+01    6.500358E+04    4.135015E+01
  7.242724E+01    6.505824E+04    4.135057E+01
  7.245725E+01    6.511293E+04    4.135099E+01
  7.248725E+01    6.516764E+04    4.135142E+01
  7.251725E+01    6.522237E+04    4.135184E+01
  7.254725E+01    6.527713E+04    4.135226E+01
  7.257726E+01    6.533191E+04    4.135268E+01
  7.260726E+01    6.538671E+04    4.135310E+01
  7.263726E+01    6.544154E+04    4.135352E+01
  7.266727E+01    6.549638E+04    4.135394E+01
  7.269727E+01    6.555126E+04    4.135436E+01
  7.272727E+01    6.560615E+04    4.135478E+01
  7.275728E+01    6.566107E+04    4.135520E+01
  7.278728E+01    6.571601E+04    4.135562E+01
  7.281728E+01    6.577097E+04    4.135604E+01
  7.284728E+01    6.582596E+04    4.135646E+01
  7.287729E+01    6.588097E+04    4.135688E+01
  7.290729E+01    6.593600E+04    4.135730E+01
  7.293729E+01    6.599105E+04    4.135771E+01
  7.296730E+01    6.604613E+04    4.135813E+01
  7.299730E+01    6.610123E+04    4.135855E+01
  7.302730E+01    6.615636E+04    4.135896E+01
  7.305731E+01    6.621150E+04    4.135938E+01
  7.308731E+01    6.626667E+04    4.135979E+01
  7.311731E+01    6.632187E+04    4.136021E+01
  7.314731E+01    6.637708E+04    4.136062E+01
  7.317732E+01    6.643232E+04    4.136104E+01
  7.320732E+01    6.648758E+04    4.136145E+01
  7.323732E+01    6.654287E+04    4.136187E+01
  7.326733E+01    6.659818E+04    4.136228E+01
  7.329733E+01    6.665351E+04    4.136269E+01
  7.332733E+01    6.670886E+04    4.136311E+01
  7.335734E+01    6.676424E+04    4.136352E+01
  7.338734E+01    6.681964E+04    4.136393E+01
  7.341734E+01    6.687506E+04    4.136434E+01
  7.344734E+01    6.693051E+04    4.136475E+01
  7.347735E+01    6.698597E+04    4.136516E+01
  7.350735E+01    6.704147E+04    4.136558E+01
  7.353735E+01    6.709698E+04    4.136599E+01
  7.356736E+01    6.715252E+04    4.136640E+01
  7.359736E+01    6.720808E+04    4.136681E+01
  7.362736E+01    6.726366E+04    4.136722E+01
  7.365737E+01    6.731927E+04    4.136762E+01
  7.368737E+01    6.737490E+04    4.136803E+01
  7.371737E+01    6.743055E+04    4.136844E+01
  7.374737E+01    6.748623E+04    4.136885E+01
  7.377738E+01    6.754192E+04    4.136926E+01
  7.380738E+01    6.759765E+04    4.136967E+01
  7.383738E+01    6.765339E+04    4.137007E+01
  7.386739E+01    6.770916E+04    4.137048E+01
  7.389739E+01    6.776495E+04    4.137089E+01
  7.392739E+01    6.782076E+04    4.137129E+01
  7.395740E+01    6.787660E+04    4.137170E+01
  7.398740E+01    6.793246E+04    4.137210E+01
  7.401740E+01    6.798834E+04    4.137251E+01
  7.404740E+01    6.804425E+04    4.137291E+01
  7.407741E+01    6.810017E+04    4.137332E+01
  7.410741E+01    6.815612E+04    4.137372E+01
  7.413741E+01    6.821210E+04    4.137412E+01
  7.416742E+01    6.826810E+04    4.137453E+01
  7.419742E+01    6.832412E+04    4.137493E+01
  7.422742E+01    6.838016E+04    4.137533E+01
  7.425743E+01    6.843623E+04    4.137574E+01
  7.428743E+01    6.849231E+04    4.137614E+01
  7.431743E+01    6.854843E+04    4.137654E+01
  7.434743E+01    6.860456E+04    4.137694E+01
  7.437744E+01    6.866072E+04    4.137734E+01
  7.440744E+01    6.871690E+04    4.137774E+01
  7.443744E+01    6.877310E+04    4.137814E+01
  7.446745E+01    6.882933E+04    4.137854E+01
  7.449745E+01    6.888558E+04    4.137894E+01
  7.452745E+01    6.894185E+04    4.137934E+01
  7.455746E+01    6.899815E+04    4.137974E+01
  7.458746E+01    6.905447E+04    4.138014E+01
  7.461746E+01    6.911081E+04    4.138054E+01
  7.464746E+01    6.916718E+04    4.138094E+01
  7.467747E+01    6.922356E+04    4.138134E+01
  7.470747E+01    6.927997E+04    4.138173E+01
  7.473747E+01    6.933641E+04    4.138213E+01
  7.476748E+01    6.939286E+04    4.138253E+01
  7.479748E+01    6.944934E+04    4.138293E+01
  7.482748E+01    6.950585E+04    4.138332E+01
  7.485749E+01    6.956237E+04    4.138372E+01
  7.488749E+01    6.961892E+04    4.138411E+01
  7.491749E+01    6.967549E+04    4.138451E+01
  7.494749E+01    6.973209E+04    4.138490E+01
  7.497750E+01    6.978871E+04    4.138530E+01
  7.500750E+01    6.984535E+04    4.138569E+01
  7.503750E+01    6.990201E+04    4.138609E+01
  7.506751E+01    6.995870E+04    4.138648E+01
  7.509751E+01    7.001541E+04    4.138687E+01
  7.512751E+01    7.007214E+04    4.138727E+01
  7.515752E+01    7.012889E+04    4.138766E+01
  7.518752E+01    7.018567E+04    4.138805E+01
  7.521752E+01    7.024247E+04    4.138844E+01
  7.524752E+01    7.029930E+04    4.138884E+01
  7.527753E+01    7.035615E+04    4.138923E+01
  7.530753E+01    7.041302E+04    4.138962E+01
  7.533753E+01    7.046991E+04    4.139001E+01
  7.536754E+01    7.052682E+04    4.139040E+01
  7.539754E+01    7.058376E+04    4.139079E+01
  7.542754E+01    7.064073E+04    4.139118E+01
  7.545755E+01    7.069771E+04    4.139157E+01
  7.548755E+01    7.075472E+04    4.139196E+01
  7.551755E+01    7.081175E+04    4.139235E+01
  7.554755E+01    7.086881E+04    4.139274E+01
  7.557756E+01    7.092588E+04    4.139313E+01
  7.560756E+01    7.098298E+04    4.139351E+01
  7.563756E+01    7.104011E+04    4.139390E+01
  7.566757E+01    7.109725E+04    4.139429E+01
  7.569757E+01    7.115442E+04    4.139468E+01
  7.572757E+01    7.121161E+04    4.139506E+01
  7.575758E+01    7.126883E+04    4.139545E+01
  7.578758E+01    7.132607E+04    4.139584E+01
  7.581758E+01    7.138333E+04    4.139622E+01
  7.584758E+01    7.144061E+04    4.139661E+01
  7.587759E+01    7.149792E+04    4.139699E+01
  7.590759E+01    7.155525E+04    4.139738E+01
  7.593759E+01    7.161260E+04    4.139776E+01
  7.596760E+01    7.166998E+04    4.139815E+01
  7.599760E+01    7.172738E+04    4.139853E+01
  7.602760E+01    7.178480E+04    4.139891E+01
  7.605761E+01    7.184224E+04    4.139930E+01
  7.608761E+01    7.189971E+04    4.139968E+01
  7.611761E+01    7.195720E+04    4.140006E+01
  7.614761E+01    7.201471E+04    4.140045E+01
  7.617762E+01    7.207225E+04    4.140083E+01
  7.620762E+01    7.212981E+04    4.140121E+01
  7.623762E+01    7.218739E+04    4.140159E+01
  7.626763E+01    7.224500E+04    4.140197E+01
  7.629763E+01    7.230263E+04    4.140236E+01
  7.632763E+01    7.236028E+04    4.140274E+01
  7.635764E+01    7.241795E+04    4.140312E+01
  7.638764E+01    7.247565E+04    4.140350E+01
  7.641764E+01    7.253337E+04    4.140388E+01
  7.644764E+01    7.259111E+04    4.140426E+01
  7.647765E+01    7.264888E+04    4.140463E+01
  7.650765E+01    7.270667E+04    4.140501E+01
  7.653765E+01    7.276448E+04    4.140539E+01
  7.656766E+01    7.282232E+04    4.140577E+01
  7.659766E+01    7.288018E+04    4.140615E+01
  7.662766E+01    7.293806E+04    4.140653E+01
  7.665767E+01    7.299596E+04    4.140690E+01
  7.668767E+01    7.305389E+04    4.140728E+01
  7.671767E+01    7.311184E+04    4.140766E+01
  7.674767E+01    7.316981E+04    4.140803E+01
  7.677768E+01    7.322781E+04    4.140841E+01
  7.680768E+01    7.328583E+04    4.140879E+01
  7.683768E+01    7.334387E+04    4.140916E+01
  7.686769E+01    7.340194E+04    4.140954E+01
  7.689769E+01    7.346002E+04    4.140991E+01
  7.692769E+01    7.351814E+04    4.141029E+01
  7.695770E+01    7.357627E+04    4.141066E+01
  7.698770E+01    7.363443E+04    4.141104E+01
  7.701770E+01    7.369261E+04    4.141141E+01
  7.704770E+01    7.375081E+04    4.141178E+01
  7.707771E+01    7.380904E+04    4.141216E+01
  7.710771E+01    7.386729E+04    4.141253E+01
  7.713771E+01    7.392556E+04    4.141290E+01
  7.716772E+01    7.398385E+04    4.141328E+01
  7.719772E+01    7.404217E+04    4.141365E+01
  7.722772E+01    7.410051E+04    4.141402E+01
  7.725773E+01    7.415887E+04    4.141439E+01
  7.728773E+01    7.421726E+04    4.141476E+01
  7.731773E+01    7.427567E+04    4.141513E+01
  7.734773E+01    7.433410E+04    4.141550E+01
  7.737774E+01    7.439256E+04    4.141587E+01
  7.740774E+01    7.445104E+04    4.141624E+01
  7.743774E+01    7.450954E+04    4.141661E+01
  7.746775E+01    7.456807E+04    4.141698E+01
  7.749775E+01    7.462661E+04    4.141735E+01
  7.752775E+01    7.468518E+04    4.141772E+01
  7.755776E+01    7.474378E+04    4.141809E+01
  7.758776E+01    7.480239E+04    4.141846E+01
  7.761776E+01    7.486103E+04    4.141883E+01
  7.764776E+01    7.491970E+04    4.141919E+01
  7.767777E+01    7.497838E+04    4.141956E+01
  7.770777E+01    7.503709E+04    4.141993E+01
  7.773777E+01    7.509582E+04    4.142030E+01
  7.776778E+01    7.515458E+04    4.142066E+01
  7.779778E+01    7.521335E+04    4.142103E+01
  7.782778E+01    7.527215E+04    4.142139E+01
  7.785779E+01    7.533098E+04    4.142176E+01
  7.788779E+01    7.538982E+04    4.142213E+01
  7.791779E+01    7.544869E+04    4.142249E+01
  7.794779E+01    7.550759E+04    4.142286E+01
  7.797780E+01    7.556650E+04    4.142322E+01
  7.800780E+01    7.562544E+04    4.142359E+01
  7.803780E+01    7.568440E+04    4.142395E+01
  7.806781E+01    7.574339E+04    4.142431E+01
  7.809781E+01    7.580239E+04    4.142468E+01
  7.812781E+01    7.586142E+04    4.142504E+01
  7.815782E+01    7.592048E+04    4.142540E+01
  7.818782E+01    7.597955E+04    4.142577E+01
  7.821782E+01    7.603865E+04    4.142613E+01
  7.824782E+01    7.609777E+04    4.142649E+01
  7.827783E+01    7.615692E+04    4.142685E+01
  7.830783E+01    7.621609E+04    4.142721E+01
  7.833783E+01    7.627528E+04    4.142757E+01
  7.836784E+01    7.633449E+04    4.142794E+01
  7.839784E+01    7.639373E+04    4.142830E+01
  7.842784E+01    7.645299E+04    4.142866E+01
  7.845785E+01    7.651227E+04    4.142902E+01
  7.848785E+01    7.657158E+04    4.142938E+01
  7.851785E+01    7.663091E+04    4.142974E+01
  7.854785E+01    7.669026E+04    4.143010E+01
  7.857786E+01    7.674963E+04    4.143045E+01
  7.860786E+01    7.680903E+04    4.143081E+01
  7.863786E+01    7.686845E+04    4.143117E+01
  7.866787E+01    7.692790E+04    4.143153E+01
  7.869787E+01    7.698736E+04    4.143189E+01
  7.872787E+01    7.704685E+04    4.143225E+01
  7.875788E+01    7.710637E+04    4.143260E+01
  7.878788E+01    7.716590E+04    4.143296E+01
  7.881788E+01    7.722546E+04    4.143332E+01
  7.884788E+01    7.728504E+04    4.143367E+01
  7.887789E+01    7.734465E+04    4.143403E+01
  7.890789E+01    7.740428E+04    4.143439E+01
  7.893789E+01    7.746393E+04    4.143474E+01
  7.896790E+01    7.752360E+04    4.143510E+01
  7.899790E+01    7.758330E+04    4.143545E+01
  7.902790E+01    7.764302E+04    4.143581E+01
  7.905791E+01    7.770276E+04    4.143616E+01
  7.908791E+01    7.776252E+04    4.143652E+01
  7.911791E+01    7.782231E+04    4.143687E+01
  7.914791E+01    7.788212E+04    4.143722E+01
  7.917792E+01    7.794196E+04    4.143758E+01
  7.920792E+01    7.800182E+04    4.143793E+01
  7.923792E+01    7.806170E+04    4.143828E+01
  7.926793E+01    7.812160E+04    4.143864E+01
  7.929793E+01    7.818153E+04    4.143899E+01
  7.932793E+01    7.824148E+04    4.143934E+01
  7.935794E+01    7.830145E+04    4.143969E+01
  7.938794E+01    7.836144E+04    4.144005E+01
  7.941794E+01    7.842146E+04    4.144040E+01
  7.944794E+01    7.848150E+04    4.144075E+01
  7.947795E+01    7.854157E+04    4.144110E+01
  7.950795E+01    7.860165E+04    4.144145E+01
  7.953795E+01    7.866176E+04    4.144180E+01
  7.956796E+01    7.872190E+04    4.144215E+01
  7.959796E+01    7.878205E+04    4.144250E+01
  7.962796E+01    7.884223E+04    4.144285E+01
  7.965797E+01    7.890243E+04    4.144320E+01
  7.968797E+01    7.896266E+04    4.144355E+01
  7.971797E+01    7.902291E+04    4.144390E+01
  7.974797E+01    7.908318E+04    4.144425E+01
  7.977798E+01    7.914347E+04    4.144459E+01
  7.980798E+01    7.920379E+04    4.144494E+01
  7.983798E+01    7.926413E+04    4.144529E+01
  7.986799E+01    7.932449E+04    4.144564E+01
  7.989799E+01    7.938488E+04    4.144598E+01
  7.992799E+01    7.944529E+04    4.144633E+01
  7.995800E+01    7.950572E+04    4.144668E+01
  7.998800E+01    7.956617E+04    4.144702E+01
  8.001800E+01    7.962665E+04    4.144737E+01
  8.004800E+01    7.968715E+04    4.144772E+01
  8.007801E+01    7.974768E+04    4.144806E+01
  8.010801E+01    7.980822E+04    4.144841E+01
  8.013801E+01    7.986879E+04    4.144875E+01
  8.016802E+01    7.992939E+04    4.144910E+01
  8.019802E+01    7.999000E+04    4.144944E+01
  8.022802E+01    8.005064E+04    4.144979E+01
  8.025803E+01    8.011130E+04    4.145013E+01
  8.028803E+01    8.017199E+04    4.145047E+01
  8.031803E+01    8.023269E+04    4.145082E+01
  8.034803E+01    8.029343E+04    4.145116E+01
  8.037804E+01    8.035418E+04    4.145150E+01
  8.040804E+01    8.041496E+04    4.145185E+01
  8.043804E+01    8.047576E+04    4.145219E+01
  8.046805E+01    8.053658E+04    4.145253E+01
  8.049805E+01    8.059742E+04    4.145287E+01
  8.052805E+01    8.065829E+04    4.145321E+01
  8.055806E+01    8.071918E+04    4.145356E+01
  8.058806E+01    8.078010E+04    4.145390E+01
  8.061806E+01    8.084104E+04    4.145424E+01
  8.064806E+01    8.090200E+04    4.145458E+01
  8.067807E+01    8.096298E+04    4.145492E+01
  8.070807E+01    8.102399E+04    4.145526E+01
  8.073807E+01    8.108501E+04    4.145560E+01
  8.076808E+01    8.114607E+04    4.145594E+01
  8.079808E+01    8.120714E+04    4.145628E+01
  8.082808E+01    8.126824E+04    4.145662E+01
  8.085809E+01    8.132936E+04    4.145696E+01
  8.088809E+01    8.139051E+04    4.145730E+01
  8.091809E+01    8.145167E+04    4.145763E+01
  8.094809E+01    8.151286E+04    4.145797E+01
  8.097810E+01    8.157408E+04    4.145831E+01
  8.100810E+01    8.163531E+04    4.145865E+01
  8.103810E+01    8.169657E+04    4.145898E+01
  8.106811E+01    8.175785E+04    4.145932E+01
  8.109811E+01    8.181916E+04    4.145966E+01
  8.112811E+01    8.188049E+04    4.146000E+01
  8.115812E+01    8.194184E+04    4.146033E+01
  8.118812E+01    8.200321E+04    4.146067E+01
  8.121812E+01    8.206461E+04    4.146100E+01
  8.124812E+01    8.212603E+04    4.146134E+01
  8.127813E+01    8.218747E+04    4.146167E+01
  8.130813E+01    8.224894E+04    4.146201E+01
  8.133813E+01    8.231043E+04    4.146234E+01
  8.136814E+01    8.237194E+04    4.146268E+01
  8.139814E+01    8.243347E+04    4.146301E+01
  8.142814E+01    8.249503E+04    4.146335E+01
  8.145815E+01    8.255661E+04    4.146368E+01
  8.148815E+01    8.261822E+04    4.146402E+01
  8.151815E+01    8.267984E+04    4.146435E+01
  8.154815E+01    8.274149E+04    4.146468E+01
  8.157816E+01    8.280316E+04    4.146501E+01
  8.160816E+01    8.286486E+04    4.146535E+01
  8.163816E+01    8.292658E+04    4.146568E+01
  8.166817E+01    8.298832E+04    4.146601E+01
  8.169817E+01    8.305009E+04    4.146634E+01
  8.172817E+01    8.311187E+04    4.146668E+01
  8.175818E+01    8.317368E+04    4.146701E+01
  8.178818E+01    8.323552E+04    4.146734E+01
  8.181818E+01    8.329737E+04    4.146767E+01
  8.184818E+01    8.335925E+04    4.146800E+01
  8.187819E+01    8.342116E+04    4.146833E+01
  8.190819E+01    8.348308E+04    4.146866E+01
  8.193819E+01    8.354503E+04    4.146899E+01
  8.196820E+01    8.360700E+04    4.146932E+01
  8.199820E+01    8.366900E+04    4.146965E+01
  8.202820E+01    8.373101E+04    4.146998E+01
  8.205821E+01    8.379305E+04    4.147031E+01
  8.208821E+01    8.385512E+04    4.147064E+01
  8.211821E+01    8.391720E+04    4.147097E+01
  8.214821E+01    8.397931E+04    4.147129E+01
  8.217822E+01    8.404144E+04    4.147162E+01
  8.220822E+01    8.410360E+04    4.147195E+01
  8.223822E+01    8.416578E+04    4.147228E+01
  8.226823E+01    8.422798E+04    4.147260E+01
  8.229823E+01    8.429020E+04    4.147293E+01
  8.232823E+01    8.435245E+04    4.147326E+01
  8.235824E+01    8.441472E+04    4.147358E+01
  8.238824E+01    8.447701E+04    4.147391E+01
  8.241824E+01    8.453933E+04    4.147424E+01
  8.244824E+01    8.460167E+04    4.147456E+01
  8.247825E+01    8.466403E+04    4.147489E+01
  8.250825E+01    8.472642E+04    4.147521E+01
  8.253825E+01    8.478882E+04    4.147554E+01
  8.256826E+01    8.485125E+04    4.147586E+01
  8.259826E+01    8.491371E+04    4.147619E+01
  8.262826E+01    8.497619E+04    4.147651E+01
  8.265827E+01    8.503869E+04    4.147684E+01
  8.268827E+01    8.510121E+04    4.147716E+01
  8.271827E+01    8.516375E+04    4.147748E+01
  8.274827E+01    8.522632E+04    4.147781E+01
  8.277828E+01    8.528891E+04    4.147813E+01
  8.280828E+01    8.535153E+04    4.147845E+01
  8.283828E+01    8.541417E+04    4.147878E+01
  8.286829E+01    8.547683E+04    4.147910E+01
  8.289829E+01    8.553951E+04    4.147942E+01
  8.292829E+01    8.560222E+04    4.147974E+01
  8.295830E+01    8.566495E+04    4.148007E+01
  8.298830E+01    8.572770E+04    4.148039E+01
  8.301830E+01    8.579048E+04    4.148071E+01
  8.304830E+01    8.585328E+04    4.148103E+01
  8.307831E+01    8.591610E+04    4.148135E+01
  8.310831E+01    8.597894E+04    4.148167E+01
  8.313831E+01    8.604181E+04    4.148199E+01
  8.316832E+01    8.610470E+04    4.148231E+01
  8.319832E+01    8.616761E+04    4.148263E+01
  8.322832E+01    8.623055E+04    4.148295E+01
  8.325833E+01    8.629351E+04    4.148327E+01
  8.328833E+01    8.635649E+04    4.148359E+01
  8.331833E+01    8.641950E+04    4.148391E+01
  8.334833E+01    8.648253E+04    4.148423E+01
  8.337834E+01    8.654558E+04    4.148455E+01
  8.340834E+01    8.660865E+04    4.148487E+01
  8.343834E+01    8.667175E+04    4.148518E+01
  8.346835E+01    8.673487E+04    4.148550E+01
  8.349835E+01    8.679801E+04    4.148582E+01
  8.352835E+01    8.686118E+04    4.148614E+01
  8.355836E+01    8.692437E+04    4.148645E+01
  8.358836E+01    8.698758E+04    4.148677E+01
  8.361836E+01    8.705081E+04    4.148709E+01
  8.364836E+01    8.711407E+04    4.148740E+01
  8.367837E+01    8.717735E+04    4.148772E+01
  8.370837E+01    8.724066E+04    4.148804E+01
  8.373837E+01    8.730399E+04    4.148835E+01
  8.376838E+01    8.736734E+04    4.148867E+01
  8.379838E+01    8.743071E+04    4.148898E+01
  8.382838E+01    8.749410E+04    4.148930E+01
  8.385839E+01    8.755752E+04    4.148961E+01
  8.388839E+01    8.762097E+04    4.148993E+01
  8.391839E+01    8.768443E+04    4.149024E+01
  8.394839E+01    8.774792E+04    4.149056E+01
  8.397840E+01    8.781143E+04    4.149087E+01
  8.400840E+01    8.787496E+04    4.149118E+01
  8.403840E+01    8.793852E+04    4.149150E+01
  8.406841E+01    8.800210E+04    4.149181E+01
  8.409841E+01    8.806570E+04    4.149212E+01
  8.412841E+01    8.812933E+04    4.149244E+01
  8.415842E+01    8.819298E+04    4.149275E+01
  8.418842E+01    8.825665E+04    4.149306E+01
  8.421842E+01    8.832034E+04    4.149337E+01
  8.424842E+01    8.838406E+04    4.149369E+01
  8.427843E+01    8.844780E+04    4.149400E+01
  8.430843E+01    8.851157E+04    4.149431E+01
  8.433843E+01    8.857535E+04    4.149462E+01
  8.436844E+01    8.863916E+04    4.149493E+01
  8.439844E+01    8.870300E+04    4.149524E+01
  8.442844E+01    8.876685E+04    4.149555E+01
  8.445845E+01    8.883073E+04    4.149586E+01
  8.448845E+01    8.889463E+04    4.149617E+01
  8.451845E+01    8.895856E+04    4.149648E+01
  8.454845E+01    8.902250E+04    4.149679E+01
  8.457846E+01    8.908647E+04    4.149710E+01
  8.460846E+01    8.915047E+04    4.149741E+01
  8.463846E+01    8.921448E+04    4.149772E+01
  8.466847E+01    8.927852E+04    4.149803E+01
  8.469847E+01    8.934259E+04    4.149834E+01
  8.472847E+01    8.940667E+04    4.149865E+01
  8.475848E+01    8.947078E+04    4.149896E+01
  8.478848E+01    8.953491E+04    4.149926E+01
  8.481848E+01    8.959906E+04    4.149957E+01
  8.484848E+01    8.966324E+04    4.149988E+01
  8.487849E+01    8.972744E+04    4.150019E+01
  8.490849E+01    8.979167E+04    4.150049E+01
  8.493849E+01    8.985591E+04    4.150080E+01
  8.496850E+01    8.992018E+04    4.150111E+01
  8.499850E+01    8.998447E+04    4.150141E+01
  8.502850E+01    9.004879E+04    4.150172E+01
  8.505851E+01    9.011313E+04    4.150203E+01
  8.508851E+01    9.017749E+04    4.150233E+01
  8.511851E+01    9.024187E+04    4.150264E+01
  8.514851E+01    9.030628E+04    4.150294E+01
  8.517852E+01    9.037071E+04    4.150325E+01
  8.520852E+01    9.043516E+04    4.150355E+01
  8.523852E+01    9.049964E+04    4.150386E+01
  8.526853E+01    9.056414E+04    4.150416E+01
  8.529853E+01    9.062866E+04    4.150447E+01
  8.532853E+01    9.069320E+04    4.150477E+01
  8.535854E+01    9.075777E+04    4.150507E+01
  8.538854E+01    9.082236E+04    4.150538E+01
  8.541854E+01    9.088698E+04    4.150568E+01
  8.544854E+01    9.095161E+04    4.150598E+01
  8.547855E+01    9.101627E+04    4.150629E+01
  8.550855E+01    9.108096E+04    4.150659E+01
  8.553855E+01    9.114566E+04    4.150689E+01
  8.556856E+01    9.121039E+04    4.150719E+01
  8.559856E+01    9.127514E+04    4.150750E+01
  8.562856E+01    9.133992E+04    4.150780E+01
  8.565857E+01    9.140471E+04    4.150810E+01
  8.568857E+01    9.146954E+04    4.150840E+01
  8.571857E+01    9.153438E+04    4.150870E+01
  8.574857E+01    9.159925E+04    4.150900E+01
  8.577858E+01    9.166414E+04    4.150930E+01
  8.580858E+01    9.172905E+04    4.150961E+01
  8.583858E+01    9.179398E+04    4.150991E+01
  8.586859E+01    9.185894E+04    4.151021E+01
  8.589859E+01    9.192392E+04    4.151051E+01
  8.592859E+01    9.198893E+04    4.151081E+01
  8.595860E+01    9.205396E+04    4.151111E+01
  8.598860E+01    9.211901E+04    4.151140E+01
  8.601860E+01    9.218408E+04    4.151170E+01
  8.604860E+01    9.224918E+04    4.151200E+01
  8.607861E+01    9.231430E+04    4.151230E+01
  8.610861E+01    9.237944E+04    4.151260E+01
  8.613861E+01    9.244460E+04    4.151290E+01
  8.616862E+01    9.250979E+04    4.151320E+01
  8.619862E+01    9.257500E+04    4.151349E+01
  8.622862E+01    9.264024E+04    4.151379E+01
  8.625863E+01    9.270549E+04    4.151409E+01
  8.628863E+01    9.277077E+04    4.151439E+01
  8.631863E+01    9.283608E+04    4.151468E+01
  8.634863E+01    9.290140E+04    4.151498E+01
  8.637864E+01    9.296675E+04    4.151528E+01
  8.640864E+01    9.303212E+04    4.151557E+01
  8.643864E+01    9.309752E+04    4.151587E+01
  8.646865E+01    9.316294E+04    4.151617E+01
  8.649865E+01    9.322838E+04    4.151646E+01
  8.652865E+01    9.329384E+04    4.151676E+01
  8.655866E+01    9.335933E+04    4.151705E+01
  8.658866E+01    9.342484E+04    4.151735E+01
  8.661866E+01    9.349037E+04    4.151764E+01
  8.664866E+01    9.355593E+04    4.151794E+01
  8.667867E+01    9.362151E+04    4.151823E+01
  8.670867E+01    9.368711E+04    4.151853E+01
  8.673867E+01    9.375274E+04    4.151882E+01
  8.676868E+01    9.381838E+04    4.151911E+01
  8.679868E+01    9.388405E+04    4.151941E+01
  8.682868E+01    9.394975E+04    4.151970E+01
  8.685869E+01    9.401546E+04    4.152000E+01
  8.688869E+01    9.408120E+04    4.152029E+01
  8.691869E+01    9.414697E+04    4.152058E+01
  8.694869E+01    9.421275E+04    4.152087E+01
  8.697870E+01    9.427856E+04    4.152117E+01
  8.700870E+01    9.434439E+04    4.152146E+01
  8.703870E+01    9.441025E+04    4.152175E+01
  8.706871E+01    9.447613E+04    4.152204E+01
  8.709871E+01    9.454203E+04    4.152233E+01
  8.712871E+01    9.460795E+04    4.152263E+01
  8.715872E+01    9.467390E+04    4.152292E+01
  8.718872E+01    9.473987E+04    4.152321E+01
  8.721872E+01    9.480586E+04    4.152350E+01
  8.724872E+01    9.487187E+04    4.152379E+01
  8.727873E+01    9.493791E+04    4.152408E+01
  8.730873E+01    9.500397E+04    4.152437E+01
  8.733873E+01    9.507006E+04    4.152466E+01
  8.736874E+01    9.513617E+04    4.152495E+01
  8.739874E+01    9.520230E+04    4.152524E+01
  8.742874E+01    9.526845E+04    4.152553E+01
  8.745875E+01    9.533463E+04    4.152582E+01
  8.748875E+01    9.540083E+04    4.152611E+01
  8.751875E+01    9.546705E+04    4.152640E+01
  8.754875E+01    9.553329E+04    4.152669E+01
  8.757876E+01    9.559956E+04    4.152697E+01
  8.760876E+01    9.566585E+04    4.152726E+01
  8.763876E+01    9.573217E+04    4.152755E+01
  8.766877E+01    9.579850E+04    4.152784E+01
  8.769877E+01    9.586486E+04    4.152813E+01
  8.772877E+01    9.593125E+04    4.152841E+01
  8.775878E+01    9.599765E+04    4.152870E+01
  8.778878E+01    9.606408E+04    4.152899E+01
  8.781878E+01    9.613053E+04    4.152928E+01
  8.784878E+01    9.619701E+04    4.152956E+01
  8.787879E+01    9.626351E+04    4.152985E+01
  8.790879E+01    9.633003E+04    4.153014E+01
  8.793879E+01    9.639657E+04    4.153042E+01
  8.796880E+01    9.646314E+04    4.153071E+01
  8.799880E+01    9.652973E+04    4.153099E+01
  8.802880E+01    9.659634E+04    4.153128E+01
  8.805881E+01    9.666298E+04    4.153156E+01
  8.808881E+01    9.672964E+04    4.153185E+01
  8.811881E+01    9.679632E+04    4.153213E+01
  8.814881E+01    9.686302E+04    4.153242E+01
  8.817882E+01    9.692975E+04    4.153270E+01
  8.820882E+01    9.699650E+04    4.153299E+01
  8.823882E+01    9.706328E+04    4.153327E+01
  8.826883E+01    9.713007E+04    4.153356E+01
  8.829883E+01    9.719689E+04    4.153384E+01
  8.832883E+01    9.726374E+04    4.153412E+01
  8.835884E+01    9.733060E+04    4.153441E+01
  8.838884E+01    9.739749E+04    4.153469E+01
  8.841884E+01    9.746440E+04    4.153497E+01
  8.844884E+01    9.753134E+04    4.153526E+01
  8.847885E+01    9.759829E+04    4.153554E+01
  8.850885E+01    9.766527E+04    4.153582E+01
  8.853885E+01    9.773228E+04    4.153610E+01
  8.856886E+01    9.779930E+04    4.153638E+01
  8.859886E+01    9.786635E+04    4.153667E+01
  8.862886E+01    9.793343E+04    4.153695E+01
  8.865887E+01    9.800052E+04    4.153723E+01
  8.868887E+01    9.806764E+04    4.153751E+01
  8.871887E+01    9.813478E+04    4.153779E+01
  8.874887E+01    9.820195E+04    4.153807E+01
  8.877888E+01    9.826913E+04    4.153835E+01
  8.880888E+01    9.833634E+04    4.153863E+01
  8.883888E+01    9.840358E+04    4.153891E+01
  8.886889E+01    9.847083E+04    4.153919E+01
  8.889889E+01    9.853811E+04    4.153947E+01
  8.892889E+01    9.860542E+04    4.153975E+01
  8.895890E+01    9.867274E+04    4.154003E+01
  8.898890E+01    9.874009E+04    4.154031E+01
  8.901890E+01    9.880746E+04    4.154059E+01
  8.904890E+01    9.887485E+04    4.154087E+01
  8.907891E+01    9.894227E+04    4.154115E+01
  8.910891E+01    9.900971E+04    4.154143E+01
  8.913891E+01    9.907718E+04    4.154171E+01
  8.916892E+01    9.914466E+04    4.154199E+01
  8.919892E+01    9.921217E+04    4.154226E+01
  8.922892E+01    9.927970E+04    4.154254E+01
  8.925893E+01    9.934726E+04    4.154282E+01
  8.928893E+01    9.941484E+04    4.154310E+01
  8.931893E+01    9.948244E+04    4.154337E+01
  8.934893E+01    9.955006E+04    4.154365E+01
  8.937894E+01    9.961771E+04    4.154393E+01
  8.940894E+01    9.968538E+04    4.154420E+01
  8.943894E+01    9.975307E+04    4.154448E+01
  8.946895E+01    9.982079E+04    4.154476E+01
  8.949895E+01    9.988852E+04    4.154503E+01
  8.952895E+01    9.995629E+04    4.154531E+01
  8.955896E+01    1.000241E+05    4.154559E+01
  8.958896E+01    1.000919E+05    4.154586E+01
  8.961896E+01    1.001597E+05    4.154614E+01
  8.964896E+01    1.002276E+05    4.154641E+01
  8.967897E+01    1.002954E+05    4.154669E+01
  8.970897E+01    1.003633E+05    4.154696E+01
  8.973897E+01    1.004313E+05    4.154724E+01
  8.976898E+01    1.004992E+05    4.154751E+01
  8.979898E+01    1.005672E+05    4.154778E+01
  8.982898E+01    1.006352E+05    4.154806E+01
  8.985899E+01    1.007032E+05    4.154833E+01
  8.988899E+01    1.007712E+05    4.154861E+01
  8.991899E+01    1.008393E+05    4.154888E+01
  8.994899E+01    1.009074E+05    4.154915E+01
  8.997900E+01    1.009755E+05    4.154943E+01
  9.000900E+01    1.010436E+05    4.154970E+01
  9.003900E+01    1.011118E+05    4.154997E+01
  9.006901E+01    1.011799E+05    4.155025E+01
  9.009901E+01    1.012481E+05    4.155052E+01
  9.012901E+01    1.013163E+05    4.155079E+01
  9.015902E+01    1.013846E+05    4.155106E+01
  9.018902E+01    1.014529E+05    4.155133E+01
  9.021902E+01    1.015212E+05    4.155161E+01
  9.024902E+01    1.015895E+05    4.155188E+01
  9.027903E+01    1.016578E+05    4.155215E+01
  9.030903E+01    1.017262E+05    4.155242E+01
  9.033903E+01    1.017945E+05    4.155269E+01
  9.036904E+01    1.018629E+05    4.155296E+01
  9.039904E+01    1.019314E+05    4.155323E+01
  9.042904E+01    1.019998E+05    4.155350E+01
  9.045905E+01    1.020683E+05    4.155377E+01
  9.048905E+01    1.021368E+05    4.155404E+01
  9.051905E+01    1.022053E+05    4.155431E+01
  9.054905E+01    1.022739E+05    4.155458E+01
  9.057906E+01    1.023424E+05    4.155485E+01
  9.060906E+01    1.024110E+05    4.155512E+01
  9.063906E+01    1.024796E+05    4.155539E+01
  9.066907E+01    1.025483E+05    4.155566E+01
  9.069907E+01    1.026169E+05    4.155593E+01
  9.072907E+01    1.026856E+05    4.155620E+01
  9.075908E+01    1.027543E+05    4.155647E+01
  9.078908E+01    1.028230E+05    4.155673E+01
  9.081908E+01    1.028918E+05    4.155700E+01
  9.084908E+01    1.029606E+05    4.155727E+01
  9.087909E+01    1.030294E+05    4.155754E+01
  9.090909E+01    1.030982E+05    4.155781E+01
  9.093909E+01    1.031670E+05    4.155807E+01
  9.096910E+01    1.032359E+05    4.155834E+01
  9.099910E+01    1.033048E+05    4.155861E+01
  9.102910E+01    1.033737E+05    4.155887E+01
  9.105911E+01    1.034426E+05    4.155914E+01
  9.108911E+01    1.035116E+05    4.155941E+01
  9.111911E+01    1.035805E+05    4.155967E+01
  9.114911E+01    1.036495E+05    4.155994E+01
  9.117912E+01    1.037186E+05    4.156021E+01
  9.120912E+01    1.037876E+05    4.156047E+01
  9.123912E+01    1.038567E+05    4.156074E+01
  9.126913E+01    1.039258E+05    4.156100E+01
  9.129913E+01    1.039949E+05    4.156127E+01
  9.132913E+01    1.040640E+05    4.156153E+01
  9.135914E+01    1.041332E+05    4.156180E+01
  9.138914E+01    1.042024E+05    4.156206E+01
  9.141914E+01    1.042716E+05    4.156233E+01
  9.144914E+01    1.043408E+05    4.156259E+01
  9.147915E+01    1.044101E+05    4.156286E+01
  9.150915E+01    1.044794E+05    4.156312E+01
  9.153915E+01    1.045487E+05    4.156338E+01
  9.156916E+01    1.046180E+05    4.156365E+01
  9.159916E+01    1.046873E+05    4.156391E+01
  9.162916E+01    1.047567E+05    4.156418E+01
  9.165917E+01    1.048261E+05    4.156444E+01
  9.168917E+01    1.048955E+05    4.156470E+01
  9.171917E+01    1.049650E+05    4.156496E+01
  9.174917E+01    1.050344E+05    4.156523E+01
  9.177918E+01    1.051039E+05    4.156549E+01
  9.180918E+01    1.051734E+05    4.156575E+01
  9.183918E+01    1.052430E+05    4.156601E+01
  9.186919E+01    1.053125E+05    4.156628E+01
  9.189919E+01    1.053821E+05    4.156654E+01
  9.192919E+01    1.054517E+05    4.156680E+01
  9.195920E+01    1.055213E+05    4.156706E+01
  9.198920E+01    1.055910E+05    4.156732E+01
  9.201920E+01    1.056606E+05    4.156758E+01
  9.204920E+01    1.057303E+05    4.156784E+01
  9.207921E+01    1.058000E+05    4.156810E+01
  9.210921E+01    1.058698E+05    4.156837E+01
  9.213921E+01    1.059395E+05    4.156863E+01
  9.216922E+01    1.060093E+05    4.156889E+01
  9.219922E+01    1.060791E+05    4.156915E+01
  9.222922E+01    1.061489E+05    4.156941E+01
  9.225923E+01    1.062188E+05    4.156967E+01
  9.228923E+01    1.062887E+05    4.156993E+01
  9.231923E+01    1.063586E+05    4.157019E+01
  9.234923E+01    1.064285E+05    4.157044E+01
  9.237924E+01    1.064984E+05    4.157070E+01
  9.240924E+01    1.065684E+05    4.157096E+01
  9.243924E+01    1.066384E+05    4.157122E+01
  9.246925E+01    1.067084E+05    4.157148E+01
  9.249925E+01    1.067784E+05    4.157174E+01
  9.252925E+01    1.068485E+05    4.157200E+01
  9.255926E+01    1.069186E+05    4.157225E+01
  9.258926E+01    1.069887E+05    4.157251E+01
  9.261926E+01    1.070588E+05    4.157277E+01
  9.264926E+01    1.071290E+05    4.157303E+01
  9.267927E+01    1.071992E+05    4.157328E+01
  9.270927E+01    1.072693E+05    4.157354E+01
  9.273927E+01    1.073396E+05    4.157380E+01
  9.276928E+01    1.074098E+05    4.157406E+01
  9.279928E+01    1.074801E+05    4.157431E+01
  9.282928E+01    1.075504E+05    4.157457E+01
  9.285929E+01    1.076207E+05    4.157483E+01
  9.288929E+01    1.076910E+05    4.157508E+01
  9.291929E+01    1.077614E+05    4.157534E+01
  9.294929E+01    1.078318E+05    4.157559E+01
  9.297930E+01    1.079022E+05    4.157585E+01
  9.300930E+01    1.079726E+05    4.157611E+01
  9.303930E+01    1.080430E+05    4.157636E+01
  9.306931E+01    1.081135E+05    4.157662E+01
  9.309931E+01    1.081840E+05    4.157687E+01
  9.312931E+01    1.082545E+05    4.157713E+01
  9.315932E+01    1.083251E+05    4.157738E+01
  9.318932E+01    1.083956E+05    4.157763E+01
  9.321932E+01    1.084662E+05    4.157789E+01
  9.324932E+01    1.085368E+05    4.157814E+01
  9.327933E+01    1.086075E+05    4.157840E+01
  9.330933E+01    1.086781E+05    4.157865E+01
  9.333933E+01    1.087488E+05    4.157891E+01
  9.336934E+01    1.088195E+05    4.157916E+01
  9.339934E+01    1.088902E+05    4.157941E+01
  9.342934E+01    1.089610E+05    4.157967E+01
  9.345935E+01    1.090318E+05    4.157992E+01
  9.348935E+01    1.091025E+05    4.158017E+01
  9.351935E+01    1.091734E+05    4.158042E+01
  9.354935E+01    1.092442E+05    4.158068E+01
  9.357936E+01    1.093151E+05    4.158093E+01
  9.360936E+01    1.093860E+05    4.158118E+01
  9.363936E+01    1.094569E+05    4.158143E+01
  9.366937E+01    1.095278E+05    4.158169E+01
  9.369937E+01    1.095988E+05    4.158194E+01
  9.372937E+01    1.096697E+05    4.158219E+01
  9.375938E+01    1.097407E+05    4.158244E+01
  9.378938E+01    1.098118E+05    4.158269E+01
  9.381938E+01    1.098828E+05    4.158294E+01
  9.384938E+01    1.099539E+05    4.158319E+01
  9.387939E+01    1.100250E+05    4.158344E+01
  9.390939E+01    1.100961E+05    4.158370E+01
  9.393939E+01    1.101672E+05    4.158395E+01
  9.396940E+01    1.102384E+05    4.158420E+01
  9.399940E+01    1.103096E+05    4.158445E+01
  9.402940E+01    1.103808E+05    4.158470E+01
  9.405941E+01    1.104520E+05    4.158495E+01
  9.408941E+01    1.105233E+05    4.158520E+01
  9.411941E+01    1.105946E+05    4.158545E+01
  9.414941E+01    1.106659E+05    4.158569E+01
  9.417942E+01    1.107372E+05    4.158594E+01
  9.420942E+01    1.108085E+05    4.158619E+01
  9.423942E+01    1.108799E+05    4.158644E+01
  9.426943E+01    1.109513E+05    4.158669E+01
  9.429943E+01    1.110227E+05    4.158694E+01
  9.432943E+01    1.110941E+05    4.158719E+01
  9.435944E+01    1.111656E+05    4.158744E+01
  9.438944E+01    1.112371E+05    4.158768E+01
  9.441944E+01    1.113086E+05    4.158793E+01
  9.444944E+01    1.113801E+05    4.158818E+01
  9.447945E+01    1.114517E+05    4.158843E+01
  9.450945E+01    1.115232E+05    4.158867E+01
  9.453945E+01    1.115948E+05    4.158892E+01
  9.456946E+01    1.116665E+05    4.158917E+01
  9.459946E+01    1.117381E+05    4.158942E+01
  9.462946E+01    1.118098E+05    4.158966E+01
  9.465947E+01    1.118815E+05    4.158991E+01
  9.468947E+01    1.119532E+05    4.159016E+01
  9.471947E+01    1.120249E+05    4.159040E+01
  9.474947E+01    1.120967E+05    4.159065E+01
  9.477948E+01    1.121685E+05    4.159089E+01
  9.480948E+01    1.122403E+05    4.159114E+01
  9.483948E+01    1.123121E+05    4.159139E+01
  9.486949E+01    1.123840E+05    4.159163E+01
  9.489949E+01    1.124558E+05    4.159188E+01
  9.492949E+01    1.125277E+05    4.159212E+01
  9.495950E+01    1.125996E+05    4.159237E+01
  9.498950E+01    1.126716E+05    4.159261E+01
  9.501950E+01    1.127436E+05    4.159286E+01
  9.504950E+01    1.128155E+05    4.159310E+01
  9.507951E+01    1.128876E+05    4.159335E+01
  9.510951E+01    1.129596E+05    4.159359E+01
  9.513951E+01    1.130317E+05    4.159383E+01
  9.516952E+01    1.131037E+05    4.159408E+01
  9.519952E+01    1.131758E+05    4.159432E+01
  9.522952E+01    1.132480E+05    4.159457E+01
  9.525953E+01    1.133201E+05    4.159481E+01
  9.528953E+01    1.133923E+05    4.159505E+01
  9.531953E+01    1.134645E+05    4.159530E+01
  9.534953E+01    1.135367E+05    4.159554E+01
  9.537954E+01    1.136090E+05    4.159578E+01
  9.540954E+01    1.136812E+05    4.159602E+01
  9.543954E+01    1.137535E+05    4.159627E+01
  9.546955E+01    1.138258E+05    4.159651E+01
  9.549955E+01    1.138982E+05    4.159675E+01
  9.552955E+01    1.139705E+05    4.159699E+01
  9.555956E+01    1.140429E+05    4.159724E+01
  9.558956E+01    1.141153E+05    4.159748E+01
  9.561956E+01    1.141877E+05    4.159772E+01
  9.564956E+01    1.142602E+05    4.159796E+01
  9.567957E+01    1.143326E+05    4.159820E+01
  9.570957E+01    1.144051E+05    4.159844E+01
  9.573957E+01    1.144777E+05    4.159868E+01
  9.576958E+01    1.145502E+05    4.159893E+01
  9.579958E+01    1.146228E+05    4.159917E+01
  9.582958E+01    1.146953E+05    4.159941E+01
  9.585959E+01    1.147680E+05    4.159965E+01
  9.588959E+01    1.148406E+05    4.159989E+01
  9.591959E+01    1.149132E+05    4.160013E+01
  9.594959E+01    1.149859E+05    4.160037E+01
  9.597960E+01    1.150586E+05    4.160061E+01
  9.600960E+01    1.151314E+05    4.160085E+01
  9.603960E+01    1.152041E+05    4.160109E+01
  9.606961E+01    1.152769E+05    4.160133E+01
  9.609961E+01    1.153497E+05    4.160157E+01
  9.612961E+01    1.154225E+05    4.160181E+01
  9.615962E+01    1.154953E+05    4.160204E+01
  9.618962E+01    1.155682E+05    4.160228E+01
  9.621962E+01    1.156411E+05    4.160252E+01
  9.624962E+01    1.157140E+05    4.160276E+01
  9.627963E+01    1.157869E+05    4.160300E+01
  9.630963E+01    1.158599E+05    4.160324E+01
  9.633963E+01    1.159328E+05    4.160347E+01
  9.636964E+01    1.160058E+05    4.160371E+01
  9.639964E+01    1.160789E+05    4.160395E+01
  9.642964E+01    1.161519E+05    4.160419E+01
  9.645965E+01    1.162250E+05    4.160443E+01
  9.648965E+01    1.162981E+05    4.160466E+01
  9.651965E+01    1.163712E+05    4.160490E+01
  9.654965E+01    1.164443E+05    4.160514E+01
  9.657966E+01    1.165175E+05    4.160537E+01
  9.660966E+01    1.165907E+05    4.160561E+01
  9.663966E+01    1.166639E+05    4.160585E+01
  9.666967E+01    1.167371E+05    4.160608E+01
  9.669967E+01    1.168104E+05    4.160632E+01
  9.672967E+01    1.168836E+05    4.160656E+01
  9.675968E+01    1.169569E+05    4.160679E+01
  9.678968E+01    1.170303E+05    4.160703E+01
  9.681968E+01    1.171036E+05    4.160726E+01
  9.684968E+01    1.171770E+05    4.160750E+01
  9.687969E+01    1.172504E+05    4.160773E+01
  9.690969E+01    1.173238E+05    4.160797E+01
  9.693969E+01    1.173972E+05    4.160820E+01
  9.696970E+01    1.174707E+05    4.160844E+01
  9.699970E+01    1.175442E+05    4.160867E+01
  9.702970E+01    1.176177E+05    4.160891E+01
  9.705971E+01    1.176912E+05    4.160914E+01
  9.708971E+01    1.177648E+05    4.160938E+01
  9.711971E+01    1.178383E+05    4.160961E+01
  9.714971E+01    1.179119E+05    4.160985E+01
  9.717972E+01    1.179856E+05    4.161008E+01
  9.720972E+01    1.180592E+05    4.161031E+01
  9.723972E+01    1.181329E+05    4.161055E+01
  9.726973E+01    1.182066E+05    4.161078E+01
  9.729973E+01    1.182803E+05    4.161101E+01
  9.732973E+01    1.183540E+05    4.161125E+01
  9.735974E+01    1.184278E+05    4.161148E+01
  9.738974E+01    1.185015E+05    4.161171E+01
  9.741974E+01    1.185753E+05    4.161195E+01
  9.744974E+01    1.186492E+05    4.161218E+01
  9.747975E+01    1.187230E+05    4.161241E+01
  9.750975E+01    1.187969E+05    4.161264E+01
  9.753975E+01    1.188708E+05    4.161288E+01
  9.756976E+01    1.189447E+05    4.161311E+01
  9.759976E+01    1.190187E+05    4.161334E+01
  9.762976E+01    1.190926E+05    4.161357E+01
  9.765977E+01    1.191666E+05    4.161380E+01
  9.768977E+01    1.192406E+05    4.161404E+01
  9.771977E+01    1.193147E+05    4.161427E+01
  9.774977E+01    1.193887E+05    4.161450E+01
  9.777978E+01    1.194628E+05    4.161473E+01
  9.780978E+01    1.195369E+05    4.161496E+01
  9.783978E+01    1.196110E+05    4.161519E+01
  9.786979E+01    1.196852E+05    4.161542E+01
  9.789979E+01    1.197594E+05    4.161565E+01
  9.792979E+01    1.198336E+05    4.161588E+01
  9.795980E+01    1.199078E+05    4.161611E+01
  9.798980E+01    1.199820E+05    4.161634E+01
  9.801980E+01    1.200563E+05    4.161657E+01
  9.804980E+01    1.201306E+05    4.161680E+01
  9.807981E+01    1.202049E+05    4.161703E+01
  9.810981E+01    1.202792E+05    4.161726E+01
  9.813981E+01    1.203536E+05    4.161749E+01
  9.816982E+01    1.204279E+05    4.161772E+01
  9.819982E+01    1.205023E+05    4.161795E+01
  9.822982E+01    1.205768E+05    4.161818E+01
  9.825983E+01    1.206512E+05    4.161841E+01
  9.828983E+01    1.207257E+05    4.161863E+01
  9.831983E+01    1.208002E+05    4.161886E+01
  9.834983E+01    1.208747E+05    4.161909E+01
  9.837984E+01    1.209492E+05    4.161932E+01
  9.840984E+01    1.210238E+05    4.161955E+01
  9.843984E+01    1.210984E+05    4.161978E+01
  9.846985E+01    1.211730E+05    4.162000E+01
  9.849985E+01    1.212476E+05    4.162023E+01
  9.852985E+01    1.213223E+05    4.162046E+01
  9.855986E+01    1.213970E+05    4.162069E+01
  9.858986E+01    1.214717E+05    4.162091E+01
  9.861986E+01    1.215464E+05    4.162114E+01
  9.864986E+01    1.216211E+05    4.162137E+01
  9.867987E+01    1.216959E+05    4.162159E+01
  9.870987E+01    1.217707E+05    4.162182E+01
  9.873987E+01    1.218455E+05    4.162205E+01
  9.876988E+01    1.219204E+05    4.162227E+01
  9.879988E+01    1.219952E+05    4.162250E+01
  9.882988E+01    1.220701E+05    4.162273E+01
  9.885989E+01    1.221450E+05    4.162295E+01
  9.888989E+01    1.222199E+05    4.162318E+01
  9.891989E+01    1.222949E+05    4.162340E+01
  9.894989E+01    1.223699E+05    4.162363E+01
  9.897990E+01    1.224449E+05    4.162385E+01
  9.900990E+01    1.225199E+05    4.162408E+01
  9.903990E+01    1.225949E+05    4.162431E+01
  9.906991E+01    1.226700E+05    4.162453E+01
  9.909991E+01    1.227451E+05    4.162476E+01
  9.912991E+01    1.228202E+05    4.162498E+01
  9.915992E+01    1.228954E+05    4.162520E+01
  9.918992E+01    1.229705E+05    4.162543E+01
  9.921992E+01    1.230457E+05    4.162565E+01
  9.924992E+01    1.231209E+05    4.162588E+01
  9.927993E+01    1.231961E+05    4.162610E+01
  9.930993E+01    1.232714E+05    4.162633E+01
  9.933993E+01    1.233467E+05    4.162655E+01
  9.936994E+01    1.234220E+05    4.162677E+01
  9.939994E+01    1.234973E+05    4.162700E+01
  9.942994E+01    1.235726E+05    4.162722E+01
  9.945995E+01    1.236480E+05    4.162744E+01
  9.948995E+01    1.237234E+05    4.162767E+01
  9.951995E+01    1.237988E+05    4.162789E+01
  9.954995E+01    1.238742E+05    4.162811E+01
  9.957996E+01    1.239497E+05    4.162834E+01
  9.960996E+01    1.240252E+05    4.162856E+01
  9.963996E+01    1.241007E+05    4.162878E+01
  9.966997E+01    1.241762E+05    4.162900E+01
  9.969997E+01    1.242518E+05    4.162922E+01
  9.972997E+01    1.243273E+05    4.162945E+01
  9.975998E+01    1.244029E+05    4.162967E+01
  9.978998E+01    1.244786E+05    4.162989E+01
  9.981998E+01    1.245542E+05    4.163011E+01
  9.984998E+01    1.246299E+05    4.163033E+01
  9.987999E+01    1.247056E+05    4.163055E+01
  9.990999E+01    1.247813E+05    4.163078E+01
  9.993999E+01    1.248570E+05    4.163100E+01
  9.997000E+01    1.249328E+05    4.163122E+01
  1.000000E+02    1.250085E+05    4.163144E+01
  1.000300E+02    1.250843E+05    4.163166E+01
  1.000600E+02    1.251602E+05    4.163188E+01
  1.000900E+02    1.252360E+05    4.163210E+01
  1.001200E+02    1.253119E+05    4.163232E+01
  1.001500E+02    1.253878E+05    4.163254E+01
  1.001800E+02    1.254637E+05    4.163276E+01
  1.002100E+02    1.255397E+05    4.163298E+01
  1.002400E+02    1.256156E+05    4.163320E+01
  1.002700E+02    1.256916E+05    4.163342E+01
  1.003000E+02    1.257676E+05    4.163364E+01
  1.003300E+02    1.258436E+05    4.163386E+01
  1.003600E+02    1.259197E+05    4.163408E+01
  1.003900E+02    1.259958E+05    4.163430E+01
  1.004200E+02    1.260719E+05    4.163452E+01
  1.004500E+02    1.261480E+05    4.163474E+01
  1.004800E+02    1.262242E+05    4.163495E+01
  1.005101E+02    1.263003E+05    4.163517E+01
  1.005401E+02    1.263765E+05    4.163539E+01
  1.005701E+02    1.264527E+05    4.163561E+01
  1.006001E+02    1.265290E+05    4.163583E+01
  1.006301E+02    1.266053E+05    4.163605E+01
  1.006601E+02    1.266815E+05    4.163626E+01
  1.006901E+02    1.267578E+05    4.163648E+01
  1.007201E+02    1.268342E+05    4.163670E+01
  1.007501E+02    1.269105E+05    4.163692E+01
  1.007801E+02    1.269869E+05    4.163713E+01
  1.008101E+02    1.270633E+05    4.163735E+01
  1.008401E+02    1.271397E+05    4.163757E+01
  1.008701E+02    1.272162E+05    4.163779E+01
  1.009001E+02    1.272927E+05    4.163800E+01
  1.009301E+02    1.273692E+05    4.163822E+01
  1.009601E+02    1.274457E+05    4.163844E+01
  1.009901E+02    1.275222E+05    4.163865E+01
  1.010201E+02    1.275988E+05    4.163887E+01
  1.010501E+02    1.276754E+05    4.163908E+01
  1.010801E+02    1.277520E+05    4.163930E+01
  1.011101E+02    1.278286E+05    4.163952E+01
  1.011401E+02    1.279052E+05    4.163973E+01
  1.011701E+02    1.279819E+05    4.163995E+01
  1.012001E+02    1.280586E+05    4.164016E+01
  1.012301E+02    1.281354E+05    4.164038E+01
  1.012601E+02    1.282121E+05    4.164059E+01
  1.012901E+02    1.282889E+05    4.164081E+01
  1.013201E+02    1.283657E+05    4.164103E+01
  1.013501E+02    1.284425E+05    4.164124E+01
  1.013801E+02    1.285193E+05    4.164145E+01
  1.014101E+02    1.285962E+05    4.164167E+01
  1.014401E+02    1.286731E+05    4.164188E+01
  1.014701E+02    1.287500E+05    4.164210E+01
  1.015002E+02    1.288269E+05    4.164231E+01
  1.015302E+02    1.289038E+05    4.164253E+01
  1.015602E+02    1.289808E+05    4.164274E+01
  1.015902E+02    1.290578E+05    4.164295E+01
  1.016202E+02    1.291348E+05    4.164317E+01
  1.016502E+02    1.292119E+05    4.164338E+01
  1.016802E+02    1.292890E+05    4.164360E+01
  1.017102E+02    1.293660E+05    4.164381E+01
  1.017402E+02    1.294432E+05    4.164402E+01
  1.017702E+02    1.295203E+05    4.164424E+01
  1.018002E+02    1.295975E+05    4.164445E+01
  1.018302E+02    1.296746E+05    4.164466E+01
  1.018602E+02    1.297518E+05    4.164487E+01
  1.018902E+02    1.298291E+05    4.164509E+01
  1.019202E+02    1.299063E+05    4.164530E+01
  1.019502E+02    1.299836E+05    4.164551E+01
  1.019802E+02    1.300609E+05    4.164572E+01
  1.020102E+02    1.301382E+05    4.164594E+01
  1.020402E+02    1.302156E+05    4.164615E+01
  1.020702E+02    1.302929E+05    4.164636E+01
  1.021002E+02    1.303703E+05    4.164657E+01
  1.021302E+02    1.304477E+05    4.164678E+01
  1.021602E+02    1.305252E+05    4.164700E+01
  1.021902E+02    1.306026E+05    4.164721E+01
  1.022202E+02    1.306801E+05    4.164742E+01
  1.022502E+02    1.307576E+05    4.164763E+01
  1.022802E+02    1.308351E+05    4.164784E+01
  1.023102E+02    1.309127E+05    4.164805E+01
  1.023402E+02    1.309903E+05    4.164826E+01
  1.023702E+02    1.310679E+05    4.164847E+01
  1.024002E+02    1.311455E+05    4.164868E+01
  1.024302E+02    1.312231E+05    4.164889E+01
  1.024602E+02    1.313008E+05    4.164910E+01
  1.024902E+02    1.313785E+05    4.164931E+01
  1.025203E+02    1.314562E+05    4.164952E+01
  1.025503E+02    1.315339E+05    4.164973E+01
  1.025803E+02    1.316117E+05    4.164994E+01
  1.026103E+02    1.316895E+05    4.165015E+01
  1.026403E+02    1.317673E+05    4.165036E+01
  1.026703E+02    1.318451E+05    4.165057E+01
  1.027003E+02    1.319229E+05    4.165078E+01
  1.027303E+02    1.320008E+05    4.165099E+01
  1.027603E+02    1.320787E+05    4.165120E+01
  1.027903E+02    1.321566E+05    4.165141E+01
  1.028203E+02    1.322346E+05    4.165162E+01
  1.028503E+02    1.323125E+05    4.165183E+01
  1.028803E+02    1.323905E+05    4.165203E+01
  1.029103E+02    1.324685E+05    4.165224E+01
  1.029403E+02    1.325466E+05    4.165245E+01
  1.029703E+02    1.326246E+05    4.165266E+01
  1.030003E+02    1.327027E+05    4.165287E+01
  1.030303E+02    1.327808E+05    4.165308E+01
  1.030603E+02    1.328589E+05    4.165328E+01
  1.030903E+02    1.329371E+05    4.165349E+01
  1.031203E+02    1.330152E+05    4.165370E+01
  1.031503E+02    1.330934E+05    4.165391E+01
  1.031803E+02    1.331716E+05    4.165411E+01
  1.032103E+02    1.332499E+05    4.165432E+01
  1.032403E+02    1.333281E+05    4.165453E+01
  1.032703E+02    1.334064E+05    4.165473E+01
  1.033003E+02    1.334847E+05    4.165494E+01
  1.033303E+02    1.335631E+05    4.165515E+01
  1.033603E+02    1.336414E+05    4.165536E+01
  1.033903E+02    1.337198E+05    4.165556E+01
  1.034203E+02    1.337982E+05    4.165577E+01
  1.034503E+02    1.338766E+05    4.165597E+01
  1.034803E+02    1.339551E+05    4.165618E+01
  1.035104E+02    1.340335E+05    4.165639E+01
  1.035404E+02    1.341120E+05    4.165659E+01
  1.035704E+02    1.341906E+05    4.165680E+01
  1.036004E+02    1.342691E+05    4.165700E+01
  1.036304E+02    1.343477E+05    4.165721E+01
  1.036604E+02    1.344262E+05    4.165741E+01
  1.036904E+02    1.345048E+05    4.165762E+01
  1.037204E+02    1.345835E+05    4.165782E+01
  1.037504E+02    1.346621E+05    4.165803E+01
  1.037804E+02    1.347408E+05    4.165823E+01
  1.038104E+02    1.348195E+05    4.165844E+01
  1.038404E+02    1.348982E+05    4.165864E+01
  1.038704E+02    1.349770E+05    4.165885E+01
  1.039004E+02    1.350557E+05    4.165905E+01
  1.039304E+02    1.351345E+05    4.165926E+01
  1.039604E+02    1.352133E+05    4.165946E+01
  1.039904E+02    1.352922E+05    4.165967E+01
  1.040204E+02    1.353710E+05    4.165987E+01
  1.040504E+02    1.354499E+05    4.166007E+01
  1.040804E+02    1.355288E+05    4.166028E+01
  1.041104E+02    1.356078E+05    4.166048E+01
  1.041404E+02    1.356867E+05    4.166068E+01
  1.041704E+02    1.357657E+05    4.166089E+01
  1.042004E+02    1.358447E+05    4.166109E+01
  1.042304E+02    1.359237E+05    4.166129E+01
  1.042604E+02    1.360028E+05    4.166150E+01
  1.042904E+02    1.360818E+05    4.166170E+01
  1.043204E+02    1.361609E+05    4.166190E+01
  1.043504E+02    1.362400E+05    4.166211E+01
  1.043804E+02    1.363192E+05    4.166231E+01
  1.044104E+02    1.363983E+05    4.166251E+01
  1.044404E+02    1.364775E+05    4.166271E+01
  1.044704E+02    1.365567E+05    4.166292E+01
  1.045005E+02    1.366359E+05    4.166312E+01
  1.045305E+02    1.367152E+05    4.166332E+01
  1.045605E+02    1.367945E+05    4.166352E+01
  1.045905E+02    1.368738E+05    4.166372E+01
  1.046205E+02    1.369531E+05    4.166392E+01
  1.046505E+02    1.370324E+05    4.166413E+01
  1.046805E+02    1.371118E+05    4.166433E+01
  1.047105E+02    1.371912E+05    4.166453E+01
  1.047405E+02    1.372706E+05    4.166473E+01
  1.047705E+02    1.373500E+05    4.166493E+01
  1.048005E+02    1.374295E+05    4.166513E+01
  1.048305E+02    1.375090E+05    4.166533E+01
  1.048605E+02    1.375885E+05    4.166553E+01
  1.048905E+02    1.376680E+05    4.166573E+01
  1.049205E+02    1.377475E+05    4.166593E+01
  1.049505E+02    1.378271E+05    4.166614E+01
  1.049805E+02    1.379067E+05    4.166634E+01
  1.050105E+02    1.379863E+05    4.166654E+01
  1.050405E+02    1.380660E+05    4.166674E+01
  1.050705E+02    1.381456E+05    4.166694E+01
  1.051005E+02    1.382253E+05    4.166714E+01
  1.051305E+02    1.383050E+05    4.166733E+01
  1.051605E+02    1.383848E+05    4.166753E+01
  1.051905E+02    1.384645E+05    4.166773E+01
  1.052205E+02    1.385443E+05    4.166793E+01
  1.052505E+02    1.386241E+05    4.166813E+01
  1.052805E+02    1.387039E+05    4.166833E+01
  1.053105E+02    1.387838E+05    4.166853E+01
  1.053405E+02    1.388636E+05    4.166873E+01
  1.053705E+02    1.389435E+05    4.166893E+01
  1.054005E+02    1.390235E+05    4.166913E+01
  1.054305E+02    1.391034E+05    4.166933E+01
  1.054605E+02    1.391834E+05    4.166952E+01
  1.054905E+02    1.392633E+05    4.166972E+01
  1.055206E+02    1.393433E+05    4.166992E+01
  1.055506E+02    1.394234E+05    4.167012E+01
  1.055806E+02    1.395034E+05    4.167032E+01
  1.056106E+02    1.395835E+05    4.167051E+01
  1.056406E+02    1.396636E+05    4.167071E+01
  1.056706E+02    1.397437E+05    4.167091E+01
  1.057006E+02    1.398239E+05    4.167111E+01
  1.057306E+02    1.399041E+05    4.167130E+01
  1.057606E+02    1.399842E+05    4.167150E+01
  1.057906E+02    1.400645E+05    4.167170E+01
  1.058206E+02    1.401447E+05    4.167190E+01
  1.058506E+02    1.402250E+05    4.167209E+01
  1.058806E+02    1.403052E+05    4.167229E+01
  1.059106E+02    1.403856E+05    4.167249E+01
  1.059406E+02    1.404659E+05    4.167268E+01
  1.059706E+02    1.405462E+05    4.167288E+01
  1.060006E+02    1.406266E+05    4.167308E+01
  1.060306E+02    1.407070E+05    4.167327E+01
  1.060606E+02    1.407874E+05    4.167347E+01
  1.060906E+02    1.408679E+05    4.167366E+01
  1.061206E+02    1.409484E+05    4.167386E+01
  1.061506E+02    1.410288E+05    4.167406E+01
  1.061806E+02    1.411094E+05    4.167425E+01
  1.062106E+02    1.411899E+05    4.167445E+01
  1.062406E+02    1.412705E+05    4.167464E+01
  1.062706E+02    1.413510E+05    4.167484E+01
  1.063006E+02    1.414316E+05    4.167503E+01
  1.063306E+02    1.415123E+05    4.167523E+01
  1.063606E+02    1.415929E+05    4.167542E+01
  1.063906E+02    1.416736E+05    4.167562E+01
  1.064206E+02    1.417543E+05    4.167581E+01
  1.064506E+02    1.418350E+05    4.167601E+01
  1.064806E+02    1.419158E+05    4.167620E+01
  1.065107E+02    1.419965E+05    4.167640E+01
  1.065407E+02    1.420773E+05    4.167659E+01
  1.065707E+02    1.421581E+05    4.167679E+01
  1.066007E+02    1.422390E+05    4.167698E+01
  1.066307E+02    1.423198E+05    4.167717E+01
  1.066607E+02    1.424007E+05    4.167737E+01
  1.066907E+02    1.424816E+05    4.167756E+01
  1.067207E+02    1.425626E+05    4.167776E+01
  1.067507E+02    1.426435E+05    4.167795E+01
  1.067807E+02    1.427245E+05    4.167814E+01
  1.068107E+02    1.428055E+05    4.167834E+01
  1.068407E+02    1.428865E+05    4.167853E+01
  1.068707E+02    1.429675E+05    4.167872E+01
  1.069007E+02    1.430486E+05    4.167892E+01
  1.069307E+02    1.431297E+05    4.167911E+01
  1.069607E+02    1.432108E+05    4.167930E+01
  1.069907E+02    1.432919E+05    4.167949E+01
  1.070207E+02    1.433731E+05    4.167969E+01
  1.070507E+02    1.434543E+05    4.167988E+01
  1.070807E+02    1.435355E+05    4.168007E+01
  1.071107E+02    1.436167E+05    4.168026E+01
  1.071407E+02    1.436980E+05    4.168046E+01
  1.071707E+02    1.437792E+05    4.168065E+01
  1.072007E+02    1.438605E+05    4.168084E+01
  1.072307E+02    1.439418E+05    4.168103E+01
  1.072607E+02    1.440232E+05    4.168122E+01
  1.072907E+02    1.441046E+05    4.168141E+01
  1.073207E+02    1.441859E+05    4.168161E+01
  1.073507E+02    1.442674E+05    4.168180E+01
  1.073807E+02    1.443488E+05    4.168199E+01
  1.074107E+02    1.444302E+05    4.168218E+01
  1.074407E+02    1.445117E+05    4.168237E+01
  1.074707E+02    1.445932E+05    4.168256E+01
  1.075008E+02    1.446747E+05    4.168275E+01
  1.075308E+02    1.447563E+05    4.168294E+01
  1.075608E+02    1.448379E+05    4.168313E+01
  1.075908E+02    1.449195E+05    4.168333E+01
  1.076208E+02    1.450011E+05    4.168352E+01
  1.076508E+02    1.450827E+05    4.168371E+01
  1.076808E+02    1.451644E+05    4.168390E+01
  1.077108E+02    1.452461E+05    4.168409E+01
  1.077408E+02    1.453278E+05    4.168428E+01
  1.077708E+02    1.454095E+05    4.168447E+01
  1.078008E+02    1.454913E+05    4.168466E+01
  1.078308E+02    1.455730E+05    4.168485E+01
  1.078608E+02    1.456548E+05    4.168504E+01
  1.078908E+02    1.457367E+05    4.168523E+01
  1.079208E+02    1.458185E+05    4.168541E+01
  1.079508E+02    1.459004E+05    4.168560E+01
  1.079808E+02    1.459823E+05    4.168579E+01
  1.080108E+02    1.460642E+05    4.168598E+01
  1.080408E+02    1.461461E+05    4.168617E+01
  1.080708E+02    1.462281E+05    4.168636E+01
  1.081008E+02    1.463101E+05    4.168655E+01
  1.081308E+02    1.463921E+05    4.168674E+01
  1.081608E+02    1.464741E+05    4.168693E+01
  1.081908E+02    1.465562E+05    4.168711E+01
  1.082208E+02    1.466383E+05    4.168730E+01
  1.082508E+02    1.467204E+05    4.168749E+01
  1.082808E+02    1.468025E+05    4.168768E+01
  1.083108E+02    1.468846E+05    4.168787E+01
  1.083408E+02    1.469668E+05    4.168806E+01
  1.083708E+02    1.470490E+05    4.168824E+01
  1.084008E+02    1.471312E+05    4.168843E+01
  1.084308E+02    1.472134E+05    4.168862E+01
  1.084608E+02    1.472957E+05    4.168881E+01
  1.084908E+02    1.473780E+05    4.168899E+01
  1.085209E+02    1.474603E+05    4.168918E+01
  1.085509E+02    1.475426E+05    4.168937E+01
  1.085809E+02    1.476250E+05    4.168955E+01
  1.086109E+02    1.477073E+05    4.168974E+01
  1.086409E+02    1.477897E+05    4.168993E+01
  1.086709E+02    1.478722E+05    4.169012E+01
  1.087009E+02    1.479546E+05    4.169030E+01
  1.087309E+02    1.480371E+05    4.169049E+01
  1.087609E+02    1.481196E+05    4.169068E+01
  1.087909E+02    1.482021E+05    4.169086E+01
  1.088209E+02    1.482846E+05    4.169105E+01
  1.088509E+02    1.483672E+05    4.169123E+01
  1.088809E+02    1.484498E+05    4.169142E+01
  1.089109E+02    1.485324E+05    4.169161E+01
  1.089409E+02    1.486150E+05    4.169179E+01
  1.089709E+02    1.486976E+05    4.169198E+01
  1.090009E+02    1.487803E+05    4.169216E+01
  1.090309E+02    1.488630E+05    4.169235E+01
  1.090609E+02    1.489457E+05    4.169253E+01
  1.090909E+02    1.490285E+05    4.169272E+01
  1.091209E+02    1.491113E+05    4.169290E+01
  1.091509E+02    1.491940E+05    4.169309E+01
  1.091809E+02    1.492769E+05    4.169327E+01
  1.092109E+02    1.493597E+05    4.169346E+01
  1.092409E+02    1.494425E+05    4.169364E+01
  1.092709E+02    1.495254E+05    4.169383E+01
  1.093009E+02    1.496083E+05    4.169401E+01
  1.093309E+02    1.496913E+05    4.169420E+01
  1.093609E+02    1.497742E+05    4.169438E+01
  1.093909E+02    1.498572E+05    4.169457E+01
  1.094209E+02    1.499402E+05    4.169475E+01
  1.094509E+02    1.500232E+05    4.169494E+01
  1.094809E+02    1.501062E+05    4.169512E+01
  1.095110E+02    1.501893E+05    4.169530E+01
  1.095410E+02    1.502724E+05    4.169549E+01
  1.095710E+02    1.503555E+05    4.169567E+01
  1.096010E+02    1.504386E+05    4.169585E+01
  1.096310E+02    1.505218E+05    4.169604E+01
  1.096610E+02    1.506050E+05    4.169622E+01
  1.096910E+02    1.506882E+05    4.169640E+01
  1.097210E+02    1.507714E+05    4.169659E+01
  1.097510E+02    1.508547E+05    4.169677E+01
  1.097810E+02    1.509379E+05    4.169695E+01
  1.098110E+02    1.510212E+05    4.169714E+01
  1.098410E+02    1.511045E+05    4.169732E+01
  1.098710E+02    1.511879E+05    4.169750E+01
  1.099010E+02    1.512712E+05    4.169769E+01
  1.099310E+02    1.513546E+05    4.169787E+01
  1.099610E+02    1.514380E+05    4.169805E+01
  1.099910E+02    1.515215E+05    4.169823E+01
  1.100210E+02    1.516049E+05    4.169841E+01
  1.100510E+02    1.516884E+05    4.169860E+01
  1.100810E+02    1.517719E+05    4.169878E+01
  1.101110E+02    1.518554E+05    4.169896E+01
  1.101410E+02    1.519390E+05    4.169914E+01
  1.101710E+02    1.520226E+05    4.169932E+01
  1.102010E+02    1.521061E+05    4.169951E+01
  1.102310E+02    1.521898E+05    4.169969E+01
  1.102610E+02    1.522734E+05    4.169987E+01
  1.102910E+02    1.523571E+05    4.170005E+01
  1.103210E+02    1.524407E+05    4.170023E+01
  1.103510E+02    1.525245E+05    4.170041E+01
  1.103810E+02    1.526082E+05    4.170059E+01
  1.104110E+02    1.526919E+05    4.170077E+01
  1.104410E+02    1.527757E+05    4.170095E+01
  1.104710E+02    1.528595E+05    4.170114E+01
  1.105011E+02    1.529433E+05    4.170132E+01
  1.105311E+02    1.530272E+05    4.170150E+01
  1.105611E+02    1.531111E+05    4.170168E+01
  1.105911E+02    1.531950E+05    4.170186E+01
  1.106211E+02    1.532789E+05    4.170204E+01
  1.106511E+02    1.533628E+05    4.170222E+01
  1.106811E+02    1.534468E+05    4.170240E+01
  1.107111E+02    1.535308E+05    4.170258E+01
  1.107411E+02    1.536148E+05    4.170276E+01
  1.107711E+02    1.536988E+05    4.170294E+01
  1.108011E+02    1.537828E+05    4.170312E+01
  1.108311E+02    1.538669E+05    4.170330E+01
  1.108611E+02    1.539510E+05    4.170348E+01
  1.108911E+02    1.540351E+05    4.170365E+01
  1.109211E+02    1.541193E+05    4.170383E+01
  1.109511E+02    1.542035E+05    4.170401E+01
  1.109811E+02    1.542876E+05    4.170419E+01
  1.110111E+02    1.543719E+05    4.170437E+01
  1.110411E+02    1.544561E+05    4.170455E+01
  1.110711E+02    1.545404E+05    4.170473E+01
  1.111011E+02    1.546246E+05    4.170491E+01
  1.111311E+02    1.547089E+05    4.170509E+01
  1.111611E+02    1.547933E+05    4.170526E+01
  1.111911E+02    1.548776E+05    4.170544E+01
  1.112211E+02    1.549620E+05    4.170562E+01
  1.112511E+02    1.550464E+05    4.170580E+01
  1.112811E+02    1.551308E+05    4.170598E+01
  1.113111E+02    1.552153E+05    4.170616E+01
  1.113411E+02    1.552997E+05    4.170633E+01
  1.113711E+02    1.553842E+05    4.170651E+01
  1.114011E+02    1.554687E+05    4.170669E+01
  1.114311E+02    1.555533E+05    4.170687E+01
  1.114611E+02    1.556378E+05    4.170704E+01
  1.114911E+02    1.557224E+05    4.170722E+01
  1.115212E+02    1.558070E+05    4.170740E+01
  1.115512E+02    1.558916E+05    4.170758E+01
  1.115812E+02    1.559763E+05    4.170775E+01
  1.116112E+02    1.560610E+05    4.170793E+01
  1.116412E+02    1.561457E+05    4.170811E+01
  1.116712E+02    1.562304E+05    4.170828E+01
  1.117012E+02    1.563151E+05    4.170846E+01
  1.117312E+02    1.563999E+05    4.170864E+01
  1.117612E+02    1.564847E+05    4.170881E+01
  1.117912E+02    1.565695E+05    4.170899E+01
  1.118212E+02    1.566543E+05    4.170917E+01
  1.118512E+02    1.567392E+05    4.170934E+01
  1.118812E+02    1.568241E+05    4.170952E+01
  1.119112E+02    1.569090E+05    4.170969E+01
  1.119412E+02    1.569939E+05    4.170987E+01
  1.119712E+02    1.570788E+05    4.171005E+01
  1.120012E+02    1.571638E+05    4.171022E+01
  1.120312E+02    1.572488E+05    4.171040E+01
  1.120612E+02    1.573338E+05    4.171057E+01
  1.120912E+02    1.574189E+05    4.171075E+01
  1.121212E+02    1.575039E+05    4.171092E+01
  1.121512E+02    1.575890E+05    4.171110E+01
  1.121812E+02    1.576741E+05    4.171127E+01
  1.122112E+02    1.577593E+05    4.171145E+01
  1.122412E+02    1.578444E+05    4.171162E+01
  1.122712E+02    1.579296E+05    4.171180E+01
  1.123012E+02    1.580148E+05    4.171197E+01
  1.123312E+02    1.581000E+05    4.171215E+01
  1.123612E+02    1.581853E+05    4.171232E+01
  1.123912E+02    1.582705E+05    4.171250E+01
  1.124212E+02    1.583558E+05    4.171267E+01
  1.124512E+02    1.584411E+05    4.171285E+01
  1.124812E+02    1.585265E+05    4.171302E+01
  1.125113E+02    1.586119E+05    4.171320E+01
  1.125413E+02    1.586972E+05    4.171337E+01
  1.125713E+02    1.587826E+05    4.171354E+01
  1.126013E+02    1.588681E+05    4.171372E+01
  1.126313E+02    1.589535E+05    4.171389E+01
  1.126613E+02    1.590390E+05    4.171406E+01
  1.126913E+02    1.591245E+05    4.171424E+01
  1.127213E+02    1.592100E+05    4.171441E+01
  1.127513E+02    1.592956E+05    4.171459E+01
  1.127813E+02    1.593812E+05    4.171476E+01
  1.128113E+02    1.594667E+05    4.171493E+01
  1.128413E+02    1.595524E+05    4.171511E+01
  1.128713E+02    1.596380E+05    4.171528E+01
  1.129013E+02    1.597237E+05    4.171545E+01
  1.129313E+02    1.598093E+05    4.171562E+01
  1.129613E+02    1.598951E+05    4.171580E+01
  1.129913E+02    1.599808E+05    4.171597E+01
  1.130213E+02    1.600665E+05    4.171614E+01
  1.130513E+02    1.601523E+05    4.171631E+01
  1.130813E+02    1.602381E+05    4.171649E+01
  1.131113E+02    1.603239E+05    4.171666E+01
  1.131413E+02    1.604098E+05    4.171683E+01
  1.131713E+02    1.604956E+05    4.171700E+01
  1.132013E+02    1.605815E+05    4.171718E+01
  1.132313E+02    1.606675E+05    4.171735E+01
  1.132613E+02    1.607534E+05    4.171752E+01
  1.132913E+02    1.608394E+05    4.171769E+01
  1.133213E+02    1.609253E+05    4.171786E+01
  1.133513E+02    1.610113E+05    4.171803E+01
  1.133813E+02    1.610974E+05    4.171821E+01
  1.134113E+02    1.611834E+05    4.171838E+01
  1.134413E+02    1.612695E+05    4.171855E+01
  1.134713E+02    1.613556E+05    4.171872E+01
  1.135014E+02    1.614417E+05    4.171889E+01
  1.135314E+02    1.615279E+05    4.171906E+01
  1.135614E+02    1.616140E+05    4.171923E+01
  1.135914E+02    1.617002E+05    4.171940E+01
  1.136214E+02    1.617864E+05    4.171957E+01
  1.136514E+02    1.618727E+05    4.171975E+01
  1.136814E+02    1.619589E+05    4.171992E+01
  1.137114E+02    1.620452E+05    4.172009E+01
  1.137414E+02    1.621315E+05    4.172026E+01
  1.137714E+02    1.622178E+05    4.172043E+01
  1.138014E+02    1.623042E+05    4.172060E+01
  1.138314E+02    1.623906E+05    4.172077E+01
  1.138614E+02    1.624770E+05    4.172094E+01
  1.138914E+02    1.625634E+05    4.172111E+01
  1.139214E+02    1.626498E+05    4.172128E+01
  1.139514E+02    1.627363E+05    4.172145E+01
  1.139814E+02    1.628228E+05    4.172162E+01
  1.140114E+02    1.629093E+05    4.172179E+01
  1.140414E+02    1.629958E+05    4.172196E+01
  1.140714E+02    1.630824E+05    4.172212E+01
  1.141014E+02    1.631690E+05    4.172229E+01
  1.141314E+02    1.632556E+05    4.172246E+01
  1.141614E+02    1.633422E+05    4.172263E+01
  1.141914E+02    1.634288E+05    4.172280E+01
  1.142214E+02    1.635155E+05    4.172297E+01
  1.142514E+02    1.636022E+05    4.172314E+01
  1.142814E+02    1.636889E+05    4.172331E+01
  1.143114E+02    1.637757E+05    4.172348E+01
  1.143414E+02    1.638624E+05    4.172365E+01
  1.143714E+02    1.639492E+05    4.172381E+01
  1.144014E+02    1.640360E+05    4.172398E+01
  1.144314E+02    1.641229E+05    4.172415E+01
  1.144614E+02    1.642097E+05    4.172432E+01
  1.144914E+02    1.642966E+05    4.172449E+01
  1.145215E+02    1.643835E+05    4.172466E+01
  1.145515E+02    1.644704E+05    4.172482E+01
  1.145815E+02    1.645574E+05    4.172499E+01
  1.146115E+02    1.646444E+05    4.172516E+01
  1.146415E+02    1.647313E+05    4.172533E+01
  1.146715E+02    1.648184E+05    4.172549E+01
  1.147015E+02    1.649054E+05    4.172566E+01
  1.147315E+02    1.649925E+05    4.172583E+01
  1.147615E+02    1.650796E+05    4.172600E+01
  1.147915E+02    1.651667E+05    4.172616E+01
  1.148215E+02    1.652538E+05    4.172633E+01
  1.148515E+02    1.653410E+05    4.172650E+01
  1.148815E+02    1.654281E+05    4.172667E+01
  1.149115E+02    1.655153E+05    4.172683E+01
  1.149415E+02    1.656026E+05    4.172700E+01
  1.149715E+02    1.656898E+05    4.172717E+01
  1.150015E+02    1.657771E+05    4.172733E+01
  1.150315E+02    1.658644E+05    4.172750E+01
  1.150615E+02    1.659517E+05    4.172767E+01
  1.150915E+02    1.660390E+05    4.172783E+01
  1.151215E+02    1.661264E+05    4.172800E+01
  1.151515E+02    1.662138E+05    4.172816E+01
  1.151815E+02    1.663012E+05    4.172833E+01
  1.152115E+02    1.663886E+05    4.172850E+01
  1.152415E+02    1.664761E+05    4.172866E+01
  1.152715E+02    1.665635E+05    4.172883E+01
  1.153015E+02    1.666510E+05    4.172899E+01
  1.153315E+02    1.667386E+05    4.172916E+01
  1.153615E+02    1.668261E+05    4.172933E+01
  1.153915E+02    1.669137E+05    4.172949E+01
  1.154215E+02    1.670013E+05    4.172966E+01
  1.154515E+02    1.670889E+05    4.172982E+01
  1.154815E+02    1.671765E+05    4.172999E+01
  1.155116E+02    1.672642E+05    4.173015E+01
  1.155416E+02    1.673519E+05    4.173032E+01
  1.155716E+02    1.674396E+05    4.173048E+01
  1.156016E+02    1.675273E+05    4.173065E+01
  1.156316E+02    1.676151E+05    4.173081E+01
  1.156616E+02    1.677028E+05    4.173098E+01
  1.156916E+02    1.677906E+05    4.173114E+01
  1.157216E+02    1.678784E+05    4.173131E+01
  1.157516E+02    1.679663E+05    4.173147E+01
  1.157816E+02    1.680542E+05    4.173163E+01
  1.158116E+02    1.681420E+05    4.173180E+01
  1.158416E+02    1.682300E+05    4.173196E+01
  1.158716E+02    1.683179E+05    4.173213E+01
  1.159016E+02    1.684059E+05    4.173229E+01
  1.159316E+02    1.684938E+05    4.173246E+01
  1.159616E+02    1.685818E+05    4.173262E+01
  1.159916E+02    1.686699E+05    4.173278E+01
  1.160216E+02    1.687579E+05    4.173295E+01
  1.160516E+02    1.688460E+05    4.173311E+01
  1.160816E+02    1.689341E+05    4.173327E+01
  1.161116E+02    1.690222E+05    4.173344E+01
  1.161416E+02    1.691104E+05    4.173360E+01
  1.161716E+02    1.691985E+05    4.173376E+01
  1.162016E+02    1.692867E+05    4.173393E+01
  1.162316E+02    1.693749E+05    4.173409E+01
  1.162616E+02    1.694632E+05    4.173425E+01
  1.162916E+02    1.695514E+05    4.173442E+01
  1.163216E+02    1.696397E+05    4.173458E+01
  1.163516E+02    1.697280E+05    4.173474E+01
  1.163816E+02    1.698163E+05    4.173490E+01
  1.164116E+02    1.699047E+05    4.173507E+01
  1.164416E+02    1.699931E+05    4.173523E+01
  1.164716E+02    1.700815E+05    4.173539E+01
  1.165017E+02    1.701699E+05    4.173555E+01
  1.165317E+02    1.702583E+05    4.173572E+01
  1.165617E+02    1.703468E+05    4.173588E+01
  1.165917E+02    1.704353E+05    4.173604E+01
  1.166217E+02    1.705238E+05    4.173620E+01
  1.166517E+02    1.706123E+05    4.173637E+01
  1.166817E+02    1.707009E+05    4.173653E+01
  1.167117E+02    1.707894E+05    4.173669E+01
  1.167417E+02    1.708780E+05    4.173685E+01
  1.167717E+02    1.709667E+05    4.173701E+01
  1.168017E+02    1.710553E+05    4.173717E+01
  1.168317E+02    1.711440E+05    4.173734E+01
  1.168617E+02    1.712327E+05    4.173750E+01
  1.168917E+02    1.713214E+05    4.173766E+01
  1.169217E+02    1.714101E+05    4.173782E+01
  1.169517E+02    1.714989E+05    4.173798E+01
  1.169817E+02    1.715877E+05    4.173814E+01
  1.170117E+02    1.716765E+05    4.173830E+01
  1.170417E+02    1.717653E+05    4.173846E+01
  1.170717E+02    1.718542E+05    4.173862E+01
  1.171017E+02    1.719431E+05    4.173878E+01
  1.171317E+02    1.720320E+05    4.173895E+01
  1.171617E+02    1.721209E+05    4.173911E+01
  1.171917E+02    1.722098E+05    4.173927E+01
  1.172217E+02    1.722988E+05    4.173943E+01
  1.172517E+02    1.723878E+05    4.173959E+01
  1.172817E+02    1.724768E+05    4.173975E+01
  1.173117E+02    1.725659E+05    4.173991E+01
  1.173417E+02    1.726549E+05    4.174007E+01
  1.173717E+02    1.727440E+05    4.174023E+01
  1.174017E+02    1.728331E+05    4.174039E+01
  1.174317E+02    1.729223E+05    4.174055E+01
  1.174617E+02    1.730114E+05    4.174071E+01
  1.174917E+02    1.731006E+05    4.174087E+01
  1.175218E+02    1.731898E+05    4.174103E+01
  1.175518E+02    1.732790E+05    4.174119E+01
  1.175818E+02    1.733683E+05    4.174134E+01
  1.176118E+02    1.734575E+05    4.174150E+01
  1.176418E+02    1.735468E+05    4.174166E+01
  1.176718E+02    1.736361E+05    4.174182E+01
  1.177018E+02    1.737255E+05    4.174198E+01
  1.177318E+02    1.738148E+05    4.174214E+01
  1.177618E+02    1.739042E+05    4.174230E+01
  1.177918E+02    1.739936E+05    4.174246E+01
  1.178218E+02    1.740831E+05    4.174262E+01
  1.178518E+02    1.741725E+05    4.174278E+01
  1.178818E+02    1.742620E+05    4.174293E+01
  1.179118E+02    1.743515E+05    4.174309E+01
  1.179418E+02    1.744410E+05    4.174325E+01
  1.179718E+02    1.745305E+05    4.174341E+01
  1.180018E+02    1.746201E+05    4.174357E+01
  1.180318E+02    1.747097E+05    4.174373E+01
  1.180618E+02    1.747993E+05    4.174388E+01
  1.180918E+02    1.748890E+05    4.174404E+01
  1.181218E+02    1.749786E+05    4.174420E+01
  1.181518E+02    1.750683E+05    4.174436E+01
  1.181818E+02    1.751580E+05    4.174451E+01
  1.182118E+02    1.752477E+05    4.174467E+01
  1.182418E+02    1.753375E+05    4.174483E+01
  1.182718E+02    1.754273E+05    4.174499E+01
  1.183018E+02    1.755171E+05    4.174515E+01
  1.183318E+02    1.756069E+05    4.174530E+01
  1.183618E+02    1.756967E+05    4.174546E+01
  1.183918E+02    1.757866E+05    4.174562E+01
  1.184218E+02    1.758765E+05    4.174577E+01
  1.184518E+02    1.759664E+05    4.174593E+01
  1.184818E+02    1.760563E+05    4.174609E+01
  1.185119E+02    1.761463E+05    4.174624E+01
  1.185419E+02    1.762363E+05    4.174640E+01
  1.185719E+02    1.763263E+05    4.174656E+01
  1.186019E+02    1.764163E+05    4.174672E+01
  1.186319E+02    1.765063E+05    4.174687E+01
  1.186619E+02    1.765964E+05    4.174703E+01
  1.186919E+02    1.766865E+05    4.174718E+01
  1.187219E+02    1.767766E+05    4.174734E+01
  1.187519E+02    1.768668E+05    4.174750E+01
  1.187819E+02    1.769569E+05    4.174765E+01
  1.188119E+02    1.770471E+05    4.174781E+01
  1.188419E+02    1.771373E+05    4.174797E+01
  1.188719E+02    1.772276E+05    4.174812E+01
  1.189019E+02    1.773178E+05    4.174828E+01
  1.189319E+02    1.774081E+05    4.174843E+01
  1.189619E+02    1.774984E+05    4.174859E+01
  1.189919E+02    1.775887E+05    4.174874E+01
  1.190219E+02    1.776791E+05    4.174890E+01
  1.190519E+02    1.777695E+05    4.174905E+01
  1.190819E+02    1.778599E+05    4.174921E+01
  1.191119E+02    1.779503E+05    4.174937E+01
  1.191419E+02    1.780407E+05    4.174952E+01
  1.191719E+02    1.781312E+05    4.174968E+01
  1.192019E+02    1.782217E+05    4.174983E+01
  1.192319E+02    1.783122E+05    4.174999E+01
  1.192619E+02    1.784027E+05    4.175014E+01
  1.192919E+02    1.784933E+05    4.175030E+01
  1.193219E+02    1.785838E+05    4.175045E+01
  1.193519E+02    1.786744E+05    4.175061E+01
  1.193819E+02    1.787651E+05    4.175076E+01
  1.194119E+02    1.788557E+05    4.175091E+01
  1.194419E+02    1.789464E+05    4.175107E+01
  1.194719E+02    1.790371E+05    4.175122E+01
  1.195020E+02    1.791278E+05    4.175138E+01
  1.195320E+02    1.792185E+05    4.175153E+01
  1.195620E+02    1.793093E+05    4.175169E+01
  1.195920E+02    1.794001E+05    4.175184E+01
  1.196220E+02    1.794909E+05    4.175199E+01
  1.196520E+02    1.795817E+05    4.175215E+01
  1.196820E+02    1.796726E+05    4.175230E+01
  1.197120E+02    1.797635E+05    4.175245E+01
  1.197420E+02    1.798544E+05    4.175261E+01
  1.197720E+02    1.799453E+05    4.175276E+01
  1.198020E+02    1.800362E+05    4.175292E+01
  1.198320E+02    1.801272E+05    4.175307E+01
  1.198620E+02    1.802182E+05    4.175322E+01
  1.198920E+02    1.803092E+05    4.175338E+01
  1.199220E+02    1.804002E+05    4.175353E+01
  1.199520E+02    1.804913E+05    4.175368E+01
  1.199820E+02    1.805824E+05    4.175383E+01
  1.200120E+02    1.806735E+05    4.175399E+01
  1.200420E+02    1.807646E+05    4.175414E+01
  1.200720E+02    1.808558E+05    4.175429E+01
  1.201020E+02    1.809470E+05    4.175445E+01
  1.201320E+02    1.810382E+05    4.175460E+01
  1.201620E+02    1.811294E+05    4.175475E+01
  1.201920E+02    1.812206E+05    4.175490E+01
  1.202220E+02    1.813119E+05    4.175506E+01
  1.202520E+02    1.814032E+05    4.175521E+01
  1.202820E+02    1.814945E+05    4.175536E+01
  1.203120E+02    1.815858E+05    4.175551E+01
  1.203420E+02    1.816772E+05    4.175567E+01
  1.203720E+02    1.817686E+05    4.175582E+01
  1.204020E+02    1.818600E+05    4.175597E+01
  1.204320E+02    1.819514E+05    4.175612E+01
  1.204620E+02    1.820429E+05    4.175627E+01
  1.204920E+02    1.821343E+05    4.175642E+01
  1.205221E+02    1.822258E+05    4.175658E+01
  1.205521E+02    1.823174E+05    4.175673E+01
  1.205821E+02    1.824089E+05    4.175688E+01
  1.206121E+02    1.825005E+05    4.175703E+01
  1.206421E+02    1.825921E+05    4.175718E+01
  1.206721E+02    1.826837E+05    4.175733E+01
  1.207021E+02    1.827753E+05    4.175748E+01
  1.207321E+02    1.828670E+05    4.175764E+01
  1.207621E+02    1.829587E+05    4.175779E+01
  1.207921E+02    1.830504E+05    4.175794E+01
  1.208221E+02    1.831421E+05    4.175809E+01
  1.208521E+02    1.832338E+05    4.175824E+01
  1.208821E+02    1.833256E+05    4.175839E+01
  1.209121E+02    1.834174E+05    4.175854E+01
  1.209421E+02    1.835092E+05    4.175869E+01
  1.209721E+02    1.836011E+05    4.175884E+01
  1.210021E+02    1.836929E+05    4.175899E+01
  1.210321E+02    1.837848E+05    4.175914E+01
  1.210621E+02    1.838767E+05    4.175929E+01
  1.210921E+02    1.839687E+05    4.175944E+01
  1.211221E+02    1.840606E+05    4.175959E+01
  1.211521E+02    1.841526E+05    4.175974E+01
  1.211821E+02    1.842446E+05    4.175989E+01
  1.212121E+02    1.843366E+05    4.176004E+01
  1.212421E+02    1.844287E+05    4.176019E+01
  1.212721E+02    1.845208E+05    4.176034E+01
  1.213021E+02    1.846129E+05    4.176049E+01
  1.213321E+02    1.847050E+05    4.176064E+01
  1.213621E+02    1.847971E+05    4.176079E+01
  1.213921E+02    1.848893E+05    4.176094E+01
  1.214221E+02    1.849815E+05    4.176109E+01
  1.214521E+02    1.850737E+05    4.176124E+01
  1.214821E+02    1.851659E+05    4.176139E+01
  1.215122E+02    1.852582E+05    4.176154E+01
  1.215422E+02    1.853504E+05    4.176169E+01
  1.215722E+02    1.854427E+05    4.176184E+01
  1.216022E+02    1.855351E+05    4.176199E+01
  1.216322E+02    1.856274E+05    4.176213E+01
  1.216622E+02    1.857198E+05    4.176228E+01
  1.216922E+02    1.858122E+05    4.176243E+01
  1.217222E+02    1.859046E+05    4.176258E+01
  1.217522E+02    1.859970E+05    4.176273E+01
  1.217822E+02    1.860895E+05    4.176288E+01
  1.218122E+02    1.861820E+05    4.176303E+01
  1.218422E+02    1.862745E+05    4.176317E+01
  1.218722E+02    1.863670E+05    4.176332E+01
  1.219022E+02    1.864596E+05    4.176347E+01
  1.219322E+02    1.865522E+05    4.176362E+01
  1.219622E+02    1.866448E+05    4.176377E+01
  1.219922E+02    1.867374E+05    4.176391E+01
  1.220222E+02    1.868300E+05    4.176406E+01
  1.220522E+02    1.869227E+05    4.176421E+01
  1.220822E+02    1.870154E+05    4.176436E+01
  1.221122E+02    1.871081E+05    4.176451E+01
  1.221422E+02    1.872009E+05    4.176465E+01
  1.221722E+02    1.872936E+05    4.176480E+01
  1.222022E+02    1.873864E+05    4.176495E+01
  1.222322E+02    1.874792E+05    4.176510E+01
  1.222622E+02    1.875720E+05    4.176524E+01
  1.222922E+02    1.876649E+05    4.176539E+01
  1.223222E+02    1.877578E+05    4.176554E+01
  1.223522E+02    1.878507E+05    4.176569E+01
  1.223822E+02    1.879436E+05    4.176583E+01
  1.224122E+02    1.880365E+05    4.176598E+01
  1.224422E+02    1.881295E+05    4.176613E+01
  1.224722E+02    1.882225E+05    4.176627E+01
  1.225023E+02    1.883155E+05    4.176642E+01
  1.225323E+02    1.884085E+05    4.176657E+01
  1.225623E+02    1.885016E+05    4.176671E+01
  1.225923E+02    1.885947E+05    4.176686E+01
  1.226223E+02    1.886878E+05    4.176701E+01
  1.226523E+02    1.887809E+05    4.176715E+01
  1.226823E+02    1.888741E+05    4.176730E+01
  1.227123E+02    1.889673E+05    4.176744E+01
  1.227423E+02    1.890605E+05    4.176759E+01
  1.227723E+02    1.891537E+05    4.176774E+01
  1.228023E+02    1.892469E+05    4.176788E+01
  1.228323E+02    1.893402E+05    4.176803E+01
  1.228623E+02    1.894335E+05    4.176818E+01
  1.228923E+02    1.895268E+05    4.176832E+01
  1.229223E+02    1.896201E+05    4.176847E+01
  1.229523E+02    1.897135E+05    4.176861E+01
  1.229823E+02    1.898069E+05    4.176876E+01
  1.230123E+02    1.899003E+05    4.176890E+01
  1.230423E+02    1.899937E+05    4.176905E+01
  1.230723E+02    1.900872E+05    4.176919E+01
  1.231023E+02    1.901806E+05    4.176934E+01
  1.231323E+02    1.902741E+05    4.176948E+01
  1.231623E+02    1.903676E+05    4.176963E+01
  1.231923E+02    1.904612E+05    4.176978E+01
  1.232223E+02    1.905548E+05    4.176992E+01
  1.232523E+02    1.906483E+05    4.177007E+01
  1.232823E+02    1.907420E+05    4.177021E+01
  1.233123E+02    1.908356E+05    4.177035E+01
  1.233423E+02    1.909292E+05    4.177050E+01
  1.233723E+02    1.910229E+05    4.177064E+01
  1.234023E+02    1.911166E+05    4.177079E+01
  1.234323E+02    1.912104E+05    4.177093E+01
  1.234623E+02    1.913041E+05    4.177108E+01
  1.234923E+02    1.913979E+05    4.177122E+01
  1.235224E+02    1.914917E+05    4.177137E+01
  1.235524E+02    1.915855E+05    4.177151E+01
  1.235824E+02    1.916793E+05    4.177166E+01
  1.236124E+02    1.917732E+05    4.177180E+01
  1.236424E+02    1.918671E+05    4.177194E+01
  1.236724E+02    1.919610E+05    4.177209E+01
  1.237024E+02    1.920549E+05    4.177223E+01
  1.237324E+02    1.921489E+05    4.177238E+01
  1.237624E+02    1.922429E+05    4.177252E+01
  1.237924E+02    1.923369E+05    4.177266E+01
  1.238224E+02    1.924309E+05    4.177281E+01
  1.238524E+02    1.925249E+05    4.177295E+01
  1.238824E+02    1.926190E+05    4.177309E+01
  1.239124E+02    1.927131E+05    4.177324E+01
  1.239424E+02    1.928072E+05    4.177338E+01
  1.239724E+02    1.929014E+05    4.177352E+01
  1.240024E+02    1.929955E+05    4.177367E+01
  1.240324E+02    1.930897E+05    4.177381E+01
  1.240624E+02    1.931839E+05    4.177395E+01
  1.240924E+02    1.932782E+05    4.177410E+01
  1.241224E+02    1.933724E+05    4.177424E+01
  1.241524E+02    1.934667E+05    4.177438E+01
  1.241824E+02    1.935610E+05    4.177452E+01
  1.242124E+02    1.936553E+05    4.177467E+01
  1.242424E+02    1.937497E+05    4.177481E+01
  1.242724E+02    1.938440E+05    4.177495E+01
  1.243024E+02    1.939384E+05    4.177509E+01
  1.243324E+02    1.940328E+05    4.177524E+01
  1.243624E+02    1.941273E+05    4.177538E+01
  1.243924E+02    1.942217E+05    4.177552E+01
  1.244224E+02    1.943162E+05    4.177566E+01
  1.244524E+02    1.944107E+05    4.177581E+01
  1.244824E+02    1.945053E+05    4.177595E+01
  1.245125E+02    1.945998E+05    4.177609E+01
  1.245425E+02    1.946944E+05    4.177623E+01
  1.245725E+02    1.947890E+05    4.177637E+01
  1.246025E+02    1.948836E+05    4.177652E+01
  1.246325E+02    1.949783E+05    4.177666E+01
  1.246625E+02    1.950729E+05    4.177680E+01
  1.246925E+02    1.951676E+05    4.177694E+01
  1.247225E+02    1.952623E+05    4.177708E+01
  1.247525E+02    1.953571E+05    4.177722E+01
  1.247825E+02    1.954518E+05    4.177737E+01
  1.248125E+02    1.955466E+05    4.177751E+01
  1.248425E+02    1.956414E+05    4.177765E+01
  1.248725E+02    1.957363E+05    4.177779E+01
  1.249025E+02    1.958311E+05    4.177793E+01
  1.249325E+02    1.959260E+05    4.177807E+01
  1.249625E+02    1.960209E+05    4.177821E+01
  1.249925E+02    1.961158E+05    4.177835E+01
  1.250225E+02    1.962108E+05    4.177849E+01
  1.250525E+02    1.963057E+05    4.177864E+01
  1.250825E+02    1.964007E+05    4.177878E+01
  1.251125E+02    1.964957E+05    4.177892E+01
  1.251425E+02    1.965908E+05    4.177906E+01
  1.251725E+02    1.966858E+05    4.177920E+01
  1.252025E+02    1.967809E+05    4.177934E+01
  1.252325E+02    1.968760E+05    4.177948E+01
  1.252625E+02    1.969711E+05    4.177962E+01
  1.252925E+02    1.970663E+05    4.177976E+01
  1.253225E+02    1.971615E+05    4.177990E+01
  1.253525E+02    1.972567E+05    4.178004E+01
  1.253825E+02    1.973519E+05    4.178018E+01
  1.254125E+02    1.974471E+05    4.178032E+01
  1.254425E+02    1.975424E+05    4.178046E+01
  1.254725E+02    1.976377E+05    4.178060E+01
  1.255026E+02    1.977330E+05    4.178074E+01
  1.255326E+02    1.978283E+05    4.178088E+01
  1.255626E+02    1.979237E+05    4.178102E+01
  1.255926E+02    1.980191E+05    4.178116E+01
  1.256226E+02    1.981145E+05    4.178130E+01
  1.256526E+02    1.982099E+05    4.178144E+01
  1.256826E+02    1.983054E+05    4.178158E+01
  1.257126E+02    1.984008E+05    4.178172E+01
  1.257426E+02    1.984963E+05    4.178185E+01
  1.257726E+02    1.985918E+05    4.178199E+01
  1.258026E+02    1.986874E+05    4.178213E+01
  1.258326E+02    1.987830E+05    4.178227E+01
  1.258626E+02    1.988785E+05    4.178241E+01
  1.258926E+02    1.989741E+05    4.178255E+01
  1.259226E+02    1.990698E+05    4.178269E+01
  1.259526E+02    1.991654E+05    4.178283E+01
  1.259826E+02    1.992611E+05    4.178297E+01
  1.260126E+02    1.993568E+05    4.178310E+01
  1.260426E+02    1.994525E+05    4.178324E+01
  1.260726E+02    1.995483E+05    4.178338E+01
  1.261026E+02    1.996441E+05    4.178352E+01
  1.261326E+02    1.997399E+05    4.178366E+01
  1.261626E+02    1.998357E+05    4.178380E+01
  1.261926E+02    1.999315E+05    4.178394E+01
  1.262226E+02    2.000274E+05    4.178407E+01
  1.262526E+02    2.001233E+05    4.178421E+01
  1.262826E+02    2.002192E+05    4.178435E+01
  1.263126E+02    2.003151E+05    4.178449E+01
  1.263426E+02    2.004111E+05    4.178463E+01
  1.263726E+02    2.005071E+05    4.178476E+01
  1.264026E+02    2.006031E+05    4.178490E+01
  1.264326E+02    2.006991E+05    4.178504E+01
  1.264626E+02    2.007951E+05    4.178518E+01
  1.264926E+02    2.008912E+05    4.178531E+01
  1.265227E+02    2.009873E+05    4.178545E+01
  1.265527E+02    2.010834E+05    4.178559E+01
  1.265827E+02    2.011795E+05    4.178573E+01
  1.266127E+02    2.012757E+05    4.178586E+01
  1.266427E+02    2.013719E+05    4.178600E+01
  1.266727E+02    2.014681E+05    4.178614E+01
  1.267027E+02    2.015643E+05    4.178628E+01
  1.267327E+02    2.016606E+05    4.178641E+01
  1.267627E+02    2.017569E+05    4.178655E+01
  1.267927E+02    2.018532E+05    4.178669E+01
  1.268227E+02    2.019495E+05    4.178682E+01
  1.268527E+02    2.020458E+05    4.178696E+01
  1.268827E+02    2.021422E+05    4.178710E+01
  1.269127E+02    2.022386E+05    4.178723E+01
  1.269427E+02    2.023350E+05    4.178737E+01
  1.269727E+02    2.024314E+05    4.178751E+01
  1.270027E+02    2.025279E+05    4.178764E+01
  1.270327E+02    2.026244E+05    4.178778E+01
  1.270627E+02    2.027209E+05    4.178792E+01
  1.270927E+02    2.028174E+05    4.178805E+01
  1.271227E+02    2.029140E+05    4.178819E+01
  1.271527E+02    2.030106E+05    4.178832E+01
  1.271827E+02    2.031072E+05    4.178846E+01
  1.272127E+02    2.032038E+05    4.178860E+01
  1.272427E+02    2.033004E+05    4.178873E+01
  1.272727E+02    2.033971E+05    4.178887E+01
  1.273027E+02    2.034938E+05    4.178900E+01
  1.273327E+02    2.035905E+05    4.178914E+01
  1.273627E+02    2.036872E+05    4.178928E+01
  1.273927E+02    2.037840E+05    4.178941E+01
  1.274227E+02    2.038808E+05    4.178955E+01
  1.274527E+02    2.039776E+05    4.178968E+01
  1.274827E+02    2.040744E+05    4.178982E+01
  1.275128E+02    2.041713E+05    4.178995E+01
  1.275428E+02    2.042681E+05    4.179009E+01
  1.275728E+02    2.043650E+05    4.179022E+01
  1.276028E+02    2.044620E+05    4.179036E+01
  1.276328E+02    2.045589E+05    4.179049E+01
  1.276628E+02    2.046559E+05    4.179063E+01
  1.276928E+02    2.047529E+05    4.179076E+01
  1.277228E+02    2.048499E+05    4.179090E+01
  1.277528E+02    2.049469E+05    4.179103E+01
  1.277828E+02    2.050440E+05    4.179117E+01
  1.278128E+02    2.051410E+05    4.179130E+01
  1.278428E+02    2.052382E+05    4.179144E+01
  1.278728E+02    2.053353E+05    4.179157E+01
  1.279028E+02    2.054324E+05    4.179171E+01
  1.279328E+02    2.055296E+05    4.179184E+01
  1.279628E+02    2.056268E+05    4.179198E+01
  1.279928E+02    2.057240E+05    4.179211E+01
  1.280228E+02    2.058213E+05    4.179225E+01
  1.280528E+02    2.059185E+05    4.179238E+01
  1.280828E+02    2.060158E+05    4.179251E+01
  1.281128E+02    2.061131E+05    4.179265E+01
  1.281428E+02    2.062105E+05    4.179278E+01
  1.281728E+02    2.063078E+05    4.179292E+01
  1.282028E+02    2.064052E+05    4.179305E+01
  1.282328E+02    2.065026E+05    4.179318E+01
  1.282628E+02    2.066000E+05    4.179332E+01
  1.282928E+02    2.066975E+05    4.179345E+01
  1.283228E+02    2.067950E+05    4.179358E+01
  1.283528E+02    2.068924E+05    4.179372E+01
  1.283828E+02    2.069900E+05    4.179385E+01
  1.284128E+02    2.070875E+05    4.179399E+01
  1.284428E+02    2.071851E+05    4.179412E+01
  1.284728E+02    2.072827E+05    4.179425E+01
  1.285029E+02    2.073803E+05    4.179439E+01
  1.285329E+02    2.074779E+05    4.179452E+01
  1.285629E+02    2.075756E+05    4.179465E+01
  1.285929E+02    2.076732E+05    4.179479E+01
  1.286229E+02    2.077709E+05    4.179492E+01
  1.286529E+02    2.078687E+05    4.179505E+01
  1.286829E+02    2.079664E+05    4.179518E+01
  1.287129E+02    2.080642E+05    4.179532E+01
  1.287429E+02    2.081620E+05    4.179545E+01
  1.287729E+02    2.082598E+05    4.179558E+01
  1.288029E+02    2.083576E+05    4.179572E+01
  1.288329E+02    2.084555E+05    4.179585E+01
  1.288629E+02    2.085534E+05    4.179598E+01
  1.288929E+02    2.086513E+05    4.179611E+01
  1.289229E+02    2.087492E+05    4.179625E+01
  1.289529E+02    2.088472E+05    4.179638E+01
  1.289829E+02    2.089452E+05    4.179651E+01
  1.290129E+02    2.090432E+05    4.179664E+01
  1.290429E+02    2.091412E+05    4.179677E+01
  1.290729E+02    2.092392E+05    4.179691E+01
  1.291029E+02    2.093373E+05    4.179704E+01
  1.291329E+02    2.094354E+05    4.179717E+01
  1.291629E+02    2.095335E+05    4.179730E+01
  1.291929E+02    2.096316E+05    4.179743E+01
  1.292229E+02    2.097298E+05    4.179757E+01
  1.292529E+02    2.098280E+05    4.179770E+01
  1.292829E+02    2.099262E+05    4.179783E+01
  1.293129E+02    2.100244E+05    4.179796E+01
  1.293429E+02    2.101227E+05    4.179809E+01
  1.293729E+02    2.102210E+05    4.179822E+01
  1.294029E+02    2.103193E+05    4.179836E+01
  1.294329E+02    2.104176E+05    4.179849E+01
  1.294629E+02    2.105159E+05    4.179862E+01
  1.294929E+02    2.106143E+05    4.179875E+01
  1.295230E+02    2.107127E+05    4.179888E+01
  1.295530E+02    2.108111E+05    4.179901E+01
  1.295830E+02    2.109095E+05    4.179914E+01
  1.296130E+02    2.110080E+05    4.179927E+01
  1.296430E+02    2.111065E+05    4.179940E+01
  1.296730E+02    2.112050E+05    4.179954E+01
  1.297030E+02    2.113035E+05    4.179967E+01
  1.297330E+02    2.114021E+05    4.179980E+01
  1.297630E+02    2.115006E+05    4.179993E+01
  1.297930E+02    2.115992E+05    4.180006E+01
  1.298230E+02    2.116979E+05    4.180019E+01
  1.298530E+02    2.117965E+05    4.180032E+01
  1.298830E+02    2.118952E+05    4.180045E+01
  1.299130E+02    2.119939E+05    4.180058E+01
  1.299430E+02    2.120926E+05    4.180071E+01
  1.299730E+02    2.121913E+05    4.180084E+01
  1.300030E+02    2.122901E+05    4.180097E+01
  1.300330E+02    2.123888E+05    4.180110E+01
  1.300630E+02    2.124877E+05    4.180123E+01
  1.300930E+02    2.125865E+05    4.180136E+01
  1.301230E+02    2.126853E+05    4.180149E+01
  1.301530E+02    2.127842E+05    4.180162E+01
  1.301830E+02    2.128831E+05    4.180175E+01
  1.302130E+02    2.129820E+05    4.180188E+01
  1.302430E+02    2.130810E+05    4.180201E+01
  1.302730E+02    2.131799E+05    4.180214E+01
  1.303030E+02    2.132789E+05    4.180227E+01
  1.303330E+02    2.133779E+05    4.180240E+01
  1.303630E+02    2.134770E+05    4.180253E+01
  1.303930E+02    2.135760E+05    4.180266E+01
  1.304230E+02    2.136751E+05    4.180279E+01
  1.304530E+02    2.137742E+05    4.180292E+01
  1.304830E+02    2.138733E+05    4.180305E+01
  1.305131E+02    2.139725E+05    4.180318E+01
  1.305431E+02    2.140717E+05    4.180331E+01
  1.305731E+02    2.141709E+05    4.180343E+01
  1.306031E+02    2.142701E+05    4.180356E+01
  1.306331E+02    2.143693E+05    4.180369E+01
  1.306631E+02    2.144686E+05    4.180382E+01
  1.306931E+02    2.145679E+05    4.180395E+01
  1.307231E+02    2.146672E+05    4.180408E+01
  1.307531E+02    2.147665E+05    4.180421E+01
  1.307831E+02    2.148659E+05    4.180434E+01
  1.308131E+02    2.149652E+05    4.180446E+01
  1.308431E+02    2.150646E+05    4.180459E+01
  1.308731E+02    2.151641E+05    4.180472E+01
  1.309031E+02    2.152635E+05    4.180485E+01
  1.309331E+02    2.153630E+05    4.180498E+01
  1.309631E+02    2.154625E+05    4.180511E+01
  1.309931E+02    2.155620E+05    4.180523E+01
  1.310231E+02    2.156615E+05    4.180536E+01
  1.310531E+02    2.157611E+05    4.180549E+01
  1.310831E+02    2.158607E+05    4.180562E+01
  1.311131E+02    2.159603E+05    4.180575E+01
  1.311431E+02    2.160599E+05    4.180588E+01
  1.311731E+02    2.161596E+05    4.180600E+01
  1.312031E+02    2.162593E+05    4.180613E+01
  1.312331E+02    2.163590E+05    4.180626E+01
  1.312631E+02    2.164587E+05    4.180639E+01
  1.312931E+02    2.165584E+05    4.180651E+01
  1.313231E+02    2.166582E+05    4.180664E+01
  1.313531E+02    2.167580E+05    4.180677E+01
  1.313831E+02    2.168578E+05    4.180690E+01
  1.314131E+02    2.169577E+05    4.180702E+01
  1.314431E+02    2.170575E+05    4.180715E+01
  1.314731E+02    2.171574E+05    4.180728E+01
  1.315032E+02    2.172573E+05    4.180741E+01
  1.315332E+02    2.173572E+05    4.180753E+01
  1.315632E+02    2.174572E+05    4.180766E+01
  1.315932E+02    2.175572E+05    4.180779E+01
  1.316232E+02    2.176572E+05    4.180791E+01
  1.316532E+02    2.177572E+05    4.180804E+01
  1.316832E+02    2.178572E+05    4.180817E+01
  1.317132E+02    2.179573E+05    4.180830E+01
  1.317432E+02    2.180574E+05    4.180842E+01
  1.317732E+02    2.181575E+05    4.180855E+01
  1.318032E+02    2.182577E+05    4.180868E+01
  1.318332E+02    2.183578E+05    4.180880E+01
  1.318632E+02    2.184580E+05    4.180893E+01
  1.318932E+02    2.185582E+05    4.180906E+01
  1.319232E+02    2.186584E+05    4.180918E+01
  1.319532E+02    2.187587E+05    4.180931E+01
  1.319832E+02    2.188590E+05    4.180943E+01
  1.320132E+02    2.189593E+05    4.180956E+01
  1.320432E+02    2.190596E+05    4.180969E+01
  1.320732E+02    2.191599E+05    4.180981E+01
  1.321032E+02    2.192603E+05    4.180994E+01
  1.321332E+02    2.193607E+05    4.181006E+01
  1.321632E+02    2.194611E+05    4.181019E+01
  1.321932E+02    2.195615E+05    4.181032E+01
  1.322232E+02    2.196620E+05    4.181044E+01
  1.322532E+02    2.197625E+05    4.181057E+01
  1.322832E+02    2.198630E+05    4.181069E+01
  1.323132E+02    2.199635E+05    4.181082E+01
  1.323432E+02    2.200641E+05    4.181095E+01
  1.323732E+02    2.201646E+05    4.181107E+01
  1.324032E+02    2.202652E+05    4.181120E+01
  1.324332E+02    2.203659E+05    4.181132E+01
  1.324632E+02    2.204665E+05    4.181145E+01
  1.324932E+02    2.205672E+05    4.181157E+01
  1.325233E+02    2.206679E+05    4.181170E+01
  1.325533E+02    2.207686E+05    4.181182E+01
  1.325833E+02    2.208693E+05    4.181195E+01
  1.326133E+02    2.209701E+05    4.181207E+01
  1.326433E+02    2.210708E+05    4.181220E+01
  1.326733E+02    2.211716E+05    4.181232E+01
  1.327033E+02    2.212725E+05    4.181245E+01
  1.327333E+02    2.213733E+05    4.181257E+01
  1.327633E+02    2.214742E+05    4.181270E+01
  1.327933E+02    2.215751E+05    4.181282E+01
  1.328233E+02    2.216760E+05    4.181295E+01
  1.328533E+02    2.217769E+05    4.181307E+01
  1.328833E+02    2.218779E+05    4.181320E+01
  1.329133E+02    2.219789E+05    4.181332E+01
  1.329433E+02    2.220799E+05    4.181345E+01
  1.329733E+02    2.221809E+05    4.181357E+01
  1.330033E+02    2.222820E+05    4.181369E+01
  1.330333E+02    2.223831E+05    4.181382E+01
  1.330633E+02    2.224842E+05    4.181394E+01
  1.330933E+02    2.225853E+05    4.181407E+01
  1.331233E+02    2.226865E+05    4.181419E+01
  1.331533E+02    2.227876E+05    4.181432E+01
  1.331833E+02    2.228888E+05    4.181444E+01
  1.332133E+02    2.229900E+05    4.181456E+01
  1.332433E+02    2.230913E+05    4.181469E+01
  1.332733E+02    2.231925E+05    4.181481E+01
  1.333033E+02    2.232938E+05    4.181494E+01
  1.333333E+02    2.233951E+05    4.181506E+01
  1.333633E+02    2.234965E+05    4.181518E+01
  1.333933E+02    2.235978E+05    4.181531E+01
  1.334233E+02    2.236992E+05    4.181543E+01
  1.334533E+02    2.238006E+05    4.181555E+01
  1.334833E+02    2.239020E+05    4.181568E+01
  1.335134E+02    2.240035E+05    4.181580E+01
  1.335434E+02    2.241050E+05    4.181592E+01
  1.335734E+02    2.242064E+05    4.181605E+01
  1.336034E+02    2.243080E+05    4.181617E+01
  1.336334E+02    2.244095E+05    4.181629E+01
  1.336634E+02    2.245111E+05    4.181642E+01
  1.336934E+02    2.246126E+05    4.181654E+01
  1.337234E+02    2.247143E+05    4.181666E+01
  1.337534E+02    2.248159E+05    4.181679E+01
  1.337834E+02    2.249175E+05    4.181691E+01
  1.338134E+02    2.250192E+05    4.181703E+01
  1.338434E+02    2.251209E+05    4.181715E+01
  1.338734E+02    2.252226E+05    4.181728E+01
  1.339034E+02    2.253244E+05    4.181740E+01
  1.339334E+02    2.254262E+05    4.181752E+01
  1.339634E+02    2.255279E+05    4.181765E+01
  1.339934E+02    2.256298E+05    4.181777E+01
  1.340234E+02    2.257316E+05    4.181789E+01
  1.340534E+02    2.258335E+05    4.181801E+01
  1.340834E+02    2.259353E+05    4.181814E+01
  1.341134E+02    2.260373E+05    4.181826E+01
  1.341434E+02    2.261392E+05    4.181838E+01
  1.341734E+02    2.262411E+05    4.181850E+01
  1.342034E+02    2.263431E+05    4.181862E+01
  1.342334E+02    2.264451E+05    4.181875E+01
  1.342634E+02    2.265471E+05    4.181887E+01
  1.342934E+02    2.266492E+05    4.181899E+01
  1.343234E+02    2.267512E+05    4.181911E+01
  1.343534E+02    2.268533E+05    4.181923E+01
  1.343834E+02    2.269555E+05    4.181936E+01
  1.344134E+02    2.270576E+05    4.181948E+01
  1.344434E+02    2.271597E+05    4.181960E+01
  1.344734E+02    2.272619E+05    4.181972E+01
  1.345035E+02    2.273641E+05    4.181984E+01
  1.345335E+02    2.274664E+05    4.181996E+01
  1.345635E+02    2.275686E+05    4.182009E+01
  1.345935E+02    2.276709E+05    4.182021E+01
  1.346235E+02    2.277732E+05    4.182033E+01
  1.346535E+02    2.278755E+05    4.182045E+01
  1.346835E+02    2.279779E+05    4.182057E+01
  1.347135E+02    2.280802E+05    4.182069E+01
  1.347435E+02    2.281826E+05    4.182081E+01
  1.347735E+02    2.282850E+05    4.182093E+01
  1.348035E+02    2.283875E+05    4.182106E+01
  1.348335E+02    2.284899E+05    4.182118E+01
  1.348635E+02    2.285924E+05    4.182130E+01
  1.348935E+02    2.286949E+05    4.182142E+01
  1.349235E+02    2.287974E+05    4.182154E+01
  1.349535E+02    2.289000E+05    4.182166E+01
  1.349835E+02    2.290026E+05    4.182178E+01
  1.350135E+02    2.291051E+05    4.182190E+01
  1.350435E+02    2.292078E+05    4.182202E+01
  1.350735E+02    2.293104E+05    4.182214E+01
  1.351035E+02    2.294131E+05    4.182226E+01
  1.351335E+02    2.295158E+05    4.182238E+01
  1.351635E+02    2.296185E+05    4.182250E+01
  1.351935E+02    2.297212E+05    4.182262E+01
  1.352235E+02    2.298240E+05    4.182274E+01
  1.352535E+02    2.299267E+05    4.182287E+01
  1.352835E+02    2.300295E+05    4.182299E+01
  1.353135E+02    2.301324E+05    4.182311E+01
  1.353435E+02    2.302352E+05    4.182323E+01
  1.353735E+02    2.303381E+05    4.182335E+01
  1.354035E+02    2.304410E+05    4.182347E+01
  1.354335E+02    2.305439E+05    4.182359E+01
  1.354635E+02    2.306468E+05    4.182371E+01
  1.354935E+02    2.307498E+05    4.182383E+01
  1.355236E+02    2.308528E+05    4.182394E+01
  1.355536E+02    2.309558E+05    4.182406E+01
  1.355836E+02    2.310588E+05    4.182418E+01
  1.356136E+02    2.311619E+05    4.182430E+01
  1.356436E+02    2.312650E+05    4.182442E+01
  1.356736E+02    2.313681E+05    4.182454E+01
  1.357036E+02    2.314712E+05    4.182466E+01
  1.357336E+02    2.315744E+05    4.182478E+01
  1.357636E+02    2.316775E+05    4.182490E+01
  1.357936E+02    2.317807E+05    4.182502E+01
  1.358236E+02    2.318839E+05    4.182514E+01
  1.358536E+02    2.319872E+05    4.182526E+01
  1.358836E+02    2.320904E+05    4.182538E+01
  1.359136E+02    2.321937E+05    4.182550E+01
  1.359436E+02    2.322970E+05    4.182562E+01
  1.359736E+02    2.324004E+05    4.182574E+01
  1.360036E+02    2.325037E+05    4.182585E+01
  1.360336E+02    2.326071E+05    4.182597E+01
  1.360636E+02    2.327105E+05    4.182609E+01
  1.360936E+02    2.328139E+05    4.182621E+01
  1.361236E+02    2.329174E+05    4.182633E+01
  1.361536E+02    2.330208E+05    4.182645E+01
  1.361836E+02    2.331243E+05    4.182657E+01
  1.362136E+02    2.332278E+05    4.182668E+01
  1.362436E+02    2.333314E+05    4.182680E+01
  1.362736E+02    2.334349E+05    4.182692E+01
  1.363036E+02    2.335385E+05    4.182704E+01
  1.363336E+02    2.336421E+05    4.182716E+01
  1.363636E+02    2.337458E+05    4.182728E+01
  1.363936E+02    2.338494E+05    4.182740E+01
  1.364236E+02    2.339531E+05    4.182751E+01
  1.364536E+02    2.340568E+05    4.182763E+01
  1.364836E+02    2.341605E+05    4.182775E+01
  1.365137E+02    2.342643E+05    4.182787E+01
  1.365437E+02    2.343680E+05    4.182799E+01
  1.365737E+02    2.344718E+05    4.182810E+01
  1.366037E+02    2.345756E+05    4.182822E+01
  1.366337E+02    2.346795E+05    4.182834E+01
  1.366637E+02    2.347833E+05    4.182846E+01
  1.366937E+02    2.348872E+05    4.182857E+01
  1.367237E+02    2.349911E+05    4.182869E+01
  1.367537E+02    2.350950E+05    4.182881E+01
  1.367837E+02    2.351990E+05    4.182893E+01
  1.368137E+02    2.353030E+05    4.182904E+01
  1.368437E+02    2.354070E+05    4.182916E+01
  1.368737E+02    2.355110E+05    4.182928E+01
  1.369037E+02    2.356150E+05    4.182940E+01
  1.369337E+02    2.357191E+05    4.182951E+01
  1.369637E+02    2.358232E+05    4.182963E+01
  1.369937E+02    2.359273E+05    4.182975E+01
  1.370237E+02    2.360314E+05    4.182987E+01
  1.370537E+02    2.361356E+05    4.182998E+01
  1.370837E+02    2.362398E+05    4.183010E+01
  1.371137E+02    2.363440E+05    4.183022E+01
  1.371437E+02    2.364482E+05    4.183033E+01
  1.371737E+02    2.365525E+05    4.183045E+01
  1.372037E+02    2.366567E+05    4.183057E+01
  1.372337E+02    2.367610E+05    4.183068E+01
  1.372637E+02    2.368654E+05    4.183080E+01
  1.372937E+02    2.369697E+05    4.183092E+01
  1.373237E+02    2.370741E+05    4.183103E+01
  1.373537E+02    2.371784E+05    4.183115E+01
  1.373837E+02    2.372829E+05    4.183127E+01
  1.374137E+02    2.373873E+05    4.183138E+01
  1.374437E+02    2.374918E+05    4.183150E+01
  1.374737E+02    2.375962E+05    4.183162E+01
  1.375038E+02    2.377007E+05    4.183173E+01
  1.375338E+02    2.378053E+05    4.183185E+01
  1.375638E+02    2.379098E+05    4.183197E+01
  1.375938E+02    2.380144E+05    4.183208E+01
  1.376238E+02    2.381190E+05    4.183220E+01
  1.376538E+02    2.382236E+05    4.183231E+01
  1.376838E+02    2.383282E+05    4.183243E+01
  1.377138E+02    2.384329E+05    4.183255E+01
  1.377438E+02    2.385376E+05    4.183266E+01
  1.377738E+02    2.386423E+05    4.183278E+01
  1.378038E+02    2.387470E+05    4.183289E+01
  1.378338E+02    2.388518E+05    4.183301E+01
  1.378638E+02    2.389566E+05    4.183313E+01
  1.378938E+02    2.390614E+05    4.183324E+01
  1.379238E+02    2.391662E+05    4.183336E+01
  1.379538E+02    2.392710E+05    4.183347E+01
  1.379838E+02    2.393759E+05    4.183359E+01
  1.380138E+02    2.394808E+05    4.183370E+01
  1.380438E+02    2.395857E+05    4.183382E+01
  1.380738E+02    2.396907E+05    4.183393E+01
  1.381038E+02    2.397956E+05    4.183405E+01
  1.381338E+02    2.399006E+05    4.183416E+01
  1.381638E+02    2.400056E+05    4.183428E+01
  1.381938E+02    2.401107E+05    4.183439E+01
  1.382238E+02    2.402157E+05    4.183451E+01
  1.382538E+02    2.403208E+05    4.183463E+01
  1.382838E+02    2.404259E+05    4.183474E+01
  1.383138E+02    2.405310E+05    4.183486E+01
  1.383438E+02    2.406362E+05    4.183497E+01
  1.383738E+02    2.407413E+05    4.183508E+01
  1.384038E+02    2.408465E+05    4.183520E+01
  1.384338E+02    2.409517E+05    4.183531E+01
  1.384638E+02    2.410570E+05    4.183543E+01
  1.384938E+02    2.411622E+05    4.183554E+01
  1.385239E+02    2.412675E+05    4.183566E+01
  1.385539E+02    2.413728E+05    4.183577E+01
  1.385839E+02    2.414782E+05    4.183589E+01
  1.386139E+02    2.415835E+05    4.183600E+01
  1.386439E+02    2.416889E+05    4.183612E+01
  1.386739E+02    2.417943E+05    4.183623E+01
  1.387039E+02    2.418997E+05    4.183634E+01
  1.387339E+02    2.420052E+05    4.183646E+01
  1.387639E+02    2.421106E+05    4.183657E+01
  1.387939E+02    2.422161E+05    4.183669E+01
  1.388239E+02    2.423216E+05    4.183680E+01
  1.388539E+02    2.424272E+05    4.183692E+01
  1.388839E+02    2.425327E+05    4.183703E+01
  1.389139E+02    2.426383E+05    4.183714E+01
  1.389439E+02    2.427439E+05    4.183726E+01
  1.389739E+02    2.428496E+05    4.183737E+01
  1.390039E+02    2.429552E+05    4.183749E+01
  1.390339E+02    2.430609E+05    4.183760E+01
  1.390639E+02    2.431666E+05    4.183771E+01
  1.390939E+02    2.432723E+05    4.183783E+01
  1.391239E+02    2.433780E+05    4.183794E+01
  1.391539E+02    2.434838E+05    4.183805E+01
  1.391839E+02    2.435896E+05    4.183817E+01
  1.392139E+02    2.436954E+05    4.183828E+01
  1.392439E+02    2.438013E+05    4.183839E+01
  1.392739E+02    2.439071E+05    4.183851E+01
  1.393039E+02    2.440130E+05    4.183862E+01
  1.393339E+02    2.441189E+05    4.183873E+01
  1.393639E+02    2.442248E+05    4.183885E+01
  1.393939E+02    2.443308E+05    4.183896E+01
  1.394239E+02    2.444368E+05    4.183907E+01
  1.394539E+02    2.445427E+05    4.183919E+01
  1.394839E+02    2.446488E+05    4.183930E+01
  1.395140E+02    2.447548E+05    4.183941E+01
  1.395440E+02    2.448609E+05    4.183953E+01
  1.395740E+02    2.449670E+05    4.183964E+01
  1.396040E+02    2.450731E+05    4.183975E+01
  1.396340E+02    2.451792E+05    4.183986E+01
  1.396640E+02    2.452854E+05    4.183998E+01
  1.396940E+02    2.453916E+05    4.184009E+01
  1.397240E+02    2.454978E+05    4.184020E+01
  1.397540E+02    2.456040E+05    4.184031E+01
  1.397840E+02    2.457102E+05    4.184043E+01
  1.398140E+02    2.458165E+05    4.184054E+01
  1.398440E+02    2.459228E+05    4.184065E+01
  1.398740E+02    2.460291E+05    4.184076E+01
  1.399040E+02    2.461355E+05    4.184088E+01
  1.399340E+02    2.462418E+05    4.184099E+01
  1.399640E+02    2.463482E+05    4.184110E+01
  1.399940E+02    2.464546E+05    4.184121E+01
  1.400240E+02    2.465611E+05    4.184133E+01
  1.400540E+02    2.466675E+05    4.184144E+01
  1.400840E+02    2.467740E+05    4.184155E+01
  1.401140E+02    2.468805E+05    4.184166E+01
  1.401440E+02    2.469870E+05    4.184177E+01
  1.401740E+02    2.470936E+05    4.184189E+01
  1.402040E+02    2.472001E+05    4.184200E+01
  1.402340E+02    2.473067E+05    4.184211E+01
  1.402640E+02    2.474134E+05    4.184222E+01
  1.402940E+02    2.475200E+05    4.184233E+01
  1.403240E+02    2.476267E+05    4.184244E+01
  1.403540E+02    2.477333E+05    4.184256E+01
  1.403840E+02    2.478401E+05    4.184267E+01
  1.404140E+02    2.479468E+05    4.184278E+01
  1.404440E+02    2.480535E+05    4.184289E+01
  1.404740E+02    2.481603E+05    4.184300E+01
  1.405041E+02    2.482671E+05    4.184311E+01
  1.405341E+02    2.483739E+05    4.184323E+01
  1.405641E+02    2.484808E+05    4.184334E+01
  1.405941E+02    2.485877E+05    4.184345E+01
  1.406241E+02    2.486946E+05    4.184356E+01
  1.406541E+02    2.488015E+05    4.184367E+01
  1.406841E+02    2.489084E+05    4.184378E+01
  1.407141E+02    2.490154E+05    4.184389E+01
  1.407441E+02    2.491224E+05    4.184400E+01
  1.407741E+02    2.492294E+05    4.184411E+01
  1.408041E+02    2.493364E+05    4.184422E+01
  1.408341E+02    2.494434E+05    4.184434E+01
  1.408641E+02    2.495505E+05    4.184445E+01
  1.408941E+02    2.496576E+05    4.184456E+01
  1.409241E+02    2.497647E+05    4.184467E+01
  1.409541E+02    2.498719E+05    4.184478E+01
  1.409841E+02    2.499791E+05    4.184489E+01
  1.410141E+02    2.500863E+05    4.184500E+01
  1.410441E+02    2.501935E+05    4.184511E+01
  1.410741E+02    2.503007E+05    4.184522E+01
  1.411041E+02    2.504080E+05    4.184533E+01
  1.411341E+02    2.505153E+05    4.184544E+01
  1.411641E+02    2.506226E+05    4.184555E+01
  1.411941E+02    2.507299E+05    4.184566E+01
  1.412241E+02    2.508372E+05    4.184577E+01
  1.412541E+02    2.509446E+05    4.184588E+01
  1.412841E+02    2.510520E+05    4.184599E+01
  1.413141E+02    2.511594E+05    4.184610E+01
  1.413441E+02    2.512669E+05    4.184621E+01
  1.413741E+02    2.513743E+05    4.184632E+01
  1.414041E+02    2.514818E+05    4.184643E+01
  1.414341E+02    2.515894E+05    4.184654E+01
  1.414641E+02    2.516969E+05    4.184665E+01
  1.414941E+02    2.518044E+05    4.184676E+01
  1.415242E+02    2.519120E+05    4.184687E+01
  1.415542E+02    2.520196E+05    4.184698E+01
  1.415842E+02    2.521273E+05    4.184709E+01
  1.416142E+02    2.522349E+05    4.184720E+01
  1.416442E+02    2.523426E+05    4.184731E+01
  1.416742E+02    2.524503E+05    4.184742E+01
  1.417042E+02    2.525580E+05    4.184753E+01
  1.417342E+02    2.526658E+05    4.184764E+01
  1.417642E+02    2.527735E+05    4.184775E+01
  1.417942E+02    2.528813E+05    4.184786E+01
  1.418242E+02    2.529891E+05    4.184797E+01
  1.418542E+02    2.530970E+05    4.184808E+01
  1.418842E+02    2.532048E+05    4.184819E+01
  1.419142E+02    2.533127E+05    4.184830E+01
  1.419442E+02    2.534206E+05    4.184840E+01
  1.419742E+02    2.535285E+05    4.184851E+01
  1.420042E+02    2.536365E+05    4.184862E+01
  1.420342E+02    2.537444E+05    4.184873E+01
  1.420642E+02    2.538524E+05    4.184884E+01
  1.420942E+02    2.539605E+05    4.184895E+01
  1.421242E+02    2.540685E+05    4.184906E+01
  1.421542E+02    2.541766E+05    4.184917E+01
  1.421842E+02    2.542847E+05    4.184928E+01
  1.422142E+02    2.543928E+05    4.184938E+01
  1.422442E+02    2.545009E+05    4.184949E+01
  1.422742E+02    2.546091E+05    4.184960E+01
  1.423042E+02    2.547172E+05    4.184971E+01
  1.423342E+02    2.548254E+05    4.184982E+01
  1.423642E+02    2.549337E+05    4.184993E+01
  1.423942E+02    2.550419E+05    4.185004E+01
  1.424242E+02    2.551502E+05    4.185014E+01
  1.424542E+02    2.552585E+05    4.185025E+01
  1.424842E+02    2.553668E+05    4.185036E+01
  1.425143E+02    2.554751E+05    4.185047E+01
  1.425443E+02    2.555835E+05    4.185058E+01
  1.425743E+02    2.556919E+05    4.185069E+01
  1.426043E+02    2.558003E+05    4.185079E+01
  1.426343E+02    2.559087E+05    4.185090E+01
  1.426643E+02    2.560172E+05    4.185101E+01
  1.426943E+02    2.561257E+05    4.185112E+01
  1.427243E+02    2.562342E+05    4.185123E+01
  1.427543E+02    2.563427E+05    4.185133E+01
  1.427843E+02    2.564512E+05    4.185144E+01
  1.428143E+02    2.565598E+05    4.185155E+01
  1.428443E+02    2.566684E+05    4.185166E+01
  1.428743E+02    2.567770E+05    4.185176E+01
  1.429043E+02    2.568857E+05    4.185187E+01
  1.429343E+02    2.569943E+05    4.185198E+01
  1.429643E+02    2.571030E+05    4.185209E+01
  1.429943E+02    2.572117E+05    4.185219E+01
  1.430243E+02    2.573205E+05    4.185230E+01
  1.430543E+02    2.574292E+05    4.185241E+01
  1.430843E+02    2.575380E+05    4.185252E+01
  1.431143E+02    2.576468E+05    4.185262E+01
  1.431443E+02    2.577556E+05    4.185273E+01
  1.431743E+02    2.578645E+05    4.185284E+01
  1.432043E+02    2.579733E+05    4.185295E+01
  1.432343E+02    2.580822E+05    4.185305E+01
  1.432643E+02    2.581911E+05    4.185316E+01
  1.432943E+02    2.583001E+05    4.185327E+01
  1.433243E+02    2.584090E+05    4.185337E+01
  1.433543E+02    2.585180E+05    4.185348E+01
  1.433843E+02    2.586270E+05    4.185359E+01
  1.434143E+02    2.587360E+05    4.185370E+01
  1.434443E+02    2.588451E+05    4.185380E+01
  1.434743E+02    2.589542E+05    4.185391E+01
  1.435044E+02    2.590633E+05    4.185402E+01
  1.435344E+02    2.591724E+05    4.185412E+01
  1.435644E+02    2.592815E+05    4.185423E+01
  1.435944E+02    2.593907E+05    4.185434E+01
  1.436244E+02    2.594999E+05    4.185444E+01
  1.436544E+02    2.596091E+05    4.185455E+01
  1.436844E+02    2.597184E+05    4.185466E+01
  1.437144E+02    2.598276E+05    4.185476E+01
  1.437444E+02    2.599369E+05    4.185487E+01
  1.437744E+02    2.600462E+05    4.185497E+01
  1.438044E+02    2.601555E+05    4.185508E+01
  1.438344E+02    2.602649E+05    4.185519E+01
  1.438644E+02    2.603743E+05    4.185529E+01
  1.438944E+02    2.604837E+05    4.185540E+01
  1.439244E+02    2.605931E+05    4.185551E+01
  1.439544E+02    2.607025E+05    4.185561E+01
  1.439844E+02    2.608120E+05    4.185572E+01
  1.440144E+02    2.609215E+05    4.185582E+01
  1.440444E+02    2.610310E+05    4.185593E+01
  1.440744E+02    2.611405E+05    4.185604E+01
  1.441044E+02    2.612501E+05    4.185614E+01
  1.441344E+02    2.613597E+05    4.185625E+01
  1.441644E+02    2.614693E+05    4.185635E+01
  1.441944E+02    2.615789E+05    4.185646E+01
  1.442244E+02    2.616885E+05    4.185656E+01
  1.442544E+02    2.617982E+05    4.185667E+01
  1.442844E+02    2.619079E+05    4.185678E+01
  1.443144E+02    2.620176E+05    4.185688E+01
  1.443444E+02    2.621274E+05    4.185699E+01
  1.443744E+02    2.622371E+05    4.185709E+01
  1.444044E+02    2.623469E+05    4.185720E+01
  1.444344E+02    2.624567E+05    4.185730E+01
  1.444644E+02    2.625666E+05    4.185741E+01
  1.444944E+02    2.626764E+05    4.185751E+01
  1.445245E+02    2.627863E+05    4.185762E+01
  1.445545E+02    2.628962E+05    4.185772E+01
  1.445845E+02    2.630061E+05    4.185783E+01
  1.446145E+02    2.631161E+05    4.185793E+01
  1.446445E+02    2.632261E+05    4.185804E+01
  1.446745E+02    2.633361E+05    4.185814E+01
  1.447045E+02    2.634461E+05    4.185825E+01
  1.447345E+02    2.635561E+05    4.185835E+01
  1.447645E+02    2.636662E+05    4.185846E+01
  1.447945E+02    2.637763E+05    4.185856E+01
  1.448245E+02    2.638864E+05    4.185867E+01
  1.448545E+02    2.639965E+05    4.185877E+01
  1.448845E+02    2.641067E+05    4.185888E+01
  1.449145E+02    2.642168E+05    4.185898E+01
  1.449445E+02    2.643271E+05    4.185909E+01
  1.449745E+02    2.644373E+05    4.185919E+01
  1.450045E+02    2.645475E+05    4.185930E+01
  1.450345E+02    2.646578E+05    4.185940E+01
  1.450645E+02    2.647681E+05    4.185951E+01
  1.450945E+02    2.648784E+05    4.185961E+01
  1.451245E+02    2.649887E+05    4.185971E+01
  1.451545E+02    2.650991E+05    4.185982E+01
  1.451845E+02    2.652095E+05    4.185992E+01
  1.452145E+02    2.653199E+05    4.186003E+01
  1.452445E+02    2.654303E+05    4.186013E+01
  1.452745E+02    2.655408E+05    4.186024E+01
  1.453045E+02    2.656513E+05    4.186034E+01
  1.453345E+02    2.657618E+05    4.186044E+01
  1.453645E+02    2.658723E+05    4.186055E+01
  1.453945E+02    2.659828E+05    4.186065E+01
  1.454245E+02    2.660934E+05    4.186076E+01
  1.454545E+02    2.662040E+05    4.186086E+01
  1.454845E+02    2.663146E+05    4.186096E+01
  1.455146E+02    2.664253E+05    4.186107E+01
  1.455446E+02    2.665359E+05    4.186117E+01
  1.455746E+02    2.666466E+05    4.186127E+01
  1.456046E+02    2.667573E+05    4.186138E+01
  1.456346E+02    2.668680E+05    4.186148E+01
  1.456646E+02    2.669788E+05    4.186159E+01
  1.456946E+02    2.670896E+05    4.186169E+01
  1.457246E+02    2.672004E+05    4.186179E+01
  1.457546E+02    2.673112E+05    4.186190E+01
  1.457846E+02    2.674220E+05    4.186200E+01
  1.458146E+02    2.675329E+05    4.186210E+01
  1.458446E+02    2.676438E+05    4.186221E+01
  1.458746E+02    2.677547E+05    4.186231E+01
  1.459046E+02    2.678656E+05    4.186241E+01
  1.459346E+02    2.679766E+05    4.186252E+01
  1.459646E+02    2.680876E+05    4.186262E+01
  1.459946E+02    2.681986E+05    4.186272E+01
  1.460246E+02    2.683096E+05    4.186283E+01
  1.460546E+02    2.684207E+05    4.186293E+01
  1.460846E+02    2.685318E+05    4.186303E+01
  1.461146E+02    2.686428E+05    4.186313E+01
  1.461446E+02    2.687540E+05    4.186324E+01
  1.461746E+02    2.688651E+05    4.186334E+01
  1.462046E+02    2.689763E+05    4.186344E+01
  1.462346E+02    2.690875E+05    4.186355E+01
  1.462646E+02    2.691987E+05    4.186365E+01
  1.462946E+02    2.693099E+05    4.186375E+01
  1.463246E+02    2.694212E+05    4.186385E+01
  1.463546E+02    2.695325E+05    4.186396E+01
  1.463846E+02    2.696438E+05    4.186406E+01
  1.464146E+02    2.697551E+05    4.186416E+01
  1.464446E+02    2.698664E+05    4.186426E+01
  1.464746E+02    2.699778E+05    4.186437E+01
  1.465047E+02    2.700892E+05    4.186447E+01
  1.465347E+02    2.702006E+05    4.186457E+01
  1.465647E+02    2.703121E+05    4.186467E+01
  1.465947E+02    2.704235E+05    4.186478E+01
  1.466247E+02    2.705350E+05    4.186488E+01
  1.466547E+02    2.706465E+05    4.186498E+01
  1.466847E+02    2.707581E+05    4.186508E+01
  1.467147E+02    2.708696E+05    4.186518E+01
  1.467447E+02    2.709812E+05    4.186529E+01
  1.467747E+02    2.710928E+05    4.186539E+01
  1.468047E+02    2.712044E+05    4.186549E+01
  1.468347E+02    2.713161E+05    4.186559E+01
  1.468647E+02    2.714278E+05    4.186569E+01
  1.468947E+02    2.715395E+05    4.186580E+01
  1.469247E+02    2.716512E+05    4.186590E+01
  1.469547E+02    2.717629E+05    4.186600E+01
  1.469847E+02    2.718747E+05    4.186610E+01
  1.470147E+02    2.719865E+05    4.186620E+01
  1.470447E+02    2.720983E+05    4.186631E+01
  1.470747E+02    2.722101E+05    4.186641E+01
  1.471047E+02    2.723220E+05    4.186651E+01
  1.471347E+02    2.724339E+05    4.186661E+01
  1.471647E+02    2.725458E+05    4.186671E+01
  1.471947E+02    2.726577E+05    4.186681E+01
  1.472247E+02    2.727696E+05    4.186691E+01
  1.472547E+02    2.728816E+05    4.186702E+01
  1.472847E+02    2.729936E+05    4.186712E+01
  1.473147E+02    2.731056E+05    4.186722E+01
  1.473447E+02    2.732177E+05    4.186732E+01
  1.473747E+02    2.733297E+05    4.186742E+01
  1.474047E+02    2.734418E+05    4.186752E+01
  1.474347E+02    2.735539E+05    4.186762E+01
  1.474647E+02    2.736660E+05    4.186772E+01
  1.474947E+02    2.737782E+05    4.186782E+01
  1.475248E+02    2.738904E+05    4.186793E+01
  1.475548E+02    2.740026E+05    4.186803E+01
  1.475848E+02    2.741148E+05    4.186813E+01
  1.476148E+02    2.742270E+05    4.186823E+01
  1.476448E+02    2.743393E+05    4.186833E+01
  1.476748E+02    2.744516E+05    4.186843E+01
  1.477048E+02    2.745639E+05    4.186853E+01
  1.477348E+02    2.746763E+05    4.186863E+01
  1.477648E+02    2.747886E+05    4.186873E+01
  1.477948E+02    2.749010E+05    4.186883E+01
  1.478248E+02    2.750134E+05    4.186893E+01
  1.478548E+02    2.751259E+05    4.186903E+01
  1.478848E+02    2.752383E+05    4.186913E+01
  1.479148E+02    2.753508E+05    4.186923E+01
  1.479448E+02    2.754633E+05    4.186934E+01
  1.479748E+02    2.755758E+05    4.186944E+01
  1.480048E+02    2.756884E+05    4.186954E+01
  1.480348E+02    2.758009E+05    4.186964E+01
  1.480648E+02    2.759135E+05    4.186974E+01
  1.480948E+02    2.760261E+05    4.186984E+01
  1.481248E+02    2.761388E+05    4.186994E+01
  1.481548E+02    2.762514E+05    4.187004E+01
  1.481848E+02    2.763641E+05    4.187014E+01
  1.482148E+02    2.764768E+05    4.187024E+01
  1.482448E+02    2.765895E+05    4.187034E+01
  1.482748E+02    2.767023E+05    4.187044E+01
  1.483048E+02    2.768151E+05    4.187054E+01
  1.483348E+02    2.769279E+05    4.187064E+01
  1.483648E+02    2.770407E+05    4.187074E+01
  1.483948E+02    2.771535E+05    4.187084E+01
  1.484248E+02    2.772664E+05    4.187094E+01
  1.484548E+02    2.773793E+05    4.187104E+01
  1.484848E+02    2.774922E+05    4.187114E+01
  1.485149E+02    2.776051E+05    4.187124E+01
  1.485449E+02    2.777181E+05    4.187133E+01
  1.485749E+02    2.778311E+05    4.187143E+01
  1.486049E+02    2.779441E+05    4.187153E+01
  1.486349E+02    2.780571E+05    4.187163E+01
  1.486649E+02    2.781702E+05    4.187173E+01
  1.486949E+02    2.782832E+05    4.187183E+01
  1.487249E+02    2.783963E+05    4.187193E+01
  1.487549E+02    2.785095E+05    4.187203E+01
  1.487849E+02    2.786226E+05    4.187213E+01
  1.488149E+02    2.787358E+05    4.187223E+01
  1.488449E+02    2.788490E+05    4.187233E+01
  1.488749E+02    2.789622E+05    4.187243E+01
  1.489049E+02    2.790754E+05    4.187253E+01
  1.489349E+02    2.791887E+05    4.187263E+01
  1.489649E+02    2.793019E+05    4.187272E+01
  1.489949E+02    2.794152E+05    4.187282E+01
  1.490249E+02    2.795286E+05    4.187292E+01
  1.490549E+02    2.796419E+05    4.187302E+01
  1.490849E+02    2.797553E+05    4.187312E+01
  1.491149E+02    2.798687E+05    4.187322E+01
  1.491449E+02    2.799821E+05    4.187332E+01
  1.491749E+02    2.800956E+05    4.187342E+01
  1.492049E+02    2.802090E+05    4.187352E+01
  1.492349E+02    2.803225E+05    4.187361E+01
  1.492649E+02    2.804360E+05    4.187371E+01
  1.492949E+02    2.805496E+05    4.187381E+01
  1.493249E+02    2.806631E+05    4.187391E+01
  1.493549E+02    2.807767E+05    4.187401E+01
  1.493849E+02    2.808903E+05    4.187411E+01
  1.494149E+02    2.810039E+05    4.187421E+01
  1.494449E+02    2.811176E+05    4.187430E+01
  1.494749E+02    2.812312E+05    4.187440E+01
  1.495050E+02    2.813449E+05    4.187450E+01
  1.495350E+02    2.814586E+05    4.187460E+01
  1.495650E+02    2.815724E+05    4.187470E+01
  1.495950E+02    2.816862E+05    4.187480E+01
  1.496250E+02    2.817999E+05    4.187489E+01
  1.496550E+02    2.819137E+05    4.187499E+01
  1.496850E+02    2.820276E+05    4.187509E+01
  1.497150E+02    2.821414E+05    4.187519E+01
  1.497450E+02    2.822553E+05    4.187529E+01
  1.497750E+02    2.823692E+05    4.187538E+01
  1.498050E+02    2.824831E+05    4.187548E+01
  1.498350E+02    2.825971E+05    4.187558E+01
  1.498650E+02    2.827111E+05    4.187568E+01
  1.498950E+02    2.828251E+05    4.187578E+01
  1.499250E+02    2.829391E+05    4.187587E+01
  1.499550E+02    2.830531E+05    4.187597E+01
  1.499850E+02    2.831672E+05    4.187607E+01
  1.500150E+02    2.832813E+05    4.187617E+01
  1.500450E+02    2.833954E+05    4.187626E+01
  1.500750E+02    2.835095E+05    4.187636E+01
  1.501050E+02    2.836236E+05    4.187646E+01
  1.501350E+02    2.837378E+05    4.187656E+01
  1.501650E+02    2.838520E+05    4.187665E+01
  1.501950E+02    2.839662E+05    4.187675E+01
  1.502250E+02    2.840805E+05    4.187685E+01
  1.502550E+02    2.841948E+05    4.187695E+01
  1.502850E+02    2.843091E+05    4.187704E+01
  1.503150E+02    2.844234E+05    4.187714E+01
  1.503450E+02    2.845377E+05    4.187724E+01
  1.503750E+02    2.846521E+05    4.187733E+01
  1.504050E+02    2.847665E+05    4.187743E+01
  1.504350E+02    2.848809E+05    4.187753E+01
  1.504650E+02    2.849953E+05    4.187763E+01
  1.504950E+02    2.851097E+05    4.187772E+01
  1.505251E+02    2.852242E+05    4.187782E+01
  1.505551E+02    2.853387E+05    4.187792E+01
  1.505851E+02    2.854532E+05    4.187801E+01
  1.506151E+02    2.855678E+05    4.187811E+01
  1.506451E+02    2.856824E+05    4.187821E+01
  1.506751E+02    2.857969E+05    4.187830E+01
  1.507051E+02    2.859116E+05    4.187840E+01
  1.507351E+02    2.860262E+05    4.187850E+01
  1.507651E+02    2.861409E+05    4.187859E+01
  1.507951E+02    2.862555E+05    4.187869E+01
  1.508251E+02    2.863702E+05    4.187879E+01
  1.508551E+02    2.864850E+05    4.187888E+01
  1.508851E+02    2.865997E+05    4.187898E+01
  1.509151E+02    2.867145E+05    4.187908E+01
  1.509451E+02    2.868293E+05    4.187917E+01
  1.509751E+02    2.869441E+05    4.187927E+01
  1.510051E+02    2.870590E+05    4.187937E+01
  1.510351E+02    2.871738E+05    4.187946E+01
  1.510651E+02    2.872887E+05    4.187956E+01
  1.510951E+02    2.874036E+05    4.187965E+01
  1.511251E+02    2.875186E+05    4.187975E+01
  1.511551E+02    2.876335E+05    4.187985E+01
  1.511851E+02    2.877485E+05    4.187994E+01
  1.512151E+02    2.878635E+05    4.188004E+01
  1.512451E+02    2.879785E+05    4.188014E+01
  1.512751E+02    2.880936E+05    4.188023E+01
  1.513051E+02    2.882087E+05    4.188033E+01
  1.513351E+02    2.883238E+05    4.188042E+01
  1.513651E+02    2.884389E+05    4.188052E+01
  1.513951E+02    2.885540E+05    4.188062E+01
  1.514251E+02    2.886692E+05    4.188071E+01
  1.514551E+02    2.887844E+05    4.188081E+01
  1.514851E+02    2.888996E+05    4.188090E+01
  1.515152E+02    2.890148E+05    4.188100E+01
  1.515452E+02    2.891301E+05    4.188109E+01
  1.515752E+02    2.892453E+05    4.188119E+01
  1.516052E+02    2.893607E+05    4.188129E+01
  1.516352E+02    2.894760E+05    4.188138E+01
  1.516652E+02    2.895913E+05    4.188148E+01
  1.516952E+02    2.897067E+05    4.188157E+01
  1.517252E+02    2.898221E+05    4.188167E+01
  1.517552E+02    2.899375E+05    4.188176E+01
  1.517852E+02    2.900530E+05    4.188186E+01
  1.518152E+02    2.901684E+05    4.188195E+01
  1.518452E+02    2.902839E+05    4.188205E+01
  1.518752E+02    2.903994E+05    4.188214E+01
  1.519052E+02    2.905149E+05    4.188224E+01
  1.519352E+02    2.906305E+05    4.188233E+01
  1.519652E+02    2.907461E+05    4.188243E+01
  1.519952E+02    2.908617E+05    4.188252E+01
  1.520252E+02    2.909773E+05    4.188262E+01
  1.520552E+02    2.910930E+05    4.188271E+01
  1.520852E+02    2.912086E+05    4.188281E+01
  1.521152E+02    2.913243E+05    4.188290E+01
  1.521452E+02    2.914400E+05    4.188300E+01
  1.521752E+02    2.915558E+05    4.188309E+01
  1.522052E+02    2.916715E+05    4.188319E+01
  1.522352E+02    2.917873E+05    4.188328E+01
  1.522652E+02    2.919031E+05    4.188338E+01
  1.522952E+02    2.920190E+05    4.188347E+01
  1.523252E+02    2.921348E+05    4.188357E+01
  1.523552E+02    2.922507E+05    4.188366E+01
  1.523852E+02    2.923666E+05    4.188376E+01
  1.524152E+02    2.924825E+05    4.188385E+01
  1.524452E+02    2.925985E+05    4.188395E+01
  1.524752E+02    2.927144E+05    4.188404E+01
  1.525053E+02    2.928304E+05    4.188414E+01
  1.525353E+02    2.929464E+05    4.188423E+01
  1.525653E+02    2.930625E+05    4.188432E+01
  1.525953E+02    2.931785E+05    4.188442E+01
  1.526253E+02    2.932946E+05    4.188451E+01
  1.526553E+02    2.934107E+05    4.188461E+01
  1.526853E+02    2.935269E+05    4.188470E+01
  1.527153E+02    2.936430E+05    4.188480E+01
  1.527453E+02    2.937592E+05    4.188489E+01
  1.527753E+02    2.938754E+05    4.188498E+01
  1.528053E+02    2.939916E+05    4.188508E+01
  1.528353E+02    2.941079E+05    4.188517E+01
  1.528653E+02    2.942241E+05    4.188527E+01
  1.528953E+02    2.943404E+05    4.188536E+01
  1.529253E+02    2.944567E+05    4.188545E+01
  1.529553E+02    2.945731E+05    4.188555E+01
  1.529853E+02    2.946894E+05    4.188564E+01
  1.530153E+02    2.948058E+05    4.188574E+01
  1.530453E+02    2.949222E+05    4.188583E+01
  1.530753E+02    2.950386E+05    4.188592E+01
  1.531053E+02    2.951551E+05    4.188602E+01
  1.531353E+02    2.952716E+05    4.188611E+01
  1.531653E+02    2.953881E+05    4.188620E+01
  1.531953E+02    2.955046E+05    4.188630E+01
  1.532253E+02    2.956211E+05    4.188639E+01
  1.532553E+02    2.957377E+05    4.188648E+01
  1.532853E+02    2.958543E+05    4.188658E+01
  1.533153E+02    2.959709E+05    4.188667E+01
  1.533453E+02    2.960875E+05    4.188677E+01
  1.533753E+02    2.962042E+05    4.188686E+01
  1.534053E+02    2.963209E+05    4.188695E+01
  1.534353E+02    2.964376E+05    4.188705E+01
  1.534653E+02    2.965543E+05    4.188714E+01
  1.534953E+02    2.966711E+05    4.188723E+01
  1.535254E+02    2.967878E+05    4.188733E+01
  1.535554E+02    2.969046E+05    4.188742E+01
  1.535854E+02    2.970215E+05    4.188751E+01
  1.536154E+02    2.971383E+05    4.188760E+01
  1.536454E+02    2.972552E+05    4.188770E+01
  1.536754E+02    2.973721E+05    4.188779E+01
  1.537054E+02    2.974890E+05    4.188788E+01
  1.537354E+02    2.976059E+05    4.188798E+01
  1.537654E+02    2.977229E+05    4.188807E+01
  1.537954E+02    2.978398E+05    4.188816E+01
  1.538254E+02    2.979568E+05    4.188826E+01
  1.538554E+02    2.980739E+05    4.188835E+01
  1.538854E+02    2.981909E+05    4.188844E+01
  1.539154E+02    2.983080E+05    4.188853E+01
  1.539454E+02    2.984251E+05    4.188863E+01
  1.539754E+02    2.985422E+05    4.188872E+01
  1.540054E+02    2.986593E+05    4.188881E+01
  1.540354E+02    2.987765E+05    4.188890E+01
  1.540654E+02    2.988937E+05    4.188900E+01
  1.540954E+02    2.990109E+05    4.188909E+01
  1.541254E+02    2.991281E+05    4.188918E+01
  1.541554E+02    2.992454E+05    4.188927E+01
  1.541854E+02    2.993627E+05    4.188937E+01
  1.542154E+02    2.994800E+05    4.188946E+01
  1.542454E+02    2.995973E+05    4.188955E+01
  1.542754E+02    2.997146E+05    4.188964E+01
  1.543054E+02    2.998320E+05    4.188974E+01
  1.543354E+02    2.999494E+05    4.188983E+01
  1.543654E+02    3.000668E+05    4.188992E+01
  1.543954E+02    3.001843E+05    4.189001E+01
  1.544254E+02    3.003017E+05    4.189010E+01
  1.544554E+02    3.004192E+05    4.189020E+01
  1.544854E+02    3.005367E+05    4.189029E+01
  1.545155E+02    3.006543E+05    4.189038E+01
  1.545455E+02    3.007718E+05    4.189047E+01
  1.545755E+02    3.008894E+05    4.189056E+01
  1.546055E+02    3.010070E+05    4.189066E+01
  1.546355E+02    3.011246E+05    4.189075E+01
  1.546655E+02    3.012423E+05    4.189084E+01
  1.546955E+02    3.013599E+05    4.189093E+01
  1.547255E+02    3.014776E+05    4.189102E+01
  1.547555E+02    3.015953E+05    4.189112E+01
  1.547855E+02    3.017131E+05    4.189121E+01
  1.548155E+02    3.018308E+05    4.189130E+01
  1.548455E+02    3.019486E+05    4.189139E+01
  1.548755E+02    3.020664E+05    4.189148E+01
  1.549055E+02    3.021843E+05    4.189157E+01
  1.549355E+02    3.023021E+05    4.189166E+01
  1.549655E+02    3.024200E+05    4.189176E+01
  1.549955E+02    3.025379E+05    4.189185E+01
  1.550255E+02    3.026558E+05    4.189194E+01
  1.550555E+02    3.027738E+05    4.189203E+01
  1.550855E+02    3.028917E+05    4.189212E+01
  1.551155E+02    3.030097E+05    4.189221E+01
  1.551455E+02    3.031277E+05    4.189230E+01
  1.551755E+02    3.032458E+05    4.189240E+01
  1.552055E+02    3.033638E+05    4.189249E+01
  1.552355E+02    3.034819E+05    4.189258E+01
  1.552655E+02    3.036000E+05    4.189267E+01
  1.552955E+02    3.037182E+05    4.189276E+01
  1.553255E+02    3.038363E+05    4.189285E+01
  1.553555E+02    3.039545E+05    4.189294E+01
  1.553855E+02    3.040727E+05    4.189303E+01
  1.554155E+02    3.041909E+05    4.189312E+01
  1.554455E+02    3.043091E+05    4.189322E+01
  1.554755E+02    3.044274E+05    4.189331E+01
  1.555056E+02    3.045457E+05    4.189340E+01
  1.555356E+02    3.046640E+05    4.189349E+01
  1.555656E+02    3.047823E+05    4.189358E+01
  1.555956E+02    3.049007E+05    4.189367E+01
  1.556256E+02    3.050191E+05    4.189376E+01
  1.556556E+02    3.051375E+05    4.189385E+01
  1.556856E+02    3.052559E+05    4.189394E+01
  1.557156E+02    3.053744E+05    4.189403E+01
  1.557456E+02    3.054928E+05    4.189412E+01
  1.557756E+02    3.056113E+05    4.189421E+01
  1.558056E+02    3.057299E+05    4.189430E+01
  1.558356E+02    3.058484E+05    4.189439E+01
  1.558656E+02    3.059670E+05    4.189448E+01
  1.558956E+02    3.060856E+05    4.189457E+01
  1.559256E+02    3.062042E+05    4.189466E+01
  1.559556E+02    3.063228E+05    4.189476E+01
  1.559856E+02    3.064415E+05    4.189485E+01
  1.560156E+02    3.065601E+05    4.189494E+01
  1.560456E+02    3.066789E+05    4.189503E+01
  1.560756E+02    3.067976E+05    4.189512E+01
  1.561056E+02    3.069163E+05    4.189521E+01
  1.561356E+02    3.070351E+05    4.189530E+01
  1.561656E+02    3.071539E+05    4.189539E+01
  1.561956E+02    3.072727E+05    4.189548E+01
  1.562256E+02    3.073916E+05    4.189557E+01
  1.562556E+02    3.075104E+05    4.189566E+01
  1.562856E+02    3.076293E+05    4.189575E+01
  1.563156E+02    3.077482E+05    4.189584E+01
  1.563456E+02    3.078672E+05    4.189593E+01
  1.563756E+02    3.079861E+05    4.189602E+01
  1.564056E+02    3.081051E+05    4.189611E+01
  1.564356E+02    3.082241E+05    4.189620E+01
  1.564656E+02    3.083431E+05    4.189629E+01
  1.564956E+02    3.084622E+05    4.189637E+01
  1.565257E+02    3.085812E+05    4.189646E+01
  1.565557E+02    3.087003E+05    4.189655E+01
  1.565857E+02    3.088194E+05    4.189664E+01
  1.566157E+02    3.089386E+05    4.189673E+01
  1.566457E+02    3.090578E+05    4.189682E+01
  1.566757E+02    3.091769E+05    4.189691E+01
  1.567057E+02    3.092961E+05    4.189700E+01
  1.567357E+02    3.094154E+05    4.189709E+01
  1.567657E+02    3.095346E+05    4.189718E+01
  1.567957E+02    3.096539E+05    4.189727E+01
  1.568257E+02    3.097732E+05    4.189736E+01
  1.568557E+02    3.098925E+05    4.189745E+01
  1.568857E+02    3.100119E+05    4.189754E+01
  1.569157E+02    3.101313E+05    4.189763E+01
  1.569457E+02    3.102506E+05    4.189772E+01
  1.569757E+02    3.103701E+05    4.189781E+01
  1.570057E+02    3.104895E+05    4.189789E+01
  1.570357E+02    3.106090E+05    4.189798E+01
  1.570657E+02    3.107285E+05    4.189807E+01
  1.570957E+02    3.108480E+05    4.189816E+01
  1.571257E+02    3.109675E+05    4.189825E+01
  1.571557E+02    3.110870E+05    4.189834E+01
  1.571857E+02    3.112066E+05    4.189843E+01
  1.572157E+02    3.113262E+05    4.189852E+01
  1.572457E+02    3.114458E+05    4.189861E+01
  1.572757E+02    3.115655E+05    4.189869E+01
  1.573057E+02    3.116852E+05    4.189878E+01
  1.573357E+02    3.118048E+05    4.189887E+01
  1.573657E+02    3.119246E+05    4.189896E+01
  1.573957E+02    3.120443E+05    4.189905E+01
  1.574257E+02    3.121641E+05    4.189914E+01
  1.574557E+02    3.122838E+05    4.189923E+01
  1.574857E+02    3.124037E+05    4.189932E+01
  1.575158E+02    3.125235E+05    4.189940E+01
  1.575458E+02    3.126433E+05    4.189949E+01
  1.575758E+02    3.127632E+05    4.189958E+01
  1.576058E+02    3.128831E+05    4.189967E+01
  1.576358E+02    3.130030E+05    4.189976E+01
  1.576658E+02    3.131230E+05    4.189985E+01
  1.576958E+02    3.132429E+05    4.189993E+01
  1.577258E+02    3.133629E+05    4.190002E+01
  1.577558E+02    3.134829E+05    4.190011E+01
  1.577858E+02    3.136030E+05    4.190020E+01
  1.578158E+02    3.137230E+05    4.190029E+01
  1.578458E+02    3.138431E+05    4.190038E+01
  1.578758E+02    3.139632E+05    4.190046E+01
  1.579058E+02    3.140834E+05    4.190055E+01
  1.579358E+02    3.142035E+05    4.190064E+01
  1.579658E+02    3.143237E+05    4.190073E+01
  1.579958E+02    3.144439E+05    4.190082E+01
  1.580258E+02    3.145641E+05    4.190090E+01
  1.580558E+02    3.146843E+05    4.190099E+01
  1.580858E+02    3.148046E+05    4.190108E+01
  1.581158E+02    3.149249E+05    4.190117E+01
  1.581458E+02    3.150452E+05    4.190125E+01
  1.581758E+02    3.151655E+05    4.190134E+01
  1.582058E+02    3.152859E+05    4.190143E+01
  1.582358E+02    3.154063E+05    4.190152E+01
  1.582658E+02    3.155267E+05    4.190161E+01
  1.582958E+02    3.156471E+05    4.190169E+01
  1.583258E+02    3.157676E+05    4.190178E+01
  1.583558E+02    3.158880E+05    4.190187E+01
  1.583858E+02    3.160085E+05    4.190196E+01
  1.584158E+02    3.161291E+05    4.190204E+01
  1.584458E+02    3.162496E+05    4.190213E+01
  1.584758E+02    3.163702E+05    4.190222E+01
  1.585059E+02    3.164908E+05    4.190231E+01
  1.585359E+02    3.166114E+05    4.190239E+01
  1.585659E+02    3.167320E+05    4.190248E+01
  1.585959E+02    3.168527E+05    4.190257E+01
  1.586259E+02    3.169733E+05    4.190266E+01
  1.586559E+02    3.170940E+05    4.190274E+01
  1.586859E+02    3.172148E+05    4.190283E+01
  1.587159E+02    3.173355E+05    4.190292E+01
  1.587459E+02    3.174563E+05    4.190300E+01
  1.587759E+02    3.175771E+05    4.190309E+01
  1.588059E+02    3.176979E+05    4.190318E+01
  1.588359E+02    3.178187E+05    4.190327E+01
  1.588659E+02    3.179396E+05    4.190335E+01
  1.588959E+02    3.180605E+05    4.190344E+01
  1.589259E+02    3.181814E+05    4.190353E+01
  1.589559E+02    3.183023E+05    4.190361E+01
  1.589859E+02    3.184233E+05    4.190370E+01
  1.590159E+02    3.185443E+05    4.190379E+01
  1.590459E+02    3.186653E+05    4.190387E+01
  1.590759E+02    3.187863E+05    4.190396E+01
  1.591059E+02    3.189073E+05    4.190405E+01
  1.591359E+02    3.190284E+05    4.190413E+01
  1.591659E+02    3.191495E+05    4.190422E+01
  1.591959E+02    3.192706E+05    4.190431E+01
  1.592259E+02    3.193918E+05    4.190439E+01
  1.592559E+02    3.195129E+05    4.190448E+01
  1.592859E+02    3.196341E+05    4.190457E+01
  1.593159E+02    3.197553E+05    4.190465E+01
  1.593459E+02    3.198765E+05    4.190474E+01
  1.593759E+02    3.199978E+05    4.190483E+01
  1.594059E+02    3.201191E+05    4.190491E+01
  1.594359E+02    3.202404E+05    4.190500E+01
  1.594659E+02    3.203617E+05    4.190509E+01
  1.594959E+02    3.204830E+05    4.190517E+01
  1.595260E+02    3.206044E+05    4.190526E+01
  1.595560E+02    3.207258E+05    4.190534E+01
  1.595860E+02    3.208472E+05    4.190543E+01
  1.596160E+02    3.209687E+05    4.190552E+01
  1.596460E+02    3.210901E+05    4.190560E+01
  1.596760E+02    3.212116E+05    4.190569E+01
  1.597060E+02    3.213331E+05    4.190578E+01
  1.597360E+02    3.214546E+05    4.190586E+01
  1.597660E+02    3.215762E+05    4.190595E+01
  1.597960E+02    3.216978E+05    4.190603E+01
  1.598260E+02    3.218194E+05    4.190612E+01
  1.598560E+02    3.219410E+05    4.190621E+01
  1.598860E+02    3.220626E+05    4.190629E+01
  1.599160E+02    3.221843E+05    4.190638E+01
  1.599460E+02    3.223060E+05    4.190646E+01
  1.599760E+02    3.224277E+05    4.190655E+01
  1.600060E+02    3.225494E+05    4.190663E+01
  1.600360E+02    3.226712E+05    4.190672E+01
  1.600660E+02    3.227930E+05    4.190681E+01
  1.600960E+02    3.229148E+05    4.190689E+01
  1.601260E+02    3.230366E+05    4.190698E+01
  1.601560E+02    3.231585E+05    4.190706E+01
  1.601860E+02    3.232803E+05    4.190715E+01
  1.602160E+02    3.234022E+05    4.190723E+01
  1.602460E+02    3.235242E+05    4.190732E+01
  1.602760E+02    3.236461E+05    4.190741E+01
  1.603060E+02    3.237681E+05    4.190749E+01
  1.603360E+02    3.238901E+05    4.190758E+01
  1.603660E+02    3.240121E+05    4.190766E+01
  1.603960E+02    3.241341E+05    4.190775E+01
  1.604260E+02    3.242562E+05    4.190783E+01
  1.604560E+02    3.243783E+05    4.190792E+01
  1.604860E+02    3.245004E+05    4.190800E+01
  1.605161E+02    3.246225E+05    4.190809E+01
  1.605461E+02    3.247446E+05    4.190817E+01
  1.605761E+02    3.248668E+05    4.190826E+01
  1.606061E+02    3.249890E+05    4.190834E+01
  1.606361E+02    3.251112E+05    4.190843E+01
  1.606661E+02    3.252335E+05    4.190851E+01
  1.606961E+02    3.253557E+05    4.190860E+01
  1.607261E+02    3.254780E+05    4.190868E+01
  1.607561E+02    3.256003E+05    4.190877E+01
  1.607861E+02    3.257227E+05    4.190885E+01
  1.608161E+02    3.258450E+05    4.190894E+01
  1.608461E+02    3.259674E+05    4.190902E+01
  1.608761E+02    3.260898E+05    4.190911E+01
  1.609061E+02    3.262122E+05    4.190919E+01
  1.609361E+02    3.263347E+05    4.190928E+01
  1.609661E+02    3.264572E+05    4.190936E+01
  1.609961E+02    3.265796E+05    4.190945E+01
  1.610261E+02    3.267022E+05    4.190953E+01
  1.610561E+02    3.268247E+05    4.190962E+01
  1.610861E+02    3.269473E+05    4.190970E+01
  1.611161E+02    3.270699E+05    4.190979E+01
  1.611461E+02    3.271925E+05    4.190987E+01
  1.611761E+02    3.273151E+05    4.190995E+01
  1.612061E+02    3.274378E+05    4.191004E+01
  1.612361E+02    3.275604E+05    4.191012E+01
  1.612661E+02    3.276831E+05    4.191021E+01
  1.612961E+02    3.278059E+05    4.191029E+01
  1.613261E+02    3.279286E+05    4.191038E+01
  1.613561E+02    3.280514E+05    4.191046E+01
  1.613861E+02    3.281742E+05    4.191055E+01
  1.614161E+02    3.282970E+05    4.191063E+01
  1.614461E+02    3.284198E+05    4.191071E+01
  1.614761E+02    3.285427E+05    4.191080E+01
  1.615062E+02    3.286656E+05    4.191088E+01
  1.615362E+02    3.287885E+05    4.191097E+01
  1.615662E+02    3.289114E+05    4.191105E+01
  1.615962E+02    3.290344E+05    4.191113E+01
  1.616262E+02    3.291574E+05    4.191122E+01
  1.616562E+02    3.292804E+05    4.191130E+01
  1.616862E+02    3.294034E+05    4.191139E+01
  1.617162E+02    3.295264E+05    4.191147E+01
  1.617462E+02    3.296495E+05    4.191155E+01
  1.617762E+02    3.297726E+05    4.191164E+01
  1.618062E+02    3.298957E+05    4.191172E+01
  1.618362E+02    3.300188E+05    4.191181E+01
  1.618662E+02    3.301420E+05    4.191189E+01
  1.618962E+02    3.302652E+05    4.191197E+01
  1.619262E+02    3.303884E+05    4.191206E+01
  1.619562E+02    3.305116E+05    4.191214E+01
  1.619862E+02    3.306349E+05    4.191223E+01
  1.620162E+02    3.307582E+05    4.191231E+01
  1.620462E+02    3.308815E+05    4.191239E+01
  1.620762E+02    3.310048E+05    4.191248E+01
  1.621062E+02    3.311281E+05    4.191256E+01
  1.621362E+02    3.312515E+05    4.191264E+01
  1.621662E+02    3.313749E+05    4.191273E+01
  1.621962E+02    3.314983E+05    4.191281E+01
  1.622262E+02    3.316217E+05    4.191289E+01
  1.622562E+02    3.317452E+05    4.191298E+01
  1.622862E+02    3.318687E+05    4.191306E+01
  1.623162E+02    3.319922E+05    4.191314E+01
  1.623462E+02    3.321157E+05    4.191323E+01
  1.623762E+02    3.322393E+05    4.191331E+01
  1.624062E+02    3.323628E+05    4.191339E+01
  1.624362E+02    3.324864E+05    4.191348E+01
  1.624662E+02    3.326101E+05    4.191356E+01
  1.624962E+02    3.327337E+05    4.191364E+01
  1.625263E+02    3.328574E+05    4.191373E+01
  1.625563E+02    3.329811E+05    4.191381E+01
  1.625863E+02    3.331048E+05    4.191389E+01
  1.626163E+02    3.332285E+05    4.191398E+01
  1.626463E+02    3.333523E+05    4.191406E+01
  1.626763E+02    3.334760E+05    4.191414E+01
  1.627063E+02    3.335999E+05    4.191422E+01
  1.627363E+02    3.337237E+05    4.191431E+01
  1.627663E+02    3.338475E+05    4.191439E+01
  1.627963E+02    3.339714E+05    4.191447E+01
  1.628263E+02    3.340953E+05    4.191456E+01
  1.628563E+02    3.342192E+05    4.191464E+01
  1.628863E+02    3.343432E+05    4.191472E+01
  1.629163E+02    3.344671E+05    4.191480E+01
  1.629463E+02    3.345911E+05    4.191489E+01
  1.629763E+02    3.347151E+05    4.191497E+01
  1.630063E+02    3.348392E+05    4.191505E+01
  1.630363E+02    3.349632E+05    4.191513E+01
  1.630663E+02    3.350873E+05    4.191522E+01
  1.630963E+02    3.352114E+05    4.191530E+01
  1.631263E+02    3.353355E+05    4.191538E+01
  1.631563E+02    3.354597E+05    4.191546E+01
  1.631863E+02    3.355839E+05    4.191555E+01
  1.632163E+02    3.357080E+05    4.191563E+01
  1.632463E+02    3.358323E+05    4.191571E+01
  1.632763E+02    3.359565E+05    4.191579E+01
  1.633063E+02    3.360808E+05    4.191588E+01
  1.633363E+02    3.362051E+05    4.191596E+01
  1.633663E+02    3.363294E+05    4.191604E+01
  1.633963E+02    3.364537E+05    4.191612E+01
  1.634263E+02    3.365781E+05    4.191621E+01
  1.634563E+02    3.367024E+05    4.191629E+01
  1.634863E+02    3.368268E+05    4.191637E+01
  1.635164E+02    3.369513E+05    4.191645E+01
  1.635464E+02    3.370757E+05    4.191653E+01
  1.635764E+02    3.372002E+05    4.191662E+01
  1.636064E+02    3.373247E+05    4.191670E+01
  1.636364E+02    3.374492E+05    4.191678E+01
  1.636664E+02    3.375737E+05    4.191686E+01
  1.636964E+02    3.376983E+05    4.191694E+01
  1.637264E+02    3.378229E+05    4.191703E+01
  1.637564E+02    3.379475E+05    4.191711E+01
  1.637864E+02    3.380721E+05    4.191719E+01
  1.638164E+02    3.381968E+05    4.191727E+01
  1.638464E+02    3.383215E+05    4.191735E+01
  1.638764E+02    3.384462E+05    4.191743E+01
  1.639064E+02    3.385709E+05    4.191752E+01
  1.639364E+02    3.386956E+05    4.191760E+01
  1.639664E+02    3.388204E+05    4.191768E+01
  1.639964E+02    3.389452E+05    4.191776E+01
  1.640264E+02    3.390700E+05    4.191784E+01
  1.640564E+02    3.391949E+05    4.191792E+01
  1.640864E+02    3.393197E+05    4.191801E+01
  1.641164E+02    3.394446E+05    4.191809E+01
  1.641464E+02    3.395695E+05    4.191817E+01
  1.641764E+02    3.396944E+05    4.191825E+01
  1.642064E+02    3.398194E+05    4.191833E+01
  1.642364E+02    3.399444E+05    4.191841E+01
  1.642664E+02    3.400694E+05    4.191849E+01
  1.642964E+02    3.401944E+05    4.191858E+01
  1.643264E+02    3.403194E+05    4.191866E+01
  1.643564E+02    3.404445E+05    4.191874E+01
  1.643864E+02    3.405696E+05    4.191882E+01
  1.644164E+02    3.406947E+05    4.191890E+01
  1.644464E+02    3.408198E+05    4.191898E+01
  1.644764E+02    3.409450E+05    4.191906E+01
  1.645065E+02    3.410702E+05    4.191914E+01
  1.645365E+02    3.411954E+05    4.191923E+01
  1.645665E+02    3.413206E+05    4.191931E+01
  1.645965E+02    3.414459E+05    4.191939E+01
  1.646265E+02    3.415712E+05    4.191947E+01
  1.646565E+02    3.416965E+05    4.191955E+01
  1.646865E+02    3.418218E+05    4.191963E+01
  1.647165E+02    3.419471E+05    4.191971E+01
  1.647465E+02    3.420725E+05    4.191979E+01
  1.647765E+02    3.421979E+05    4.191987E+01
  1.648065E+02    3.423233E+05    4.191995E+01
  1.648365E+02    3.424487E+05    4.192004E+01
  1.648665E+02    3.425742E+05    4.192012E+01
  1.648965E+02    3.426997E+05    4.192020E+01
  1.649265E+02    3.428252E+05    4.192028E+01
  1.649565E+02    3.429507E+05    4.192036E+01
  1.649865E+02    3.430763E+05    4.192044E+01
  1.650165E+02    3.432018E+05    4.192052E+01
  1.650465E+02    3.433274E+05    4.192060E+01
  1.650765E+02    3.434530E+05    4.192068E+01
  1.651065E+02    3.435787E+05    4.192076E+01
  1.651365E+02    3.437044E+05    4.192084E+01
  1.651665E+02    3.438300E+05    4.192092E+01
  1.651965E+02    3.439558E+05    4.192100E+01
  1.652265E+02    3.440815E+05    4.192108E+01
  1.652565E+02    3.442072E+05    4.192116E+01
  1.652865E+02    3.443330E+05    4.192124E+01
  1.653165E+02    3.444588E+05    4.192132E+01
  1.653465E+02    3.445847E+05    4.192140E+01
  1.653765E+02    3.447105E+05    4.192148E+01
  1.654065E+02    3.448364E+05    4.192156E+01
  1.654365E+02    3.449623E+05    4.192164E+01
  1.654665E+02    3.450882E+05    4.192173E+01
  1.654965E+02    3.452141E+05    4.192181E+01
  1.655266E+02    3.453401E+05    4.192189E+01
  1.655566E+02    3.454661E+05    4.192197E+01
  1.655866E+02    3.455921E+05    4.192205E+01
  1.656166E+02    3.457181E+05    4.192213E+01
  1.656466E+02    3.458442E+05    4.192221E+01
  1.656766E+02    3.459703E+05    4.192229E+01
  1.657066E+02    3.460964E+05    4.192237E+01
  1.657366E+02    3.462225E+05    4.192245E+01
  1.657666E+02    3.463486E+05    4.192253E+01
  1.657966E+02    3.464748E+05    4.192261E+01
  1.658266E+02    3.466010E+05    4.192269E+01
  1.658566E+02    3.467272E+05    4.192276E+01
  1.658866E+02    3.468535E+05    4.192284E+01
  1.659166E+02    3.469797E+05    4.192292E+01
  1.659466E+02    3.471060E+05    4.192300E+01
  1.659766E+02    3.472323E+05    4.192308E+01
  1.660066E+02    3.473587E+05    4.192316E+01
  1.660366E+02    3.474850E+05    4.192324E+01
  1.660666E+02    3.476114E+05    4.192332E+01
  1.660966E+02    3.477378E+05    4.192340E+01
  1.661266E+02    3.478642E+05    4.192348E+01
  1.661566E+02    3.479907E+05    4.192356E+01
  1.661866E+02    3.481171E+05    4.192364E+01
  1.662166E+02    3.482436E+05    4.192372E+01
  1.662466E+02    3.483701E+05    4.192380E+01
  1.662766E+02    3.484967E+05    4.192388E+01
  1.663066E+02    3.486232E+05    4.192396E+01
  1.663366E+02    3.487498E+05    4.192404E+01
  1.663666E+02    3.488764E+05    4.192412E+01
  1.663966E+02    3.490031E+05    4.192420E+01
  1.664266E+02    3.491297E+05    4.192428E+01
  1.664566E+02    3.492564E+05    4.192435E+01
  1.664866E+02    3.493831E+05    4.192443E+01
  1.665167E+02    3.495098E+05    4.192451E+01
  1.665467E+02    3.496366E+05    4.192459E+01
  1.665767E+02    3.497633E+05    4.192467E+01
  1.666067E+02    3.498901E+05    4.192475E+01
  1.666367E+02    3.500170E+05    4.192483E+01
  1.666667E+02    3.501438E+05    4.192491E+01
  1.666967E+02    3.502706E+05    4.192499E+01
  1.667267E+02    3.503975E+05    4.192507E+01
  1.667567E+02    3.505244E+05    4.192515E+01
  1.667867E+02    3.506514E+05    4.192522E+01
  1.668167E+02    3.507783E+05    4.192530E+01
  1.668467E+02    3.509053E+05    4.192538E+01
  1.668767E+02    3.510323E+05    4.192546E+01
  1.669067E+02    3.511593E+05    4.192554E+01
  1.669367E+02    3.512864E+05    4.192562E+01
  1.669667E+02    3.514134E+05    4.192570E+01
  1.669967E+02    3.515405E+05    4.192578E+01
  1.670267E+02    3.516676E+05    4.192585E+01
  1.670567E+02    3.517948E+05    4.192593E+01
  1.670867E+02    3.519219E+05    4.192601E+01
  1.671167E+02    3.520491E+05    4.192609E+01
  1.671467E+02    3.521763E+05    4.192617E+01
  1.671767E+02    3.523035E+05    4.192625E+01
  1.672067E+02    3.524308E+05    4.192633E+01
  1.672367E+02    3.525581E+05    4.192640E+01
  1.672667E+02    3.526854E+05    4.192648E+01
  1.672967E+02    3.528127E+05    4.192656E+01
  1.673267E+02    3.529400E+05    4.192664E+01
  1.673567E+02    3.530674E+05    4.192672E+01
  1.673867E+02    3.531948E+05    4.192680E+01
  1.674167E+02    3.533222E+05    4.192688E+01
  1.674467E+02    3.534496E+05    4.192695E+01
  1.674767E+02    3.535771E+05    4.192703E+01
  1.675068E+02    3.537046E+05    4.192711E+01
  1.675368E+02    3.538321E+05    4.192719E+01
  1.675668E+02    3.539596E+05    4.192727E+01
  1.675968E+02    3.540872E+05    4.192734E+01
  1.676268E+02    3.542147E+05    4.192742E+01
  1.676568E+02    3.543423E+05    4.192750E+01
  1.676868E+02    3.544699E+05    4.192758E+01
  1.677168E+02    3.545976E+05    4.192766E+01
  1.677468E+02    3.547253E+05    4.192773E+01
  1.677768E+02    3.548529E+05    4.192781E+01
  1.678068E+02    3.549807E+05    4.192789E+01
  1.678368E+02    3.551084E+05    4.192797E+01
  1.678668E+02    3.552361E+05    4.192805E+01
  1.678968E+02    3.553639E+05    4.192812E+01
  1.679268E+02    3.554917E+05    4.192820E+01
  1.679568E+02    3.556196E+05    4.192828E+01
  1.679868E+02    3.557474E+05    4.192836E+01
  1.680168E+02    3.558753E+05    4.192844E+01
  1.680468E+02    3.560032E+05    4.192851E+01
  1.680768E+02    3.561311E+05    4.192859E+01
  1.681068E+02    3.562590E+05    4.192867E+01
  1.681368E+02    3.563870E+05    4.192875E+01
  1.681668E+02    3.565150E+05    4.192882E+01
  1.681968E+02    3.566430E+05    4.192890E+01
  1.682268E+02    3.567710E+05    4.192898E+01
  1.682568E+02    3.568991E+05    4.192906E+01
  1.682868E+02    3.570272E+05    4.192913E+01
  1.683168E+02    3.571553E+05    4.192921E+01
  1.683468E+02    3.572834E+05    4.192929E+01
  1.683768E+02    3.574115E+05    4.192937E+01
  1.684068E+02    3.575397E+05    4.192944E+01
  1.684368E+02    3.576679E+05    4.192952E+01
  1.684668E+02    3.577961E+05    4.192960E+01
  1.684968E+02    3.579244E+05    4.192968E+01
  1.685269E+02    3.580526E+05    4.192975E+01
  1.685569E+02    3.581809E+05    4.192983E+01
  1.685869E+02    3.583092E+05    4.192991E+01
  1.686169E+02    3.584375E+05    4.192998E+01
  1.686469E+02    3.585659E+05    4.193006E+01
  1.686769E+02    3.586943E+05    4.193014E+01
  1.687069E+02    3.588227E+05    4.193022E+01
  1.687369E+02    3.589511E+05    4.193029E+01
  1.687669E+02    3.590795E+05    4.193037E+01
  1.687969E+02    3.592080E+05    4.193045E+01
  1.688269E+02    3.593365E+05    4.193052E+01
  1.688569E+02    3.594650E+05    4.193060E+01
  1.688869E+02    3.595936E+05    4.193068E+01
  1.689169E+02    3.597221E+05    4.193076E+01
  1.689469E+02    3.598507E+05    4.193083E+01
  1.689769E+02    3.599793E+05    4.193091E+01
  1.690069E+02    3.601079E+05    4.193099E+01
  1.690369E+02    3.602366E+05    4.193106E+01
  1.690669E+02    3.603653E+05    4.193114E+01
  1.690969E+02    3.604940E+05    4.193122E+01
  1.691269E+02    3.606227E+05    4.193129E+01
  1.691569E+02    3.607514E+05    4.193137E+01
  1.691869E+02    3.608802E+05    4.193145E+01
  1.692169E+02    3.610090E+05    4.193152E+01
  1.692469E+02    3.611378E+05    4.193160E+01
  1.692769E+02    3.612666E+05    4.193168E+01
  1.693069E+02    3.613955E+05    4.193175E+01
  1.693369E+02    3.615244E+05    4.193183E+01
  1.693669E+02    3.616533E+05    4.193191E+01
  1.693969E+02    3.617822E+05    4.193198E+01
  1.694269E+02    3.619112E+05    4.193206E+01
  1.694569E+02    3.620401E+05    4.193214E+01
  1.694869E+02    3.621691E+05    4.193221E+01
  1.695170E+02    3.622982E+05    4.193229E+01
  1.695470E+02    3.624272E+05    4.193236E+01
  1.695770E+02    3.625563E+05    4.193244E+01
  1.696070E+02    3.626854E+05    4.193252E+01
  1.696370E+02    3.628145E+05    4.193259E+01
  1.696670E+02    3.629436E+05    4.193267E+01
  1.696970E+02    3.630728E+05    4.193275E+01
  1.697270E+02    3.632020E+05    4.193282E+01
  1.697570E+02    3.633312E+05    4.193290E+01
  1.697870E+02    3.634604E+05    4.193297E+01
  1.698170E+02    3.635896E+05    4.193305E+01
  1.698470E+02    3.637189E+05    4.193313E+01
  1.698770E+02    3.638482E+05    4.193320E+01
  1.699070E+02    3.639775E+05    4.193328E+01
  1.699370E+02    3.641069E+05    4.193335E+01
  1.699670E+02    3.642362E+05    4.193343E+01
  1.699970E+02    3.643656E+05    4.193351E+01
  1.700270E+02    3.644950E+05    4.193358E+01
  1.700570E+02    3.646245E+05    4.193366E+01
  1.700870E+02    3.647539E+05    4.193373E+01
  1.701170E+02    3.648834E+05    4.193381E+01
  1.701470E+02    3.650129E+05    4.193389E+01
  1.701770E+02    3.651424E+05    4.193396E+01
  1.702070E+02    3.652720E+05    4.193404E+01
  1.702370E+02    3.654016E+05    4.193411E+01
  1.702670E+02    3.655312E+05    4.193419E+01
  1.702970E+02    3.656608E+05    4.193426E+01
  1.703270E+02    3.657904E+05    4.193434E+01
  1.703570E+02    3.659201E+05    4.193442E+01
  1.703870E+02    3.660498E+05    4.193449E+01
  1.704170E+02    3.661795E+05    4.193457E+01
  1.704470E+02    3.663092E+05    4.193464E+01
  1.704770E+02    3.664390E+05    4.193472E+01
  1.705071E+02    3.665687E+05    4.193479E+01
  1.705371E+02    3.666985E+05    4.193487E+01
  1.705671E+02    3.668284E+05    4.193494E+01
  1.705971E+02    3.669582E+05    4.193502E+01
  1.706271E+02    3.670881E+05    4.193509E+01
  1.706571E+02    3.672180E+05    4.193517E+01
  1.706871E+02    3.673479E+05    4.193525E+01
  1.707171E+02    3.674778E+05    4.193532E+01
  1.707471E+02    3.676078E+05    4.193540E+01
  1.707771E+02    3.677378E+05    4.193547E+01
  1.708071E+02    3.678678E+05    4.193555E+01
  1.708371E+02    3.679978E+05    4.193562E+01
  1.708671E+02    3.681279E+05    4.193570E+01
  1.708971E+02    3.682580E+05    4.193577E+01
  1.709271E+02    3.683881E+05    4.193585E+01
  1.709571E+02    3.685182E+05    4.193592E+01
  1.709871E+02    3.686483E+05    4.193600E+01
  1.710171E+02    3.687785E+05    4.193607E+01
  1.710471E+02    3.689087E+05    4.193615E+01
  1.710771E+02    3.690389E+05    4.193622E+01
  1.711071E+02    3.691692E+05    4.193630E+01
  1.711371E+02    3.692994E+05    4.193637E+01
  1.711671E+02    3.694297E+05    4.193645E+01
  1.711971E+02    3.695600E+05    4.193652E+01
  1.712271E+02    3.696903E+05    4.193660E+01
  1.712571E+02    3.698207E+05    4.193667E+01
  1.712871E+02    3.699511E+05    4.193675E+01
  1.713171E+02    3.700815E+05    4.193682E+01
  1.713471E+02    3.702119E+05    4.193690E+01
  1.713771E+02    3.703423E+05    4.193697E+01
  1.714071E+02    3.704728E+05    4.193705E+01
  1.714371E+02    3.706033E+05    4.193712E+01
  1.714671E+02    3.707338E+05    4.193719E+01
  1.714971E+02    3.708643E+05    4.193727E+01
  1.715272E+02    3.709949E+05    4.193734E+01
  1.715572E+02    3.711255E+05    4.193742E+01
  1.715872E+02    3.712561E+05    4.193749E+01
  1.716172E+02    3.713867E+05    4.193757E+01
  1.716472E+02    3.715174E+05    4.193764E+01
  1.716772E+02    3.716481E+05    4.193772E+01
  1.717072E+02    3.717787E+05    4.193779E+01
  1.717372E+02    3.719095E+05    4.193787E+01
  1.717672E+02    3.720402E+05    4.193794E+01
  1.717972E+02    3.721710E+05    4.193801E+01
  1.718272E+02    3.723018E+05    4.193809E+01
  1.718572E+02    3.724326E+05    4.193816E+01
  1.718872E+02    3.725634E+05    4.193824E+01
  1.719172E+02    3.726943E+05    4.193831E+01
  1.719472E+02    3.728252E+05    4.193839E+01
  1.719772E+02    3.729561E+05    4.193846E+01
  1.720072E+02    3.730870E+05    4.193853E+01
  1.720372E+02    3.732179E+05    4.193861E+01
  1.720672E+02    3.733489E+05    4.193868E+01
  1.720972E+02    3.734799E+05    4.193876E+01
  1.721272E+02    3.736109E+05    4.193883E+01
  1.721572E+02    3.737420E+05    4.193890E+01
  1.721872E+02    3.738730E+05    4.193898E+01
  1.722172E+02    3.740041E+05    4.193905E+01
  1.722472E+02    3.741352E+05    4.193913E+01
  1.722772E+02    3.742664E+05    4.193920E+01
  1.723072E+02    3.743975E+05    4.193927E+01
  1.723372E+02    3.745287E+05    4.193935E+01
  1.723672E+02    3.746599E+05    4.193942E+01
  1.723972E+02    3.747911E+05    4.193950E+01
  1.724272E+02    3.749224E+05    4.193957E+01
  1.724572E+02    3.750537E+05    4.193964E+01
  1.724872E+02    3.751850E+05    4.193972E+01
  1.725173E+02    3.753163E+05    4.193979E+01
  1.725473E+02    3.754476E+05    4.193986E+01
  1.725773E+02    3.755790E+05    4.193994E+01
  1.726073E+02    3.757104E+05    4.194001E+01
  1.726373E+02    3.758418E+05    4.194009E+01
  1.726673E+02    3.759732E+05    4.194016E+01
  1.726973E+02    3.761047E+05    4.194023E+01
  1.727273E+02    3.762362E+05    4.194031E+01
  1.727573E+02    3.763677E+05    4.194038E+01
  1.727873E+02    3.764992E+05    4.194045E+01
  1.728173E+02    3.766307E+05    4.194053E+01
  1.728473E+02    3.767623E+05    4.194060E+01
  1.728773E+02    3.768939E+05    4.194067E+01
  1.729073E+02    3.770255E+05    4.194075E+01
  1.729373E+02    3.771572E+05    4.194082E+01
  1.729673E+02    3.772888E+05    4.194089E+01
  1.729973E+02    3.774205E+05    4.194097E+01
  1.730273E+02    3.775522E+05    4.194104E+01
  1.730573E+02    3.776839E+05    4.194111E+01
  1.730873E+02    3.778157E+05    4.194119E+01
  1.731173E+02    3.779475E+05    4.194126E+01
  1.731473E+02    3.780793E+05    4.194133E+01
  1.731773E+02    3.782111E+05    4.194141E+01
  1.732073E+02    3.783430E+05    4.194148E+01
  1.732373E+02    3.784748E+05    4.194155E+01
  1.732673E+02    3.786067E+05    4.194163E+01
  1.732973E+02    3.787386E+05    4.194170E+01
  1.733273E+02    3.788706E+05    4.194177E+01
  1.733573E+02    3.790025E+05    4.194185E+01
  1.733873E+02    3.791345E+05    4.194192E+01
  1.734173E+02    3.792665E+05    4.194199E+01
  1.734473E+02    3.793986E+05    4.194206E+01
  1.734773E+02    3.795306E+05    4.194214E+01
  1.735074E+02    3.796627E+05    4.194221E+01
  1.735374E+02    3.797948E+05    4.194228E+01
  1.735674E+02    3.799269E+05    4.194236E+01
  1.735974E+02    3.800591E+05    4.194243E+01
  1.736274E+02    3.801912E+05    4.194250E+01
  1.736574E+02    3.803234E+05    4.194257E+01
  1.736874E+02    3.804556E+05    4.194265E+01
  1.737174E+02    3.805879E+05    4.194272E+01
  1.737474E+02    3.807201E+05    4.194279E+01
  1.737774E+02    3.808524E+05    4.194286E+01
  1.738074E+02    3.809847E+05    4.194294E+01
  1.738374E+02    3.811171E+05    4.194301E+01
  1.738674E+02    3.812494E+05    4.194308E+01
  1.738974E+02    3.813818E+05    4.194316E+01
  1.739274E+02    3.815142E+05    4.194323E+01
  1.739574E+02    3.816466E+05    4.194330E+01
  1.739874E+02    3.817790E+05    4.194337E+01
  1.740174E+02    3.819115E+05    4.194345E+01
  1.740474E+02    3.820440E+05    4.194352E+01
  1.740774E+02    3.821765E+05    4.194359E+01
  1.741074E+02    3.823091E+05    4.194366E+01
  1.741374E+02    3.824416E+05    4.194373E+01
  1.741674E+02    3.825742E+05    4.194381E+01
  1.741974E+02    3.827068E+05    4.194388E+01
  1.742274E+02    3.828394E+05    4.194395E+01
  1.742574E+02    3.829721E+05    4.194402E+01
  1.742874E+02    3.831048E+05    4.194410E+01
  1.743174E+02    3.832374E+05    4.194417E+01
  1.743474E+02    3.833702E+05    4.194424E+01
  1.743774E+02    3.835029E+05    4.194431E+01
  1.744074E+02    3.836357E+05    4.194438E+01
  1.744374E+02    3.837685E+05    4.194446E+01
  1.744674E+02    3.839013E+05    4.194453E+01
  1.744974E+02    3.840341E+05    4.194460E+01
  1.745275E+02    3.841670E+05    4.194467E+01
  1.745575E+02    3.842999E+05    4.194475E+01
  1.745875E+02    3.844328E+05    4.194482E+01
  1.746175E+02    3.845657E+05    4.194489E+01
  1.746475E+02    3.846986E+05    4.194496E+01
  1.746775E+02    3.848316E+05    4.194503E+01
  1.747075E+02    3.849646E+05    4.194510E+01
  1.747375E+02    3.850976E+05    4.194518E+01
  1.747675E+02    3.852307E+05    4.194525E+01
  1.747975E+02    3.853637E+05    4.194532E+01
  1.748275E+02    3.854968E+05    4.194539E+01
  1.748575E+02    3.856299E+05    4.194546E+01
  1.748875E+02    3.857631E+05    4.194554E+01
  1.749175E+02    3.858962E+05    4.194561E+01
  1.749475E+02    3.860294E+05    4.194568E+01
  1.749775E+02    3.861626E+05    4.194575E+01
  1.750075E+02    3.862958E+05    4.194582E+01
  1.750375E+02    3.864291E+05    4.194589E+01
  1.750675E+02    3.865623E+05    4.194597E+01
  1.750975E+02    3.866956E+05    4.194604E+01
  1.751275E+02    3.868290E+05    4.194611E+01
  1.751575E+02    3.869623E+05    4.194618E+01
  1.751875E+02    3.870957E+05    4.194625E+01
  1.752175E+02    3.872291E+05    4.194632E+01
  1.752475E+02    3.873625E+05    4.194639E+01
  1.752775E+02    3.874959E+05    4.194647E+01
  1.753075E+02    3.876293E+05    4.194654E+01
  1.753375E+02    3.877628E+05    4.194661E+01
  1.753675E+02    3.878963E+05    4.194668E+01
  1.753975E+02    3.880299E+05    4.194675E+01
  1.754275E+02    3.881634E+05    4.194682E+01
  1.754575E+02    3.882970E+05    4.194689E+01
  1.754875E+02    3.884306E+05    4.194697E+01
  1.755176E+02    3.885642E+05    4.194704E+01
  1.755476E+02    3.886978E+05    4.194711E+01
  1.755776E+02    3.888315E+05    4.194718E+01
  1.756076E+02    3.889652E+05    4.194725E+01
  1.756376E+02    3.890989E+05    4.194732E+01
  1.756676E+02    3.892326E+05    4.194739E+01
  1.756976E+02    3.893664E+05    4.194746E+01
  1.757276E+02    3.895001E+05    4.194753E+01
  1.757576E+02    3.896339E+05    4.194761E+01
  1.757876E+02    3.897678E+05    4.194768E+01
  1.758176E+02    3.899016E+05    4.194775E+01
  1.758476E+02    3.900355E+05    4.194782E+01
  1.758776E+02    3.901694E+05    4.194789E+01
  1.759076E+02    3.903033E+05    4.194796E+01
  1.759376E+02    3.904372E+05    4.194803E+01
  1.759676E+02    3.905712E+05    4.194810E+01
  1.759976E+02    3.907052E+05    4.194817E+01
  1.760276E+02    3.908392E+05    4.194824E+01
  1.760576E+02    3.909732E+05    4.194831E+01
  1.760876E+02    3.911073E+05    4.194839E+01
  1.761176E+02    3.912413E+05    4.194846E+01
  1.761476E+02    3.913754E+05    4.194853E+01
  1.761776E+02    3.915096E+05    4.194860E+01
  1.762076E+02    3.916437E+05    4.194867E+01
  1.762376E+02    3.917779E+05    4.194874E+01
  1.762676E+02    3.919121E+05    4.194881E+01
  1.762976E+02    3.920463E+05    4.194888E+01
  1.763276E+02    3.921805E+05    4.194895E+01
  1.763576E+02    3.923148E+05    4.194902E+01
  1.763876E+02    3.924491E+05    4.194909E+01
  1.764176E+02    3.925834E+05    4.194916E+01
  1.764476E+02    3.927177E+05    4.194923E+01
  1.764776E+02    3.928520E+05    4.194930E+01
  1.765077E+02    3.929864E+05    4.194937E+01
  1.765377E+02    3.931208E+05    4.194944E+01
  1.765677E+02    3.932552E+05    4.194951E+01
  1.765977E+02    3.933897E+05    4.194958E+01
  1.766277E+02    3.935241E+05    4.194965E+01
  1.766577E+02    3.936586E+05    4.194972E+01
  1.766877E+02    3.937931E+05    4.194980E+01
  1.767177E+02    3.939277E+05    4.194987E+01
  1.767477E+02    3.940622E+05    4.194994E+01
  1.767777E+02    3.941968E+05    4.195001E+01
  1.768077E+02    3.943314E+05    4.195008E+01
  1.768377E+02    3.944660E+05    4.195015E+01
  1.768677E+02    3.946007E+05    4.195022E+01
  1.768977E+02    3.947354E+05    4.195029E+01
  1.769277E+02    3.948701E+05    4.195036E+01
  1.769577E+02    3.950048E+05    4.195043E+01
  1.769877E+02    3.951395E+05    4.195050E+01
  1.770177E+02    3.952743E+05    4.195057E+01
  1.770477E+02    3.954091E+05    4.195064E+01
  1.770777E+02    3.955439E+05    4.195071E+01
  1.771077E+02    3.956787E+05    4.195078E+01
  1.771377E+02    3.958136E+05    4.195085E+01
  1.771677E+02    3.959485E+05    4.195092E+01
  1.771977E+02    3.960834E+05    4.195099E+01
  1.772277E+02    3.962183E+05    4.195106E+01
  1.772577E+02    3.963532E+05    4.195113E+01
  1.772877E+02    3.964882E+05    4.195120E+01
  1.773177E+02    3.966232E+05    4.195127E+01
  1.773477E+02    3.967582E+05    4.195134E+01
  1.773777E+02    3.968933E+05    4.195141E+01
  1.774077E+02    3.970283E+05    4.195147E+01
  1.774377E+02    3.971634E+05    4.195154E+01
  1.774677E+02    3.972985E+05    4.195161E+01
  1.774977E+02    3.974337E+05    4.195168E+01
  1.775278E+02    3.975688E+05    4.195175E+01
  1.775578E+02    3.977040E+05    4.195182E+01
  1.775878E+02    3.978392E+05    4.195189E+01
  1.776178E+02    3.979744E+05    4.195196E+01
  1.776478E+02    3.981097E+05    4.195203E+01
  1.776778E+02    3.982449E+05    4.195210E+01
  1.777078E+02    3.983802E+05    4.195217E+01
  1.777378E+02    3.985156E+05    4.195224E+01
  1.777678E+02    3.986509E+05    4.195231E+01
  1.777978E+02    3.987863E+05    4.195238E+01
  1.778278E+02    3.989216E+05    4.195245E+01
  1.778578E+02    3.990571E+05    4.195252E+01
  1.778878E+02    3.991925E+05    4.195259E+01
  1.779178E+02    3.993279E+05    4.195266E+01
  1.779478E+02    3.994634E+05    4.195273E+01
  1.779778E+02    3.995989E+05    4.195279E+01
  1.780078E+02    3.997344E+05    4.195286E+01
  1.780378E+02    3.998700E+05    4.195293E+01
  1.780678E+02    4.000056E+05    4.195300E+01
  1.780978E+02    4.001411E+05    4.195307E+01
  1.781278E+02    4.002768E+05    4.195314E+01
  1.781578E+02    4.004124E+05    4.195321E+01
  1.781878E+02    4.005481E+05    4.195328E+01
  1.782178E+02    4.006837E+05    4.195335E+01
  1.782478E+02    4.008195E+05    4.195342E+01
  1.782778E+02    4.009552E+05    4.195349E+01
  1.783078E+02    4.010909E+05    4.195355E+01
  1.783378E+02    4.012267E+05    4.195362E+01
  1.783678E+02    4.013625E+05    4.195369E+01
  1.783978E+02    4.014983E+05    4.195376E+01
  1.784278E+02    4.016342E+05    4.195383E+01
  1.784578E+02    4.017701E+05    4.195390E+01
  1.784878E+02    4.019059E+05    4.195397E+01
  1.785179E+02    4.020419E+05    4.195404E+01
  1.785479E+02    4.021778E+05    4.195411E+01
  1.785779E+02    4.023138E+05    4.195417E+01
  1.786079E+02    4.024497E+05    4.195424E+01
  1.786379E+02    4.025857E+05    4.195431E+01
  1.786679E+02    4.027218E+05    4.195438E+01
  1.786979E+02    4.028578E+05    4.195445E+01
  1.787279E+02    4.029939E+05    4.195452E+01
  1.787579E+02    4.031300E+05    4.195459E+01
  1.787879E+02    4.032661E+05    4.195466E+01
  1.788179E+02    4.034023E+05    4.195472E+01
  1.788479E+02    4.035384E+05    4.195479E+01
  1.788779E+02    4.036746E+05    4.195486E+01
  1.789079E+02    4.038108E+05    4.195493E+01
  1.789379E+02    4.039471E+05    4.195500E+01
  1.789679E+02    4.040833E+05    4.195507E+01
  1.789979E+02    4.042196E+05    4.195514E+01
  1.790279E+02    4.043559E+05    4.195520E+01
  1.790579E+02    4.044922E+05    4.195527E+01
  1.790879E+02    4.046286E+05    4.195534E+01
  1.791179E+02    4.047650E+05    4.195541E+01
  1.791479E+02    4.049014E+05    4.195548E+01
  1.791779E+02    4.050378E+05    4.195555E+01
  1.792079E+02    4.051742E+05    4.195561E+01
  1.792379E+02    4.053107E+05    4.195568E+01
  1.792679E+02    4.054472E+05    4.195575E+01
  1.792979E+02    4.055837E+05    4.195582E+01
  1.793279E+02    4.057202E+05    4.195589E+01
  1.793579E+02    4.058568E+05    4.195596E+01
  1.793879E+02    4.059934E+05    4.195602E+01
  1.794179E+02    4.061300E+05    4.195609E+01
  1.794479E+02    4.062666E+05    4.195616E+01
  1.794779E+02    4.064032E+05    4.195623E+01
  1.795080E+02    4.065399E+05    4.195630E+01
  1.795380E+02    4.066766E+05    4.195636E+01
  1.795680E+02    4.068133E+05    4.195643E+01
  1.795980E+02    4.069501E+05    4.195650E+01
  1.796280E+02    4.070868E+05    4.195657E+01
  1.796580E+02    4.072236E+05    4.195664E+01
  1.796880E+02    4.073604E+05    4.195670E+01
  1.797180E+02    4.074973E+05    4.195677E+01
  1.797480E+02    4.076341E+05    4.195684E+01
  1.797780E+02    4.077710E+05    4.195691E+01
  1.798080E+02    4.079079E+05    4.195698E+01
  1.798380E+02    4.080448E+05    4.195704E+01
  1.798680E+02    4.081818E+05    4.195711E+01
  1.798980E+02    4.083187E+05    4.195718E+01
  1.799280E+02    4.084557E+05    4.195725E+01
  1.799580E+02    4.085928E+05    4.195731E+01
  1.799880E+02    4.087298E+05    4.195738E+01
  1.800180E+02    4.088669E+05    4.195745E+01
  1.800480E+02    4.090039E+05    4.195752E+01
  1.800780E+02    4.091411E+05    4.195759E+01
  1.801080E+02    4.092782E+05    4.195765E+01
  1.801380E+02    4.094153E+05    4.195772E+01
  1.801680E+02    4.095525E+05    4.195779E+01
  1.801980E+02    4.096897E+05    4.195786E+01
  1.802280E+02    4.098269E+05    4.195792E+01
  1.802580E+02    4.099642E+05    4.195799E+01
  1.802880E+02    4.101015E+05    4.195806E+01
  1.803180E+02    4.102388E+05    4.195813E+01
  1.803480E+02    4.103761E+05    4.195819E+01
  1.803780E+02    4.105134E+05    4.195826E+01
  1.804080E+02    4.106508E+05    4.195833E+01
  1.804380E+02    4.107882E+05    4.195840E+01
  1.804680E+02    4.109256E+05    4.195846E+01
  1.804980E+02    4.110630E+05    4.195853E+01
  1.805281E+02    4.112004E+05    4.195860E+01
  1.805581E+02    4.113379E+05    4.195866E+01
  1.805881E+02    4.114754E+05    4.195873E+01
  1.806181E+02    4.116129E+05    4.195880E+01
  1.806481E+02    4.117505E+05    4.195887E+01
  1.806781E+02    4.118881E+05    4.195893E+01
  1.807081E+02    4.120257E+05    4.195900E+01
  1.807381E+02    4.121633E+05    4.195907E+01
  1.807681E+02    4.123009E+05    4.195913E+01
  1.807981E+02    4.124386E+05    4.195920E+01
  1.808281E+02    4.125762E+05    4.195927E+01
  1.808581E+02    4.127140E+05    4.195934E+01
  1.808881E+02    4.128517E+05    4.195940E+01
  1.809181E+02    4.129894E+05    4.195947E+01
  1.809481E+02    4.131272E+05    4.195954E+01
  1.809781E+02    4.132650E+05    4.195960E+01
  1.810081E+02    4.134028E+05    4.195967E+01
  1.810381E+02    4.135407E+05    4.195974E+01
  1.810681E+02    4.136785E+05    4.195980E+01
  1.810981E+02    4.138164E+05    4.195987E+01
  1.811281E+02    4.139543E+05    4.195994E+01
  1.811581E+02    4.140923E+05    4.196001E+01
  1.811881E+02    4.142302E+05    4.196007E+01
  1.812181E+02    4.143682E+05    4.196014E+01
  1.812481E+02    4.145062E+05    4.196021E+01
  1.812781E+02    4.146443E+05    4.196027E+01
  1.813081E+02    4.147823E+05    4.196034E+01
  1.813381E+02    4.149204E+05    4.196041E+01
  1.813681E+02    4.150585E+05    4.196047E+01
  1.813981E+02    4.151966E+05    4.196054E+01
  1.814281E+02    4.153347E+05    4.196061E+01
  1.814581E+02    4.154729E+05    4.196067E+01
  1.814881E+02    4.156111E+05    4.196074E+01
  1.815182E+02    4.157493E+05    4.196081E+01
  1.815482E+02    4.158875E+05    4.196087E+01
  1.815782E+02    4.160258E+05    4.196094E+01
  1.816082E+02    4.161641E+05    4.196101E+01
  1.816382E+02    4.163024E+05    4.196107E+01
  1.816682E+02    4.164407E+05    4.196114E+01
  1.816982E+02    4.165791E+05    4.196120E+01
  1.817282E+02    4.167174E+05    4.196127E+01
  1.817582E+02    4.168558E+05    4.196134E+01
  1.817882E+02    4.169943E+05    4.196140E+01
  1.818182E+02    4.171327E+05    4.196147E+01
  1.818482E+02    4.172712E+05    4.196154E+01
  1.818782E+02    4.174096E+05    4.196160E+01
  1.819082E+02    4.175482E+05    4.196167E+01
  1.819382E+02    4.176867E+05    4.196174E+01
  1.819682E+02    4.178252E+05    4.196180E+01
  1.819982E+02    4.179638E+05    4.196187E+01
  1.820282E+02    4.181024E+05    4.196193E+01
  1.820582E+02    4.182411E+05    4.196200E+01
  1.820882E+02    4.183797E+05    4.196207E+01
  1.821182E+02    4.185184E+05    4.196213E+01
  1.821482E+02    4.186571E+05    4.196220E+01
  1.821782E+02    4.187958E+05    4.196226E+01
  1.822082E+02    4.189345E+05    4.196233E+01
  1.822382E+02    4.190733E+05    4.196240E+01
  1.822682E+02    4.192121E+05    4.196246E+01
  1.822982E+02    4.193509E+05    4.196253E+01
  1.823282E+02    4.194897E+05    4.196259E+01
  1.823582E+02    4.196286E+05    4.196266E+01
  1.823882E+02    4.197675E+05    4.196273E+01
  1.824182E+02    4.199064E+05    4.196279E+01
  1.824482E+02    4.200453E+05    4.196286E+01
  1.824782E+02    4.201842E+05    4.196292E+01
  1.825083E+02    4.203232E+05    4.196299E+01
  1.825383E+02    4.204622E+05    4.196306E+01
  1.825683E+02    4.206012E+05    4.196312E+01
  1.825983E+02    4.207402E+05    4.196319E+01
  1.826283E+02    4.208793E+05    4.196325E+01
  1.826583E+02    4.210184E+05    4.196332E+01
  1.826883E+02    4.211575E+05    4.196339E+01
  1.827183E+02    4.212966E+05    4.196345E+01
  1.827483E+02    4.214358E+05    4.196352E+01
  1.827783E+02    4.215750E+05    4.196358E+01
  1.828083E+02    4.217142E+05    4.196365E+01
  1.828383E+02    4.218534E+05    4.196371E+01
  1.828683E+02    4.219926E+05    4.196378E+01
  1.828983E+02    4.221319E+05    4.196384E+01
  1.829283E+02    4.222712E+05    4.196391E+01
  1.829583E+02    4.224105E+05    4.196398E+01
  1.829883E+02    4.225498E+05    4.196404E+01
  1.830183E+02    4.226892E+05    4.196411E+01
  1.830483E+02    4.228286E+05    4.196417E+01
  1.830783E+02    4.229680E+05    4.196424E+01
  1.831083E+02    4.231074E+05    4.196430E+01
  1.831383E+02    4.232469E+05    4.196437E+01
  1.831683E+02    4.233864E+05    4.196443E+01
  1.831983E+02    4.235259E+05    4.196450E+01
  1.832283E+02    4.236654E+05    4.196456E+01
  1.832583E+02    4.238049E+05    4.196463E+01
  1.832883E+02    4.239445E+05    4.196469E+01
  1.833183E+02    4.240841E+05    4.196476E+01
  1.833483E+02    4.242237E+05    4.196483E+01
  1.833783E+02    4.243633E+05    4.196489E+01
  1.834083E+02    4.245030E+05    4.196496E+01
  1.834383E+02    4.246427E+05    4.196502E+01
  1.834683E+02    4.247824E+05    4.196509E+01
  1.834983E+02    4.249221E+05    4.196515E+01
  1.835284E+02    4.250619E+05    4.196522E+01
  1.835584E+02    4.252016E+05    4.196528E+01
  1.835884E+02    4.253414E+05    4.196535E+01
  1.836184E+02    4.254812E+05    4.196541E+01
  1.836484E+02    4.256211E+05    4.196548E+01
  1.836784E+02    4.257610E+05    4.196554E+01
  1.837084E+02    4.259008E+05    4.196561E+01
  1.837384E+02    4.260408E+05    4.196567E+01
  1.837684E+02    4.261807E+05    4.196574E+01
  1.837984E+02    4.263206E+05    4.196580E+01
  1.838284E+02    4.264606E+05    4.196587E+01
  1.838584E+02    4.266006E+05    4.196593E+01
  1.838884E+02    4.267407E+05    4.196600E+01
  1.839184E+02    4.268807E+05    4.196606E+01
  1.839484E+02    4.270208E+05    4.196613E+01
  1.839784E+02    4.271609E+05    4.196619E+01
  1.840084E+02    4.273010E+05    4.196626E+01
  1.840384E+02    4.274411E+05    4.196632E+01
  1.840684E+02    4.275813E+05    4.196638E+01
  1.840984E+02    4.277215E+05    4.196645E+01
  1.841284E+02    4.278617E+05    4.196651E+01
  1.841584E+02    4.280019E+05    4.196658E+01
  1.841884E+02    4.281422E+05    4.196664E+01
  1.842184E+02    4.282825E+05    4.196671E+01
  1.842484E+02    4.284228E+05    4.196677E+01
  1.842784E+02    4.285631E+05    4.196684E+01
  1.843084E+02    4.287035E+05    4.196690E+01
  1.843384E+02    4.288438E+05    4.196697E+01
  1.843684E+02    4.289842E+05    4.196703E+01
  1.843984E+02    4.291246E+05    4.196710E+01
  1.844284E+02    4.292651E+05    4.196716E+01
  1.844584E+02    4.294055E+05    4.196722E+01
  1.844884E+02    4.295460E+05    4.196729E+01
  1.845185E+02    4.296865E+05    4.196735E+01
  1.845485E+02    4.298271E+05    4.196742E+01
  1.845785E+02    4.299676E+05    4.196748E+01
  1.846085E+02    4.301082E+05    4.196755E+01
  1.846385E+02    4.302488E+05    4.196761E+01
  1.846685E+02    4.303894E+05    4.196768E+01
  1.846985E+02    4.305301E+05    4.196774E+01
  1.847285E+02    4.306708E+05    4.196780E+01
  1.847585E+02    4.308114E+05    4.196787E+01
  1.847885E+02    4.309522E+05    4.196793E+01
  1.848185E+02    4.310929E+05    4.196800E+01
  1.848485E+02    4.312337E+05    4.196806E+01
  1.848785E+02    4.313745E+05    4.196812E+01
  1.849085E+02    4.315153E+05    4.196819E+01
  1.849385E+02    4.316561E+05    4.196825E+01
  1.849685E+02    4.317969E+05    4.196832E+01
  1.849985E+02    4.319378E+05    4.196838E+01
  1.850285E+02    4.320787E+05    4.196845E+01
  1.850585E+02    4.322196E+05    4.196851E+01
  1.850885E+02    4.323606E+05    4.196857E+01
  1.851185E+02    4.325016E+05    4.196864E+01
  1.851485E+02    4.326426E+05    4.196870E+01
  1.851785E+02    4.327836E+05    4.196877E+01
  1.852085E+02    4.329246E+05    4.196883E+01
  1.852385E+02    4.330657E+05    4.196889E+01
  1.852685E+02    4.332068E+05    4.196896E+01
  1.852985E+02    4.333479E+05    4.196902E+01
  1.853285E+02    4.334890E+05    4.196908E+01
  1.853585E+02    4.336301E+05    4.196915E+01
  1.853885E+02    4.337713E+05    4.196921E+01
  1.854185E+02    4.339125E+05    4.196928E+01
  1.854485E+02    4.340537E+05    4.196934E+01
  1.854785E+02    4.341950E+05    4.196940E+01
  1.855086E+02    4.343363E+05    4.196947E+01
  1.855386E+02    4.344775E+05    4.196953E+01
  1.855686E+02    4.346189E+05    4.196959E+01
  1.855986E+02    4.347602E+05    4.196966E+01
  1.856286E+02    4.349016E+05    4.196972E+01
  1.856586E+02    4.350429E+05    4.196979E+01
  1.856886E+02    4.351843E+05    4.196985E+01
  1.857186E+02    4.353258E+05    4.196991E+01
  1.857486E+02    4.354672E+05    4.196998E+01
  1.857786E+02    4.356087E+05    4.197004E+01
  1.858086E+02    4.357502E+05    4.197010E+01
  1.858386E+02    4.358917E+05    4.197017E+01
  1.858686E+02    4.360333E+05    4.197023E+01
  1.858986E+02    4.361748E+05    4.197029E+01
  1.859286E+02    4.363164E+05    4.197036E+01
  1.859586E+02    4.364580E+05    4.197042E+01
  1.859886E+02    4.365997E+05    4.197048E+01
  1.860186E+02    4.367413E+05    4.197055E+01
  1.860486E+02    4.368830E+05    4.197061E+01
  1.860786E+02    4.370247E+05    4.197067E+01
  1.861086E+02    4.371664E+05    4.197074E+01
  1.861386E+02    4.373082E+05    4.197080E+01
  1.861686E+02    4.374500E+05    4.197086E+01
  1.861986E+02    4.375918E+05    4.197093E+01
  1.862286E+02    4.377336E+05    4.197099E+01
  1.862586E+02    4.378754E+05    4.197105E+01
  1.862886E+02    4.380173E+05    4.197112E+01
  1.863186E+02    4.381592E+05    4.197118E+01
  1.863486E+02    4.383011E+05    4.197124E+01
  1.863786E+02    4.384430E+05    4.197131E+01
  1.864086E+02    4.385850E+05    4.197137E+01
  1.864386E+02    4.387270E+05    4.197143E+01
  1.864686E+02    4.388690E+05    4.197150E+01
  1.864986E+02    4.390110E+05    4.197156E+01
  1.865287E+02    4.391530E+05    4.197162E+01
  1.865587E+02    4.392951E+05    4.197168E+01
  1.865887E+02    4.394372E+05    4.197175E+01
  1.866187E+02    4.395793E+05    4.197181E+01
  1.866487E+02    4.397215E+05    4.197187E+01
  1.866787E+02    4.398636E+05    4.197194E+01
  1.867087E+02    4.400058E+05    4.197200E+01
  1.867387E+02    4.401480E+05    4.197206E+01
  1.867687E+02    4.402903E+05    4.197213E+01
  1.867987E+02    4.404325E+05    4.197219E+01
  1.868287E+02    4.405748E+05    4.197225E+01
  1.868587E+02    4.407171E+05    4.197231E+01
  1.868887E+02    4.408594E+05    4.197238E+01
  1.869187E+02    4.410018E+05    4.197244E+01
  1.869487E+02    4.411441E+05    4.197250E+01
  1.869787E+02    4.412865E+05    4.197256E+01
  1.870087E+02    4.414289E+05    4.197263E+01
  1.870387E+02    4.415714E+05    4.197269E+01
  1.870687E+02    4.417139E+05    4.197275E+01
  1.870987E+02    4.418563E+05    4.197282E+01
  1.871287E+02    4.419988E+05    4.197288E+01
  1.871587E+02    4.421414E+05    4.197294E+01
  1.871887E+02    4.422839E+05    4.197300E+01
  1.872187E+02    4.424265E+05    4.197307E+01
  1.872487E+02    4.425691E+05    4.197313E+01
  1.872787E+02    4.427117E+05    4.197319E+01
  1.873087E+02    4.428544E+05    4.197325E+01
  1.873387E+02    4.429971E+05    4.197332E+01
  1.873687E+02    4.431397E+05    4.197338E+01
  1.873987E+02    4.432825E+05    4.197344E+01
  1.874287E+02    4.434252E+05    4.197350E+01
  1.874587E+02    4.435680E+05    4.197357E+01
  1.874887E+02    4.437107E+05    4.197363E+01
  1.875188E+02    4.438536E+05    4.197369E+01
  1.875488E+02    4.439964E+05    4.197375E+01
  1.875788E+02    4.441392E+05    4.197382E+01
  1.876088E+02    4.442821E+05    4.197388E+01
  1.876388E+02    4.444250E+05    4.197394E+01
  1.876688E+02    4.445679E+05    4.197400E+01
  1.876988E+02    4.447109E+05    4.197406E+01
  1.877288E+02    4.448538E+05    4.197413E+01
  1.877588E+02    4.449968E+05    4.197419E+01
  1.877888E+02    4.451399E+05    4.197425E+01
  1.878188E+02    4.452829E+05    4.197431E+01
  1.878488E+02    4.454260E+05    4.197438E+01
  1.878788E+02    4.455690E+05    4.197444E+01
  1.879088E+02    4.457121E+05    4.197450E+01
  1.879388E+02    4.458553E+05    4.197456E+01
  1.879688E+02    4.459984E+05    4.197462E+01
  1.879988E+02    4.461416E+05    4.197469E+01
  1.880288E+02    4.462848E+05    4.197475E+01
  1.880588E+02    4.464280E+05    4.197481E+01
  1.880888E+02    4.465713E+05    4.197487E+01
  1.881188E+02    4.467145E+05    4.197493E+01
  1.881488E+02    4.468578E+05    4.197500E+01
  1.881788E+02    4.470011E+05    4.197506E+01
  1.882088E+02    4.471445E+05    4.197512E+01
  1.882388E+02    4.472878E+05    4.197518E+01
  1.882688E+02    4.474312E+05    4.197524E+01
  1.882988E+02    4.475746E+05    4.197530E+01
  1.883288E+02    4.477180E+05    4.197537E+01
  1.883588E+02    4.478615E+05    4.197543E+01
  1.883888E+02    4.480050E+05    4.197549E+01
  1.884188E+02    4.481485E+05    4.197555E+01
  1.884488E+02    4.482920E+05    4.197561E+01
  1.884788E+02    4.484355E+05    4.197568E+01
  1.885089E+02    4.485791E+05    4.197574E+01
  1.885389E+02    4.487227E+05    4.197580E+01
  1.885689E+02    4.488663E+05    4.197586E+01
  1.885989E+02    4.490099E+05    4.197592E+01
  1.886289E+02    4.491536E+05    4.197598E+01
  1.886589E+02    4.492973E+05    4.197605E+01
  1.886889E+02    4.494410E+05    4.197611E+01
  1.887189E+02    4.495847E+05    4.197617E+01
  1.887489E+02    4.497284E+05    4.197623E+01
  1.887789E+02    4.498722E+05    4.197629E+01
  1.888089E+02    4.500160E+05    4.197635E+01
  1.888389E+02    4.501598E+05    4.197641E+01
  1.888689E+02    4.503037E+05    4.197648E+01
  1.888989E+02    4.504475E+05    4.197654E+01
  1.889289E+02    4.505914E+05    4.197660E+01
  1.889589E+02    4.507353E+05    4.197666E+01
  1.889889E+02    4.508793E+05    4.197672E+01
  1.890189E+02    4.510232E+05    4.197678E+01
  1.890489E+02    4.511672E+05    4.197684E+01
  1.890789E+02    4.513112E+05    4.197691E+01
  1.891089E+02    4.514552E+05    4.197697E+01
  1.891389E+02    4.515993E+05    4.197703E+01
  1.891689E+02    4.517434E+05    4.197709E+01
  1.891989E+02    4.518874E+05    4.197715E+01
  1.892289E+02    4.520316E+05    4.197721E+01
  1.892589E+02    4.521757E+05    4.197727E+01
  1.892889E+02    4.523199E+05    4.197733E+01
  1.893189E+02    4.524641E+05    4.197740E+01
  1.893489E+02    4.526083E+05    4.197746E+01
  1.893789E+02    4.527525E+05    4.197752E+01
  1.894089E+02    4.528967E+05    4.197758E+01
  1.894389E+02    4.530410E+05    4.197764E+01
  1.894689E+02    4.531853E+05    4.197770E+01
  1.894989E+02    4.533297E+05    4.197776E+01
  1.895290E+02    4.534740E+05    4.197782E+01
  1.895590E+02    4.536184E+05    4.197788E+01
  1.895890E+02    4.537628E+05    4.197795E+01
  1.896190E+02    4.539072E+05    4.197801E+01
  1.896490E+02    4.540516E+05    4.197807E+01
  1.896790E+02    4.541961E+05    4.197813E+01
  1.897090E+02    4.543406E+05    4.197819E+01
  1.897390E+02    4.544851E+05    4.197825E+01
  1.897690E+02    4.546296E+05    4.197831E+01
  1.897990E+02    4.547742E+05    4.197837E+01
  1.898290E+02    4.549187E+05    4.197843E+01
  1.898590E+02    4.550633E+05    4.197849E+01
  1.898890E+02    4.552080E+05    4.197855E+01
  1.899190E+02    4.553526E+05    4.197862E+01
  1.899490E+02    4.554973E+05    4.197868E+01
  1.899790E+02    4.556420E+05    4.197874E+01
  1.900090E+02    4.557867E+05    4.197880E+01
  1.900390E+02    4.559314E+05    4.197886E+01
  1.900690E+02    4.560762E+05    4.197892E+01
  1.900990E+02    4.562210E+05    4.197898E+01
  1.901290E+02    4.563658E+05    4.197904E+01
  1.901590E+02    4.565106E+05    4.197910E+01
  1.901890E+02    4.566554E+05    4.197916E+01
  1.902190E+02    4.568003E+05    4.197922E+01
  1.902490E+02    4.569452E+05    4.197928E+01
  1.902790E+02    4.570901E+05    4.197934E+01
  1.903090E+02    4.572351E+05    4.197940E+01
  1.903390E+02    4.573801E+05    4.197946E+01
  1.903690E+02    4.575250E+05    4.197952E+01
  1.903990E+02    4.576701E+05    4.197959E+01
  1.904290E+02    4.578151E+05    4.197965E+01
  1.904590E+02    4.579602E+05    4.197971E+01
  1.904890E+02    4.581052E+05    4.197977E+01
  1.905191E+02    4.582503E+05    4.197983E+01
  1.905491E+02    4.583955E+05    4.197989E+01
  1.905791E+02    4.585406E+05    4.197995E+01
  1.906091E+02    4.586858E+05    4.198001E+01
  1.906391E+02    4.588310E+05    4.198007E+01
  1.906691E+02    4.589762E+05    4.198013E+01
  1.906991E+02    4.591215E+05    4.198019E+01
  1.907291E+02    4.592667E+05    4.198025E+01
  1.907591E+02    4.594120E+05    4.198031E+01
  1.907891E+02    4.595573E+05    4.198037E+01
  1.908191E+02    4.597027E+05    4.198043E+01
  1.908491E+02    4.598480E+05    4.198049E+01
  1.908791E+02    4.599934E+05    4.198055E+01
  1.909091E+02    4.601388E+05    4.198061E+01
  1.909391E+02    4.602842E+05    4.198067E+01
  1.909691E+02    4.604297E+05    4.198073E+01
  1.909991E+02    4.605752E+05    4.198079E+01
  1.910291E+02    4.607206E+05    4.198085E+01
  1.910591E+02    4.608662E+05    4.198091E+01
  1.910891E+02    4.610117E+05    4.198097E+01
  1.911191E+02    4.611573E+05    4.198103E+01
  1.911491E+02    4.613029E+05    4.198109E+01
  1.911791E+02    4.614485E+05    4.198115E+01
  1.912091E+02    4.615941E+05    4.198121E+01
  1.912391E+02    4.617398E+05    4.198127E+01
  1.912691E+02    4.618854E+05    4.198133E+01
  1.912991E+02    4.620311E+05    4.198139E+01
  1.913291E+02    4.621769E+05    4.198145E+01
  1.913591E+02    4.623226E+05    4.198151E+01
  1.913891E+02    4.624684E+05    4.198157E+01
  1.914191E+02    4.626142E+05    4.198163E+01
  1.914491E+02    4.627600E+05    4.198169E+01
  1.914791E+02    4.629058E+05    4.198175E+01
  1.915092E+02    4.630517E+05    4.198181E+01
  1.915392E+02    4.631976E+05    4.198187E+01
  1.915692E+02    4.633435E+05    4.198193E+01
  1.915992E+02    4.634894E+05    4.198199E+01
  1.916292E+02    4.636354E+05    4.198205E+01
  1.916592E+02    4.637814E+05    4.198211E+01
  1.916892E+02    4.639274E+05    4.198217E+01
  1.917192E+02    4.640734E+05    4.198223E+01
  1.917492E+02    4.642194E+05    4.198229E+01
  1.917792E+02    4.643655E+05    4.198235E+01
  1.918092E+02    4.645116E+05    4.198241E+01
  1.918392E+02    4.646577E+05    4.198247E+01
  1.918692E+02    4.648039E+05    4.198253E+01
  1.918992E+02    4.649500E+05    4.198259E+01
  1.919292E+02    4.650962E+05    4.198264E+01
  1.919592E+02    4.652424E+05    4.198270E+01
  1.919892E+02    4.653886E+05    4.198276E+01
  1.920192E+02    4.655349E+05    4.198282E+01
  1.920492E+02    4.656812E+05    4.198288E+01
  1.920792E+02    4.658275E+05    4.198294E+01
  1.921092E+02    4.659738E+05    4.198300E+01
  1.921392E+02    4.661201E+05    4.198306E+01
  1.921692E+02    4.662665E+05    4.198312E+01
  1.921992E+02    4.664129E+05    4.198318E+01
  1.922292E+02    4.665593E+05    4.198324E+01
  1.922592E+02    4.667058E+05    4.198330E+01
  1.922892E+02    4.668522E+05    4.198336E+01
  1.923192E+02    4.669987E+05    4.198342E+01
  1.923492E+02    4.671452E+05    4.198348E+01
  1.923792E+02    4.672917E+05    4.198354E+01
  1.924092E+02    4.674383E+05    4.198359E+01
  1.924392E+02    4.675849E+05    4.198365E+01
  1.924692E+02    4.677315E+05    4.198371E+01
  1.924992E+02    4.678781E+05    4.198377E+01
  1.925293E+02    4.680247E+05    4.198383E+01
  1.925593E+02    4.681714E+05    4.198389E+01
  1.925893E+02    4.683181E+05    4.198395E+01
  1.926193E+02    4.684648E+05    4.198401E+01
  1.926493E+02    4.686115E+05    4.198407E+01
  1.926793E+02    4.687583E+05    4.198413E+01
  1.927093E+02    4.689051E+05    4.198419E+01
  1.927393E+02    4.690519E+05    4.198424E+01
  1.927693E+02    4.691987E+05    4.198430E+01
  1.927993E+02    4.693456E+05    4.198436E+01
  1.928293E+02    4.694925E+05    4.198442E+01
  1.928593E+02    4.696393E+05    4.198448E+01
  1.928893E+02    4.697863E+05    4.198454E+01
  1.929193E+02    4.699332E+05    4.198460E+01
  1.929493E+02    4.700802E+05    4.198466E+01
  1.929793E+02    4.702272E+05    4.198472E+01
  1.930093E+02    4.703742E+05    4.198478E+01
  1.930393E+02    4.705212E+05    4.198483E+01
  1.930693E+02    4.706683E+05    4.198489E+01
  1.930993E+02    4.708154E+05    4.198495E+01
  1.931293E+02    4.709625E+05    4.198501E+01
  1.931593E+02    4.711096E+05    4.198507E+01
  1.931893E+02    4.712567E+05    4.198513E+01
  1.932193E+02    4.714039E+05    4.198519E+01
  1.932493E+02    4.715511E+05    4.198525E+01
  1.932793E+02    4.716983E+05    4.198530E+01
  1.933093E+02    4.718456E+05    4.198536E+01
  1.933393E+02    4.719928E+05    4.198542E+01
  1.933693E+02    4.721401E+05    4.198548E+01
  1.933993E+02    4.722874E+05    4.198554E+01
  1.934293E+02    4.724348E+05    4.198560E+01
  1.934593E+02    4.725821E+05    4.198566E+01
  1.934893E+02    4.727295E+05    4.198571E+01
  1.935194E+02    4.728769E+05    4.198577E+01
  1.935494E+02    4.730243E+05    4.198583E+01
  1.935794E+02    4.731718E+05    4.198589E+01
  1.936094E+02    4.733193E+05    4.198595E+01
  1.936394E+02    4.734667E+05    4.198601E+01
  1.936694E+02    4.736143E+05    4.198607E+01
  1.936994E+02    4.737618E+05    4.198612E+01
  1.937294E+02    4.739094E+05    4.198618E+01
  1.937594E+02    4.740570E+05    4.198624E+01
  1.937894E+02    4.742046E+05    4.198630E+01
  1.938194E+02    4.743522E+05    4.198636E+01
  1.938494E+02    4.744999E+05    4.198642E+01
  1.938794E+02    4.746475E+05    4.198647E+01
  1.939094E+02    4.747952E+05    4.198653E+01
  1.939394E+02    4.749430E+05    4.198659E+01
  1.939694E+02    4.750907E+05    4.198665E+01
  1.939994E+02    4.752385E+05    4.198671E+01
  1.940294E+02    4.753863E+05    4.198677E+01
  1.940594E+02    4.755341E+05    4.198682E+01
  1.940894E+02    4.756819E+05    4.198688E+01
  1.941194E+02    4.758298E+05    4.198694E+01
  1.941494E+02    4.759777E+05    4.198700E+01
  1.941794E+02    4.761256E+05    4.198706E+01
  1.942094E+02    4.762735E+05    4.198711E+01
  1.942394E+02    4.764215E+05    4.198717E+01
  1.942694E+02    4.765695E+05    4.198723E+01
  1.942994E+02    4.767175E+05    4.198729E+01
  1.943294E+02    4.768655E+05    4.198735E+01
  1.943594E+02    4.770135E+05    4.198740E+01
  1.943894E+02    4.771616E+05    4.198746E+01
  1.944194E+02    4.773097E+05    4.198752E+01
  1.944494E+02    4.774578E+05    4.198758E+01
  1.944794E+02    4.776059E+05    4.198764E+01
  1.945095E+02    4.777541E+05    4.198769E+01
  1.945395E+02    4.779023E+05    4.198775E+01
  1.945695E+02    4.780505E+05    4.198781E+01
  1.945995E+02    4.781987E+05    4.198787E+01
  1.946295E+02    4.783470E+05    4.198793E+01
  1.946595E+02    4.784953E+05    4.198798E+01
  1.946895E+02    4.786436E+05    4.198804E+01
  1.947195E+02    4.787919E+05    4.198810E+01
  1.947495E+02    4.789402E+05    4.198816E+01
  1.947795E+02    4.790886E+05    4.198822E+01
  1.948095E+02    4.792370E+05    4.198827E+01
  1.948395E+02    4.793854E+05    4.198833E+01
  1.948695E+02    4.795338E+05    4.198839E+01
  1.948995E+02    4.796823E+05    4.198845E+01
  1.949295E+02    4.798308E+05    4.198850E+01
  1.949595E+02    4.799793E+05    4.198856E+01
  1.949895E+02    4.801278E+05    4.198862E+01
  1.950195E+02    4.802764E+05    4.198868E+01
  1.950495E+02    4.804249E+05    4.198873E+01
  1.950795E+02    4.805735E+05    4.198879E+01
  1.951095E+02    4.807222E+05    4.198885E+01
  1.951395E+02    4.808708E+05    4.198891E+01
  1.951695E+02    4.810195E+05    4.198896E+01
  1.951995E+02    4.811682E+05    4.198902E+01
  1.952295E+02    4.813169E+05    4.198908E+01
  1.952595E+02    4.814656E+05    4.198914E+01
  1.952895E+02    4.816144E+05    4.198919E+01
  1.953195E+02    4.817631E+05    4.198925E+01
  1.953495E+02    4.819119E+05    4.198931E+01
  1.953795E+02    4.820608E+05    4.198937E+01
  1.954095E+02    4.822096E+05    4.198942E+01
  1.954395E+02    4.823585E+05    4.198948E+01
  1.954695E+02    4.825074E+05    4.198954E+01
  1.954995E+02    4.826563E+05    4.198960E+01
  1.955296E+02    4.828053E+05    4.198965E+01
  1.955596E+02    4.829542E+05    4.198971E+01
  1.955896E+02    4.831032E+05    4.198977E+01
  1.956196E+02    4.832522E+05    4.198983E+01
  1.956496E+02    4.834013E+05    4.198988E+01
  1.956796E+02    4.835503E+05    4.198994E+01
  1.957096E+02    4.836994E+05    4.199000E+01
  1.957396E+02    4.838485E+05    4.199005E+01
  1.957696E+02    4.839976E+05    4.199011E+01
  1.957996E+02    4.841468E+05    4.199017E+01
  1.958296E+02    4.842959E+05    4.199023E+01
  1.958596E+02    4.844451E+05    4.199028E+01
  1.958896E+02    4.845944E+05    4.199034E+01
  1.959196E+02    4.847436E+05    4.199040E+01
  1.959496E+02    4.848929E+05    4.199045E+01
  1.959796E+02    4.850422E+05    4.199051E+01
  1.960096E+02    4.851915E+05    4.199057E+01
  1.960396E+02    4.853408E+05    4.199063E+01
  1.960696E+02    4.854902E+05    4.199068E+01
  1.960996E+02    4.856395E+05    4.199074E+01
  1.961296E+02    4.857889E+05    4.199080E+01
  1.961596E+02    4.859384E+05    4.199085E+01
  1.961896E+02    4.860878E+05    4.199091E+01
  1.962196E+02    4.862373E+05    4.199097E+01
  1.962496E+02    4.863868E+05    4.199102E+01
  1.962796E+02    4.865363E+05    4.199108E+01
  1.963096E+02    4.866858E+05    4.199114E+01
  1.963396E+02    4.868354E+05    4.199120E+01
  1.963696E+02    4.869850E+05    4.199125E+01
  1.963996E+02    4.871346E+05    4.199131E+01
  1.964296E+02    4.872842E+05    4.199137E+01
  1.964596E+02    4.874339E+05    4.199142E+01
  1.964896E+02    4.875836E+05    4.199148E+01
  1.965197E+02    4.877333E+05    4.199154E+01
  1.965497E+02    4.878830E+05    4.199159E+01
  1.965797E+02    4.880327E+05    4.199165E+01
  1.966097E+02    4.881825E+05    4.199171E+01
  1.966397E+02    4.883323E+05    4.199176E+01
  1.966697E+02    4.884821E+05    4.199182E+01
  1.966997E+02    4.886319E+05    4.199188E+01
  1.967297E+02    4.887818E+05    4.199193E+01
  1.967597E+02    4.889317E+05    4.199199E+01
  1.967897E+02    4.890816E+05    4.199205E+01
  1.968197E+02    4.892315E+05    4.199210E+01
  1.968497E+02    4.893815E+05    4.199216E+01
  1.968797E+02    4.895315E+05    4.199222E+01
  1.969097E+02    4.896815E+05    4.199227E+01
  1.969397E+02    4.898315E+05    4.199233E+01
  1.969697E+02    4.899815E+05    4.199239E+01
  1.969997E+02    4.901316E+05    4.199244E+01
  1.970297E+02    4.902817E+05    4.199250E+01
  1.970597E+02    4.904318E+05    4.199255E+01
  1.970897E+02    4.905819E+05    4.199261E+01
  1.971197E+02    4.907321E+05    4.199267E+01
  1.971497E+02    4.908823E+05    4.199272E+01
  1.971797E+02    4.910325E+05    4.199278E+01
  1.972097E+02    4.911827E+05    4.199284E+01
  1.972397E+02    4.913330E+05    4.199289E+01
  1.972697E+02    4.914832E+05    4.199295E+01
  1.972997E+02    4.916335E+05    4.199301E+01
  1.973297E+02    4.917839E+05    4.199306E+01
  1.973597E+02    4.919342E+05    4.199312E+01
  1.973897E+02    4.920846E+05    4.199317E+01
  1.974197E+02    4.922350E+05    4.199323E+01
  1.974497E+02    4.923854E+05    4.199329E+01
  1.974797E+02    4.925358E+05    4.199334E+01
  1.975098E+02    4.926863E+05    4.199340E+01
  1.975398E+02    4.928368E+05    4.199346E+01
  1.975698E+02    4.929873E+05    4.199351E+01
  1.975998E+02    4.931378E+05    4.199357E+01
  1.976298E+02    4.932883E+05    4.199362E+01
  1.976598E+02    4.934389E+05    4.199368E+01
  1.976898E+02    4.935895E+05    4.199374E+01
  1.977198E+02    4.937401E+05    4.199379E+01
  1.977498E+02    4.938908E+05    4.199385E+01
  1.977798E+02    4.940414E+05    4.199390E+01
  1.978098E+02    4.941921E+05    4.199396E+01
  1.978398E+02    4.943428E+05    4.199402E+01
  1.978698E+02    4.944936E+05    4.199407E+01
  1.978998E+02    4.946443E+05    4.199413E+01
  1.979298E+02    4.947951E+05    4.199418E+01
  1.979598E+02    4.949459E+05    4.199424E+01
  1.979898E+02    4.950967E+05    4.199430E+01
  1.980198E+02    4.952476E+05    4.199435E+01
  1.980498E+02    4.953985E+05    4.199441E+01
  1.980798E+02    4.955494E+05    4.199446E+01
  1.981098E+02    4.957003E+05    4.199452E+01
  1.981398E+02    4.958512E+05    4.199458E+01
  1.981698E+02    4.960022E+05    4.199463E+01
  1.981998E+02    4.961532E+05    4.199469E+01
  1.982298E+02    4.963042E+05    4.199474E+01
  1.982598E+02    4.964552E+05    4.199480E+01
  1.982898E+02    4.966063E+05    4.199485E+01
  1.983198E+02    4.967574E+05    4.199491E+01
  1.983498E+02    4.969085E+05    4.199497E+01
  1.983798E+02    4.970596E+05    4.199502E+01
  1.984098E+02    4.972107E+05    4.199508E+01
  1.984398E+02    4.973619E+05    4.199513E+01
  1.984698E+02    4.975131E+05    4.199519E+01
  1.984998E+02    4.976643E+05    4.199524E+01
  1.985299E+02    4.978156E+05    4.199530E+01
  1.985599E+02    4.979668E+05    4.199536E+01
  1.985899E+02    4.981181E+05    4.199541E+01
  1.986199E+02    4.982694E+05    4.199547E+01
  1.986499E+02    4.984207E+05    4.199552E+01
  1.986799E+02    4.985721E+05    4.199558E+01
  1.987099E+02    4.987235E+05    4.199563E+01
  1.987399E+02    4.988749E+05    4.199569E+01
  1.987699E+02    4.990263E+05    4.199574E+01
  1.987999E+02    4.991778E+05    4.199580E+01
  1.988299E+02    4.993292E+05    4.199586E+01
  1.988599E+02    4.994807E+05    4.199591E+01
  1.988899E+02    4.996322E+05    4.199597E+01
  1.989199E+02    4.997838E+05    4.199602E+01
  1.989499E+02    4.999353E+05    4.199608E+01
  1.989799E+02    5.000869E+05    4.199613E+01
  1.990099E+02    5.002385E+05    4.199619E+01
  1.990399E+02    5.003902E+05    4.199624E+01
  1.990699E+02    5.005418E+05    4.199630E+01
  1.990999E+02    5.006935E+05    4.199635E+01
  1.991299E+02    5.008452E+05    4.199641E+01
  1.991599E+02    5.009969E+05    4.199646E+01
  1.991899E+02    5.011487E+05    4.199652E+01
  1.992199E+02    5.013004E+05    4.199657E+01
  1.992499E+02    5.014522E+05    4.199663E+01
  1.992799E+02    5.016040E+05    4.199668E+01
  1.993099E+02    5.017559E+05    4.199674E+01
  1.993399E+02    5.019077E+05    4.199680E+01
  1.993699E+02    5.020596E+05    4.199685E+01
  1.993999E+02    5.022115E+05    4.199691E+01
  1.994299E+02    5.023635E+05    4.199696E+01
  1.994599E+02    5.025154E+05    4.199702E+01
  1.994899E+02    5.026674E+05    4.199707E+01
  1.995200E+02    5.028194E+05    4.199713E+01
  1.995500E+02    5.029714E+05    4.199718E+01
  1.995800E+02    5.031234E+05    4.199724E+01
  1.996100E+02    5.032755E+05    4.199729E+01
  1.996400E+02    5.034276E+05    4.199735E+01
  1.996700E+02    5.035797E+05    4.199740E+01
  1.997000E+02    5.037319E+05    4.199746E+01
  1.997300E+02    5.038840E+05    4.199751E+01
  1.997600E+02    5.040362E+05    4.199757E+01
  1.997900E+02    5.041884E+05    4.199762E+01
  1.998200E+02    5.043406E+05    4.199768E+01
  1.998500E+02    5.044929E+05    4.199773E+01
  1.998800E+02    5.046452E+05    4.199779E+01
  1.999100E+02    5.047975E+05    4.199784E+01
  1.999400E+02    5.049498E+05    4.199789E+01
  1.999700E+02    5.051021E+05    4.199795E+01
  2.000000E+02    5.052545E+05    4.199800E+01
  2.000300E+02    5.054069E+05    4.199806E+01
  2.000600E+02    5.055593E+05    4.199811E+01
  2.000900E+02    5.057117E+05    4.199817E+01
  2.001200E+02    5.058642E+05    4.199822E+01
  2.001500E+02    5.060167E+05    4.199828E+01
  2.001800E+02    5.061692E+05    4.199833E+01
  2.002100E+02    5.063217E+05    4.199839E+01
  2.002400E+02    5.064742E+05    4.199844E+01
  2.002700E+02    5.066268E+05    4.199850E+01
  2.003000E+02    5.067794E+05    4.199855E+01
  2.003300E+02    5.069320E+05    4.199861E+01
  2.003600E+02    5.070847E+05    4.199866E+01
  2.003900E+02    5.072373E+05    4.199872E+01
  2.004200E+02    5.073900E+05    4.199877E+01
  2.004500E+02    5.075427E+05    4.199882E+01
  2.004800E+02    5.076955E+05    4.199888E+01
  2.005101E+02    5.078482E+05    4.199893E+01
  2.005401E+02    5.080010E+05    4.199899E+01
  2.005701E+02    5.081538E+05    4.199904E+01
  2.006001E+02    5.083066E+05    4.199910E+01
  2.006301E+02    5.084595E+05    4.199915E+01
  2.006601E+02    5.086124E+05    4.199921E+01
  2.006901E+02    5.087652E+05    4.199926E+01
  2.007201E+02    5.089182E+05    4.199931E+01
  2.007501E+02    5.090711E+05    4.199937E+01
  2.007801E+02    5.092241E+05    4.199942E+01
  2.008101E+02    5.093771E+05    4.199948E+01
  2.008401E+02    5.095301E+05    4.199953E+01
  2.008701E+02    5.096831E+05    4.199959E+01
  2.009001E+02    5.098362E+05    4.199964E+01
  2.009301E+02    5.099892E+05    4.199969E+01
  2.009601E+02    5.101423E+05    4.199975E+01
  2.009901E+02    5.102955E+05    4.199980E+01
  2.010201E+02    5.104486E+05    4.199986E+01
  2.010501E+02    5.106018E+05    4.199991E+01
  2.010801E+02    5.107550E+05    4.199997E+01
  2.011101E+02    5.109082E+05    4.200002E+01
  2.011401E+02    5.110614E+05    4.200007E+01
  2.011701E+02    5.112147E+05    4.200013E+01
  2.012001E+02    5.113680E+05    4.200018E+01
  2.012301E+02    5.115213E+05    4.200024E+01
  2.012601E+02    5.116746E+05    4.200029E+01
  2.012901E+02    5.118280E+05    4.200035E+01
  2.013201E+02    5.119813E+05    4.200040E+01
  2.013501E+02    5.121347E+05    4.200045E+01
  2.013801E+02    5.122882E+05    4.200051E+01
  2.014101E+02    5.124416E+05    4.200056E+01
  2.014401E+02    5.125951E+05    4.200062E+01
  2.014701E+02    5.127486E+05    4.200067E+01
  2.015002E+02    5.129021E+05    4.200072E+01
  2.015302E+02    5.130556E+05    4.200078E+01
  2.015602E+02    5.132092E+05    4.200083E+01
  2.015902E+02    5.133628E+05    4.200089E+01
  2.016202E+02    5.135164E+05    4.200094E+01
  2.016502E+02    5.136700E+05    4.200099E+01
  2.016802E+02    5.138237E+05    4.200105E+01
  2.017102E+02    5.139773E+05    4.200110E+01
  2.017402E+02    5.141310E+05    4.200115E+01
  2.017702E+02    5.142848E+05    4.200121E+01
  2.018002E+02    5.144385E+05    4.200126E+01
  2.018302E+02    5.145923E+05    4.200132E+01
  2.018602E+02    5.147461E+05    4.200137E+01
  2.018902E+02    5.148999E+05    4.200142E+01
  2.019202E+02    5.150537E+05    4.200148E+01
  2.019502E+02    5.152076E+05    4.200153E+01
  2.019802E+02    5.153615E+05    4.200158E+01
  2.020102E+02    5.155154E+05    4.200164E+01
  2.020402E+02    5.156693E+05    4.200169E+01
  2.020702E+02    5.158232E+05    4.200175E+01
  2.021002E+02    5.159772E+05    4.200180E+01
  2.021302E+02    5.161312E+05    4.200185E+01
  2.021602E+02    5.162852E+05    4.200191E+01
  2.021902E+02    5.164393E+05    4.200196E+01
  2.022202E+02    5.165934E+05    4.200201E+01
  2.022502E+02    5.167474E+05    4.200207E+01
  2.022802E+02    5.169016E+05    4.200212E+01
  2.023102E+02    5.170557E+05    4.200217E+01
  2.023402E+02    5.172098E+05    4.200223E+01
  2.023702E+02    5.173640E+05    4.200228E+01
  2.024002E+02    5.175182E+05    4.200234E+01
  2.024302E+02    5.176725E+05    4.200239E+01
  2.024602E+02    5.178267E+05    4.200244E+01
  2.024902E+02    5.179810E+05    4.200250E+01
  2.025203E+02    5.181353E+05    4.200255E+01
  2.025503E+02    5.182896E+05    4.200260E+01
  2.025803E+02    5.184439E+05    4.200266E+01
  2.026103E+02    5.185983E+05    4.200271E+01
  2.026403E+02    5.187527E+05    4.200276E+01
  2.026703E+02    5.189071E+05    4.200282E+01
  2.027003E+02    5.190615E+05    4.200287E+01
  2.027303E+02    5.192160E+05    4.200292E+01
  2.027603E+02    5.193705E+05    4.200298E+01
  2.027903E+02    5.195250E+05    4.200303E+01
  2.028203E+02    5.196795E+05    4.200308E+01
  2.028503E+02    5.198341E+05    4.200314E+01
  2.028803E+02    5.199886E+05    4.200319E+01
  2.029103E+02    5.201432E+05    4.200324E+01
  2.029403E+02    5.202978E+05    4.200330E+01
  2.029703E+02    5.204525E+05    4.200335E+01
  2.030003E+02    5.206071E+05    4.200340E+01
  2.030303E+02    5.207618E+05    4.200345E+01
  2.030603E+02    5.209165E+05    4.200351E+01
  2.030903E+02    5.210713E+05    4.200356E+01
  2.031203E+02    5.212260E+05    4.200361E+01
  2.031503E+02    5.213808E+05    4.200367E+01
  2.031803E+02    5.215356E+05    4.200372E+01
  2.032103E+02    5.216904E+05    4.200377E+01
  2.032403E+02    5.218453E+05    4.200383E+01
  2.032703E+02    5.220002E+05    4.200388E+01
  2.033003E+02    5.221551E+05    4.200393E+01
  2.033303E+02    5.223100E+05    4.200399E+01
  2.033603E+02    5.224649E+05    4.200404E+01
  2.033903E+02    5.226199E+05    4.200409E+01
  2.034203E+02    5.227749E+05    4.200414E+01
  2.034503E+02    5.229299E+05    4.200420E+01
  2.034803E+02    5.230849E+05    4.200425E+01
  2.035104E+02    5.232400E+05    4.200430E+01
  2.035404E+02    5.233950E+05    4.200436E+01
  2.035704E+02    5.235501E+05    4.200441E+01
  2.036004E+02    5.237053E+05    4.200446E+01
  2.036304E+02    5.238604E+05    4.200451E+01
  2.036604E+02    5.240156E+05    4.200457E+01
  2.036904E+02    5.241708E+05    4.200462E+01
  2.037204E+02    5.243260E+05    4.200467E+01
  2.037504E+02    5.244812E+05    4.200473E+01
  2.037804E+02    5.246365E+05    4.200478E+01
  2.038104E+02    5.247918E+05    4.200483E+01
  2.038404E+02    5.249471E+05    4.200488E+01
  2.038704E+02    5.251024E+05    4.200494E+01
  2.039004E+02    5.252578E+05    4.200499E+01
  2.039304E+02    5.254131E+05    4.200504E+01
  2.039604E+02    5.255685E+05    4.200510E+01
  2.039904E+02    5.257240E+05    4.200515E+01
  2.040204E+02    5.258794E+05    4.200520E+01
  2.040504E+02    5.260349E+05    4.200525E+01
  2.040804E+02    5.261904E+05    4.200531E+01
  2.041104E+02    5.263459E+05    4.200536E+01
  2.041404E+02    5.265014E+05    4.200541E+01
  2.041704E+02    5.266570E+05    4.200546E+01
  2.042004E+02    5.268126E+05    4.200552E+01
  2.042304E+02    5.269682E+05    4.200557E+01
  2.042604E+02    5.271238E+05    4.200562E+01
  2.042904E+02    5.272794E+05    4.200567E+01
  2.043204E+02    5.274351E+05    4.200573E+01
  2.043504E+02    5.275908E+05    4.200578E+01
  2.043804E+02    5.277465E+05    4.200583E+01
  2.044104E+02    5.279023E+05    4.200588E+01
  2.044404E+02    5.280580E+05    4.200594E+01
  2.044704E+02    5.282138E+05    4.200599E+01
  2.045005E+02    5.283696E+05    4.200604E+01
  2.045305E+02    5.285255E+05    4.200609E+01
  2.045605E+02    5.286813E+05    4.200615E+01
  2.045905E+02    5.288372E+05    4.200620E+01
  2.046205E+02    5.289931E+05    4.200625E+01
  2.046505E+02    5.291491E+05    4.200630E+01
  2.046805E+02    5.293050E+05    4.200635E+01
  2.047105E+02    5.294610E+05    4.200641E+01
  2.047405E+02    5.296170E+05    4.200646E+01
  2.047705E+02    5.297730E+05    4.200651E+01
  2.048005E+02    5.299290E+05    4.200656E+01
  2.048305E+02    5.300851E+05    4.200662E+01
  2.048605E+02    5.302412E+05    4.200667E+01
  2.048905E+02    5.303973E+05    4.200672E+01
  2.049205E+02    5.305534E+05    4.200677E+01
  2.049505E+02    5.307096E+05    4.200682E+01
  2.049805E+02    5.308658E+05    4.200688E+01
  2.050105E+02    5.310220E+05    4.200693E+01
  2.050405E+02    5.311782E+05    4.200698E+01
  2.050705E+02    5.313345E+05    4.200703E+01
  2.051005E+02    5.314907E+05    4.200709E+01
  2.051305E+02    5.316470E+05    4.200714E+01
  2.051605E+02    5.318033E+05    4.200719E+01
  2.051905E+02    5.319597E+05    4.200724E+01
  2.052205E+02    5.321161E+05    4.200729E+01
  2.052505E+02    5.322724E+05    4.200735E+01
  2.052805E+02    5.324289E+05    4.200740E+01
  2.053105E+02    5.325853E+05    4.200745E+01
  2.053405E+02    5.327417E+05    4.200750E+01
  2.053705E+02    5.328982E+05    4.200755E+01
  2.054005E+02    5.330547E+05    4.200761E+01
  2.054305E+02    5.332112E+05    4.200766E+01
  2.054605E+02    5.333678E+05    4.200771E+01
  2.054905E+02    5.335244E+05    4.200776E+01
  2.055206E+02    5.336810E+05    4.200781E+01
  2.055506E+02    5.338376E+05    4.200787E+01
  2.055806E+02    5.339942E+05    4.200792E+01
  2.056106E+02    5.341509E+05    4.200797E+01
  2.056406E+02    5.343076E+05    4.200802E+01
  2.056706E+02    5.344643E+05    4.200807E+01
  2.057006E+02    5.346210E+05    4.200812E+01
  2.057306E+02    5.347778E+05    4.200818E+01
  2.057606E+02    5.349345E+05    4.200823E+01
  2.057906E+02    5.350913E+05    4.200828E+01
  2.058206E+02    5.352482E+05    4.200833E+01
  2.058506E+02    5.354050E+05    4.200838E+01
  2.058806E+02    5.355619E+05    4.200843E+01
  2.059106E+02    5.357188E+05    4.200849E+01
  2.059406E+02    5.358757E+05    4.200854E+01
  2.059706E+02    5.360326E+05    4.200859E+01
  2.060006E+02    5.361896E+05    4.200864E+01
  2.060306E+02    5.363466E+05    4.200869E+01
  2.060606E+02    5.365036E+05    4.200874E+01
  2.060906E+02    5.366606E+05    4.200880E+01
  2.061206E+02    5.368177E+05    4.200885E+01
  2.061506E+02    5.369747E+05    4.200890E+01
  2.061806E+02    5.371318E+05    4.200895E+01
  2.062106E+02    5.372890E+05    4.200900E+01
  2.062406E+02    5.374461E+05    4.200905E+01
  2.062706E+02    5.376033E+05    4.200911E+01
  2.063006E+02    5.377605E+05    4.200916E+01
  2.063306E+02    5.379177E+05    4.200921E+01
  2.063606E+02    5.380749E+05    4.200926E+01
  2.063906E+02    5.382322E+05    4.200931E+01
  2.064206E+02    5.383895E+05    4.200936E+01
  2.064506E+02    5.385468E+05    4.200941E+01
  2.064806E+02    5.387041E+05    4.200947E+01
  2.065107E+02    5.388615E+05    4.200952E+01
  2.065407E+02    5.390188E+05    4.200957E+01
  2.065707E+02    5.391762E+05    4.200962E+01
  2.066007E+02    5.393337E+05    4.200967E+01
  2.066307E+02    5.394911E+05    4.200972E+01
  2.066607E+02    5.396486E+05    4.200977E+01
  2.066907E+02    5.398061E+05    4.200982E+01
  2.067207E+02    5.399636E+05    4.200988E+01
  2.067507E+02    5.401211E+05    4.200993E+01
  2.067807E+02    5.402787E+05    4.200998E+01
  2.068107E+02    5.404363E+05    4.201003E+01
  2.068407E+02    5.405939E+05    4.201008E+01
  2.068707E+02    5.407515E+05    4.201013E+01
  2.069007E+02    5.409091E+05    4.201018E+01
  2.069307E+02    5.410668E+05    4.201023E+01
  2.069607E+02    5.412245E+05    4.201029E+01
  2.069907E+02    5.413822E+05    4.201034E+01
  2.070207E+02    5.415400E+05    4.201039E+01
  2.070507E+02    5.416977E+05    4.201044E+01
  2.070807E+02    5.418555E+05    4.201049E+01
  2.071107E+02    5.420133E+05    4.201054E+01
  2.071407E+02    5.421712E+05    4.201059E+01
  2.071707E+02    5.423290E+05    4.201064E+01
  2.072007E+02    5.424869E+05    4.201069E+01
  2.072307E+02    5.426448E+05    4.201075E+01
  2.072607E+02    5.428027E+05    4.201080E+01
  2.072907E+02    5.429607E+05    4.201085E+01
  2.073207E+02    5.431187E+05    4.201090E+01
  2.073507E+02    5.432767E+05    4.201095E+01
  2.073807E+02    5.434347E+05    4.201100E+01
  2.074107E+02    5.435927E+05    4.201105E+01
  2.074407E+02    5.437508E+05    4.201110E+01
  2.074707E+02    5.439089E+05    4.201115E+01
  2.075008E+02    5.440670E+05    4.201120E+01
  2.075308E+02    5.442251E+05    4.201125E+01
  2.075608E+02    5.443833E+05    4.201131E+01
  2.075908E+02    5.445415E+05    4.201136E+01
  2.076208E+02    5.446997E+05    4.201141E+01
  2.076508E+02    5.448579E+05    4.201146E+01
  2.076808E+02    5.450161E+05    4.201151E+01
  2.077108E+02    5.451744E+05    4.201156E+01
  2.077408E+02    5.453327E+05    4.201161E+01
  2.077708E+02    5.454910E+05    4.201166E+01
  2.078008E+02    5.456494E+05    4.201171E+01
  2.078308E+02    5.458077E+05    4.201176E+01
  2.078608E+02    5.459661E+05    4.201181E+01
  2.078908E+02    5.461245E+05    4.201186E+01
  2.079208E+02    5.462829E+05    4.201191E+01
  2.079508E+02    5.464414E+05    4.201197E+01
  2.079808E+02    5.465999E+05    4.201202E+01
  2.080108E+02    5.467584E+05    4.201207E+01
  2.080408E+02    5.469169E+05    4.201212E+01
  2.080708E+02    5.470755E+05    4.201217E+01
  2.081008E+02    5.472340E+05    4.201222E+01
  2.081308E+02    5.473926E+05    4.201227E+01
  2.081608E+02    5.475512E+05    4.201232E+01
  2.081908E+02    5.477099E+05    4.201237E+01
  2.082208E+02    5.478685E+05    4.201242E+01
  2.082508E+02    5.480272E+05    4.201247E+01
  2.082808E+02    5.481859E+05    4.201252E+01
  2.083108E+02    5.483447E+05    4.201257E+01
  2.083408E+02    5.485034E+05    4.201262E+01
  2.083708E+02    5.486622E+05    4.201267E+01
  2.084008E+02    5.488210E+05    4.201272E+01
  2.084308E+02    5.489798E+05    4.201277E+01
  2.084608E+02    5.491387E+05    4.201282E+01
  2.084908E+02    5.492975E+05    4.201288E+01
  2.085209E+02    5.494564E+05    4.201293E+01
  2.085509E+02    5.496153E+05    4.201298E+01
  2.085809E+02    5.497743E+05    4.201303E+01
  2.086109E+02    5.499332E+05    4.201308E+01
  2.086409E+02    5.500922E+05    4.201313E+01
  2.086709E+02    5.502512E+05    4.201318E+01
  2.087009E+02    5.504103E+05    4.201323E+01
  2.087309E+02    5.505693E+05    4.201328E+01
  2.087609E+02    5.507284E+05    4.201333E+01
  2.087909E+02    5.508875E+05    4.201338E+01
  2.088209E+02    5.510466E+05    4.201343E+01
  2.088509E+02    5.512058E+05    4.201348E+01
  2.088809E+02    5.513649E+05    4.201353E+01
  2.089109E+02    5.515241E+05    4.201358E+01
  2.089409E+02    5.516833E+05    4.201363E+01
  2.089709E+02    5.518426E+05    4.201368E+01
  2.090009E+02    5.520018E+05    4.201373E+01
  2.090309E+02    5.521611E+05    4.201378E+01
  2.090609E+02    5.523204E+05    4.201383E+01
  2.090909E+02    5.524797E+05    4.201388E+01
  2.091209E+02    5.526391E+05    4.201393E+01
  2.091509E+02    5.527985E+05    4.201398E+01
  2.091809E+02    5.529579E+05    4.201403E+01
  2.092109E+02    5.531173E+05    4.201408E+01
  2.092409E+02    5.532767E+05    4.201413E+01
  2.092709E+02    5.534362E+05    4.201418E+01
  2.093009E+02    5.535957E+05    4.201423E+01
  2.093309E+02    5.537552E+05    4.201428E+01
  2.093609E+02    5.539147E+05    4.201433E+01
  2.093909E+02    5.540743E+05    4.201438E+01
  2.094209E+02    5.542339E+05    4.201443E+01
  2.094509E+02    5.543935E+05    4.201448E+01
  2.094809E+02    5.545531E+05    4.201453E+01
  2.095110E+02    5.547127E+05    4.201458E+01
  2.095410E+02    5.548724E+05    4.201463E+01
  2.095710E+02    5.550321E+05    4.201468E+01
  2.096010E+02    5.551918E+05    4.201473E+01
  2.096310E+02    5.553516E+05    4.201478E+01
  2.096610E+02    5.555113E+05    4.201483E+01
  2.096910E+02    5.556711E+05    4.201488E+01
  2.097210E+02    5.558309E+05    4.201493E+01
  2.097510E+02    5.559908E+05    4.201498E+01
  2.097810E+02    5.561506E+05    4.201503E+01
  2.098110E+02    5.563105E+05    4.201508E+01
  2.098410E+02    5.564704E+05    4.201513E+01
  2.098710E+02    5.566303E+05    4.201518E+01
  2.099010E+02    5.567903E+05    4.201523E+01
  2.099310E+02    5.569503E+05    4.201528E+01
  2.099610E+02    5.571103E+05    4.201533E+01
  2.099910E+02    5.572703E+05    4.201538E+01
  2.100210E+02    5.574303E+05    4.201543E+01
  2.100510E+02    5.575904E+05    4.201548E+01
  2.100810E+02    5.577505E+05    4.201553E+01
  2.101110E+02    5.579106E+05    4.201558E+01
  2.101410E+02    5.580707E+05    4.201563E+01
  2.101710E+02    5.582309E+05    4.201567E+01
  2.102010E+02    5.583910E+05    4.201572E+01
  2.102310E+02    5.585512E+05    4.201577E+01
  2.102610E+02    5.587115E+05    4.201582E+01
  2.102910E+02    5.588717E+05    4.201587E+01
  2.103210E+02    5.590320E+05    4.201592E+01
  2.103510E+02    5.591923E+05    4.201597E+01
  2.103810E+02    5.593526E+05    4.201602E+01
  2.104110E+02    5.595129E+05    4.201607E+01
  2.104410E+02    5.596733E+05    4.201612E+01
  2.104710E+02    5.598337E+05    4.201617E+01
  2.105011E+02    5.599941E+05    4.201622E+01
  2.105311E+02    5.601545E+05    4.201627E+01
  2.105611E+02    5.603150E+05    4.201632E+01
  2.105911E+02    5.604755E+05    4.201637E+01
  2.106211E+02    5.606360E+05    4.201642E+01
  2.106511E+02    5.607965E+05    4.201647E+01
  2.106811E+02    5.609570E+05    4.201652E+01
  2.107111E+02    5.611176E+05    4.201657E+01
  2.107411E+02    5.612782E+05    4.201661E+01
  2.107711E+02    5.614388E+05    4.201666E+01
  2.108011E+02    5.615994E+05    4.201671E+01
  2.108311E+02    5.617601E+05    4.201676E+01
  2.108611E+02    5.619208E+05    4.201681E+01
  2.108911E+02    5.620815E+05    4.201686E+01
  2.109211E+02    5.622422E+05    4.201691E+01
  2.109511E+02    5.624030E+05    4.201696E+01
  2.109811E+02    5.625638E+05    4.201701E+01
  2.110111E+02    5.627246E+05    4.201706E+01
  2.110411E+02    5.628854E+05    4.201711E+01
  2.110711E+02    5.630462E+05    4.201716E+01
  2.111011E+02    5.632071E+05    4.201721E+01
  2.111311E+02    5.633680E+05    4.201725E+01
  2.111611E+02    5.635289E+05    4.201730E+01
  2.111911E+02    5.636898E+05    4.201735E+01
  2.112211E+02    5.638508E+05    4.201740E+01
  2.112511E+02    5.640118E+05    4.201745E+01
  2.112811E+02    5.641728E+05    4.201750E+01
  2.113111E+02    5.643338E+05    4.201755E+01
  2.113411E+02    5.644949E+05    4.201760E+01
  2.113711E+02    5.646559E+05    4.201765E+01
  2.114011E+02    5.648170E+05    4.201770E+01
  2.114311E+02    5.649782E+05    4.201775E+01
  2.114611E+02    5.651393E+05    4.201779E+01
  2.114911E+02    5.653005E+05    4.201784E+01
  2.115212E+02    5.654617E+05    4.201789E+01
  2.115512E+02    5.656229E+05    4.201794E+01
  2.115812E+02    5.657841E+05    4.201799E+01
  2.116112E+02    5.659454E+05    4.201804E+01
  2.116412E+02    5.661067E+05    4.201809E+01
  2.116712E+02    5.662680E+05    4.201814E+01
  2.117012E+02    5.664293E+05    4.201819E+01
  2.117312E+02    5.665906E+05    4.201823E+01
  2.117612E+02    5.667520E+05    4.201828E+01
  2.117912E+02    5.669134E+05    4.201833E+01
  2.118212E+02    5.670748E+05    4.201838E+01
  2.118512E+02    5.672363E+05    4.201843E+01
  2.118812E+02    5.673977E+05    4.201848E+01
  2.119112E+02    5.675592E+05    4.201853E+01
  2.119412E+02    5.677207E+05    4.201858E+01
  2.119712E+02    5.678823E+05    4.201863E+01
  2.120012E+02    5.680438E+05    4.201867E+01
  2.120312E+02    5.682054E+05    4.201872E+01
  2.120612E+02    5.683670E+05    4.201877E+01
  2.120912E+02    5.685286E+05    4.201882E+01
  2.121212E+02    5.686903E+05    4.201887E+01
  2.121512E+02    5.688520E+05    4.201892E+01
  2.121812E+02    5.690136E+05    4.201897E+01
  2.122112E+02    5.691754E+05    4.201901E+01
  2.122412E+02    5.693371E+05    4.201906E+01
  2.122712E+02    5.694989E+05    4.201911E+01
  2.123012E+02    5.696607E+05    4.201916E+01
  2.123312E+02    5.698225E+05    4.201921E+01
  2.123612E+02    5.699843E+05    4.201926E+01
  2.123912E+02    5.701462E+05    4.201931E+01
  2.124212E+02    5.703080E+05    4.201935E+01
  2.124512E+02    5.704699E+05    4.201940E+01
  2.124812E+02    5.706319E+05    4.201945E+01
  2.125113E+02    5.707938E+05    4.201950E+01
  2.125413E+02    5.709558E+05    4.201955E+01
  2.125713E+02    5.711178E+05    4.201960E+01
  2.126013E+02    5.712798E+05    4.201965E+01
  2.126313E+02    5.714418E+05    4.201969E+01
  2.126613E+02    5.716039E+05    4.201974E+01
  2.126913E+02    5.717660E+05    4.201979E+01
  2.127213E+02    5.719281E+05    4.201984E+01
  2.127513E+02    5.720902E+05    4.201989E+01
  2.127813E+02    5.722524E+05    4.201994E+01
  2.128113E+02    5.724146E+05    4.201998E+01
  2.128413E+02    5.725768E+05    4.202003E+01
  2.128713E+02    5.727390E+05    4.202008E+01
  2.129013E+02    5.729012E+05    4.202013E+01
  2.129313E+02    5.730635E+05    4.202018E+01
  2.129613E+02    5.732258E+05    4.202023E+01
  2.129913E+02    5.733881E+05    4.202027E+01
  2.130213E+02    5.735504E+05    4.202032E+01
  2.130513E+02    5.737128E+05    4.202037E+01
  2.130813E+02    5.738752E+05    4.202042E+01
  2.131113E+02    5.740376E+05    4.202047E+01
  2.131413E+02    5.742000E+05    4.202052E+01
  2.131713E+02    5.743625E+05    4.202056E+01
  2.132013E+02    5.745250E+05    4.202061E+01
  2.132313E+02    5.746875E+05    4.202066E+01
  2.132613E+02    5.748500E+05    4.202071E+01
  2.132913E+02    5.750125E+05    4.202076E+01
  2.133213E+02    5.751751E+05    4.202080E+01
  2.133513E+02    5.753377E+05    4.202085E+01
  2.133813E+02    5.755003E+05    4.202090E+01
  2.134113E+02    5.756629E+05    4.202095E+01
  2.134413E+02    5.758256E+05    4.202100E+01
  2.134713E+02    5.759883E+05    4.202105E+01
  2.135014E+02    5.761510E+05    4.202109E+01
  2.135314E+02    5.763137E+05    4.202114E+01
  2.135614E+02    5.764765E+05    4.202119E+01
  2.135914E+02    5.766392E+05    4.202124E+01
  2.136214E+02    5.768020E+05    4.202129E+01
  2.136514E+02    5.769649E+05    4.202133E+01
  2.136814E+02    5.771277E+05    4.202138E+01
  2.137114E+02    5.772906E+05    4.202143E+01
  2.137414E+02    5.774535E+05    4.202148E+01
  2.137714E+02    5.776164E+05    4.202153E+01
  2.138014E+02    5.777793E+05    4.202157E+01
  2.138314E+02    5.779423E+05    4.202162E+01
  2.138614E+02    5.781053E+05    4.202167E+01
  2.138914E+02    5.782683E+05    4.202172E+01
  2.139214E+02    5.784313E+05    4.202176E+01
  2.139514E+02    5.785943E+05    4.202181E+01
  2.139814E+02    5.787574E+05    4.202186E+01
  2.140114E+02    5.789205E+05    4.202191E+01
  2.140414E+02    5.790836E+05    4.202196E+01
  2.140714E+02    5.792468E+05    4.202200E+01
  2.141014E+02    5.794099E+05    4.202205E+01
  2.141314E+02    5.795731E+05    4.202210E+01
  2.141614E+02    5.797363E+05    4.202215E+01
  2.141914E+02    5.798996E+05    4.202220E+01
  2.142214E+02    5.800628E+05    4.202224E+01
  2.142514E+02    5.802261E+05    4.202229E+01
  2.142814E+02    5.803894E+05    4.202234E+01
  2.143114E+02    5.805527E+05    4.202239E+01
  2.143414E+02    5.807161E+05    4.202243E+01
  2.143714E+02    5.808795E+05    4.202248E+01
  2.144014E+02    5.810429E+05    4.202253E+01
  2.144314E+02    5.812063E+05    4.202258E+01
  2.144614E+02    5.813697E+05    4.202262E+01
  2.144914E+02    5.815332E+05    4.202267E+01
  2.145215E+02    5.816967E+05    4.202272E+01
  2.145515E+02    5.818602E+05    4.202277E+01
  2.145815E+02    5.820237E+05    4.202281E+01
  2.146115E+02    5.821873E+05    4.202286E+01
  2.146415E+02    5.823509E+05    4.202291E+01
  2.146715E+02    5.825145E+05    4.202296E+01
  2.147015E+02    5.826781E+05    4.202300E+01
  2.147315E+02    5.828417E+05    4.202305E+01
  2.147615E+02    5.830054E+05    4.202310E+01
  2.147915E+02    5.831691E+05    4.202315E+01
  2.148215E+02    5.833328E+05    4.202319E+01
  2.148515E+02    5.834966E+05    4.202324E+01
  2.148815E+02    5.836603E+05    4.202329E+01
  2.149115E+02    5.838241E+05    4.202334E+01
  2.149415E+02    5.839879E+05    4.202338E+01
  2.149715E+02    5.841517E+05    4.202343E+01
  2.150015E+02    5.843156E+05    4.202348E+01
  2.150315E+02    5.844795E+05    4.202353E+01
  2.150615E+02    5.846434E+05    4.202357E+01
  2.150915E+02    5.848073E+05    4.202362E+01
  2.151215E+02    5.849713E+05    4.202367E+01
  2.151515E+02    5.851352E+05    4.202372E+01
  2.151815E+02    5.852992E+05    4.202376E+01
  2.152115E+02    5.854632E+05    4.202381E+01
  2.152415E+02    5.856273E+05    4.202386E+01
  2.152715E+02    5.857913E+05    4.202391E+01
  2.153015E+02    5.859554E+05    4.202395E+01
  2.153315E+02    5.861195E+05    4.202400E+01
  2.153615E+02    5.862837E+05    4.202405E+01
  2.153915E+02    5.864478E+05    4.202409E+01
  2.154215E+02    5.866120E+05    4.202414E+01
  2.154515E+02    5.867762E+05    4.202419E+01
  2.154815E+02    5.869404E+05    4.202424E+01
  2.155116E+02    5.871047E+05    4.202428E+01
  2.155416E+02    5.872689E+05    4.202433E+01
  2.155716E+02    5.874332E+05    4.202438E+01
  2.156016E+02    5.875975E+05    4.202442E+01
  2.156316E+02    5.877619E+05    4.202447E+01
  2.156616E+02    5.879262E+05    4.202452E+01
  2.156916E+02    5.880906E+05    4.202457E+01
  2.157216E+02    5.882550E+05    4.202461E+01
  2.157516E+02    5.884195E+05    4.202466E+01
  2.157816E+02    5.885839E+05    4.202471E+01
  2.158116E+02    5.887484E+05    4.202475E+01
  2.158416E+02    5.889129E+05    4.202480E+01
  2.158716E+02    5.890774E+05    4.202485E+01
  2.159016E+02    5.892419E+05    4.202489E+01
  2.159316E+02    5.894065E+05    4.202494E+01
  2.159616E+02    5.895711E+05    4.202499E+01
  2.159916E+02    5.897357E+05    4.202504E+01
  2.160216E+02    5.899004E+05    4.202508E+01
  2.160516E+02    5.900650E+05    4.202513E+01
  2.160816E+02    5.902297E+05    4.202518E+01
  2.161116E+02    5.903944E+05    4.202522E+01
  2.161416E+02    5.905591E+05    4.202527E+01
  2.161716E+02    5.907239E+05    4.202532E+01
  2.162016E+02    5.908887E+05    4.202536E+01
  2.162316E+02    5.910535E+05    4.202541E+01
  2.162616E+02    5.912183E+05    4.202546E+01
  2.162916E+02    5.913831E+05    4.202550E+01
  2.163216E+02    5.915480E+05    4.202555E+01
  2.163516E+02    5.917129E+05    4.202560E+01
  2.163816E+02    5.918778E+05    4.202564E+01
  2.164116E+02    5.920427E+05    4.202569E+01
  2.164416E+02    5.922077E+05    4.202574E+01
  2.164716E+02    5.923727E+05    4.202579E+01
  2.165017E+02    5.925377E+05    4.202583E+01
  2.165317E+02    5.927027E+05    4.202588E+01
  2.165617E+02    5.928677E+05    4.202593E+01
  2.165917E+02    5.930328E+05    4.202597E+01
  2.166217E+02    5.931979E+05    4.202602E+01
  2.166517E+02    5.933630E+05    4.202607E+01
  2.166817E+02    5.935282E+05    4.202611E+01
  2.167117E+02    5.936933E+05    4.202616E+01
  2.167417E+02    5.938585E+05    4.202621E+01
  2.167717E+02    5.940237E+05    4.202625E+01
  2.168017E+02    5.941890E+05    4.202630E+01
  2.168317E+02    5.943542E+05    4.202635E+01
  2.168617E+02    5.945195E+05    4.202639E+01
  2.168917E+02    5.946848E+05    4.202644E+01
  2.169217E+02    5.948501E+05    4.202648E+01
  2.169517E+02    5.950155E+05    4.202653E+01
  2.169817E+02    5.951809E+05    4.202658E+01
  2.170117E+02    5.953462E+05    4.202662E+01
  2.170417E+02    5.955117E+05    4.202667E+01
  2.170717E+02    5.956771E+05    4.202672E+01
  2.171017E+02    5.958426E+05    4.202676E+01
  2.171317E+02    5.960081E+05    4.202681E+01
  2.171617E+02    5.961736E+05    4.202686E+01
  2.171917E+02    5.963391E+05    4.202690E+01
  2.172217E+02    5.965047E+05    4.202695E+01
  2.172517E+02    5.966702E+05    4.202700E+01
  2.172817E+02    5.968358E+05    4.202704E+01
  2.173117E+02    5.970015E+05    4.202709E+01
  2.173417E+02    5.971671E+05    4.202714E+01
  2.173717E+02    5.973328E+05    4.202718E+01
  2.174017E+02    5.974985E+05    4.202723E+01
  2.174317E+02    5.976642E+05    4.202727E+01
  2.174617E+02    5.978299E+05    4.202732E+01
  2.174917E+02    5.979957E+05    4.202737E+01
  2.175218E+02    5.981615E+05    4.202741E+01
  2.175518E+02    5.983273E+05    4.202746E+01
  2.175818E+02    5.984931E+05    4.202751E+01
  2.176118E+02    5.986590E+05    4.202755E+01
  2.176418E+02    5.988248E+05    4.202760E+01
  2.176718E+02    5.989907E+05    4.202764E+01
  2.177018E+02    5.991567E+05    4.202769E+01
  2.177318E+02    5.993226E+05    4.202774E+01
  2.177618E+02    5.994886E+05    4.202778E+01
  2.177918E+02    5.996546E+05    4.202783E+01
  2.178218E+02    5.998206E+05    4.202788E+01
  2.178518E+02    5.999866E+05    4.202792E+01
  2.178818E+02    6.001527E+05    4.202797E+01
  2.179118E+02    6.003188E+05    4.202801E+01
  2.179418E+02    6.004849E+05    4.202806E+01
  2.179718E+02    6.006510E+05    4.202811E+01
  2.180018E+02    6.008172E+05    4.202815E+01
  2.180318E+02    6.009833E+05    4.202820E+01
  2.180618E+02    6.011495E+05    4.202824E+01
  2.180918E+02    6.013158E+05    4.202829E+01
  2.181218E+02    6.014820E+05    4.202834E+01
  2.181518E+02    6.016483E+05    4.202838E+01
  2.181818E+02    6.018146E+05    4.202843E+01
  2.182118E+02    6.019809E+05    4.202847E+01
  2.182418E+02    6.021472E+05    4.202852E+01
  2.182718E+02    6.023136E+05    4.202857E+01
  2.183018E+02    6.024800E+05    4.202861E+01
  2.183318E+02    6.026464E+05    4.202866E+01
  2.183618E+02    6.028128E+05    4.202870E+01
  2.183918E+02    6.029792E+05    4.202875E+01
  2.184218E+02    6.031457E+05    4.202880E+01
  2.184518E+02    6.033122E+05    4.202884E+01
  2.184818E+02    6.034787E+05    4.202889E+01
  2.185119E+02    6.036453E+05    4.202893E+01
  2.185419E+02    6.038118E+05    4.202898E+01
  2.185719E+02    6.039784E+05    4.202903E+01
  2.186019E+02    6.041450E+05    4.202907E+01
  2.186319E+02    6.043117E+05    4.202912E+01
  2.186619E+02    6.044783E+05    4.202916E+01
  2.186919E+02    6.046450E+05    4.202921E+01
  2.187219E+02    6.048117E+05    4.202925E+01
  2.187519E+02    6.049785E+05    4.202930E+01
  2.187819E+02    6.051452E+05    4.202935E+01
  2.188119E+02    6.053120E+05    4.202939E+01
  2.188419E+02    6.054788E+05    4.202944E+01
  2.188719E+02    6.056456E+05    4.202948E+01
  2.189019E+02    6.058124E+05    4.202953E+01
  2.189319E+02    6.059793E+05    4.202957E+01
  2.189619E+02    6.061462E+05    4.202962E+01
  2.189919E+02    6.063131E+05    4.202967E+01
  2.190219E+02    6.064800E+05    4.202971E+01
  2.190519E+02    6.066470E+05    4.202976E+01
  2.190819E+02    6.068140E+05    4.202980E+01
  2.191119E+02    6.069810E+05    4.202985E+01
  2.191419E+02    6.071480E+05    4.202989E+01
  2.191719E+02    6.073151E+05    4.202994E+01
  2.192019E+02    6.074821E+05    4.202999E+01
  2.192319E+02    6.076492E+05    4.203003E+01
  2.192619E+02    6.078163E+05    4.203008E+01
  2.192919E+02    6.079835E+05    4.203012E+01
  2.193219E+02    6.081506E+05    4.203017E+01
  2.193519E+02    6.083178E+05    4.203021E+01
  2.193819E+02    6.084850E+05    4.203026E+01
  2.194119E+02    6.086523E+05    4.203030E+01
  2.194419E+02    6.088195E+05    4.203035E+01
  2.194719E+02    6.089868E+05    4.203039E+01
  2.195020E+02    6.091541E+05    4.203044E+01
  2.195320E+02    6.093214E+05    4.203049E+01
  2.195620E+02    6.094888E+05    4.203053E+01
  2.195920E+02    6.096562E+05    4.203058E+01
  2.196220E+02    6.098235E+05    4.203062E+01
  2.196520E+02    6.099910E+05    4.203067E+01
  2.196820E+02    6.101584E+05    4.203071E+01
  2.197120E+02    6.103259E+05    4.203076E+01
  2.197420E+02    6.104934E+05    4.203080E+01
  2.197720E+02    6.106609E+05    4.203085E+01
  2.198020E+02    6.108284E+05    4.203089E+01
  2.198320E+02    6.109959E+05    4.203094E+01
  2.198620E+02    6.111635E+05    4.203098E+01
  2.198920E+02    6.113311E+05    4.203103E+01
  2.199220E+02    6.114988E+05    4.203108E+01
  2.199520E+02    6.116664E+05    4.203112E+01
  2.199820E+02    6.118341E+05    4.203117E+01
  2.200120E+02    6.120018E+05    4.203121E+01
  2.200420E+02    6.121695E+05    4.203126E+01
  2.200720E+02    6.123372E+05    4.203130E+01
  2.201020E+02    6.125050E+05    4.203135E+01
  2.201320E+02    6.126728E+05    4.203139E+01
  2.201620E+02    6.128406E+05    4.203144E+01
  2.201920E+02    6.130084E+05    4.203148E+01
  2.202220E+02    6.131763E+05    4.203153E+01
  2.202520E+02    6.133441E+05    4.203157E+01
  2.202820E+02    6.135120E+05    4.203162E+01
  2.203120E+02    6.136799E+05    4.203166E+01
  2.203420E+02    6.138479E+05    4.203171E+01
  2.203720E+02    6.140159E+05    4.203175E+01
  2.204020E+02    6.141839E+05    4.203180E+01
  2.204320E+02    6.143519E+05    4.203184E+01
  2.204620E+02    6.145199E+05    4.203189E+01
  2.204920E+02    6.146880E+05    4.203193E+01
  2.205221E+02    6.148560E+05    4.203198E+01
  2.205521E+02    6.150242E+05    4.203202E+01
  2.205821E+02    6.151923E+05    4.203207E+01
  2.206121E+02    6.153604E+05    4.203211E+01
  2.206421E+02    6.155286E+05    4.203216E+01
  2.206721E+02    6.156968E+05    4.203220E+01
  2.207021E+02    6.158650E+05    4.203225E+01
  2.207321E+02    6.160333E+05    4.203229E+01
  2.207621E+02    6.162015E+05    4.203234E+01
  2.207921E+02    6.163698E+05    4.203238E+01
  2.208221E+02    6.165381E+05    4.203243E+01
  2.208521E+02    6.167065E+05    4.203247E+01
  2.208821E+02    6.168748E+05    4.203252E+01
  2.209121E+02    6.170432E+05    4.203256E+01
  2.209421E+02    6.172116E+05    4.203261E+01
  2.209721E+02    6.173801E+05    4.203265E+01
  2.210021E+02    6.175485E+05    4.203270E+01
  2.210321E+02    6.177170E+05    4.203274E+01
  2.210621E+02    6.178855E+05    4.203279E+01
  2.210921E+02    6.180540E+05    4.203283E+01
  2.211221E+02    6.182225E+05    4.203288E+01
  2.211521E+02    6.183911E+05    4.203292E+01
  2.211821E+02    6.185597E+05    4.203297E+01
  2.212121E+02    6.187283E+05    4.203301E+01
  2.212421E+02    6.188969E+05    4.203306E+01
  2.212721E+02    6.190656E+05    4.203310E+01
  2.213021E+02    6.192343E+05    4.203315E+01
  2.213321E+02    6.194030E+05    4.203319E+01
  2.213621E+02    6.195717E+05    4.203323E+01
  2.213921E+02    6.197405E+05    4.203328E+01
  2.214221E+02    6.199092E+05    4.203332E+01
  2.214521E+02    6.200780E+05    4.203337E+01
  2.214821E+02    6.202468E+05    4.203341E+01
  2.215122E+02    6.204157E+05    4.203346E+01
  2.215422E+02    6.205845E+05    4.203350E+01
  2.215722E+02    6.207534E+05    4.203355E+01
  2.216022E+02    6.209223E+05    4.203359E+01
  2.216322E+02    6.210913E+05    4.203364E+01
  2.216622E+02    6.212602E+05    4.203368E+01
  2.216922E+02    6.214292E+05    4.203373E+01
  2.217222E+02    6.215982E+05    4.203377E+01
  2.217522E+02    6.217672E+05    4.203381E+01
  2.217822E+02    6.219363E+05    4.203386E+01
  2.218122E+02    6.221054E+05    4.203390E+01
  2.218422E+02    6.222745E+05    4.203395E+01
  2.218722E+02    6.224436E+05    4.203399E+01
  2.219022E+02    6.226127E+05    4.203404E+01
  2.219322E+02    6.227819E+05    4.203408E+01
  2.219622E+02    6.229511E+05    4.203413E+01
  2.219922E+02    6.231203E+05    4.203417E+01
  2.220222E+02    6.232895E+05    4.203421E+01
  2.220522E+02    6.234588E+05    4.203426E+01
  2.220822E+02    6.236280E+05    4.203430E+01
  2.221122E+02    6.237973E+05    4.203435E+01
  2.221422E+02    6.239667E+05    4.203439E+01
  2.221722E+02    6.241360E+05    4.203444E+01
  2.222022E+02    6.243054E+05    4.203448E+01
  2.222322E+02    6.244748E+05    4.203453E+01
  2.222622E+02    6.246442E+05    4.203457E+01
  2.222922E+02    6.248136E+05    4.203461E+01
  2.223222E+02    6.249831E+05    4.203466E+01
  2.223522E+02    6.251526E+05    4.203470E+01
  2.223822E+02    6.253221E+05    4.203475E+01
  2.224122E+02    6.254916E+05    4.203479E+01
  2.224422E+02    6.256612E+05    4.203484E+01
  2.224722E+02    6.258307E+05    4.203488E+01
  2.225023E+02    6.260003E+05    4.203492E+01
  2.225323E+02    6.261700E+05    4.203497E+01
  2.225623E+02    6.263396E+05    4.203501E+01
  2.225923E+02    6.265093E+05    4.203506E+01
  2.226223E+02    6.266790E+05    4.203510E+01
  2.226523E+02    6.268487E+05    4.203515E+01
  2.226823E+02    6.270184E+05    4.203519E+01
  2.227123E+02    6.271882E+05    4.203523E+01
  2.227423E+02    6.273580E+05    4.203528E+01
  2.227723E+02    6.275278E+05    4.203532E+01
  2.228023E+02    6.276976E+05    4.203537E+01
  2.228323E+02    6.278675E+05    4.203541E+01
  2.228623E+02    6.280373E+05    4.203545E+01
  2.228923E+02    6.282072E+05    4.203550E+01
  2.229223E+02    6.283771E+05    4.203554E+01
  2.229523E+02    6.285471E+05    4.203559E+01
  2.229823E+02    6.287171E+05    4.203563E+01
  2.230123E+02    6.288870E+05    4.203567E+01
  2.230423E+02    6.290571E+05    4.203572E+01
  2.230723E+02    6.292271E+05    4.203576E+01
  2.231023E+02    6.293972E+05    4.203581E+01
  2.231323E+02    6.295672E+05    4.203585E+01
  2.231623E+02    6.297373E+05    4.203589E+01
  2.231923E+02    6.299075E+05    4.203594E+01
  2.232223E+02    6.300776E+05    4.203598E+01
  2.232523E+02    6.302478E+05    4.203603E+01
  2.232823E+02    6.304180E+05    4.203607E+01
  2.233123E+02    6.305882E+05    4.203611E+01
  2.233423E+02    6.307585E+05    4.203616E+01
  2.233723E+02    6.309287E+05    4.203620E+01
  2.234023E+02    6.310990E+05    4.203625E+01
  2.234323E+02    6.312693E+05    4.203629E+01
  2.234623E+02    6.314397E+05    4.203633E+01
  2.234923E+02    6.316100E+05    4.203638E+01
  2.235224E+02    6.317804E+05    4.203642E+01
  2.235524E+02    6.319508E+05    4.203646E+01
  2.235824E+02    6.321212E+05    4.203651E+01
  2.236124E+02    6.322917E+05    4.203655E+01
  2.236424E+02    6.324622E+05    4.203660E+01
  2.236724E+02    6.326326E+05    4.203664E+01
  2.237024E+02    6.328032E+05    4.203668E+01
  2.237324E+02    6.329737E+05    4.203673E+01
  2.237624E+02    6.331443E+05    4.203677E+01
  2.237924E+02    6.333149E+05    4.203681E+01
  2.238224E+02    6.334855E+05    4.203686E+01
  2.238524E+02    6.336561E+05    4.203690E+01
  2.238824E+02    6.338268E+05    4.203695E+01
  2.239124E+02    6.339974E+05    4.203699E+01
  2.239424E+02    6.341681E+05    4.203703E+01
  2.239724E+02    6.343389E+05    4.203708E+01
  2.240024E+02    6.345096E+05    4.203712E+01
  2.240324E+02    6.346804E+05    4.203716E+01
  2.240624E+02    6.348512E+05    4.203721E+01
  2.240924E+02    6.350220E+05    4.203725E+01
  2.241224E+02    6.351928E+05    4.203730E+01
  2.241524E+02    6.353637E+05    4.203734E+01
  2.241824E+02    6.355346E+05    4.203738E+01
  2.242124E+02    6.357055E+05    4.203743E+01
  2.242424E+02    6.358764E+05    4.203747E+01
  2.242724E+02    6.360474E+05    4.203751E+01
  2.243024E+02    6.362184E+05    4.203756E+01
  2.243324E+02    6.363894E+05    4.203760E+01
  2.243624E+02    6.365604E+05    4.203764E+01
  2.243924E+02    6.367314E+05    4.203769E+01
  2.244224E+02    6.369025E+05    4.203773E+01
  2.244524E+02    6.370736E+05    4.203777E+01
  2.244824E+02    6.372447E+05    4.203782E+01
  2.245125E+02    6.374159E+05    4.203786E+01
  2.245425E+02    6.375870E+05    4.203790E+01
  2.245725E+02    6.377582E+05    4.203795E+01
  2.246025E+02    6.379294E+05    4.203799E+01
  2.246325E+02    6.381006E+05    4.203803E+01
  2.246625E+02    6.382719E+05    4.203808E+01
  2.246925E+02    6.384432E+05    4.203812E+01
  2.247225E+02    6.386145E+05    4.203816E+01
  2.247525E+02    6.387858E+05    4.203821E+01
  2.247825E+02    6.389571E+05    4.203825E+01
  2.248125E+02    6.391285E+05    4.203829E+01
  2.248425E+02    6.392999E+05    4.203834E+01
  2.248725E+02    6.394713E+05    4.203838E+01
  2.249025E+02    6.396428E+05    4.203842E+01
  2.249325E+02    6.398142E+05    4.203847E+01
  2.249625E+02    6.399857E+05    4.203851E+01
  2.249925E+02    6.401572E+05    4.203855E+01
  2.250225E+02    6.403287E+05    4.203860E+01
  2.250525E+02    6.405003E+05    4.203864E+01
  2.250825E+02    6.406719E+05    4.203868E+01
  2.251125E+02    6.408435E+05    4.203873E+01
  2.251425E+02    6.410151E+05    4.203877E+01
  2.251725E+02    6.411867E+05    4.203881E+01
  2.252025E+02    6.413584E+05    4.203886E+01
  2.252325E+02    6.415301E+05    4.203890E+01
  2.252625E+02    6.417018E+05    4.203894E+01
  2.252925E+02    6.418735E+05    4.203899E+01
  2.253225E+02    6.420453E+05    4.203903E+01
  2.253525E+02    6.422171E+05    4.203907E+01
  2.253825E+02    6.423889E+05    4.203912E+01
  2.254125E+02    6.425607E+05    4.203916E+01
  2.254425E+02    6.427326E+05    4.203920E+01
  2.254725E+02    6.429044E+05    4.203925E+01
  2.255026E+02    6.430763E+05    4.203929E+01
  2.255326E+02    6.432483E+05    4.203933E+01
  2.255626E+02    6.434202E+05    4.203937E+01
  2.255926E+02    6.435922E+05    4.203942E+01
  2.256226E+02    6.437642E+05    4.203946E+01
  2.256526E+02    6.439362E+05    4.203950E+01
  2.256826E+02    6.441082E+05    4.203955E+01
  2.257126E+02    6.442803E+05    4.203959E+01
  2.257426E+02    6.444524E+05    4.203963E+01
  2.257726E+02    6.446245E+05    4.203968E+01
  2.258026E+02    6.447966E+05    4.203972E+01
  2.258326E+02    6.449687E+05    4.203976E+01
  2.258626E+02    6.451409E+05    4.203980E+01
  2.258926E+02    6.453131E+05    4.203985E+01
  2.259226E+02    6.454853E+05    4.203989E+01
  2.259526E+02    6.456576E+05    4.203993E+01
  2.259826E+02    6.458298E+05    4.203998E+01
  2.260126E+02    6.460021E+05    4.204002E+01
  2.260426E+02    6.461744E+05    4.204006E+01
  2.260726E+02    6.463468E+05    4.204010E+01
  2.261026E+02    6.465191E+05    4.204015E+01
  2.261326E+02    6.466915E+05    4.204019E+01
  2.261626E+02    6.468639E+05    4.204023E+01
  2.261926E+02    6.470363E+05    4.204028E+01
  2.262226E+02    6.472088E+05    4.204032E+01
  2.262526E+02    6.473813E+05    4.204036E+01
  2.262826E+02    6.475537E+05    4.204040E+01
  2.263126E+02    6.477263E+05    4.204045E+01
  2.263426E+02    6.478988E+05    4.204049E+01
  2.263726E+02    6.480714E+05    4.204053E+01
  2.264026E+02    6.482440E+05    4.204057E+01
  2.264326E+02    6.484166E+05    4.204062E+01
  2.264626E+02    6.485892E+05    4.204066E+01
  2.264926E+02    6.487619E+05    4.204070E+01
  2.265227E+02    6.489345E+05    4.204075E+01
  2.265527E+02    6.491072E+05    4.204079E+01
  2.265827E+02    6.492800E+05    4.204083E+01
  2.266127E+02    6.494527E+05    4.204087E+01
  2.266427E+02    6.496255E+05    4.204092E+01
  2.266727E+02    6.497983E+05    4.204096E+01
  2.267027E+02    6.499711E+05    4.204100E+01
  2.267327E+02    6.501439E+05    4.204104E+01
  2.267627E+02    6.503168E+05    4.204109E+01
  2.267927E+02    6.504897E+05    4.204113E+01
  2.268227E+02    6.506626E+05    4.204117E+01
  2.268527E+02    6.508355E+05    4.204121E+01
  2.268827E+02    6.510085E+05    4.204126E+01
  2.269127E+02    6.511814E+05    4.204130E+01
  2.269427E+02    6.513544E+05    4.204134E+01
  2.269727E+02    6.515275E+05    4.204138E+01
  2.270027E+02    6.517005E+05    4.204143E+01
  2.270327E+02    6.518736E+05    4.204147E+01
  2.270627E+02    6.520467E+05    4.204151E+01
  2.270927E+02    6.522198E+05    4.204155E+01
  2.271227E+02    6.523929E+05    4.204160E+01
  2.271527E+02    6.525661E+05    4.204164E+01
  2.271827E+02    6.527393E+05    4.204168E+01
  2.272127E+02    6.529125E+05    4.204172E+01
  2.272427E+02    6.530857E+05    4.204177E+01
  2.272727E+02    6.532590E+05    4.204181E+01
  2.273027E+02    6.534322E+05    4.204185E+01
  2.273327E+02    6.536055E+05    4.204189E+01
  2.273627E+02    6.537789E+05    4.204194E+01
  2.273927E+02    6.539522E+05    4.204198E+01
  2.274227E+02    6.541256E+05    4.204202E+01
  2.274527E+02    6.542990E+05    4.204206E+01
  2.274827E+02    6.544724E+05    4.204211E+01
  2.275128E+02    6.546458E+05    4.204215E+01
  2.275428E+02    6.548193E+05    4.204219E+01
  2.275728E+02    6.549928E+05    4.204223E+01
  2.276028E+02    6.551663E+05    4.204227E+01
  2.276328E+02    6.553398E+05    4.204232E+01
  2.276628E+02    6.555133E+05    4.204236E+01
  2.276928E+02    6.556869E+05    4.204240E+01
  2.277228E+02    6.558605E+05    4.204244E+01
  2.277528E+02    6.560341E+05    4.204249E+01
  2.277828E+02    6.562078E+05    4.204253E+01
  2.278128E+02    6.563815E+05    4.204257E+01
  2.278428E+02    6.565551E+05    4.204261E+01
  2.278728E+02    6.567289E+05    4.204265E+01
  2.279028E+02    6.569026E+05    4.204270E+01
  2.279328E+02    6.570764E+05    4.204274E+01
  2.279628E+02    6.572501E+05    4.204278E+01
  2.279928E+02    6.574239E+05    4.204282E+01
  2.280228E+02    6.575978E+05    4.204286E+01
  2.280528E+02    6.577716E+05    4.204291E+01
  2.280828E+02    6.579455E+05    4.204295E+01
  2.281128E+02    6.581194E+05    4.204299E+01
  2.281428E+02    6.582933E+05    4.204303E+01
  2.281728E+02    6.584672E+05    4.204308E+01
  2.282028E+02    6.586412E+05    4.204312E+01
  2.282328E+02    6.588152E+05    4.204316E+01
  2.282628E+02    6.589892E+05    4.204320E+01
  2.282928E+02    6.591632E+05    4.204324E+01
  2.283228E+02    6.593373E+05    4.204329E+01
  2.283528E+02    6.595114E+05    4.204333E+01
  2.283828E+02    6.596855E+05    4.204337E+01
  2.284128E+02    6.598596E+05    4.204341E+01
  2.284428E+02    6.600338E+05    4.204345E+01
  2.284728E+02    6.602079E+05    4.204350E+01
  2.285029E+02    6.603821E+05    4.204354E+01
  2.285329E+02    6.605563E+05    4.204358E+01
  2.285629E+02    6.607306E+05    4.204362E+01
  2.285929E+02    6.609049E+05    4.204366E+01
  2.286229E+02    6.610791E+05    4.204370E+01
  2.286529E+02    6.612535E+05    4.204375E+01
  2.286829E+02    6.614278E+05    4.204379E+01
  2.287129E+02    6.616021E+05    4.204383E+01
  2.287429E+02    6.617765E+05    4.204387E+01
  2.287729E+02    6.619509E+05    4.204391E+01
  2.288029E+02    6.621253E+05    4.204396E+01
  2.288329E+02    6.622998E+05    4.204400E+01
  2.288629E+02    6.624743E+05    4.204404E+01
  2.288929E+02    6.626488E+05    4.204408E+01
  2.289229E+02    6.628233E+05    4.204412E+01
  2.289529E+02    6.629978E+05    4.204416E+01
  2.289829E+02    6.631724E+05    4.204421E+01
  2.290129E+02    6.633470E+05    4.204425E+01
  2.290429E+02    6.635216E+05    4.204429E+01
  2.290729E+02    6.636962E+05    4.204433E+01
  2.291029E+02    6.638709E+05    4.204437E+01
  2.291329E+02    6.640455E+05    4.204442E+01
  2.291629E+02    6.642202E+05    4.204446E+01
  2.291929E+02    6.643950E+05    4.204450E+01
  2.292229E+02    6.645697E+05    4.204454E+01
  2.292529E+02    6.647445E+05    4.204458E+01
  2.292829E+02    6.649193E+05    4.204462E+01
  2.293129E+02    6.650941E+05    4.204467E+01
  2.293429E+02    6.652689E+05    4.204471E+01
  2.293729E+02    6.654438E+05    4.204475E+01
  2.294029E+02    6.656187E+05    4.204479E+01
  2.294329E+02    6.657936E+05    4.204483E+01
  2.294629E+02    6.659685E+05    4.204487E+01
  2.294929E+02    6.661435E+05    4.204491E+01
  2.295230E+02    6.663184E+05    4.204496E+01
  2.295530E+02    6.664934E+05    4.204500E+01
  2.295830E+02    6.666685E+05    4.204504E+01
  2.296130E+02    6.668435E+05    4.204508E+01
  2.296430E+02    6.670186E+05    4.204512E+01
  2.296730E+02    6.671937E+05    4.204516E+01
  2.297030E+02    6.673688E+05    4.204521E+01
  2.297330E+02    6.675439E+05    4.204525E+01
  2.297630E+02    6.677191E+05    4.204529E+01
  2.297930E+02    6.678943E+05    4.204533E+01
  2.298230E+02    6.680695E+05    4.204537E+01
  2.298530E+02    6.682447E+05    4.204541E+01
  2.298830E+02    6.684200E+05    4.204545E+01
  2.299130E+02    6.685952E+05    4.204550E+01
  2.299430E+02    6.687705E+05    4.204554E+01
  2.299730E+02    6.689458E+05    4.204558E+01
  2.300030E+02    6.691212E+05    4.204562E+01
  2.300330E+02    6.692966E+05    4.204566E+01
  2.300630E+02    6.694719E+05    4.204570E+01
  2.300930E+02    6.696474E+05    4.204574E+01
  2.301230E+02    6.698228E+05    4.204579E+01
  2.301530E+02    6.699983E+05    4.204583E+01
  2.301830E+02    6.701737E+05    4.204587E+01
  2.302130E+02    6.703492E+05    4.204591E+01
  2.302430E+02    6.705248E+05    4.204595E+01
  2.302730E+02    6.707003E+05    4.204599E+01
  2.303030E+02    6.708759E+05    4.204603E+01
  2.303330E+02    6.710515E+05    4.204607E+01
  2.303630E+02    6.712271E+05    4.204612E+01
  2.303930E+02    6.714028E+05    4.204616E+01
  2.304230E+02    6.715784E+05    4.204620E+01
  2.304530E+02    6.717541E+05    4.204624E+01
  2.304830E+02    6.719298E+05    4.204628E+01
  2.305131E+02    6.721056E+05    4.204632E+01
  2.305431E+02    6.722813E+05    4.204636E+01
  2.305731E+02    6.724571E+05    4.204640E+01
  2.306031E+02    6.726329E+05    4.204645E+01
  2.306331E+02    6.728087E+05    4.204649E+01
  2.306631E+02    6.729846E+05    4.204653E+01
  2.306931E+02    6.731604E+05    4.204657E+01
  2.307231E+02    6.733363E+05    4.204661E+01
  2.307531E+02    6.735123E+05    4.204665E+01
  2.307831E+02    6.736882E+05    4.204669E+01
  2.308131E+02    6.738642E+05    4.204673E+01
  2.308431E+02    6.740402E+05    4.204677E+01
  2.308731E+02    6.742162E+05    4.204682E+01
  2.309031E+02    6.743922E+05    4.204686E+01
  2.309331E+02    6.745683E+05    4.204690E+01
  2.309631E+02    6.747443E+05    4.204694E+01
  2.309931E+02    6.749204E+05    4.204698E+01
  2.310231E+02    6.750966E+05    4.204702E+01
  2.310531E+02    6.752727E+05    4.204706E+01
  2.310831E+02    6.754489E+05    4.204710E+01
  2.311131E+02    6.756251E+05    4.204714E+01
  2.311431E+02    6.758013E+05    4.204718E+01
  2.311731E+02    6.759775E+05    4.204723E+01
  2.312031E+02    6.761538E+05    4.204727E+01
  2.312331E+02    6.763301E+05    4.204731E+01
  2.312631E+02    6.765064E+05    4.204735E+01
  2.312931E+02    6.766827E+05    4.204739E+01
  2.313231E+02    6.768591E+05    4.204743E+01
  2.313531E+02    6.770355E+05    4.204747E+01
  2.313831E+02    6.772119E+05    4.204751E+01
  2.314131E+02    6.773883E+05    4.204755E+01
  2.314431E+02    6.775647E+05    4.204759E+01
  2.314731E+02    6.777412E+05    4.204763E+01
  2.315032E+02    6.779177E+05    4.204768E+01
  2.315332E+02    6.780942E+05    4.204772E+01
  2.315632E+02    6.782707E+05    4.204776E+01
  2.315932E+02    6.784473E+05    4.204780E+01
  2.316232E+02    6.786239E+05    4.204784E+01
  2.316532E+02    6.788005E+05    4.204788E+01
  2.316832E+02    6.789771E+05    4.204792E+01
  2.317132E+02    6.791538E+05    4.204796E+01
  2.317432E+02    6.793305E+05    4.204800E+01
  2.317732E+02    6.795072E+05    4.204804E+01
  2.318032E+02    6.796839E+05    4.204808E+01
  2.318332E+02    6.798606E+05    4.204812E+01
  2.318632E+02    6.800374E+05    4.204817E+01
  2.318932E+02    6.802142E+05    4.204821E+01
  2.319232E+02    6.803910E+05    4.204825E+01
  2.319532E+02    6.805678E+05    4.204829E+01
  2.319832E+02    6.807447E+05    4.204833E+01
  2.320132E+02    6.809216E+05    4.204837E+01
  2.320432E+02    6.810985E+05    4.204841E+01
  2.320732E+02    6.812754E+05    4.204845E+01
  2.321032E+02    6.814524E+05    4.204849E+01
  2.321332E+02    6.816294E+05    4.204853E+01
  2.321632E+02    6.818064E+05    4.204857E+01
  2.321932E+02    6.819834E+05    4.204861E+01
  2.322232E+02    6.821604E+05    4.204865E+01
  2.322532E+02    6.823375E+05    4.204869E+01
  2.322832E+02    6.825146E+05    4.204873E+01
  2.323132E+02    6.826917E+05    4.204877E+01
  2.323432E+02    6.828688E+05    4.204882E+01
  2.323732E+02    6.830460E+05    4.204886E+01
  2.324032E+02    6.832232E+05    4.204890E+01
  2.324332E+02    6.834004E+05    4.204894E+01
  2.324632E+02    6.835776E+05    4.204898E+01
  2.324932E+02    6.837549E+05    4.204902E+01
  2.325233E+02    6.839321E+05    4.204906E+01
  2.325533E+02    6.841094E+05    4.204910E+01
  2.325833E+02    6.842867E+05    4.204914E+01
  2.326133E+02    6.844641E+05    4.204918E+01
  2.326433E+02    6.846415E+05    4.204922E+01
  2.326733E+02    6.848188E+05    4.204926E+01
  2.327033E+02    6.849963E+05    4.204930E+01
  2.327333E+02    6.851737E+05    4.204934E+01
  2.327633E+02    6.853512E+05    4.204938E+01
  2.327933E+02    6.855286E+05    4.204942E+01
  2.328233E+02    6.857061E+05    4.204946E+01
  2.328533E+02    6.858837E+05    4.204950E+01
  2.328833E+02    6.860612E+05    4.204954E+01
  2.329133E+02    6.862388E+05    4.204958E+01
  2.329433E+02    6.864164E+05    4.204962E+01
  2.329733E+02    6.865940E+05    4.204966E+01
  2.330033E+02    6.867716E+05    4.204970E+01
  2.330333E+02    6.869493E+05    4.204975E+01
  2.330633E+02    6.871270E+05    4.204979E+01
  2.330933E+02    6.873047E+05    4.204983E+01
  2.331233E+02    6.874824E+05    4.204987E+01
  2.331533E+02    6.876602E+05    4.204991E+01
  2.331833E+02    6.878380E+05    4.204995E+01
  2.332133E+02    6.880158E+05    4.204999E+01
  2.332433E+02    6.881936E+05    4.205003E+01
  2.332733E+02    6.883715E+05    4.205007E+01
  2.333033E+02    6.885493E+05    4.205011E+01
  2.333333E+02    6.887272E+05    4.205015E+01
  2.333633E+02    6.889051E+05    4.205019E+01
  2.333933E+02    6.890831E+05    4.205023E+01
  2.334233E+02    6.892610E+05    4.205027E+01
  2.334533E+02    6.894390E+05    4.205031E+01
  2.334833E+02    6.896170E+05    4.205035E+01
  2.335134E+02    6.897951E+05    4.205039E+01
  2.335434E+02    6.899731E+05    4.205043E+01
  2.335734E+02    6.901512E+05    4.205047E+01
  2.336034E+02    6.903293E+05    4.205051E+01
  2.336334E+02    6.905074E+05    4.205055E+01
  2.336634E+02    6.906856E+05    4.205059E+01
  2.336934E+02    6.908637E+05    4.205063E+01
  2.337234E+02    6.910419E+05    4.205067E+01
  2.337534E+02    6.912202E+05    4.205071E+01
  2.337834E+02    6.913984E+05    4.205075E+01
  2.338134E+02    6.915767E+05    4.205079E+01
  2.338434E+02    6.917549E+05    4.205083E+01
  2.338734E+02    6.919333E+05    4.205087E+01
  2.339034E+02    6.921116E+05    4.205091E+01
  2.339334E+02    6.922899E+05    4.205095E+01
  2.339634E+02    6.924683E+05    4.205099E+01
  2.339934E+02    6.926467E+05    4.205103E+01
  2.340234E+02    6.928251E+05    4.205107E+01
  2.340534E+02    6.930036E+05    4.205111E+01
  2.340834E+02    6.931821E+05    4.205115E+01
  2.341134E+02    6.933605E+05    4.205119E+01
  2.341434E+02    6.935391E+05    4.205123E+01
  2.341734E+02    6.937176E+05    4.205127E+01
  2.342034E+02    6.938962E+05    4.205131E+01
  2.342334E+02    6.940747E+05    4.205135E+01
  2.342634E+02    6.942534E+05    4.205139E+01
  2.342934E+02    6.944320E+05    4.205143E+01
  2.343234E+02    6.946106E+05    4.205147E+01
  2.343534E+02    6.947893E+05    4.205151E+01
  2.343834E+02    6.949680E+05    4.205155E+01
  2.344134E+02    6.951467E+05    4.205159E+01
  2.344434E+02    6.953255E+05    4.205163E+01
  2.344734E+02    6.955042E+05    4.205167E+01
  2.345035E+02    6.956830E+05    4.205171E+01
  2.345335E+02    6.958619E+05    4.205175E+01
  2.345635E+02    6.960407E+05    4.205179E+01
  2.345935E+02    6.962195E+05    4.205183E+01
  2.346235E+02    6.963984E+05    4.205187E+01
  2.346535E+02    6.965773E+05    4.205191E+01
  2.346835E+02    6.967563E+05    4.205195E+01
  2.347135E+02    6.969352E+05    4.205199E+01
  2.347435E+02    6.971142E+05    4.205203E+01
  2.347735E+02    6.972932E+05    4.205207E+01
  2.348035E+02    6.974722E+05    4.205211E+01
  2.348335E+02    6.976513E+05    4.205215E+01
  2.348635E+02    6.978303E+05    4.205218E+01
  2.348935E+02    6.980094E+05    4.205222E+01
  2.349235E+02    6.981885E+05    4.205226E+01
  2.349535E+02    6.983677E+05    4.205230E+01
  2.349835E+02    6.985468E+05    4.205234E+01
  2.350135E+02    6.987260E+05    4.205238E+01
  2.350435E+02    6.989052E+05    4.205242E+01
  2.350735E+02    6.990844E+05    4.205246E+01
  2.351035E+02    6.992637E+05    4.205250E+01
  2.351335E+02    6.994430E+05    4.205254E+01
  2.351635E+02    6.996222E+05    4.205258E+01
  2.351935E+02    6.998016E+05    4.205262E+01
  2.352235E+02    6.999809E+05    4.205266E+01
  2.352535E+02    7.001603E+05    4.205270E+01
  2.352835E+02    7.003397E+05    4.205274E+01
  2.353135E+02    7.005191E+05    4.205278E+01
  2.353435E+02    7.006985E+05    4.205282E+01
  2.353735E+02    7.008780E+05    4.205286E+01
  2.354035E+02    7.010574E+05    4.205290E+01
  2.354335E+02    7.012369E+05    4.205294E+01
  2.354635E+02    7.014165E+05    4.205298E+01
  2.354935E+02    7.015960E+05    4.205302E+01
  2.355236E+02    7.017756E+05    4.205306E+01
  2.355536E+02    7.019552E+05    4.205309E+01
  2.355836E+02    7.021348E+05    4.205313E+01
  2.356136E+02    7.023145E+05    4.205317E+01
  2.356436E+02    7.024941E+05    4.205321E+01
  2.356736E+02    7.026738E+05    4.205325E+01
  2.357036E+02    7.028535E+05    4.205329E+01
  2.357336E+02    7.030332E+05    4.205333E+01
  2.357636E+02    7.032130E+05    4.205337E+01
  2.357936E+02    7.033928E+05    4.205341E+01
  2.358236E+02    7.035726E+05    4.205345E+01
  2.358536E+02    7.037524E+05    4.205349E+01
  2.358836E+02    7.039323E+05    4.205353E+01
  2.359136E+02    7.041121E+05    4.205357E+01
  2.359436E+02    7.042920E+05    4.205361E+01
  2.359736E+02    7.044719E+05    4.205365E+01
  2.360036E+02    7.046519E+05    4.205369E+01
  2.360336E+02    7.048318E+05    4.205372E+01
  2.360636E+02    7.050118E+05    4.205376E+01
  2.360936E+02    7.051918E+05    4.205380E+01
  2.361236E+02    7.053719E+05    4.205384E+01
  2.361536E+02    7.055519E+05    4.205388E+01
  2.361836E+02    7.057320E+05    4.205392E+01
  2.362136E+02    7.059121E+05    4.205396E+01
  2.362436E+02    7.060922E+05    4.205400E+01
  2.362736E+02    7.062724E+05    4.205404E+01
  2.363036E+02    7.064525E+05    4.205408E+01
  2.363336E+02    7.066327E+05    4.205412E+01
  2.363636E+02    7.068129E+05    4.205416E+01
  2.363936E+02    7.069932E+05    4.205420E+01
  2.364236E+02    7.071734E+05    4.205423E+01
  2.364536E+02    7.073537E+05    4.205427E+01
  2.364836E+02    7.075340E+05    4.205431E+01
  2.365137E+02    7.077144E+05    4.205435E+01
  2.365437E+02    7.078947E+05    4.205439E+01
  2.365737E+02    7.080751E+05    4.205443E+01
  2.366037E+02    7.082555E+05    4.205447E+01
  2.366337E+02    7.084359E+05    4.205451E+01
  2.366637E+02    7.086164E+05    4.205455E+01
  2.366937E+02    7.087968E+05    4.205459E+01
  2.367237E+02    7.089773E+05    4.205463E+01
  2.367537E+02    7.091578E+05    4.205466E+01
  2.367837E+02    7.093384E+05    4.205470E+01
  2.368137E+02    7.095189E+05    4.205474E+01
  2.368437E+02    7.096995E+05    4.205478E+01
  2.368737E+02    7.098801E+05    4.205482E+01
  2.369037E+02    7.100608E+05    4.205486E+01
  2.369337E+02    7.102414E+05    4.205490E+01
  2.369637E+02    7.104221E+05    4.205494E+01
  2.369937E+02    7.106028E+05    4.205498E+01
  2.370237E+02    7.107835E+05    4.205502E+01
  2.370537E+02    7.109642E+05    4.205505E+01
  2.370837E+02    7.111450E+05    4.205509E+01
  2.371137E+02    7.113258E+05    4.205513E+01
  2.371437E+02    7.115066E+05    4.205517E+01
  2.371737E+02    7.116874E+05    4.205521E+01
  2.372037E+02    7.118683E+05    4.205525E+01
  2.372337E+02    7.120492E+05    4.205529E+01
  2.372637E+02    7.122301E+05    4.205533E+01
  2.372937E+02    7.124110E+05    4.205537E+01
  2.373237E+02    7.125920E+05    4.205541E+01
  2.373537E+02    7.127729E+05    4.205544E+01
  2.373837E+02    7.129539E+05    4.205548E+01
  2.374137E+02    7.131350E+05    4.205552E+01
  2.374437E+02    7.133160E+05    4.205556E+01
  2.374737E+02    7.134971E+05    4.205560E+01
  2.375038E+02    7.136782E+05    4.205564E+01
  2.375338E+02    7.138593E+05    4.205568E+01
  2.375638E+02    7.140404E+05    4.205572E+01
  2.375938E+02    7.142216E+05    4.205575E+01
  2.376238E+02    7.144027E+05    4.205579E+01
  2.376538E+02    7.145839E+05    4.205583E+01
  2.376838E+02    7.147652E+05    4.205587E+01
  2.377138E+02    7.149464E+05    4.205591E+01
  2.377438E+02    7.151277E+05    4.205595E+01
  2.377738E+02    7.153090E+05    4.205599E+01
  2.378038E+02    7.154903E+05    4.205603E+01
  2.378338E+02    7.156716E+05    4.205606E+01
  2.378638E+02    7.158530E+05    4.205610E+01
  2.378938E+02    7.160344E+05    4.205614E+01
  2.379238E+02    7.162158E+05    4.205618E+01
  2.379538E+02    7.163972E+05    4.205622E+01
  2.379838E+02    7.165787E+05    4.205626E+01
  2.380138E+02    7.167602E+05    4.205630E+01
  2.380438E+02    7.169417E+05    4.205633E+01
  2.380738E+02    7.171232E+05    4.205637E+01
  2.381038E+02    7.173048E+05    4.205641E+01
  2.381338E+02    7.174863E+05    4.205645E+01
  2.381638E+02    7.176679E+05    4.205649E+01
  2.381938E+02    7.178495E+05    4.205653E+01
  2.382238E+02    7.180312E+05    4.205657E+01
  2.382538E+02    7.182128E+05    4.205661E+01
  2.382838E+02    7.183945E+05    4.205664E+01
  2.383138E+02    7.185762E+05    4.205668E+01
  2.383438E+02    7.187580E+05    4.205672E+01
  2.383738E+02    7.189397E+05    4.205676E+01
  2.384038E+02    7.191215E+05    4.205680E+01
  2.384338E+02    7.193033E+05    4.205684E+01
  2.384638E+02    7.194851E+05    4.205687E+01
  2.384938E+02    7.196670E+05    4.205691E+01
  2.385239E+02    7.198488E+05    4.205695E+01
  2.385539E+02    7.200307E+05    4.205699E+01
  2.385839E+02    7.202127E+05    4.205703E+01
  2.386139E+02    7.203946E+05    4.205707E+01
  2.386439E+02    7.205766E+05    4.205711E+01
  2.386739E+02    7.207585E+05    4.205714E+01
  2.387039E+02    7.209405E+05    4.205718E+01
  2.387339E+02    7.211226E+05    4.205722E+01
  2.387639E+02    7.213046E+05    4.205726E+01
  2.387939E+02    7.214867E+05    4.205730E+01
  2.388239E+02    7.216688E+05    4.205734E+01
  2.388539E+02    7.218509E+05    4.205737E+01
  2.388839E+02    7.220331E+05    4.205741E+01
  2.389139E+02    7.222152E+05    4.205745E+01
  2.389439E+02    7.223974E+05    4.205749E+01
  2.389739E+02    7.225796E+05    4.205753E+01
  2.390039E+02    7.227619E+05    4.205757E+01
  2.390339E+02    7.229441E+05    4.205760E+01
  2.390639E+02    7.231264E+05    4.205764E+01
  2.390939E+02    7.233087E+05    4.205768E+01
  2.391239E+02    7.234911E+05    4.205772E+01
  2.391539E+02    7.236734E+05    4.205776E+01
  2.391839E+02    7.238558E+05    4.205780E+01
  2.392139E+02    7.240382E+05    4.205783E+01
  2.392439E+02    7.242206E+05    4.205787E+01
  2.392739E+02    7.244031E+05    4.205791E+01
  2.393039E+02    7.245855E+05    4.205795E+01
  2.393339E+02    7.247680E+05    4.205799E+01
  2.393639E+02    7.249505E+05    4.205803E+01
  2.393939E+02    7.251331E+05    4.205806E+01
  2.394239E+02    7.253156E+05    4.205810E+01
  2.394539E+02    7.254982E+05    4.205814E+01
  2.394839E+02    7.256808E+05    4.205818E+01
  2.395140E+02    7.258634E+05    4.205822E+01
  2.395440E+02    7.260461E+05    4.205825E+01
  2.395740E+02    7.262288E+05    4.205829E+01
  2.396040E+02    7.264115E+05    4.205833E+01
  2.396340E+02    7.265942E+05    4.205837E+01
  2.396640E+02    7.267769E+05    4.205841E+01
  2.396940E+02    7.269597E+05    4.205844E+01
  2.397240E+02    7.271425E+05    4.205848E+01
  2.397540E+02    7.273253E+05    4.205852E+01
  2.397840E+02    7.275081E+05    4.205856E+01
  2.398140E+02    7.276910E+05    4.205860E+01
  2.398440E+02    7.278739E+05    4.205864E+01
  2.398740E+02    7.280568E+05    4.205867E+01
  2.399040E+02    7.282397E+05    4.205871E+01
  2.399340E+02    7.284226E+05    4.205875E+01
  2.399640E+02    7.286056E+05    4.205879E+01
  2.399940E+02    7.287886E+05    4.205883E+01
  2.400240E+02    7.289716E+05    4.205886E+01
  2.400540E+02    7.291547E+05    4.205890E+01
  2.400840E+02    7.293377E+05    4.205894E+01
  2.401140E+02    7.295208E+05    4.205898E+01
  2.401440E+02    7.297039E+05    4.205902E+01
  2.401740E+02    7.298871E+05    4.205905E+01
  2.402040E+02    7.300702E+05    4.205909E+01
  2.402340E+02    7.302534E+05    4.205913E+01
  2.402640E+02    7.304366E+05    4.205917E+01
  2.402940E+02    7.306198E+05    4.205920E+01
  2.403240E+02    7.308031E+05    4.205924E+01
  2.403540E+02    7.309864E+05    4.205928E+01
  2.403840E+02    7.311696E+05    4.205932E+01
  2.404140E+02    7.313530E+05    4.205936E+01
  2.404440E+02    7.315363E+05    4.205939E+01
  2.404740E+02    7.317197E+05    4.205943E+01
  2.405041E+02    7.319031E+05    4.205947E+01
  2.405341E+02    7.320865E+05    4.205951E+01
  2.405641E+02    7.322699E+05    4.205955E+01
  2.405941E+02    7.324534E+05    4.205958E+01
  2.406241E+02    7.326368E+05    4.205962E+01
  2.406541E+02    7.328203E+05    4.205966E+01
  2.406841E+02    7.330039E+05    4.205970E+01
  2.407141E+02    7.331874E+05    4.205973E+01
  2.407441E+02    7.333710E+05    4.205977E+01
  2.407741E+02    7.335546E+05    4.205981E+01
  2.408041E+02    7.337382E+05    4.205985E+01
  2.408341E+02    7.339218E+05    4.205989E+01
  2.408641E+02    7.341055E+05    4.205992E+01
  2.408941E+02    7.342892E+05    4.205996E+01
  2.409241E+02    7.344729E+05    4.206000E+01
  2.409541E+02    7.346566E+05    4.206004E+01
  2.409841E+02    7.348404E+05    4.206007E+01
  2.410141E+02    7.350241E+05    4.206011E+01
  2.410441E+02    7.352079E+05    4.206015E+01
  2.410741E+02    7.353918E+05    4.206019E+01
  2.411041E+02    7.355756E+05    4.206022E+01
  2.411341E+02    7.357595E+05    4.206026E+01
  2.411641E+02    7.359434E+05    4.206030E+01
  2.411941E+02    7.361273E+05    4.206034E+01
  2.412241E+02    7.363112E+05    4.206038E+01
  2.412541E+02    7.364952E+05    4.206041E+01
  2.412841E+02    7.366792E+05    4.206045E+01
  2.413141E+02    7.368632E+05    4.206049E+01
  2.413441E+02    7.370472E+05    4.206053E+01
  2.413741E+02    7.372313E+05    4.206056E+01
  2.414041E+02    7.374153E+05    4.206060E+01
  2.414341E+02    7.375994E+05    4.206064E+01
  2.414641E+02    7.377836E+05    4.206068E+01
  2.414941E+02    7.379677E+05    4.206071E+01
  2.415242E+02    7.381519E+05    4.206075E+01
  2.415542E+02    7.383361E+05    4.206079E+01
  2.415842E+02    7.385203E+05    4.206083E+01
  2.416142E+02    7.387045E+05    4.206086E+01
  2.416442E+02    7.388888E+05    4.206090E+01
  2.416742E+02    7.390730E+05    4.206094E+01
  2.417042E+02    7.392574E+05    4.206098E+01
  2.417342E+02    7.394417E+05    4.206101E+01
  2.417642E+02    7.396260E+05    4.206105E+01
  2.417942E+02    7.398104E+05    4.206109E+01
  2.418242E+02    7.399948E+05    4.206113E+01
  2.418542E+02    7.401792E+05    4.206116E+01
  2.418842E+02    7.403637E+05    4.206120E+01
  2.419142E+02    7.405481E+05    4.206124E+01
  2.419442E+02    7.407326E+05    4.206128E+01
  2.419742E+02    7.409171E+05    4.206131E+01
  2.420042E+02    7.411017E+05    4.206135E+01
  2.420342E+02    7.412862E+05    4.206139E+01
  2.420642E+02    7.414708E+05    4.206142E+01
  2.420942E+02    7.416554E+05    4.206146E+01
  2.421242E+02    7.418400E+05    4.206150E+01
  2.421542E+02    7.420247E+05    4.206154E+01
  2.421842E+02    7.422094E+05    4.206157E+01
  2.422142E+02    7.423941E+05    4.206161E+01
  2.422442E+02    7.425788E+05    4.206165E+01
  2.422742E+02    7.427635E+05    4.206169E+01
  2.423042E+02    7.429483E+05    4.206172E+01
  2.423342E+02    7.431331E+05    4.206176E+01
  2.423642E+02    7.433179E+05    4.206180E+01
  2.423942E+02    7.435027E+05    4.206183E+01
  2.424242E+02    7.436876E+05    4.206187E+01
  2.424542E+02    7.438725E+05    4.206191E+01
  2.424842E+02    7.440574E+05    4.206195E+01
  2.425143E+02    7.442423E+05    4.206198E+01
  2.425443E+02    7.444272E+05    4.206202E+01
  2.425743E+02    7.446122E+05    4.206206E+01
  2.426043E+02    7.447972E+05    4.206210E+01
  2.426343E+02    7.449822E+05    4.206213E+01
  2.426643E+02    7.451673E+05    4.206217E+01
  2.426943E+02    7.453523E+05    4.206221E+01
  2.427243E+02    7.455374E+05    4.206224E+01
  2.427543E+02    7.457225E+05    4.206228E+01
  2.427843E+02    7.459077E+05    4.206232E+01
  2.428143E+02    7.460928E+05    4.206236E+01
  2.428443E+02    7.462780E+05    4.206239E+01
  2.428743E+02    7.464632E+05    4.206243E+01
  2.429043E+02    7.466484E+05    4.206247E+01
  2.429343E+02    7.468337E+05    4.206250E+01
  2.429643E+02    7.470189E+05    4.206254E+01
  2.429943E+02    7.472042E+05    4.206258E+01
  2.430243E+02    7.473895E+05    4.206262E+01
  2.430543E+02    7.475749E+05    4.206265E+01
  2.430843E+02    7.477602E+05    4.206269E+01
  2.431143E+02    7.479456E+05    4.206273E+01
  2.431443E+02    7.481310E+05    4.206276E+01
  2.431743E+02    7.483165E+05    4.206280E+01
  2.432043E+02    7.485019E+05    4.206284E+01
  2.432343E+02    7.486874E+05    4.206287E+01
  2.432643E+02    7.488729E+05    4.206291E+01
  2.432943E+02    7.490584E+05    4.206295E+01
  2.433243E+02    7.492440E+05    4.206299E+01
  2.433543E+02    7.494295E+05    4.206302E+01
  2.433843E+02    7.496151E+05    4.206306E+01
  2.434143E+02    7.498008E+05    4.206310E+01
  2.434443E+02    7.499864E+05    4.206313E+01
  2.434743E+02    7.501720E+05    4.206317E+01
  2.435044E+02    7.503577E+05    4.206321E+01
  2.435344E+02    7.505434E+05    4.206324E+01
  2.435644E+02    7.507292E+05    4.206328E+01
  2.435944E+02    7.509149E+05    4.206332E+01
  2.436244E+02    7.511007E+05    4.206335E+01
  2.436544E+02    7.512865E+05    4.206339E+01
  2.436844E+02    7.514723E+05    4.206343E+01
  2.437144E+02    7.516582E+05    4.206346E+01
  2.437444E+02    7.518440E+05    4.206350E+01
  2.437744E+02    7.520299E+05    4.206354E+01
  2.438044E+02    7.522158E+05    4.206358E+01
  2.438344E+02    7.524018E+05    4.206361E+01
  2.438644E+02    7.525877E+05    4.206365E+01
  2.438944E+02    7.527737E+05    4.206369E+01
  2.439244E+02    7.529597E+05    4.206372E+01
  2.439544E+02    7.531458E+05    4.206376E+01
  2.439844E+02    7.533318E+05    4.206380E+01
  2.440144E+02    7.535179E+05    4.206383E+01
  2.440444E+02    7.537040E+05    4.206387E+01
  2.440744E+02    7.538901E+05    4.206391E+01
  2.441044E+02    7.540762E+05    4.206394E+01
  2.441344E+02    7.542624E+05    4.206398E+01
  2.441644E+02    7.544486E+05    4.206402E+01
  2.441944E+02    7.546348E+05    4.206405E+01
  2.442244E+02    7.548210E+05    4.206409E+01
  2.442544E+02    7.550073E+05    4.206413E+01
  2.442844E+02    7.551936E+05    4.206416E+01
  2.443144E+02    7.553799E+05    4.206420E+01
  2.443444E+02    7.555662E+05    4.206424E+01
  2.443744E+02    7.557526E+05    4.206427E+01
  2.444044E+02    7.559389E+05    4.206431E+01
  2.444344E+02    7.561253E+05    4.206435E+01
  2.444644E+02    7.563118E+05    4.206438E+01
  2.444944E+02    7.564982E+05    4.206442E+01
  2.445245E+02    7.566847E+05    4.206446E+01
  2.445545E+02    7.568712E+05    4.206449E+01
  2.445845E+02    7.570577E+05    4.206453E+01
  2.446145E+02    7.572442E+05    4.206457E+01
  2.446445E+02    7.574308E+05    4.206460E+01
  2.446745E+02    7.576173E+05    4.206464E+01
  2.447045E+02    7.578039E+05    4.206468E+01
  2.447345E+02    7.579906E+05    4.206471E+01
  2.447645E+02    7.581772E+05    4.206475E+01
  2.447945E+02    7.583639E+05    4.206479E+01
  2.448245E+02    7.585506E+05    4.206482E+01
  2.448545E+02    7.587373E+05    4.206486E+01
  2.448845E+02    7.589240E+05    4.206489E+01
  2.449145E+02    7.591108E+05    4.206493E+01
  2.449445E+02    7.592976E+05    4.206497E+01
  2.449745E+02    7.594844E+05    4.206500E+01
  2.450045E+02    7.596712E+05    4.206504E+01
  2.450345E+02    7.598581E+05    4.206508E+01
  2.450645E+02    7.600450E+05    4.206511E+01
  2.450945E+02    7.602319E+05    4.206515E+01
  2.451245E+02    7.604188E+05    4.206519E+01
  2.451545E+02    7.606057E+05    4.206522E+01
  2.451845E+02    7.607927E+05    4.206526E+01
  2.452145E+02    7.609797E+05    4.206530E+01
  2.452445E+02    7.611667E+05    4.206533E+01
  2.452745E+02    7.613538E+05    4.206537E+01
  2.453045E+02    7.615408E+05    4.206540E+01
  2.453345E+02    7.617279E+05    4.206544E+01
  2.453645E+02    7.619150E+05    4.206548E+01
  2.453945E+02    7.621022E+05    4.206551E+01
  2.454245E+02    7.622893E+05    4.206555E+01
  2.454545E+02    7.624765E+05    4.206559E+01
  2.454845E+02    7.626637E+05    4.206562E+01
  2.455146E+02    7.628509E+05    4.206566E+01
  2.455446E+02    7.630382E+05    4.206570E+01
  2.455746E+02    7.632254E+05    4.206573E+01
  2.456046E+02    7.634127E+05    4.206577E+01
  2.456346E+02    7.636000E+05    4.206580E+01
  2.456646E+02    7.637874E+05    4.206584E+01
  2.456946E+02    7.639747E+05    4.206588E+01
  2.457246E+02    7.641621E+05    4.206591E+01
  2.457546E+02    7.643495E+05    4.206595E+01
  2.457846E+02    7.645370E+05    4.206599E+01
  2.458146E+02    7.647244E+05    4.206602E+01
  2.458446E+02    7.649119E+05    4.206606E+01
  2.458746E+02    7.650994E+05    4.206609E+01
  2.459046E+02    7.652869E+05    4.206613E+01
  2.459346E+02    7.654745E+05    4.206617E+01
  2.459646E+02    7.656620E+05    4.206620E+01
  2.459946E+02    7.658496E+05    4.206624E+01
  2.460246E+02    7.660372E+05    4.206628E+01
  2.460546E+02    7.662249E+05    4.206631E+01
  2.460846E+02    7.664125E+05    4.206635E+01
  2.461146E+02    7.666002E+05    4.206638E+01
  2.461446E+02    7.667879E+05    4.206642E+01
  2.461746E+02    7.669757E+05    4.206646E+01
  2.462046E+02    7.671634E+05    4.206649E+01
  2.462346E+02    7.673512E+05    4.206653E+01
  2.462646E+02    7.675390E+05    4.206656E+01
  2.462946E+02    7.677268E+05    4.206660E+01
  2.463246E+02    7.679146E+05    4.206664E+01
  2.463546E+02    7.681025E+05    4.206667E+01
  2.463846E+02    7.682904E+05    4.206671E+01
  2.464146E+02    7.684783E+05    4.206674E+01
  2.464446E+02    7.686662E+05    4.206678E+01
  2.464746E+02    7.688542E+05    4.206682E+01
  2.465047E+02    7.690422E+05    4.206685E+01
  2.465347E+02    7.692302E+05    4.206689E+01
  2.465647E+02    7.694182E+05    4.206692E+01
  2.465947E+02    7.696063E+05    4.206696E+01
  2.466247E+02    7.697943E+05    4.206700E+01
  2.466547E+02    7.699824E+05    4.206703E+01
  2.466847E+02    7.701706E+05    4.206707E+01
  2.467147E+02    7.703587E+05    4.206710E+01
  2.467447E+02    7.705469E+05    4.206714E+01
  2.467747E+02    7.707351E+05    4.206718E+01
  2.468047E+02    7.709233E+05    4.206721E+01
  2.468347E+02    7.711115E+05    4.206725E+01
  2.468647E+02    7.712998E+05    4.206728E+01
  2.468947E+02    7.714880E+05    4.206732E+01
  2.469247E+02    7.716764E+05    4.206736E+01
  2.469547E+02    7.718647E+05    4.206739E+01
  2.469847E+02    7.720530E+05    4.206743E+01
  2.470147E+02    7.722414E+05    4.206746E+01
  2.470447E+02    7.724298E+05    4.206750E+01
  2.470747E+02    7.726182E+05    4.206754E+01
  2.471047E+02    7.728067E+05    4.206757E+01
  2.471347E+02    7.729951E+05    4.206761E+01
  2.471647E+02    7.731836E+05    4.206764E+01
  2.471947E+02    7.733721E+05    4.206768E+01
  2.472247E+02    7.735607E+05    4.206771E+01
  2.472547E+02    7.737492E+05    4.206775E+01
  2.472847E+02    7.739378E+05    4.206779E+01
  2.473147E+02    7.741264E+05    4.206782E+01
  2.473447E+02    7.743150E+05    4.206786E+01
  2.473747E+02    7.745037E+05    4.206789E+01
  2.474047E+02    7.746923E+05    4.206793E+01
  2.474347E+02    7.748810E+05    4.206796E+01
  2.474647E+02    7.750697E+05    4.206800E+01
  2.474947E+02    7.752585E+05    4.206804E+01
  2.475248E+02    7.754472E+05    4.206807E+01
  2.475548E+02    7.756360E+05    4.206811E+01
  2.475848E+02    7.758248E+05    4.206814E+01
  2.476148E+02    7.760137E+05    4.206818E+01
  2.476448E+02    7.762025E+05    4.206821E+01
  2.476748E+02    7.763914E+05    4.206825E+01
  2.477048E+02    7.765803E+05    4.206829E+01
  2.477348E+02    7.767692E+05    4.206832E+01
  2.477648E+02    7.769582E+05    4.206836E+01
  2.477948E+02    7.771472E+05    4.206839E+01
  2.478248E+02    7.773361E+05    4.206843E+01
  2.478548E+02    7.775252E+05    4.206846E+01
  2.478848E+02    7.777142E+05    4.206850E+01
  2.479148E+02    7.779033E+05    4.206854E+01
  2.479448E+02    7.780923E+05    4.206857E+01
  2.479748E+02    7.782815E+05    4.206861E+01
  2.480048E+02    7.784706E+05    4.206864E+01
  2.480348E+02    7.786597E+05    4.206868E+01
  2.480648E+02    7.788489E+05    4.206871E+01
  2.480948E+02    7.790381E+05    4.206875E+01
  2.481248E+02    7.792273E+05    4.206878E+01
  2.481548E+02    7.794166E+05    4.206882E+01
  2.481848E+02    7.796059E+05    4.206886E+01
  2.482148E+02    7.797951E+05    4.206889E+01
  2.482448E+02    7.799845E+05    4.206893E+01
  2.482748E+02    7.801738E+05    4.206896E+01
  2.483048E+02    7.803632E+05    4.206900E+01
  2.483348E+02    7.805525E+05    4.206903E+01
  2.483648E+02    7.807419E+05    4.206907E+01
  2.483948E+02    7.809314E+05    4.206910E+01
  2.484248E+02    7.811208E+05    4.206914E+01
  2.484548E+02    7.813103E+05    4.206917E+01
  2.484848E+02    7.814998E+05    4.206921E+01
  2.485149E+02    7.816893E+05    4.206925E+01
  2.485449E+02    7.818789E+05    4.206928E+01
  2.485749E+02    7.820684E+05    4.206932E+01
  2.486049E+02    7.822580E+05    4.206935E+01
  2.486349E+02    7.824476E+05    4.206939E+01
  2.486649E+02    7.826373E+05    4.206942E+01
  2.486949E+02    7.828269E+05    4.206946E+01
  2.487249E+02    7.830166E+05    4.206949E+01
  2.487549E+02    7.832063E+05    4.206953E+01
  2.487849E+02    7.833961E+05    4.206956E+01
  2.488149E+02    7.835858E+05    4.206960E+01
  2.488449E+02    7.837756E+05    4.206963E+01
  2.488749E+02    7.839654E+05    4.206967E+01
  2.489049E+02    7.841552E+05    4.206971E+01
  2.489349E+02    7.843450E+05    4.206974E+01
  2.489649E+02    7.845349E+05    4.206978E+01
  2.489949E+02    7.847248E+05    4.206981E+01
  2.490249E+02    7.849147E+05    4.206985E+01
  2.490549E+02    7.851046E+05    4.206988E+01
  2.490849E+02    7.852946E+05    4.206992E+01
  2.491149E+02    7.854846E+05    4.206995E+01
  2.491449E+02    7.856746E+05    4.206999E+01
  2.491749E+02    7.858646E+05    4.207002E+01
  2.492049E+02    7.860547E+05    4.207006E+01
  2.492349E+02    7.862447E+05    4.207009E+01
  2.492649E+02    7.864348E+05    4.207013E+01
  2.492949E+02    7.866249E+05    4.207016E+01
  2.493249E+02    7.868151E+05    4.207020E+01
  2.493549E+02    7.870053E+05    4.207023E+01
  2.493849E+02    7.871954E+05    4.207027E+01
  2.494149E+02    7.873857E+05    4.207030E+01
  2.494449E+02    7.875759E+05    4.207034E+01
  2.494749E+02    7.877661E+05    4.207038E+01
  2.495050E+02    7.879564E+05    4.207041E+01
  2.495350E+02    7.881467E+05    4.207045E+01
  2.495650E+02    7.883371E+05    4.207048E+01
  2.495950E+02    7.885274E+05    4.207052E+01
  2.496250E+02    7.887178E+05    4.207055E+01
  2.496550E+02    7.889082E+05    4.207059E+01
  2.496850E+02    7.890986E+05    4.207062E+01
  2.497150E+02    7.892890E+05    4.207066E+01
  2.497450E+02    7.894795E+05    4.207069E+01
  2.497750E+02    7.896700E+05    4.207073E+01
  2.498050E+02    7.898605E+05    4.207076E+01
  2.498350E+02    7.900510E+05    4.207080E+01
  2.498650E+02    7.902416E+05    4.207083E+01
  2.498950E+02    7.904322E+05    4.207087E+01
  2.499250E+02    7.906228E+05    4.207090E+01
  2.499550E+02    7.908134E+05    4.207094E+01
  2.499850E+02    7.910040E+05    4.207097E+01
  2.500150E+02    7.911947E+05    4.207101E+01
  2.500450E+02    7.913854E+05    4.207104E+01
  2.500750E+02    7.915761E+05    4.207108E+01
  2.501050E+02    7.917668E+05    4.207111E+01
  2.501350E+02    7.919576E+05    4.207115E+01
  2.501650E+02    7.921484E+05    4.207118E+01
  2.501950E+02    7.923392E+05    4.207122E+01
  2.502250E+02    7.925300E+05    4.207125E+01
  2.502550E+02    7.927209E+05    4.207129E+01
  2.502850E+02    7.929118E+05    4.207132E+01
  2.503150E+02    7.931027E+05    4.207136E+01
  2.503450E+02    7.932936E+05    4.207139E+01
  2.503750E+02    7.934845E+05    4.207143E+01
  2.504050E+02    7.936755E+05    4.207146E+01
  2.504350E+02    7.938665E+05    4.207150E+01
  2.504650E+02    7.940575E+05    4.207153E+01
  2.504950E+02    7.942485E+05    4.207157E+01
  2.505251E+02    7.944396E+05    4.207160E+01
  2.505551E+02    7.946307E+05    4.207164E+01
  2.505851E+02    7.948218E+05    4.207167E+01
  2.506151E+02    7.950129E+05    4.207171E+01
  2.506451E+02    7.952041E+05    4.207174E+01
  2.506751E+02    7.953953E+05    4.207177E+01
  2.507051E+02    7.955865E+05    4.207181E+01
  2.507351E+02    7.957777E+05    4.207184E+01
  2.507651E+02    7.959689E+05    4.207188E+01
  2.507951E+02    7.961602E+05    4.207191E+01
  2.508251E+02    7.963515E+05    4.207195E+01
  2.508551E+02    7.965428E+05    4.207198E+01
  2.508851E+02    7.967341E+05    4.207202E+01
  2.509151E+02    7.969255E+05    4.207205E+01
  2.509451E+02    7.971169E+05    4.207209E+01
  2.509751E+02    7.973083E+05    4.207212E+01
  2.510051E+02    7.974997E+05    4.207216E+01
  2.510351E+02    7.976912E+05    4.207219E+01
  2.510651E+02    7.978826E+05    4.207223E+01
  2.510951E+02    7.980741E+05    4.207226E+01
  2.511251E+02    7.982657E+05    4.207230E+01
  2.511551E+02    7.984572E+05    4.207233E+01
  2.511851E+02    7.986488E+05    4.207237E+01
  2.512151E+02    7.988404E+05    4.207240E+01
  2.512451E+02    7.990320E+05    4.207243E+01
  2.512751E+02    7.992236E+05    4.207247E+01
  2.513051E+02    7.994153E+05    4.207250E+01
  2.513351E+02    7.996069E+05    4.207254E+01
  2.513651E+02    7.997986E+05    4.207257E+01
  2.513951E+02    7.999904E+05    4.207261E+01
  2.514251E+02    8.001821E+05    4.207264E+01
  2.514551E+02    8.003739E+05    4.207268E+01
  2.514851E+02    8.005657E+05    4.207271E+01
  2.515152E+02    8.007575E+05    4.207275E+01
  2.515452E+02    8.009494E+05    4.207278E+01
  2.515752E+02    8.011412E+05    4.207282E+01
  2.516052E+02    8.013331E+05    4.207285E+01
  2.516352E+02    8.015250E+05    4.207288E+01
  2.516652E+02    8.017170E+05    4.207292E+01
  2.516952E+02    8.019089E+05    4.207295E+01
  2.517252E+02    8.021009E+05    4.207299E+01
  2.517552E+02    8.022929E+05    4.207302E+01
  2.517852E+02    8.024849E+05    4.207306E+01
  2.518152E+02    8.026770E+05    4.207309E+01
  2.518452E+02    8.028690E+05    4.207313E+01
  2.518752E+02    8.030611E+05    4.207316E+01
  2.519052E+02    8.032533E+05    4.207320E+01
  2.519352E+02    8.034454E+05    4.207323E+01
  2.519652E+02    8.036376E+05    4.207326E+01
  2.519952E+02    8.038297E+05    4.207330E+01
  2.520252E+02    8.040220E+05    4.207333E+01
  2.520552E+02    8.042142E+05    4.207337E+01
  2.520852E+02    8.044064E+05    4.207340E+01
  2.521152E+02    8.045987E+05    4.207344E+01
  2.521452E+02    8.047910E+05    4.207347E+01
  2.521752E+02    8.049833E+05    4.207351E+01
  2.522052E+02    8.051757E+05    4.207354E+01
  2.522352E+02    8.053681E+05    4.207357E+01
  2.522652E+02    8.055605E+05    4.207361E+01
  2.522952E+02    8.057529E+05    4.207364E+01
  2.523252E+02    8.059453E+05    4.207368E+01
  2.523552E+02    8.061378E+05    4.207371E+01
  2.523852E+02    8.063303E+05    4.207375E+01
  2.524152E+02    8.065228E+05    4.207378E+01
  2.524452E+02    8.067153E+05    4.207381E+01
  2.524752E+02    8.069079E+05    4.207385E+01
  2.525053E+02    8.071004E+05    4.207388E+01
  2.525353E+02    8.072930E+05    4.207392E+01
  2.525653E+02    8.074857E+05    4.207395E+01
  2.525953E+02    8.076783E+05    4.207399E+01
  2.526253E+02    8.078710E+05    4.207402E+01
  2.526553E+02    8.080637E+05    4.207405E+01
  2.526853E+02    8.082564E+05    4.207409E+01
  2.527153E+02    8.084491E+05    4.207412E+01
  2.527453E+02    8.086419E+05    4.207416E+01
  2.527753E+02    8.088347E+05    4.207419E+01
  2.528053E+02    8.090275E+05    4.207423E+01
  2.528353E+02    8.092203E+05    4.207426E+01
  2.528653E+02    8.094132E+05    4.207429E+01
  2.528953E+02    8.096060E+05    4.207433E+01
  2.529253E+02    8.097989E+05    4.207436E+01
  2.529553E+02    8.099919E+05    4.207440E+01
  2.529853E+02    8.101848E+05    4.207443E+01
  2.530153E+02    8.103778E+05    4.207447E+01
  2.530453E+02    8.105708E+05    4.207450E+01
  2.530753E+02    8.107638E+05    4.207453E+01
  2.531053E+02    8.109568E+05    4.207457E+01
  2.531353E+02    8.111499E+05    4.207460E+01
  2.531653E+02    8.113430E+05    4.207464E+01
  2.531953E+02    8.115361E+05    4.207467E+01
  2.532253E+02    8.117292E+05    4.207470E+01
  2.532553E+02    8.119223E+05    4.207474E+01
  2.532853E+02    8.121155E+05    4.207477E+01
  2.533153E+02    8.123087E+05    4.207481E+01
  2.533453E+02    8.125019E+05    4.207484E+01
  2.533753E+02    8.126952E+05    4.207488E+01
  2.534053E+02    8.128884E+05    4.207491E+01
  2.534353E+02    8.130817E+05    4.207494E+01
  2.534653E+02    8.132751E+05    4.207498E+01
  2.534953E+02    8.134684E+05    4.207501E+01
  2.535254E+02    8.136617E+05    4.207505E+01
  2.535554E+02    8.138551E+05    4.207508E+01
  2.535854E+02    8.140485E+05    4.207511E+01
  2.536154E+02    8.142420E+05    4.207515E+01
  2.536454E+02    8.144354E+05    4.207518E+01
  2.536754E+02    8.146289E+05    4.207522E+01
  2.537054E+02    8.148224E+05    4.207525E+01
  2.537354E+02    8.150159E+05    4.207528E+01
  2.537654E+02    8.152094E+05    4.207532E+01
  2.537954E+02    8.154030E+05    4.207535E+01
  2.538254E+02    8.155966E+05    4.207539E+01
  2.538554E+02    8.157902E+05    4.207542E+01
  2.538854E+02    8.159838E+05    4.207545E+01
  2.539154E+02    8.161775E+05    4.207549E+01
  2.539454E+02    8.163712E+05    4.207552E+01
  2.539754E+02    8.165649E+05    4.207556E+01
  2.540054E+02    8.167586E+05    4.207559E+01
  2.540354E+02    8.169524E+05    4.207562E+01
  2.540654E+02    8.171461E+05    4.207566E+01
  2.540954E+02    8.173399E+05    4.207569E+01
  2.541254E+02    8.175337E+05    4.207572E+01
  2.541554E+02    8.177276E+05    4.207576E+01
  2.541854E+02    8.179215E+05    4.207579E+01
  2.542154E+02    8.181153E+05    4.207583E+01
  2.542454E+02    8.183093E+05    4.207586E+01
  2.542754E+02    8.185032E+05    4.207589E+01
  2.543054E+02    8.186971E+05    4.207593E+01
  2.543354E+02    8.188911E+05    4.207596E+01
  2.543654E+02    8.190851E+05    4.207600E+01
  2.543954E+02    8.192791E+05    4.207603E+01
  2.544254E+02    8.194732E+05    4.207606E+01
  2.544554E+02    8.196673E+05    4.207610E+01
  2.544854E+02    8.198614E+05    4.207613E+01
  2.545155E+02    8.200555E+05    4.207616E+01
  2.545455E+02    8.202496E+05    4.207620E+01
  2.545755E+02    8.204438E+05    4.207623E+01
  2.546055E+02    8.206380E+05    4.207627E+01
  2.546355E+02    8.208322E+05    4.207630E+01
  2.546655E+02    8.210264E+05    4.207633E+01
  2.546955E+02    8.212207E+05    4.207637E+01
  2.547255E+02    8.214149E+05    4.207640E+01
  2.547555E+02    8.216092E+05    4.207643E+01
  2.547855E+02    8.218036E+05    4.207647E+01
  2.548155E+02    8.219979E+05    4.207650E+01
  2.548455E+02    8.221923E+05    4.207654E+01
  2.548755E+02    8.223867E+05    4.207657E+01
  2.549055E+02    8.225811E+05    4.207660E+01
  2.549355E+02    8.227755E+05    4.207664E+01
  2.549655E+02    8.229700E+05    4.207667E+01
  2.549955E+02    8.231645E+05    4.207670E+01
  2.550255E+02    8.233590E+05    4.207674E+01
  2.550555E+02    8.235535E+05    4.207677E+01
  2.550855E+02    8.237481E+05    4.207680E+01
  2.551155E+02    8.239426E+05    4.207684E+01
  2.551455E+02    8.241372E+05    4.207687E+01
  2.551755E+02    8.243319E+05    4.207691E+01
  2.552055E+02    8.245265E+05    4.207694E+01
  2.552355E+02    8.247212E+05    4.207697E+01
  2.552655E+02    8.249159E+05    4.207701E+01
  2.552955E+02    8.251106E+05    4.207704E+01
  2.553255E+02    8.253053E+05    4.207707E+01
  2.553555E+02    8.255001E+05    4.207711E+01
  2.553855E+02    8.256949E+05    4.207714E+01
  2.554155E+02    8.258897E+05    4.207717E+01
  2.554455E+02    8.260845E+05    4.207721E+01
  2.554755E+02    8.262794E+05    4.207724E+01
  2.555056E+02    8.264742E+05    4.207727E+01
  2.555356E+02    8.266691E+05    4.207731E+01
  2.555656E+02    8.268640E+05    4.207734E+01
  2.555956E+02    8.270590E+05    4.207737E+01
  2.556256E+02    8.272540E+05    4.207741E+01
  2.556556E+02    8.274490E+05    4.207744E+01
  2.556856E+02    8.276440E+05    4.207748E+01
  2.557156E+02    8.278390E+05    4.207751E+01
  2.557456E+02    8.280341E+05    4.207754E+01
  2.557756E+02    8.282291E+05    4.207758E+01
  2.558056E+02    8.284242E+05    4.207761E+01
  2.558356E+02    8.286194E+05    4.207764E+01
  2.558656E+02    8.288145E+05    4.207768E+01
  2.558956E+02    8.290097E+05    4.207771E+01
  2.559256E+02    8.292049E+05    4.207774E+01
  2.559556E+02    8.294001E+05    4.207778E+01
  2.559856E+02    8.295954E+05    4.207781E+01
  2.560156E+02    8.297906E+05    4.207784E+01
  2.560456E+02    8.299859E+05    4.207788E+01
  2.560756E+02    8.301812E+05    4.207791E+01
  2.561056E+02    8.303766E+05    4.207794E+01
  2.561356E+02    8.305719E+05    4.207798E+01
  2.561656E+02    8.307673E+05    4.207801E+01
  2.561956E+02    8.309627E+05    4.207804E+01
  2.562256E+02    8.311581E+05    4.207808E+01
  2.562556E+02    8.313536E+05    4.207811E+01
  2.562856E+02    8.315491E+05    4.207814E+01
  2.563156E+02    8.317445E+05    4.207818E+01
  2.563456E+02    8.319401E+05    4.207821E+01
  2.563756E+02    8.321356E+05    4.207824E+01
  2.564056E+02    8.323312E+05    4.207828E+01
  2.564356E+02    8.325268E+05    4.207831E+01
  2.564656E+02    8.327224E+05    4.207834E+01
  2.564956E+02    8.329180E+05    4.207838E+01
  2.565257E+02    8.331137E+05    4.207841E+01
  2.565557E+02    8.333093E+05    4.207844E+01
  2.565857E+02    8.335050E+05    4.207848E+01
  2.566157E+02    8.337008E+05    4.207851E+01
  2.566457E+02    8.338965E+05    4.207854E+01
  2.566757E+02    8.340923E+05    4.207858E+01
  2.567057E+02    8.342881E+05    4.207861E+01
  2.567357E+02    8.344839E+05    4.207864E+01
  2.567657E+02    8.346797E+05    4.207868E+01
  2.567957E+02    8.348756E+05    4.207871E+01
  2.568257E+02    8.350715E+05    4.207874E+01
  2.568557E+02    8.352674E+05    4.207877E+01
  2.568857E+02    8.354633E+05    4.207881E+01
  2.569157E+02    8.356593E+05    4.207884E+01
  2.569457E+02    8.358553E+05    4.207887E+01
  2.569757E+02    8.360513E+05    4.207891E+01
  2.570057E+02    8.362473E+05    4.207894E+01
  2.570357E+02    8.364433E+05    4.207897E+01
  2.570657E+02    8.366394E+05    4.207901E+01
  2.570957E+02    8.368355E+05    4.207904E+01
  2.571257E+02    8.370316E+05    4.207907E+01
  2.571557E+02    8.372278E+05    4.207911E+01
  2.571857E+02    8.374239E+05    4.207914E+01
  2.572157E+02    8.376201E+05    4.207917E+01
  2.572457E+02    8.378163E+05    4.207921E+01
  2.572757E+02    8.380125E+05    4.207924E+01
  2.573057E+02    8.382088E+05    4.207927E+01
  2.573357E+02    8.384051E+05    4.207930E+01
  2.573657E+02    8.386014E+05    4.207934E+01
  2.573957E+02    8.387977E+05    4.207937E+01
  2.574257E+02    8.389940E+05    4.207940E+01
  2.574557E+02    8.391904E+05    4.207944E+01
  2.574857E+02    8.393868E+05    4.207947E+01
  2.575158E+02    8.395832E+05    4.207950E+01
  2.575458E+02    8.397797E+05    4.207954E+01
  2.575758E+02    8.399761E+05    4.207957E+01
  2.576058E+02    8.401726E+05    4.207960E+01
  2.576358E+02    8.403691E+05    4.207963E+01
  2.576658E+02    8.405656E+05    4.207967E+01
  2.576958E+02    8.407622E+05    4.207970E+01
  2.577258E+02    8.409588E+05    4.207973E+01
  2.577558E+02    8.411554E+05    4.207977E+01
  2.577858E+02    8.413520E+05    4.207980E+01
  2.578158E+02    8.415486E+05    4.207983E+01
  2.578458E+02    8.417453E+05    4.207986E+01
  2.578758E+02    8.419420E+05    4.207990E+01
  2.579058E+02    8.421387E+05    4.207993E+01
  2.579358E+02    8.423354E+05    4.207996E+01
  2.579658E+02    8.425322E+05    4.208000E+01
  2.579958E+02    8.427290E+05    4.208003E+01
  2.580258E+02    8.429258E+05    4.208006E+01
  2.580558E+02    8.431226E+05    4.208009E+01
  2.580858E+02    8.433195E+05    4.208013E+01
  2.581158E+02    8.435163E+05    4.208016E+01
  2.581458E+02    8.437132E+05    4.208019E+01
  2.581758E+02    8.439102E+05    4.208023E+01
  2.582058E+02    8.441071E+05    4.208026E+01
  2.582358E+02    8.443041E+05    4.208029E+01
  2.582658E+02    8.445011E+05    4.208032E+01
  2.582958E+02    8.446981E+05    4.208036E+01
  2.583258E+02    8.448951E+05    4.208039E+01
  2.583558E+02    8.450922E+05    4.208042E+01
  2.583858E+02    8.452892E+05    4.208046E+01
  2.584158E+02    8.454864E+05    4.208049E+01
  2.584458E+02    8.456835E+05    4.208052E+01
  2.584758E+02    8.458806E+05    4.208055E+01
  2.585059E+02    8.460778E+05    4.208059E+01
  2.585359E+02    8.462750E+05    4.208062E+01
  2.585659E+02    8.464722E+05    4.208065E+01
  2.585959E+02    8.466695E+05    4.208068E+01
  2.586259E+02    8.468667E+05    4.208072E+01
  2.586559E+02    8.470640E+05    4.208075E+01
  2.586859E+02    8.472613E+05    4.208078E+01
  2.587159E+02    8.474587E+05    4.208082E+01
  2.587459E+02    8.476560E+05    4.208085E+01
  2.587759E+02    8.478534E+05    4.208088E+01
  2.588059E+02    8.480508E+05    4.208091E+01
  2.588359E+02    8.482482E+05    4.208095E+01
  2.588659E+02    8.484457E+05    4.208098E+01
  2.588959E+02    8.486431E+05    4.208101E+01
  2.589259E+02    8.488406E+05    4.208104E+01
  2.589559E+02    8.490382E+05    4.208108E+01
  2.589859E+02    8.492357E+05    4.208111E+01
  2.590159E+02    8.494333E+05    4.208114E+01
  2.590459E+02    8.496308E+05    4.208117E+01
  2.590759E+02    8.498285E+05    4.208121E+01
  2.591059E+02    8.500261E+05    4.208124E+01
  2.591359E+02    8.502237E+05    4.208127E+01
  2.591659E+02    8.504214E+05    4.208131E+01
  2.591959E+02    8.506191E+05    4.208134E+01
  2.592259E+02    8.508168E+05    4.208137E+01
  2.592559E+02    8.510146E+05    4.208140E+01
  2.592859E+02    8.512124E+05    4.208144E+01
  2.593159E+02    8.514102E+05    4.208147E+01
  2.593459E+02    8.516080E+05    4.208150E+01
  2.593759E+02    8.518058E+05    4.208153E+01
  2.594059E+02    8.520037E+05    4.208157E+01
  2.594359E+02    8.522016E+05    4.208160E+01
  2.594659E+02    8.523995E+05    4.208163E+01
  2.594959E+02    8.525974E+05    4.208166E+01
  2.595260E+02    8.527954E+05    4.208170E+01
  2.595560E+02    8.529933E+05    4.208173E+01
  2.595860E+02    8.531913E+05    4.208176E+01
  2.596160E+02    8.533894E+05    4.208179E+01
  2.596460E+02    8.535874E+05    4.208183E+01
  2.596760E+02    8.537855E+05    4.208186E+01
  2.597060E+02    8.539836E+05    4.208189E+01
  2.597360E+02    8.541817E+05    4.208192E+01
  2.597660E+02    8.543798E+05    4.208195E+01
  2.597960E+02    8.545780E+05    4.208199E+01
  2.598260E+02    8.547762E+05    4.208202E+01
  2.598560E+02    8.549744E+05    4.208205E+01
  2.598860E+02    8.551726E+05    4.208208E+01
  2.599160E+02    8.553709E+05    4.208212E+01
  2.599460E+02    8.555691E+05    4.208215E+01
  2.599760E+02    8.557674E+05    4.208218E+01
  2.600060E+02    8.559658E+05    4.208221E+01
  2.600360E+02    8.561641E+05    4.208225E+01
  2.600660E+02    8.563625E+05    4.208228E+01
  2.600960E+02    8.565609E+05    4.208231E+01
  2.601260E+02    8.567593E+05    4.208234E+01
  2.601560E+02    8.569577E+05    4.208238E+01
  2.601860E+02    8.571562E+05    4.208241E+01
  2.602160E+02    8.573546E+05    4.208244E+01
  2.602460E+02    8.575532E+05    4.208247E+01
  2.602760E+02    8.577517E+05    4.208250E+01
  2.603060E+02    8.579502E+05    4.208254E+01
  2.603360E+02    8.581488E+05    4.208257E+01
  2.603660E+02    8.583474E+05    4.208260E+01
  2.603960E+02    8.585460E+05    4.208263E+01
  2.604260E+02    8.587447E+05    4.208267E+01
  2.604560E+02    8.589433E+05    4.208270E+01
  2.604860E+02    8.591420E+05    4.208273E+01
  2.605161E+02    8.593407E+05    4.208276E+01
  2.605461E+02    8.595395E+05    4.208280E+01
  2.605761E+02    8.597382E+05    4.208283E+01
  2.606061E+02    8.599370E+05    4.208286E+01
  2.606361E+02    8.601358E+05    4.208289E+01
  2.606661E+02    8.603346E+05    4.208292E+01
  2.606961E+02    8.605335E+05    4.208296E+01
  2.607261E+02    8.607324E+05    4.208299E+01
  2.607561E+02    8.609313E+05    4.208302E+01
  2.607861E+02    8.611302E+05    4.208305E+01
  2.608161E+02    8.613291E+05    4.208309E+01
  2.608461E+02    8.615281E+05    4.208312E+01
  2.608761E+02    8.617271E+05    4.208315E+01
  2.609061E+02    8.619261E+05    4.208318E+01
  2.609361E+02    8.621251E+05    4.208321E+01
  2.609661E+02    8.623242E+05    4.208325E+01
  2.609961E+02    8.625233E+05    4.208328E+01
  2.610261E+02    8.627224E+05    4.208331E+01
  2.610561E+02    8.629215E+05    4.208334E+01
  2.610861E+02    8.631206E+05    4.208337E+01
  2.611161E+02    8.633198E+05    4.208341E+01
  2.611461E+02    8.635190E+05    4.208344E+01
  2.611761E+02    8.637182E+05    4.208347E+01
  2.612061E+02    8.639175E+05    4.208350E+01
  2.612361E+02    8.641167E+05    4.208353E+01
  2.612661E+02    8.643160E+05    4.208357E+01
  2.612961E+02    8.645153E+05    4.208360E+01
  2.613261E+02    8.647147E+05    4.208363E+01
  2.613561E+02    8.649140E+05    4.208366E+01
  2.613861E+02    8.651134E+05    4.208369E+01
  2.614161E+02    8.653128E+05    4.208373E+01
  2.614461E+02    8.655122E+05    4.208376E+01
  2.614761E+02    8.657117E+05    4.208379E+01
  2.615062E+02    8.659111E+05    4.208382E+01
  2.615362E+02    8.661106E+05    4.208385E+01
  2.615662E+02    8.663102E+05    4.208389E+01
  2.615962E+02    8.665097E+05    4.208392E+01
  2.616262E+02    8.667093E+05    4.208395E+01
  2.616562E+02    8.669088E+05    4.208398E+01
  2.616862E+02    8.671085E+05    4.208401E+01
  2.617162E+02    8.673081E+05    4.208405E+01
  2.617462E+02    8.675077E+05    4.208408E+01
  2.617762E+02    8.677074E+05    4.208411E+01
  2.618062E+02    8.679071E+05    4.208414E+01
  2.618362E+02    8.681068E+05    4.208417E+01
  2.618662E+02    8.683066E+05    4.208421E+01
  2.618962E+02    8.685064E+05    4.208424E+01
  2.619262E+02    8.687062E+05    4.208427E+01
  2.619562E+02    8.689060E+05    4.208430E+01
  2.619862E+02    8.691058E+05    4.208433E+01
  2.620162E+02    8.693057E+05    4.208437E+01
  2.620462E+02    8.695056E+05    4.208440E+01
  2.620762E+02    8.697055E+05    4.208443E+01
  2.621062E+02    8.699054E+05    4.208446E+01
  2.621362E+02    8.701053E+05    4.208449E+01
  2.621662E+02    8.703053E+05    4.208452E+01
  2.621962E+02    8.705053E+05    4.208456E+01
  2.622262E+02    8.707053E+05    4.208459E+01
  2.622562E+02    8.709054E+05    4.208462E+01
  2.622862E+02    8.711055E+05    4.208465E+01
  2.623162E+02    8.713055E+05    4.208468E+01
  2.623462E+02    8.715057E+05    4.208472E+01
  2.623762E+02    8.717058E+05    4.208475E+01
  2.624062E+02    8.719060E+05    4.208478E+01
  2.624362E+02    8.721061E+05    4.208481E+01
  2.624662E+02    8.723064E+05    4.208484E+01
  2.624962E+02    8.725066E+05    4.208487E+01
  2.625263E+02    8.727068E+05    4.208491E+01
  2.625563E+02    8.729071E+05    4.208494E+01
  2.625863E+02    8.731074E+05    4.208497E+01
  2.626163E+02    8.733077E+05    4.208500E+01
  2.626463E+02    8.735081E+05    4.208503E+01
  2.626763E+02    8.737084E+05    4.208506E+01
  2.627063E+02    8.739088E+05    4.208510E+01
  2.627363E+02    8.741092E+05    4.208513E+01
  2.627663E+02    8.743097E+05    4.208516E+01
  2.627963E+02    8.745101E+05    4.208519E+01
  2.628263E+02    8.747106E+05    4.208522E+01
  2.628563E+02    8.749111E+05    4.208525E+01
  2.628863E+02    8.751116E+05    4.208529E+01
  2.629163E+02    8.753122E+05    4.208532E+01
  2.629463E+02    8.755128E+05    4.208535E+01
  2.629763E+02    8.757134E+05    4.208538E+01
  2.630063E+02    8.759140E+05    4.208541E+01
  2.630363E+02    8.761146E+05    4.208544E+01
  2.630663E+02    8.763153E+05    4.208548E+01
  2.630963E+02    8.765160E+05    4.208551E+01
  2.631263E+02    8.767167E+05    4.208554E+01
  2.631563E+02    8.769174E+05    4.208557E+01
  2.631863E+02    8.771182E+05    4.208560E+01
  2.632163E+02    8.773190E+05    4.208563E+01
  2.632463E+02    8.775198E+05    4.208567E+01
  2.632763E+02    8.777206E+05    4.208570E+01
  2.633063E+02    8.779215E+05    4.208573E+01
  2.633363E+02    8.781223E+05    4.208576E+01
  2.633663E+02    8.783232E+05    4.208579E+01
  2.633963E+02    8.785241E+05    4.208582E+01
  2.634263E+02    8.787251E+05    4.208585E+01
  2.634563E+02    8.789260E+05    4.208589E+01
  2.634863E+02    8.791270E+05    4.208592E+01
  2.635164E+02    8.793280E+05    4.208595E+01
  2.635464E+02    8.795291E+05    4.208598E+01
  2.635764E+02    8.797301E+05    4.208601E+01
  2.636064E+02    8.799312E+05    4.208604E+01
  2.636364E+02    8.801323E+05    4.208608E+01
  2.636664E+02    8.803334E+05    4.208611E+01
  2.636964E+02    8.805346E+05    4.208614E+01
  2.637264E+02    8.807358E+05    4.208617E+01
  2.637564E+02    8.809370E+05    4.208620E+01
  2.637864E+02    8.811382E+05    4.208623E+01
  2.638164E+02    8.813394E+05    4.208626E+01
  2.638464E+02    8.815407E+05    4.208630E+01
  2.638764E+02    8.817420E+05    4.208633E+01
  2.639064E+02    8.819433E+05    4.208636E+01
  2.639364E+02    8.821446E+05    4.208639E+01
  2.639664E+02    8.823460E+05    4.208642E+01
  2.639964E+02    8.825473E+05    4.208645E+01
  2.640264E+02    8.827487E+05    4.208648E+01
  2.640564E+02    8.829502E+05    4.208652E+01
  2.640864E+02    8.831516E+05    4.208655E+01
  2.641164E+02    8.833531E+05    4.208658E+01
  2.641464E+02    8.835546E+05    4.208661E+01
  2.641764E+02    8.837561E+05    4.208664E+01
  2.642064E+02    8.839576E+05    4.208667E+01
  2.642364E+02    8.841592E+05    4.208670E+01
  2.642664E+02    8.843608E+05    4.208673E+01
  2.642964E+02    8.845624E+05    4.208677E+01
  2.643264E+02    8.847640E+05    4.208680E+01
  2.643564E+02    8.849657E+05    4.208683E+01
  2.643864E+02    8.851673E+05    4.208686E+01
  2.644164E+02    8.853690E+05    4.208689E+01
  2.644464E+02    8.855708E+05    4.208692E+01
  2.644764E+02    8.857725E+05    4.208695E+01
  2.645065E+02    8.859743E+05    4.208699E+01
  2.645365E+02    8.861761E+05    4.208702E+01
  2.645665E+02    8.863779E+05    4.208705E+01
  2.645965E+02    8.865797E+05    4.208708E+01
  2.646265E+02    8.867816E+05    4.208711E+01
  2.646565E+02    8.869835E+05    4.208714E+01
  2.646865E+02    8.871854E+05    4.208717E+01
  2.647165E+02    8.873873E+05    4.208720E+01
  2.647465E+02    8.875893E+05    4.208723E+01
  2.647765E+02    8.877912E+05    4.208727E+01
  2.648065E+02    8.879932E+05    4.208730E+01
  2.648365E+02    8.881952E+05    4.208733E+01
  2.648665E+02    8.883973E+05    4.208736E+01
  2.648965E+02    8.885994E+05    4.208739E+01
  2.649265E+02    8.888015E+05    4.208742E+01
  2.649565E+02    8.890036E+05    4.208745E+01
  2.649865E+02    8.892057E+05    4.208748E+01
  2.650165E+02    8.894079E+05    4.208752E+01
  2.650465E+02    8.896100E+05    4.208755E+01
  2.650765E+02    8.898122E+05    4.208758E+01
  2.651065E+02    8.900145E+05    4.208761E+01
  2.651365E+02    8.902167E+05    4.208764E+01
  2.651665E+02    8.904190E+05    4.208767E+01
  2.651965E+02    8.906213E+05    4.208770E+01
  2.652265E+02    8.908236E+05    4.208773E+01
  2.652565E+02    8.910260E+05    4.208776E+01
  2.652865E+02    8.912283E+05    4.208780E+01
  2.653165E+02    8.914307E+05    4.208783E+01
  2.653465E+02    8.916331E+05    4.208786E+01
  2.653765E+02    8.918356E+05    4.208789E+01
  2.654065E+02    8.920380E+05    4.208792E+01
  2.654365E+02    8.922405E+05    4.208795E+01
  2.654665E+02    8.924430E+05    4.208798E+01
  2.654965E+02    8.926455E+05    4.208801E+01
  2.655266E+02    8.928481E+05    4.208804E+01
  2.655566E+02    8.930507E+05    4.208807E+01
  2.655866E+02    8.932533E+05    4.208811E+01
  2.656166E+02    8.934559E+05    4.208814E+01
  2.656466E+02    8.936585E+05    4.208817E+01
  2.656766E+02    8.938612E+05    4.208820E+01
  2.657066E+02    8.940639E+05    4.208823E+01
  2.657366E+02    8.942666E+05    4.208826E+01
  2.657666E+02    8.944693E+05    4.208829E+01
  2.657966E+02    8.946721E+05    4.208832E+01
  2.658266E+02    8.948748E+05    4.208835E+01
  2.658566E+02    8.950776E+05    4.208838E+01
  2.658866E+02    8.952805E+05    4.208842E+01
  2.659166E+02    8.954833E+05    4.208845E+01
  2.659466E+02    8.956862E+05    4.208848E+01
  2.659766E+02    8.958891E+05    4.208851E+01
  2.660066E+02    8.960920E+05    4.208854E+01
  2.660366E+02    8.962949E+05    4.208857E+01
  2.660666E+02    8.964979E+05    4.208860E+01
  2.660966E+02    8.967009E+05    4.208863E+01
  2.661266E+02    8.969039E+05    4.208866E+01
  2.661566E+02    8.971069E+05    4.208869E+01
  2.661866E+02    8.973100E+05    4.208872E+01
  2.662166E+02    8.975131E+05    4.208876E+01
  2.662466E+02    8.977162E+05    4.208879E+01
  2.662766E+02    8.979193E+05    4.208882E+01
  2.663066E+02    8.981224E+05    4.208885E+01
  2.663366E+02    8.983256E+05    4.208888E+01
  2.663666E+02    8.985288E+05    4.208891E+01
  2.663966E+02    8.987320E+05    4.208894E+01
  2.664266E+02    8.989353E+05    4.208897E+01
  2.664566E+02    8.991385E+05    4.208900E+01
  2.664866E+02    8.993418E+05    4.208903E+01
  2.665167E+02    8.995451E+05    4.208906E+01
  2.665467E+02    8.997485E+05    4.208909E+01
  2.665767E+02    8.999518E+05    4.208913E+01
  2.666067E+02    9.001552E+05    4.208916E+01
  2.666367E+02    9.003586E+05    4.208919E+01
  2.666667E+02    9.005620E+05    4.208922E+01
  2.666967E+02    9.007655E+05    4.208925E+01
  2.667267E+02    9.009689E+05    4.208928E+01
  2.667567E+02    9.011724E+05    4.208931E+01
  2.667867E+02    9.013759E+05    4.208934E+01
  2.668167E+02    9.015795E+05    4.208937E+01
  2.668467E+02    9.017830E+05    4.208940E+01
  2.668767E+02    9.019866E+05    4.208943E+01
  2.669067E+02    9.021902E+05    4.208946E+01
  2.669367E+02    9.023938E+05    4.208949E+01
  2.669667E+02    9.025975E+05    4.208953E+01
  2.669967E+02    9.028012E+05    4.208956E+01
  2.670267E+02    9.030049E+05    4.208959E+01
  2.670567E+02    9.032086E+05    4.208962E+01
  2.670867E+02    9.034123E+05    4.208965E+01
  2.671167E+02    9.036161E+05    4.208968E+01
  2.671467E+02    9.038199E+05    4.208971E+01
  2.671767E+02    9.040237E+05    4.208974E+01
  2.672067E+02    9.042276E+05    4.208977E+01
  2.672367E+02    9.044314E+05    4.208980E+01
  2.672667E+02    9.046353E+05    4.208983E+01
  2.672967E+02    9.048392E+05    4.208986E+01
  2.673267E+02    9.050431E+05    4.208989E+01
  2.673567E+02    9.052471E+05    4.208992E+01
  2.673867E+02    9.054511E+05    4.208995E+01
  2.674167E+02    9.056551E+05    4.208998E+01
  2.674467E+02    9.058591E+05    4.209002E+01
  2.674767E+02    9.060631E+05    4.209005E+01
  2.675068E+02    9.062672E+05    4.209008E+01
  2.675368E+02    9.064713E+05    4.209011E+01
  2.675668E+02    9.066754E+05    4.209014E+01
  2.675968E+02    9.068795E+05    4.209017E+01
  2.676268E+02    9.070837E+05    4.209020E+01
  2.676568E+02    9.072879E+05    4.209023E+01
  2.676868E+02    9.074921E+05    4.209026E+01
  2.677168E+02    9.076963E+05    4.209029E+01
  2.677468E+02    9.079005E+05    4.209032E+01
  2.677768E+02    9.081048E+05    4.209035E+01
  2.678068E+02    9.083091E+05    4.209038E+01
  2.678368E+02    9.085134E+05    4.209041E+01
  2.678668E+02    9.087178E+05    4.209044E+01
  2.678968E+02    9.089221E+05    4.209047E+01
  2.679268E+02    9.091265E+05    4.209050E+01
  2.679568E+02    9.093309E+05    4.209053E+01
  2.679868E+02    9.095354E+05    4.209056E+01
  2.680168E+02    9.097398E+05    4.209059E+01
  2.680468E+02    9.099443E+05    4.209063E+01
  2.680768E+02    9.101488E+05    4.209066E+01
  2.681068E+02    9.103533E+05    4.209069E+01
  2.681368E+02    9.105579E+05    4.209072E+01
  2.681668E+02    9.107625E+05    4.209075E+01
  2.681968E+02    9.109671E+05    4.209078E+01
  2.682268E+02    9.111717E+05    4.209081E+01
  2.682568E+02    9.113763E+05    4.209084E+01
  2.682868E+02    9.115810E+05    4.209087E+01
  2.683168E+02    9.117857E+05    4.209090E+01
  2.683468E+02    9.119904E+05    4.209093E+01
  2.683768E+02    9.121951E+05    4.209096E+01
  2.684068E+02    9.123999E+05    4.209099E+01
  2.684368E+02    9.126046E+05    4.209102E+01
  2.684668E+02    9.128094E+05    4.209105E+01
  2.684968E+02    9.130143E+05    4.209108E+01
  2.685269E+02    9.132191E+05    4.209111E+01
  2.685569E+02    9.134240E+05    4.209114E+01
  2.685869E+02    9.136289E+05    4.209117E+01
  2.686169E+02    9.138338E+05    4.209120E+01
  2.686469E+02    9.140387E+05    4.209123E+01
  2.686769E+02    9.142437E+05    4.209126E+01
  2.687069E+02    9.144487E+05    4.209129E+01
  2.687369E+02    9.146537E+05    4.209132E+01
  2.687669E+02    9.148587E+05    4.209135E+01
  2.687969E+02    9.150638E+05    4.209138E+01
  2.688269E+02    9.152689E+05    4.209141E+01
  2.688569E+02    9.154740E+05    4.209144E+01
  2.688869E+02    9.156791E+05    4.209148E+01
  2.689169E+02    9.158842E+05    4.209151E+01
  2.689469E+02    9.160894E+05    4.209154E+01
  2.689769E+02    9.162946E+05    4.209157E+01
  2.690069E+02    9.164998E+05    4.209160E+01
  2.690369E+02    9.167050E+05    4.209163E+01
  2.690669E+02    9.169103E+05    4.209166E+01
  2.690969E+02    9.171156E+05    4.209169E+01
  2.691269E+02    9.173209E+05    4.209172E+01
  2.691569E+02    9.175262E+05    4.209175E+01
  2.691869E+02    9.177316E+05    4.209178E+01
  2.692169E+02    9.179370E+05    4.209181E+01
  2.692469E+02    9.181424E+05    4.209184E+01
  2.692769E+02    9.183478E+05    4.209187E+01
  2.693069E+02    9.185532E+05    4.209190E+01
  2.693369E+02    9.187587E+05    4.209193E+01
  2.693669E+02    9.189642E+05    4.209196E+01
  2.693969E+02    9.191697E+05    4.209199E+01
  2.694269E+02    9.193752E+05    4.209202E+01
  2.694569E+02    9.195808E+05    4.209205E+01
  2.694869E+02    9.197864E+05    4.209208E+01
  2.695170E+02    9.199920E+05    4.209211E+01
  2.695470E+02    9.201976E+05    4.209214E+01
  2.695770E+02    9.204033E+05    4.209217E+01
  2.696070E+02    9.206089E+05    4.209220E+01
  2.696370E+02    9.208146E+05    4.209223E+01
  2.696670E+02    9.210204E+05    4.209226E+01
  2.696970E+02    9.212261E+05    4.209229E+01
  2.697270E+02    9.214319E+05    4.209232E+01
  2.697570E+02    9.216377E+05    4.209235E+01
  2.697870E+02    9.218435E+05    4.209238E+01
  2.698170E+02    9.220493E+05    4.209241E+01
  2.698470E+02    9.222552E+05    4.209244E+01
  2.698770E+02    9.224610E+05    4.209247E+01
  2.699070E+02    9.226669E+05    4.209250E+01
  2.699370E+02    9.228729E+05    4.209253E+01
  2.699670E+02    9.230788E+05    4.209256E+01
  2.699970E+02    9.232848E+05    4.209259E+01
  2.700270E+02    9.234908E+05    4.209262E+01
  2.700570E+02    9.236968E+05    4.209265E+01
  2.700870E+02    9.239029E+05    4.209268E+01
  2.701170E+02    9.241089E+05    4.209271E+01
  2.701470E+02    9.243150E+05    4.209274E+01
  2.701770E+02    9.245211E+05    4.209277E+01
  2.702070E+02    9.247273E+05    4.209280E+01
  2.702370E+02    9.249334E+05    4.209283E+01
  2.702670E+02    9.251396E+05    4.209286E+01
  2.702970E+02    9.253458E+05    4.209289E+01
  2.703270E+02    9.255520E+05    4.209292E+01
  2.703570E+02    9.257583E+05    4.209295E+01
  2.703870E+02    9.259645E+05    4.209298E+01
  2.704170E+02    9.261708E+05    4.209301E+01
  2.704470E+02    9.263772E+05    4.209304E+01
  2.704770E+02    9.265835E+05    4.209307E+01
  2.705071E+02    9.267899E+05    4.209310E+01
  2.705371E+02    9.269963E+05    4.209313E+01
  2.705671E+02    9.272027E+05    4.209316E+01
  2.705971E+02    9.274091E+05    4.209319E+01
  2.706271E+02    9.276156E+05    4.209322E+01
  2.706571E+02    9.278220E+05    4.209325E+01
  2.706871E+02    9.280285E+05    4.209328E+01
  2.707171E+02    9.282351E+05    4.209331E+01
  2.707471E+02    9.284416E+05    4.209334E+01
  2.707771E+02    9.286482E+05    4.209337E+01
  2.708071E+02    9.288548E+05    4.209340E+01
  2.708371E+02    9.290614E+05    4.209343E+01
  2.708671E+02    9.292680E+05    4.209346E+01
  2.708971E+02    9.294747E+05    4.209349E+01
  2.709271E+02    9.296814E+05    4.209352E+01
  2.709571E+02    9.298881E+05    4.209355E+01
  2.709871E+02    9.300948E+05    4.209358E+01
  2.710171E+02    9.303016E+05    4.209361E+01
  2.710471E+02    9.305084E+05    4.209364E+01
  2.710771E+02    9.307152E+05    4.209367E+01
  2.711071E+02    9.309220E+05    4.209370E+01
  2.711371E+02    9.311288E+05    4.209372E+01
  2.711671E+02    9.313357E+05    4.209375E+01
  2.711971E+02    9.315426E+05    4.209378E+01
  2.712271E+02    9.317495E+05    4.209381E+01
  2.712571E+02    9.319564E+05    4.209384E+01
  2.712871E+02    9.321634E+05    4.209387E+01
  2.713171E+02    9.323704E+05    4.209390E+01
  2.713471E+02    9.325774E+05    4.209393E+01
  2.713771E+02    9.327844E+05    4.209396E+01
  2.714071E+02    9.329915E+05    4.209399E+01
  2.714371E+02    9.331986E+05    4.209402E+01
  2.714671E+02    9.334057E+05    4.209405E+01
  2.714971E+02    9.336128E+05    4.209408E+01
  2.715272E+02    9.338199E+05    4.209411E+01
  2.715572E+02    9.340271E+05    4.209414E+01
  2.715872E+02    9.342343E+05    4.209417E+01
  2.716172E+02    9.344415E+05    4.209420E+01
  2.716472E+02    9.346487E+05    4.209423E+01
  2.716772E+02    9.348560E+05    4.209426E+01
  2.717072E+02    9.350633E+05    4.209429E+01
  2.717372E+02    9.352706E+05    4.209432E+01
  2.717672E+02    9.354779E+05    4.209435E+01
  2.717972E+02    9.356853E+05    4.209438E+01
  2.718272E+02    9.358926E+05    4.209441E+01
  2.718572E+02    9.361000E+05    4.209444E+01
  2.718872E+02    9.363075E+05    4.209447E+01
  2.719172E+02    9.365149E+05    4.209450E+01
  2.719472E+02    9.367224E+05    4.209453E+01
  2.719772E+02    9.369299E+05    4.209456E+01
  2.720072E+02    9.371374E+05    4.209458E+01
  2.720372E+02    9.373449E+05    4.209461E+01
  2.720672E+02    9.375525E+05    4.209464E+01
  2.720972E+02    9.377601E+05    4.209467E+01
  2.721272E+02    9.379677E+05    4.209470E+01
  2.721572E+02    9.381753E+05    4.209473E+01
  2.721872E+02    9.383829E+05    4.209476E+01
  2.722172E+02    9.385906E+05    4.209479E+01
  2.722472E+02    9.387983E+05    4.209482E+01
  2.722772E+02    9.390060E+05    4.209485E+01
  2.723072E+02    9.392138E+05    4.209488E+01
  2.723372E+02    9.394215E+05    4.209491E+01
  2.723672E+02    9.396293E+05    4.209494E+01
  2.723972E+02    9.398371E+05    4.209497E+01
  2.724272E+02    9.400450E+05    4.209500E+01
  2.724572E+02    9.402528E+05    4.209503E+01
  2.724872E+02    9.404607E+05    4.209506E+01
  2.725173E+02    9.406686E+05    4.209509E+01
  2.725473E+02    9.408765E+05    4.209512E+01
  2.725773E+02    9.410845E+05    4.209515E+01
  2.726073E+02    9.412925E+05    4.209517E+01
  2.726373E+02    9.415005E+05    4.209520E+01
  2.726673E+02    9.417085E+05    4.209523E+01
  2.726973E+02    9.419165E+05    4.209526E+01
  2.727273E+02    9.421246E+05    4.209529E+01
  2.727573E+02    9.423327E+05    4.209532E+01
  2.727873E+02    9.425408E+05    4.209535E+01
  2.728173E+02    9.427489E+05    4.209538E+01
  2.728473E+02    9.429571E+05    4.209541E+01
  2.728773E+02    9.431653E+05    4.209544E+01
  2.729073E+02    9.433735E+05    4.209547E+01
  2.729373E+02    9.435817E+05    4.209550E+01
  2.729673E+02    9.437899E+05    4.209553E+01
  2.729973E+02    9.439982E+05    4.209556E+01
  2.730273E+02    9.442065E+05    4.209559E+01
  2.730573E+02    9.444148E+05    4.209562E+01
  2.730873E+02    9.446232E+05    4.209564E+01
  2.731173E+02    9.448315E+05    4.209567E+01
  2.731473E+02    9.450399E+05    4.209570E+01
  2.731773E+02    9.452483E+05    4.209573E+01
  2.732073E+02    9.454567E+05    4.209576E+01
  2.732373E+02    9.456652E+05    4.209579E+01
  2.732673E+02    9.458737E+05    4.209582E+01
  2.732973E+02    9.460822E+05    4.209585E+01
  2.733273E+02    9.462907E+05    4.209588E+01
  2.733573E+02    9.464992E+05    4.209591E+01
  2.733873E+02    9.467078E+05    4.209594E+01
  2.734173E+02    9.469164E+05    4.209597E+01
  2.734473E+02    9.471250E+05    4.209600E+01
  2.734773E+02    9.473337E+05    4.209603E+01
  2.735074E+02    9.475423E+05    4.209605E+01
  2.735374E+02    9.477510E+05    4.209608E+01
  2.735674E+02    9.479597E+05    4.209611E+01
  2.735974E+02    9.481685E+05    4.209614E+01
  2.736274E+02    9.483772E+05    4.209617E+01
  2.736574E+02    9.485860E+05    4.209620E+01
  2.736874E+02    9.487948E+05    4.209623E+01
  2.737174E+02    9.490036E+05    4.209626E+01
  2.737474E+02    9.492125E+05    4.209629E+01
  2.737774E+02    9.494213E+05    4.209632E+01
  2.738074E+02    9.496302E+05    4.209635E+01
  2.738374E+02    9.498391E+05    4.209638E+01
  2.738674E+02    9.500481E+05    4.209641E+01
  2.738974E+02    9.502570E+05    4.209643E+01
  2.739274E+02    9.504660E+05    4.209646E+01
  2.739574E+02    9.506750E+05    4.209649E+01
  2.739874E+02    9.508840E+05    4.209652E+01
  2.740174E+02    9.510931E+05    4.209655E+01
  2.740474E+02    9.513022E+05    4.209658E+01
  2.740774E+02    9.515113E+05    4.209661E+01
  2.741074E+02    9.517204E+05    4.209664E+01
  2.741374E+02    9.519295E+05    4.209667E+01
  2.741674E+02    9.521387E+05    4.209670E+01
  2.741974E+02    9.523479E+05    4.209673E+01
  2.742274E+02    9.525571E+05    4.209675E+01
  2.742574E+02    9.527663E+05    4.209678E+01
  2.742874E+02    9.529756E+05    4.209681E+01
  2.743174E+02    9.531849E+05    4.209684E+01
  2.743474E+02    9.533942E+05    4.209687E+01
  2.743774E+02    9.536035E+05    4.209690E+01
  2.744074E+02    9.538129E+05    4.209693E+01
  2.744374E+02    9.540222E+05    4.209696E+01
  2.744674E+02    9.542316E+05    4.209699E+01
  2.744974E+02    9.544411E+05    4.209702E+01
  2.745275E+02    9.546505E+05    4.209705E+01
  2.745575E+02    9.548600E+05    4.209707E+01
  2.745875E+02    9.550695E+05    4.209710E+01
  2.746175E+02    9.552790E+05    4.209713E+01
  2.746475E+02    9.554885E+05    4.209716E+01
  2.746775E+02    9.556981E+05    4.209719E+01
  2.747075E+02    9.559077E+05    4.209722E+01
  2.747375E+02    9.561173E+05    4.209725E+01
  2.747675E+02    9.563269E+05    4.209728E+01
  2.747975E+02    9.565365E+05    4.209731E+01
  2.748275E+02    9.567462E+05    4.209733E+01
  2.748575E+02    9.569559E+05    4.209736E+01
  2.748875E+02    9.571656E+05    4.209739E+01
  2.749175E+02    9.573754E+05    4.209742E+01
  2.749475E+02    9.575851E+05    4.209745E+01
  2.749775E+02    9.577949E+05    4.209748E+01
  2.750075E+02    9.580047E+05    4.209751E+01
  2.750375E+02    9.582146E+05    4.209754E+01
  2.750675E+02    9.584244E+05    4.209757E+01
  2.750975E+02    9.586343E+05    4.209760E+01
  2.751275E+02    9.588442E+05    4.209762E+01
  2.751575E+02    9.590541E+05    4.209765E+01
  2.751875E+02    9.592641E+05    4.209768E+01
  2.752175E+02    9.594740E+05    4.209771E+01
  2.752475E+02    9.596840E+05    4.209774E+01
  2.752775E+02    9.598941E+05    4.209777E+01
  2.753075E+02    9.601041E+05    4.209780E+01
  2.753375E+02    9.603142E+05    4.209783E+01
  2.753675E+02    9.605243E+05    4.209785E+01
  2.753975E+02    9.607344E+05    4.209788E+01
  2.754275E+02    9.609445E+05    4.209791E+01
  2.754575E+02    9.611546E+05    4.209794E+01
  2.754875E+02    9.613648E+05    4.209797E+01
  2.755176E+02    9.615750E+05    4.209800E+01
  2.755476E+02    9.617853E+05    4.209803E+01
  2.755776E+02    9.619955E+05    4.209806E+01
  2.756076E+02    9.622058E+05    4.209809E+01
  2.756376E+02    9.624161E+05    4.209811E+01
  2.756676E+02    9.626264E+05    4.209814E+01
  2.756976E+02    9.628367E+05    4.209817E+01
  2.757276E+02    9.630471E+05    4.209820E+01
  2.757576E+02    9.632575E+05    4.209823E+01
  2.757876E+02    9.634679E+05    4.209826E+01
  2.758176E+02    9.636783E+05    4.209829E+01
  2.758476E+02    9.638888E+05    4.209832E+01
  2.758776E+02    9.640992E+05    4.209834E+01
  2.759076E+02    9.643097E+05    4.209837E+01
  2.759376E+02    9.645203E+05    4.209840E+01
  2.759676E+02    9.647308E+05    4.209843E+01
  2.759976E+02    9.649414E+05    4.209846E+01
  2.760276E+02    9.651520E+05    4.209849E+01
  2.760576E+02    9.653626E+05    4.209852E+01
  2.760876E+02    9.655732E+05    4.209855E+01
  2.761176E+02    9.657839E+05    4.209857E+01
  2.761476E+02    9.659946E+05    4.209860E+01
  2.761776E+02    9.662053E+05    4.209863E+01
  2.762076E+02    9.664160E+05    4.209866E+01
  2.762376E+02    9.666268E+05    4.209869E+01
  2.762676E+02    9.668375E+05    4.209872E+01
  2.762976E+02    9.670483E+05    4.209875E+01
  2.763276E+02    9.672592E+05    4.209877E+01
  2.763576E+02    9.674700E+05    4.209880E+01
  2.763876E+02    9.676809E+05    4.209883E+01
  2.764176E+02    9.678918E+05    4.209886E+01
  2.764476E+02    9.681027E+05    4.209889E+01
  2.764776E+02    9.683136E+05    4.209892E+01
  2.765077E+02    9.685246E+05    4.209895E+01
  2.765377E+02    9.687356E+05    4.209897E+01
  2.765677E+02    9.689466E+05    4.209900E+01
  2.765977E+02    9.691576E+05    4.209903E+01
  2.766277E+02    9.693686E+05    4.209906E+01
  2.766577E+02    9.695797E+05    4.209909E+01
  2.766877E+02    9.697908E+05    4.209912E+01
  2.767177E+02    9.700019E+05    4.209915E+01
  2.767477E+02    9.702131E+05    4.209917E+01
  2.767777E+02    9.704242E+05    4.209920E+01
  2.768077E+02    9.706354E+05    4.209923E+01
  2.768377E+02    9.708466E+05    4.209926E+01
  2.768677E+02    9.710579E+05    4.209929E+01
  2.768977E+02    9.712691E+05    4.209932E+01
  2.769277E+02    9.714804E+05    4.209935E+01
  2.769577E+02    9.716917E+05    4.209937E+01
  2.769877E+02    9.719031E+05    4.209940E+01
  2.770177E+02    9.721144E+05    4.209943E+01
  2.770477E+02    9.723258E+05    4.209946E+01
  2.770777E+02    9.725372E+05    4.209949E+01
  2.771077E+02    9.727486E+05    4.209952E+01
  2.771377E+02    9.729600E+05    4.209955E+01
  2.771677E+02    9.731715E+05    4.209957E+01
  2.771977E+02    9.733830E+05    4.209960E+01
  2.772277E+02    9.735945E+05    4.209963E+01
  2.772577E+02    9.738060E+05    4.209966E+01
  2.772877E+02    9.740176E+05    4.209969E+01
  2.773177E+02    9.742292E+05    4.209972E+01
  2.773477E+02    9.744408E+05    4.209974E+01
  2.773777E+02    9.746524E+05    4.209977E+01
  2.774077E+02    9.748641E+05    4.209980E+01
  2.774377E+02    9.750757E+05    4.209983E+01
  2.774677E+02    9.752874E+05    4.209986E+01
  2.774977E+02    9.754991E+05    4.209989E+01
  2.775278E+02    9.757109E+05    4.209992E+01
  2.775578E+02    9.759226E+05    4.209994E+01
  2.775878E+02    9.761344E+05    4.209997E+01
  2.776178E+02    9.763462E+05    4.210000E+01
  2.776478E+02    9.765581E+05    4.210003E+01
  2.776778E+02    9.767699E+05    4.210006E+01
  2.777078E+02    9.769818E+05    4.210009E+01
  2.777378E+02    9.771937E+05    4.210011E+01
  2.777678E+02    9.774056E+05    4.210014E+01
  2.777978E+02    9.776176E+05    4.210017E+01
  2.778278E+02    9.778296E+05    4.210020E+01
  2.778578E+02    9.780415E+05    4.210023E+01
  2.778878E+02    9.782536E+05    4.210026E+01
  2.779178E+02    9.784656E+05    4.210028E+01
  2.779478E+02    9.786777E+05    4.210031E+01
  2.779778E+02    9.788898E+05    4.210034E+01
  2.780078E+02    9.791019E+05    4.210037E+01
  2.780378E+02    9.793140E+05    4.210040E+01
  2.780678E+02    9.795261E+05    4.210043E+01
  2.780978E+02    9.797383E+05    4.210045E+01
  2.781278E+02    9.799505E+05    4.210048E+01
  2.781578E+02    9.801627E+05    4.210051E+01
  2.781878E+02    9.803750E+05    4.210054E+01
  2.782178E+02    9.805873E+05    4.210057E+01
  2.782478E+02    9.807996E+05    4.210059E+01
  2.782778E+02    9.810119E+05    4.210062E+01
  2.783078E+02    9.812242E+05    4.210065E+01
  2.783378E+02    9.814366E+05    4.210068E+01
  2.783678E+02    9.816490E+05    4.210071E+01
  2.783978E+02    9.818614E+05    4.210074E+01
  2.784278E+02    9.820738E+05    4.210076E+01
  2.784578E+02    9.822862E+05    4.210079E+01
  2.784878E+02    9.824987E+05    4.210082E+01
  2.785179E+02    9.827112E+05    4.210085E+01
  2.785479E+02    9.829237E+05    4.210088E+01
  2.785779E+02    9.831363E+05    4.210091E+01
  2.786079E+02    9.833489E+05    4.210093E+01
  2.786379E+02    9.835614E+05    4.210096E+01
  2.786679E+02    9.837741E+05    4.210099E+01
  2.786979E+02    9.839867E+05    4.210102E+01
  2.787279E+02    9.841994E+05    4.210105E+01
  2.787579E+02    9.844120E+05    4.210107E+01
  2.787879E+02    9.846248E+05    4.210110E+01
  2.788179E+02    9.848375E+05    4.210113E+01
  2.788479E+02    9.850502E+05    4.210116E+01
  2.788779E+02    9.852630E+05    4.210119E+01
  2.789079E+02    9.854758E+05    4.210121E+01
  2.789379E+02    9.856886E+05    4.210124E+01
  2.789679E+02    9.859015E+05    4.210127E+01
  2.789979E+02    9.861143E+05    4.210130E+01
  2.790279E+02    9.863272E+05    4.210133E+01
  2.790579E+02    9.865401E+05    4.210136E+01
  2.790879E+02    9.867531E+05    4.210138E+01
  2.791179E+02    9.869660E+05    4.210141E+01
  2.791479E+02    9.871790E+05    4.210144E+01
  2.791779E+02    9.873920E+05    4.210147E+01
  2.792079E+02    9.876050E+05    4.210150E+01
  2.792379E+02    9.878181E+05    4.210152E+01
  2.792679E+02    9.880312E+05    4.210155E+01
  2.792979E+02    9.882443E+05    4.210158E+01
  2.793279E+02    9.884574E+05    4.210161E+01
  2.793579E+02    9.886705E+05    4.210164E+01
  2.793879E+02    9.888837E+05    4.210166E+01
  2.794179E+02    9.890969E+05    4.210169E+01
  2.794479E+02    9.893101E+05    4.210172E+01
  2.794779E+02    9.895233E+05    4.210175E+01
  2.795080E+02    9.897366E+05    4.210178E+01
  2.795380E+02    9.899499E+05    4.210180E+01
  2.795680E+02    9.901632E+05    4.210183E+01
  2.795980E+02    9.903765E+05    4.210186E+01
  2.796280E+02    9.905899E+05    4.210189E+01
  2.796580E+02    9.908032E+05    4.210192E+01
  2.796880E+02    9.910166E+05    4.210194E+01
  2.797180E+02    9.912300E+05    4.210197E+01
  2.797480E+02    9.914435E+05    4.210200E+01
  2.797780E+02    9.916569E+05    4.210203E+01
  2.798080E+02    9.918704E+05    4.210206E+01
  2.798380E+02    9.920839E+05    4.210208E+01
  2.798680E+02    9.922975E+05    4.210211E+01
  2.798980E+02    9.925110E+05    4.210214E+01
  2.799280E+02    9.927246E+05    4.210217E+01
  2.799580E+02    9.929382E+05    4.210219E+01
  2.799880E+02    9.931518E+05    4.210222E+01
  2.800180E+02    9.933655E+05    4.210225E+01
  2.800480E+02    9.935792E+05    4.210228E+01
  2.800780E+02    9.937929E+05    4.210231E+01
  2.801080E+02    9.940066E+05    4.210233E+01
  2.801380E+02    9.942203E+05    4.210236E+01
  2.801680E+02    9.944341E+05    4.210239E+01
  2.801980E+02    9.946479E+05    4.210242E+01
  2.802280E+02    9.948617E+05    4.210245E+01
  2.802580E+02    9.950755E+05    4.210247E+01
  2.802880E+02    9.952894E+05    4.210250E+01
  2.803180E+02    9.955032E+05    4.210253E+01
  2.803480E+02    9.957171E+05    4.210256E+01
  2.803780E+02    9.959311E+05    4.210258E+01
  2.804080E+02    9.961450E+05    4.210261E+01
  2.804380E+02    9.963590E+05    4.210264E+01
  2.804680E+02    9.965730E+05    4.210267E+01
  2.804980E+02    9.967870E+05    4.210270E+01
  2.805281E+02    9.970010E+05    4.210272E+01
  2.805581E+02    9.972151E+05    4.210275E+01
  2.805881E+02    9.974292E+05    4.210278E+01
  2.806181E+02    9.976433E+05    4.210281E+01
  2.806481E+02    9.978574E+05    4.210284E+01
  2.806781E+02    9.980716E+05    4.210286E+01
  2.807081E+02    9.982857E+05    4.210289E+01
  2.807381E+02    9.984999E+05    4.210292E+01
  2.807681E+02    9.987142E+05    4.210295E+01
  2.807981E+02    9.989284E+05    4.210297E+01
  2.808281E+02    9.991427E+05    4.210300E+01
  2.808581E+02    9.993570E+05    4.210303E+01
  2.808881E+02    9.995713E+05    4.210306E+01
  2.809181E+02    9.997856E+05    4.210308E+01
  2.809481E+02    1.000000E+06    4.210311E+01
  2.809781E+02    1.000214E+06    4.210314E+01
  2.810081E+02    1.000429E+06    4.210317E+01
  2.810381E+02    1.000643E+06    4.210320E+01
  2.810681E+02    1.000858E+06    4.210322E+01
  2.810981E+02    1.001072E+06    4.210325E+01
  2.811281E+02    1.001287E+06    4.210328E+01
  2.811581E+02    1.001501E+06    4.210331E+01
  2.811881E+02    1.001716E+06    4.210333E+01
  2.812181E+02    1.001930E+06    4.210336E+01
  2.812481E+02    1.002145E+06    4.210339E+01
  2.812781E+02    1.002359E+06    4.210342E+01
  2.813081E+02    1.002574E+06    4.210344E+01
  2.813381E+02    1.002789E+06    4.210347E+01
  2.813681E+02    1.003003E+06    4.210350E+01
  2.813981E+02    1.003218E+06    4.210353E+01
  2.814281E+02    1.003433E+06    4.210355E+01
  2.814581E+02    1.003648E+06    4.210358E+01
  2.814881E+02    1.003862E+06    4.210361E+01
  2.815182E+02    1.004077E+06    4.210364E+01
  2.815482E+02    1.004292E+06    4.210367E+01
  2.815782E+02    1.004507E+06    4.210369E+01
  2.816082E+02    1.004722E+06    4.210372E+01
  2.816382E+02    1.004937E+06    4.210375E+01
  2.816682E+02    1.005152E+06    4.210378E+01
  2.816982E+02    1.005366E+06    4.210380E+01
  2.817282E+02    1.005581E+06    4.210383E+01
  2.817582E+02    1.005796E+06    4.210386E+01
  2.817882E+02    1.006011E+06    4.210389E+01
  2.818182E+02    1.006226E+06    4.210391E+01
  2.818482E+02    1.006441E+06    4.210394E+01
  2.818782E+02    1.006657E+06    4.210397E+01
  2.819082E+02    1.006872E+06    4.210400E+01
  2.819382E+02    1.007087E+06    4.210402E+01
  2.819682E+02    1.007302E+06    4.210405E+01
  2.819982E+02    1.007517E+06    4.210408E+01
  2.820282E+02    1.007732E+06    4.210411E+01
  2.820582E+02    1.007947E+06    4.210413E+01
  2.820882E+02    1.008163E+06    4.210416E+01
  2.821182E+02    1.008378E+06    4.210419E+01
  2.821482E+02    1.008593E+06    4.210422E+01
  2.821782E+02    1.008809E+06    4.210424E+01
  2.822082E+02    1.009024E+06    4.210427E+01
  2.822382E+02    1.009239E+06    4.210430E+01
  2.822682E+02    1.009455E+06    4.210433E+01
  2.822982E+02    1.009670E+06    4.210435E+01
  2.823282E+02    1.009885E+06    4.210438E+01
  2.823582E+02    1.010101E+06    4.210441E+01
  2.823882E+02    1.010316E+06    4.210444E+01
  2.824182E+02    1.010532E+06    4.210446E+01
  2.824482E+02    1.010747E+06    4.210449E+01
  2.824782E+02    1.010963E+06    4.210452E+01
  2.825083E+02    1.011178E+06    4.210454E+01
  2.825383E+02    1.011394E+06    4.210457E+01
  2.825683E+02    1.011610E+06    4.210460E+01
  2.825983E+02    1.011825E+06    4.210463E+01
  2.826283E+02    1.012041E+06    4.210465E+01
  2.826583E+02    1.012257E+06    4.210468E+01
  2.826883E+02    1.012472E+06    4.210471E+01
  2.827183E+02    1.012688E+06    4.210474E+01
  2.827483E+02    1.012904E+06    4.210476E+01
  2.827783E+02    1.013119E+06    4.210479E+01
  2.828083E+02    1.013335E+06    4.210482E+01
  2.828383E+02    1.013551E+06    4.210485E+01
  2.828683E+02    1.013767E+06    4.210487E+01
  2.828983E+02    1.013983E+06    4.210490E+01
  2.829283E+02    1.014199E+06    4.210493E+01
  2.829583E+02    1.014414E+06    4.210496E+01
  2.829883E+02    1.014630E+06    4.210498E+01
  2.830183E+02    1.014846E+06    4.210501E+01
  2.830483E+02    1.015062E+06    4.210504E+01
  2.830783E+02    1.015278E+06    4.210506E+01
  2.831083E+02    1.015494E+06    4.210509E+01
  2.831383E+02    1.015710E+06    4.210512E+01
  2.831683E+02    1.015926E+06    4.210515E+01
  2.831983E+02    1.016143E+06    4.210517E+01
  2.832283E+02    1.016359E+06    4.210520E+01
  2.832583E+02    1.016575E+06    4.210523E+01
  2.832883E+02    1.016791E+06    4.210526E+01
  2.833183E+02    1.017007E+06    4.210528E+01
  2.833483E+02    1.017223E+06    4.210531E+01
  2.833783E+02    1.017439E+06    4.210534E+01
  2.834083E+02    1.017656E+06    4.210536E+01
  2.834383E+02    1.017872E+06    4.210539E+01
  2.834683E+02    1.018088E+06    4.210542E+01
  2.834983E+02    1.018305E+06    4.210545E+01
  2.835284E+02    1.018521E+06    4.210547E+01
  2.835584E+02    1.018737E+06    4.210550E+01
  2.835884E+02    1.018954E+06    4.210553E+01
  2.836184E+02    1.019170E+06    4.210555E+01
  2.836484E+02    1.019387E+06    4.210558E+01
  2.836784E+02    1.019603E+06    4.210561E+01
  2.837084E+02    1.019819E+06    4.210564E+01
  2.837384E+02    1.020036E+06    4.210566E+01
  2.837684E+02    1.020252E+06    4.210569E+01
  2.837984E+02    1.020469E+06    4.210572E+01
  2.838284E+02    1.020686E+06    4.210574E+01
  2.838584E+02    1.020902E+06    4.210577E+01
  2.838884E+02    1.021119E+06    4.210580E+01
  2.839184E+02    1.021335E+06    4.210583E+01
  2.839484E+02    1.021552E+06    4.210585E+01
  2.839784E+02    1.021769E+06    4.210588E+01
  2.840084E+02    1.021985E+06    4.210591E+01
  2.840384E+02    1.022202E+06    4.210593E+01
  2.840684E+02    1.022419E+06    4.210596E+01
  2.840984E+02    1.022636E+06    4.210599E+01
  2.841284E+02    1.022853E+06    4.210602E+01
  2.841584E+02    1.023069E+06    4.210604E+01
  2.841884E+02    1.023286E+06    4.210607E+01
  2.842184E+02    1.023503E+06    4.210610E+01
  2.842484E+02    1.023720E+06    4.210612E+01
  2.842784E+02    1.023937E+06    4.210615E+01
  2.843084E+02    1.024154E+06    4.210618E+01
  2.843384E+02    1.024371E+06    4.210621E+01
  2.843684E+02    1.024588E+06    4.210623E+01
  2.843984E+02    1.024805E+06    4.210626E+01
  2.844284E+02    1.025022E+06    4.210629E+01
  2.844584E+02    1.025239E+06    4.210631E+01
  2.844884E+02    1.025456E+06    4.210634E+01
  2.845185E+02    1.025673E+06    4.210637E+01
  2.845485E+02    1.025890E+06    4.210639E+01
  2.845785E+02    1.026107E+06    4.210642E+01
  2.846085E+02    1.026324E+06    4.210645E+01
  2.846385E+02    1.026542E+06    4.210648E+01
  2.846685E+02    1.026759E+06    4.210650E+01
  2.846985E+02    1.026976E+06    4.210653E+01
  2.847285E+02    1.027193E+06    4.210656E+01
  2.847585E+02    1.027411E+06    4.210658E+01
  2.847885E+02    1.027628E+06    4.210661E+01
  2.848185E+02    1.027845E+06    4.210664E+01
  2.848485E+02    1.028063E+06    4.210666E+01
  2.848785E+02    1.028280E+06    4.210669E+01
  2.849085E+02    1.028497E+06    4.210672E+01
  2.849385E+02    1.028715E+06    4.210675E+01
  2.849685E+02    1.028932E+06    4.210677E+01
  2.849985E+02    1.029150E+06    4.210680E+01
  2.850285E+02    1.029367E+06    4.210683E+01
  2.850585E+02    1.029585E+06    4.210685E+01
  2.850885E+02    1.029802E+06    4.210688E+01
  2.851185E+02    1.030020E+06    4.210691E+01
  2.851485E+02    1.030237E+06    4.210693E+01
  2.851785E+02    1.030455E+06    4.210696E+01
  2.852085E+02    1.030672E+06    4.210699E+01
  2.852385E+02    1.030890E+06    4.210701E+01
  2.852685E+02    1.031108E+06    4.210704E+01
  2.852985E+02    1.031325E+06    4.210707E+01
  2.853285E+02    1.031543E+06    4.210709E+01
  2.853585E+02    1.031761E+06    4.210712E+01
  2.853885E+02    1.031979E+06    4.210715E+01
  2.854185E+02    1.032196E+06    4.210718E+01
  2.854485E+02    1.032414E+06    4.210720E+01
  2.854785E+02    1.032632E+06    4.210723E+01
  2.855086E+02    1.032850E+06    4.210726E+01
  2.855386E+02    1.033068E+06    4.210728E+01
  2.855686E+02    1.033286E+06    4.210731E+01
  2.855986E+02    1.033504E+06    4.210734E+01
  2.856286E+02    1.033722E+06    4.210736E+01
  2.856586E+02    1.033940E+06    4.210739E+01
  2.856886E+02    1.034158E+06    4.210742E+01
  2.857186E+02    1.034376E+06    4.210744E+01
  2.857486E+02    1.034594E+06    4.210747E+01
  2.857786E+02    1.034812E+06    4.210750E+01
  2.858086E+02    1.035030E+06    4.210752E+01
  2.858386E+02    1.035248E+06    4.210755E+01
  2.858686E+02    1.035466E+06    4.210758E+01
  2.858986E+02    1.035684E+06    4.210760E+01
  2.859286E+02    1.035902E+06    4.210763E+01
  2.859586E+02    1.036121E+06    4.210766E+01
  2.859886E+02    1.036339E+06    4.210768E+01
  2.860186E+02    1.036557E+06    4.210771E+01
  2.860486E+02    1.036775E+06    4.210774E+01
  2.860786E+02    1.036994E+06    4.210776E+01
  2.861086E+02    1.037212E+06    4.210779E+01
  2.861386E+02    1.037430E+06    4.210782E+01
  2.861686E+02    1.037649E+06    4.210784E+01
  2.861986E+02    1.037867E+06    4.210787E+01
  2.862286E+02    1.038085E+06    4.210790E+01
  2.862586E+02    1.038304E+06    4.210792E+01
  2.862886E+02    1.038522E+06    4.210795E+01
  2.863186E+02    1.038741E+06    4.210798E+01
  2.863486E+02    1.038959E+06    4.210800E+01
  2.863786E+02    1.039178E+06    4.210803E+01
  2.864086E+02    1.039396E+06    4.210806E+01
  2.864386E+02    1.039615E+06    4.210808E+01
  2.864686E+02    1.039833E+06    4.210811E+01
  2.864986E+02    1.040052E+06    4.210814E+01
  2.865287E+02    1.040271E+06    4.210816E+01
  2.865587E+02    1.040489E+06    4.210819E+01
  2.865887E+02    1.040708E+06    4.210822E+01
  2.866187E+02    1.040927E+06    4.210824E+01
  2.866487E+02    1.041145E+06    4.210827E+01
  2.866787E+02    1.041364E+06    4.210830E+01
  2.867087E+02    1.041583E+06    4.210832E+01
  2.867387E+02    1.041802E+06    4.210835E+01
  2.867687E+02    1.042021E+06    4.210838E+01
  2.867987E+02    1.042239E+06    4.210840E+01
  2.868287E+02    1.042458E+06    4.210843E+01
  2.868587E+02    1.042677E+06    4.210846E+01
  2.868887E+02    1.042896E+06    4.210848E+01
  2.869187E+02    1.043115E+06    4.210851E+01
  2.869487E+02    1.043334E+06    4.210854E+01
  2.869787E+02    1.043553E+06    4.210856E+01
  2.870087E+02    1.043772E+06    4.210859E+01
  2.870387E+02    1.043991E+06    4.210862E+01
  2.870687E+02    1.044210E+06    4.210864E+01
  2.870987E+02    1.044429E+06    4.210867E+01
  2.871287E+02    1.044648E+06    4.210870E+01
  2.871587E+02    1.044867E+06    4.210872E+01
  2.871887E+02    1.045086E+06    4.210875E+01
  2.872187E+02    1.045306E+06    4.210878E+01
  2.872487E+02    1.045525E+06    4.210880E+01
  2.872787E+02    1.045744E+06    4.210883E+01
  2.873087E+02    1.045963E+06    4.210885E+01
  2.873387E+02    1.046182E+06    4.210888E+01
  2.873687E+02    1.046402E+06    4.210891E+01
  2.873987E+02    1.046621E+06    4.210893E+01
  2.874287E+02    1.046840E+06    4.210896E+01
  2.874587E+02    1.047060E+06    4.210899E+01
  2.874887E+02    1.047279E+06    4.210901E+01
  2.875188E+02    1.047498E+06    4.210904E+01
  2.875488E+02    1.047718E+06    4.210907E+01
  2.875788E+02    1.047937E+06    4.210909E+01
  2.876088E+02    1.048157E+06    4.210912E+01
  2.876388E+02    1.048376E+06    4.210915E+01
  2.876688E+02    1.048596E+06    4.210917E+01
  2.876988E+02    1.048815E+06    4.210920E+01
  2.877288E+02    1.049035E+06    4.210923E+01
  2.877588E+02    1.049254E+06    4.210925E+01
  2.877888E+02    1.049474E+06    4.210928E+01
  2.878188E+02    1.049694E+06    4.210930E+01
  2.878488E+02    1.049913E+06    4.210933E+01
  2.878788E+02    1.050133E+06    4.210936E+01
  2.879088E+02    1.050353E+06    4.210938E+01
  2.879388E+02    1.050572E+06    4.210941E+01
  2.879688E+02    1.050792E+06    4.210944E+01
  2.879988E+02    1.051012E+06    4.210946E+01
  2.880288E+02    1.051232E+06    4.210949E+01
  2.880588E+02    1.051451E+06    4.210952E+01
  2.880888E+02    1.051671E+06    4.210954E+01
  2.881188E+02    1.051891E+06    4.210957E+01
  2.881488E+02    1.052111E+06    4.210959E+01
  2.881788E+02    1.052331E+06    4.210962E+01
  2.882088E+02    1.052551E+06    4.210965E+01
  2.882388E+02    1.052771E+06    4.210967E+01
  2.882688E+02    1.052991E+06    4.210970E+01
  2.882988E+02    1.053211E+06    4.210973E+01
  2.883288E+02    1.053431E+06    4.210975E+01
  2.883588E+02    1.053651E+06    4.210978E+01
  2.883888E+02    1.053871E+06    4.210980E+01
  2.884188E+02    1.054091E+06    4.210983E+01
  2.884488E+02    1.054311E+06    4.210986E+01
  2.884788E+02    1.054531E+06    4.210988E+01
  2.885089E+02    1.054751E+06    4.210991E+01
  2.885389E+02    1.054971E+06    4.210994E+01
  2.885689E+02    1.055192E+06    4.210996E+01
  2.885989E+02    1.055412E+06    4.210999E+01
  2.886289E+02    1.055632E+06    4.211001E+01
  2.886589E+02    1.055852E+06    4.211004E+01
  2.886889E+02    1.056073E+06    4.211007E+01
  2.887189E+02    1.056293E+06    4.211009E+01
  2.887489E+02    1.056513E+06    4.211012E+01
  2.887789E+02    1.056734E+06    4.211015E+01
  2.888089E+02    1.056954E+06    4.211017E+01
  2.888389E+02    1.057174E+06    4.211020E+01
  2.888689E+02    1.057395E+06    4.211022E+01
  2.888989E+02    1.057615E+06    4.211025E+01
  2.889289E+02    1.057836E+06    4.211028E+01
  2.889589E+02    1.058056E+06    4.211030E+01
  2.889889E+02    1.058277E+06    4.211033E+01
  2.890189E+02    1.058497E+06    4.211036E+01
  2.890489E+02    1.058718E+06    4.211038E+01
  2.890789E+02    1.058939E+06    4.211041E+01
  2.891089E+02    1.059159E+06    4.211043E+01
  2.891389E+02    1.059380E+06    4.211046E+01
  2.891689E+02    1.059600E+06    4.211049E+01
  2.891989E+02    1.059821E+06    4.211051E+01
  2.892289E+02    1.060042E+06    4.211054E+01
  2.892589E+02    1.060263E+06    4.211056E+01
  2.892889E+02    1.060483E+06    4.211059E+01
  2.893189E+02    1.060704E+06    4.211062E+01
  2.893489E+02    1.060925E+06    4.211064E+01
  2.893789E+02    1.061146E+06    4.211067E+01
  2.894089E+02    1.061367E+06    4.211070E+01
  2.894389E+02    1.061587E+06    4.211072E+01
  2.894689E+02    1.061808E+06    4.211075E+01
  2.894989E+02    1.062029E+06    4.211077E+01
  2.895290E+02    1.062250E+06    4.211080E+01
  2.895590E+02    1.062471E+06    4.211083E+01
  2.895890E+02    1.062692E+06    4.211085E+01
  2.896190E+02    1.062913E+06    4.211088E+01
  2.896490E+02    1.063134E+06    4.211090E+01
  2.896790E+02    1.063355E+06    4.211093E+01
  2.897090E+02    1.063576E+06    4.211096E+01
  2.897390E+02    1.063797E+06    4.211098E+01
  2.897690E+02    1.064018E+06    4.211101E+01
  2.897990E+02    1.064240E+06    4.211103E+01
  2.898290E+02    1.064461E+06    4.211106E+01
  2.898590E+02    1.064682E+06    4.211109E+01
  2.898890E+02    1.064903E+06    4.211111E+01
  2.899190E+02    1.065124E+06    4.211114E+01
  2.899490E+02    1.065346E+06    4.211116E+01
  2.899790E+02    1.065567E+06    4.211119E+01
  2.900090E+02    1.065788E+06    4.211122E+01
  2.900390E+02    1.066009E+06    4.211124E+01
  2.900690E+02    1.066231E+06    4.211127E+01
  2.900990E+02    1.066452E+06    4.211129E+01
  2.901290E+02    1.066674E+06    4.211132E+01
  2.901590E+02    1.066895E+06    4.211135E+01
  2.901890E+02    1.067116E+06    4.211137E+01
  2.902190E+02    1.067338E+06    4.211140E+01
  2.902490E+02    1.067559E+06    4.211142E+01
  2.902790E+02    1.067781E+06    4.211145E+01
  2.903090E+02    1.068002E+06    4.211148E+01
  2.903390E+02    1.068224E+06    4.211150E+01
  2.903690E+02    1.068446E+06    4.211153E+01
  2.903990E+02    1.068667E+06    4.211155E+01
  2.904290E+02    1.068889E+06    4.211158E+01
  2.904590E+02    1.069110E+06    4.211161E+01
  2.904890E+02    1.069332E+06    4.211163E+01
  2.905191E+02    1.069554E+06    4.211166E+01
  2.905491E+02    1.069775E+06    4.211168E+01
  2.905791E+02    1.069997E+06    4.211171E+01
  2.906091E+02    1.070219E+06    4.211174E+01
  2.906391E+02    1.070441E+06    4.211176E+01
  2.906691E+02    1.070663E+06    4.211179E+01
  2.906991E+02    1.070884E+06    4.211181E+01
  2.907291E+02    1.071106E+06    4.211184E+01
  2.907591E+02    1.071328E+06    4.211186E+01
  2.907891E+02    1.071550E+06    4.211189E+01
  2.908191E+02    1.071772E+06    4.211192E+01
  2.908491E+02    1.071994E+06    4.211194E+01
  2.908791E+02    1.072216E+06    4.211197E+01
  2.909091E+02    1.072438E+06    4.211199E+01
  2.909391E+02    1.072660E+06    4.211202E+01
  2.909691E+02    1.072882E+06    4.211205E+01
  2.909991E+02    1.073104E+06    4.211207E+01
  2.910291E+02    1.073326E+06    4.211210E+01
  2.910591E+02    1.073548E+06    4.211212E+01
  2.910891E+02    1.073770E+06    4.211215E+01
  2.911191E+02    1.073992E+06    4.211217E+01
  2.911491E+02    1.074215E+06    4.211220E+01
  2.911791E+02    1.074437E+06    4.211223E+01
  2.912091E+02    1.074659E+06    4.211225E+01
  2.912391E+02    1.074881E+06    4.211228E+01
  2.912691E+02    1.075104E+06    4.211230E+01
  2.912991E+02    1.075326E+06    4.211233E+01
  2.913291E+02    1.075548E+06    4.211235E+01
  2.913591E+02    1.075770E+06    4.211238E+01
  2.913891E+02    1.075993E+06    4.211241E+01
  2.914191E+02    1.076215E+06    4.211243E+01
  2.914491E+02    1.076438E+06    4.211246E+01
  2.914791E+02    1.076660E+06    4.211248E+01
  2.915092E+02    1.076882E+06    4.211251E+01
  2.915392E+02    1.077105E+06    4.211254E+01
  2.915692E+02    1.077327E+06    4.211256E+01
  2.915992E+02    1.077550E+06    4.211259E+01
  2.916292E+02    1.077772E+06    4.211261E+01
  2.916592E+02    1.077995E+06    4.211264E+01
  2.916892E+02    1.078218E+06    4.211266E+01
  2.917192E+02    1.078440E+06    4.211269E+01
  2.917492E+02    1.078663E+06    4.211271E+01
  2.917792E+02    1.078886E+06    4.211274E+01
  2.918092E+02    1.079108E+06    4.211277E+01
  2.918392E+02    1.079331E+06    4.211279E+01
  2.918692E+02    1.079554E+06    4.211282E+01
  2.918992E+02    1.079776E+06    4.211284E+01
  2.919292E+02    1.079999E+06    4.211287E+01
  2.919592E+02    1.080222E+06    4.211289E+01
  2.919892E+02    1.080445E+06    4.211292E+01
  2.920192E+02    1.080668E+06    4.211295E+01
  2.920492E+02    1.080890E+06    4.211297E+01
  2.920792E+02    1.081113E+06    4.211300E+01
  2.921092E+02    1.081336E+06    4.211302E+01
  2.921392E+02    1.081559E+06    4.211305E+01
  2.921692E+02    1.081782E+06    4.211307E+01
  2.921992E+02    1.082005E+06    4.211310E+01
  2.922292E+02    1.082228E+06    4.211313E+01
  2.922592E+02    1.082451E+06    4.211315E+01
  2.922892E+02    1.082674E+06    4.211318E+01
  2.923192E+02    1.082897E+06    4.211320E+01
  2.923492E+02    1.083120E+06    4.211323E+01
  2.923792E+02    1.083343E+06    4.211325E+01
  2.924092E+02    1.083567E+06    4.211328E+01
  2.924392E+02    1.083790E+06    4.211330E+01
  2.924692E+02    1.084013E+06    4.211333E+01
  2.924992E+02    1.084236E+06    4.211336E+01
  2.925293E+02    1.084459E+06    4.211338E+01
  2.925593E+02    1.084683E+06    4.211341E+01
  2.925893E+02    1.084906E+06    4.211343E+01
  2.926193E+02    1.085129E+06    4.211346E+01
  2.926493E+02    1.085353E+06    4.211348E+01
  2.926793E+02    1.085576E+06    4.211351E+01
  2.927093E+02    1.085799E+06    4.211353E+01
  2.927393E+02    1.086023E+06    4.211356E+01
  2.927693E+02    1.086246E+06    4.211359E+01
  2.927993E+02    1.086469E+06    4.211361E+01
  2.928293E+02    1.086693E+06    4.211364E+01
  2.928593E+02    1.086916E+06    4.211366E+01
  2.928893E+02    1.087140E+06    4.211369E+01
  2.929193E+02    1.087363E+06    4.211371E+01
  2.929493E+02    1.087587E+06    4.211374E+01
  2.929793E+02    1.087811E+06    4.211376E+01
  2.930093E+02    1.088034E+06    4.211379E+01
  2.930393E+02    1.088258E+06    4.211381E+01
  2.930693E+02    1.088481E+06    4.211384E+01
  2.930993E+02    1.088705E+06    4.211387E+01
  2.931293E+02    1.088929E+06    4.211389E+01
  2.931593E+02    1.089153E+06    4.211392E+01
  2.931893E+02    1.089376E+06    4.211394E+01
  2.932193E+02    1.089600E+06    4.211397E+01
  2.932493E+02    1.089824E+06    4.211399E+01
  2.932793E+02    1.090048E+06    4.211402E+01
  2.933093E+02    1.090271E+06    4.211404E+01
  2.933393E+02    1.090495E+06    4.211407E+01
  2.933693E+02    1.090719E+06    4.211409E+01
  2.933993E+02    1.090943E+06    4.211412E+01
  2.934293E+02    1.091167E+06    4.211415E+01
  2.934593E+02    1.091391E+06    4.211417E+01
  2.934893E+02    1.091615E+06    4.211420E+01
  2.935194E+02    1.091839E+06    4.211422E+01
  2.935494E+02    1.092063E+06    4.211425E+01
  2.935794E+02    1.092287E+06    4.211427E+01
  2.936094E+02    1.092511E+06    4.211430E+01
  2.936394E+02    1.092735E+06    4.211432E+01
  2.936694E+02    1.092959E+06    4.211435E+01
  2.936994E+02    1.093183E+06    4.211437E+01
  2.937294E+02    1.093407E+06    4.211440E+01
  2.937594E+02    1.093632E+06    4.211442E+01
  2.937894E+02    1.093856E+06    4.211445E+01
  2.938194E+02    1.094080E+06    4.211447E+01
  2.938494E+02    1.094304E+06    4.211450E+01
  2.938794E+02    1.094529E+06    4.211453E+01
  2.939094E+02    1.094753E+06    4.211455E+01
  2.939394E+02    1.094977E+06    4.211458E+01
  2.939694E+02    1.095201E+06    4.211460E+01
  2.939994E+02    1.095426E+06    4.211463E+01
  2.940294E+02    1.095650E+06    4.211465E+01
  2.940594E+02    1.095875E+06    4.211468E+01
  2.940894E+02    1.096099E+06    4.211470E+01
  2.941194E+02    1.096323E+06    4.211473E+01
  2.941494E+02    1.096548E+06    4.211475E+01
  2.941794E+02    1.096772E+06    4.211478E+01
  2.942094E+02    1.096997E+06    4.211480E+01
  2.942394E+02    1.097221E+06    4.211483E+01
  2.942694E+02    1.097446E+06    4.211485E+01
  2.942994E+02    1.097671E+06    4.211488E+01
  2.943294E+02    1.097895E+06    4.211490E+01
  2.943594E+02    1.098120E+06    4.211493E+01
  2.943894E+02    1.098345E+06    4.211495E+01
  2.944194E+02    1.098569E+06    4.211498E+01
  2.944494E+02    1.098794E+06    4.211501E+01
  2.944794E+02    1.099019E+06    4.211503E+01
  2.945095E+02    1.099243E+06    4.211506E+01
  2.945395E+02    1.099468E+06    4.211508E+01
  2.945695E+02    1.099693E+06    4.211511E+01
  2.945995E+02    1.099918E+06    4.211513E+01
  2.946295E+02    1.100143E+06    4.211516E+01
  2.946595E+02    1.100367E+06    4.211518E+01
  2.946895E+02    1.100592E+06    4.211521E+01
  2.947195E+02    1.100817E+06    4.211523E+01
  2.947495E+02    1.101042E+06    4.211526E+01
  2.947795E+02    1.101267E+06    4.211528E+01
  2.948095E+02    1.101492E+06    4.211531E+01
  2.948395E+02    1.101717E+06    4.211533E+01
  2.948695E+02    1.101942E+06    4.211536E+01
  2.948995E+02    1.102167E+06    4.211538E+01
  2.949295E+02    1.102392E+06    4.211541E+01
  2.949595E+02    1.102617E+06    4.211543E+01
  2.949895E+02    1.102842E+06    4.211546E+01
  2.950195E+02    1.103068E+06    4.211548E+01
  2.950495E+02    1.103293E+06    4.211551E+01
  2.950795E+02    1.103518E+06    4.211553E+01
  2.951095E+02    1.103743E+06    4.211556E+01
  2.951395E+02    1.103968E+06    4.211558E+01
  2.951695E+02    1.104194E+06    4.211561E+01
  2.951995E+02    1.104419E+06    4.211563E+01
  2.952295E+02    1.104644E+06    4.211566E+01
  2.952595E+02    1.104870E+06    4.211568E+01
  2.952895E+02    1.105095E+06    4.211571E+01
  2.953195E+02    1.105320E+06    4.211573E+01
  2.953495E+02    1.105546E+06    4.211576E+01
  2.953795E+02    1.105771E+06    4.211578E+01
  2.954095E+02    1.105996E+06    4.211581E+01
  2.954395E+02    1.106222E+06    4.211583E+01
  2.954695E+02    1.106447E+06    4.211586E+01
  2.954995E+02    1.106673E+06    4.211588E+01
  2.955296E+02    1.106898E+06    4.211591E+01
  2.955596E+02    1.107124E+06    4.211593E+01
  2.955896E+02    1.107350E+06    4.211596E+01
  2.956196E+02    1.107575E+06    4.211598E+01
  2.956496E+02    1.107801E+06    4.211601E+01
  2.956796E+02    1.108026E+06    4.211603E+01
  2.957096E+02    1.108252E+06    4.211606E+01
  2.957396E+02    1.108478E+06    4.211608E+01
  2.957696E+02    1.108703E+06    4.211611E+01
  2.957996E+02    1.108929E+06    4.211613E+01
  2.958296E+02    1.109155E+06    4.211616E+01
  2.958596E+02    1.109381E+06    4.211618E+01
  2.958896E+02    1.109607E+06    4.211621E+01
  2.959196E+02    1.109832E+06    4.211623E+01
  2.959496E+02    1.110058E+06    4.211626E+01
  2.959796E+02    1.110284E+06    4.211628E+01
  2.960096E+02    1.110510E+06    4.211631E+01
  2.960396E+02    1.110736E+06    4.211633E+01
  2.960696E+02    1.110962E+06    4.211636E+01
  2.960996E+02    1.111188E+06    4.211638E+01
  2.961296E+02    1.111414E+06    4.211641E+01
  2.961596E+02    1.111640E+06    4.211643E+01
  2.961896E+02    1.111866E+06    4.211646E+01
  2.962196E+02    1.112092E+06    4.211648E+01
  2.962496E+02    1.112318E+06    4.211651E+01
  2.962796E+02    1.112544E+06    4.211653E+01
  2.963096E+02    1.112770E+06    4.211656E+01
  2.963396E+02    1.112996E+06    4.211658E+01
  2.963696E+02    1.113223E+06    4.211661E+01
  2.963996E+02    1.113449E+06    4.211663E+01
  2.964296E+02    1.113675E+06    4.211666E+01
  2.964596E+02    1.113901E+06    4.211668E+01
  2.964896E+02    1.114127E+06    4.211671E+01
  2.965197E+02    1.114354E+06    4.211673E+01
  2.965497E+02    1.114580E+06    4.211676E+01
  2.965797E+02    1.114806E+06    4.211678E+01
  2.966097E+02    1.115033E+06    4.211681E+01
  2.966397E+02    1.115259E+06    4.211683E+01
  2.966697E+02    1.115486E+06    4.211686E+01
  2.966997E+02    1.115712E+06    4.211688E+01
  2.967297E+02    1.115938E+06    4.211691E+01
  2.967597E+02    1.116165E+06    4.211693E+01
  2.967897E+02    1.116391E+06    4.211696E+01
  2.968197E+02    1.116618E+06    4.211698E+01
  2.968497E+02    1.116844E+06    4.211701E+01
  2.968797E+02    1.117071E+06    4.211703E+01
  2.969097E+02    1.117298E+06    4.211706E+01
  2.969397E+02    1.117524E+06    4.211708E+01
  2.969697E+02    1.117751E+06    4.211711E+01
  2.969997E+02    1.117977E+06    4.211713E+01
  2.970297E+02    1.118204E+06    4.211715E+01
  2.970597E+02    1.118431E+06    4.211718E+01
  2.970897E+02    1.118658E+06    4.211720E+01
  2.971197E+02    1.118884E+06    4.211723E+01
  2.971497E+02    1.119111E+06    4.211725E+01
  2.971797E+02    1.119338E+06    4.211728E+01
  2.972097E+02    1.119565E+06    4.211730E+01
  2.972397E+02    1.119791E+06    4.211733E+01
  2.972697E+02    1.120018E+06    4.211735E+01
  2.972997E+02    1.120245E+06    4.211738E+01
  2.973297E+02    1.120472E+06    4.211740E+01
  2.973597E+02    1.120699E+06    4.211743E+01
  2.973897E+02    1.120926E+06    4.211745E+01
  2.974197E+02    1.121153E+06    4.211748E+01
  2.974497E+02    1.121380E+06    4.211750E+01
  2.974797E+02    1.121607E+06    4.211753E+01
  2.975098E+02    1.121834E+06    4.211755E+01
  2.975398E+02    1.122061E+06    4.211758E+01
  2.975698E+02    1.122288E+06    4.211760E+01
  2.975998E+02    1.122515E+06    4.211762E+01
  2.976298E+02    1.122742E+06    4.211765E+01
  2.976598E+02    1.122970E+06    4.211767E+01
  2.976898E+02    1.123197E+06    4.211770E+01
  2.977198E+02    1.123424E+06    4.211772E+01
  2.977498E+02    1.123651E+06    4.211775E+01
  2.977798E+02    1.123878E+06    4.211777E+01
  2.978098E+02    1.124106E+06    4.211780E+01
  2.978398E+02    1.124333E+06    4.211782E+01
  2.978698E+02    1.124560E+06    4.211785E+01
  2.978998E+02    1.124788E+06    4.211787E+01
  2.979298E+02    1.125015E+06    4.211790E+01
  2.979598E+02    1.125242E+06    4.211792E+01
  2.979898E+02    1.125470E+06    4.211795E+01
  2.980198E+02    1.125697E+06    4.211797E+01
  2.980498E+02    1.125925E+06    4.211799E+01
  2.980798E+02    1.126152E+06    4.211802E+01
  2.981098E+02    1.126380E+06    4.211804E+01
  2.981398E+02    1.126607E+06    4.211807E+01
  2.981698E+02    1.126835E+06    4.211809E+01
  2.981998E+02    1.127062E+06    4.211812E+01
  2.982298E+02    1.127290E+06    4.211814E+01
  2.982598E+02    1.127518E+06    4.211817E+01
  2.982898E+02    1.127745E+06    4.211819E+01
  2.983198E+02    1.127973E+06    4.211822E+01
  2.983498E+02    1.128201E+06    4.211824E+01
  2.983798E+02    1.128428E+06    4.211826E+01
  2.984098E+02    1.128656E+06    4.211829E+01
  2.984398E+02    1.128884E+06    4.211831E+01
  2.984698E+02    1.129112E+06    4.211834E+01
  2.984998E+02    1.129339E+06    4.211836E+01
  2.985299E+02    1.129567E+06    4.211839E+01
  2.985599E+02    1.129795E+06    4.211841E+01
  2.985899E+02    1.130023E+06    4.211844E+01
  2.986199E+02    1.130251E+06    4.211846E+01
  2.986499E+02    1.130479E+06    4.211849E+01
  2.986799E+02    1.130707E+06    4.211851E+01
  2.987099E+02    1.130935E+06    4.211853E+01
  2.987399E+02    1.131163E+06    4.211856E+01
  2.987699E+02    1.131391E+06    4.211858E+01
  2.987999E+02    1.131619E+06    4.211861E+01
  2.988299E+02    1.131847E+06    4.211863E+01
  2.988599E+02    1.132075E+06    4.211866E+01
  2.988899E+02    1.132303E+06    4.211868E+01
  2.989199E+02    1.132531E+06    4.211871E+01
  2.989499E+02    1.132759E+06    4.211873E+01
  2.989799E+02    1.132987E+06    4.211875E+01
  2.990099E+02    1.133216E+06    4.211878E+01
  2.990399E+02    1.133444E+06    4.211880E+01
  2.990699E+02    1.133672E+06    4.211883E+01
  2.990999E+02    1.133900E+06    4.211885E+01
  2.991299E+02    1.134129E+06    4.211888E+01
  2.991599E+02    1.134357E+06    4.211890E+01
  2.991899E+02    1.134585E+06    4.211893E+01
  2.992199E+02    1.134814E+06    4.211895E+01
  2.992499E+02    1.135042E+06    4.211897E+01
  2.992799E+02    1.135270E+06    4.211900E+01
  2.993099E+02    1.135499E+06    4.211902E+01
  2.993399E+02    1.135727E+06    4.211905E+01
  2.993699E+02    1.135956E+06    4.211907E+01
  2.993999E+02    1.136184E+06    4.211910E+01
  2.994299E+02    1.136413E+06    4.211912E+01
  2.994599E+02    1.136641E+06    4.211915E+01
  2.994899E+02    1.136870E+06    4.211917E+01
  2.995200E+02    1.137098E+06    4.211919E+01
  2.995500E+02    1.137327E+06    4.211922E+01
  2.995800E+02    1.137556E+06    4.211924E+01
  2.996100E+02    1.137784E+06    4.211927E+01
  2.996400E+02    1.138013E+06    4.211929E+01
  2.996700E+02    1.138242E+06    4.211932E+01
  2.997000E+02    1.138470E+06    4.211934E+01
  2.997300E+02    1.138699E+06    4.211936E+01
  2.997600E+02    1.138928E+06    4.211939E+01
  2.997900E+02    1.139157E+06    4.211941E+01
  2.998200E+02    1.139385E+06    4.211944E+01
  2.998500E+02    1.139614E+06    4.211946E+01
  2.998800E+02    1.139843E+06    4.211949E+01
  2.999100E+02    1.140072E+06    4.211951E+01
  2.999400E+02    1.140301E+06    4.211953E+01
  2.999700E+02    1.140530E+06    4.211956E+01
  3.000000E+02    1.140759E+06    4.211958E+01
