# sin2theta_W   A(s)   chi2   dchi2
   0.000000E+00     9.523145E-02     1.751024E+01     0.000000E+00
   1.666667E-04     9.552979E-02     1.751025E+01     1.979429E-06
   3.333333E-04     9.582861E-02     1.751025E+01     3.961985E-06
   5.000000E-04     9.612789E-02     1.751025E+01     5.947668E-06
   6.666667E-04     9.642764E-02     1.751025E+01     7.936478E-06
   8.333333E-04     9.672786E-02     1.751025E+01     9.928416E-06
   1.000000E-03     9.702854E-02     1.751026E+01     1.192348E-05
   1.166667E-03     9.732969E-02     1.751026E+01     1.392167E-05
   1.333333E-03     9.763130E-02     1.751026E+01     1.592299E-05
   1.500000E-03     9.793339E-02     1.751026E+01     1.792744E-05
   1.666667E-03     9.823593E-02     1.751026E+01     1.993502E-05
   1.833333E-03     9.853895E-02     1.751027E+01     2.194572E-05
   2.000000E-03     9.884243E-02     1.751027E+01     2.395955E-05
   2.166667E-03     9.914638E-02     1.751027E+01     2.597651E-05
   2.333333E-03     9.945080E-02     1.751027E+01     2.799660E-05
   2.500000E-03     9.975568E-02     1.751027E+01     3.001982E-05
   2.666667E-03     1.000610E-01     1.751028E+01     3.204616E-05
   2.833333E-03     1.003668E-01     1.751028E+01     3.407564E-05
   3.000000E-03     1.006731E-01     1.751028E+01     3.610824E-05
   3.166667E-03     1.009799E-01     1.751028E+01     3.814398E-05
   3.333333E-03     1.012871E-01     1.751029E+01     4.018284E-05
   3.500000E-03     1.015948E-01     1.751029E+01     4.222483E-05
   3.666667E-03     1.019029E-01     1.751029E+01     4.426995E-05
   3.833333E-03     1.022115E-01     1.751029E+01     4.631820E-05
   4.000000E-03     1.025206E-01     1.751029E+01     4.836959E-05
   4.166667E-03     1.028302E-01     1.751030E+01     5.042410E-05
   4.333333E-03     1.031402E-01     1.751030E+01     5.248174E-05
   4.500000E-03     1.034507E-01     1.751030E+01     5.454251E-05
   4.666667E-03     1.037616E-01     1.751030E+01     5.660642E-05
   4.833333E-03     1.040730E-01     1.751030E+01     5.867345E-05
   5.000000E-03     1.043849E-01     1.751031E+01     6.074362E-05
   5.166667E-03     1.046972E-01     1.751031E+01     6.281691E-05
   5.333333E-03     1.050101E-01     1.751031E+01     6.489334E-05
   5.500000E-03     1.053233E-01     1.751031E+01     6.697290E-05
   5.666667E-03     1.056371E-01     1.751031E+01     6.905559E-05
   5.833333E-03     1.059513E-01     1.751032E+01     7.114141E-05
   6.000000E-03     1.062660E-01     1.751032E+01     7.323037E-05
   6.166667E-03     1.065811E-01     1.751032E+01     7.532245E-05
   6.333333E-03     1.068967E-01     1.751032E+01     7.741767E-05
   6.500000E-03     1.072128E-01     1.751032E+01     7.951602E-05
   6.666667E-03     1.075294E-01     1.751033E+01     8.161750E-05
   6.833333E-03     1.078464E-01     1.751033E+01     8.372212E-05
   7.000000E-03     1.081639E-01     1.751033E+01     8.582987E-05
   7.166667E-03     1.084818E-01     1.751033E+01     8.794075E-05
   7.333333E-03     1.088002E-01     1.751033E+01     9.005476E-05
   7.500000E-03     1.091191E-01     1.751034E+01     9.217191E-05
   7.666667E-03     1.094385E-01     1.751034E+01     9.429219E-05
   7.833333E-03     1.097583E-01     1.751034E+01     9.641560E-05
   8.000000E-03     1.100785E-01     1.751034E+01     9.854215E-05
   8.166667E-03     1.103993E-01     1.751035E+01     1.006718E-04
   8.333333E-03     1.107205E-01     1.751035E+01     1.028046E-04
   8.500000E-03     1.110422E-01     1.751035E+01     1.049406E-04
   8.666667E-03     1.113643E-01     1.751035E+01     1.070797E-04
   8.833333E-03     1.116869E-01     1.751035E+01     1.092219E-04
   9.000000E-03     1.120100E-01     1.751036E+01     1.113673E-04
   9.166667E-03     1.123336E-01     1.751036E+01     1.135157E-04
   9.333333E-03     1.126576E-01     1.751036E+01     1.156674E-04
   9.500000E-03     1.129821E-01     1.751036E+01     1.178221E-04
   9.666667E-03     1.133070E-01     1.751036E+01     1.199800E-04
   9.833333E-03     1.136324E-01     1.751037E+01     1.221410E-04
   1.000000E-02     1.139583E-01     1.751037E+01     1.243052E-04
   1.016667E-02     1.142847E-01     1.751037E+01     1.264725E-04
   1.033333E-02     1.146115E-01     1.751037E+01     1.286429E-04
   1.050000E-02     1.149387E-01     1.751038E+01     1.308165E-04
   1.066667E-02     1.152665E-01     1.751038E+01     1.329932E-04
   1.083333E-02     1.155947E-01     1.751038E+01     1.351731E-04
   1.100000E-02     1.159234E-01     1.751038E+01     1.373560E-04
   1.116667E-02     1.162525E-01     1.751038E+01     1.395422E-04
   1.133333E-02     1.165821E-01     1.751039E+01     1.417314E-04
   1.150000E-02     1.169122E-01     1.751039E+01     1.439238E-04
   1.166667E-02     1.172428E-01     1.751039E+01     1.461193E-04
   1.183333E-02     1.175738E-01     1.751039E+01     1.483180E-04
   1.200000E-02     1.179053E-01     1.751040E+01     1.505198E-04
   1.216667E-02     1.182372E-01     1.751040E+01     1.527247E-04
   1.233333E-02     1.185696E-01     1.751040E+01     1.549328E-04
   1.250000E-02     1.189025E-01     1.751040E+01     1.571440E-04
   1.266667E-02     1.192358E-01     1.751040E+01     1.593584E-04
   1.283333E-02     1.195696E-01     1.751041E+01     1.615759E-04
   1.300000E-02     1.199039E-01     1.751041E+01     1.637965E-04
   1.316667E-02     1.202387E-01     1.751041E+01     1.660203E-04
   1.333333E-02     1.205739E-01     1.751041E+01     1.682472E-04
   1.350000E-02     1.209096E-01     1.751042E+01     1.704772E-04
   1.366667E-02     1.212457E-01     1.751042E+01     1.727104E-04
   1.383333E-02     1.215823E-01     1.751042E+01     1.749468E-04
   1.400000E-02     1.219194E-01     1.751042E+01     1.771862E-04
   1.416667E-02     1.222569E-01     1.751042E+01     1.794288E-04
   1.433333E-02     1.225950E-01     1.751043E+01     1.816746E-04
   1.450000E-02     1.229334E-01     1.751043E+01     1.839235E-04
   1.466667E-02     1.232724E-01     1.751043E+01     1.861755E-04
   1.483333E-02     1.236118E-01     1.751043E+01     1.884307E-04
   1.500000E-02     1.239517E-01     1.751044E+01     1.906890E-04
   1.516667E-02     1.242920E-01     1.751044E+01     1.929504E-04
   1.533333E-02     1.246328E-01     1.751044E+01     1.952150E-04
   1.550000E-02     1.249741E-01     1.751044E+01     1.974827E-04
   1.566667E-02     1.253158E-01     1.751044E+01     1.997536E-04
   1.583333E-02     1.256581E-01     1.751045E+01     2.020276E-04
   1.600000E-02     1.260007E-01     1.751045E+01     2.043047E-04
   1.616667E-02     1.263439E-01     1.751045E+01     2.065850E-04
   1.633333E-02     1.266875E-01     1.751045E+01     2.088685E-04
   1.650000E-02     1.270316E-01     1.751046E+01     2.111551E-04
   1.666667E-02     1.273761E-01     1.751046E+01     2.134448E-04
   1.683333E-02     1.277211E-01     1.751046E+01     2.157376E-04
   1.700000E-02     1.280666E-01     1.751046E+01     2.180336E-04
   1.716667E-02     1.284125E-01     1.751047E+01     2.203328E-04
   1.733333E-02     1.287590E-01     1.751047E+01     2.226351E-04
   1.750000E-02     1.291058E-01     1.751047E+01     2.249405E-04
   1.766667E-02     1.294532E-01     1.751047E+01     2.272491E-04
   1.783333E-02     1.298010E-01     1.751047E+01     2.295608E-04
   1.800000E-02     1.301493E-01     1.751048E+01     2.318757E-04
   1.816667E-02     1.304980E-01     1.751048E+01     2.341937E-04
   1.833333E-02     1.308472E-01     1.751048E+01     2.365148E-04
   1.850000E-02     1.311969E-01     1.751048E+01     2.388391E-04
   1.866667E-02     1.315470E-01     1.751049E+01     2.411665E-04
   1.883333E-02     1.318976E-01     1.751049E+01     2.434971E-04
   1.900000E-02     1.322487E-01     1.751049E+01     2.458308E-04
   1.916667E-02     1.326003E-01     1.751049E+01     2.481677E-04
   1.933333E-02     1.329523E-01     1.751050E+01     2.505077E-04
   1.950000E-02     1.333048E-01     1.751050E+01     2.528509E-04
   1.966667E-02     1.336577E-01     1.751050E+01     2.551972E-04
   1.983333E-02     1.340111E-01     1.751050E+01     2.575466E-04
   2.000000E-02     1.343650E-01     1.751050E+01     2.598992E-04
   2.016667E-02     1.347193E-01     1.751051E+01     2.622550E-04
   2.033333E-02     1.350741E-01     1.751051E+01     2.646139E-04
   2.050000E-02     1.354294E-01     1.751051E+01     2.669759E-04
   2.066667E-02     1.357852E-01     1.751051E+01     2.693411E-04
   2.083333E-02     1.361414E-01     1.751052E+01     2.717094E-04
   2.100000E-02     1.364980E-01     1.751052E+01     2.740809E-04
   2.116667E-02     1.368552E-01     1.751052E+01     2.764555E-04
   2.133333E-02     1.372128E-01     1.751052E+01     2.788332E-04
   2.150000E-02     1.375709E-01     1.751053E+01     2.812142E-04
   2.166667E-02     1.379294E-01     1.751053E+01     2.835982E-04
   2.183333E-02     1.382884E-01     1.751053E+01     2.859854E-04
   2.200000E-02     1.386479E-01     1.751053E+01     2.883758E-04
   2.216667E-02     1.390078E-01     1.751054E+01     2.907693E-04
   2.233333E-02     1.393682E-01     1.751054E+01     2.931659E-04
   2.250000E-02     1.397291E-01     1.751054E+01     2.955657E-04
   2.266667E-02     1.400905E-01     1.751054E+01     2.979687E-04
   2.283333E-02     1.404523E-01     1.751055E+01     3.003748E-04
   2.300000E-02     1.408145E-01     1.751055E+01     3.027840E-04
   2.316667E-02     1.411773E-01     1.751055E+01     3.051964E-04
   2.333333E-02     1.415405E-01     1.751055E+01     3.076119E-04
   2.350000E-02     1.419042E-01     1.751055E+01     3.100306E-04
   2.366667E-02     1.422683E-01     1.751056E+01     3.124525E-04
   2.383333E-02     1.426329E-01     1.751056E+01     3.148775E-04
   2.400000E-02     1.429980E-01     1.751056E+01     3.173056E-04
   2.416667E-02     1.433635E-01     1.751056E+01     3.197369E-04
   2.433333E-02     1.437296E-01     1.751057E+01     3.221713E-04
   2.450000E-02     1.440960E-01     1.751057E+01     3.246089E-04
   2.466667E-02     1.444630E-01     1.751057E+01     3.270497E-04
   2.483333E-02     1.448304E-01     1.751057E+01     3.294935E-04
   2.500000E-02     1.451983E-01     1.751058E+01     3.319406E-04
   2.516667E-02     1.455666E-01     1.751058E+01     3.343908E-04
   2.533333E-02     1.459354E-01     1.751058E+01     3.368441E-04
   2.550000E-02     1.463047E-01     1.751058E+01     3.393006E-04
   2.566667E-02     1.466744E-01     1.751059E+01     3.417602E-04
   2.583333E-02     1.470446E-01     1.751059E+01     3.442230E-04
   2.600000E-02     1.474153E-01     1.751059E+01     3.466890E-04
   2.616667E-02     1.477864E-01     1.751059E+01     3.491581E-04
   2.633333E-02     1.481580E-01     1.751060E+01     3.516303E-04
   2.650000E-02     1.485301E-01     1.751060E+01     3.541057E-04
   2.666667E-02     1.489027E-01     1.751060E+01     3.565843E-04
   2.683333E-02     1.492757E-01     1.751060E+01     3.590660E-04
   2.700000E-02     1.496491E-01     1.751061E+01     3.615509E-04
   2.716667E-02     1.500231E-01     1.751061E+01     3.640389E-04
   2.733333E-02     1.503975E-01     1.751061E+01     3.665301E-04
   2.750000E-02     1.507724E-01     1.751061E+01     3.690244E-04
   2.766667E-02     1.511477E-01     1.751062E+01     3.715219E-04
   2.783333E-02     1.515235E-01     1.751062E+01     3.740225E-04
   2.800000E-02     1.518998E-01     1.751062E+01     3.765263E-04
   2.816667E-02     1.522765E-01     1.751062E+01     3.790332E-04
   2.833333E-02     1.526537E-01     1.751063E+01     3.815433E-04
   2.850000E-02     1.530314E-01     1.751063E+01     3.840565E-04
   2.866667E-02     1.534096E-01     1.751063E+01     3.865729E-04
   2.883333E-02     1.537882E-01     1.751063E+01     3.890925E-04
   2.900000E-02     1.541672E-01     1.751064E+01     3.916152E-04
   2.916667E-02     1.545468E-01     1.751064E+01     3.941411E-04
   2.933333E-02     1.549268E-01     1.751064E+01     3.966701E-04
   2.950000E-02     1.553073E-01     1.751064E+01     3.992023E-04
   2.966667E-02     1.556882E-01     1.751065E+01     4.017376E-04
   2.983333E-02     1.560696E-01     1.751065E+01     4.042761E-04
   3.000000E-02     1.564515E-01     1.751065E+01     4.068177E-04
   3.016667E-02     1.568338E-01     1.751065E+01     4.093625E-04
   3.033333E-02     1.572166E-01     1.751066E+01     4.119105E-04
   3.050000E-02     1.575999E-01     1.751066E+01     4.144616E-04
   3.066667E-02     1.579836E-01     1.751066E+01     4.170159E-04
   3.083333E-02     1.583678E-01     1.751066E+01     4.195733E-04
   3.100000E-02     1.587525E-01     1.751067E+01     4.221339E-04
   3.116667E-02     1.591377E-01     1.751067E+01     4.246976E-04
   3.133333E-02     1.595233E-01     1.751067E+01     4.272645E-04
   3.150000E-02     1.599093E-01     1.751067E+01     4.298346E-04
   3.166667E-02     1.602959E-01     1.751068E+01     4.324078E-04
   3.183333E-02     1.606829E-01     1.751068E+01     4.349842E-04
   3.200000E-02     1.610704E-01     1.751068E+01     4.375637E-04
   3.216667E-02     1.614583E-01     1.751069E+01     4.401464E-04
   3.233333E-02     1.618467E-01     1.751069E+01     4.427323E-04
   3.250000E-02     1.622356E-01     1.751069E+01     4.453213E-04
   3.266667E-02     1.626249E-01     1.751069E+01     4.479134E-04
   3.283333E-02     1.630147E-01     1.751070E+01     4.505088E-04
   3.300000E-02     1.634050E-01     1.751070E+01     4.531073E-04
   3.316667E-02     1.637957E-01     1.751070E+01     4.557089E-04
   3.333333E-02     1.641869E-01     1.751070E+01     4.583137E-04
   3.350000E-02     1.645786E-01     1.751071E+01     4.609217E-04
   3.366667E-02     1.649707E-01     1.751071E+01     4.635328E-04
   3.383333E-02     1.653634E-01     1.751071E+01     4.661471E-04
   3.400000E-02     1.657564E-01     1.751071E+01     4.687645E-04
   3.416667E-02     1.661500E-01     1.751072E+01     4.713852E-04
   3.433333E-02     1.665440E-01     1.751072E+01     4.740089E-04
   3.450000E-02     1.669384E-01     1.751072E+01     4.766359E-04
   3.466667E-02     1.673334E-01     1.751072E+01     4.792660E-04
   3.483333E-02     1.677288E-01     1.751073E+01     4.818992E-04
   3.500000E-02     1.681247E-01     1.751073E+01     4.845356E-04
   3.516667E-02     1.685210E-01     1.751073E+01     4.871752E-04
   3.533333E-02     1.689178E-01     1.751073E+01     4.898179E-04
   3.550000E-02     1.693151E-01     1.751074E+01     4.924639E-04
   3.566667E-02     1.697128E-01     1.751074E+01     4.951129E-04
   3.583333E-02     1.701110E-01     1.751074E+01     4.977651E-04
   3.600000E-02     1.705097E-01     1.751075E+01     5.004205E-04
   3.616667E-02     1.709088E-01     1.751075E+01     5.030791E-04
   3.633333E-02     1.713084E-01     1.751075E+01     5.057408E-04
   3.650000E-02     1.717085E-01     1.751075E+01     5.084057E-04
   3.666667E-02     1.721090E-01     1.751076E+01     5.110737E-04
   3.683333E-02     1.725100E-01     1.751076E+01     5.137449E-04
   3.700000E-02     1.729115E-01     1.751076E+01     5.164193E-04
   3.716667E-02     1.733135E-01     1.751076E+01     5.190969E-04
   3.733333E-02     1.737159E-01     1.751077E+01     5.217776E-04
   3.750000E-02     1.741187E-01     1.751077E+01     5.244614E-04
   3.766667E-02     1.745221E-01     1.751077E+01     5.271485E-04
   3.783333E-02     1.749259E-01     1.751077E+01     5.298387E-04
   3.800000E-02     1.753301E-01     1.751078E+01     5.325320E-04
   3.816667E-02     1.757349E-01     1.751078E+01     5.352286E-04
   3.833333E-02     1.761401E-01     1.751078E+01     5.379282E-04
   3.850000E-02     1.765458E-01     1.751079E+01     5.406311E-04
   3.866667E-02     1.769519E-01     1.751079E+01     5.433371E-04
   3.883333E-02     1.773585E-01     1.751079E+01     5.460463E-04
   3.900000E-02     1.777656E-01     1.751079E+01     5.487587E-04
   3.916667E-02     1.781731E-01     1.751080E+01     5.514742E-04
   3.933333E-02     1.785811E-01     1.751080E+01     5.541929E-04
   3.950000E-02     1.789896E-01     1.751080E+01     5.569148E-04
   3.966667E-02     1.793985E-01     1.751080E+01     5.596398E-04
   3.983333E-02     1.798079E-01     1.751081E+01     5.623680E-04
   4.000000E-02     1.802178E-01     1.751081E+01     5.650993E-04
   4.016667E-02     1.806281E-01     1.751081E+01     5.678339E-04
   4.033333E-02     1.810389E-01     1.751082E+01     5.705716E-04
   4.050000E-02     1.814502E-01     1.751082E+01     5.733124E-04
   4.066667E-02     1.818619E-01     1.751082E+01     5.760565E-04
   4.083333E-02     1.822741E-01     1.751082E+01     5.788037E-04
   4.100000E-02     1.826868E-01     1.751083E+01     5.815541E-04
   4.116667E-02     1.830999E-01     1.751083E+01     5.843076E-04
   4.133333E-02     1.835135E-01     1.751083E+01     5.870643E-04
   4.150000E-02     1.839276E-01     1.751083E+01     5.898242E-04
   4.166667E-02     1.843422E-01     1.751084E+01     5.925872E-04
   4.183333E-02     1.847572E-01     1.751084E+01     5.953535E-04
   4.200000E-02     1.851726E-01     1.751084E+01     5.981228E-04
   4.216667E-02     1.855886E-01     1.751085E+01     6.008954E-04
   4.233333E-02     1.860050E-01     1.751085E+01     6.036711E-04
   4.250000E-02     1.864218E-01     1.751085E+01     6.064500E-04
   4.266667E-02     1.868392E-01     1.751085E+01     6.092321E-04
   4.283333E-02     1.872570E-01     1.751086E+01     6.120174E-04
   4.300000E-02     1.876752E-01     1.751086E+01     6.148058E-04
   4.316667E-02     1.880940E-01     1.751086E+01     6.175974E-04
   4.333333E-02     1.885132E-01     1.751087E+01     6.203921E-04
   4.350000E-02     1.889329E-01     1.751087E+01     6.231900E-04
   4.366667E-02     1.893530E-01     1.751087E+01     6.259911E-04
   4.383333E-02     1.897736E-01     1.751087E+01     6.287954E-04
   4.400000E-02     1.901947E-01     1.751088E+01     6.316029E-04
   4.416667E-02     1.906162E-01     1.751088E+01     6.344135E-04
   4.433333E-02     1.910382E-01     1.751088E+01     6.372273E-04
   4.450000E-02     1.914607E-01     1.751088E+01     6.400442E-04
   4.466667E-02     1.918836E-01     1.751089E+01     6.428644E-04
   4.483333E-02     1.923070E-01     1.751089E+01     6.456877E-04
   4.500000E-02     1.927309E-01     1.751089E+01     6.485142E-04
   4.516667E-02     1.931552E-01     1.751090E+01     6.513438E-04
   4.533333E-02     1.935800E-01     1.751090E+01     6.541767E-04
   4.550000E-02     1.940053E-01     1.751090E+01     6.570127E-04
   4.566667E-02     1.944310E-01     1.751090E+01     6.598519E-04
   4.583333E-02     1.948572E-01     1.751091E+01     6.626942E-04
   4.600000E-02     1.952839E-01     1.751091E+01     6.655398E-04
   4.616667E-02     1.957110E-01     1.751091E+01     6.683885E-04
   4.633333E-02     1.961386E-01     1.751092E+01     6.712404E-04
   4.650000E-02     1.965667E-01     1.751092E+01     6.740954E-04
   4.666667E-02     1.969952E-01     1.751092E+01     6.769536E-04
   4.683333E-02     1.974242E-01     1.751092E+01     6.798151E-04
   4.700000E-02     1.978537E-01     1.751093E+01     6.826796E-04
   4.716667E-02     1.982836E-01     1.751093E+01     6.855474E-04
   4.733333E-02     1.987140E-01     1.751093E+01     6.884183E-04
   4.750000E-02     1.991449E-01     1.751094E+01     6.912925E-04
   4.766667E-02     1.995762E-01     1.751094E+01     6.941698E-04
   4.783333E-02     2.000080E-01     1.751094E+01     6.970502E-04
   4.800000E-02     2.004403E-01     1.751094E+01     6.999339E-04
   4.816667E-02     2.008730E-01     1.751095E+01     7.028207E-04
   4.833333E-02     2.013062E-01     1.751095E+01     7.057107E-04
   4.850000E-02     2.017399E-01     1.751095E+01     7.086039E-04
   4.866667E-02     2.021740E-01     1.751096E+01     7.115003E-04
   4.883333E-02     2.026086E-01     1.751096E+01     7.143998E-04
   4.900000E-02     2.030437E-01     1.751096E+01     7.173025E-04
   4.916667E-02     2.034792E-01     1.751097E+01     7.202084E-04
   4.933333E-02     2.039152E-01     1.751097E+01     7.231175E-04
   4.950000E-02     2.043517E-01     1.751097E+01     7.260298E-04
   4.966667E-02     2.047887E-01     1.751097E+01     7.289452E-04
   4.983333E-02     2.052261E-01     1.751098E+01     7.318638E-04
   5.000000E-02     2.056639E-01     1.751098E+01     7.347856E-04
   5.016667E-02     2.061023E-01     1.751098E+01     7.377106E-04
   5.033333E-02     2.065411E-01     1.751099E+01     7.406387E-04
   5.050000E-02     2.069803E-01     1.751099E+01     7.435701E-04
   5.066667E-02     2.074201E-01     1.751099E+01     7.465046E-04
   5.083333E-02     2.078603E-01     1.751099E+01     7.494423E-04
   5.100000E-02     2.083009E-01     1.751100E+01     7.523832E-04
   5.116667E-02     2.087421E-01     1.751100E+01     7.553272E-04
   5.133333E-02     2.091837E-01     1.751100E+01     7.582745E-04
   5.150000E-02     2.096257E-01     1.751101E+01     7.612249E-04
   5.166667E-02     2.100683E-01     1.751101E+01     7.641785E-04
   5.183333E-02     2.105113E-01     1.751101E+01     7.671353E-04
   5.200000E-02     2.109547E-01     1.751101E+01     7.700953E-04
   5.216667E-02     2.113987E-01     1.751102E+01     7.730584E-04
   5.233333E-02     2.118431E-01     1.751102E+01     7.760248E-04
   5.250000E-02     2.122879E-01     1.751102E+01     7.789943E-04
   5.266667E-02     2.127333E-01     1.751103E+01     7.819670E-04
   5.283333E-02     2.131791E-01     1.751103E+01     7.849429E-04
   5.300000E-02     2.136253E-01     1.751103E+01     7.879220E-04
   5.316667E-02     2.140721E-01     1.751104E+01     7.909042E-04
   5.333333E-02     2.145193E-01     1.751104E+01     7.938897E-04
   5.350000E-02     2.149669E-01     1.751104E+01     7.968783E-04
   5.366667E-02     2.154151E-01     1.751104E+01     7.998701E-04
   5.383333E-02     2.158637E-01     1.751105E+01     8.028651E-04
   5.400000E-02     2.163127E-01     1.751105E+01     8.058633E-04
   5.416667E-02     2.167623E-01     1.751105E+01     8.088646E-04
   5.433333E-02     2.172123E-01     1.751106E+01     8.118692E-04
   5.450000E-02     2.176627E-01     1.751106E+01     8.148769E-04
   5.466667E-02     2.181137E-01     1.751106E+01     8.178878E-04
   5.483333E-02     2.185650E-01     1.751107E+01     8.209020E-04
   5.500000E-02     2.190169E-01     1.751107E+01     8.239193E-04
   5.516667E-02     2.194692E-01     1.751107E+01     8.269397E-04
   5.533333E-02     2.199220E-01     1.751107E+01     8.299634E-04
   5.550000E-02     2.203753E-01     1.751108E+01     8.329903E-04
   5.566667E-02     2.208290E-01     1.751108E+01     8.360203E-04
   5.583333E-02     2.212832E-01     1.751108E+01     8.390535E-04
   5.600000E-02     2.217379E-01     1.751109E+01     8.420900E-04
   5.616667E-02     2.221930E-01     1.751109E+01     8.451296E-04
   5.633333E-02     2.226486E-01     1.751109E+01     8.481724E-04
   5.650000E-02     2.231047E-01     1.751110E+01     8.512184E-04
   5.666667E-02     2.235612E-01     1.751110E+01     8.542675E-04
   5.683333E-02     2.240182E-01     1.751110E+01     8.573199E-04
   5.700000E-02     2.244757E-01     1.751111E+01     8.603754E-04
   5.716667E-02     2.249336E-01     1.751111E+01     8.634342E-04
   5.733333E-02     2.253920E-01     1.751111E+01     8.664961E-04
   5.750000E-02     2.258509E-01     1.751111E+01     8.695612E-04
   5.766667E-02     2.263102E-01     1.751112E+01     8.726295E-04
   5.783333E-02     2.267700E-01     1.751112E+01     8.757010E-04
   5.800000E-02     2.272303E-01     1.751112E+01     8.787757E-04
   5.816667E-02     2.276910E-01     1.751113E+01     8.818536E-04
   5.833333E-02     2.281522E-01     1.751113E+01     8.849347E-04
   5.850000E-02     2.286139E-01     1.751113E+01     8.880190E-04
   5.866667E-02     2.290760E-01     1.751114E+01     8.911064E-04
   5.883333E-02     2.295386E-01     1.751114E+01     8.941971E-04
   5.900000E-02     2.300017E-01     1.751114E+01     8.972909E-04
   5.916667E-02     2.304652E-01     1.751115E+01     9.003879E-04
   5.933333E-02     2.309292E-01     1.751115E+01     9.034882E-04
   5.950000E-02     2.313937E-01     1.751115E+01     9.065916E-04
   5.966667E-02     2.318586E-01     1.751115E+01     9.096982E-04
   5.983333E-02     2.323240E-01     1.751116E+01     9.128080E-04
   6.000000E-02     2.327899E-01     1.751116E+01     9.159210E-04
   6.016667E-02     2.332562E-01     1.751116E+01     9.190372E-04
   6.033333E-02     2.337230E-01     1.751117E+01     9.221566E-04
   6.050000E-02     2.341903E-01     1.751117E+01     9.252791E-04
   6.066667E-02     2.346580E-01     1.751117E+01     9.284049E-04
   6.083333E-02     2.351262E-01     1.751118E+01     9.315339E-04
   6.100000E-02     2.355949E-01     1.751118E+01     9.346660E-04
   6.116667E-02     2.360640E-01     1.751118E+01     9.378014E-04
   6.133333E-02     2.365336E-01     1.751119E+01     9.409399E-04
   6.150000E-02     2.370036E-01     1.751119E+01     9.440817E-04
   6.166667E-02     2.374742E-01     1.751119E+01     9.472266E-04
   6.183333E-02     2.379452E-01     1.751120E+01     9.503747E-04
   6.200000E-02     2.384166E-01     1.751120E+01     9.535261E-04
   6.216667E-02     2.388886E-01     1.751120E+01     9.566806E-04
   6.233333E-02     2.393610E-01     1.751120E+01     9.598383E-04
   6.250000E-02     2.398338E-01     1.751121E+01     9.629992E-04
   6.266667E-02     2.403072E-01     1.751121E+01     9.661634E-04
   6.283333E-02     2.407810E-01     1.751121E+01     9.693307E-04
   6.300000E-02     2.412552E-01     1.751122E+01     9.725012E-04
   6.316667E-02     2.417299E-01     1.751122E+01     9.756749E-04
   6.333333E-02     2.422051E-01     1.751122E+01     9.788518E-04
   6.350000E-02     2.426808E-01     1.751123E+01     9.820319E-04
   6.366667E-02     2.431569E-01     1.751123E+01     9.852152E-04
   6.383333E-02     2.436335E-01     1.751123E+01     9.884017E-04
   6.400000E-02     2.441106E-01     1.751124E+01     9.915914E-04
   6.416667E-02     2.445881E-01     1.751124E+01     9.947843E-04
   6.433333E-02     2.450661E-01     1.751124E+01     9.979804E-04
   6.450000E-02     2.455446E-01     1.751125E+01     1.001180E-03
   6.466667E-02     2.460235E-01     1.751125E+01     1.004382E-03
   6.483333E-02     2.465029E-01     1.751125E+01     1.007588E-03
   6.500000E-02     2.469828E-01     1.751126E+01     1.010797E-03
   6.516667E-02     2.474631E-01     1.751126E+01     1.014009E-03
   6.533333E-02     2.479439E-01     1.751126E+01     1.017224E-03
   6.550000E-02     2.484252E-01     1.751127E+01     1.020443E-03
   6.566667E-02     2.489069E-01     1.751127E+01     1.023664E-03
   6.583333E-02     2.493891E-01     1.751127E+01     1.026889E-03
   6.600000E-02     2.498717E-01     1.751127E+01     1.030117E-03
   6.616667E-02     2.503549E-01     1.751128E+01     1.033349E-03
   6.633333E-02     2.508385E-01     1.751128E+01     1.036583E-03
   6.650000E-02     2.513225E-01     1.751128E+01     1.039821E-03
   6.666667E-02     2.518071E-01     1.751129E+01     1.043062E-03
   6.683333E-02     2.522921E-01     1.751129E+01     1.046306E-03
   6.700000E-02     2.527775E-01     1.751129E+01     1.049553E-03
   6.716667E-02     2.532635E-01     1.751130E+01     1.052804E-03
   6.733333E-02     2.537498E-01     1.751130E+01     1.056057E-03
   6.750000E-02     2.542367E-01     1.751130E+01     1.059314E-03
   6.766667E-02     2.547240E-01     1.751131E+01     1.062575E-03
   6.783333E-02     2.552118E-01     1.751131E+01     1.065838E-03
   6.800000E-02     2.557001E-01     1.751131E+01     1.069104E-03
   6.816667E-02     2.561888E-01     1.751132E+01     1.072374E-03
   6.833333E-02     2.566780E-01     1.751132E+01     1.075647E-03
   6.850000E-02     2.571677E-01     1.751132E+01     1.078923E-03
   6.866667E-02     2.576578E-01     1.751133E+01     1.082203E-03
   6.883333E-02     2.581484E-01     1.751133E+01     1.085485E-03
   6.900000E-02     2.586395E-01     1.751133E+01     1.088771E-03
   6.916667E-02     2.591310E-01     1.751134E+01     1.092060E-03
   6.933333E-02     2.596230E-01     1.751134E+01     1.095352E-03
   6.950000E-02     2.601154E-01     1.751134E+01     1.098648E-03
   6.966667E-02     2.606084E-01     1.751135E+01     1.101946E-03
   6.983333E-02     2.611018E-01     1.751135E+01     1.105248E-03
   7.000000E-02     2.615956E-01     1.751135E+01     1.108553E-03
   7.016667E-02     2.620900E-01     1.751136E+01     1.111861E-03
   7.033333E-02     2.625848E-01     1.751136E+01     1.115173E-03
   7.050000E-02     2.630800E-01     1.751136E+01     1.118487E-03
   7.066667E-02     2.635757E-01     1.751137E+01     1.121805E-03
   7.083333E-02     2.640719E-01     1.751137E+01     1.125126E-03
   7.100000E-02     2.645686E-01     1.751137E+01     1.128450E-03
   7.116667E-02     2.650657E-01     1.751138E+01     1.131778E-03
   7.133333E-02     2.655633E-01     1.751138E+01     1.135108E-03
   7.150000E-02     2.660614E-01     1.751138E+01     1.138442E-03
   7.166667E-02     2.665599E-01     1.751139E+01     1.141779E-03
   7.183333E-02     2.670589E-01     1.751139E+01     1.145120E-03
   7.200000E-02     2.675584E-01     1.751139E+01     1.148463E-03
   7.216667E-02     2.680583E-01     1.751140E+01     1.151810E-03
   7.233333E-02     2.685587E-01     1.751140E+01     1.155160E-03
   7.250000E-02     2.690595E-01     1.751140E+01     1.158513E-03
   7.266667E-02     2.695609E-01     1.751141E+01     1.161869E-03
   7.283333E-02     2.700627E-01     1.751141E+01     1.165229E-03
   7.300000E-02     2.705649E-01     1.751141E+01     1.168592E-03
   7.316667E-02     2.710677E-01     1.751142E+01     1.171958E-03
   7.333333E-02     2.715708E-01     1.751142E+01     1.175327E-03
   7.350000E-02     2.720745E-01     1.751142E+01     1.178699E-03
   7.366667E-02     2.725786E-01     1.751143E+01     1.182075E-03
   7.383333E-02     2.730832E-01     1.751143E+01     1.185454E-03
   7.400000E-02     2.735883E-01     1.751143E+01     1.188836E-03
   7.416667E-02     2.740938E-01     1.751144E+01     1.192221E-03
   7.433333E-02     2.745998E-01     1.751144E+01     1.195610E-03
   7.450000E-02     2.751063E-01     1.751144E+01     1.199001E-03
   7.466667E-02     2.756132E-01     1.751145E+01     1.202396E-03
   7.483333E-02     2.761206E-01     1.751145E+01     1.205794E-03
   7.500000E-02     2.766284E-01     1.751145E+01     1.209196E-03
   7.516667E-02     2.771368E-01     1.751146E+01     1.212600E-03
   7.533333E-02     2.776456E-01     1.751146E+01     1.216008E-03
   7.550000E-02     2.781548E-01     1.751146E+01     1.219419E-03
   7.566667E-02     2.786646E-01     1.751147E+01     1.222833E-03
   7.583333E-02     2.791747E-01     1.751147E+01     1.226251E-03
   7.600000E-02     2.796854E-01     1.751147E+01     1.229671E-03
   7.616667E-02     2.801965E-01     1.751148E+01     1.233095E-03
   7.633333E-02     2.807081E-01     1.751148E+01     1.236522E-03
   7.650000E-02     2.812202E-01     1.751148E+01     1.239952E-03
   7.666667E-02     2.817327E-01     1.751149E+01     1.243386E-03
   7.683333E-02     2.822457E-01     1.751149E+01     1.246823E-03
   7.700000E-02     2.827592E-01     1.751150E+01     1.250263E-03
   7.716667E-02     2.832731E-01     1.751150E+01     1.253706E-03
   7.733333E-02     2.837875E-01     1.751150E+01     1.257152E-03
   7.750000E-02     2.843023E-01     1.751151E+01     1.260602E-03
   7.766667E-02     2.848177E-01     1.751151E+01     1.264054E-03
   7.783333E-02     2.853335E-01     1.751151E+01     1.267510E-03
   7.800000E-02     2.858497E-01     1.751152E+01     1.270970E-03
   7.816667E-02     2.863664E-01     1.751152E+01     1.274432E-03
   7.833333E-02     2.868836E-01     1.751152E+01     1.277898E-03
   7.850000E-02     2.874013E-01     1.751153E+01     1.281367E-03
   7.866667E-02     2.879194E-01     1.751153E+01     1.284839E-03
   7.883333E-02     2.884380E-01     1.751153E+01     1.288314E-03
   7.900000E-02     2.889571E-01     1.751154E+01     1.291793E-03
   7.916667E-02     2.894766E-01     1.751154E+01     1.295275E-03
   7.933333E-02     2.899966E-01     1.751154E+01     1.298760E-03
   7.950000E-02     2.905170E-01     1.751155E+01     1.302248E-03
   7.966667E-02     2.910380E-01     1.751155E+01     1.305739E-03
   7.983333E-02     2.915594E-01     1.751155E+01     1.309234E-03
   8.000000E-02     2.920812E-01     1.751156E+01     1.312732E-03
   8.016667E-02     2.926035E-01     1.751156E+01     1.316233E-03
   8.033333E-02     2.931263E-01     1.751156E+01     1.319737E-03
   8.050000E-02     2.936496E-01     1.751157E+01     1.323245E-03
   8.066667E-02     2.941733E-01     1.751157E+01     1.326756E-03
   8.083333E-02     2.946975E-01     1.751158E+01     1.330270E-03
   8.100000E-02     2.952222E-01     1.751158E+01     1.333787E-03
   8.116667E-02     2.957473E-01     1.751158E+01     1.337307E-03
   8.133333E-02     2.962729E-01     1.751159E+01     1.340831E-03
   8.150000E-02     2.967989E-01     1.751159E+01     1.344358E-03
   8.166667E-02     2.973255E-01     1.751159E+01     1.347888E-03
   8.183333E-02     2.978525E-01     1.751160E+01     1.351421E-03
   8.200000E-02     2.983799E-01     1.751160E+01     1.354958E-03
   8.216667E-02     2.989078E-01     1.751160E+01     1.358498E-03
   8.233333E-02     2.994362E-01     1.751161E+01     1.362041E-03
   8.250000E-02     2.999651E-01     1.751161E+01     1.365587E-03
   8.266667E-02     3.004944E-01     1.751161E+01     1.369136E-03
   8.283333E-02     3.010242E-01     1.751162E+01     1.372689E-03
   8.300000E-02     3.015545E-01     1.751162E+01     1.376245E-03
   8.316667E-02     3.020852E-01     1.751162E+01     1.379804E-03
   8.333333E-02     3.026164E-01     1.751163E+01     1.383366E-03
   8.350000E-02     3.031480E-01     1.751163E+01     1.386932E-03
   8.366667E-02     3.036802E-01     1.751164E+01     1.390501E-03
   8.383333E-02     3.042127E-01     1.751164E+01     1.394073E-03
   8.400000E-02     3.047458E-01     1.751164E+01     1.397648E-03
   8.416667E-02     3.052793E-01     1.751165E+01     1.401227E-03
   8.433333E-02     3.058133E-01     1.751165E+01     1.404809E-03
   8.450000E-02     3.063478E-01     1.751165E+01     1.408393E-03
   8.466667E-02     3.068827E-01     1.751166E+01     1.411982E-03
   8.483333E-02     3.074181E-01     1.751166E+01     1.415573E-03
   8.500000E-02     3.079539E-01     1.751166E+01     1.419168E-03
   8.516667E-02     3.084903E-01     1.751167E+01     1.422766E-03
   8.533333E-02     3.090271E-01     1.751167E+01     1.426367E-03
   8.550000E-02     3.095643E-01     1.751167E+01     1.429971E-03
   8.566667E-02     3.101020E-01     1.751168E+01     1.433579E-03
   8.583333E-02     3.106402E-01     1.751168E+01     1.437190E-03
   8.600000E-02     3.111789E-01     1.751169E+01     1.440804E-03
   8.616667E-02     3.117180E-01     1.751169E+01     1.444421E-03
   8.633333E-02     3.122576E-01     1.751169E+01     1.448041E-03
   8.650000E-02     3.127976E-01     1.751170E+01     1.451665E-03
   8.666667E-02     3.133382E-01     1.751170E+01     1.455292E-03
   8.683333E-02     3.138792E-01     1.751170E+01     1.458922E-03
   8.700000E-02     3.144206E-01     1.751171E+01     1.462556E-03
   8.716667E-02     3.149625E-01     1.751171E+01     1.466192E-03
   8.733333E-02     3.155049E-01     1.751171E+01     1.469832E-03
   8.750000E-02     3.160478E-01     1.751172E+01     1.473475E-03
   8.766667E-02     3.165911E-01     1.751172E+01     1.477122E-03
   8.783333E-02     3.171349E-01     1.751173E+01     1.480771E-03
   8.800000E-02     3.176792E-01     1.751173E+01     1.484424E-03
   8.816667E-02     3.182239E-01     1.751173E+01     1.488080E-03
   8.833333E-02     3.187691E-01     1.751174E+01     1.491740E-03
   8.850000E-02     3.193147E-01     1.751174E+01     1.495402E-03
   8.866667E-02     3.198608E-01     1.751174E+01     1.499068E-03
   8.883333E-02     3.204074E-01     1.751175E+01     1.502737E-03
   8.900000E-02     3.209545E-01     1.751175E+01     1.506409E-03
   8.916667E-02     3.215020E-01     1.751175E+01     1.510085E-03
   8.933333E-02     3.220500E-01     1.751176E+01     1.513764E-03
   8.950000E-02     3.225985E-01     1.751176E+01     1.517445E-03
   8.966667E-02     3.231474E-01     1.751177E+01     1.521131E-03
   8.983333E-02     3.236968E-01     1.751177E+01     1.524819E-03
   9.000000E-02     3.242466E-01     1.751177E+01     1.528511E-03
   9.016667E-02     3.247969E-01     1.751178E+01     1.532206E-03
   9.033333E-02     3.253477E-01     1.751178E+01     1.535904E-03
   9.050000E-02     3.258990E-01     1.751178E+01     1.539605E-03
   9.066667E-02     3.264507E-01     1.751179E+01     1.543310E-03
   9.083333E-02     3.270029E-01     1.751179E+01     1.547018E-03
   9.100000E-02     3.275555E-01     1.751180E+01     1.550729E-03
   9.116667E-02     3.281087E-01     1.751180E+01     1.554443E-03
   9.133333E-02     3.286623E-01     1.751180E+01     1.558161E-03
   9.150000E-02     3.292163E-01     1.751181E+01     1.561882E-03
   9.166667E-02     3.297708E-01     1.751181E+01     1.565606E-03
   9.183333E-02     3.303258E-01     1.751181E+01     1.569333E-03
   9.200000E-02     3.308813E-01     1.751182E+01     1.573064E-03
   9.216667E-02     3.314372E-01     1.751182E+01     1.576797E-03
   9.233333E-02     3.319936E-01     1.751183E+01     1.580534E-03
   9.250000E-02     3.325504E-01     1.751183E+01     1.584275E-03
   9.266667E-02     3.331078E-01     1.751183E+01     1.588018E-03
   9.283333E-02     3.336655E-01     1.751184E+01     1.591765E-03
   9.300000E-02     3.342238E-01     1.751184E+01     1.595515E-03
   9.316667E-02     3.347825E-01     1.751184E+01     1.599268E-03
   9.333333E-02     3.353417E-01     1.751185E+01     1.603025E-03
   9.350000E-02     3.359014E-01     1.751185E+01     1.606784E-03
   9.366667E-02     3.364615E-01     1.751186E+01     1.610547E-03
   9.383333E-02     3.370221E-01     1.751186E+01     1.614313E-03
   9.400000E-02     3.375831E-01     1.751186E+01     1.618083E-03
   9.416667E-02     3.381446E-01     1.751187E+01     1.621856E-03
   9.433333E-02     3.387066E-01     1.751187E+01     1.625632E-03
   9.450000E-02     3.392691E-01     1.751187E+01     1.629411E-03
   9.466667E-02     3.398320E-01     1.751188E+01     1.633193E-03
   9.483333E-02     3.403954E-01     1.751188E+01     1.636979E-03
   9.500000E-02     3.409593E-01     1.751189E+01     1.640768E-03
   9.516667E-02     3.415236E-01     1.751189E+01     1.644560E-03
   9.533333E-02     3.420884E-01     1.751189E+01     1.648355E-03
   9.550000E-02     3.426536E-01     1.751190E+01     1.652154E-03
   9.566667E-02     3.432193E-01     1.751190E+01     1.655956E-03
   9.583333E-02     3.437855E-01     1.751190E+01     1.659761E-03
   9.600000E-02     3.443522E-01     1.751191E+01     1.663570E-03
   9.616667E-02     3.449193E-01     1.751191E+01     1.667381E-03
   9.633333E-02     3.454869E-01     1.751192E+01     1.671196E-03
   9.650000E-02     3.460549E-01     1.751192E+01     1.675014E-03
   9.666667E-02     3.466235E-01     1.751192E+01     1.678836E-03
   9.683333E-02     3.471924E-01     1.751193E+01     1.682660E-03
   9.700000E-02     3.477619E-01     1.751193E+01     1.686488E-03
   9.716667E-02     3.483318E-01     1.751194E+01     1.690319E-03
   9.733333E-02     3.489022E-01     1.751194E+01     1.694154E-03
   9.750000E-02     3.494731E-01     1.751194E+01     1.697991E-03
   9.766667E-02     3.500444E-01     1.751195E+01     1.701832E-03
   9.783333E-02     3.506162E-01     1.751195E+01     1.705676E-03
   9.800000E-02     3.511884E-01     1.751195E+01     1.709524E-03
   9.816667E-02     3.517611E-01     1.751196E+01     1.713374E-03
   9.833333E-02     3.523343E-01     1.751196E+01     1.717228E-03
   9.850000E-02     3.529080E-01     1.751197E+01     1.721086E-03
   9.866667E-02     3.534821E-01     1.751197E+01     1.724946E-03
   9.883333E-02     3.540567E-01     1.751197E+01     1.728810E-03
   9.900000E-02     3.546317E-01     1.751198E+01     1.732677E-03
   9.916667E-02     3.552072E-01     1.751198E+01     1.736547E-03
   9.933333E-02     3.557832E-01     1.751199E+01     1.740420E-03
   9.950000E-02     3.563597E-01     1.751199E+01     1.744297E-03
   9.966667E-02     3.569366E-01     1.751199E+01     1.748177E-03
   9.983333E-02     3.575140E-01     1.751200E+01     1.752060E-03
   1.000000E-01     3.580918E-01     1.751200E+01     1.755946E-03
   1.001667E-01     3.586702E-01     1.751200E+01     1.759836E-03
   1.003333E-01     3.592489E-01     1.751201E+01     1.763729E-03
   1.005000E-01     3.598282E-01     1.751201E+01     1.767625E-03
   1.006667E-01     3.604079E-01     1.751202E+01     1.771525E-03
   1.008333E-01     3.609881E-01     1.751202E+01     1.775427E-03
   1.010000E-01     3.615688E-01     1.751202E+01     1.779333E-03
   1.011667E-01     3.621499E-01     1.751203E+01     1.783242E-03
   1.013333E-01     3.627315E-01     1.751203E+01     1.787155E-03
   1.015000E-01     3.633135E-01     1.751204E+01     1.791071E-03
   1.016667E-01     3.638960E-01     1.751204E+01     1.794990E-03
   1.018333E-01     3.644790E-01     1.751204E+01     1.798912E-03
   1.020000E-01     3.650625E-01     1.751205E+01     1.802837E-03
   1.021667E-01     3.656464E-01     1.751205E+01     1.806766E-03
   1.023333E-01     3.662308E-01     1.751206E+01     1.810698E-03
   1.025000E-01     3.668156E-01     1.751206E+01     1.814633E-03
   1.026667E-01     3.674009E-01     1.751206E+01     1.818572E-03
   1.028333E-01     3.679867E-01     1.751207E+01     1.822514E-03
   1.030000E-01     3.685730E-01     1.751207E+01     1.826459E-03
   1.031667E-01     3.691597E-01     1.751208E+01     1.830407E-03
   1.033333E-01     3.697469E-01     1.751208E+01     1.834359E-03
   1.035000E-01     3.703345E-01     1.751208E+01     1.838313E-03
   1.036667E-01     3.709226E-01     1.751209E+01     1.842271E-03
   1.038333E-01     3.715112E-01     1.751209E+01     1.846233E-03
   1.040000E-01     3.721003E-01     1.751210E+01     1.850197E-03
   1.041667E-01     3.726898E-01     1.751210E+01     1.854165E-03
   1.043333E-01     3.732798E-01     1.751210E+01     1.858136E-03
   1.045000E-01     3.738702E-01     1.751211E+01     1.862111E-03
   1.046667E-01     3.744611E-01     1.751211E+01     1.866088E-03
   1.048333E-01     3.750525E-01     1.751211E+01     1.870069E-03
   1.050000E-01     3.756444E-01     1.751212E+01     1.874054E-03
   1.051667E-01     3.762367E-01     1.751212E+01     1.878041E-03
   1.053333E-01     3.768295E-01     1.751213E+01     1.882032E-03
   1.055000E-01     3.774227E-01     1.751213E+01     1.886026E-03
   1.056667E-01     3.780164E-01     1.751213E+01     1.890023E-03
   1.058333E-01     3.786106E-01     1.751214E+01     1.894023E-03
   1.060000E-01     3.792053E-01     1.751214E+01     1.898027E-03
   1.061667E-01     3.798004E-01     1.751215E+01     1.902034E-03
   1.063333E-01     3.803960E-01     1.751215E+01     1.906044E-03
   1.065000E-01     3.809920E-01     1.751215E+01     1.910058E-03
   1.066667E-01     3.815886E-01     1.751216E+01     1.914075E-03
   1.068333E-01     3.821855E-01     1.751216E+01     1.918095E-03
   1.070000E-01     3.827830E-01     1.751217E+01     1.922118E-03
   1.071667E-01     3.833809E-01     1.751217E+01     1.926145E-03
   1.073333E-01     3.839793E-01     1.751218E+01     1.930175E-03
   1.075000E-01     3.845781E-01     1.751218E+01     1.934208E-03
   1.076667E-01     3.851774E-01     1.751218E+01     1.938244E-03
   1.078333E-01     3.857772E-01     1.751219E+01     1.942284E-03
   1.080000E-01     3.863775E-01     1.751219E+01     1.946327E-03
   1.081667E-01     3.869782E-01     1.751220E+01     1.950373E-03
   1.083333E-01     3.875794E-01     1.751220E+01     1.954423E-03
   1.085000E-01     3.881810E-01     1.751220E+01     1.958475E-03
   1.086667E-01     3.887831E-01     1.751221E+01     1.962531E-03
   1.088333E-01     3.893857E-01     1.751221E+01     1.966591E-03
   1.090000E-01     3.899888E-01     1.751222E+01     1.970653E-03
   1.091667E-01     3.905923E-01     1.751222E+01     1.974719E-03
   1.093333E-01     3.911963E-01     1.751222E+01     1.978788E-03
   1.095000E-01     3.918007E-01     1.751223E+01     1.982861E-03
   1.096667E-01     3.924056E-01     1.751223E+01     1.986936E-03
   1.098333E-01     3.930110E-01     1.751224E+01     1.991015E-03
   1.100000E-01     3.936169E-01     1.751224E+01     1.995097E-03
   1.101667E-01     3.942232E-01     1.751224E+01     1.999183E-03
   1.103333E-01     3.948300E-01     1.751225E+01     2.003272E-03
   1.105000E-01     3.954372E-01     1.751225E+01     2.007364E-03
   1.106667E-01     3.960449E-01     1.751226E+01     2.011459E-03
   1.108333E-01     3.966531E-01     1.751226E+01     2.015557E-03
   1.110000E-01     3.972618E-01     1.751226E+01     2.019659E-03
   1.111667E-01     3.978709E-01     1.751227E+01     2.023764E-03
   1.113333E-01     3.984805E-01     1.751227E+01     2.027873E-03
   1.115000E-01     3.990905E-01     1.751228E+01     2.031984E-03
   1.116667E-01     3.997010E-01     1.751228E+01     2.036099E-03
   1.118333E-01     4.003120E-01     1.751229E+01     2.040217E-03
   1.120000E-01     4.009235E-01     1.751229E+01     2.044339E-03
   1.121667E-01     4.015354E-01     1.751229E+01     2.048464E-03
   1.123333E-01     4.021478E-01     1.751230E+01     2.052592E-03
   1.125000E-01     4.027606E-01     1.751230E+01     2.056723E-03
   1.126667E-01     4.033739E-01     1.751231E+01     2.060857E-03
   1.128333E-01     4.039877E-01     1.751231E+01     2.064995E-03
   1.130000E-01     4.046020E-01     1.751231E+01     2.069136E-03
   1.131667E-01     4.052167E-01     1.751232E+01     2.073281E-03
   1.133333E-01     4.058318E-01     1.751232E+01     2.077428E-03
   1.135000E-01     4.064475E-01     1.751233E+01     2.081579E-03
   1.136667E-01     4.070636E-01     1.751233E+01     2.085734E-03
   1.138333E-01     4.076802E-01     1.751233E+01     2.089891E-03
   1.140000E-01     4.082972E-01     1.751234E+01     2.094052E-03
   1.141667E-01     4.089148E-01     1.751234E+01     2.098216E-03
   1.143333E-01     4.095327E-01     1.751235E+01     2.102383E-03
   1.145000E-01     4.101512E-01     1.751235E+01     2.106554E-03
   1.146667E-01     4.107701E-01     1.751236E+01     2.110728E-03
   1.148333E-01     4.113895E-01     1.751236E+01     2.114905E-03
   1.150000E-01     4.120093E-01     1.751236E+01     2.119085E-03
   1.151667E-01     4.126296E-01     1.751237E+01     2.123269E-03
   1.153333E-01     4.132504E-01     1.751237E+01     2.127456E-03
   1.155000E-01     4.138717E-01     1.751238E+01     2.131647E-03
   1.156667E-01     4.144934E-01     1.751238E+01     2.135840E-03
   1.158333E-01     4.151156E-01     1.751238E+01     2.140037E-03
   1.160000E-01     4.157382E-01     1.751239E+01     2.144237E-03
   1.161667E-01     4.163613E-01     1.751239E+01     2.148441E-03
   1.163333E-01     4.169849E-01     1.751240E+01     2.152647E-03
   1.165000E-01     4.176090E-01     1.751240E+01     2.156857E-03
   1.166667E-01     4.182335E-01     1.751241E+01     2.161071E-03
   1.168333E-01     4.188584E-01     1.751241E+01     2.165287E-03
   1.170000E-01     4.194839E-01     1.751241E+01     2.169507E-03
   1.171667E-01     4.201098E-01     1.751242E+01     2.173730E-03
   1.173333E-01     4.207362E-01     1.751242E+01     2.177957E-03
   1.175000E-01     4.213630E-01     1.751243E+01     2.182186E-03
   1.176667E-01     4.219903E-01     1.751243E+01     2.186419E-03
   1.178333E-01     4.226181E-01     1.751244E+01     2.190655E-03
   1.180000E-01     4.232464E-01     1.751244E+01     2.194895E-03
   1.181667E-01     4.238751E-01     1.751244E+01     2.199138E-03
   1.183333E-01     4.245043E-01     1.751245E+01     2.203384E-03
   1.185000E-01     4.251339E-01     1.751245E+01     2.207633E-03
   1.186667E-01     4.257640E-01     1.751246E+01     2.211886E-03
   1.188333E-01     4.263946E-01     1.751246E+01     2.216142E-03
   1.190000E-01     4.270257E-01     1.751247E+01     2.220401E-03
   1.191667E-01     4.276572E-01     1.751247E+01     2.224664E-03
   1.193333E-01     4.282891E-01     1.751247E+01     2.228930E-03
   1.195000E-01     4.289216E-01     1.751248E+01     2.233199E-03
   1.196667E-01     4.295545E-01     1.751248E+01     2.237471E-03
   1.198333E-01     4.301879E-01     1.751249E+01     2.241747E-03
   1.200000E-01     4.308217E-01     1.751249E+01     2.246026E-03
   1.201667E-01     4.314560E-01     1.751250E+01     2.250308E-03
   1.203333E-01     4.320908E-01     1.751250E+01     2.254594E-03
   1.205000E-01     4.327261E-01     1.751250E+01     2.258883E-03
   1.206667E-01     4.333618E-01     1.751251E+01     2.263175E-03
   1.208333E-01     4.339980E-01     1.751251E+01     2.267470E-03
   1.210000E-01     4.346346E-01     1.751252E+01     2.271769E-03
   1.211667E-01     4.352717E-01     1.751252E+01     2.276071E-03
   1.213333E-01     4.359093E-01     1.751253E+01     2.280377E-03
   1.215000E-01     4.365473E-01     1.751253E+01     2.284685E-03
   1.216667E-01     4.371859E-01     1.751253E+01     2.288997E-03
   1.218333E-01     4.378248E-01     1.751254E+01     2.293312E-03
   1.220000E-01     4.384643E-01     1.751254E+01     2.297631E-03
   1.221667E-01     4.391042E-01     1.751255E+01     2.301953E-03
   1.223333E-01     4.397446E-01     1.751255E+01     2.306278E-03
   1.225000E-01     4.403854E-01     1.751256E+01     2.310606E-03
   1.226667E-01     4.410267E-01     1.751256E+01     2.314938E-03
   1.228333E-01     4.416685E-01     1.751256E+01     2.319273E-03
   1.230000E-01     4.423108E-01     1.751257E+01     2.323611E-03
   1.231667E-01     4.429535E-01     1.751257E+01     2.327953E-03
   1.233333E-01     4.435966E-01     1.751258E+01     2.332297E-03
   1.235000E-01     4.442403E-01     1.751258E+01     2.336646E-03
   1.236667E-01     4.448844E-01     1.751259E+01     2.340997E-03
   1.238333E-01     4.455290E-01     1.751259E+01     2.345352E-03
   1.240000E-01     4.461740E-01     1.751259E+01     2.349710E-03
   1.241667E-01     4.468195E-01     1.751260E+01     2.354071E-03
   1.243333E-01     4.474655E-01     1.751260E+01     2.358436E-03
   1.245000E-01     4.481120E-01     1.751261E+01     2.362804E-03
   1.246667E-01     4.487589E-01     1.751261E+01     2.367175E-03
   1.248333E-01     4.494062E-01     1.751262E+01     2.371549E-03
   1.250000E-01     4.500541E-01     1.751262E+01     2.375927E-03
   1.251667E-01     4.507024E-01     1.751263E+01     2.380308E-03
   1.253333E-01     4.513512E-01     1.751263E+01     2.384693E-03
   1.255000E-01     4.520004E-01     1.751263E+01     2.389081E-03
   1.256667E-01     4.526501E-01     1.751264E+01     2.393472E-03
   1.258333E-01     4.533003E-01     1.751264E+01     2.397866E-03
   1.260000E-01     4.539510E-01     1.751265E+01     2.402264E-03
   1.261667E-01     4.546021E-01     1.751265E+01     2.406664E-03
   1.263333E-01     4.552536E-01     1.751266E+01     2.411069E-03
   1.265000E-01     4.559057E-01     1.751266E+01     2.415476E-03
   1.266667E-01     4.565582E-01     1.751266E+01     2.419887E-03
   1.268333E-01     4.572112E-01     1.751267E+01     2.424301E-03
   1.270000E-01     4.578646E-01     1.751267E+01     2.428719E-03
   1.271667E-01     4.585185E-01     1.751268E+01     2.433139E-03
   1.273333E-01     4.591729E-01     1.751268E+01     2.437563E-03
   1.275000E-01     4.598278E-01     1.751269E+01     2.441991E-03
   1.276667E-01     4.604831E-01     1.751269E+01     2.446421E-03
   1.278333E-01     4.611388E-01     1.751270E+01     2.450855E-03
   1.280000E-01     4.617951E-01     1.751270E+01     2.455293E-03
   1.281667E-01     4.624518E-01     1.751270E+01     2.459733E-03
   1.283333E-01     4.631090E-01     1.751271E+01     2.464177E-03
   1.285000E-01     4.637666E-01     1.751271E+01     2.468624E-03
   1.286667E-01     4.644247E-01     1.751272E+01     2.473075E-03
   1.288333E-01     4.650833E-01     1.751272E+01     2.477529E-03
   1.290000E-01     4.657423E-01     1.751273E+01     2.481986E-03
   1.291667E-01     4.664019E-01     1.751273E+01     2.486446E-03
   1.293333E-01     4.670618E-01     1.751274E+01     2.490910E-03
   1.295000E-01     4.677223E-01     1.751274E+01     2.495377E-03
   1.296667E-01     4.683832E-01     1.751274E+01     2.499847E-03
   1.298333E-01     4.690446E-01     1.751275E+01     2.504321E-03
   1.300000E-01     4.697064E-01     1.751275E+01     2.508798E-03
   1.301667E-01     4.703687E-01     1.751276E+01     2.513278E-03
   1.303333E-01     4.710315E-01     1.751276E+01     2.517761E-03
   1.305000E-01     4.716947E-01     1.751277E+01     2.522248E-03
   1.306667E-01     4.723584E-01     1.751277E+01     2.526738E-03
   1.308333E-01     4.730226E-01     1.751278E+01     2.531232E-03
   1.310000E-01     4.736873E-01     1.751278E+01     2.535729E-03
   1.311667E-01     4.743524E-01     1.751279E+01     2.540229E-03
   1.313333E-01     4.750179E-01     1.751279E+01     2.544732E-03
   1.315000E-01     4.756840E-01     1.751279E+01     2.549239E-03
   1.316667E-01     4.763505E-01     1.751280E+01     2.553749E-03
   1.318333E-01     4.770175E-01     1.751280E+01     2.558262E-03
   1.320000E-01     4.776849E-01     1.751281E+01     2.562779E-03
   1.321667E-01     4.783528E-01     1.751281E+01     2.567299E-03
   1.323333E-01     4.790212E-01     1.751282E+01     2.571822E-03
   1.325000E-01     4.796900E-01     1.751282E+01     2.576349E-03
   1.326667E-01     4.803594E-01     1.751283E+01     2.580879E-03
   1.328333E-01     4.810291E-01     1.751283E+01     2.585412E-03
   1.330000E-01     4.816994E-01     1.751283E+01     2.589948E-03
   1.331667E-01     4.823701E-01     1.751284E+01     2.594488E-03
   1.333333E-01     4.830413E-01     1.751284E+01     2.599031E-03
   1.335000E-01     4.837129E-01     1.751285E+01     2.603578E-03
   1.336667E-01     4.843850E-01     1.751285E+01     2.608128E-03
   1.338333E-01     4.850576E-01     1.751286E+01     2.612681E-03
   1.340000E-01     4.857306E-01     1.751286E+01     2.617237E-03
   1.341667E-01     4.864041E-01     1.751287E+01     2.621797E-03
   1.343333E-01     4.870781E-01     1.751287E+01     2.626360E-03
   1.345000E-01     4.877525E-01     1.751288E+01     2.630926E-03
   1.346667E-01     4.884275E-01     1.751288E+01     2.635496E-03
   1.348333E-01     4.891028E-01     1.751288E+01     2.640069E-03
   1.350000E-01     4.897787E-01     1.751289E+01     2.644645E-03
   1.351667E-01     4.904550E-01     1.751289E+01     2.649225E-03
   1.353333E-01     4.911318E-01     1.751290E+01     2.653808E-03
   1.355000E-01     4.918090E-01     1.751290E+01     2.658394E-03
   1.356667E-01     4.924867E-01     1.751291E+01     2.662984E-03
   1.358333E-01     4.931649E-01     1.751291E+01     2.667577E-03
   1.360000E-01     4.938435E-01     1.751292E+01     2.672173E-03
   1.361667E-01     4.945226E-01     1.751292E+01     2.676773E-03
   1.363333E-01     4.952022E-01     1.751293E+01     2.681376E-03
   1.365000E-01     4.958822E-01     1.751293E+01     2.685982E-03
   1.366667E-01     4.965628E-01     1.751294E+01     2.690591E-03
   1.368333E-01     4.972437E-01     1.751294E+01     2.695204E-03
   1.370000E-01     4.979252E-01     1.751294E+01     2.699820E-03
   1.371667E-01     4.986071E-01     1.751295E+01     2.704440E-03
   1.373333E-01     4.992894E-01     1.751295E+01     2.709063E-03
   1.375000E-01     4.999723E-01     1.751296E+01     2.713689E-03
   1.376667E-01     5.006556E-01     1.751296E+01     2.718318E-03
   1.378333E-01     5.013394E-01     1.751297E+01     2.722951E-03
   1.380000E-01     5.020236E-01     1.751297E+01     2.727587E-03
   1.381667E-01     5.027083E-01     1.751298E+01     2.732227E-03
   1.383333E-01     5.033935E-01     1.751298E+01     2.736869E-03
   1.385000E-01     5.040791E-01     1.751299E+01     2.741515E-03
   1.386667E-01     5.047652E-01     1.751299E+01     2.746165E-03
   1.388333E-01     5.054518E-01     1.751300E+01     2.750818E-03
   1.390000E-01     5.061389E-01     1.751300E+01     2.755474E-03
   1.391667E-01     5.068264E-01     1.751301E+01     2.760133E-03
   1.393333E-01     5.075143E-01     1.751301E+01     2.764796E-03
   1.395000E-01     5.082028E-01     1.751301E+01     2.769462E-03
   1.396667E-01     5.088917E-01     1.751302E+01     2.774131E-03
   1.398333E-01     5.095811E-01     1.751302E+01     2.778804E-03
   1.400000E-01     5.102709E-01     1.751303E+01     2.783480E-03
   1.401667E-01     5.109612E-01     1.751303E+01     2.788159E-03
   1.403333E-01     5.116520E-01     1.751304E+01     2.792842E-03
   1.405000E-01     5.123432E-01     1.751304E+01     2.797528E-03
   1.406667E-01     5.130349E-01     1.751305E+01     2.802217E-03
   1.408333E-01     5.137271E-01     1.751305E+01     2.806910E-03
   1.410000E-01     5.144197E-01     1.751306E+01     2.811606E-03
   1.411667E-01     5.151128E-01     1.751306E+01     2.816305E-03
   1.413333E-01     5.158064E-01     1.751307E+01     2.821008E-03
   1.415000E-01     5.165005E-01     1.751307E+01     2.825714E-03
   1.416667E-01     5.171950E-01     1.751308E+01     2.830423E-03
   1.418333E-01     5.178899E-01     1.751308E+01     2.835136E-03
   1.420000E-01     5.185854E-01     1.751308E+01     2.839852E-03
   1.421667E-01     5.192813E-01     1.751309E+01     2.844571E-03
   1.423333E-01     5.199777E-01     1.751309E+01     2.849294E-03
   1.425000E-01     5.206745E-01     1.751310E+01     2.854020E-03
   1.426667E-01     5.213718E-01     1.751310E+01     2.858749E-03
   1.428333E-01     5.220696E-01     1.751311E+01     2.863482E-03
   1.430000E-01     5.227678E-01     1.751311E+01     2.868218E-03
   1.431667E-01     5.234665E-01     1.751312E+01     2.872957E-03
   1.433333E-01     5.241657E-01     1.751312E+01     2.877700E-03
   1.435000E-01     5.248653E-01     1.751313E+01     2.882446E-03
   1.436667E-01     5.255654E-01     1.751313E+01     2.887195E-03
   1.438333E-01     5.262660E-01     1.751314E+01     2.891947E-03
   1.440000E-01     5.269670E-01     1.751314E+01     2.896703E-03
   1.441667E-01     5.276685E-01     1.751315E+01     2.901463E-03
   1.443333E-01     5.283705E-01     1.751315E+01     2.906225E-03
   1.445000E-01     5.290730E-01     1.751316E+01     2.910991E-03
   1.446667E-01     5.297759E-01     1.751316E+01     2.915761E-03
   1.448333E-01     5.304792E-01     1.751317E+01     2.920533E-03
   1.450000E-01     5.311831E-01     1.751317E+01     2.925309E-03
   1.451667E-01     5.318874E-01     1.751317E+01     2.930089E-03
   1.453333E-01     5.325922E-01     1.751318E+01     2.934872E-03
   1.455000E-01     5.332974E-01     1.751318E+01     2.939658E-03
   1.456667E-01     5.340031E-01     1.751319E+01     2.944447E-03
   1.458333E-01     5.347093E-01     1.751319E+01     2.949240E-03
   1.460000E-01     5.354159E-01     1.751320E+01     2.954036E-03
   1.461667E-01     5.361230E-01     1.751320E+01     2.958835E-03
   1.463333E-01     5.368306E-01     1.751321E+01     2.963638E-03
   1.465000E-01     5.375386E-01     1.751321E+01     2.968444E-03
   1.466667E-01     5.382471E-01     1.751322E+01     2.973253E-03
   1.468333E-01     5.389561E-01     1.751322E+01     2.978066E-03
   1.470000E-01     5.396655E-01     1.751323E+01     2.982882E-03
   1.471667E-01     5.403754E-01     1.751323E+01     2.987702E-03
   1.473333E-01     5.410858E-01     1.751324E+01     2.992524E-03
   1.475000E-01     5.417966E-01     1.751324E+01     2.997350E-03
   1.476667E-01     5.425079E-01     1.751325E+01     3.002180E-03
   1.478333E-01     5.432197E-01     1.751325E+01     3.007013E-03
   1.480000E-01     5.439320E-01     1.751326E+01     3.011849E-03
   1.481667E-01     5.446447E-01     1.751326E+01     3.016688E-03
   1.483333E-01     5.453578E-01     1.751327E+01     3.021531E-03
   1.485000E-01     5.460715E-01     1.751327E+01     3.026377E-03
   1.486667E-01     5.467856E-01     1.751328E+01     3.031227E-03
   1.488333E-01     5.475001E-01     1.751328E+01     3.036080E-03
   1.490000E-01     5.482152E-01     1.751329E+01     3.040936E-03
   1.491667E-01     5.489307E-01     1.751329E+01     3.045796E-03
   1.493333E-01     5.496467E-01     1.751330E+01     3.050659E-03
   1.495000E-01     5.503631E-01     1.751330E+01     3.055525E-03
   1.496667E-01     5.510800E-01     1.751331E+01     3.060394E-03
   1.498333E-01     5.517974E-01     1.751331E+01     3.065267E-03
   1.500000E-01     5.525152E-01     1.751332E+01     3.070144E-03
   1.501667E-01     5.532335E-01     1.751332E+01     3.075023E-03
   1.503333E-01     5.539523E-01     1.751332E+01     3.079906E-03
   1.505000E-01     5.546715E-01     1.751333E+01     3.084793E-03
   1.506667E-01     5.553912E-01     1.751333E+01     3.089682E-03
   1.508333E-01     5.561114E-01     1.751334E+01     3.094575E-03
   1.510000E-01     5.568320E-01     1.751334E+01     3.099472E-03
   1.511667E-01     5.575531E-01     1.751335E+01     3.104372E-03
   1.513333E-01     5.582747E-01     1.751335E+01     3.109275E-03
   1.515000E-01     5.589967E-01     1.751336E+01     3.114181E-03
   1.516667E-01     5.597192E-01     1.751336E+01     3.119091E-03
   1.518333E-01     5.604422E-01     1.751337E+01     3.124004E-03
   1.520000E-01     5.611656E-01     1.751337E+01     3.128921E-03
   1.521667E-01     5.618895E-01     1.751338E+01     3.133841E-03
   1.523333E-01     5.626139E-01     1.751338E+01     3.138764E-03
   1.525000E-01     5.633388E-01     1.751339E+01     3.143690E-03
   1.526667E-01     5.640641E-01     1.751339E+01     3.148620E-03
   1.528333E-01     5.647898E-01     1.751340E+01     3.153554E-03
   1.530000E-01     5.655161E-01     1.751340E+01     3.158490E-03
   1.531667E-01     5.662428E-01     1.751341E+01     3.163430E-03
   1.533333E-01     5.669699E-01     1.751341E+01     3.168374E-03
   1.535000E-01     5.676976E-01     1.751342E+01     3.173320E-03
   1.536667E-01     5.684257E-01     1.751342E+01     3.178270E-03
   1.538333E-01     5.691542E-01     1.751343E+01     3.183224E-03
   1.540000E-01     5.698833E-01     1.751343E+01     3.188180E-03
   1.541667E-01     5.706128E-01     1.751344E+01     3.193141E-03
   1.543333E-01     5.713427E-01     1.751344E+01     3.198104E-03
   1.545000E-01     5.720732E-01     1.751345E+01     3.203071E-03
   1.546667E-01     5.728041E-01     1.751345E+01     3.208041E-03
   1.548333E-01     5.735355E-01     1.751346E+01     3.213015E-03
   1.550000E-01     5.742673E-01     1.751346E+01     3.217992E-03
   1.551667E-01     5.749996E-01     1.751347E+01     3.222972E-03
   1.553333E-01     5.757324E-01     1.751347E+01     3.227956E-03
   1.555000E-01     5.764656E-01     1.751348E+01     3.232943E-03
   1.556667E-01     5.771993E-01     1.751348E+01     3.237933E-03
   1.558333E-01     5.779335E-01     1.751349E+01     3.242927E-03
   1.560000E-01     5.786681E-01     1.751349E+01     3.247924E-03
   1.561667E-01     5.794032E-01     1.751350E+01     3.252924E-03
   1.563333E-01     5.801388E-01     1.751350E+01     3.257928E-03
   1.565000E-01     5.808748E-01     1.751351E+01     3.262935E-03
   1.566667E-01     5.816113E-01     1.751351E+01     3.267946E-03
   1.568333E-01     5.823483E-01     1.751352E+01     3.272960E-03
   1.570000E-01     5.830857E-01     1.751352E+01     3.277977E-03
   1.571667E-01     5.838236E-01     1.751353E+01     3.282997E-03
   1.573333E-01     5.845620E-01     1.751353E+01     3.288021E-03
   1.575000E-01     5.853008E-01     1.751354E+01     3.293049E-03
   1.576667E-01     5.860401E-01     1.751354E+01     3.298080E-03
   1.578333E-01     5.867799E-01     1.751355E+01     3.303114E-03
   1.580000E-01     5.875201E-01     1.751355E+01     3.308151E-03
   1.581667E-01     5.882608E-01     1.751356E+01     3.313192E-03
   1.583333E-01     5.890020E-01     1.751356E+01     3.318236E-03
   1.585000E-01     5.897436E-01     1.751357E+01     3.323284E-03
   1.586667E-01     5.904857E-01     1.751357E+01     3.328334E-03
   1.588333E-01     5.912283E-01     1.751358E+01     3.333389E-03
   1.590000E-01     5.919713E-01     1.751358E+01     3.338446E-03
   1.591667E-01     5.927148E-01     1.751359E+01     3.343507E-03
   1.593333E-01     5.934588E-01     1.751359E+01     3.348572E-03
   1.595000E-01     5.942032E-01     1.751360E+01     3.353640E-03
   1.596667E-01     5.949481E-01     1.751360E+01     3.358711E-03
   1.598333E-01     5.956935E-01     1.751361E+01     3.363785E-03
   1.600000E-01     5.964393E-01     1.751361E+01     3.368863E-03
   1.601667E-01     5.971856E-01     1.751362E+01     3.373944E-03
   1.603333E-01     5.979324E-01     1.751362E+01     3.379029E-03
   1.605000E-01     5.986796E-01     1.751363E+01     3.384117E-03
   1.606667E-01     5.994273E-01     1.751363E+01     3.389208E-03
   1.608333E-01     6.001755E-01     1.751364E+01     3.394303E-03
   1.610000E-01     6.009241E-01     1.751364E+01     3.399401E-03
   1.611667E-01     6.016732E-01     1.751365E+01     3.404502E-03
   1.613333E-01     6.024228E-01     1.751365E+01     3.409607E-03
   1.615000E-01     6.031728E-01     1.751366E+01     3.414715E-03
   1.616667E-01     6.039233E-01     1.751366E+01     3.419827E-03
   1.618333E-01     6.046743E-01     1.751367E+01     3.424942E-03
   1.620000E-01     6.054257E-01     1.751367E+01     3.430060E-03
   1.621667E-01     6.061776E-01     1.751368E+01     3.435182E-03
   1.623333E-01     6.069300E-01     1.751369E+01     3.440307E-03
   1.625000E-01     6.076828E-01     1.751369E+01     3.445435E-03
   1.626667E-01     6.084361E-01     1.751370E+01     3.450567E-03
   1.628333E-01     6.091899E-01     1.751370E+01     3.455702E-03
   1.630000E-01     6.099441E-01     1.751371E+01     3.460841E-03
   1.631667E-01     6.106988E-01     1.751371E+01     3.465983E-03
   1.633333E-01     6.114540E-01     1.751372E+01     3.471128E-03
   1.635000E-01     6.122096E-01     1.751372E+01     3.476277E-03
   1.636667E-01     6.129657E-01     1.751373E+01     3.481429E-03
   1.638333E-01     6.137223E-01     1.751373E+01     3.486585E-03
   1.640000E-01     6.144793E-01     1.751374E+01     3.491743E-03
   1.641667E-01     6.152368E-01     1.751374E+01     3.496906E-03
   1.643333E-01     6.159948E-01     1.751375E+01     3.502071E-03
   1.645000E-01     6.167532E-01     1.751375E+01     3.507240E-03
   1.646667E-01     6.175121E-01     1.751376E+01     3.512412E-03
   1.648333E-01     6.182715E-01     1.751376E+01     3.517588E-03
   1.650000E-01     6.190313E-01     1.751377E+01     3.522767E-03
   1.651667E-01     6.197916E-01     1.751377E+01     3.527950E-03
   1.653333E-01     6.205524E-01     1.751378E+01     3.533136E-03
   1.655000E-01     6.213136E-01     1.751378E+01     3.538325E-03
   1.656667E-01     6.220753E-01     1.751379E+01     3.543518E-03
   1.658333E-01     6.228375E-01     1.751379E+01     3.548714E-03
   1.660000E-01     6.236001E-01     1.751380E+01     3.553913E-03
   1.661667E-01     6.243632E-01     1.751380E+01     3.559116E-03
   1.663333E-01     6.251268E-01     1.751381E+01     3.564322E-03
   1.665000E-01     6.258908E-01     1.751381E+01     3.569532E-03
   1.666667E-01     6.266553E-01     1.751382E+01     3.574744E-03
   1.668333E-01     6.274203E-01     1.751382E+01     3.579961E-03
   1.670000E-01     6.281857E-01     1.751383E+01     3.585181E-03
   1.671667E-01     6.289516E-01     1.751384E+01     3.590404E-03
   1.673333E-01     6.297180E-01     1.751384E+01     3.595630E-03
   1.675000E-01     6.304848E-01     1.751385E+01     3.600860E-03
   1.676667E-01     6.312521E-01     1.751385E+01     3.606093E-03
   1.678333E-01     6.320199E-01     1.751386E+01     3.611330E-03
   1.680000E-01     6.327881E-01     1.751386E+01     3.616570E-03
   1.681667E-01     6.335568E-01     1.751387E+01     3.621813E-03
   1.683333E-01     6.343260E-01     1.751387E+01     3.627060E-03
   1.685000E-01     6.350956E-01     1.751388E+01     3.632310E-03
   1.686667E-01     6.358657E-01     1.751388E+01     3.637564E-03
   1.688333E-01     6.366363E-01     1.751389E+01     3.642821E-03
   1.690000E-01     6.374073E-01     1.751389E+01     3.648081E-03
   1.691667E-01     6.381788E-01     1.751390E+01     3.653345E-03
   1.693333E-01     6.389508E-01     1.751390E+01     3.658612E-03
   1.695000E-01     6.397232E-01     1.751391E+01     3.663883E-03
   1.696667E-01     6.404961E-01     1.751391E+01     3.669157E-03
   1.698333E-01     6.412694E-01     1.751392E+01     3.674434E-03
   1.700000E-01     6.420433E-01     1.751392E+01     3.679715E-03
   1.701667E-01     6.428176E-01     1.751393E+01     3.684999E-03
   1.703333E-01     6.435923E-01     1.751394E+01     3.690286E-03
   1.705000E-01     6.443676E-01     1.751394E+01     3.695577E-03
   1.706667E-01     6.451433E-01     1.751395E+01     3.700871E-03
   1.708333E-01     6.459194E-01     1.751395E+01     3.706169E-03
   1.710000E-01     6.466961E-01     1.751396E+01     3.711470E-03
   1.711667E-01     6.474732E-01     1.751396E+01     3.716775E-03
   1.713333E-01     6.482507E-01     1.751397E+01     3.722082E-03
   1.715000E-01     6.490288E-01     1.751397E+01     3.727394E-03
   1.716667E-01     6.498073E-01     1.751398E+01     3.732708E-03
   1.718333E-01     6.505862E-01     1.751398E+01     3.738026E-03
   1.720000E-01     6.513656E-01     1.751399E+01     3.743348E-03
   1.721667E-01     6.521455E-01     1.751399E+01     3.748673E-03
   1.723333E-01     6.529259E-01     1.751400E+01     3.754001E-03
   1.725000E-01     6.537067E-01     1.751400E+01     3.759332E-03
   1.726667E-01     6.544880E-01     1.751401E+01     3.764667E-03
   1.728333E-01     6.552698E-01     1.751401E+01     3.770006E-03
   1.730000E-01     6.560520E-01     1.751402E+01     3.775348E-03
   1.731667E-01     6.568347E-01     1.751403E+01     3.780693E-03
   1.733333E-01     6.576179E-01     1.751403E+01     3.786042E-03
   1.735000E-01     6.584015E-01     1.751404E+01     3.791394E-03
   1.736667E-01     6.591856E-01     1.751404E+01     3.796749E-03
   1.738333E-01     6.599702E-01     1.751405E+01     3.802108E-03
   1.740000E-01     6.607552E-01     1.751405E+01     3.807470E-03
   1.741667E-01     6.615407E-01     1.751406E+01     3.812836E-03
   1.743333E-01     6.623267E-01     1.751406E+01     3.818205E-03
   1.745000E-01     6.631131E-01     1.751407E+01     3.823577E-03
   1.746667E-01     6.639000E-01     1.751407E+01     3.828953E-03
   1.748333E-01     6.646874E-01     1.751408E+01     3.834332E-03
   1.750000E-01     6.654752E-01     1.751408E+01     3.839715E-03
   1.751667E-01     6.662635E-01     1.751409E+01     3.845101E-03
   1.753333E-01     6.670522E-01     1.751410E+01     3.850490E-03
   1.755000E-01     6.678415E-01     1.751410E+01     3.855883E-03
   1.756667E-01     6.686312E-01     1.751411E+01     3.861279E-03
   1.758333E-01     6.694213E-01     1.751411E+01     3.866679E-03
   1.760000E-01     6.702120E-01     1.751412E+01     3.872082E-03
   1.761667E-01     6.710031E-01     1.751412E+01     3.877489E-03
   1.763333E-01     6.717946E-01     1.751413E+01     3.882898E-03
   1.765000E-01     6.725866E-01     1.751413E+01     3.888312E-03
   1.766667E-01     6.733791E-01     1.751414E+01     3.893728E-03
   1.768333E-01     6.741721E-01     1.751414E+01     3.899148E-03
   1.770000E-01     6.749655E-01     1.751415E+01     3.904572E-03
   1.771667E-01     6.757594E-01     1.751415E+01     3.909999E-03
   1.773333E-01     6.765538E-01     1.751416E+01     3.915429E-03
   1.775000E-01     6.773486E-01     1.751417E+01     3.920863E-03
   1.776667E-01     6.781439E-01     1.751417E+01     3.926300E-03
   1.778333E-01     6.789397E-01     1.751418E+01     3.931741E-03
   1.780000E-01     6.797359E-01     1.751418E+01     3.937185E-03
   1.781667E-01     6.805326E-01     1.751419E+01     3.942632E-03
   1.783333E-01     6.813298E-01     1.751419E+01     3.948083E-03
   1.785000E-01     6.821274E-01     1.751420E+01     3.953537E-03
   1.786667E-01     6.829255E-01     1.751420E+01     3.958994E-03
   1.788333E-01     6.837240E-01     1.751421E+01     3.964456E-03
   1.790000E-01     6.845231E-01     1.751421E+01     3.969920E-03
   1.791667E-01     6.853226E-01     1.751422E+01     3.975388E-03
   1.793333E-01     6.861225E-01     1.751423E+01     3.980859E-03
   1.795000E-01     6.869230E-01     1.751423E+01     3.986334E-03
   1.796667E-01     6.877239E-01     1.751424E+01     3.991812E-03
   1.798333E-01     6.885252E-01     1.751424E+01     3.997293E-03
   1.800000E-01     6.893270E-01     1.751425E+01     4.002778E-03
   1.801667E-01     6.901293E-01     1.751425E+01     4.008266E-03
   1.803333E-01     6.909321E-01     1.751426E+01     4.013758E-03
   1.805000E-01     6.917353E-01     1.751426E+01     4.019253E-03
   1.806667E-01     6.925390E-01     1.751427E+01     4.024752E-03
   1.808333E-01     6.933432E-01     1.751428E+01     4.030254E-03
   1.810000E-01     6.941478E-01     1.751428E+01     4.035759E-03
   1.811667E-01     6.949529E-01     1.751429E+01     4.041268E-03
   1.813333E-01     6.957585E-01     1.751429E+01     4.046780E-03
   1.815000E-01     6.965645E-01     1.751430E+01     4.052296E-03
   1.816667E-01     6.973710E-01     1.751430E+01     4.057815E-03
   1.818333E-01     6.981779E-01     1.751431E+01     4.063338E-03
   1.820000E-01     6.989854E-01     1.751431E+01     4.068864E-03
   1.821667E-01     6.997933E-01     1.751432E+01     4.074393E-03
   1.823333E-01     7.006016E-01     1.751432E+01     4.079926E-03
   1.825000E-01     7.014105E-01     1.751433E+01     4.085462E-03
   1.826667E-01     7.022197E-01     1.751434E+01     4.091001E-03
   1.828333E-01     7.030295E-01     1.751434E+01     4.096544E-03
   1.830000E-01     7.038397E-01     1.751435E+01     4.102091E-03
   1.831667E-01     7.046504E-01     1.751435E+01     4.107641E-03
   1.833333E-01     7.054616E-01     1.751436E+01     4.113194E-03
   1.835000E-01     7.062732E-01     1.751436E+01     4.118751E-03
   1.836667E-01     7.070853E-01     1.751437E+01     4.124311E-03
   1.838333E-01     7.078979E-01     1.751437E+01     4.129874E-03
   1.840000E-01     7.087109E-01     1.751438E+01     4.135441E-03
   1.841667E-01     7.095244E-01     1.751439E+01     4.141012E-03
   1.843333E-01     7.103383E-01     1.751439E+01     4.146586E-03
   1.845000E-01     7.111528E-01     1.751440E+01     4.152163E-03
   1.846667E-01     7.119677E-01     1.751440E+01     4.157744E-03
   1.848333E-01     7.127830E-01     1.751441E+01     4.163328E-03
   1.850000E-01     7.135989E-01     1.751441E+01     4.168915E-03
   1.851667E-01     7.144151E-01     1.751442E+01     4.174506E-03
   1.853333E-01     7.152319E-01     1.751442E+01     4.180101E-03
   1.855000E-01     7.160491E-01     1.751443E+01     4.185698E-03
   1.856667E-01     7.168668E-01     1.751444E+01     4.191300E-03
   1.858333E-01     7.176850E-01     1.751444E+01     4.196904E-03
   1.860000E-01     7.185036E-01     1.751445E+01     4.202512E-03
   1.861667E-01     7.193227E-01     1.751445E+01     4.208124E-03
   1.863333E-01     7.201423E-01     1.751446E+01     4.213739E-03
   1.865000E-01     7.209623E-01     1.751446E+01     4.219357E-03
   1.866667E-01     7.217828E-01     1.751447E+01     4.224979E-03
   1.868333E-01     7.226037E-01     1.751448E+01     4.230604E-03
   1.870000E-01     7.234252E-01     1.751448E+01     4.236233E-03
   1.871667E-01     7.242471E-01     1.751449E+01     4.241865E-03
   1.873333E-01     7.250694E-01     1.751449E+01     4.247501E-03
   1.875000E-01     7.258922E-01     1.751450E+01     4.253140E-03
   1.876667E-01     7.267155E-01     1.751450E+01     4.258782E-03
   1.878333E-01     7.275393E-01     1.751451E+01     4.264428E-03
   1.880000E-01     7.283635E-01     1.751451E+01     4.270077E-03
   1.881667E-01     7.291882E-01     1.751452E+01     4.275730E-03
   1.883333E-01     7.300134E-01     1.751453E+01     4.281386E-03
   1.885000E-01     7.308390E-01     1.751453E+01     4.287046E-03
   1.886667E-01     7.316651E-01     1.751454E+01     4.292709E-03
   1.888333E-01     7.324916E-01     1.751454E+01     4.298375E-03
   1.890000E-01     7.333187E-01     1.751455E+01     4.304045E-03
   1.891667E-01     7.341462E-01     1.751455E+01     4.309718E-03
   1.893333E-01     7.349741E-01     1.751456E+01     4.315395E-03
   1.895000E-01     7.358025E-01     1.751457E+01     4.321075E-03
   1.896667E-01     7.366314E-01     1.751457E+01     4.326759E-03
   1.898333E-01     7.374608E-01     1.751458E+01     4.332446E-03
   1.900000E-01     7.382906E-01     1.751458E+01     4.338136E-03
   1.901667E-01     7.391209E-01     1.751459E+01     4.343830E-03
   1.903333E-01     7.399517E-01     1.751459E+01     4.349528E-03
   1.905000E-01     7.407829E-01     1.751460E+01     4.355229E-03
   1.906667E-01     7.416146E-01     1.751461E+01     4.360933E-03
   1.908333E-01     7.424467E-01     1.751461E+01     4.366641E-03
   1.910000E-01     7.432794E-01     1.751462E+01     4.372352E-03
   1.911667E-01     7.441125E-01     1.751462E+01     4.378066E-03
   1.913333E-01     7.449460E-01     1.751463E+01     4.383784E-03
   1.915000E-01     7.457800E-01     1.751463E+01     4.389506E-03
   1.916667E-01     7.466145E-01     1.751464E+01     4.395231E-03
   1.918333E-01     7.474495E-01     1.751465E+01     4.400959E-03
   1.920000E-01     7.482849E-01     1.751465E+01     4.406691E-03
   1.921667E-01     7.491208E-01     1.751466E+01     4.412426E-03
   1.923333E-01     7.499572E-01     1.751466E+01     4.418165E-03
   1.925000E-01     7.507940E-01     1.751467E+01     4.423907E-03
   1.926667E-01     7.516313E-01     1.751467E+01     4.429653E-03
   1.928333E-01     7.524690E-01     1.751468E+01     4.435402E-03
   1.930000E-01     7.533073E-01     1.751469E+01     4.441154E-03
   1.931667E-01     7.541460E-01     1.751469E+01     4.446910E-03
   1.933333E-01     7.549851E-01     1.751470E+01     4.452669E-03
   1.935000E-01     7.558247E-01     1.751470E+01     4.458432E-03
   1.936667E-01     7.566648E-01     1.751471E+01     4.464198E-03
   1.938333E-01     7.575054E-01     1.751471E+01     4.469968E-03
   1.940000E-01     7.583464E-01     1.751472E+01     4.475741E-03
   1.941667E-01     7.591879E-01     1.751473E+01     4.481518E-03
   1.943333E-01     7.600298E-01     1.751473E+01     4.487298E-03
   1.945000E-01     7.608723E-01     1.751474E+01     4.493081E-03
   1.946667E-01     7.617152E-01     1.751474E+01     4.498868E-03
   1.948333E-01     7.625585E-01     1.751475E+01     4.504659E-03
   1.950000E-01     7.634023E-01     1.751476E+01     4.510453E-03
   1.951667E-01     7.642466E-01     1.751476E+01     4.516250E-03
   1.953333E-01     7.650914E-01     1.751477E+01     4.522051E-03
   1.955000E-01     7.659366E-01     1.751477E+01     4.527855E-03
   1.956667E-01     7.667823E-01     1.751478E+01     4.533663E-03
   1.958333E-01     7.676285E-01     1.751478E+01     4.539474E-03
   1.960000E-01     7.684751E-01     1.751479E+01     4.545288E-03
   1.961667E-01     7.693222E-01     1.751480E+01     4.551106E-03
   1.963333E-01     7.701697E-01     1.751480E+01     4.556928E-03
   1.965000E-01     7.710178E-01     1.751481E+01     4.562753E-03
   1.966667E-01     7.718662E-01     1.751481E+01     4.568581E-03
   1.968333E-01     7.727152E-01     1.751482E+01     4.574413E-03
   1.970000E-01     7.735646E-01     1.751483E+01     4.580248E-03
   1.971667E-01     7.744145E-01     1.751483E+01     4.586087E-03
   1.973333E-01     7.752649E-01     1.751484E+01     4.591929E-03
   1.975000E-01     7.761157E-01     1.751484E+01     4.597775E-03
   1.976667E-01     7.769670E-01     1.751485E+01     4.603624E-03
   1.978333E-01     7.778187E-01     1.751485E+01     4.609477E-03
   1.980000E-01     7.786710E-01     1.751486E+01     4.615333E-03
   1.981667E-01     7.795236E-01     1.751487E+01     4.621192E-03
   1.983333E-01     7.803768E-01     1.751487E+01     4.627055E-03
   1.985000E-01     7.812304E-01     1.751488E+01     4.632921E-03
   1.986667E-01     7.820845E-01     1.751488E+01     4.638791E-03
   1.988333E-01     7.829391E-01     1.751489E+01     4.644665E-03
   1.990000E-01     7.837941E-01     1.751490E+01     4.650541E-03
   1.991667E-01     7.846496E-01     1.751490E+01     4.656422E-03
   1.993333E-01     7.855055E-01     1.751491E+01     4.662305E-03
   1.995000E-01     7.863620E-01     1.751491E+01     4.668193E-03
   1.996667E-01     7.872188E-01     1.751492E+01     4.674083E-03
   1.998333E-01     7.880762E-01     1.751492E+01     4.679977E-03
   2.000000E-01     7.889340E-01     1.751493E+01     4.685875E-03
   2.001667E-01     7.897923E-01     1.751494E+01     4.691776E-03
   2.003333E-01     7.906511E-01     1.751494E+01     4.697680E-03
   2.005000E-01     7.915103E-01     1.751495E+01     4.703588E-03
   2.006667E-01     7.923700E-01     1.751495E+01     4.709500E-03
   2.008333E-01     7.932301E-01     1.751496E+01     4.715415E-03
   2.010000E-01     7.940907E-01     1.751497E+01     4.721333E-03
   2.011667E-01     7.949518E-01     1.751497E+01     4.727255E-03
   2.013333E-01     7.958134E-01     1.751498E+01     4.733180E-03
   2.015000E-01     7.966754E-01     1.751498E+01     4.739109E-03
   2.016667E-01     7.975379E-01     1.751499E+01     4.745041E-03
   2.018333E-01     7.984009E-01     1.751500E+01     4.750977E-03
   2.020000E-01     7.992643E-01     1.751500E+01     4.756916E-03
   2.021667E-01     8.001282E-01     1.751501E+01     4.762859E-03
   2.023333E-01     8.009925E-01     1.751501E+01     4.768805E-03
   2.025000E-01     8.018573E-01     1.751502E+01     4.774754E-03
   2.026667E-01     8.027226E-01     1.751503E+01     4.780707E-03
   2.028333E-01     8.035884E-01     1.751503E+01     4.786664E-03
   2.030000E-01     8.044546E-01     1.751504E+01     4.792624E-03
   2.031667E-01     8.053213E-01     1.751504E+01     4.798587E-03
   2.033333E-01     8.061884E-01     1.751505E+01     4.804554E-03
   2.035000E-01     8.070561E-01     1.751506E+01     4.810524E-03
   2.036667E-01     8.079242E-01     1.751506E+01     4.816498E-03
   2.038333E-01     8.087927E-01     1.751507E+01     4.822476E-03
   2.040000E-01     8.096617E-01     1.751507E+01     4.828456E-03
   2.041667E-01     8.105312E-01     1.751508E+01     4.834441E-03
   2.043333E-01     8.114012E-01     1.751509E+01     4.840428E-03
   2.045000E-01     8.122716E-01     1.751509E+01     4.846420E-03
   2.046667E-01     8.131425E-01     1.751510E+01     4.852414E-03
   2.048333E-01     8.140138E-01     1.751510E+01     4.858413E-03
   2.050000E-01     8.148857E-01     1.751511E+01     4.864414E-03
   2.051667E-01     8.157579E-01     1.751512E+01     4.870419E-03
   2.053333E-01     8.166307E-01     1.751512E+01     4.876428E-03
   2.055000E-01     8.175039E-01     1.751513E+01     4.882440E-03
   2.056667E-01     8.183776E-01     1.751513E+01     4.888456E-03
   2.058333E-01     8.192518E-01     1.751514E+01     4.894475E-03
   2.060000E-01     8.201264E-01     1.751515E+01     4.900497E-03
   2.061667E-01     8.210015E-01     1.751515E+01     4.906523E-03
   2.063333E-01     8.218770E-01     1.751516E+01     4.912553E-03
   2.065000E-01     8.227530E-01     1.751516E+01     4.918586E-03
   2.066667E-01     8.236295E-01     1.751517E+01     4.924622E-03
   2.068333E-01     8.245065E-01     1.751518E+01     4.930662E-03
   2.070000E-01     8.253839E-01     1.751518E+01     4.936705E-03
   2.071667E-01     8.262618E-01     1.751519E+01     4.942752E-03
   2.073333E-01     8.271401E-01     1.751519E+01     4.948803E-03
   2.075000E-01     8.280189E-01     1.751520E+01     4.954856E-03
   2.076667E-01     8.288982E-01     1.751521E+01     4.960914E-03
   2.078333E-01     8.297780E-01     1.751521E+01     4.966975E-03
   2.080000E-01     8.306582E-01     1.751522E+01     4.973039E-03
   2.081667E-01     8.315389E-01     1.751522E+01     4.979107E-03
   2.083333E-01     8.324200E-01     1.751523E+01     4.985178E-03
   2.085000E-01     8.333017E-01     1.751524E+01     4.991253E-03
   2.086667E-01     8.341838E-01     1.751524E+01     4.997331E-03
   2.088333E-01     8.350663E-01     1.751525E+01     5.003413E-03
   2.090000E-01     8.359493E-01     1.751525E+01     5.009498E-03
   2.091667E-01     8.368328E-01     1.751526E+01     5.015586E-03
   2.093333E-01     8.377168E-01     1.751527E+01     5.021679E-03
   2.095000E-01     8.386012E-01     1.751527E+01     5.027774E-03
   2.096667E-01     8.394861E-01     1.751528E+01     5.033873E-03
   2.098333E-01     8.403714E-01     1.751528E+01     5.039976E-03
   2.100000E-01     8.412572E-01     1.751529E+01     5.046082E-03
   2.101667E-01     8.421435E-01     1.751530E+01     5.052192E-03
   2.103333E-01     8.430303E-01     1.751530E+01     5.058305E-03
   2.105000E-01     8.439175E-01     1.751531E+01     5.064421E-03
   2.106667E-01     8.448052E-01     1.751532E+01     5.070541E-03
   2.108333E-01     8.456933E-01     1.751532E+01     5.076665E-03
   2.110000E-01     8.465819E-01     1.751533E+01     5.082792E-03
   2.111667E-01     8.474710E-01     1.751533E+01     5.088923E-03
   2.113333E-01     8.483606E-01     1.751534E+01     5.095057E-03
   2.115000E-01     8.492506E-01     1.751535E+01     5.101194E-03
   2.116667E-01     8.501411E-01     1.751535E+01     5.107335E-03
   2.118333E-01     8.510320E-01     1.751536E+01     5.113480E-03
   2.120000E-01     8.519235E-01     1.751536E+01     5.119628E-03
   2.121667E-01     8.528153E-01     1.751537E+01     5.125779E-03
   2.123333E-01     8.537077E-01     1.751538E+01     5.131934E-03
   2.125000E-01     8.546005E-01     1.751538E+01     5.138093E-03
   2.126667E-01     8.554938E-01     1.751539E+01     5.144255E-03
   2.128333E-01     8.563875E-01     1.751540E+01     5.150420E-03
   2.130000E-01     8.572818E-01     1.751540E+01     5.156589E-03
   2.131667E-01     8.581765E-01     1.751541E+01     5.162762E-03
   2.133333E-01     8.590716E-01     1.751541E+01     5.168938E-03
   2.135000E-01     8.599672E-01     1.751542E+01     5.175117E-03
   2.136667E-01     8.608633E-01     1.751543E+01     5.181300E-03
   2.138333E-01     8.617599E-01     1.751543E+01     5.187487E-03
   2.140000E-01     8.626569E-01     1.751544E+01     5.193677E-03
   2.141667E-01     8.635544E-01     1.751544E+01     5.199870E-03
   2.143333E-01     8.644523E-01     1.751545E+01     5.206067E-03
   2.145000E-01     8.653507E-01     1.751546E+01     5.212268E-03
   2.146667E-01     8.662496E-01     1.751546E+01     5.218472E-03
   2.148333E-01     8.671490E-01     1.751547E+01     5.224679E-03
   2.150000E-01     8.680488E-01     1.751548E+01     5.230890E-03
   2.151667E-01     8.689491E-01     1.751548E+01     5.237104E-03
   2.153333E-01     8.698498E-01     1.751549E+01     5.243322E-03
   2.155000E-01     8.707510E-01     1.751549E+01     5.249544E-03
   2.156667E-01     8.716527E-01     1.751550E+01     5.255769E-03
   2.158333E-01     8.725549E-01     1.751551E+01     5.261997E-03
   2.160000E-01     8.734575E-01     1.751551E+01     5.268229E-03
   2.161667E-01     8.743606E-01     1.751552E+01     5.274465E-03
   2.163333E-01     8.752641E-01     1.751553E+01     5.280704E-03
   2.165000E-01     8.761681E-01     1.751553E+01     5.286946E-03
   2.166667E-01     8.770726E-01     1.751554E+01     5.293192E-03
   2.168333E-01     8.779776E-01     1.751554E+01     5.299442E-03
   2.170000E-01     8.788830E-01     1.751555E+01     5.305695E-03
   2.171667E-01     8.797889E-01     1.751556E+01     5.311952E-03
   2.173333E-01     8.806952E-01     1.751556E+01     5.318212E-03
   2.175000E-01     8.816020E-01     1.751557E+01     5.324475E-03
   2.176667E-01     8.825093E-01     1.751558E+01     5.330742E-03
   2.178333E-01     8.834171E-01     1.751558E+01     5.337013E-03
   2.180000E-01     8.843253E-01     1.751559E+01     5.343287E-03
   2.181667E-01     8.852340E-01     1.751559E+01     5.349564E-03
   2.183333E-01     8.861431E-01     1.751560E+01     5.355845E-03
   2.185000E-01     8.870527E-01     1.751561E+01     5.362130E-03
   2.186667E-01     8.879628E-01     1.751561E+01     5.368418E-03
   2.188333E-01     8.888734E-01     1.751562E+01     5.374710E-03
   2.190000E-01     8.897844E-01     1.751563E+01     5.381005E-03
   2.191667E-01     8.906959E-01     1.751563E+01     5.387304E-03
   2.193333E-01     8.916078E-01     1.751564E+01     5.393606E-03
   2.195000E-01     8.925202E-01     1.751564E+01     5.399911E-03
   2.196667E-01     8.934331E-01     1.751565E+01     5.406221E-03
   2.198333E-01     8.943465E-01     1.751566E+01     5.412533E-03
   2.200000E-01     8.952603E-01     1.751566E+01     5.418850E-03
   2.201667E-01     8.961746E-01     1.751567E+01     5.425169E-03
   2.203333E-01     8.970893E-01     1.751568E+01     5.431493E-03
   2.205000E-01     8.980045E-01     1.751568E+01     5.437819E-03
   2.206667E-01     8.989202E-01     1.751569E+01     5.444150E-03
   2.208333E-01     8.998363E-01     1.751570E+01     5.450483E-03
   2.210000E-01     9.007530E-01     1.751570E+01     5.456821E-03
   2.211667E-01     9.016700E-01     1.751571E+01     5.463162E-03
   2.213333E-01     9.025876E-01     1.751571E+01     5.469506E-03
   2.215000E-01     9.035056E-01     1.751572E+01     5.475854E-03
   2.216667E-01     9.044241E-01     1.751573E+01     5.482205E-03
   2.218333E-01     9.053430E-01     1.751573E+01     5.488560E-03
   2.220000E-01     9.062625E-01     1.751574E+01     5.494919E-03
   2.221667E-01     9.071823E-01     1.751575E+01     5.501281E-03
   2.223333E-01     9.081027E-01     1.751575E+01     5.507646E-03
   2.225000E-01     9.090235E-01     1.751576E+01     5.514015E-03
   2.226667E-01     9.099448E-01     1.751577E+01     5.520388E-03
   2.228333E-01     9.108665E-01     1.751577E+01     5.526764E-03
   2.230000E-01     9.117887E-01     1.751578E+01     5.533143E-03
   2.231667E-01     9.127114E-01     1.751578E+01     5.539526E-03
   2.233333E-01     9.136346E-01     1.751579E+01     5.545913E-03
   2.235000E-01     9.145582E-01     1.751580E+01     5.552303E-03
   2.236667E-01     9.154823E-01     1.751580E+01     5.558697E-03
   2.238333E-01     9.164068E-01     1.751581E+01     5.565094E-03
   2.240000E-01     9.173318E-01     1.751582E+01     5.571495E-03
   2.241667E-01     9.182573E-01     1.751582E+01     5.577899E-03
   2.243333E-01     9.191833E-01     1.751583E+01     5.584307E-03
   2.245000E-01     9.201097E-01     1.751584E+01     5.590718E-03
   2.246667E-01     9.210366E-01     1.751584E+01     5.597133E-03
   2.248333E-01     9.219639E-01     1.751585E+01     5.603551E-03
   2.250000E-01     9.228917E-01     1.751585E+01     5.609973E-03
   2.251667E-01     9.238200E-01     1.751586E+01     5.616398E-03
   2.253333E-01     9.247487E-01     1.751587E+01     5.622827E-03
   2.255000E-01     9.256780E-01     1.751587E+01     5.629260E-03
   2.256667E-01     9.266076E-01     1.751588E+01     5.635696E-03
   2.258333E-01     9.275378E-01     1.751589E+01     5.642135E-03
   2.260000E-01     9.284684E-01     1.751589E+01     5.648578E-03
   2.261667E-01     9.293995E-01     1.751590E+01     5.655025E-03
   2.263333E-01     9.303310E-01     1.751591E+01     5.661475E-03
   2.265000E-01     9.312630E-01     1.751591E+01     5.667929E-03
   2.266667E-01     9.321955E-01     1.751592E+01     5.674386E-03
   2.268333E-01     9.331285E-01     1.751593E+01     5.680846E-03
   2.270000E-01     9.340619E-01     1.751593E+01     5.687311E-03
   2.271667E-01     9.349958E-01     1.751594E+01     5.693778E-03
   2.273333E-01     9.359301E-01     1.751595E+01     5.700250E-03
   2.275000E-01     9.368649E-01     1.751595E+01     5.706725E-03
   2.276667E-01     9.378002E-01     1.751596E+01     5.713203E-03
   2.278333E-01     9.387360E-01     1.751596E+01     5.719685E-03
   2.280000E-01     9.396722E-01     1.751597E+01     5.726170E-03
   2.281667E-01     9.406088E-01     1.751598E+01     5.732659E-03
   2.283333E-01     9.415460E-01     1.751598E+01     5.739152E-03
   2.285000E-01     9.424836E-01     1.751599E+01     5.745648E-03
   2.286667E-01     9.434217E-01     1.751600E+01     5.752148E-03
   2.288333E-01     9.443602E-01     1.751600E+01     5.758651E-03
   2.290000E-01     9.452992E-01     1.751601E+01     5.765157E-03
   2.291667E-01     9.462387E-01     1.751602E+01     5.771668E-03
   2.293333E-01     9.471787E-01     1.751602E+01     5.778181E-03
   2.295000E-01     9.481191E-01     1.751603E+01     5.784699E-03
   2.296667E-01     9.490600E-01     1.751604E+01     5.791219E-03
   2.298333E-01     9.500013E-01     1.751604E+01     5.797744E-03
   2.300000E-01     9.509431E-01     1.751605E+01     5.804272E-03
   2.301667E-01     9.518854E-01     1.751606E+01     5.810803E-03
   2.303333E-01     9.528281E-01     1.751606E+01     5.817338E-03
   2.305000E-01     9.537714E-01     1.751607E+01     5.823877E-03
   2.306667E-01     9.547150E-01     1.751608E+01     5.830419E-03
   2.308333E-01     9.556592E-01     1.751608E+01     5.836965E-03
   2.310000E-01     9.566038E-01     1.751609E+01     5.843514E-03
   2.311667E-01     9.575489E-01     1.751609E+01     5.850066E-03
   2.313333E-01     9.584944E-01     1.751610E+01     5.856623E-03
   2.315000E-01     9.594404E-01     1.751611E+01     5.863183E-03
   2.316667E-01     9.603869E-01     1.751611E+01     5.869746E-03
   2.318333E-01     9.613339E-01     1.751612E+01     5.876313E-03
   2.320000E-01     9.622813E-01     1.751613E+01     5.882883E-03
   2.321667E-01     9.632292E-01     1.751613E+01     5.889457E-03
   2.323333E-01     9.641775E-01     1.751614E+01     5.896035E-03
   2.325000E-01     9.651263E-01     1.751615E+01     5.902616E-03
   2.326667E-01     9.660756E-01     1.751615E+01     5.909201E-03
   2.328333E-01     9.670253E-01     1.751616E+01     5.915789E-03
   2.330000E-01     9.679755E-01     1.751617E+01     5.922381E-03
   2.331667E-01     9.689262E-01     1.751617E+01     5.928976E-03
   2.333333E-01     9.698774E-01     1.751618E+01     5.935575E-03
   2.335000E-01     9.708290E-01     1.751619E+01     5.942177E-03
   2.336667E-01     9.717811E-01     1.751619E+01     5.948783E-03
   2.338333E-01     9.727336E-01     1.751620E+01     5.955393E-03
   2.340000E-01     9.736866E-01     1.751621E+01     5.962006E-03
   2.341667E-01     9.746401E-01     1.751621E+01     5.968622E-03
   2.343333E-01     9.755940E-01     1.751622E+01     5.975242E-03
   2.345000E-01     9.765484E-01     1.751623E+01     5.981866E-03
   2.346667E-01     9.775033E-01     1.751623E+01     5.988493E-03
   2.348333E-01     9.784587E-01     1.751624E+01     5.995124E-03
   2.350000E-01     9.794145E-01     1.751625E+01     6.001759E-03
   2.351667E-01     9.803708E-01     1.751625E+01     6.008397E-03
   2.353333E-01     9.813275E-01     1.751626E+01     6.015038E-03
   2.355000E-01     9.822847E-01     1.751627E+01     6.021683E-03
   2.356667E-01     9.832424E-01     1.751627E+01     6.028332E-03
   2.358333E-01     9.842005E-01     1.751628E+01     6.034984E-03
   2.360000E-01     9.851591E-01     1.751629E+01     6.041640E-03
   2.361667E-01     9.861182E-01     1.751629E+01     6.048299E-03
   2.363333E-01     9.870778E-01     1.751630E+01     6.054962E-03
   2.365000E-01     9.880378E-01     1.751631E+01     6.061628E-03
   2.366667E-01     9.889983E-01     1.751631E+01     6.068298E-03
   2.368333E-01     9.899592E-01     1.751632E+01     6.074972E-03
   2.370000E-01     9.909206E-01     1.751633E+01     6.081649E-03
   2.371667E-01     9.918825E-01     1.751633E+01     6.088329E-03
   2.373333E-01     9.928448E-01     1.751634E+01     6.095014E-03
   2.375000E-01     9.938076E-01     1.751635E+01     6.101701E-03
   2.376667E-01     9.947709E-01     1.751635E+01     6.108393E-03
   2.378333E-01     9.957347E-01     1.751636E+01     6.115088E-03
   2.380000E-01     9.966989E-01     1.751637E+01     6.121786E-03
   2.381667E-01     9.976636E-01     1.751637E+01     6.128488E-03
   2.383333E-01     9.986287E-01     1.751638E+01     6.135194E-03
   2.385000E-01     9.995943E-01     1.751639E+01     6.141903E-03
   2.386667E-01     1.000560E+00     1.751639E+01     6.148616E-03
   2.388333E-01     1.001527E+00     1.751640E+01     6.155332E-03
   2.390000E-01     1.002494E+00     1.751641E+01     6.162052E-03
   2.391667E-01     1.003461E+00     1.751641E+01     6.168775E-03
   2.393333E-01     1.004429E+00     1.751642E+01     6.175502E-03
   2.395000E-01     1.005398E+00     1.751643E+01     6.182233E-03
   2.396667E-01     1.006367E+00     1.751643E+01     6.188967E-03
   2.398333E-01     1.007336E+00     1.751644E+01     6.195705E-03
   2.400000E-01     1.008306E+00     1.751645E+01     6.202446E-03
   2.401667E-01     1.009276E+00     1.751645E+01     6.209191E-03
   2.403333E-01     1.010247E+00     1.751646E+01     6.215939E-03
   2.405000E-01     1.011218E+00     1.751647E+01     6.222691E-03
   2.406667E-01     1.012190E+00     1.751647E+01     6.229447E-03
   2.408333E-01     1.013162E+00     1.751648E+01     6.236206E-03
   2.410000E-01     1.014134E+00     1.751649E+01     6.242969E-03
   2.411667E-01     1.015108E+00     1.751649E+01     6.249735E-03
   2.413333E-01     1.016081E+00     1.751650E+01     6.256505E-03
   2.415000E-01     1.017055E+00     1.751651E+01     6.263278E-03
   2.416667E-01     1.018030E+00     1.751651E+01     6.270055E-03
   2.418333E-01     1.019004E+00     1.751652E+01     6.276836E-03
   2.420000E-01     1.019980E+00     1.751653E+01     6.283620E-03
   2.421667E-01     1.020956E+00     1.751654E+01     6.290407E-03
   2.423333E-01     1.021932E+00     1.751654E+01     6.297199E-03
   2.425000E-01     1.022909E+00     1.751655E+01     6.303994E-03
   2.426667E-01     1.023886E+00     1.751656E+01     6.310792E-03
   2.428333E-01     1.024864E+00     1.751656E+01     6.317594E-03
   2.430000E-01     1.025842E+00     1.751657E+01     6.324400E-03
   2.431667E-01     1.026821E+00     1.751658E+01     6.331209E-03
   2.433333E-01     1.027800E+00     1.751658E+01     6.338022E-03
   2.435000E-01     1.028780E+00     1.751659E+01     6.344838E-03
   2.436667E-01     1.029760E+00     1.751660E+01     6.351658E-03
   2.438333E-01     1.030740E+00     1.751660E+01     6.358481E-03
   2.440000E-01     1.031721E+00     1.751661E+01     6.365308E-03
   2.441667E-01     1.032703E+00     1.751662E+01     6.372139E-03
   2.443333E-01     1.033685E+00     1.751662E+01     6.378973E-03
   2.445000E-01     1.034667E+00     1.751663E+01     6.385811E-03
   2.446667E-01     1.035650E+00     1.751664E+01     6.392653E-03
   2.448333E-01     1.036633E+00     1.751664E+01     6.399498E-03
   2.450000E-01     1.037617E+00     1.751665E+01     6.406346E-03
   2.451667E-01     1.038601E+00     1.751666E+01     6.413198E-03
   2.453333E-01     1.039586E+00     1.751666E+01     6.420054E-03
   2.455000E-01     1.040571E+00     1.751667E+01     6.426913E-03
   2.456667E-01     1.041557E+00     1.751668E+01     6.433776E-03
   2.458333E-01     1.042543E+00     1.751669E+01     6.440643E-03
   2.460000E-01     1.043530E+00     1.751669E+01     6.447513E-03
   2.461667E-01     1.044517E+00     1.751670E+01     6.454387E-03
   2.463333E-01     1.045504E+00     1.751671E+01     6.461264E-03
   2.465000E-01     1.046492E+00     1.751671E+01     6.468145E-03
   2.466667E-01     1.047481E+00     1.751672E+01     6.475029E-03
   2.468333E-01     1.048470E+00     1.751673E+01     6.481917E-03
   2.470000E-01     1.049459E+00     1.751673E+01     6.488809E-03
   2.471667E-01     1.050449E+00     1.751674E+01     6.495704E-03
   2.473333E-01     1.051439E+00     1.751675E+01     6.502603E-03
   2.475000E-01     1.052430E+00     1.751675E+01     6.509505E-03
   2.476667E-01     1.053421E+00     1.751676E+01     6.516411E-03
   2.478333E-01     1.054413E+00     1.751677E+01     6.523321E-03
   2.480000E-01     1.055405E+00     1.751678E+01     6.530234E-03
   2.481667E-01     1.056398E+00     1.751678E+01     6.537151E-03
   2.483333E-01     1.057391E+00     1.751679E+01     6.544071E-03
   2.485000E-01     1.058385E+00     1.751680E+01     6.550995E-03
   2.486667E-01     1.059379E+00     1.751680E+01     6.557923E-03
   2.488333E-01     1.060373E+00     1.751681E+01     6.564854E-03
   2.490000E-01     1.061368E+00     1.751682E+01     6.571788E-03
   2.491667E-01     1.062364E+00     1.751682E+01     6.578727E-03
   2.493333E-01     1.063360E+00     1.751683E+01     6.585669E-03
   2.495000E-01     1.064356E+00     1.751684E+01     6.592614E-03
   2.496667E-01     1.065353E+00     1.751684E+01     6.599563E-03
   2.498333E-01     1.066350E+00     1.751685E+01     6.606516E-03
   2.500000E-01     1.067348E+00     1.751686E+01     6.613472E-03
   2.501667E-01     1.068347E+00     1.751687E+01     6.620432E-03
   2.503333E-01     1.069345E+00     1.751687E+01     6.627396E-03
   2.505000E-01     1.070345E+00     1.751688E+01     6.634363E-03
   2.506667E-01     1.071344E+00     1.751689E+01     6.641334E-03
   2.508333E-01     1.072344E+00     1.751689E+01     6.648308E-03
   2.510000E-01     1.073345E+00     1.751690E+01     6.655286E-03
   2.511667E-01     1.074346E+00     1.751691E+01     6.662267E-03
   2.513333E-01     1.075348E+00     1.751691E+01     6.669252E-03
   2.515000E-01     1.076350E+00     1.751692E+01     6.676241E-03
   2.516667E-01     1.077352E+00     1.751693E+01     6.683233E-03
   2.518333E-01     1.078355E+00     1.751694E+01     6.690229E-03
   2.520000E-01     1.079358E+00     1.751694E+01     6.697229E-03
   2.521667E-01     1.080362E+00     1.751695E+01     6.704232E-03
   2.523333E-01     1.081367E+00     1.751696E+01     6.711239E-03
   2.525000E-01     1.082371E+00     1.751696E+01     6.718249E-03
   2.526667E-01     1.083377E+00     1.751697E+01     6.725263E-03
   2.528333E-01     1.084382E+00     1.751698E+01     6.732281E-03
   2.530000E-01     1.085389E+00     1.751698E+01     6.739302E-03
   2.531667E-01     1.086395E+00     1.751699E+01     6.746327E-03
   2.533333E-01     1.087402E+00     1.751700E+01     6.753355E-03
   2.535000E-01     1.088410E+00     1.751701E+01     6.760387E-03
   2.536667E-01     1.089418E+00     1.751701E+01     6.767423E-03
   2.538333E-01     1.090427E+00     1.751702E+01     6.774462E-03
   2.540000E-01     1.091436E+00     1.751703E+01     6.781505E-03
   2.541667E-01     1.092445E+00     1.751703E+01     6.788551E-03
   2.543333E-01     1.093455E+00     1.751704E+01     6.795601E-03
   2.545000E-01     1.094465E+00     1.751705E+01     6.802655E-03
   2.546667E-01     1.095476E+00     1.751705E+01     6.809712E-03
   2.548333E-01     1.096488E+00     1.751706E+01     6.816773E-03
   2.550000E-01     1.097499E+00     1.751707E+01     6.823837E-03
   2.551667E-01     1.098512E+00     1.751708E+01     6.830905E-03
   2.553333E-01     1.099524E+00     1.751708E+01     6.837977E-03
   2.555000E-01     1.100538E+00     1.751709E+01     6.845052E-03
   2.556667E-01     1.101551E+00     1.751710E+01     6.852131E-03
   2.558333E-01     1.102565E+00     1.751710E+01     6.859214E-03
   2.560000E-01     1.103580E+00     1.751711E+01     6.866300E-03
   2.561667E-01     1.104595E+00     1.751712E+01     6.873390E-03
   2.563333E-01     1.105611E+00     1.751713E+01     6.880483E-03
   2.565000E-01     1.106627E+00     1.751713E+01     6.887580E-03
   2.566667E-01     1.107643E+00     1.751714E+01     6.894681E-03
   2.568333E-01     1.108660E+00     1.751715E+01     6.901785E-03
   2.570000E-01     1.109678E+00     1.751715E+01     6.908893E-03
   2.571667E-01     1.110695E+00     1.751716E+01     6.916005E-03
   2.573333E-01     1.111714E+00     1.751717E+01     6.923120E-03
   2.575000E-01     1.112733E+00     1.751718E+01     6.930238E-03
   2.576667E-01     1.113752E+00     1.751718E+01     6.937361E-03
   2.578333E-01     1.114772E+00     1.751719E+01     6.944487E-03
   2.580000E-01     1.115792E+00     1.751720E+01     6.951616E-03
   2.581667E-01     1.116812E+00     1.751720E+01     6.958750E-03
   2.583333E-01     1.117834E+00     1.751721E+01     6.965886E-03
   2.585000E-01     1.118855E+00     1.751722E+01     6.973027E-03
   2.586667E-01     1.119877E+00     1.751723E+01     6.980171E-03
   2.588333E-01     1.120900E+00     1.751723E+01     6.987319E-03
   2.590000E-01     1.121923E+00     1.751724E+01     6.994470E-03
   2.591667E-01     1.122946E+00     1.751725E+01     7.001625E-03
   2.593333E-01     1.123970E+00     1.751725E+01     7.008784E-03
   2.595000E-01     1.124995E+00     1.751726E+01     7.015946E-03
   2.596667E-01     1.126019E+00     1.751727E+01     7.023112E-03
   2.598333E-01     1.127045E+00     1.751728E+01     7.030281E-03
   2.600000E-01     1.128071E+00     1.751728E+01     7.037454E-03
   2.601667E-01     1.129097E+00     1.751729E+01     7.044631E-03
   2.603333E-01     1.130124E+00     1.751730E+01     7.051811E-03
   2.605000E-01     1.131151E+00     1.751730E+01     7.058995E-03
   2.606667E-01     1.132178E+00     1.751731E+01     7.066183E-03
   2.608333E-01     1.133207E+00     1.751732E+01     7.073374E-03
   2.610000E-01     1.134235E+00     1.751733E+01     7.080569E-03
   2.611667E-01     1.135264E+00     1.751733E+01     7.087768E-03
   2.613333E-01     1.136294E+00     1.751734E+01     7.094970E-03
   2.615000E-01     1.137324E+00     1.751735E+01     7.102175E-03
   2.616667E-01     1.138354E+00     1.751735E+01     7.109385E-03
   2.618333E-01     1.139385E+00     1.751736E+01     7.116598E-03
   2.620000E-01     1.140417E+00     1.751737E+01     7.123815E-03
   2.621667E-01     1.141448E+00     1.751738E+01     7.131035E-03
   2.623333E-01     1.142481E+00     1.751738E+01     7.138259E-03
   2.625000E-01     1.143514E+00     1.751739E+01     7.145486E-03
   2.626667E-01     1.144547E+00     1.751740E+01     7.152718E-03
   2.628333E-01     1.145581E+00     1.751740E+01     7.159952E-03
   2.630000E-01     1.146615E+00     1.751741E+01     7.167191E-03
   2.631667E-01     1.147650E+00     1.751742E+01     7.174433E-03
   2.633333E-01     1.148685E+00     1.751743E+01     7.181679E-03
   2.635000E-01     1.149720E+00     1.751743E+01     7.188928E-03
   2.636667E-01     1.150756E+00     1.751744E+01     7.196181E-03
   2.638333E-01     1.151793E+00     1.751745E+01     7.203438E-03
   2.640000E-01     1.152830E+00     1.751746E+01     7.210698E-03
   2.641667E-01     1.153867E+00     1.751746E+01     7.217962E-03
   2.643333E-01     1.154905E+00     1.751747E+01     7.225230E-03
   2.645000E-01     1.155944E+00     1.751748E+01     7.232501E-03
   2.646667E-01     1.156983E+00     1.751748E+01     7.239776E-03
   2.648333E-01     1.158022E+00     1.751749E+01     7.247054E-03
   2.650000E-01     1.159062E+00     1.751750E+01     7.254337E-03
   2.651667E-01     1.160102E+00     1.751751E+01     7.261622E-03
   2.653333E-01     1.161143E+00     1.751751E+01     7.268912E-03
   2.655000E-01     1.162184E+00     1.751752E+01     7.276205E-03
   2.656667E-01     1.163226E+00     1.751753E+01     7.283502E-03
   2.658333E-01     1.164268E+00     1.751754E+01     7.290802E-03
   2.660000E-01     1.165310E+00     1.751754E+01     7.298106E-03
   2.661667E-01     1.166353E+00     1.751755E+01     7.305414E-03
   2.663333E-01     1.167397E+00     1.751756E+01     7.312725E-03
   2.665000E-01     1.168441E+00     1.751756E+01     7.320040E-03
   2.666667E-01     1.169485E+00     1.751757E+01     7.327359E-03
   2.668333E-01     1.170530E+00     1.751758E+01     7.334681E-03
   2.670000E-01     1.171576E+00     1.751759E+01     7.342007E-03
   2.671667E-01     1.172622E+00     1.751759E+01     7.349336E-03
   2.673333E-01     1.173668E+00     1.751760E+01     7.356670E-03
   2.675000E-01     1.174715E+00     1.751761E+01     7.364006E-03
   2.676667E-01     1.175762E+00     1.751762E+01     7.371347E-03
   2.678333E-01     1.176810E+00     1.751762E+01     7.378691E-03
   2.680000E-01     1.177858E+00     1.751763E+01     7.386039E-03
   2.681667E-01     1.178907E+00     1.751764E+01     7.393390E-03
   2.683333E-01     1.179956E+00     1.751765E+01     7.400746E-03
   2.685000E-01     1.181005E+00     1.751765E+01     7.408104E-03
   2.686667E-01     1.182055E+00     1.751766E+01     7.415467E-03
   2.688333E-01     1.183106E+00     1.751767E+01     7.422833E-03
   2.690000E-01     1.184157E+00     1.751768E+01     7.430203E-03
   2.691667E-01     1.185208E+00     1.751768E+01     7.437576E-03
   2.693333E-01     1.186260E+00     1.751769E+01     7.444953E-03
   2.695000E-01     1.187313E+00     1.751770E+01     7.452334E-03
   2.696667E-01     1.188366E+00     1.751770E+01     7.459718E-03
   2.698333E-01     1.189419E+00     1.751771E+01     7.467106E-03
   2.700000E-01     1.190473E+00     1.751772E+01     7.474498E-03
   2.701667E-01     1.191527E+00     1.751773E+01     7.481893E-03
   2.703333E-01     1.192582E+00     1.751773E+01     7.489292E-03
   2.705000E-01     1.193637E+00     1.751774E+01     7.496695E-03
   2.706667E-01     1.194693E+00     1.751775E+01     7.504101E-03
   2.708333E-01     1.195749E+00     1.751776E+01     7.511511E-03
   2.710000E-01     1.196805E+00     1.751776E+01     7.518925E-03
   2.711667E-01     1.197862E+00     1.751777E+01     7.526342E-03
   2.713333E-01     1.198920E+00     1.751778E+01     7.533763E-03
   2.715000E-01     1.199978E+00     1.751779E+01     7.541188E-03
   2.716667E-01     1.201036E+00     1.751779E+01     7.548616E-03
   2.718333E-01     1.202095E+00     1.751780E+01     7.556048E-03
   2.720000E-01     1.203155E+00     1.751781E+01     7.563483E-03
   2.721667E-01     1.204215E+00     1.751782E+01     7.570923E-03
   2.723333E-01     1.205275E+00     1.751782E+01     7.578366E-03
   2.725000E-01     1.206336E+00     1.751783E+01     7.585812E-03
   2.726667E-01     1.207397E+00     1.751784E+01     7.593263E-03
   2.728333E-01     1.208459E+00     1.751785E+01     7.600716E-03
   2.730000E-01     1.209521E+00     1.751785E+01     7.608174E-03
   2.731667E-01     1.210584E+00     1.751786E+01     7.615635E-03
   2.733333E-01     1.211647E+00     1.751787E+01     7.623100E-03
   2.735000E-01     1.212710E+00     1.751788E+01     7.630569E-03
   2.736667E-01     1.213774E+00     1.751788E+01     7.638041E-03
   2.738333E-01     1.214839E+00     1.751789E+01     7.645517E-03
   2.740000E-01     1.215904E+00     1.751790E+01     7.652997E-03
   2.741667E-01     1.216969E+00     1.751791E+01     7.660480E-03
   2.743333E-01     1.218035E+00     1.751791E+01     7.667967E-03
   2.745000E-01     1.219102E+00     1.751792E+01     7.675458E-03
   2.746667E-01     1.220169E+00     1.751793E+01     7.682952E-03
   2.748333E-01     1.221236E+00     1.751794E+01     7.690450E-03
   2.750000E-01     1.222304E+00     1.751794E+01     7.697952E-03
   2.751667E-01     1.223372E+00     1.751795E+01     7.705457E-03
   2.753333E-01     1.224441E+00     1.751796E+01     7.712966E-03
   2.755000E-01     1.225510E+00     1.751797E+01     7.720479E-03
   2.756667E-01     1.226580E+00     1.751797E+01     7.727995E-03
   2.758333E-01     1.227650E+00     1.751798E+01     7.735515E-03
   2.760000E-01     1.228720E+00     1.751799E+01     7.743039E-03
   2.761667E-01     1.229791E+00     1.751800E+01     7.750566E-03
   2.763333E-01     1.230863E+00     1.751800E+01     7.758097E-03
   2.765000E-01     1.231935E+00     1.751801E+01     7.765632E-03
   2.766667E-01     1.233007E+00     1.751802E+01     7.773170E-03
   2.768333E-01     1.234080E+00     1.751803E+01     7.780712E-03
   2.770000E-01     1.235154E+00     1.751803E+01     7.788258E-03
   2.771667E-01     1.236228E+00     1.751804E+01     7.795808E-03
   2.773333E-01     1.237302E+00     1.751805E+01     7.803361E-03
   2.775000E-01     1.238377E+00     1.751806E+01     7.810918E-03
   2.776667E-01     1.239452E+00     1.751806E+01     7.818478E-03
   2.778333E-01     1.240528E+00     1.751807E+01     7.826042E-03
   2.780000E-01     1.241604E+00     1.751808E+01     7.833610E-03
   2.781667E-01     1.242681E+00     1.751809E+01     7.841182E-03
   2.783333E-01     1.243758E+00     1.751809E+01     7.848757E-03
   2.785000E-01     1.244835E+00     1.751810E+01     7.856336E-03
   2.786667E-01     1.245913E+00     1.751811E+01     7.863918E-03
   2.788333E-01     1.246992E+00     1.751812E+01     7.871505E-03
   2.790000E-01     1.248071E+00     1.751812E+01     7.879095E-03
   2.791667E-01     1.249150E+00     1.751813E+01     7.886688E-03
   2.793333E-01     1.250230E+00     1.751814E+01     7.894286E-03
   2.795000E-01     1.251311E+00     1.751815E+01     7.901887E-03
   2.796667E-01     1.252392E+00     1.751815E+01     7.909492E-03
   2.798333E-01     1.253473E+00     1.751816E+01     7.917100E-03
   2.800000E-01     1.254555E+00     1.751817E+01     7.924712E-03
   2.801667E-01     1.255637E+00     1.751818E+01     7.932328E-03
   2.803333E-01     1.256720E+00     1.751818E+01     7.939947E-03
   2.805000E-01     1.257803E+00     1.751819E+01     7.947570E-03
   2.806667E-01     1.258887E+00     1.751820E+01     7.955197E-03
   2.808333E-01     1.259971E+00     1.751821E+01     7.962828E-03
   2.810000E-01     1.261055E+00     1.751822E+01     7.970462E-03
   2.811667E-01     1.262140E+00     1.751822E+01     7.978100E-03
   2.813333E-01     1.263226E+00     1.751823E+01     7.985742E-03
   2.815000E-01     1.264312E+00     1.751824E+01     7.993387E-03
   2.816667E-01     1.265398E+00     1.751825E+01     8.001036E-03
   2.818333E-01     1.266485E+00     1.751825E+01     8.008689E-03
   2.820000E-01     1.267573E+00     1.751826E+01     8.016345E-03
   2.821667E-01     1.268660E+00     1.751827E+01     8.024005E-03
   2.823333E-01     1.269749E+00     1.751828E+01     8.031669E-03
   2.825000E-01     1.270838E+00     1.751828E+01     8.039337E-03
   2.826667E-01     1.271927E+00     1.751829E+01     8.047008E-03
   2.828333E-01     1.273017E+00     1.751830E+01     8.054683E-03
   2.830000E-01     1.274107E+00     1.751831E+01     8.062361E-03
   2.831667E-01     1.275197E+00     1.751831E+01     8.070044E-03
   2.833333E-01     1.276289E+00     1.751832E+01     8.077730E-03
   2.835000E-01     1.277380E+00     1.751833E+01     8.085419E-03
   2.836667E-01     1.278472E+00     1.751834E+01     8.093113E-03
   2.838333E-01     1.279565E+00     1.751835E+01     8.100810E-03
   2.840000E-01     1.280658E+00     1.751835E+01     8.108511E-03
   2.841667E-01     1.281751E+00     1.751836E+01     8.116215E-03
   2.843333E-01     1.282845E+00     1.751837E+01     8.123923E-03
   2.845000E-01     1.283940E+00     1.751838E+01     8.131635E-03
   2.846667E-01     1.285034E+00     1.751838E+01     8.139351E-03
   2.848333E-01     1.286130E+00     1.751839E+01     8.147070E-03
   2.850000E-01     1.287226E+00     1.751840E+01     8.154793E-03
   2.851667E-01     1.288322E+00     1.751841E+01     8.162520E-03
   2.853333E-01     1.289419E+00     1.751842E+01     8.170250E-03
   2.855000E-01     1.290516E+00     1.751842E+01     8.177984E-03
   2.856667E-01     1.291613E+00     1.751843E+01     8.185722E-03
   2.858333E-01     1.292712E+00     1.751844E+01     8.193464E-03
   2.860000E-01     1.293810E+00     1.751845E+01     8.201209E-03
   2.861667E-01     1.294909E+00     1.751845E+01     8.208958E-03
   2.863333E-01     1.296009E+00     1.751846E+01     8.216711E-03
   2.865000E-01     1.297109E+00     1.751847E+01     8.224467E-03
   2.866667E-01     1.298209E+00     1.751848E+01     8.232227E-03
   2.868333E-01     1.299310E+00     1.751848E+01     8.239991E-03
   2.870000E-01     1.300412E+00     1.751849E+01     8.247758E-03
   2.871667E-01     1.301513E+00     1.751850E+01     8.255530E-03
   2.873333E-01     1.302616E+00     1.751851E+01     8.263305E-03
   2.875000E-01     1.303718E+00     1.751852E+01     8.271083E-03
   2.876667E-01     1.304822E+00     1.751852E+01     8.278866E-03
   2.878333E-01     1.305925E+00     1.751853E+01     8.286652E-03
   2.880000E-01     1.307030E+00     1.751854E+01     8.294442E-03
   2.881667E-01     1.308134E+00     1.751855E+01     8.302235E-03
   2.883333E-01     1.309239E+00     1.751855E+01     8.310032E-03
   2.885000E-01     1.310345E+00     1.751856E+01     8.317833E-03
   2.886667E-01     1.311451E+00     1.751857E+01     8.325638E-03
   2.888333E-01     1.312558E+00     1.751858E+01     8.333446E-03
   2.890000E-01     1.313665E+00     1.751859E+01     8.341258E-03
   2.891667E-01     1.314772E+00     1.751859E+01     8.349074E-03
   2.893333E-01     1.315880E+00     1.751860E+01     8.356894E-03
   2.895000E-01     1.316988E+00     1.751861E+01     8.364717E-03
   2.896667E-01     1.318097E+00     1.751862E+01     8.372544E-03
   2.898333E-01     1.319207E+00     1.751863E+01     8.380375E-03
   2.900000E-01     1.320316E+00     1.751863E+01     8.388209E-03
   2.901667E-01     1.321427E+00     1.751864E+01     8.396047E-03
   2.903333E-01     1.322537E+00     1.751865E+01     8.403889E-03
   2.905000E-01     1.323649E+00     1.751866E+01     8.411735E-03
   2.906667E-01     1.324760E+00     1.751866E+01     8.419584E-03
   2.908333E-01     1.325872E+00     1.751867E+01     8.427437E-03
   2.910000E-01     1.326985E+00     1.751868E+01     8.435294E-03
   2.911667E-01     1.328098E+00     1.751869E+01     8.443154E-03
   2.913333E-01     1.329212E+00     1.751870E+01     8.451018E-03
   2.915000E-01     1.330326E+00     1.751870E+01     8.458886E-03
   2.916667E-01     1.331440E+00     1.751871E+01     8.466758E-03
   2.918333E-01     1.332555E+00     1.751872E+01     8.474633E-03
   2.920000E-01     1.333670E+00     1.751873E+01     8.482512E-03
   2.921667E-01     1.334786E+00     1.751874E+01     8.490395E-03
   2.923333E-01     1.335903E+00     1.751874E+01     8.498282E-03
   2.925000E-01     1.337019E+00     1.751875E+01     8.506172E-03
   2.926667E-01     1.338137E+00     1.751876E+01     8.514066E-03
   2.928333E-01     1.339254E+00     1.751877E+01     8.521964E-03
   2.930000E-01     1.340373E+00     1.751877E+01     8.529865E-03
   2.931667E-01     1.341491E+00     1.751878E+01     8.537771E-03
   2.933333E-01     1.342610E+00     1.751879E+01     8.545680E-03
   2.935000E-01     1.343730E+00     1.751880E+01     8.553592E-03
   2.936667E-01     1.344850E+00     1.751881E+01     8.561509E-03
   2.938333E-01     1.345970E+00     1.751881E+01     8.569429E-03
   2.940000E-01     1.347091E+00     1.751882E+01     8.577353E-03
   2.941667E-01     1.348213E+00     1.751883E+01     8.585280E-03
   2.943333E-01     1.349335E+00     1.751884E+01     8.593212E-03
   2.945000E-01     1.350457E+00     1.751885E+01     8.601147E-03
   2.946667E-01     1.351580E+00     1.751885E+01     8.609086E-03
   2.948333E-01     1.352703E+00     1.751886E+01     8.617028E-03
   2.950000E-01     1.353827E+00     1.751887E+01     8.624974E-03
   2.951667E-01     1.354951E+00     1.751888E+01     8.632924E-03
   2.953333E-01     1.356076E+00     1.751889E+01     8.640878E-03
   2.955000E-01     1.357201E+00     1.751889E+01     8.648836E-03
   2.956667E-01     1.358327E+00     1.751890E+01     8.656797E-03
   2.958333E-01     1.359453E+00     1.751891E+01     8.664762E-03
   2.960000E-01     1.360580E+00     1.751892E+01     8.672731E-03
   2.961667E-01     1.361707E+00     1.751893E+01     8.680703E-03
   2.963333E-01     1.362834E+00     1.751893E+01     8.688679E-03
   2.965000E-01     1.363962E+00     1.751894E+01     8.696659E-03
   2.966667E-01     1.365091E+00     1.751895E+01     8.704643E-03
   2.968333E-01     1.366220E+00     1.751896E+01     8.712630E-03
   2.970000E-01     1.367349E+00     1.751897E+01     8.720622E-03
   2.971667E-01     1.368479E+00     1.751897E+01     8.728617E-03
   2.973333E-01     1.369609E+00     1.751898E+01     8.736615E-03
   2.975000E-01     1.370740E+00     1.751899E+01     8.744618E-03
   2.976667E-01     1.371871E+00     1.751900E+01     8.752624E-03
   2.978333E-01     1.373003E+00     1.751901E+01     8.760634E-03
   2.980000E-01     1.374135E+00     1.751901E+01     8.768647E-03
   2.981667E-01     1.375268E+00     1.751902E+01     8.776665E-03
   2.983333E-01     1.376401E+00     1.751903E+01     8.784686E-03
   2.985000E-01     1.377535E+00     1.751904E+01     8.792711E-03
   2.986667E-01     1.378669E+00     1.751905E+01     8.800740E-03
   2.988333E-01     1.379803E+00     1.751905E+01     8.808772E-03
   2.990000E-01     1.380938E+00     1.751906E+01     8.816808E-03
   2.991667E-01     1.382074E+00     1.751907E+01     8.824848E-03
   2.993333E-01     1.383210E+00     1.751908E+01     8.832892E-03
   2.995000E-01     1.384346E+00     1.751909E+01     8.840939E-03
   2.996667E-01     1.385483E+00     1.751909E+01     8.848990E-03
   2.998333E-01     1.386620E+00     1.751910E+01     8.857045E-03
   3.000000E-01     1.387758E+00     1.751911E+01     8.865104E-03
   3.001667E-01     1.388896E+00     1.751912E+01     8.873166E-03
   3.003333E-01     1.390035E+00     1.751913E+01     8.881232E-03
   3.005000E-01     1.391174E+00     1.751913E+01     8.889302E-03
   3.006667E-01     1.392314E+00     1.751914E+01     8.897376E-03
   3.008333E-01     1.393454E+00     1.751915E+01     8.905453E-03
   3.010000E-01     1.394595E+00     1.751916E+01     8.913535E-03
   3.011667E-01     1.395736E+00     1.751917E+01     8.921620E-03
   3.013333E-01     1.396877E+00     1.751917E+01     8.929708E-03
   3.015000E-01     1.398019E+00     1.751918E+01     8.937801E-03
   3.016667E-01     1.399162E+00     1.751919E+01     8.945897E-03
   3.018333E-01     1.400304E+00     1.751920E+01     8.953997E-03
   3.020000E-01     1.401448E+00     1.751921E+01     8.962101E-03
   3.021667E-01     1.402592E+00     1.751922E+01     8.970208E-03
   3.023333E-01     1.403736E+00     1.751922E+01     8.978320E-03
   3.025000E-01     1.404881E+00     1.751923E+01     8.986435E-03
   3.026667E-01     1.406026E+00     1.751924E+01     8.994553E-03
   3.028333E-01     1.407172E+00     1.751925E+01     9.002676E-03
   3.030000E-01     1.408318E+00     1.751926E+01     9.010802E-03
   3.031667E-01     1.409465E+00     1.751926E+01     9.018932E-03
   3.033333E-01     1.410612E+00     1.751927E+01     9.027066E-03
   3.035000E-01     1.411759E+00     1.751928E+01     9.035204E-03
   3.036667E-01     1.412907E+00     1.751929E+01     9.043345E-03
   3.038333E-01     1.414056E+00     1.751930E+01     9.051490E-03
   3.040000E-01     1.415205E+00     1.751930E+01     9.059639E-03
   3.041667E-01     1.416354E+00     1.751931E+01     9.067792E-03
   3.043333E-01     1.417504E+00     1.751932E+01     9.075949E-03
   3.045000E-01     1.418655E+00     1.751933E+01     9.084109E-03
   3.046667E-01     1.419806E+00     1.751934E+01     9.092273E-03
   3.048333E-01     1.420957E+00     1.751935E+01     9.100441E-03
   3.050000E-01     1.422109E+00     1.751935E+01     9.108612E-03
   3.051667E-01     1.423261E+00     1.751936E+01     9.116787E-03
   3.053333E-01     1.424414E+00     1.751937E+01     9.124966E-03
   3.055000E-01     1.425567E+00     1.751938E+01     9.133149E-03
   3.056667E-01     1.426721E+00     1.751939E+01     9.141336E-03
   3.058333E-01     1.427875E+00     1.751939E+01     9.149526E-03
   3.060000E-01     1.429029E+00     1.751940E+01     9.157720E-03
   3.061667E-01     1.430184E+00     1.751941E+01     9.165918E-03
   3.063333E-01     1.431340E+00     1.751942E+01     9.174120E-03
   3.065000E-01     1.432496E+00     1.751943E+01     9.182326E-03
   3.066667E-01     1.433652E+00     1.751944E+01     9.190535E-03
   3.068333E-01     1.434809E+00     1.751944E+01     9.198748E-03
   3.070000E-01     1.435967E+00     1.751945E+01     9.206965E-03
   3.071667E-01     1.437124E+00     1.751946E+01     9.215185E-03
   3.073333E-01     1.438283E+00     1.751947E+01     9.223410E-03
   3.075000E-01     1.439442E+00     1.751948E+01     9.231638E-03
   3.076667E-01     1.440601E+00     1.751948E+01     9.239870E-03
   3.078333E-01     1.441761E+00     1.751949E+01     9.248106E-03
   3.080000E-01     1.442921E+00     1.751950E+01     9.256345E-03
   3.081667E-01     1.444081E+00     1.751951E+01     9.264588E-03
   3.083333E-01     1.445242E+00     1.751952E+01     9.272835E-03
   3.085000E-01     1.446404E+00     1.751953E+01     9.281086E-03
   3.086667E-01     1.447566E+00     1.751953E+01     9.289341E-03
   3.088333E-01     1.448729E+00     1.751954E+01     9.297599E-03
   3.090000E-01     1.449892E+00     1.751955E+01     9.305861E-03
   3.091667E-01     1.451055E+00     1.751956E+01     9.314127E-03
   3.093333E-01     1.452219E+00     1.751957E+01     9.322397E-03
   3.095000E-01     1.453383E+00     1.751958E+01     9.330671E-03
   3.096667E-01     1.454548E+00     1.751958E+01     9.338948E-03
   3.098333E-01     1.455714E+00     1.751959E+01     9.347229E-03
   3.100000E-01     1.456879E+00     1.751960E+01     9.355514E-03
   3.101667E-01     1.458046E+00     1.751961E+01     9.363803E-03
   3.103333E-01     1.459212E+00     1.751962E+01     9.372095E-03
   3.105000E-01     1.460380E+00     1.751963E+01     9.380392E-03
   3.106667E-01     1.461547E+00     1.751963E+01     9.388692E-03
   3.108333E-01     1.462715E+00     1.751964E+01     9.396996E-03
   3.110000E-01     1.463884E+00     1.751965E+01     9.405303E-03
   3.111667E-01     1.465053E+00     1.751966E+01     9.413615E-03
   3.113333E-01     1.466222E+00     1.751967E+01     9.421930E-03
   3.115000E-01     1.467392E+00     1.751968E+01     9.430249E-03
   3.116667E-01     1.468563E+00     1.751968E+01     9.438572E-03
   3.118333E-01     1.469734E+00     1.751969E+01     9.446898E-03
   3.120000E-01     1.470905E+00     1.751970E+01     9.455229E-03
   3.121667E-01     1.472077E+00     1.751971E+01     9.463563E-03
   3.123333E-01     1.473249E+00     1.751972E+01     9.471901E-03
   3.125000E-01     1.474422E+00     1.751973E+01     9.480243E-03
   3.126667E-01     1.475595E+00     1.751973E+01     9.488588E-03
   3.128333E-01     1.476769E+00     1.751974E+01     9.496938E-03
   3.130000E-01     1.477943E+00     1.751975E+01     9.505291E-03
   3.131667E-01     1.479118E+00     1.751976E+01     9.513648E-03
   3.133333E-01     1.480293E+00     1.751977E+01     9.522009E-03
   3.135000E-01     1.481469E+00     1.751978E+01     9.530373E-03
   3.136667E-01     1.482645E+00     1.751978E+01     9.538741E-03
   3.138333E-01     1.483821E+00     1.751979E+01     9.547114E-03
   3.140000E-01     1.484998E+00     1.751980E+01     9.555490E-03
   3.141667E-01     1.486176E+00     1.751981E+01     9.563869E-03
   3.143333E-01     1.487354E+00     1.751982E+01     9.572253E-03
   3.145000E-01     1.488532E+00     1.751983E+01     9.580640E-03
   3.146667E-01     1.489711E+00     1.751983E+01     9.589032E-03
   3.148333E-01     1.490890E+00     1.751984E+01     9.597427E-03
   3.150000E-01     1.492070E+00     1.751985E+01     9.605825E-03
   3.151667E-01     1.493250E+00     1.751986E+01     9.614228E-03
   3.153333E-01     1.494431E+00     1.751987E+01     9.622634E-03
   3.155000E-01     1.495612E+00     1.751988E+01     9.631045E-03
   3.156667E-01     1.496794E+00     1.751988E+01     9.639459E-03
   3.158333E-01     1.497976E+00     1.751989E+01     9.647876E-03
   3.160000E-01     1.499159E+00     1.751990E+01     9.656298E-03
   3.161667E-01     1.500342E+00     1.751991E+01     9.664723E-03
   3.163333E-01     1.501525E+00     1.751992E+01     9.673153E-03
   3.165000E-01     1.502709E+00     1.751993E+01     9.681586E-03
   3.166667E-01     1.503894E+00     1.751993E+01     9.690023E-03
   3.168333E-01     1.505078E+00     1.751994E+01     9.698463E-03
   3.170000E-01     1.506264E+00     1.751995E+01     9.706908E-03
   3.171667E-01     1.507450E+00     1.751996E+01     9.715356E-03
   3.173333E-01     1.508636E+00     1.751997E+01     9.723808E-03
   3.175000E-01     1.509823E+00     1.751998E+01     9.732264E-03
   3.176667E-01     1.511010E+00     1.751999E+01     9.740724E-03
   3.178333E-01     1.512198E+00     1.751999E+01     9.749187E-03
   3.180000E-01     1.513386E+00     1.752000E+01     9.757655E-03
   3.181667E-01     1.514575E+00     1.752001E+01     9.766126E-03
   3.183333E-01     1.515764E+00     1.752002E+01     9.774601E-03
   3.185000E-01     1.516953E+00     1.752003E+01     9.783080E-03
   3.186667E-01     1.518143E+00     1.752004E+01     9.791562E-03
   3.188333E-01     1.519334E+00     1.752004E+01     9.800049E-03
   3.190000E-01     1.520525E+00     1.752005E+01     9.808539E-03
   3.191667E-01     1.521716E+00     1.752006E+01     9.817033E-03
   3.193333E-01     1.522908E+00     1.752007E+01     9.825531E-03
   3.195000E-01     1.524101E+00     1.752008E+01     9.834033E-03
   3.196667E-01     1.525293E+00     1.752009E+01     9.842538E-03
   3.198333E-01     1.526487E+00     1.752010E+01     9.851048E-03
   3.200000E-01     1.527681E+00     1.752010E+01     9.859561E-03
   3.201667E-01     1.528875E+00     1.752011E+01     9.868078E-03
   3.203333E-01     1.530070E+00     1.752012E+01     9.876599E-03
   3.205000E-01     1.531265E+00     1.752013E+01     9.885123E-03
   3.206667E-01     1.532460E+00     1.752014E+01     9.893652E-03
   3.208333E-01     1.533657E+00     1.752015E+01     9.902184E-03
   3.210000E-01     1.534853E+00     1.752016E+01     9.910720E-03
   3.211667E-01     1.536050E+00     1.752016E+01     9.919260E-03
   3.213333E-01     1.537248E+00     1.752017E+01     9.927804E-03
   3.215000E-01     1.538446E+00     1.752018E+01     9.936352E-03
   3.216667E-01     1.539644E+00     1.752019E+01     9.944903E-03
   3.218333E-01     1.540843E+00     1.752020E+01     9.953458E-03
   3.220000E-01     1.542042E+00     1.752021E+01     9.962018E-03
   3.221667E-01     1.543242E+00     1.752022E+01     9.970580E-03
   3.223333E-01     1.544443E+00     1.752022E+01     9.979147E-03
   3.225000E-01     1.545643E+00     1.752023E+01     9.987718E-03
   3.226667E-01     1.546845E+00     1.752024E+01     9.996292E-03
   3.228333E-01     1.548046E+00     1.752025E+01     1.000487E-02
   3.230000E-01     1.549249E+00     1.752026E+01     1.001345E-02
   3.231667E-01     1.550451E+00     1.752027E+01     1.002204E-02
   3.233333E-01     1.551654E+00     1.752028E+01     1.003063E-02
   3.235000E-01     1.552858E+00     1.752028E+01     1.003922E-02
   3.236667E-01     1.554062E+00     1.752029E+01     1.004782E-02
   3.238333E-01     1.555266E+00     1.752030E+01     1.005642E-02
   3.240000E-01     1.556471E+00     1.752031E+01     1.006503E-02
   3.241667E-01     1.557677E+00     1.752032E+01     1.007363E-02
   3.243333E-01     1.558883E+00     1.752033E+01     1.008225E-02
   3.245000E-01     1.560089E+00     1.752034E+01     1.009086E-02
   3.246667E-01     1.561296E+00     1.752034E+01     1.009948E-02
   3.248333E-01     1.562503E+00     1.752035E+01     1.010811E-02
   3.250000E-01     1.563711E+00     1.752036E+01     1.011674E-02
   3.251667E-01     1.564919E+00     1.752037E+01     1.012537E-02
   3.253333E-01     1.566128E+00     1.752038E+01     1.013400E-02
   3.255000E-01     1.567337E+00     1.752039E+01     1.014264E-02
   3.256667E-01     1.568547E+00     1.752040E+01     1.015129E-02
   3.258333E-01     1.569757E+00     1.752040E+01     1.015993E-02
   3.260000E-01     1.570968E+00     1.752041E+01     1.016859E-02
   3.261667E-01     1.572179E+00     1.752042E+01     1.017724E-02
   3.263333E-01     1.573390E+00     1.752043E+01     1.018590E-02
   3.265000E-01     1.574602E+00     1.752044E+01     1.019456E-02
   3.266667E-01     1.575815E+00     1.752045E+01     1.020323E-02
   3.268333E-01     1.577028E+00     1.752046E+01     1.021190E-02
   3.270000E-01     1.578241E+00     1.752047E+01     1.022057E-02
   3.271667E-01     1.579455E+00     1.752047E+01     1.022925E-02
   3.273333E-01     1.580669E+00     1.752048E+01     1.023793E-02
   3.275000E-01     1.581884E+00     1.752049E+01     1.024662E-02
   3.276667E-01     1.583099E+00     1.752050E+01     1.025531E-02
   3.278333E-01     1.584315E+00     1.752051E+01     1.026400E-02
   3.280000E-01     1.585531E+00     1.752052E+01     1.027270E-02
   3.281667E-01     1.586748E+00     1.752053E+01     1.028140E-02
   3.283333E-01     1.587965E+00     1.752053E+01     1.029011E-02
   3.285000E-01     1.589182E+00     1.752054E+01     1.029881E-02
   3.286667E-01     1.590400E+00     1.752055E+01     1.030753E-02
   3.288333E-01     1.591619E+00     1.752056E+01     1.031624E-02
   3.290000E-01     1.592838E+00     1.752057E+01     1.032496E-02
   3.291667E-01     1.594057E+00     1.752058E+01     1.033369E-02
   3.293333E-01     1.595277E+00     1.752059E+01     1.034242E-02
   3.295000E-01     1.596498E+00     1.752060E+01     1.035115E-02
   3.296667E-01     1.597719E+00     1.752060E+01     1.035988E-02
   3.298333E-01     1.598940E+00     1.752061E+01     1.036862E-02
   3.300000E-01     1.600162E+00     1.752062E+01     1.037737E-02
   3.301667E-01     1.601384E+00     1.752063E+01     1.038612E-02
   3.303333E-01     1.602607E+00     1.752064E+01     1.039487E-02
   3.305000E-01     1.603830E+00     1.752065E+01     1.040362E-02
   3.306667E-01     1.605053E+00     1.752066E+01     1.041238E-02
   3.308333E-01     1.606278E+00     1.752067E+01     1.042114E-02
   3.310000E-01     1.607502E+00     1.752067E+01     1.042991E-02
   3.311667E-01     1.608727E+00     1.752068E+01     1.043868E-02
   3.313333E-01     1.609953E+00     1.752069E+01     1.044746E-02
   3.315000E-01     1.611179E+00     1.752070E+01     1.045623E-02
   3.316667E-01     1.612405E+00     1.752071E+01     1.046502E-02
   3.318333E-01     1.613632E+00     1.752072E+01     1.047380E-02
   3.320000E-01     1.614859E+00     1.752073E+01     1.048259E-02
   3.321667E-01     1.616087E+00     1.752074E+01     1.049139E-02
   3.323333E-01     1.617316E+00     1.752075E+01     1.050018E-02
   3.325000E-01     1.618544E+00     1.752075E+01     1.050898E-02
   3.326667E-01     1.619774E+00     1.752076E+01     1.051779E-02
   3.328333E-01     1.621003E+00     1.752077E+01     1.052660E-02
   3.330000E-01     1.622234E+00     1.752078E+01     1.053541E-02
   3.331667E-01     1.623464E+00     1.752079E+01     1.054423E-02
   3.333333E-01     1.624695E+00     1.752080E+01     1.055305E-02
   3.335000E-01     1.625927E+00     1.752081E+01     1.056187E-02
   3.336667E-01     1.627159E+00     1.752082E+01     1.057070E-02
   3.338333E-01     1.628391E+00     1.752082E+01     1.057954E-02
   3.340000E-01     1.629624E+00     1.752083E+01     1.058837E-02
   3.341667E-01     1.630858E+00     1.752084E+01     1.059721E-02
   3.343333E-01     1.632092E+00     1.752085E+01     1.060606E-02
   3.345000E-01     1.633326E+00     1.752086E+01     1.061490E-02
   3.346667E-01     1.634561E+00     1.752087E+01     1.062376E-02
   3.348333E-01     1.635796E+00     1.752088E+01     1.063261E-02
   3.350000E-01     1.637032E+00     1.752089E+01     1.064147E-02
   3.351667E-01     1.638268E+00     1.752090E+01     1.065033E-02
   3.353333E-01     1.639505E+00     1.752090E+01     1.065920E-02
   3.355000E-01     1.640742E+00     1.752091E+01     1.066807E-02
   3.356667E-01     1.641980E+00     1.752092E+01     1.067695E-02
   3.358333E-01     1.643218E+00     1.752093E+01     1.068583E-02
   3.360000E-01     1.644457E+00     1.752094E+01     1.069471E-02
   3.361667E-01     1.645696E+00     1.752095E+01     1.070360E-02
   3.363333E-01     1.646935E+00     1.752096E+01     1.071249E-02
   3.365000E-01     1.648175E+00     1.752097E+01     1.072138E-02
   3.366667E-01     1.649416E+00     1.752098E+01     1.073028E-02
   3.368333E-01     1.650656E+00     1.752098E+01     1.073918E-02
   3.370000E-01     1.651898E+00     1.752099E+01     1.074809E-02
   3.371667E-01     1.653140E+00     1.752100E+01     1.075700E-02
   3.373333E-01     1.654382E+00     1.752101E+01     1.076591E-02
   3.375000E-01     1.655625E+00     1.752102E+01     1.077483E-02
   3.376667E-01     1.656868E+00     1.752103E+01     1.078375E-02
   3.378333E-01     1.658112E+00     1.752104E+01     1.079268E-02
   3.380000E-01     1.659356E+00     1.752105E+01     1.080161E-02
   3.381667E-01     1.660601E+00     1.752106E+01     1.081054E-02
   3.383333E-01     1.661846E+00     1.752106E+01     1.081948E-02
   3.385000E-01     1.663091E+00     1.752107E+01     1.082842E-02
   3.386667E-01     1.664337E+00     1.752108E+01     1.083736E-02
   3.388333E-01     1.665584E+00     1.752109E+01     1.084631E-02
   3.390000E-01     1.666831E+00     1.752110E+01     1.085526E-02
   3.391667E-01     1.668078E+00     1.752111E+01     1.086422E-02
   3.393333E-01     1.669326E+00     1.752112E+01     1.087318E-02
   3.395000E-01     1.670575E+00     1.752113E+01     1.088215E-02
   3.396667E-01     1.671823E+00     1.752114E+01     1.089111E-02
   3.398333E-01     1.673073E+00     1.752114E+01     1.090009E-02
   3.400000E-01     1.674322E+00     1.752115E+01     1.090906E-02
   3.401667E-01     1.675573E+00     1.752116E+01     1.091804E-02
   3.403333E-01     1.676823E+00     1.752117E+01     1.092703E-02
   3.405000E-01     1.678075E+00     1.752118E+01     1.093601E-02
   3.406667E-01     1.679326E+00     1.752119E+01     1.094501E-02
   3.408333E-01     1.680578E+00     1.752120E+01     1.095400E-02
   3.410000E-01     1.681831E+00     1.752121E+01     1.096300E-02
   3.411667E-01     1.683084E+00     1.752122E+01     1.097200E-02
   3.413333E-01     1.684338E+00     1.752123E+01     1.098101E-02
   3.415000E-01     1.685591E+00     1.752123E+01     1.099002E-02
   3.416667E-01     1.686846E+00     1.752124E+01     1.099904E-02
   3.418333E-01     1.688101E+00     1.752125E+01     1.100806E-02
   3.420000E-01     1.689356E+00     1.752126E+01     1.101708E-02
   3.421667E-01     1.690612E+00     1.752127E+01     1.102611E-02
   3.423333E-01     1.691868E+00     1.752128E+01     1.103514E-02
   3.425000E-01     1.693125E+00     1.752129E+01     1.104417E-02
   3.426667E-01     1.694382E+00     1.752130E+01     1.105321E-02
   3.428333E-01     1.695640E+00     1.752131E+01     1.106225E-02
   3.430000E-01     1.696898E+00     1.752132E+01     1.107130E-02
   3.431667E-01     1.698157E+00     1.752133E+01     1.108035E-02
   3.433333E-01     1.699416E+00     1.752133E+01     1.108940E-02
   3.435000E-01     1.700676E+00     1.752134E+01     1.109846E-02
   3.436667E-01     1.701936E+00     1.752135E+01     1.110752E-02
   3.438333E-01     1.703196E+00     1.752136E+01     1.111659E-02
   3.440000E-01     1.704457E+00     1.752137E+01     1.112566E-02
   3.441667E-01     1.705719E+00     1.752138E+01     1.113473E-02
   3.443333E-01     1.706981E+00     1.752139E+01     1.114381E-02
   3.445000E-01     1.708243E+00     1.752140E+01     1.115289E-02
   3.446667E-01     1.709506E+00     1.752141E+01     1.116197E-02
   3.448333E-01     1.710769E+00     1.752142E+01     1.117106E-02
   3.450000E-01     1.712033E+00     1.752143E+01     1.118016E-02
   3.451667E-01     1.713297E+00     1.752143E+01     1.118925E-02
   3.453333E-01     1.714562E+00     1.752144E+01     1.119835E-02
   3.455000E-01     1.715827E+00     1.752145E+01     1.120746E-02
   3.456667E-01     1.717093E+00     1.752146E+01     1.121657E-02
   3.458333E-01     1.718359E+00     1.752147E+01     1.122568E-02
   3.460000E-01     1.719625E+00     1.752148E+01     1.123480E-02
   3.461667E-01     1.720892E+00     1.752149E+01     1.124392E-02
   3.463333E-01     1.722160E+00     1.752150E+01     1.125304E-02
   3.465000E-01     1.723428E+00     1.752151E+01     1.126217E-02
   3.466667E-01     1.724696E+00     1.752152E+01     1.127130E-02
   3.468333E-01     1.725965E+00     1.752153E+01     1.128044E-02
   3.470000E-01     1.727235E+00     1.752153E+01     1.128958E-02
   3.471667E-01     1.728504E+00     1.752154E+01     1.129872E-02
   3.473333E-01     1.729775E+00     1.752155E+01     1.130787E-02
   3.475000E-01     1.731045E+00     1.752156E+01     1.131702E-02
   3.476667E-01     1.732317E+00     1.752157E+01     1.132618E-02
   3.478333E-01     1.733588E+00     1.752158E+01     1.133534E-02
   3.480000E-01     1.734861E+00     1.752159E+01     1.134450E-02
   3.481667E-01     1.736133E+00     1.752160E+01     1.135367E-02
   3.483333E-01     1.737406E+00     1.752161E+01     1.136284E-02
   3.485000E-01     1.738680E+00     1.752162E+01     1.137202E-02
   3.486667E-01     1.739954E+00     1.752163E+01     1.138120E-02
   3.488333E-01     1.741229E+00     1.752164E+01     1.139038E-02
   3.490000E-01     1.742503E+00     1.752164E+01     1.139957E-02
   3.491667E-01     1.743779E+00     1.752165E+01     1.140876E-02
   3.493333E-01     1.745055E+00     1.752166E+01     1.141795E-02
   3.495000E-01     1.746331E+00     1.752167E+01     1.142715E-02
   3.496667E-01     1.747608E+00     1.752168E+01     1.143635E-02
   3.498333E-01     1.748885E+00     1.752169E+01     1.144556E-02
   3.500000E-01     1.750163E+00     1.752170E+01     1.145477E-02
   3.501667E-01     1.751441E+00     1.752171E+01     1.146399E-02
   3.503333E-01     1.752720E+00     1.752172E+01     1.147321E-02
   3.505000E-01     1.753999E+00     1.752173E+01     1.148243E-02
   3.506667E-01     1.755279E+00     1.752174E+01     1.149165E-02
   3.508333E-01     1.756559E+00     1.752175E+01     1.150089E-02
   3.510000E-01     1.757840E+00     1.752175E+01     1.151012E-02
   3.511667E-01     1.759121E+00     1.752176E+01     1.151936E-02
   3.513333E-01     1.760402E+00     1.752177E+01     1.152860E-02
   3.515000E-01     1.761684E+00     1.752178E+01     1.153785E-02
   3.516667E-01     1.762967E+00     1.752179E+01     1.154710E-02
   3.518333E-01     1.764249E+00     1.752180E+01     1.155635E-02
   3.520000E-01     1.765533E+00     1.752181E+01     1.156561E-02
   3.521667E-01     1.766817E+00     1.752182E+01     1.157487E-02
   3.523333E-01     1.768101E+00     1.752183E+01     1.158414E-02
   3.525000E-01     1.769386E+00     1.752184E+01     1.159341E-02
   3.526667E-01     1.770671E+00     1.752185E+01     1.160268E-02
   3.528333E-01     1.771957E+00     1.752186E+01     1.161196E-02
   3.530000E-01     1.773243E+00     1.752187E+01     1.162124E-02
   3.531667E-01     1.774530E+00     1.752188E+01     1.163052E-02
   3.533333E-01     1.775817E+00     1.752188E+01     1.163981E-02
   3.535000E-01     1.777104E+00     1.752189E+01     1.164911E-02
   3.536667E-01     1.778392E+00     1.752190E+01     1.165840E-02
   3.538333E-01     1.779681E+00     1.752191E+01     1.166771E-02
   3.540000E-01     1.780970E+00     1.752192E+01     1.167701E-02
   3.541667E-01     1.782259E+00     1.752193E+01     1.168632E-02
   3.543333E-01     1.783549E+00     1.752194E+01     1.169563E-02
   3.545000E-01     1.784839E+00     1.752195E+01     1.170495E-02
   3.546667E-01     1.786130E+00     1.752196E+01     1.171427E-02
   3.548333E-01     1.787422E+00     1.752197E+01     1.172360E-02
   3.550000E-01     1.788713E+00     1.752198E+01     1.173293E-02
   3.551667E-01     1.790006E+00     1.752199E+01     1.174226E-02
   3.553333E-01     1.791298E+00     1.752200E+01     1.175159E-02
   3.555000E-01     1.792592E+00     1.752201E+01     1.176094E-02
   3.556667E-01     1.793885E+00     1.752202E+01     1.177028E-02
   3.558333E-01     1.795179E+00     1.752202E+01     1.177963E-02
   3.560000E-01     1.796474E+00     1.752203E+01     1.178898E-02
   3.561667E-01     1.797769E+00     1.752204E+01     1.179834E-02
   3.563333E-01     1.799064E+00     1.752205E+01     1.180770E-02
   3.565000E-01     1.800360E+00     1.752206E+01     1.181706E-02
   3.566667E-01     1.801657E+00     1.752207E+01     1.182643E-02
   3.568333E-01     1.802954E+00     1.752208E+01     1.183580E-02
   3.570000E-01     1.804251E+00     1.752209E+01     1.184518E-02
   3.571667E-01     1.805549E+00     1.752210E+01     1.185456E-02
   3.573333E-01     1.806847E+00     1.752211E+01     1.186395E-02
   3.575000E-01     1.808146E+00     1.752212E+01     1.187333E-02
   3.576667E-01     1.809445E+00     1.752213E+01     1.188273E-02
   3.578333E-01     1.810745E+00     1.752214E+01     1.189212E-02
   3.580000E-01     1.812045E+00     1.752215E+01     1.190152E-02
   3.581667E-01     1.813346E+00     1.752216E+01     1.191093E-02
   3.583333E-01     1.814647E+00     1.752217E+01     1.192033E-02
   3.585000E-01     1.815948E+00     1.752217E+01     1.192975E-02
   3.586667E-01     1.817251E+00     1.752218E+01     1.193916E-02
   3.588333E-01     1.818553E+00     1.752219E+01     1.194858E-02
   3.590000E-01     1.819856E+00     1.752220E+01     1.195801E-02
   3.591667E-01     1.821159E+00     1.752221E+01     1.196743E-02
   3.593333E-01     1.822463E+00     1.752222E+01     1.197687E-02
   3.595000E-01     1.823768E+00     1.752223E+01     1.198630E-02
   3.596667E-01     1.825073E+00     1.752224E+01     1.199574E-02
   3.598333E-01     1.826378E+00     1.752225E+01     1.200518E-02
   3.600000E-01     1.827684E+00     1.752226E+01     1.201463E-02
   3.601667E-01     1.828990E+00     1.752227E+01     1.202408E-02
   3.603333E-01     1.830297E+00     1.752228E+01     1.203354E-02
   3.605000E-01     1.831604E+00     1.752229E+01     1.204300E-02
   3.606667E-01     1.832911E+00     1.752230E+01     1.205246E-02
   3.608333E-01     1.834219E+00     1.752231E+01     1.206193E-02
   3.610000E-01     1.835528E+00     1.752232E+01     1.207140E-02
   3.611667E-01     1.836837E+00     1.752233E+01     1.208088E-02
   3.613333E-01     1.838147E+00     1.752234E+01     1.209036E-02
   3.615000E-01     1.839457E+00     1.752234E+01     1.209984E-02
   3.616667E-01     1.840767E+00     1.752235E+01     1.210933E-02
   3.618333E-01     1.842078E+00     1.752236E+01     1.211882E-02
   3.620000E-01     1.843389E+00     1.752237E+01     1.212831E-02
   3.621667E-01     1.844701E+00     1.752238E+01     1.213781E-02
   3.623333E-01     1.846013E+00     1.752239E+01     1.214732E-02
   3.625000E-01     1.847326E+00     1.752240E+01     1.215682E-02
   3.626667E-01     1.848639E+00     1.752241E+01     1.216633E-02
   3.628333E-01     1.849953E+00     1.752242E+01     1.217585E-02
   3.630000E-01     1.851267E+00     1.752243E+01     1.218537E-02
   3.631667E-01     1.852582E+00     1.752244E+01     1.219489E-02
   3.633333E-01     1.853897E+00     1.752245E+01     1.220442E-02
   3.635000E-01     1.855213E+00     1.752246E+01     1.221395E-02
   3.636667E-01     1.856529E+00     1.752247E+01     1.222349E-02
   3.638333E-01     1.857845E+00     1.752248E+01     1.223302E-02
   3.640000E-01     1.859162E+00     1.752249E+01     1.224257E-02
   3.641667E-01     1.860480E+00     1.752250E+01     1.225212E-02
   3.643333E-01     1.861798E+00     1.752251E+01     1.226167E-02
   3.645000E-01     1.863116E+00     1.752252E+01     1.227122E-02
   3.646667E-01     1.864435E+00     1.752253E+01     1.228078E-02
   3.648333E-01     1.865754E+00     1.752254E+01     1.229034E-02
   3.650000E-01     1.867074E+00     1.752254E+01     1.229991E-02
   3.651667E-01     1.868394E+00     1.752255E+01     1.230948E-02
   3.653333E-01     1.869715E+00     1.752256E+01     1.231906E-02
   3.655000E-01     1.871036E+00     1.752257E+01     1.232864E-02
   3.656667E-01     1.872358E+00     1.752258E+01     1.233822E-02
   3.658333E-01     1.873680E+00     1.752259E+01     1.234780E-02
   3.660000E-01     1.875002E+00     1.752260E+01     1.235740E-02
   3.661667E-01     1.876325E+00     1.752261E+01     1.236699E-02
   3.663333E-01     1.877649E+00     1.752262E+01     1.237659E-02
   3.665000E-01     1.878973E+00     1.752263E+01     1.238619E-02
   3.666667E-01     1.880297E+00     1.752264E+01     1.239580E-02
   3.668333E-01     1.881622E+00     1.752265E+01     1.240541E-02
   3.670000E-01     1.882947E+00     1.752266E+01     1.241503E-02
   3.671667E-01     1.884273E+00     1.752267E+01     1.242464E-02
   3.673333E-01     1.885600E+00     1.752268E+01     1.243427E-02
   3.675000E-01     1.886926E+00     1.752269E+01     1.244389E-02
   3.676667E-01     1.888254E+00     1.752270E+01     1.245352E-02
   3.678333E-01     1.889581E+00     1.752271E+01     1.246316E-02
   3.680000E-01     1.890909E+00     1.752272E+01     1.247280E-02
   3.681667E-01     1.892238E+00     1.752273E+01     1.248244E-02
   3.683333E-01     1.893567E+00     1.752274E+01     1.249209E-02
   3.685000E-01     1.894897E+00     1.752275E+01     1.250174E-02
   3.686667E-01     1.896227E+00     1.752276E+01     1.251139E-02
   3.688333E-01     1.897557E+00     1.752277E+01     1.252105E-02
   3.690000E-01     1.898888E+00     1.752278E+01     1.253072E-02
   3.691667E-01     1.900220E+00     1.752279E+01     1.254038E-02
   3.693333E-01     1.901552E+00     1.752279E+01     1.255005E-02
   3.695000E-01     1.902884E+00     1.752280E+01     1.255973E-02
   3.696667E-01     1.904217E+00     1.752281E+01     1.256941E-02
   3.698333E-01     1.905550E+00     1.752282E+01     1.257909E-02
   3.700000E-01     1.906884E+00     1.752283E+01     1.258878E-02
   3.701667E-01     1.908218E+00     1.752284E+01     1.259847E-02
   3.703333E-01     1.909553E+00     1.752285E+01     1.260816E-02
   3.705000E-01     1.910888E+00     1.752286E+01     1.261786E-02
   3.706667E-01     1.912224E+00     1.752287E+01     1.262756E-02
   3.708333E-01     1.913560E+00     1.752288E+01     1.263727E-02
   3.710000E-01     1.914896E+00     1.752289E+01     1.264698E-02
   3.711667E-01     1.916233E+00     1.752290E+01     1.265670E-02
   3.713333E-01     1.917571E+00     1.752291E+01     1.266642E-02
   3.715000E-01     1.918909E+00     1.752292E+01     1.267614E-02
   3.716667E-01     1.920247E+00     1.752293E+01     1.268587E-02
   3.718333E-01     1.921586E+00     1.752294E+01     1.269560E-02
   3.720000E-01     1.922926E+00     1.752295E+01     1.270533E-02
   3.721667E-01     1.924265E+00     1.752296E+01     1.271507E-02
   3.723333E-01     1.925606E+00     1.752297E+01     1.272481E-02
   3.725000E-01     1.926946E+00     1.752298E+01     1.273456E-02
   3.726667E-01     1.928288E+00     1.752299E+01     1.274431E-02
   3.728333E-01     1.929629E+00     1.752300E+01     1.275407E-02
   3.730000E-01     1.930972E+00     1.752301E+01     1.276383E-02
   3.731667E-01     1.932314E+00     1.752302E+01     1.277359E-02
   3.733333E-01     1.933657E+00     1.752303E+01     1.278336E-02
   3.735000E-01     1.935001E+00     1.752304E+01     1.279313E-02
   3.736667E-01     1.936345E+00     1.752305E+01     1.280290E-02
   3.738333E-01     1.937689E+00     1.752306E+01     1.281268E-02
   3.740000E-01     1.939034E+00     1.752307E+01     1.282246E-02
   3.741667E-01     1.940380E+00     1.752308E+01     1.283225E-02
   3.743333E-01     1.941726E+00     1.752309E+01     1.284204E-02
   3.745000E-01     1.943072E+00     1.752310E+01     1.285184E-02
   3.746667E-01     1.944419E+00     1.752311E+01     1.286164E-02
   3.748333E-01     1.945766E+00     1.752312E+01     1.287144E-02
   3.750000E-01     1.947114E+00     1.752313E+01     1.288125E-02
   3.751667E-01     1.948462E+00     1.752314E+01     1.289106E-02
   3.753333E-01     1.949811E+00     1.752315E+01     1.290088E-02
   3.755000E-01     1.951160E+00     1.752316E+01     1.291069E-02
   3.756667E-01     1.952510E+00     1.752317E+01     1.292052E-02
   3.758333E-01     1.953860E+00     1.752318E+01     1.293035E-02
   3.760000E-01     1.955210E+00     1.752319E+01     1.294018E-02
   3.761667E-01     1.956561E+00     1.752319E+01     1.295001E-02
   3.763333E-01     1.957913E+00     1.752320E+01     1.295985E-02
   3.765000E-01     1.959265E+00     1.752321E+01     1.296970E-02
   3.766667E-01     1.960617E+00     1.752322E+01     1.297954E-02
   3.768333E-01     1.961970E+00     1.752323E+01     1.298940E-02
   3.770000E-01     1.963324E+00     1.752324E+01     1.299925E-02
   3.771667E-01     1.964677E+00     1.752325E+01     1.300911E-02
   3.773333E-01     1.966032E+00     1.752326E+01     1.301897E-02
   3.775000E-01     1.967387E+00     1.752327E+01     1.302884E-02
   3.776667E-01     1.968742E+00     1.752328E+01     1.303871E-02
   3.778333E-01     1.970097E+00     1.752329E+01     1.304859E-02
   3.780000E-01     1.971454E+00     1.752330E+01     1.305847E-02
   3.781667E-01     1.972810E+00     1.752331E+01     1.306835E-02
   3.783333E-01     1.974167E+00     1.752332E+01     1.307824E-02
   3.785000E-01     1.975525E+00     1.752333E+01     1.308813E-02
   3.786667E-01     1.976883E+00     1.752334E+01     1.309803E-02
   3.788333E-01     1.978241E+00     1.752335E+01     1.310793E-02
   3.790000E-01     1.979600E+00     1.752336E+01     1.311783E-02
   3.791667E-01     1.980960E+00     1.752337E+01     1.312774E-02
   3.793333E-01     1.982320E+00     1.752338E+01     1.313765E-02
   3.795000E-01     1.983680E+00     1.752339E+01     1.314757E-02
   3.796667E-01     1.985041E+00     1.752340E+01     1.315749E-02
   3.798333E-01     1.986402E+00     1.752341E+01     1.316742E-02
   3.800000E-01     1.987764E+00     1.752342E+01     1.317734E-02
   3.801667E-01     1.989126E+00     1.752343E+01     1.318728E-02
   3.803333E-01     1.990489E+00     1.752344E+01     1.319721E-02
   3.805000E-01     1.991852E+00     1.752345E+01     1.320715E-02
   3.806667E-01     1.993216E+00     1.752346E+01     1.321710E-02
   3.808333E-01     1.994580E+00     1.752347E+01     1.322705E-02
   3.810000E-01     1.995944E+00     1.752348E+01     1.323700E-02
   3.811667E-01     1.997309E+00     1.752349E+01     1.324696E-02
   3.813333E-01     1.998675E+00     1.752350E+01     1.325692E-02
   3.815000E-01     2.000041E+00     1.752351E+01     1.326688E-02
   3.816667E-01     2.001407E+00     1.752352E+01     1.327685E-02
   3.818333E-01     2.002774E+00     1.752353E+01     1.328682E-02
   3.820000E-01     2.004142E+00     1.752354E+01     1.329680E-02
   3.821667E-01     2.005509E+00     1.752355E+01     1.330678E-02
   3.823333E-01     2.006878E+00     1.752356E+01     1.331677E-02
   3.825000E-01     2.008247E+00     1.752357E+01     1.332676E-02
   3.826667E-01     2.009616E+00     1.752358E+01     1.333675E-02
   3.828333E-01     2.010985E+00     1.752359E+01     1.334675E-02
   3.830000E-01     2.012356E+00     1.752360E+01     1.335675E-02
   3.831667E-01     2.013726E+00     1.752361E+01     1.336675E-02
   3.833333E-01     2.015097E+00     1.752362E+01     1.337676E-02
   3.835000E-01     2.016469E+00     1.752363E+01     1.338678E-02
   3.836667E-01     2.017841E+00     1.752364E+01     1.339679E-02
   3.838333E-01     2.019213E+00     1.752365E+01     1.340682E-02
   3.840000E-01     2.020586E+00     1.752366E+01     1.341684E-02
   3.841667E-01     2.021960E+00     1.752367E+01     1.342687E-02
   3.843333E-01     2.023334E+00     1.752368E+01     1.343690E-02
   3.845000E-01     2.024708E+00     1.752369E+01     1.344694E-02
   3.846667E-01     2.026083E+00     1.752370E+01     1.345698E-02
   3.848333E-01     2.027458E+00     1.752371E+01     1.346703E-02
   3.850000E-01     2.028834E+00     1.752372E+01     1.347708E-02
   3.851667E-01     2.030210E+00     1.752373E+01     1.348713E-02
   3.853333E-01     2.031587E+00     1.752374E+01     1.349719E-02
   3.855000E-01     2.032964E+00     1.752375E+01     1.350726E-02
   3.856667E-01     2.034342E+00     1.752376E+01     1.351732E-02
   3.858333E-01     2.035720E+00     1.752377E+01     1.352739E-02
   3.860000E-01     2.037098E+00     1.752378E+01     1.353747E-02
   3.861667E-01     2.038477E+00     1.752379E+01     1.354754E-02
   3.863333E-01     2.039857E+00     1.752380E+01     1.355763E-02
   3.865000E-01     2.041237E+00     1.752381E+01     1.356771E-02
   3.866667E-01     2.042617E+00     1.752382E+01     1.357780E-02
   3.868333E-01     2.043998E+00     1.752383E+01     1.358790E-02
   3.870000E-01     2.045380E+00     1.752384E+01     1.359800E-02
   3.871667E-01     2.046761E+00     1.752385E+01     1.360810E-02
   3.873333E-01     2.048144E+00     1.752386E+01     1.361821E-02
   3.875000E-01     2.049527E+00     1.752387E+01     1.362832E-02
   3.876667E-01     2.050910E+00     1.752388E+01     1.363843E-02
   3.878333E-01     2.052293E+00     1.752389E+01     1.364855E-02
   3.880000E-01     2.053678E+00     1.752390E+01     1.365868E-02
   3.881667E-01     2.055062E+00     1.752391E+01     1.366880E-02
   3.883333E-01     2.056447E+00     1.752392E+01     1.367894E-02
   3.885000E-01     2.057833E+00     1.752393E+01     1.368907E-02
   3.886667E-01     2.059219E+00     1.752394E+01     1.369921E-02
   3.888333E-01     2.060605E+00     1.752395E+01     1.370936E-02
   3.890000E-01     2.061992E+00     1.752396E+01     1.371950E-02
   3.891667E-01     2.063380E+00     1.752397E+01     1.372966E-02
   3.893333E-01     2.064768E+00     1.752398E+01     1.373981E-02
   3.895000E-01     2.066156E+00     1.752399E+01     1.374997E-02
   3.896667E-01     2.067545E+00     1.752401E+01     1.376014E-02
   3.898333E-01     2.068934E+00     1.752402E+01     1.377030E-02
   3.900000E-01     2.070324E+00     1.752403E+01     1.378048E-02
   3.901667E-01     2.071714E+00     1.752404E+01     1.379065E-02
   3.903333E-01     2.073105E+00     1.752405E+01     1.380083E-02
   3.905000E-01     2.074496E+00     1.752406E+01     1.381102E-02
   3.906667E-01     2.075888E+00     1.752407E+01     1.382121E-02
   3.908333E-01     2.077280E+00     1.752408E+01     1.383140E-02
   3.910000E-01     2.078672E+00     1.752409E+01     1.384160E-02
   3.911667E-01     2.080065E+00     1.752410E+01     1.385180E-02
   3.913333E-01     2.081459E+00     1.752411E+01     1.386200E-02
   3.915000E-01     2.082853E+00     1.752412E+01     1.387221E-02
   3.916667E-01     2.084247E+00     1.752413E+01     1.388242E-02
   3.918333E-01     2.085642E+00     1.752414E+01     1.389264E-02
   3.920000E-01     2.087038E+00     1.752415E+01     1.390286E-02
   3.921667E-01     2.088433E+00     1.752416E+01     1.391309E-02
   3.923333E-01     2.089830E+00     1.752417E+01     1.392332E-02
   3.925000E-01     2.091226E+00     1.752418E+01     1.393355E-02
   3.926667E-01     2.092624E+00     1.752419E+01     1.394379E-02
   3.928333E-01     2.094021E+00     1.752420E+01     1.395403E-02
   3.930000E-01     2.095420E+00     1.752421E+01     1.396428E-02
   3.931667E-01     2.096818E+00     1.752422E+01     1.397453E-02
   3.933333E-01     2.098217E+00     1.752423E+01     1.398478E-02
   3.935000E-01     2.099617E+00     1.752424E+01     1.399504E-02
   3.936667E-01     2.101017E+00     1.752425E+01     1.400530E-02
   3.938333E-01     2.102417E+00     1.752426E+01     1.401557E-02
   3.940000E-01     2.103818E+00     1.752427E+01     1.402584E-02
   3.941667E-01     2.105220E+00     1.752428E+01     1.403611E-02
   3.943333E-01     2.106622E+00     1.752429E+01     1.404639E-02
   3.945000E-01     2.108024E+00     1.752430E+01     1.405668E-02
   3.946667E-01     2.109427E+00     1.752431E+01     1.406696E-02
   3.948333E-01     2.110830E+00     1.752432E+01     1.407725E-02
   3.950000E-01     2.112234E+00     1.752433E+01     1.408755E-02
   3.951667E-01     2.113638E+00     1.752434E+01     1.409785E-02
   3.953333E-01     2.115043E+00     1.752435E+01     1.410815E-02
   3.955000E-01     2.116448E+00     1.752436E+01     1.411846E-02
   3.956667E-01     2.117854E+00     1.752437E+01     1.412877E-02
   3.958333E-01     2.119260E+00     1.752438E+01     1.413909E-02
   3.960000E-01     2.120666E+00     1.752439E+01     1.414941E-02
   3.961667E-01     2.122073E+00     1.752440E+01     1.415973E-02
   3.963333E-01     2.123481E+00     1.752441E+01     1.417006E-02
   3.965000E-01     2.124889E+00     1.752443E+01     1.418039E-02
   3.966667E-01     2.126297E+00     1.752444E+01     1.419073E-02
   3.968333E-01     2.127706E+00     1.752445E+01     1.420107E-02
   3.970000E-01     2.129115E+00     1.752446E+01     1.421141E-02
   3.971667E-01     2.130525E+00     1.752447E+01     1.422176E-02
   3.973333E-01     2.131936E+00     1.752448E+01     1.423211E-02
   3.975000E-01     2.133346E+00     1.752449E+01     1.424247E-02
   3.976667E-01     2.134758E+00     1.752450E+01     1.425283E-02
   3.978333E-01     2.136169E+00     1.752451E+01     1.426320E-02
   3.980000E-01     2.137581E+00     1.752452E+01     1.427356E-02
   3.981667E-01     2.138994E+00     1.752453E+01     1.428394E-02
   3.983333E-01     2.140407E+00     1.752454E+01     1.429432E-02
   3.985000E-01     2.141821E+00     1.752455E+01     1.430470E-02
   3.986667E-01     2.143235E+00     1.752456E+01     1.431508E-02
   3.988333E-01     2.144649E+00     1.752457E+01     1.432547E-02
   3.990000E-01     2.146064E+00     1.752458E+01     1.433587E-02
   3.991667E-01     2.147480E+00     1.752459E+01     1.434626E-02
   3.993333E-01     2.148896E+00     1.752460E+01     1.435667E-02
   3.995000E-01     2.150312E+00     1.752461E+01     1.436707E-02
   3.996667E-01     2.151729E+00     1.752462E+01     1.437748E-02
   3.998333E-01     2.153146E+00     1.752463E+01     1.438790E-02
   4.000000E-01     2.154564E+00     1.752464E+01     1.439832E-02
   4.001667E-01     2.155982E+00     1.752465E+01     1.440874E-02
   4.003333E-01     2.157401E+00     1.752466E+01     1.441917E-02
   4.005000E-01     2.158820E+00     1.752467E+01     1.442960E-02
   4.006667E-01     2.160239E+00     1.752468E+01     1.444003E-02
   4.008333E-01     2.161660E+00     1.752470E+01     1.445047E-02
   4.010000E-01     2.163080E+00     1.752471E+01     1.446092E-02
   4.011667E-01     2.164501E+00     1.752472E+01     1.447136E-02
   4.013333E-01     2.165923E+00     1.752473E+01     1.448181E-02
   4.015000E-01     2.167345E+00     1.752474E+01     1.449227E-02
   4.016667E-01     2.168767E+00     1.752475E+01     1.450273E-02
   4.018333E-01     2.170190E+00     1.752476E+01     1.451319E-02
   4.020000E-01     2.171613E+00     1.752477E+01     1.452366E-02
   4.021667E-01     2.173037E+00     1.752478E+01     1.453414E-02
   4.023333E-01     2.174461E+00     1.752479E+01     1.454461E-02
   4.025000E-01     2.175886E+00     1.752480E+01     1.455509E-02
   4.026667E-01     2.177311E+00     1.752481E+01     1.456558E-02
   4.028333E-01     2.178737E+00     1.752482E+01     1.457607E-02
   4.030000E-01     2.180163E+00     1.752483E+01     1.458656E-02
   4.031667E-01     2.181590E+00     1.752484E+01     1.459706E-02
   4.033333E-01     2.183017E+00     1.752485E+01     1.460756E-02
   4.035000E-01     2.184445E+00     1.752486E+01     1.461806E-02
   4.036667E-01     2.185873E+00     1.752487E+01     1.462857E-02
   4.038333E-01     2.187301E+00     1.752488E+01     1.463909E-02
   4.040000E-01     2.188730E+00     1.752489E+01     1.464960E-02
   4.041667E-01     2.190159E+00     1.752490E+01     1.466013E-02
   4.043333E-01     2.191589E+00     1.752492E+01     1.467065E-02
   4.045000E-01     2.193020E+00     1.752493E+01     1.468118E-02
   4.046667E-01     2.194451E+00     1.752494E+01     1.469172E-02
   4.048333E-01     2.195882E+00     1.752495E+01     1.470226E-02
   4.050000E-01     2.197314E+00     1.752496E+01     1.471280E-02
   4.051667E-01     2.198746E+00     1.752497E+01     1.472335E-02
   4.053333E-01     2.200178E+00     1.752498E+01     1.473390E-02
   4.055000E-01     2.201612E+00     1.752499E+01     1.474445E-02
   4.056667E-01     2.203045E+00     1.752500E+01     1.475501E-02
   4.058333E-01     2.204479E+00     1.752501E+01     1.476558E-02
   4.060000E-01     2.205914E+00     1.752502E+01     1.477614E-02
   4.061667E-01     2.207349E+00     1.752503E+01     1.478671E-02
   4.063333E-01     2.208784E+00     1.752504E+01     1.479729E-02
   4.065000E-01     2.210220E+00     1.752505E+01     1.480787E-02
   4.066667E-01     2.211657E+00     1.752506E+01     1.481845E-02
   4.068333E-01     2.213094E+00     1.752507E+01     1.482904E-02
   4.070000E-01     2.214531E+00     1.752508E+01     1.483964E-02
   4.071667E-01     2.215969E+00     1.752510E+01     1.485023E-02
   4.073333E-01     2.217407E+00     1.752511E+01     1.486083E-02
   4.075000E-01     2.218846E+00     1.752512E+01     1.487144E-02
   4.076667E-01     2.220285E+00     1.752513E+01     1.488205E-02
   4.078333E-01     2.221725E+00     1.752514E+01     1.489266E-02
   4.080000E-01     2.223165E+00     1.752515E+01     1.490328E-02
   4.081667E-01     2.224606E+00     1.752516E+01     1.491390E-02
   4.083333E-01     2.226047E+00     1.752517E+01     1.492453E-02
   4.085000E-01     2.227488E+00     1.752518E+01     1.493516E-02
   4.086667E-01     2.228930E+00     1.752519E+01     1.494579E-02
   4.088333E-01     2.230373E+00     1.752520E+01     1.495643E-02
   4.090000E-01     2.231816E+00     1.752521E+01     1.496707E-02
   4.091667E-01     2.233259E+00     1.752522E+01     1.497772E-02
   4.093333E-01     2.234703E+00     1.752523E+01     1.498837E-02
   4.095000E-01     2.236147E+00     1.752524E+01     1.499902E-02
   4.096667E-01     2.237592E+00     1.752525E+01     1.500968E-02
   4.098333E-01     2.239038E+00     1.752527E+01     1.502035E-02
   4.100000E-01     2.240483E+00     1.752528E+01     1.503101E-02
   4.101667E-01     2.241930E+00     1.752529E+01     1.504169E-02
   4.103333E-01     2.243376E+00     1.752530E+01     1.505236E-02
   4.105000E-01     2.244823E+00     1.752531E+01     1.506304E-02
   4.106667E-01     2.246271E+00     1.752532E+01     1.507373E-02
   4.108333E-01     2.247719E+00     1.752533E+01     1.508441E-02
   4.110000E-01     2.249168E+00     1.752534E+01     1.509511E-02
   4.111667E-01     2.250617E+00     1.752535E+01     1.510580E-02
   4.113333E-01     2.252066E+00     1.752536E+01     1.511650E-02
   4.115000E-01     2.253516E+00     1.752537E+01     1.512721E-02
   4.116667E-01     2.254967E+00     1.752538E+01     1.513792E-02
   4.118333E-01     2.256417E+00     1.752539E+01     1.514863E-02
   4.120000E-01     2.257869E+00     1.752540E+01     1.515935E-02
   4.121667E-01     2.259321E+00     1.752541E+01     1.517007E-02
   4.123333E-01     2.260773E+00     1.752543E+01     1.518080E-02
   4.125000E-01     2.262226E+00     1.752544E+01     1.519153E-02
   4.126667E-01     2.263679E+00     1.752545E+01     1.520226E-02
   4.128333E-01     2.265133E+00     1.752546E+01     1.521300E-02
   4.130000E-01     2.266587E+00     1.752547E+01     1.522374E-02
   4.131667E-01     2.268041E+00     1.752548E+01     1.523449E-02
   4.133333E-01     2.269496E+00     1.752549E+01     1.524524E-02
   4.135000E-01     2.270952E+00     1.752550E+01     1.525600E-02
   4.136667E-01     2.272408E+00     1.752551E+01     1.526675E-02
   4.138333E-01     2.273865E+00     1.752552E+01     1.527752E-02
   4.140000E-01     2.275322E+00     1.752553E+01     1.528829E-02
   4.141667E-01     2.276779E+00     1.752554E+01     1.529906E-02
   4.143333E-01     2.278237E+00     1.752555E+01     1.530983E-02
   4.145000E-01     2.279695E+00     1.752557E+01     1.532061E-02
   4.146667E-01     2.281154E+00     1.752558E+01     1.533140E-02
   4.148333E-01     2.282613E+00     1.752559E+01     1.534219E-02
   4.150000E-01     2.284073E+00     1.752560E+01     1.535298E-02
   4.151667E-01     2.285533E+00     1.752561E+01     1.536378E-02
   4.153333E-01     2.286994E+00     1.752562E+01     1.537458E-02
   4.155000E-01     2.288455E+00     1.752563E+01     1.538538E-02
   4.156667E-01     2.289917E+00     1.752564E+01     1.539619E-02
   4.158333E-01     2.291379E+00     1.752565E+01     1.540701E-02
   4.160000E-01     2.292841E+00     1.752566E+01     1.541783E-02
   4.161667E-01     2.294304E+00     1.752567E+01     1.542865E-02
   4.163333E-01     2.295768E+00     1.752568E+01     1.543947E-02
   4.165000E-01     2.297232E+00     1.752570E+01     1.545030E-02
   4.166667E-01     2.298696E+00     1.752571E+01     1.546114E-02
   4.168333E-01     2.300161E+00     1.752572E+01     1.547198E-02
   4.170000E-01     2.301627E+00     1.752573E+01     1.548282E-02
   4.171667E-01     2.303092E+00     1.752574E+01     1.549367E-02
   4.173333E-01     2.304559E+00     1.752575E+01     1.550452E-02
   4.175000E-01     2.306025E+00     1.752576E+01     1.551538E-02
   4.176667E-01     2.307493E+00     1.752577E+01     1.552624E-02
   4.178333E-01     2.308960E+00     1.752578E+01     1.553710E-02
   4.180000E-01     2.310428E+00     1.752579E+01     1.554797E-02
   4.181667E-01     2.311897E+00     1.752580E+01     1.555884E-02
   4.183333E-01     2.313366E+00     1.752581E+01     1.556972E-02
   4.185000E-01     2.314836E+00     1.752583E+01     1.558060E-02
   4.186667E-01     2.316306E+00     1.752584E+01     1.559148E-02
   4.188333E-01     2.317776E+00     1.752585E+01     1.560237E-02
   4.190000E-01     2.319247E+00     1.752586E+01     1.561327E-02
   4.191667E-01     2.320719E+00     1.752587E+01     1.562416E-02
   4.193333E-01     2.322190E+00     1.752588E+01     1.563507E-02
   4.195000E-01     2.323663E+00     1.752589E+01     1.564597E-02
   4.196667E-01     2.325136E+00     1.752590E+01     1.565688E-02
   4.198333E-01     2.326609E+00     1.752591E+01     1.566780E-02
   4.200000E-01     2.328083E+00     1.752592E+01     1.567872E-02
   4.201667E-01     2.329557E+00     1.752593E+01     1.568964E-02
   4.203333E-01     2.331032E+00     1.752595E+01     1.570057E-02
   4.205000E-01     2.332507E+00     1.752596E+01     1.571150E-02
   4.206667E-01     2.333982E+00     1.752597E+01     1.572243E-02
   4.208333E-01     2.335458E+00     1.752598E+01     1.573337E-02
   4.210000E-01     2.336935E+00     1.752599E+01     1.574432E-02
   4.211667E-01     2.338412E+00     1.752600E+01     1.575527E-02
   4.213333E-01     2.339890E+00     1.752601E+01     1.576622E-02
   4.215000E-01     2.341368E+00     1.752602E+01     1.577718E-02
   4.216667E-01     2.342846E+00     1.752603E+01     1.578814E-02
   4.218333E-01     2.344325E+00     1.752604E+01     1.579910E-02
   4.220000E-01     2.345804E+00     1.752605E+01     1.581007E-02
   4.221667E-01     2.347284E+00     1.752607E+01     1.582105E-02
   4.223333E-01     2.348764E+00     1.752608E+01     1.583202E-02
   4.225000E-01     2.350245E+00     1.752609E+01     1.584301E-02
   4.226667E-01     2.351726E+00     1.752610E+01     1.585399E-02
   4.228333E-01     2.353208E+00     1.752611E+01     1.586498E-02
   4.230000E-01     2.354690E+00     1.752612E+01     1.587598E-02
   4.231667E-01     2.356173E+00     1.752613E+01     1.588698E-02
   4.233333E-01     2.357656E+00     1.752614E+01     1.589798E-02
   4.235000E-01     2.359139E+00     1.752615E+01     1.590899E-02
   4.236667E-01     2.360623E+00     1.752616E+01     1.592000E-02
   4.238333E-01     2.362108E+00     1.752618E+01     1.593101E-02
   4.240000E-01     2.363593E+00     1.752619E+01     1.594203E-02
   4.241667E-01     2.365078E+00     1.752620E+01     1.595306E-02
   4.243333E-01     2.366564E+00     1.752621E+01     1.596409E-02
   4.245000E-01     2.368050E+00     1.752622E+01     1.597512E-02
   4.246667E-01     2.369537E+00     1.752623E+01     1.598616E-02
   4.248333E-01     2.371025E+00     1.752624E+01     1.599720E-02
   4.250000E-01     2.372512E+00     1.752625E+01     1.600824E-02
   4.251667E-01     2.374001E+00     1.752626E+01     1.601929E-02
   4.253333E-01     2.375489E+00     1.752628E+01     1.603035E-02
   4.255000E-01     2.376978E+00     1.752629E+01     1.604141E-02
   4.256667E-01     2.378468E+00     1.752630E+01     1.605247E-02
   4.258333E-01     2.379958E+00     1.752631E+01     1.606353E-02
   4.260000E-01     2.381449E+00     1.752632E+01     1.607461E-02
   4.261667E-01     2.382940E+00     1.752633E+01     1.608568E-02
   4.263333E-01     2.384431E+00     1.752634E+01     1.609676E-02
   4.265000E-01     2.385923E+00     1.752635E+01     1.610784E-02
   4.266667E-01     2.387416E+00     1.752636E+01     1.611893E-02
   4.268333E-01     2.388908E+00     1.752637E+01     1.613002E-02
   4.270000E-01     2.390402E+00     1.752639E+01     1.614112E-02
   4.271667E-01     2.391896E+00     1.752640E+01     1.615222E-02
   4.273333E-01     2.393390E+00     1.752641E+01     1.616333E-02
   4.275000E-01     2.394885E+00     1.752642E+01     1.617443E-02
   4.276667E-01     2.396380E+00     1.752643E+01     1.618555E-02
   4.278333E-01     2.397876E+00     1.752644E+01     1.619667E-02
   4.280000E-01     2.399372E+00     1.752645E+01     1.620779E-02
   4.281667E-01     2.400868E+00     1.752646E+01     1.621891E-02
   4.283333E-01     2.402365E+00     1.752647E+01     1.623004E-02
   4.285000E-01     2.403863E+00     1.752649E+01     1.624118E-02
   4.286667E-01     2.405361E+00     1.752650E+01     1.625232E-02
   4.288333E-01     2.406859E+00     1.752651E+01     1.626346E-02
   4.290000E-01     2.408358E+00     1.752652E+01     1.627461E-02
   4.291667E-01     2.409858E+00     1.752653E+01     1.628576E-02
   4.293333E-01     2.411358E+00     1.752654E+01     1.629691E-02
   4.295000E-01     2.412858E+00     1.752655E+01     1.630807E-02
   4.296667E-01     2.414359E+00     1.752656E+01     1.631924E-02
   4.298333E-01     2.415860E+00     1.752658E+01     1.633041E-02
   4.300000E-01     2.417362E+00     1.752659E+01     1.634158E-02
   4.301667E-01     2.418864E+00     1.752660E+01     1.635276E-02
   4.303333E-01     2.420367E+00     1.752661E+01     1.636394E-02
   4.305000E-01     2.421870E+00     1.752662E+01     1.637512E-02
   4.306667E-01     2.423374E+00     1.752663E+01     1.638631E-02
   4.308333E-01     2.424878E+00     1.752664E+01     1.639751E-02
   4.310000E-01     2.426382E+00     1.752665E+01     1.640871E-02
   4.311667E-01     2.427887E+00     1.752666E+01     1.641991E-02
   4.313333E-01     2.429393E+00     1.752668E+01     1.643112E-02
   4.315000E-01     2.430899E+00     1.752669E+01     1.644233E-02
   4.316667E-01     2.432405E+00     1.752670E+01     1.645354E-02
   4.318333E-01     2.433912E+00     1.752671E+01     1.646476E-02
   4.320000E-01     2.435419E+00     1.752672E+01     1.647599E-02
   4.321667E-01     2.436927E+00     1.752673E+01     1.648721E-02
   4.323333E-01     2.438435E+00     1.752674E+01     1.649845E-02
   4.325000E-01     2.439944E+00     1.752675E+01     1.650968E-02
   4.326667E-01     2.441453E+00     1.752677E+01     1.652092E-02
   4.328333E-01     2.442963E+00     1.752678E+01     1.653217E-02
   4.330000E-01     2.444473E+00     1.752679E+01     1.654342E-02
   4.331667E-01     2.445984E+00     1.752680E+01     1.655467E-02
   4.333333E-01     2.447495E+00     1.752681E+01     1.656593E-02
   4.335000E-01     2.449007E+00     1.752682E+01     1.657719E-02
   4.336667E-01     2.450519E+00     1.752683E+01     1.658846E-02
   4.338333E-01     2.452031E+00     1.752684E+01     1.659973E-02
   4.340000E-01     2.453544E+00     1.752686E+01     1.661100E-02
   4.341667E-01     2.455057E+00     1.752687E+01     1.662228E-02
   4.343333E-01     2.456571E+00     1.752688E+01     1.663357E-02
   4.345000E-01     2.458086E+00     1.752689E+01     1.664486E-02
   4.346667E-01     2.459600E+00     1.752690E+01     1.665615E-02
   4.348333E-01     2.461116E+00     1.752691E+01     1.666744E-02
   4.350000E-01     2.462631E+00     1.752692E+01     1.667874E-02
   4.351667E-01     2.464148E+00     1.752693E+01     1.669005E-02
   4.353333E-01     2.465664E+00     1.752695E+01     1.670136E-02
   4.355000E-01     2.467182E+00     1.752696E+01     1.671267E-02
   4.356667E-01     2.468699E+00     1.752697E+01     1.672399E-02
   4.358333E-01     2.470217E+00     1.752698E+01     1.673531E-02
   4.360000E-01     2.471736E+00     1.752699E+01     1.674664E-02
   4.361667E-01     2.473255E+00     1.752700E+01     1.675797E-02
   4.363333E-01     2.474774E+00     1.752701E+01     1.676930E-02
   4.365000E-01     2.476294E+00     1.752703E+01     1.678064E-02
   4.366667E-01     2.477815E+00     1.752704E+01     1.679199E-02
   4.368333E-01     2.479336E+00     1.752705E+01     1.680333E-02
   4.370000E-01     2.480857E+00     1.752706E+01     1.681469E-02
   4.371667E-01     2.482379E+00     1.752707E+01     1.682604E-02
   4.373333E-01     2.483901E+00     1.752708E+01     1.683740E-02
   4.375000E-01     2.485424E+00     1.752709E+01     1.684877E-02
   4.376667E-01     2.486947E+00     1.752711E+01     1.686014E-02
   4.378333E-01     2.488471E+00     1.752712E+01     1.687151E-02
   4.380000E-01     2.489995E+00     1.752713E+01     1.688289E-02
   4.381667E-01     2.491519E+00     1.752714E+01     1.689427E-02
   4.383333E-01     2.493044E+00     1.752715E+01     1.690566E-02
   4.385000E-01     2.494570E+00     1.752716E+01     1.691705E-02
   4.386667E-01     2.496096E+00     1.752717E+01     1.692844E-02
   4.388333E-01     2.497623E+00     1.752718E+01     1.693984E-02
   4.390000E-01     2.499149E+00     1.752720E+01     1.695125E-02
   4.391667E-01     2.500677E+00     1.752721E+01     1.696265E-02
   4.393333E-01     2.502205E+00     1.752722E+01     1.697407E-02
   4.395000E-01     2.503733E+00     1.752723E+01     1.698548E-02
   4.396667E-01     2.505262E+00     1.752724E+01     1.699690E-02
   4.398333E-01     2.506791E+00     1.752725E+01     1.700833E-02
   4.400000E-01     2.508321E+00     1.752726E+01     1.701976E-02
   4.401667E-01     2.509851E+00     1.752728E+01     1.703119E-02
   4.403333E-01     2.511382E+00     1.752729E+01     1.704263E-02
   4.405000E-01     2.512913E+00     1.752730E+01     1.705407E-02
   4.406667E-01     2.514445E+00     1.752731E+01     1.706552E-02
   4.408333E-01     2.515977E+00     1.752732E+01     1.707697E-02
   4.410000E-01     2.517509E+00     1.752733E+01     1.708842E-02
   4.411667E-01     2.519042E+00     1.752734E+01     1.709988E-02
   4.413333E-01     2.520576E+00     1.752736E+01     1.711135E-02
   4.415000E-01     2.522110E+00     1.752737E+01     1.712282E-02
   4.416667E-01     2.523644E+00     1.752738E+01     1.713429E-02
   4.418333E-01     2.525179E+00     1.752739E+01     1.714576E-02
   4.420000E-01     2.526714E+00     1.752740E+01     1.715725E-02
   4.421667E-01     2.528250E+00     1.752741E+01     1.716873E-02
   4.423333E-01     2.529786E+00     1.752743E+01     1.718022E-02
   4.425000E-01     2.531323E+00     1.752744E+01     1.719171E-02
   4.426667E-01     2.532860E+00     1.752745E+01     1.720321E-02
   4.428333E-01     2.534398E+00     1.752746E+01     1.721471E-02
   4.430000E-01     2.535936E+00     1.752747E+01     1.722622E-02
   4.431667E-01     2.537475E+00     1.752748E+01     1.723773E-02
   4.433333E-01     2.539014E+00     1.752749E+01     1.724925E-02
   4.435000E-01     2.540553E+00     1.752751E+01     1.726077E-02
   4.436667E-01     2.542093E+00     1.752752E+01     1.727229E-02
   4.438333E-01     2.543634E+00     1.752753E+01     1.728382E-02
   4.440000E-01     2.545175E+00     1.752754E+01     1.729535E-02
   4.441667E-01     2.546716E+00     1.752755E+01     1.730689E-02
   4.443333E-01     2.548258E+00     1.752756E+01     1.731843E-02
   4.445000E-01     2.549801E+00     1.752757E+01     1.732998E-02
   4.446667E-01     2.551343E+00     1.752759E+01     1.734153E-02
   4.448333E-01     2.552887E+00     1.752760E+01     1.735308E-02
   4.450000E-01     2.554430E+00     1.752761E+01     1.736464E-02
   4.451667E-01     2.555975E+00     1.752762E+01     1.737620E-02
   4.453333E-01     2.557519E+00     1.752763E+01     1.738777E-02
   4.455000E-01     2.559064E+00     1.752764E+01     1.739934E-02
   4.456667E-01     2.560610E+00     1.752766E+01     1.741092E-02
   4.458333E-01     2.562156E+00     1.752767E+01     1.742250E-02
   4.460000E-01     2.563703E+00     1.752768E+01     1.743408E-02
   4.461667E-01     2.565250E+00     1.752769E+01     1.744567E-02
   4.463333E-01     2.566797E+00     1.752770E+01     1.745726E-02
   4.465000E-01     2.568345E+00     1.752771E+01     1.746886E-02
   4.466667E-01     2.569894E+00     1.752773E+01     1.748046E-02
   4.468333E-01     2.571442E+00     1.752774E+01     1.749207E-02
   4.470000E-01     2.572992E+00     1.752775E+01     1.750368E-02
   4.471667E-01     2.574542E+00     1.752776E+01     1.751530E-02
   4.473333E-01     2.576092E+00     1.752777E+01     1.752691E-02
   4.475000E-01     2.577643E+00     1.752778E+01     1.753854E-02
   4.476667E-01     2.579194E+00     1.752780E+01     1.755017E-02
   4.478333E-01     2.580746E+00     1.752781E+01     1.756180E-02
   4.480000E-01     2.582298E+00     1.752782E+01     1.757343E-02
   4.481667E-01     2.583850E+00     1.752783E+01     1.758508E-02
   4.483333E-01     2.585403E+00     1.752784E+01     1.759672E-02
   4.485000E-01     2.586957E+00     1.752785E+01     1.760837E-02
   4.486667E-01     2.588511E+00     1.752786E+01     1.762002E-02
   4.488333E-01     2.590065E+00     1.752788E+01     1.763168E-02
   4.490000E-01     2.591620E+00     1.752789E+01     1.764334E-02
   4.491667E-01     2.593176E+00     1.752790E+01     1.765501E-02
   4.493333E-01     2.594732E+00     1.752791E+01     1.766668E-02
   4.495000E-01     2.596288E+00     1.752792E+01     1.767836E-02
   4.496667E-01     2.597845E+00     1.752793E+01     1.769004E-02
   4.498333E-01     2.599402E+00     1.752795E+01     1.770172E-02
   4.500000E-01     2.600960E+00     1.752796E+01     1.771341E-02
   4.501667E-01     2.602518E+00     1.752797E+01     1.772510E-02
   4.503333E-01     2.604077E+00     1.752798E+01     1.773680E-02
   4.505000E-01     2.605636E+00     1.752799E+01     1.774850E-02
   4.506667E-01     2.607195E+00     1.752801E+01     1.776021E-02
   4.508333E-01     2.608756E+00     1.752802E+01     1.777192E-02
   4.510000E-01     2.610316E+00     1.752803E+01     1.778363E-02
   4.511667E-01     2.611877E+00     1.752804E+01     1.779535E-02
   4.513333E-01     2.613439E+00     1.752805E+01     1.780708E-02
   4.515000E-01     2.615001E+00     1.752806E+01     1.781880E-02
   4.516667E-01     2.616563E+00     1.752808E+01     1.783054E-02
   4.518333E-01     2.618126E+00     1.752809E+01     1.784227E-02
   4.520000E-01     2.619689E+00     1.752810E+01     1.785401E-02
   4.521667E-01     2.621253E+00     1.752811E+01     1.786576E-02
   4.523333E-01     2.622817E+00     1.752812E+01     1.787751E-02
   4.525000E-01     2.624382E+00     1.752813E+01     1.788926E-02
   4.526667E-01     2.625947E+00     1.752815E+01     1.790102E-02
   4.528333E-01     2.627513E+00     1.752816E+01     1.791278E-02
   4.530000E-01     2.629079E+00     1.752817E+01     1.792455E-02
   4.531667E-01     2.630646E+00     1.752818E+01     1.793632E-02
   4.533333E-01     2.632213E+00     1.752819E+01     1.794810E-02
   4.535000E-01     2.633780E+00     1.752820E+01     1.795987E-02
   4.536667E-01     2.635348E+00     1.752822E+01     1.797166E-02
   4.538333E-01     2.636917E+00     1.752823E+01     1.798345E-02
   4.540000E-01     2.638486E+00     1.752824E+01     1.799524E-02
   4.541667E-01     2.640055E+00     1.752825E+01     1.800704E-02
   4.543333E-01     2.641625E+00     1.752826E+01     1.801884E-02
   4.545000E-01     2.643195E+00     1.752828E+01     1.803065E-02
   4.546667E-01     2.644766E+00     1.752829E+01     1.804246E-02
   4.548333E-01     2.646337E+00     1.752830E+01     1.805427E-02
   4.550000E-01     2.647909E+00     1.752831E+01     1.806609E-02
   4.551667E-01     2.649481E+00     1.752832E+01     1.807791E-02
   4.553333E-01     2.651054E+00     1.752833E+01     1.808974E-02
   4.555000E-01     2.652627E+00     1.752835E+01     1.810157E-02
   4.556667E-01     2.654201E+00     1.752836E+01     1.811341E-02
   4.558333E-01     2.655775E+00     1.752837E+01     1.812525E-02
   4.560000E-01     2.657349E+00     1.752838E+01     1.813710E-02
   4.561667E-01     2.658924E+00     1.752839E+01     1.814895E-02
   4.563333E-01     2.660500E+00     1.752841E+01     1.816080E-02
   4.565000E-01     2.662076E+00     1.752842E+01     1.817266E-02
   4.566667E-01     2.663652E+00     1.752843E+01     1.818452E-02
   4.568333E-01     2.665229E+00     1.752844E+01     1.819639E-02
   4.570000E-01     2.666806E+00     1.752845E+01     1.820826E-02
   4.571667E-01     2.668384E+00     1.752847E+01     1.822014E-02
   4.573333E-01     2.669963E+00     1.752848E+01     1.823202E-02
   4.575000E-01     2.671541E+00     1.752849E+01     1.824390E-02
   4.576667E-01     2.673121E+00     1.752850E+01     1.825579E-02
   4.578333E-01     2.674700E+00     1.752851E+01     1.826769E-02
   4.580000E-01     2.676280E+00     1.752852E+01     1.827958E-02
   4.581667E-01     2.677861E+00     1.752854E+01     1.829149E-02
   4.583333E-01     2.679442E+00     1.752855E+01     1.830339E-02
   4.585000E-01     2.681024E+00     1.752856E+01     1.831530E-02
   4.586667E-01     2.682606E+00     1.752857E+01     1.832722E-02
   4.588333E-01     2.684188E+00     1.752858E+01     1.833914E-02
   4.590000E-01     2.685771E+00     1.752860E+01     1.835106E-02
   4.591667E-01     2.687354E+00     1.752861E+01     1.836299E-02
   4.593333E-01     2.688938E+00     1.752862E+01     1.837492E-02
   4.595000E-01     2.690523E+00     1.752863E+01     1.838686E-02
   4.596667E-01     2.692107E+00     1.752864E+01     1.839880E-02
   4.598333E-01     2.693693E+00     1.752866E+01     1.841075E-02
   4.600000E-01     2.695278E+00     1.752867E+01     1.842270E-02
   4.601667E-01     2.696865E+00     1.752868E+01     1.843465E-02
   4.603333E-01     2.698451E+00     1.752869E+01     1.844661E-02
   4.605000E-01     2.700038E+00     1.752870E+01     1.845858E-02
   4.606667E-01     2.701626E+00     1.752872E+01     1.847055E-02
   4.608333E-01     2.703214E+00     1.752873E+01     1.848252E-02
   4.610000E-01     2.704803E+00     1.752874E+01     1.849450E-02
   4.611667E-01     2.706392E+00     1.752875E+01     1.850648E-02
   4.613333E-01     2.707981E+00     1.752876E+01     1.851846E-02
   4.615000E-01     2.709571E+00     1.752878E+01     1.853045E-02
   4.616667E-01     2.711162E+00     1.752879E+01     1.854245E-02
   4.618333E-01     2.712752E+00     1.752880E+01     1.855445E-02
   4.620000E-01     2.714344E+00     1.752881E+01     1.856645E-02
   4.621667E-01     2.715936E+00     1.752882E+01     1.857846E-02
   4.623333E-01     2.717528E+00     1.752884E+01     1.859047E-02
   4.625000E-01     2.719121E+00     1.752885E+01     1.860248E-02
   4.626667E-01     2.720714E+00     1.752886E+01     1.861451E-02
   4.628333E-01     2.722307E+00     1.752887E+01     1.862653E-02
   4.630000E-01     2.723902E+00     1.752888E+01     1.863856E-02
   4.631667E-01     2.725496E+00     1.752890E+01     1.865059E-02
   4.633333E-01     2.727091E+00     1.752891E+01     1.866263E-02
   4.635000E-01     2.728687E+00     1.752892E+01     1.867468E-02
   4.636667E-01     2.730283E+00     1.752893E+01     1.868672E-02
   4.638333E-01     2.731879E+00     1.752894E+01     1.869877E-02
   4.640000E-01     2.733476E+00     1.752896E+01     1.871083E-02
   4.641667E-01     2.735074E+00     1.752897E+01     1.872289E-02
   4.643333E-01     2.736672E+00     1.752898E+01     1.873496E-02
   4.645000E-01     2.738270E+00     1.752899E+01     1.874703E-02
   4.646667E-01     2.739869E+00     1.752900E+01     1.875910E-02
   4.648333E-01     2.741468E+00     1.752902E+01     1.877118E-02
   4.650000E-01     2.743068E+00     1.752903E+01     1.878326E-02
   4.651667E-01     2.744668E+00     1.752904E+01     1.879535E-02
   4.653333E-01     2.746269E+00     1.752905E+01     1.880744E-02
   4.655000E-01     2.747870E+00     1.752906E+01     1.881953E-02
   4.656667E-01     2.749471E+00     1.752908E+01     1.883163E-02
   4.658333E-01     2.751073E+00     1.752909E+01     1.884374E-02
   4.660000E-01     2.752676E+00     1.752910E+01     1.885585E-02
   4.661667E-01     2.754279E+00     1.752911E+01     1.886796E-02
   4.663333E-01     2.755882E+00     1.752912E+01     1.888008E-02
   4.665000E-01     2.757486E+00     1.752914E+01     1.889220E-02
   4.666667E-01     2.759091E+00     1.752915E+01     1.890433E-02
   4.668333E-01     2.760696E+00     1.752916E+01     1.891646E-02
   4.670000E-01     2.762301E+00     1.752917E+01     1.892859E-02
   4.671667E-01     2.763907E+00     1.752919E+01     1.894073E-02
   4.673333E-01     2.765513E+00     1.752920E+01     1.895288E-02
   4.675000E-01     2.767120E+00     1.752921E+01     1.896503E-02
   4.676667E-01     2.768727E+00     1.752922E+01     1.897718E-02
   4.678333E-01     2.770335E+00     1.752923E+01     1.898934E-02
   4.680000E-01     2.771943E+00     1.752925E+01     1.900150E-02
   4.681667E-01     2.773551E+00     1.752926E+01     1.901367E-02
   4.683333E-01     2.775161E+00     1.752927E+01     1.902584E-02
   4.685000E-01     2.776770E+00     1.752928E+01     1.903801E-02
   4.686667E-01     2.778380E+00     1.752930E+01     1.905019E-02
   4.688333E-01     2.779991E+00     1.752931E+01     1.906238E-02
   4.690000E-01     2.781602E+00     1.752932E+01     1.907457E-02
   4.691667E-01     2.783213E+00     1.752933E+01     1.908676E-02
   4.693333E-01     2.784825E+00     1.752934E+01     1.909896E-02
   4.695000E-01     2.786437E+00     1.752936E+01     1.911116E-02
   4.696667E-01     2.788050E+00     1.752937E+01     1.912336E-02
   4.698333E-01     2.789663E+00     1.752938E+01     1.913558E-02
   4.700000E-01     2.791277E+00     1.752939E+01     1.914779E-02
   4.701667E-01     2.792891E+00     1.752940E+01     1.916001E-02
   4.703333E-01     2.794506E+00     1.752942E+01     1.917223E-02
   4.705000E-01     2.796121E+00     1.752943E+01     1.918446E-02
   4.706667E-01     2.797737E+00     1.752944E+01     1.919670E-02
   4.708333E-01     2.799353E+00     1.752945E+01     1.920893E-02
   4.710000E-01     2.800969E+00     1.752947E+01     1.922118E-02
   4.711667E-01     2.802586E+00     1.752948E+01     1.923342E-02
   4.713333E-01     2.804204E+00     1.752949E+01     1.924567E-02
   4.715000E-01     2.805822E+00     1.752950E+01     1.925793E-02
   4.716667E-01     2.807440E+00     1.752952E+01     1.927019E-02
   4.718333E-01     2.809059E+00     1.752953E+01     1.928245E-02
   4.720000E-01     2.810678E+00     1.752954E+01     1.929472E-02
   4.721667E-01     2.812298E+00     1.752955E+01     1.930699E-02
   4.723333E-01     2.813918E+00     1.752956E+01     1.931927E-02
   4.725000E-01     2.815539E+00     1.752958E+01     1.933155E-02
   4.726667E-01     2.817160E+00     1.752959E+01     1.934384E-02
   4.728333E-01     2.818782E+00     1.752960E+01     1.935613E-02
   4.730000E-01     2.820404E+00     1.752961E+01     1.936842E-02
   4.731667E-01     2.822027E+00     1.752963E+01     1.938072E-02
   4.733333E-01     2.823650E+00     1.752964E+01     1.939303E-02
   4.735000E-01     2.825273E+00     1.752965E+01     1.940534E-02
   4.736667E-01     2.826897E+00     1.752966E+01     1.941765E-02
   4.738333E-01     2.828522E+00     1.752967E+01     1.942997E-02
   4.740000E-01     2.830147E+00     1.752969E+01     1.944229E-02
   4.741667E-01     2.831772E+00     1.752970E+01     1.945462E-02
   4.743333E-01     2.833398E+00     1.752971E+01     1.946695E-02
   4.745000E-01     2.835024E+00     1.752972E+01     1.947928E-02
   4.746667E-01     2.836651E+00     1.752974E+01     1.949162E-02
   4.748333E-01     2.838278E+00     1.752975E+01     1.950397E-02
   4.750000E-01     2.839906E+00     1.752976E+01     1.951631E-02
   4.751667E-01     2.841534E+00     1.752977E+01     1.952867E-02
   4.753333E-01     2.843163E+00     1.752979E+01     1.954102E-02
   4.755000E-01     2.844792E+00     1.752980E+01     1.955339E-02
   4.756667E-01     2.846422E+00     1.752981E+01     1.956575E-02
   4.758333E-01     2.848052E+00     1.752982E+01     1.957812E-02
   4.760000E-01     2.849682E+00     1.752984E+01     1.959050E-02
   4.761667E-01     2.851313E+00     1.752985E+01     1.960288E-02
   4.763333E-01     2.852945E+00     1.752986E+01     1.961526E-02
   4.765000E-01     2.854577E+00     1.752987E+01     1.962765E-02
   4.766667E-01     2.856209E+00     1.752988E+01     1.964005E-02
   4.768333E-01     2.857842E+00     1.752990E+01     1.965244E-02
   4.770000E-01     2.859475E+00     1.752991E+01     1.966485E-02
   4.771667E-01     2.861109E+00     1.752992E+01     1.967725E-02
   4.773333E-01     2.862743E+00     1.752993E+01     1.968966E-02
   4.775000E-01     2.864378E+00     1.752995E+01     1.970208E-02
   4.776667E-01     2.866013E+00     1.752996E+01     1.971450E-02
   4.778333E-01     2.867649E+00     1.752997E+01     1.972692E-02
   4.780000E-01     2.869285E+00     1.752998E+01     1.973935E-02
   4.781667E-01     2.870922E+00     1.753000E+01     1.975179E-02
   4.783333E-01     2.872559E+00     1.753001E+01     1.976422E-02
   4.785000E-01     2.874196E+00     1.753002E+01     1.977667E-02
   4.786667E-01     2.875834E+00     1.753003E+01     1.978911E-02
   4.788333E-01     2.877473E+00     1.753005E+01     1.980157E-02
   4.790000E-01     2.879112E+00     1.753006E+01     1.981402E-02
   4.791667E-01     2.880751E+00     1.753007E+01     1.982648E-02
   4.793333E-01     2.882391E+00     1.753008E+01     1.983895E-02
   4.795000E-01     2.884031E+00     1.753010E+01     1.985142E-02
   4.796667E-01     2.885672E+00     1.753011E+01     1.986389E-02
   4.798333E-01     2.887314E+00     1.753012E+01     1.987637E-02
   4.800000E-01     2.888955E+00     1.753013E+01     1.988885E-02
   4.801667E-01     2.890597E+00     1.753015E+01     1.990134E-02
   4.803333E-01     2.892240E+00     1.753016E+01     1.991383E-02
   4.805000E-01     2.893883E+00     1.753017E+01     1.992633E-02
   4.806667E-01     2.895527E+00     1.753018E+01     1.993883E-02
   4.808333E-01     2.897171E+00     1.753020E+01     1.995133E-02
   4.810000E-01     2.898815E+00     1.753021E+01     1.996384E-02
   4.811667E-01     2.900460E+00     1.753022E+01     1.997636E-02
   4.813333E-01     2.902106E+00     1.753023E+01     1.998887E-02
   4.815000E-01     2.903752E+00     1.753025E+01     2.000140E-02
   4.816667E-01     2.905398E+00     1.753026E+01     2.001392E-02
   4.818333E-01     2.907045E+00     1.753027E+01     2.002646E-02
   4.820000E-01     2.908692E+00     1.753028E+01     2.003899E-02
   4.821667E-01     2.910340E+00     1.753030E+01     2.005153E-02
   4.823333E-01     2.911989E+00     1.753031E+01     2.006408E-02
   4.825000E-01     2.913637E+00     1.753032E+01     2.007663E-02
   4.826667E-01     2.915286E+00     1.753033E+01     2.008919E-02
   4.828333E-01     2.916936E+00     1.753035E+01     2.010174E-02
   4.830000E-01     2.918586E+00     1.753036E+01     2.011431E-02
   4.831667E-01     2.920237E+00     1.753037E+01     2.012688E-02
   4.833333E-01     2.921888E+00     1.753038E+01     2.013945E-02
   4.835000E-01     2.923540E+00     1.753040E+01     2.015203E-02
   4.836667E-01     2.925192E+00     1.753041E+01     2.016461E-02
   4.838333E-01     2.926844E+00     1.753042E+01     2.017719E-02
   4.840000E-01     2.928497E+00     1.753043E+01     2.018978E-02
   4.841667E-01     2.930150E+00     1.753045E+01     2.020238E-02
   4.843333E-01     2.931804E+00     1.753046E+01     2.021498E-02
   4.845000E-01     2.933459E+00     1.753047E+01     2.022758E-02
   4.846667E-01     2.935113E+00     1.753049E+01     2.024019E-02
   4.848333E-01     2.936769E+00     1.753050E+01     2.025280E-02
   4.850000E-01     2.938424E+00     1.753051E+01     2.026542E-02
   4.851667E-01     2.940081E+00     1.753052E+01     2.027804E-02
   4.853333E-01     2.941737E+00     1.753054E+01     2.029067E-02
   4.855000E-01     2.943394E+00     1.753055E+01     2.030330E-02
   4.856667E-01     2.945052E+00     1.753056E+01     2.031594E-02
   4.858333E-01     2.946710E+00     1.753057E+01     2.032858E-02
   4.860000E-01     2.948369E+00     1.753059E+01     2.034122E-02
   4.861667E-01     2.950028E+00     1.753060E+01     2.035387E-02
   4.863333E-01     2.951687E+00     1.753061E+01     2.036653E-02
   4.865000E-01     2.953347E+00     1.753062E+01     2.037918E-02
   4.866667E-01     2.955007E+00     1.753064E+01     2.039185E-02
   4.868333E-01     2.956668E+00     1.753065E+01     2.040451E-02
   4.870000E-01     2.958330E+00     1.753066E+01     2.041719E-02
   4.871667E-01     2.959991E+00     1.753067E+01     2.042986E-02
   4.873333E-01     2.961654E+00     1.753069E+01     2.044254E-02
   4.875000E-01     2.963316E+00     1.753070E+01     2.045523E-02
   4.876667E-01     2.964980E+00     1.753071E+01     2.046792E-02
   4.878333E-01     2.966643E+00     1.753073E+01     2.048061E-02
   4.880000E-01     2.968307E+00     1.753074E+01     2.049331E-02
   4.881667E-01     2.969972E+00     1.753075E+01     2.050601E-02
   4.883333E-01     2.971637E+00     1.753076E+01     2.051872E-02
   4.885000E-01     2.973303E+00     1.753078E+01     2.053143E-02
   4.886667E-01     2.974969E+00     1.753079E+01     2.054415E-02
   4.888333E-01     2.976635E+00     1.753080E+01     2.055687E-02
   4.890000E-01     2.978302E+00     1.753081E+01     2.056960E-02
   4.891667E-01     2.979969E+00     1.753083E+01     2.058233E-02
   4.893333E-01     2.981637E+00     1.753084E+01     2.059506E-02
   4.895000E-01     2.983306E+00     1.753085E+01     2.060780E-02
   4.896667E-01     2.984974E+00     1.753087E+01     2.062055E-02
   4.898333E-01     2.986644E+00     1.753088E+01     2.063330E-02
   4.900000E-01     2.988313E+00     1.753089E+01     2.064605E-02
   4.901667E-01     2.989984E+00     1.753090E+01     2.065881E-02
   4.903333E-01     2.991654E+00     1.753092E+01     2.067157E-02
   4.905000E-01     2.993325E+00     1.753093E+01     2.068434E-02
   4.906667E-01     2.994997E+00     1.753094E+01     2.069711E-02
   4.908333E-01     2.996669E+00     1.753095E+01     2.070988E-02
   4.910000E-01     2.998342E+00     1.753097E+01     2.072266E-02
   4.911667E-01     3.000015E+00     1.753098E+01     2.073545E-02
   4.913333E-01     3.001688E+00     1.753099E+01     2.074824E-02
   4.915000E-01     3.003362E+00     1.753101E+01     2.076103E-02
   4.916667E-01     3.005036E+00     1.753102E+01     2.077383E-02
   4.918333E-01     3.006711E+00     1.753103E+01     2.078663E-02
   4.920000E-01     3.008387E+00     1.753104E+01     2.079944E-02
   4.921667E-01     3.010062E+00     1.753106E+01     2.081225E-02
   4.923333E-01     3.011739E+00     1.753107E+01     2.082507E-02
   4.925000E-01     3.013415E+00     1.753108E+01     2.083789E-02
   4.926667E-01     3.015093E+00     1.753110E+01     2.085072E-02
   4.928333E-01     3.016770E+00     1.753111E+01     2.086355E-02
   4.930000E-01     3.018448E+00     1.753112E+01     2.087638E-02
   4.931667E-01     3.020127E+00     1.753113E+01     2.088922E-02
   4.933333E-01     3.021806E+00     1.753115E+01     2.090207E-02
   4.935000E-01     3.023486E+00     1.753116E+01     2.091492E-02
   4.936667E-01     3.025166E+00     1.753117E+01     2.092777E-02
   4.938333E-01     3.026846E+00     1.753119E+01     2.094063E-02
   4.940000E-01     3.028527E+00     1.753120E+01     2.095349E-02
   4.941667E-01     3.030208E+00     1.753121E+01     2.096635E-02
   4.943333E-01     3.031890E+00     1.753122E+01     2.097923E-02
   4.945000E-01     3.033573E+00     1.753124E+01     2.099210E-02
   4.946667E-01     3.035255E+00     1.753125E+01     2.100498E-02
   4.948333E-01     3.036939E+00     1.753126E+01     2.101787E-02
   4.950000E-01     3.038622E+00     1.753128E+01     2.103076E-02
   4.951667E-01     3.040307E+00     1.753129E+01     2.104365E-02
   4.953333E-01     3.041991E+00     1.753130E+01     2.105655E-02
   4.955000E-01     3.043676E+00     1.753131E+01     2.106945E-02
   4.956667E-01     3.045362E+00     1.753133E+01     2.108236E-02
   4.958333E-01     3.047048E+00     1.753134E+01     2.109527E-02
   4.960000E-01     3.048735E+00     1.753135E+01     2.110819E-02
   4.961667E-01     3.050422E+00     1.753137E+01     2.112111E-02
   4.963333E-01     3.052109E+00     1.753138E+01     2.113404E-02
   4.965000E-01     3.053797E+00     1.753139E+01     2.114697E-02
   4.966667E-01     3.055485E+00     1.753140E+01     2.115990E-02
   4.968333E-01     3.057174E+00     1.753142E+01     2.117284E-02
   4.970000E-01     3.058864E+00     1.753143E+01     2.118579E-02
   4.971667E-01     3.060553E+00     1.753144E+01     2.119873E-02
   4.973333E-01     3.062244E+00     1.753146E+01     2.121169E-02
   4.975000E-01     3.063934E+00     1.753147E+01     2.122465E-02
   4.976667E-01     3.065626E+00     1.753148E+01     2.123761E-02
   4.978333E-01     3.067317E+00     1.753150E+01     2.125058E-02
   4.980000E-01     3.069009E+00     1.753151E+01     2.126355E-02
   4.981667E-01     3.070702E+00     1.753152E+01     2.127652E-02
   4.983333E-01     3.072395E+00     1.753153E+01     2.128950E-02
   4.985000E-01     3.074089E+00     1.753155E+01     2.130249E-02
   4.986667E-01     3.075783E+00     1.753156E+01     2.131548E-02
   4.988333E-01     3.077477E+00     1.753157E+01     2.132847E-02
   4.990000E-01     3.079172E+00     1.753159E+01     2.134147E-02
   4.991667E-01     3.080867E+00     1.753160E+01     2.135448E-02
   4.993333E-01     3.082563E+00     1.753161E+01     2.136748E-02
   4.995000E-01     3.084260E+00     1.753163E+01     2.138050E-02
   4.996667E-01     3.085956E+00     1.753164E+01     2.139352E-02
   4.998333E-01     3.087654E+00     1.753165E+01     2.140654E-02
   5.000000E-01     3.089351E+00     1.753166E+01     2.141956E-02
