# sin2theta_W   A(s)   chi2   dchi2
   0.000000E+00     5.181774E-02     1.967185E+01     1.232284E+01
   1.666667E-04     5.206369E-02     1.966557E+01     1.231656E+01
   3.333333E-04     5.231021E-02     1.965928E+01     1.231027E+01
   5.000000E-04     5.255732E-02     1.965297E+01     1.230396E+01
   6.666667E-04     5.280502E-02     1.964665E+01     1.229764E+01
   8.333333E-04     5.305329E-02     1.964032E+01     1.229130E+01
   1.000000E-03     5.330215E-02     1.963397E+01     1.228495E+01
   1.166667E-03     5.355159E-02     1.962761E+01     1.227859E+01
   1.333333E-03     5.380161E-02     1.962123E+01     1.227222E+01
   1.500000E-03     5.405221E-02     1.961484E+01     1.226583E+01
   1.666667E-03     5.430340E-02     1.960844E+01     1.225942E+01
   1.833333E-03     5.455517E-02     1.960202E+01     1.225301E+01
   2.000000E-03     5.480752E-02     1.959559E+01     1.224658E+01
   2.166667E-03     5.506045E-02     1.958915E+01     1.224013E+01
   2.333333E-03     5.531397E-02     1.958269E+01     1.223368E+01
   2.500000E-03     5.556807E-02     1.957622E+01     1.222720E+01
   2.666667E-03     5.582275E-02     1.956974E+01     1.222072E+01
   2.833333E-03     5.607801E-02     1.956324E+01     1.221422E+01
   3.000000E-03     5.633385E-02     1.955673E+01     1.220771E+01
   3.166667E-03     5.659028E-02     1.955020E+01     1.220118E+01
   3.333333E-03     5.684729E-02     1.954366E+01     1.219464E+01
   3.500000E-03     5.710488E-02     1.953711E+01     1.218809E+01
   3.666667E-03     5.736305E-02     1.953054E+01     1.218153E+01
   3.833333E-03     5.762181E-02     1.952396E+01     1.217495E+01
   4.000000E-03     5.788115E-02     1.951737E+01     1.216835E+01
   4.166667E-03     5.814107E-02     1.951076E+01     1.216174E+01
   4.333333E-03     5.840157E-02     1.950414E+01     1.215512E+01
   4.500000E-03     5.866266E-02     1.949751E+01     1.214849E+01
   4.666667E-03     5.892432E-02     1.949086E+01     1.214184E+01
   4.833333E-03     5.918657E-02     1.948420E+01     1.213518E+01
   5.000000E-03     5.944941E-02     1.947752E+01     1.212851E+01
   5.166667E-03     5.971282E-02     1.947083E+01     1.212182E+01
   5.333333E-03     5.997682E-02     1.946413E+01     1.211512E+01
   5.500000E-03     6.024140E-02     1.945742E+01     1.210840E+01
   5.666667E-03     6.050656E-02     1.945069E+01     1.210167E+01
   5.833333E-03     6.077230E-02     1.944395E+01     1.209493E+01
   6.000000E-03     6.103863E-02     1.943719E+01     1.208818E+01
   6.166667E-03     6.130554E-02     1.943042E+01     1.208141E+01
   6.333333E-03     6.157303E-02     1.942364E+01     1.207463E+01
   6.500000E-03     6.184110E-02     1.941685E+01     1.206783E+01
   6.666667E-03     6.210975E-02     1.941004E+01     1.206102E+01
   6.833333E-03     6.237899E-02     1.940322E+01     1.205420E+01
   7.000000E-03     6.264881E-02     1.939638E+01     1.204736E+01
   7.166667E-03     6.291921E-02     1.938953E+01     1.204051E+01
   7.333333E-03     6.319020E-02     1.938267E+01     1.203365E+01
   7.500000E-03     6.346176E-02     1.937579E+01     1.202678E+01
   7.666667E-03     6.373391E-02     1.936890E+01     1.201989E+01
   7.833333E-03     6.400664E-02     1.936200E+01     1.201298E+01
   8.000000E-03     6.427996E-02     1.935508E+01     1.200607E+01
   8.166667E-03     6.455385E-02     1.934816E+01     1.199914E+01
   8.333333E-03     6.482833E-02     1.934121E+01     1.199220E+01
   8.500000E-03     6.510339E-02     1.933426E+01     1.198524E+01
   8.666667E-03     6.537903E-02     1.932729E+01     1.197827E+01
   8.833333E-03     6.565526E-02     1.932031E+01     1.197129E+01
   9.000000E-03     6.593206E-02     1.931331E+01     1.196430E+01
   9.166667E-03     6.620945E-02     1.930630E+01     1.195729E+01
   9.333333E-03     6.648743E-02     1.929928E+01     1.195027E+01
   9.500000E-03     6.676598E-02     1.929225E+01     1.194323E+01
   9.666667E-03     6.704512E-02     1.928520E+01     1.193618E+01
   9.833333E-03     6.732483E-02     1.927814E+01     1.192912E+01
   1.000000E-02     6.760513E-02     1.927106E+01     1.192205E+01
   1.016667E-02     6.788602E-02     1.926397E+01     1.191496E+01
   1.033333E-02     6.816748E-02     1.925687E+01     1.190786E+01
   1.050000E-02     6.844953E-02     1.924976E+01     1.190074E+01
   1.066667E-02     6.873216E-02     1.924263E+01     1.189362E+01
   1.083333E-02     6.901537E-02     1.923549E+01     1.188648E+01
   1.100000E-02     6.929917E-02     1.922834E+01     1.187932E+01
   1.116667E-02     6.958354E-02     1.922117E+01     1.187216E+01
   1.133333E-02     6.986850E-02     1.921399E+01     1.186498E+01
   1.150000E-02     7.015405E-02     1.920680E+01     1.185778E+01
   1.166667E-02     7.044017E-02     1.919959E+01     1.185058E+01
   1.183333E-02     7.072688E-02     1.919237E+01     1.184336E+01
   1.200000E-02     7.101416E-02     1.918514E+01     1.183613E+01
   1.216667E-02     7.130203E-02     1.917790E+01     1.182888E+01
   1.233333E-02     7.159049E-02     1.917064E+01     1.182162E+01
   1.250000E-02     7.187952E-02     1.916337E+01     1.181435E+01
   1.266667E-02     7.216914E-02     1.915608E+01     1.180707E+01
   1.283333E-02     7.245934E-02     1.914879E+01     1.179977E+01
   1.300000E-02     7.275012E-02     1.914148E+01     1.179246E+01
   1.316667E-02     7.304149E-02     1.913415E+01     1.178514E+01
   1.333333E-02     7.333343E-02     1.912682E+01     1.177780E+01
   1.350000E-02     7.362596E-02     1.911947E+01     1.177045E+01
   1.366667E-02     7.391907E-02     1.911211E+01     1.176309E+01
   1.383333E-02     7.421277E-02     1.910473E+01     1.175571E+01
   1.400000E-02     7.450704E-02     1.909734E+01     1.174833E+01
   1.416667E-02     7.480190E-02     1.908994E+01     1.174093E+01
   1.433333E-02     7.509734E-02     1.908253E+01     1.173351E+01
   1.450000E-02     7.539336E-02     1.907510E+01     1.172609E+01
   1.466667E-02     7.568997E-02     1.906766E+01     1.171865E+01
   1.483333E-02     7.598716E-02     1.906021E+01     1.171119E+01
   1.500000E-02     7.628493E-02     1.905274E+01     1.170373E+01
   1.516667E-02     7.658328E-02     1.904527E+01     1.169625E+01
   1.533333E-02     7.688221E-02     1.903778E+01     1.168876E+01
   1.550000E-02     7.718173E-02     1.903027E+01     1.168126E+01
   1.566667E-02     7.748183E-02     1.902276E+01     1.167374E+01
   1.583333E-02     7.778251E-02     1.901523E+01     1.166621E+01
   1.600000E-02     7.808377E-02     1.900768E+01     1.165867E+01
   1.616667E-02     7.838562E-02     1.900013E+01     1.165111E+01
   1.633333E-02     7.868805E-02     1.899256E+01     1.164355E+01
   1.650000E-02     7.899106E-02     1.898498E+01     1.163597E+01
   1.666667E-02     7.929465E-02     1.897739E+01     1.162837E+01
   1.683333E-02     7.959882E-02     1.896978E+01     1.162077E+01
   1.700000E-02     7.990358E-02     1.896216E+01     1.161315E+01
   1.716667E-02     8.020892E-02     1.895453E+01     1.160552E+01
   1.733333E-02     8.051484E-02     1.894689E+01     1.159787E+01
   1.750000E-02     8.082135E-02     1.893923E+01     1.159022E+01
   1.766667E-02     8.112843E-02     1.893156E+01     1.158255E+01
   1.783333E-02     8.143610E-02     1.892388E+01     1.157487E+01
   1.800000E-02     8.174435E-02     1.891619E+01     1.156717E+01
   1.816667E-02     8.205318E-02     1.890848E+01     1.155946E+01
   1.833333E-02     8.236260E-02     1.890076E+01     1.155174E+01
   1.850000E-02     8.267260E-02     1.889303E+01     1.154401E+01
   1.866667E-02     8.298318E-02     1.888528E+01     1.153627E+01
   1.883333E-02     8.329434E-02     1.887753E+01     1.152851E+01
   1.900000E-02     8.360608E-02     1.886975E+01     1.152074E+01
   1.916667E-02     8.391841E-02     1.886197E+01     1.151296E+01
   1.933333E-02     8.423132E-02     1.885418E+01     1.150516E+01
   1.950000E-02     8.454481E-02     1.884637E+01     1.149735E+01
   1.966667E-02     8.485889E-02     1.883855E+01     1.148953E+01
   1.983333E-02     8.517354E-02     1.883072E+01     1.148170E+01
   2.000000E-02     8.548878E-02     1.882287E+01     1.147386E+01
   2.016667E-02     8.580460E-02     1.881501E+01     1.146600E+01
   2.033333E-02     8.612100E-02     1.880714E+01     1.145813E+01
   2.050000E-02     8.643799E-02     1.879926E+01     1.145024E+01
   2.066667E-02     8.675556E-02     1.879137E+01     1.144235E+01
   2.083333E-02     8.707371E-02     1.878346E+01     1.143444E+01
   2.100000E-02     8.739244E-02     1.877554E+01     1.142652E+01
   2.116667E-02     8.771175E-02     1.876761E+01     1.141859E+01
   2.133333E-02     8.803165E-02     1.875966E+01     1.141065E+01
   2.150000E-02     8.835213E-02     1.875170E+01     1.140269E+01
   2.166667E-02     8.867319E-02     1.874373E+01     1.139472E+01
   2.183333E-02     8.899483E-02     1.873575E+01     1.138674E+01
   2.200000E-02     8.931706E-02     1.872776E+01     1.137874E+01
   2.216667E-02     8.963987E-02     1.871975E+01     1.137074E+01
   2.233333E-02     8.996326E-02     1.871173E+01     1.136272E+01
   2.250000E-02     9.028723E-02     1.870370E+01     1.135469E+01
   2.266667E-02     9.061179E-02     1.869566E+01     1.134664E+01
   2.283333E-02     9.093692E-02     1.868760E+01     1.133859E+01
   2.300000E-02     9.126264E-02     1.867954E+01     1.133052E+01
   2.316667E-02     9.158895E-02     1.867146E+01     1.132244E+01
   2.333333E-02     9.191583E-02     1.866336E+01     1.131435E+01
   2.350000E-02     9.224330E-02     1.865526E+01     1.130624E+01
   2.366667E-02     9.257134E-02     1.864714E+01     1.129813E+01
   2.383333E-02     9.289998E-02     1.863901E+01     1.129000E+01
   2.400000E-02     9.322919E-02     1.863087E+01     1.128186E+01
   2.416667E-02     9.355898E-02     1.862272E+01     1.127370E+01
   2.433333E-02     9.388936E-02     1.861455E+01     1.126554E+01
   2.450000E-02     9.422032E-02     1.860638E+01     1.125736E+01
   2.466667E-02     9.455187E-02     1.859819E+01     1.124917E+01
   2.483333E-02     9.488399E-02     1.858998E+01     1.124097E+01
   2.500000E-02     9.521670E-02     1.858177E+01     1.123275E+01
   2.516667E-02     9.554999E-02     1.857354E+01     1.122453E+01
   2.533333E-02     9.588386E-02     1.856531E+01     1.121629E+01
   2.550000E-02     9.621831E-02     1.855706E+01     1.120804E+01
   2.566667E-02     9.655335E-02     1.854879E+01     1.119978E+01
   2.583333E-02     9.688897E-02     1.854052E+01     1.119150E+01
   2.600000E-02     9.722517E-02     1.853223E+01     1.118322E+01
   2.616667E-02     9.756195E-02     1.852394E+01     1.117492E+01
   2.633333E-02     9.789932E-02     1.851563E+01     1.116661E+01
   2.650000E-02     9.823726E-02     1.850730E+01     1.115829E+01
   2.666667E-02     9.857580E-02     1.849897E+01     1.114995E+01
   2.683333E-02     9.891491E-02     1.849062E+01     1.114161E+01
   2.700000E-02     9.925460E-02     1.848227E+01     1.113325E+01
   2.716667E-02     9.959488E-02     1.847390E+01     1.112488E+01
   2.733333E-02     9.993574E-02     1.846551E+01     1.111650E+01
   2.750000E-02     1.002772E-01     1.845712E+01     1.110810E+01
   2.766667E-02     1.006192E-01     1.844872E+01     1.109970E+01
   2.783333E-02     1.009618E-01     1.844030E+01     1.109128E+01
   2.800000E-02     1.013050E-01     1.843187E+01     1.108285E+01
   2.816667E-02     1.016488E-01     1.842343E+01     1.107441E+01
   2.833333E-02     1.019931E-01     1.841498E+01     1.106596E+01
   2.850000E-02     1.023381E-01     1.840651E+01     1.105749E+01
   2.866667E-02     1.026836E-01     1.839803E+01     1.104902E+01
   2.883333E-02     1.030297E-01     1.838955E+01     1.104053E+01
   2.900000E-02     1.033764E-01     1.838105E+01     1.103203E+01
   2.916667E-02     1.037236E-01     1.837253E+01     1.102352E+01
   2.933333E-02     1.040715E-01     1.836401E+01     1.101500E+01
   2.950000E-02     1.044199E-01     1.835548E+01     1.100646E+01
   2.966667E-02     1.047689E-01     1.834693E+01     1.099791E+01
   2.983333E-02     1.051185E-01     1.833837E+01     1.098936E+01
   3.000000E-02     1.054687E-01     1.832980E+01     1.098079E+01
   3.016667E-02     1.058194E-01     1.832122E+01     1.097220E+01
   3.033333E-02     1.061708E-01     1.831263E+01     1.096361E+01
   3.050000E-02     1.065227E-01     1.830402E+01     1.095501E+01
   3.066667E-02     1.068752E-01     1.829540E+01     1.094639E+01
   3.083333E-02     1.072283E-01     1.828678E+01     1.093776E+01
   3.100000E-02     1.075820E-01     1.827814E+01     1.092912E+01
   3.116667E-02     1.079362E-01     1.826949E+01     1.092047E+01
   3.133333E-02     1.082910E-01     1.826082E+01     1.091181E+01
   3.150000E-02     1.086465E-01     1.825215E+01     1.090313E+01
   3.166667E-02     1.090025E-01     1.824346E+01     1.089445E+01
   3.183333E-02     1.093590E-01     1.823477E+01     1.088575E+01
   3.200000E-02     1.097162E-01     1.822606E+01     1.087704E+01
   3.216667E-02     1.100740E-01     1.821734E+01     1.086832E+01
   3.233333E-02     1.104323E-01     1.820860E+01     1.085959E+01
   3.250000E-02     1.107912E-01     1.819986E+01     1.085085E+01
   3.266667E-02     1.111507E-01     1.819111E+01     1.084209E+01
   3.283333E-02     1.115108E-01     1.818234E+01     1.083333E+01
   3.300000E-02     1.118714E-01     1.817356E+01     1.082455E+01
   3.316667E-02     1.122327E-01     1.816478E+01     1.081576E+01
   3.333333E-02     1.125945E-01     1.815598E+01     1.080696E+01
   3.350000E-02     1.129569E-01     1.814716E+01     1.079815E+01
   3.366667E-02     1.133199E-01     1.813834E+01     1.078933E+01
   3.383333E-02     1.136834E-01     1.812951E+01     1.078049E+01
   3.400000E-02     1.140476E-01     1.812066E+01     1.077165E+01
   3.416667E-02     1.144123E-01     1.811181E+01     1.076279E+01
   3.433333E-02     1.147776E-01     1.810294E+01     1.075392E+01
   3.450000E-02     1.151435E-01     1.809406E+01     1.074504E+01
   3.466667E-02     1.155100E-01     1.808517E+01     1.073615E+01
   3.483333E-02     1.158771E-01     1.807627E+01     1.072725E+01
   3.500000E-02     1.162447E-01     1.806735E+01     1.071834E+01
   3.516667E-02     1.166129E-01     1.805843E+01     1.070941E+01
   3.533333E-02     1.169818E-01     1.804950E+01     1.070048E+01
   3.550000E-02     1.173511E-01     1.804055E+01     1.069153E+01
   3.566667E-02     1.177211E-01     1.803159E+01     1.068258E+01
   3.583333E-02     1.180917E-01     1.802262E+01     1.067361E+01
   3.600000E-02     1.184628E-01     1.801364E+01     1.066463E+01
   3.616667E-02     1.188345E-01     1.800465E+01     1.065564E+01
   3.633333E-02     1.192068E-01     1.799565E+01     1.064664E+01
   3.650000E-02     1.195797E-01     1.798664E+01     1.063762E+01
   3.666667E-02     1.199532E-01     1.797762E+01     1.062860E+01
   3.683333E-02     1.203272E-01     1.796858E+01     1.061957E+01
   3.700000E-02     1.207019E-01     1.795954E+01     1.061052E+01
   3.716667E-02     1.210771E-01     1.795048E+01     1.060146E+01
   3.733333E-02     1.214529E-01     1.794141E+01     1.059240E+01
   3.750000E-02     1.218293E-01     1.793233E+01     1.058332E+01
   3.766667E-02     1.222062E-01     1.792324E+01     1.057423E+01
   3.783333E-02     1.225838E-01     1.791414E+01     1.056513E+01
   3.800000E-02     1.229619E-01     1.790503E+01     1.055602E+01
   3.816667E-02     1.233406E-01     1.789591E+01     1.054689E+01
   3.833333E-02     1.237199E-01     1.788678E+01     1.053776E+01
   3.850000E-02     1.240998E-01     1.787763E+01     1.052862E+01
   3.866667E-02     1.244802E-01     1.786848E+01     1.051946E+01
   3.883333E-02     1.248613E-01     1.785931E+01     1.051030E+01
   3.900000E-02     1.252429E-01     1.785014E+01     1.050112E+01
   3.916667E-02     1.256251E-01     1.784095E+01     1.049193E+01
   3.933333E-02     1.260079E-01     1.783175E+01     1.048274E+01
   3.950000E-02     1.263912E-01     1.782254E+01     1.047353E+01
   3.966667E-02     1.267752E-01     1.781332E+01     1.046431E+01
   3.983333E-02     1.271597E-01     1.780409E+01     1.045508E+01
   4.000000E-02     1.275448E-01     1.779485E+01     1.044584E+01
   4.016667E-02     1.279305E-01     1.778560E+01     1.043659E+01
   4.033333E-02     1.283168E-01     1.777634E+01     1.042732E+01
   4.050000E-02     1.287037E-01     1.776707E+01     1.041805E+01
   4.066667E-02     1.290911E-01     1.775778E+01     1.040877E+01
   4.083333E-02     1.294791E-01     1.774849E+01     1.039948E+01
   4.100000E-02     1.298677E-01     1.773919E+01     1.039017E+01
   4.116667E-02     1.302569E-01     1.772987E+01     1.038086E+01
   4.133333E-02     1.306467E-01     1.772055E+01     1.037153E+01
   4.150000E-02     1.310371E-01     1.771121E+01     1.036219E+01
   4.166667E-02     1.314280E-01     1.770186E+01     1.035285E+01
   4.183333E-02     1.318195E-01     1.769251E+01     1.034349E+01
   4.200000E-02     1.322116E-01     1.768314E+01     1.033412E+01
   4.216667E-02     1.326043E-01     1.767376E+01     1.032475E+01
   4.233333E-02     1.329976E-01     1.766437E+01     1.031536E+01
   4.250000E-02     1.333914E-01     1.765497E+01     1.030596E+01
   4.266667E-02     1.337858E-01     1.764557E+01     1.029655E+01
   4.283333E-02     1.341808E-01     1.763615E+01     1.028713E+01
   4.300000E-02     1.345764E-01     1.762672E+01     1.027770E+01
   4.316667E-02     1.349726E-01     1.761728E+01     1.026826E+01
   4.333333E-02     1.353694E-01     1.760783E+01     1.025881E+01
   4.350000E-02     1.357667E-01     1.759836E+01     1.024935E+01
   4.366667E-02     1.361646E-01     1.758889E+01     1.023988E+01
   4.383333E-02     1.365631E-01     1.757941E+01     1.023040E+01
   4.400000E-02     1.369622E-01     1.756992E+01     1.022090E+01
   4.416667E-02     1.373619E-01     1.756042E+01     1.021140E+01
   4.433333E-02     1.377622E-01     1.755091E+01     1.020189E+01
   4.450000E-02     1.381630E-01     1.754138E+01     1.019237E+01
   4.466667E-02     1.385644E-01     1.753185E+01     1.018284E+01
   4.483333E-02     1.389664E-01     1.752231E+01     1.017329E+01
   4.500000E-02     1.393690E-01     1.751276E+01     1.016374E+01
   4.516667E-02     1.397722E-01     1.750319E+01     1.015418E+01
   4.533333E-02     1.401759E-01     1.749362E+01     1.014460E+01
   4.550000E-02     1.405802E-01     1.748404E+01     1.013502E+01
   4.566667E-02     1.409851E-01     1.747444E+01     1.012543E+01
   4.583333E-02     1.413906E-01     1.746484E+01     1.011583E+01
   4.600000E-02     1.417967E-01     1.745523E+01     1.010621E+01
   4.616667E-02     1.422034E-01     1.744560E+01     1.009659E+01
   4.633333E-02     1.426106E-01     1.743597E+01     1.008696E+01
   4.650000E-02     1.430184E-01     1.742633E+01     1.007731E+01
   4.666667E-02     1.434268E-01     1.741668E+01     1.006766E+01
   4.683333E-02     1.438358E-01     1.740701E+01     1.005800E+01
   4.700000E-02     1.442454E-01     1.739734E+01     1.004832E+01
   4.716667E-02     1.446556E-01     1.738766E+01     1.003864E+01
   4.733333E-02     1.450663E-01     1.737796E+01     1.002895E+01
   4.750000E-02     1.454776E-01     1.736826E+01     1.001925E+01
   4.766667E-02     1.458895E-01     1.735855E+01     1.000953E+01
   4.783333E-02     1.463020E-01     1.734883E+01     9.999812E+00
   4.800000E-02     1.467150E-01     1.733910E+01     9.990080E+00
   4.816667E-02     1.471287E-01     1.732935E+01     9.980338E+00
   4.833333E-02     1.475429E-01     1.731960E+01     9.970587E+00
   4.850000E-02     1.479577E-01     1.730984E+01     9.960825E+00
   4.866667E-02     1.483731E-01     1.730007E+01     9.951055E+00
   4.883333E-02     1.487891E-01     1.729029E+01     9.941274E+00
   4.900000E-02     1.492057E-01     1.728050E+01     9.931484E+00
   4.916667E-02     1.496228E-01     1.727070E+01     9.921684E+00
   4.933333E-02     1.500405E-01     1.726089E+01     9.911874E+00
   4.950000E-02     1.504588E-01     1.725107E+01     9.902055E+00
   4.966667E-02     1.508777E-01     1.724124E+01     9.892226E+00
   4.983333E-02     1.512972E-01     1.723140E+01     9.882388E+00
   5.000000E-02     1.517172E-01     1.722156E+01     9.872540E+00
   5.016667E-02     1.521379E-01     1.721170E+01     9.862683E+00
   5.033333E-02     1.525591E-01     1.720183E+01     9.852816E+00
   5.050000E-02     1.529809E-01     1.719196E+01     9.842940E+00
   5.066667E-02     1.534033E-01     1.718207E+01     9.833054E+00
   5.083333E-02     1.538262E-01     1.717217E+01     9.823159E+00
   5.100000E-02     1.542498E-01     1.716227E+01     9.813254E+00
   5.116667E-02     1.546739E-01     1.715236E+01     9.803340E+00
   5.133333E-02     1.550986E-01     1.714243E+01     9.793416E+00
   5.150000E-02     1.555239E-01     1.713250E+01     9.783484E+00
   5.166667E-02     1.559498E-01     1.712256E+01     9.773541E+00
   5.183333E-02     1.563762E-01     1.711261E+01     9.763590E+00
   5.200000E-02     1.568033E-01     1.710264E+01     9.753629E+00
   5.216667E-02     1.572309E-01     1.709267E+01     9.743659E+00
   5.233333E-02     1.576591E-01     1.708270E+01     9.733680E+00
   5.250000E-02     1.580879E-01     1.707271E+01     9.723691E+00
   5.266667E-02     1.585172E-01     1.706271E+01     9.713693E+00
   5.283333E-02     1.589472E-01     1.705270E+01     9.703686E+00
   5.300000E-02     1.593777E-01     1.704269E+01     9.693670E+00
   5.316667E-02     1.598088E-01     1.703266E+01     9.683645E+00
   5.333333E-02     1.602405E-01     1.702263E+01     9.673610E+00
   5.350000E-02     1.606728E-01     1.701258E+01     9.663567E+00
   5.366667E-02     1.611057E-01     1.700253E+01     9.653514E+00
   5.383333E-02     1.615391E-01     1.699247E+01     9.643452E+00
   5.400000E-02     1.619731E-01     1.698240E+01     9.633381E+00
   5.416667E-02     1.624077E-01     1.697232E+01     9.623301E+00
   5.433333E-02     1.628429E-01     1.696223E+01     9.613213E+00
   5.450000E-02     1.632787E-01     1.695213E+01     9.603115E+00
   5.466667E-02     1.637151E-01     1.694202E+01     9.593008E+00
   5.483333E-02     1.641520E-01     1.693191E+01     9.582892E+00
   5.500000E-02     1.645895E-01     1.692178E+01     9.572768E+00
   5.516667E-02     1.650276E-01     1.691165E+01     9.562634E+00
   5.533333E-02     1.654663E-01     1.690151E+01     9.552492E+00
   5.550000E-02     1.659056E-01     1.689136E+01     9.542340E+00
   5.566667E-02     1.663454E-01     1.688120E+01     9.532180E+00
   5.583333E-02     1.667859E-01     1.687103E+01     9.522011E+00
   5.600000E-02     1.672269E-01     1.686085E+01     9.511834E+00
   5.616667E-02     1.676685E-01     1.685066E+01     9.501647E+00
   5.633333E-02     1.681106E-01     1.684047E+01     9.491452E+00
   5.650000E-02     1.685534E-01     1.683026E+01     9.481248E+00
   5.666667E-02     1.689967E-01     1.682005E+01     9.471035E+00
   5.683333E-02     1.694407E-01     1.680983E+01     9.460814E+00
   5.700000E-02     1.698852E-01     1.679960E+01     9.450584E+00
   5.716667E-02     1.703303E-01     1.678936E+01     9.440346E+00
   5.733333E-02     1.707759E-01     1.677911E+01     9.430098E+00
   5.750000E-02     1.712222E-01     1.676886E+01     9.419843E+00
   5.766667E-02     1.716690E-01     1.675859E+01     9.409578E+00
   5.783333E-02     1.721164E-01     1.674832E+01     9.399305E+00
   5.800000E-02     1.725644E-01     1.673804E+01     9.389024E+00
   5.816667E-02     1.730130E-01     1.672775E+01     9.378734E+00
   5.833333E-02     1.734622E-01     1.671745E+01     9.368436E+00
   5.850000E-02     1.739119E-01     1.670714E+01     9.358129E+00
   5.866667E-02     1.743623E-01     1.669683E+01     9.347813E+00
   5.883333E-02     1.748132E-01     1.668651E+01     9.337490E+00
   5.900000E-02     1.752647E-01     1.667617E+01     9.327158E+00
   5.916667E-02     1.757168E-01     1.666583E+01     9.316817E+00
   5.933333E-02     1.761694E-01     1.665548E+01     9.306468E+00
   5.950000E-02     1.766227E-01     1.664513E+01     9.296111E+00
   5.966667E-02     1.770765E-01     1.663476E+01     9.285746E+00
   5.983333E-02     1.775309E-01     1.662439E+01     9.275372E+00
   6.000000E-02     1.779859E-01     1.661401E+01     9.264990E+00
   6.016667E-02     1.784414E-01     1.660362E+01     9.254600E+00
   6.033333E-02     1.788976E-01     1.659322E+01     9.244202E+00
   6.050000E-02     1.793543E-01     1.658281E+01     9.233795E+00
   6.066667E-02     1.798117E-01     1.657240E+01     9.223381E+00
   6.083333E-02     1.802696E-01     1.656197E+01     9.212958E+00
   6.100000E-02     1.807280E-01     1.655154E+01     9.202527E+00
   6.116667E-02     1.811871E-01     1.654110E+01     9.192088E+00
   6.133333E-02     1.816467E-01     1.653066E+01     9.181641E+00
   6.150000E-02     1.821070E-01     1.652020E+01     9.171186E+00
   6.166667E-02     1.825678E-01     1.650974E+01     9.160723E+00
   6.183333E-02     1.830292E-01     1.649927E+01     9.150252E+00
   6.200000E-02     1.834912E-01     1.648879E+01     9.139773E+00
   6.216667E-02     1.839537E-01     1.647830E+01     9.129286E+00
   6.233333E-02     1.844169E-01     1.646781E+01     9.118791E+00
   6.250000E-02     1.848806E-01     1.645730E+01     9.108288E+00
   6.266667E-02     1.853449E-01     1.644679E+01     9.097777E+00
   6.283333E-02     1.858098E-01     1.643627E+01     9.087259E+00
   6.300000E-02     1.862752E-01     1.642575E+01     9.076732E+00
   6.316667E-02     1.867413E-01     1.641521E+01     9.066198E+00
   6.333333E-02     1.872079E-01     1.640467E+01     9.055656E+00
   6.350000E-02     1.876751E-01     1.639412E+01     9.045107E+00
   6.366667E-02     1.881429E-01     1.638356E+01     9.034549E+00
   6.383333E-02     1.886113E-01     1.637300E+01     9.023984E+00
   6.400000E-02     1.890803E-01     1.636243E+01     9.013411E+00
   6.416667E-02     1.895498E-01     1.635185E+01     9.002831E+00
   6.433333E-02     1.900200E-01     1.634126E+01     8.992243E+00
   6.450000E-02     1.904907E-01     1.633066E+01     8.981647E+00
   6.466667E-02     1.909620E-01     1.632006E+01     8.971044E+00
   6.483333E-02     1.914338E-01     1.630945E+01     8.960433E+00
   6.500000E-02     1.919063E-01     1.629883E+01     8.949815E+00
   6.516667E-02     1.923793E-01     1.628820E+01     8.939189E+00
   6.533333E-02     1.928530E-01     1.627757E+01     8.928555E+00
   6.550000E-02     1.933272E-01     1.626693E+01     8.917915E+00
   6.566667E-02     1.938020E-01     1.625628E+01     8.907266E+00
   6.583333E-02     1.942773E-01     1.624563E+01     8.896611E+00
   6.600000E-02     1.947533E-01     1.623496E+01     8.885948E+00
   6.616667E-02     1.952298E-01     1.622429E+01     8.875277E+00
   6.633333E-02     1.957069E-01     1.621362E+01     8.864600E+00
   6.650000E-02     1.961846E-01     1.620293E+01     8.853915E+00
   6.666667E-02     1.966629E-01     1.619224E+01     8.843223E+00
   6.683333E-02     1.971418E-01     1.618154E+01     8.832523E+00
   6.700000E-02     1.976212E-01     1.617083E+01     8.821816E+00
   6.716667E-02     1.981012E-01     1.616012E+01     8.811102E+00
   6.733333E-02     1.985818E-01     1.614940E+01     8.800381E+00
   6.750000E-02     1.990630E-01     1.613867E+01     8.789653E+00
   6.766667E-02     1.995448E-01     1.612793E+01     8.778917E+00
   6.783333E-02     2.000272E-01     1.611719E+01     8.768175E+00
   6.800000E-02     2.005101E-01     1.610644E+01     8.757425E+00
   6.816667E-02     2.009936E-01     1.609568E+01     8.746668E+00
   6.833333E-02     2.014777E-01     1.608492E+01     8.735905E+00
   6.850000E-02     2.019624E-01     1.607415E+01     8.725134E+00
   6.866667E-02     2.024477E-01     1.606337E+01     8.714356E+00
   6.883333E-02     2.029335E-01     1.605259E+01     8.703572E+00
   6.900000E-02     2.034200E-01     1.604180E+01     8.692780E+00
   6.916667E-02     2.039070E-01     1.603100E+01     8.681981E+00
   6.933333E-02     2.043946E-01     1.602019E+01     8.671176E+00
   6.950000E-02     2.048828E-01     1.600938E+01     8.660364E+00
   6.966667E-02     2.053715E-01     1.599856E+01     8.649545E+00
   6.983333E-02     2.058609E-01     1.598773E+01     8.638719E+00
   7.000000E-02     2.063508E-01     1.597690E+01     8.627886E+00
   7.016667E-02     2.068413E-01     1.596606E+01     8.617047E+00
   7.033333E-02     2.073324E-01     1.595522E+01     8.606201E+00
   7.050000E-02     2.078241E-01     1.594436E+01     8.595348E+00
   7.066667E-02     2.083163E-01     1.593350E+01     8.584489E+00
   7.083333E-02     2.088091E-01     1.592264E+01     8.573623E+00
   7.100000E-02     2.093026E-01     1.591177E+01     8.562750E+00
   7.116667E-02     2.097966E-01     1.590089E+01     8.551871E+00
   7.133333E-02     2.102912E-01     1.589000E+01     8.540985E+00
   7.150000E-02     2.107863E-01     1.587911E+01     8.530093E+00
   7.166667E-02     2.112821E-01     1.586821E+01     8.519194E+00
   7.183333E-02     2.117784E-01     1.585730E+01     8.508288E+00
   7.200000E-02     2.122753E-01     1.584639E+01     8.497376E+00
   7.216667E-02     2.127728E-01     1.583547E+01     8.486458E+00
   7.233333E-02     2.132709E-01     1.582455E+01     8.475534E+00
   7.250000E-02     2.137695E-01     1.581362E+01     8.464603E+00
   7.266667E-02     2.142688E-01     1.580268E+01     8.453665E+00
   7.283333E-02     2.147686E-01     1.579174E+01     8.442721E+00
   7.300000E-02     2.152690E-01     1.578079E+01     8.431771E+00
   7.316667E-02     2.157700E-01     1.576983E+01     8.420815E+00
   7.333333E-02     2.162716E-01     1.575887E+01     8.409853E+00
   7.350000E-02     2.167737E-01     1.574790E+01     8.398884E+00
   7.366667E-02     2.172765E-01     1.573692E+01     8.387909E+00
   7.383333E-02     2.177798E-01     1.572594E+01     8.376928E+00
   7.400000E-02     2.182837E-01     1.571496E+01     8.365941E+00
   7.416667E-02     2.187882E-01     1.570396E+01     8.354948E+00
   7.433333E-02     2.192932E-01     1.569296E+01     8.343948E+00
   7.450000E-02     2.197989E-01     1.568196E+01     8.332943E+00
   7.466667E-02     2.203051E-01     1.567095E+01     8.321931E+00
   7.483333E-02     2.208119E-01     1.565993E+01     8.310914E+00
   7.500000E-02     2.213193E-01     1.564891E+01     8.299890E+00
   7.516667E-02     2.218273E-01     1.563788E+01     8.288861E+00
   7.533333E-02     2.223359E-01     1.562684E+01     8.277826E+00
   7.550000E-02     2.228450E-01     1.561580E+01     8.266785E+00
   7.566667E-02     2.233547E-01     1.560475E+01     8.255738E+00
   7.583333E-02     2.238650E-01     1.559370E+01     8.244685E+00
   7.600000E-02     2.243759E-01     1.558264E+01     8.233626E+00
   7.616667E-02     2.248874E-01     1.557158E+01     8.222562E+00
   7.633333E-02     2.253994E-01     1.556051E+01     8.211492E+00
   7.650000E-02     2.259121E-01     1.554943E+01     8.200416E+00
   7.666667E-02     2.264253E-01     1.553835E+01     8.189334E+00
   7.683333E-02     2.269391E-01     1.552726E+01     8.178247E+00
   7.700000E-02     2.274535E-01     1.551617E+01     8.167154E+00
   7.716667E-02     2.279684E-01     1.550507E+01     8.156056E+00
   7.733333E-02     2.284840E-01     1.549397E+01     8.144952E+00
   7.750000E-02     2.290001E-01     1.548286E+01     8.133842E+00
   7.766667E-02     2.295168E-01     1.547174E+01     8.122727E+00
   7.783333E-02     2.300341E-01     1.546062E+01     8.111606E+00
   7.800000E-02     2.305520E-01     1.544950E+01     8.100480E+00
   7.816667E-02     2.310705E-01     1.543836E+01     8.089349E+00
   7.833333E-02     2.315895E-01     1.542723E+01     8.078212E+00
   7.850000E-02     2.321091E-01     1.541609E+01     8.067069E+00
   7.866667E-02     2.326293E-01     1.540494E+01     8.055922E+00
   7.883333E-02     2.331501E-01     1.539378E+01     8.044769E+00
   7.900000E-02     2.336715E-01     1.538263E+01     8.033611E+00
   7.916667E-02     2.341934E-01     1.537146E+01     8.022447E+00
   7.933333E-02     2.347160E-01     1.536029E+01     8.011278E+00
   7.950000E-02     2.352391E-01     1.534912E+01     8.000104E+00
   7.966667E-02     2.357628E-01     1.533794E+01     7.988925E+00
   7.983333E-02     2.362871E-01     1.532676E+01     7.977741E+00
   8.000000E-02     2.368119E-01     1.531557E+01     7.966551E+00
   8.016667E-02     2.373374E-01     1.530437E+01     7.955357E+00
   8.033333E-02     2.378634E-01     1.529317E+01     7.944157E+00
   8.050000E-02     2.383900E-01     1.528197E+01     7.932953E+00
   8.066667E-02     2.389172E-01     1.527076E+01     7.921743E+00
   8.083333E-02     2.394450E-01     1.525954E+01     7.910528E+00
   8.100000E-02     2.399733E-01     1.524832E+01     7.899309E+00
   8.116667E-02     2.405023E-01     1.523710E+01     7.888084E+00
   8.133333E-02     2.410318E-01     1.522587E+01     7.876855E+00
   8.150000E-02     2.415619E-01     1.521464E+01     7.865621E+00
   8.166667E-02     2.420926E-01     1.520340E+01     7.854382E+00
   8.183333E-02     2.426239E-01     1.519215E+01     7.843138E+00
   8.200000E-02     2.431557E-01     1.518091E+01     7.831889E+00
   8.216667E-02     2.436882E-01     1.516965E+01     7.820636E+00
   8.233333E-02     2.442212E-01     1.515839E+01     7.809378E+00
   8.250000E-02     2.447548E-01     1.514713E+01     7.798115E+00
   8.266667E-02     2.452889E-01     1.513586E+01     7.786848E+00
   8.283333E-02     2.458237E-01     1.512459E+01     7.775576E+00
   8.300000E-02     2.463591E-01     1.511332E+01     7.764299E+00
   8.316667E-02     2.468950E-01     1.510203E+01     7.753018E+00
   8.333333E-02     2.474315E-01     1.509075E+01     7.741732E+00
   8.350000E-02     2.479686E-01     1.507946E+01     7.730442E+00
   8.366667E-02     2.485063E-01     1.506816E+01     7.719148E+00
   8.383333E-02     2.490445E-01     1.505686E+01     7.707849E+00
   8.400000E-02     2.495833E-01     1.504556E+01     7.696545E+00
   8.416667E-02     2.501228E-01     1.503425E+01     7.685237E+00
   8.433333E-02     2.506628E-01     1.502294E+01     7.673925E+00
   8.450000E-02     2.512034E-01     1.501162E+01     7.662608E+00
   8.466667E-02     2.517445E-01     1.500030E+01     7.651287E+00
   8.483333E-02     2.522863E-01     1.498898E+01     7.639962E+00
   8.500000E-02     2.528286E-01     1.497765E+01     7.628633E+00
   8.516667E-02     2.533715E-01     1.496632E+01     7.617299E+00
   8.533333E-02     2.539150E-01     1.495498E+01     7.605962E+00
   8.550000E-02     2.544591E-01     1.494364E+01     7.594620E+00
   8.566667E-02     2.550038E-01     1.493229E+01     7.583274E+00
   8.583333E-02     2.555490E-01     1.492094E+01     7.571924E+00
   8.600000E-02     2.560948E-01     1.490959E+01     7.560570E+00
   8.616667E-02     2.566412E-01     1.489823E+01     7.549211E+00
   8.633333E-02     2.571882E-01     1.488687E+01     7.537849E+00
   8.650000E-02     2.577358E-01     1.487550E+01     7.526483E+00
   8.666667E-02     2.582840E-01     1.486413E+01     7.515113E+00
   8.683333E-02     2.588327E-01     1.485276E+01     7.503739E+00
   8.700000E-02     2.593820E-01     1.484138E+01     7.492362E+00
   8.716667E-02     2.599319E-01     1.483000E+01     7.480980E+00
   8.733333E-02     2.604824E-01     1.481861E+01     7.469595E+00
   8.750000E-02     2.610335E-01     1.480722E+01     7.458206E+00
   8.766667E-02     2.615851E-01     1.479583E+01     7.446813E+00
   8.783333E-02     2.621373E-01     1.478443E+01     7.435416E+00
   8.800000E-02     2.626902E-01     1.477303E+01     7.424016E+00
   8.816667E-02     2.632436E-01     1.476163E+01     7.412612E+00
   8.833333E-02     2.637975E-01     1.475022E+01     7.401204E+00
   8.850000E-02     2.643521E-01     1.473881E+01     7.389793E+00
   8.866667E-02     2.649072E-01     1.472739E+01     7.378379E+00
   8.883333E-02     2.654630E-01     1.471598E+01     7.366960E+00
   8.900000E-02     2.660193E-01     1.470455E+01     7.355539E+00
   8.916667E-02     2.665762E-01     1.469313E+01     7.344114E+00
   8.933333E-02     2.671336E-01     1.468170E+01     7.332685E+00
   8.950000E-02     2.676917E-01     1.467027E+01     7.321253E+00
   8.966667E-02     2.682503E-01     1.465883E+01     7.309818E+00
   8.983333E-02     2.688095E-01     1.464739E+01     7.298379E+00
   9.000000E-02     2.693693E-01     1.463595E+01     7.286937E+00
   9.016667E-02     2.699297E-01     1.462451E+01     7.275492E+00
   9.033333E-02     2.704907E-01     1.461306E+01     7.264044E+00
   9.050000E-02     2.710522E-01     1.460161E+01     7.252592E+00
   9.066667E-02     2.716144E-01     1.459015E+01     7.241137E+00
   9.083333E-02     2.721771E-01     1.457869E+01     7.229679E+00
   9.100000E-02     2.727404E-01     1.456723E+01     7.218218E+00
   9.116667E-02     2.733043E-01     1.455577E+01     7.206754E+00
   9.133333E-02     2.738687E-01     1.454430E+01     7.195287E+00
   9.150000E-02     2.744338E-01     1.453283E+01     7.183817E+00
   9.166667E-02     2.749994E-01     1.452136E+01     7.172343E+00
   9.183333E-02     2.755656E-01     1.450988E+01     7.160867E+00
   9.200000E-02     2.761324E-01     1.449840E+01     7.149388E+00
   9.216667E-02     2.766997E-01     1.448692E+01     7.137906E+00
   9.233333E-02     2.772677E-01     1.447544E+01     7.126422E+00
   9.250000E-02     2.778362E-01     1.446395E+01     7.114934E+00
   9.266667E-02     2.784054E-01     1.445246E+01     7.103444E+00
   9.283333E-02     2.789751E-01     1.444097E+01     7.091950E+00
   9.300000E-02     2.795453E-01     1.442947E+01     7.080455E+00
   9.316667E-02     2.801162E-01     1.441797E+01     7.068956E+00
   9.333333E-02     2.806876E-01     1.440647E+01     7.057455E+00
   9.350000E-02     2.812597E-01     1.439497E+01     7.045951E+00
   9.366667E-02     2.818323E-01     1.438346E+01     7.034445E+00
   9.383333E-02     2.824055E-01     1.437195E+01     7.022936E+00
   9.400000E-02     2.829793E-01     1.436044E+01     7.011424E+00
   9.416667E-02     2.835536E-01     1.434893E+01     6.999910E+00
   9.433333E-02     2.841286E-01     1.433741E+01     6.988394E+00
   9.450000E-02     2.847041E-01     1.432589E+01     6.976875E+00
   9.466667E-02     2.852802E-01     1.431437E+01     6.965354E+00
   9.483333E-02     2.858569E-01     1.430285E+01     6.953830E+00
   9.500000E-02     2.864341E-01     1.429132E+01     6.942304E+00
   9.516667E-02     2.870120E-01     1.427979E+01     6.930776E+00
   9.533333E-02     2.875904E-01     1.426826E+01     6.919245E+00
   9.550000E-02     2.881694E-01     1.425673E+01     6.907713E+00
   9.566667E-02     2.887490E-01     1.424519E+01     6.896178E+00
   9.583333E-02     2.893292E-01     1.423366E+01     6.884641E+00
   9.600000E-02     2.899100E-01     1.422212E+01     6.873102E+00
   9.616667E-02     2.904913E-01     1.421058E+01     6.861560E+00
   9.633333E-02     2.910733E-01     1.419903E+01     6.850017E+00
   9.650000E-02     2.916558E-01     1.418749E+01     6.838472E+00
   9.666667E-02     2.922389E-01     1.417594E+01     6.826924E+00
   9.683333E-02     2.928225E-01     1.416439E+01     6.815375E+00
   9.700000E-02     2.934068E-01     1.415284E+01     6.803824E+00
   9.716667E-02     2.939916E-01     1.414129E+01     6.792270E+00
   9.733333E-02     2.945771E-01     1.412973E+01     6.780715E+00
   9.750000E-02     2.951631E-01     1.411817E+01     6.769159E+00
   9.766667E-02     2.957496E-01     1.410662E+01     6.757600E+00
   9.783333E-02     2.963368E-01     1.409506E+01     6.746040E+00
   9.800000E-02     2.969246E-01     1.408349E+01     6.734477E+00
   9.816667E-02     2.975129E-01     1.407193E+01     6.722914E+00
   9.833333E-02     2.981018E-01     1.406036E+01     6.711348E+00
   9.850000E-02     2.986913E-01     1.404880E+01     6.699781E+00
   9.866667E-02     2.992814E-01     1.403723E+01     6.688212E+00
   9.883333E-02     2.998721E-01     1.402566E+01     6.676642E+00
   9.900000E-02     3.004633E-01     1.401409E+01     6.665070E+00
   9.916667E-02     3.010551E-01     1.400251E+01     6.653497E+00
   9.933333E-02     3.016475E-01     1.399094E+01     6.641923E+00
   9.950000E-02     3.022405E-01     1.397936E+01     6.630346E+00
   9.966667E-02     3.028341E-01     1.396778E+01     6.618769E+00
   9.983333E-02     3.034283E-01     1.395621E+01     6.607190E+00
   1.000000E-01     3.040230E-01     1.394463E+01     6.595610E+00
   1.001667E-01     3.046183E-01     1.393304E+01     6.584029E+00
   1.003333E-01     3.052142E-01     1.392146E+01     6.572446E+00
   1.005000E-01     3.058107E-01     1.390988E+01     6.560862E+00
   1.006667E-01     3.064078E-01     1.389829E+01     6.549277E+00
   1.008333E-01     3.070054E-01     1.388671E+01     6.537691E+00
   1.010000E-01     3.076037E-01     1.387512E+01     6.526103E+00
   1.011667E-01     3.082025E-01     1.386353E+01     6.514515E+00
   1.013333E-01     3.088019E-01     1.385194E+01     6.502925E+00
   1.015000E-01     3.094019E-01     1.384035E+01     6.491335E+00
   1.016667E-01     3.100024E-01     1.382876E+01     6.479744E+00
   1.018333E-01     3.106036E-01     1.381717E+01     6.468151E+00
   1.020000E-01     3.112053E-01     1.380557E+01     6.456558E+00
   1.021667E-01     3.118076E-01     1.379398E+01     6.444964E+00
   1.023333E-01     3.124105E-01     1.378238E+01     6.433369E+00
   1.025000E-01     3.130140E-01     1.377079E+01     6.421773E+00
   1.026667E-01     3.136180E-01     1.375919E+01     6.410177E+00
   1.028333E-01     3.142226E-01     1.374760E+01     6.398579E+00
   1.030000E-01     3.148279E-01     1.373600E+01     6.386981E+00
   1.031667E-01     3.154337E-01     1.372440E+01     6.375383E+00
   1.033333E-01     3.160401E-01     1.371280E+01     6.363784E+00
   1.035000E-01     3.166470E-01     1.370120E+01     6.352184E+00
   1.036667E-01     3.172546E-01     1.368960E+01     6.340583E+00
   1.038333E-01     3.178627E-01     1.367800E+01     6.328983E+00
   1.040000E-01     3.184714E-01     1.366640E+01     6.317381E+00
   1.041667E-01     3.190807E-01     1.365480E+01     6.305779E+00
   1.043333E-01     3.196906E-01     1.364319E+01     6.294177E+00
   1.045000E-01     3.203010E-01     1.363159E+01     6.282575E+00
   1.046667E-01     3.209121E-01     1.361999E+01     6.270972E+00
   1.048333E-01     3.215237E-01     1.360838E+01     6.259368E+00
   1.050000E-01     3.221359E-01     1.359678E+01     6.247765E+00
   1.051667E-01     3.227487E-01     1.358518E+01     6.236161E+00
   1.053333E-01     3.233621E-01     1.357357E+01     6.224557E+00
   1.055000E-01     3.239760E-01     1.356197E+01     6.212953E+00
   1.056667E-01     3.245906E-01     1.355036E+01     6.201349E+00
   1.058333E-01     3.252057E-01     1.353876E+01     6.189745E+00
   1.060000E-01     3.258214E-01     1.352716E+01     6.178140E+00
   1.061667E-01     3.264377E-01     1.351555E+01     6.166536E+00
   1.063333E-01     3.270545E-01     1.350395E+01     6.154931E+00
   1.065000E-01     3.276720E-01     1.349234E+01     6.143327E+00
   1.066667E-01     3.282900E-01     1.348074E+01     6.131723E+00
   1.068333E-01     3.289086E-01     1.346913E+01     6.120119E+00
   1.070000E-01     3.295278E-01     1.345753E+01     6.108515E+00
   1.071667E-01     3.301476E-01     1.344593E+01     6.096911E+00
   1.073333E-01     3.307680E-01     1.343432E+01     6.085307E+00
   1.075000E-01     3.313889E-01     1.342272E+01     6.073704E+00
   1.076667E-01     3.320104E-01     1.341112E+01     6.062101E+00
   1.078333E-01     3.326325E-01     1.339951E+01     6.050499E+00
   1.080000E-01     3.332552E-01     1.338791E+01     6.038896E+00
   1.081667E-01     3.338785E-01     1.337631E+01     6.027294E+00
   1.083333E-01     3.345024E-01     1.336471E+01     6.015693E+00
   1.085000E-01     3.351268E-01     1.335311E+01     6.004092E+00
   1.086667E-01     3.357518E-01     1.334151E+01     5.992492E+00
   1.088333E-01     3.363774E-01     1.332991E+01     5.980892E+00
   1.090000E-01     3.370036E-01     1.331831E+01     5.969293E+00
   1.091667E-01     3.376304E-01     1.330671E+01     5.957694E+00
   1.093333E-01     3.382577E-01     1.329511E+01     5.946096E+00
   1.095000E-01     3.388856E-01     1.328351E+01     5.934499E+00
   1.096667E-01     3.395141E-01     1.327192E+01     5.922902E+00
   1.098333E-01     3.401432E-01     1.326032E+01     5.911306E+00
   1.100000E-01     3.407729E-01     1.324873E+01     5.899712E+00
   1.101667E-01     3.414032E-01     1.323713E+01     5.888117E+00
   1.103333E-01     3.420340E-01     1.322554E+01     5.876524E+00
   1.105000E-01     3.426654E-01     1.321395E+01     5.864932E+00
   1.106667E-01     3.432974E-01     1.320236E+01     5.853341E+00
   1.108333E-01     3.439300E-01     1.319077E+01     5.841750E+00
   1.110000E-01     3.445632E-01     1.317918E+01     5.830161E+00
   1.111667E-01     3.451969E-01     1.316759E+01     5.818573E+00
   1.113333E-01     3.458313E-01     1.315600E+01     5.806985E+00
   1.115000E-01     3.464662E-01     1.314442E+01     5.795399E+00
   1.116667E-01     3.471017E-01     1.313283E+01     5.783815E+00
   1.118333E-01     3.477378E-01     1.312125E+01     5.772231E+00
   1.120000E-01     3.483744E-01     1.310966E+01     5.760649E+00
   1.121667E-01     3.490117E-01     1.309808E+01     5.749068E+00
   1.123333E-01     3.496495E-01     1.308650E+01     5.737488E+00
   1.125000E-01     3.502879E-01     1.307493E+01     5.725909E+00
   1.126667E-01     3.509269E-01     1.306335E+01     5.714332E+00
   1.128333E-01     3.515665E-01     1.305177E+01     5.702757E+00
   1.130000E-01     3.522067E-01     1.304020E+01     5.691183E+00
   1.131667E-01     3.528474E-01     1.302863E+01     5.679610E+00
   1.133333E-01     3.534887E-01     1.301705E+01     5.668039E+00
   1.135000E-01     3.541306E-01     1.300549E+01     5.656470E+00
   1.136667E-01     3.547731E-01     1.299392E+01     5.644902E+00
   1.138333E-01     3.554162E-01     1.298235E+01     5.633335E+00
   1.140000E-01     3.560598E-01     1.297079E+01     5.621771E+00
   1.141667E-01     3.567041E-01     1.295922E+01     5.610208E+00
   1.143333E-01     3.573489E-01     1.294766E+01     5.598647E+00
   1.145000E-01     3.579943E-01     1.293610E+01     5.587088E+00
   1.146667E-01     3.586403E-01     1.292455E+01     5.575531E+00
   1.148333E-01     3.592868E-01     1.291299E+01     5.563975E+00
   1.150000E-01     3.599340E-01     1.290144E+01     5.552422E+00
   1.151667E-01     3.605817E-01     1.288989E+01     5.540870E+00
   1.153333E-01     3.612300E-01     1.287834E+01     5.529320E+00
   1.155000E-01     3.618789E-01     1.286679E+01     5.517773E+00
   1.156667E-01     3.625284E-01     1.285524E+01     5.506227E+00
   1.158333E-01     3.631784E-01     1.284370E+01     5.494684E+00
   1.160000E-01     3.638291E-01     1.283216E+01     5.483143E+00
   1.161667E-01     3.644803E-01     1.282062E+01     5.471604E+00
   1.163333E-01     3.651321E-01     1.280908E+01     5.460067E+00
   1.165000E-01     3.657845E-01     1.279755E+01     5.448532E+00
   1.166667E-01     3.664374E-01     1.278602E+01     5.437000E+00
   1.168333E-01     3.670910E-01     1.277449E+01     5.425470E+00
   1.170000E-01     3.677451E-01     1.276296E+01     5.413942E+00
   1.171667E-01     3.683998E-01     1.275143E+01     5.402417E+00
   1.173333E-01     3.690551E-01     1.273991E+01     5.390894E+00
   1.175000E-01     3.697110E-01     1.272839E+01     5.379374E+00
   1.176667E-01     3.703675E-01     1.271687E+01     5.367856E+00
   1.178333E-01     3.710245E-01     1.270536E+01     5.356341E+00
   1.180000E-01     3.716821E-01     1.269384E+01     5.344828E+00
   1.181667E-01     3.723403E-01     1.268233E+01     5.333318E+00
   1.183333E-01     3.729991E-01     1.267083E+01     5.321811E+00
   1.185000E-01     3.736585E-01     1.265932E+01     5.310307E+00
   1.186667E-01     3.743185E-01     1.264782E+01     5.298805E+00
   1.188333E-01     3.749790E-01     1.263632E+01     5.287306E+00
   1.190000E-01     3.756401E-01     1.262483E+01     5.275809E+00
   1.191667E-01     3.763018E-01     1.261333E+01     5.264316E+00
   1.193333E-01     3.769641E-01     1.260184E+01     5.252826E+00
   1.195000E-01     3.776270E-01     1.259035E+01     5.241338E+00
   1.196667E-01     3.782904E-01     1.257887E+01     5.229853E+00
   1.198333E-01     3.789545E-01     1.256739E+01     5.218372E+00
   1.200000E-01     3.796191E-01     1.255591E+01     5.206893E+00
   1.201667E-01     3.802843E-01     1.254443E+01     5.195418E+00
   1.203333E-01     3.809500E-01     1.253296E+01     5.183946E+00
   1.205000E-01     3.816164E-01     1.252149E+01     5.172476E+00
   1.206667E-01     3.822833E-01     1.251003E+01     5.161011E+00
   1.208333E-01     3.829509E-01     1.249856E+01     5.149548E+00
   1.210000E-01     3.836190E-01     1.248710E+01     5.138088E+00
   1.211667E-01     3.842877E-01     1.247565E+01     5.126632E+00
   1.213333E-01     3.849569E-01     1.246420E+01     5.115180E+00
   1.215000E-01     3.856268E-01     1.245275E+01     5.103730E+00
   1.216667E-01     3.862972E-01     1.244130E+01     5.092284E+00
   1.218333E-01     3.869683E-01     1.242986E+01     5.080842E+00
   1.220000E-01     3.876399E-01     1.241842E+01     5.069403E+00
   1.221667E-01     3.883120E-01     1.240698E+01     5.057968E+00
   1.223333E-01     3.889848E-01     1.239555E+01     5.046536E+00
   1.225000E-01     3.896581E-01     1.238412E+01     5.035108E+00
   1.226667E-01     3.903321E-01     1.237270E+01     5.023683E+00
   1.228333E-01     3.910066E-01     1.236128E+01     5.012263E+00
   1.230000E-01     3.916817E-01     1.234986E+01     5.000846E+00
   1.231667E-01     3.923574E-01     1.233845E+01     4.989432E+00
   1.233333E-01     3.930336E-01     1.232704E+01     4.978023E+00
   1.235000E-01     3.937105E-01     1.231563E+01     4.966617E+00
   1.236667E-01     3.943879E-01     1.230423E+01     4.955216E+00
   1.238333E-01     3.950659E-01     1.229283E+01     4.943818E+00
   1.240000E-01     3.957445E-01     1.228144E+01     4.932424E+00
   1.241667E-01     3.964237E-01     1.227005E+01     4.921034E+00
   1.243333E-01     3.971034E-01     1.225866E+01     4.909649E+00
   1.245000E-01     3.977837E-01     1.224728E+01     4.898267E+00
   1.246667E-01     3.984647E-01     1.223591E+01     4.886889E+00
   1.248333E-01     3.991462E-01     1.222453E+01     4.875516E+00
   1.250000E-01     3.998282E-01     1.221316E+01     4.864147E+00
   1.251667E-01     4.005109E-01     1.220180E+01     4.852782E+00
   1.253333E-01     4.011942E-01     1.219044E+01     4.841421E+00
   1.255000E-01     4.018780E-01     1.217908E+01     4.830065E+00
   1.256667E-01     4.025624E-01     1.216773E+01     4.818713E+00
   1.258333E-01     4.032474E-01     1.215638E+01     4.807366E+00
   1.260000E-01     4.039330E-01     1.214504E+01     4.796023E+00
   1.261667E-01     4.046191E-01     1.213370E+01     4.784684E+00
   1.263333E-01     4.053059E-01     1.212237E+01     4.773350E+00
   1.265000E-01     4.059932E-01     1.211104E+01     4.762020E+00
   1.266667E-01     4.066811E-01     1.209971E+01     4.750696E+00
   1.268333E-01     4.073696E-01     1.208839E+01     4.739375E+00
   1.270000E-01     4.080587E-01     1.207708E+01     4.728060E+00
   1.271667E-01     4.087483E-01     1.206576E+01     4.716749E+00
   1.273333E-01     4.094385E-01     1.205446E+01     4.705442E+00
   1.275000E-01     4.101294E-01     1.204316E+01     4.694141E+00
   1.276667E-01     4.108208E-01     1.203186E+01     4.682845E+00
   1.278333E-01     4.115127E-01     1.202057E+01     4.671553E+00
   1.280000E-01     4.122053E-01     1.200928E+01     4.660266E+00
   1.281667E-01     4.128984E-01     1.199800E+01     4.648984E+00
   1.283333E-01     4.135922E-01     1.198672E+01     4.637707E+00
   1.285000E-01     4.142865E-01     1.197545E+01     4.626435E+00
   1.286667E-01     4.149814E-01     1.196418E+01     4.615169E+00
   1.288333E-01     4.156769E-01     1.195292E+01     4.603907E+00
   1.290000E-01     4.163729E-01     1.194167E+01     4.592650E+00
   1.291667E-01     4.170695E-01     1.193041E+01     4.581399E+00
   1.293333E-01     4.177668E-01     1.191917E+01     4.570153E+00
   1.295000E-01     4.184646E-01     1.190793E+01     4.558912E+00
   1.296667E-01     4.191630E-01     1.189669E+01     4.547677E+00
   1.298333E-01     4.198619E-01     1.188546E+01     4.536446E+00
   1.300000E-01     4.205615E-01     1.187424E+01     4.525221E+00
   1.301667E-01     4.212616E-01     1.186302E+01     4.514002E+00
   1.303333E-01     4.219623E-01     1.185180E+01     4.502788E+00
   1.305000E-01     4.226636E-01     1.184060E+01     4.491579E+00
   1.306667E-01     4.233655E-01     1.182939E+01     4.480376E+00
   1.308333E-01     4.240680E-01     1.181819E+01     4.469179E+00
   1.310000E-01     4.247710E-01     1.180700E+01     4.457987E+00
   1.311667E-01     4.254746E-01     1.179582E+01     4.446801E+00
   1.313333E-01     4.261789E-01     1.178464E+01     4.435621E+00
   1.315000E-01     4.268836E-01     1.177346E+01     4.424446E+00
   1.316667E-01     4.275890E-01     1.176229E+01     4.413277E+00
   1.318333E-01     4.282950E-01     1.175113E+01     4.402114E+00
   1.320000E-01     4.290015E-01     1.173997E+01     4.390956E+00
   1.321667E-01     4.297086E-01     1.172882E+01     4.379805E+00
   1.323333E-01     4.304163E-01     1.171768E+01     4.368659E+00
   1.325000E-01     4.311246E-01     1.170654E+01     4.357520E+00
   1.326667E-01     4.318335E-01     1.169540E+01     4.346386E+00
   1.328333E-01     4.325429E-01     1.168427E+01     4.335259E+00
   1.330000E-01     4.332530E-01     1.167315E+01     4.324137E+00
   1.331667E-01     4.339636E-01     1.166204E+01     4.313022E+00
   1.333333E-01     4.346748E-01     1.165093E+01     4.301913E+00
   1.335000E-01     4.353866E-01     1.163983E+01     4.290810E+00
   1.336667E-01     4.360989E-01     1.162873E+01     4.279713E+00
   1.338333E-01     4.368119E-01     1.161764E+01     4.268623E+00
   1.340000E-01     4.375254E-01     1.160655E+01     4.257539E+00
   1.341667E-01     4.382395E-01     1.159548E+01     4.246461E+00
   1.343333E-01     4.389542E-01     1.158441E+01     4.235390E+00
   1.345000E-01     4.396695E-01     1.157334E+01     4.224325E+00
   1.346667E-01     4.403853E-01     1.156228E+01     4.213266E+00
   1.348333E-01     4.411018E-01     1.155123E+01     4.202214E+00
   1.350000E-01     4.418188E-01     1.154018E+01     4.191169E+00
   1.351667E-01     4.425364E-01     1.152915E+01     4.180130E+00
   1.353333E-01     4.432546E-01     1.151811E+01     4.169098E+00
   1.355000E-01     4.439733E-01     1.150709E+01     4.158073E+00
   1.356667E-01     4.446927E-01     1.149607E+01     4.147054E+00
   1.358333E-01     4.454126E-01     1.148506E+01     4.136042E+00
   1.360000E-01     4.461331E-01     1.147405E+01     4.125037E+00
   1.361667E-01     4.468542E-01     1.146305E+01     4.114038E+00
   1.363333E-01     4.475759E-01     1.145206E+01     4.103047E+00
   1.365000E-01     4.482982E-01     1.144108E+01     4.092062E+00
   1.366667E-01     4.490210E-01     1.143010E+01     4.081085E+00
   1.368333E-01     4.497444E-01     1.141913E+01     4.070114E+00
   1.370000E-01     4.504684E-01     1.140817E+01     4.059150E+00
   1.371667E-01     4.511930E-01     1.139721E+01     4.048194E+00
   1.373333E-01     4.519182E-01     1.138626E+01     4.037244E+00
   1.375000E-01     4.526440E-01     1.137532E+01     4.026302E+00
   1.376667E-01     4.533703E-01     1.136438E+01     4.015367E+00
   1.378333E-01     4.540972E-01     1.135345E+01     4.004439E+00
   1.380000E-01     4.548247E-01     1.134253E+01     3.993518E+00
   1.381667E-01     4.555528E-01     1.133162E+01     3.982605E+00
   1.383333E-01     4.562815E-01     1.132071E+01     3.971699E+00
   1.385000E-01     4.570107E-01     1.130982E+01     3.960800E+00
   1.386667E-01     4.577405E-01     1.129892E+01     3.949909E+00
   1.388333E-01     4.584710E-01     1.128804E+01     3.939025E+00
   1.390000E-01     4.592019E-01     1.127716E+01     3.928149E+00
   1.391667E-01     4.599335E-01     1.126630E+01     3.917280E+00
   1.393333E-01     4.606657E-01     1.125544E+01     3.906419E+00
   1.395000E-01     4.613984E-01     1.124458E+01     3.895566E+00
   1.396667E-01     4.621318E-01     1.123374E+01     3.884720E+00
   1.398333E-01     4.628657E-01     1.122290E+01     3.873882E+00
   1.400000E-01     4.636001E-01     1.121207E+01     3.863051E+00
   1.401667E-01     4.643352E-01     1.120124E+01     3.852229E+00
   1.403333E-01     4.650709E-01     1.119043E+01     3.841414E+00
   1.405000E-01     4.658071E-01     1.117962E+01     3.830607E+00
   1.406667E-01     4.665439E-01     1.116882E+01     3.819808E+00
   1.408333E-01     4.672813E-01     1.115803E+01     3.809017E+00
   1.410000E-01     4.680193E-01     1.114725E+01     3.798234E+00
   1.411667E-01     4.687579E-01     1.113647E+01     3.787459E+00
   1.413333E-01     4.694970E-01     1.112571E+01     3.776691E+00
   1.415000E-01     4.702367E-01     1.111495E+01     3.765932E+00
   1.416667E-01     4.709771E-01     1.110420E+01     3.755182E+00
   1.418333E-01     4.717180E-01     1.109345E+01     3.744439E+00
   1.420000E-01     4.724594E-01     1.108272E+01     3.733704E+00
   1.421667E-01     4.732015E-01     1.107199E+01     3.722978E+00
   1.423333E-01     4.739441E-01     1.106128E+01     3.712260E+00
   1.425000E-01     4.746874E-01     1.105057E+01     3.701551E+00
   1.426667E-01     4.754312E-01     1.103987E+01     3.690849E+00
   1.428333E-01     4.761755E-01     1.102917E+01     3.680157E+00
   1.430000E-01     4.769205E-01     1.101849E+01     3.669472E+00
   1.431667E-01     4.776661E-01     1.100781E+01     3.658796E+00
   1.433333E-01     4.784122E-01     1.099714E+01     3.648129E+00
   1.435000E-01     4.791589E-01     1.098649E+01     3.637470E+00
   1.436667E-01     4.799062E-01     1.097584E+01     3.626820E+00
   1.438333E-01     4.806541E-01     1.096519E+01     3.616178E+00
   1.440000E-01     4.814026E-01     1.095456E+01     3.605546E+00
   1.441667E-01     4.821516E-01     1.094394E+01     3.594921E+00
   1.443333E-01     4.829012E-01     1.093332E+01     3.584306E+00
   1.445000E-01     4.836514E-01     1.092272E+01     3.573699E+00
   1.446667E-01     4.844022E-01     1.091212E+01     3.563102E+00
   1.448333E-01     4.851536E-01     1.090153E+01     3.552513E+00
   1.450000E-01     4.859056E-01     1.089095E+01     3.541933E+00
   1.451667E-01     4.866581E-01     1.088038E+01     3.531362E+00
   1.453333E-01     4.874112E-01     1.086982E+01     3.520800E+00
   1.455000E-01     4.881649E-01     1.085926E+01     3.510247E+00
   1.456667E-01     4.889192E-01     1.084872E+01     3.499703E+00
   1.458333E-01     4.896741E-01     1.083818E+01     3.489168E+00
   1.460000E-01     4.904295E-01     1.082766E+01     3.478643E+00
   1.461667E-01     4.911856E-01     1.081714E+01     3.468126E+00
   1.463333E-01     4.919422E-01     1.080663E+01     3.457619E+00
   1.465000E-01     4.926994E-01     1.079614E+01     3.447121E+00
   1.466667E-01     4.934572E-01     1.078565E+01     3.436633E+00
   1.468333E-01     4.942155E-01     1.077517E+01     3.426153E+00
   1.470000E-01     4.949745E-01     1.076470E+01     3.415683E+00
   1.471667E-01     4.957340E-01     1.075424E+01     3.405223E+00
   1.473333E-01     4.964941E-01     1.074379E+01     3.394772E+00
   1.475000E-01     4.972548E-01     1.073335E+01     3.384331E+00
   1.476667E-01     4.980161E-01     1.072291E+01     3.373899E+00
   1.478333E-01     4.987779E-01     1.071249E+01     3.363476E+00
   1.480000E-01     4.995404E-01     1.070208E+01     3.353064E+00
   1.481667E-01     5.003034E-01     1.069168E+01     3.342660E+00
   1.483333E-01     5.010670E-01     1.068128E+01     3.332267E+00
   1.485000E-01     5.018312E-01     1.067090E+01     3.321884E+00
   1.486667E-01     5.025960E-01     1.066053E+01     3.311510E+00
   1.488333E-01     5.033613E-01     1.065016E+01     3.301146E+00
   1.490000E-01     5.041272E-01     1.063981E+01     3.290792E+00
   1.491667E-01     5.048938E-01     1.062946E+01     3.280447E+00
   1.493333E-01     5.056609E-01     1.061913E+01     3.270113E+00
   1.495000E-01     5.064285E-01     1.060880E+01     3.259789E+00
   1.496667E-01     5.071968E-01     1.059849E+01     3.249474E+00
   1.498333E-01     5.079656E-01     1.058819E+01     3.239170E+00
   1.500000E-01     5.087351E-01     1.057789E+01     3.228876E+00
   1.501667E-01     5.095051E-01     1.056761E+01     3.218592E+00
   1.503333E-01     5.102757E-01     1.055733E+01     3.208318E+00
   1.505000E-01     5.110468E-01     1.054707E+01     3.198054E+00
   1.506667E-01     5.118186E-01     1.053682E+01     3.187801E+00
   1.508333E-01     5.125909E-01     1.052657E+01     3.177558E+00
   1.510000E-01     5.133638E-01     1.051634E+01     3.167325E+00
   1.511667E-01     5.141373E-01     1.050612E+01     3.157102E+00
   1.513333E-01     5.149114E-01     1.049591E+01     3.146890E+00
   1.515000E-01     5.156861E-01     1.048570E+01     3.136689E+00
   1.516667E-01     5.164613E-01     1.047551E+01     3.126497E+00
   1.518333E-01     5.172372E-01     1.046533E+01     3.116317E+00
   1.520000E-01     5.180136E-01     1.045516E+01     3.106147E+00
   1.521667E-01     5.187906E-01     1.044500E+01     3.095987E+00
   1.523333E-01     5.195682E-01     1.043485E+01     3.085838E+00
   1.525000E-01     5.203463E-01     1.042472E+01     3.075700E+00
   1.526667E-01     5.211251E-01     1.041459E+01     3.065573E+00
   1.528333E-01     5.219044E-01     1.040447E+01     3.055456E+00
   1.530000E-01     5.226843E-01     1.039437E+01     3.045350E+00
   1.531667E-01     5.234648E-01     1.038427E+01     3.035255E+00
   1.533333E-01     5.242459E-01     1.037419E+01     3.025171E+00
   1.535000E-01     5.250275E-01     1.036411E+01     3.015097E+00
   1.536667E-01     5.258098E-01     1.035405E+01     3.005035E+00
   1.538333E-01     5.265926E-01     1.034400E+01     2.994983E+00
   1.540000E-01     5.273760E-01     1.033396E+01     2.984943E+00
   1.541667E-01     5.281600E-01     1.032393E+01     2.974914E+00
   1.543333E-01     5.289445E-01     1.031391E+01     2.964895E+00
   1.545000E-01     5.297297E-01     1.030390E+01     2.954888E+00
   1.546667E-01     5.305154E-01     1.029391E+01     2.944892E+00
   1.548333E-01     5.313017E-01     1.028392E+01     2.934908E+00
   1.550000E-01     5.320886E-01     1.027395E+01     2.924934E+00
   1.551667E-01     5.328761E-01     1.026399E+01     2.914972E+00
   1.553333E-01     5.336642E-01     1.025404E+01     2.905021E+00
   1.555000E-01     5.344528E-01     1.024410E+01     2.895081E+00
   1.556667E-01     5.352420E-01     1.023417E+01     2.885153E+00
   1.558333E-01     5.360318E-01     1.022425E+01     2.875237E+00
   1.560000E-01     5.368222E-01     1.021435E+01     2.865331E+00
   1.561667E-01     5.376132E-01     1.020445E+01     2.855438E+00
   1.563333E-01     5.384047E-01     1.019457E+01     2.845555E+00
   1.565000E-01     5.391969E-01     1.018470E+01     2.835685E+00
   1.566667E-01     5.399896E-01     1.017484E+01     2.825826E+00
   1.568333E-01     5.407829E-01     1.016499E+01     2.815979E+00
   1.570000E-01     5.415768E-01     1.015516E+01     2.806143E+00
   1.571667E-01     5.423712E-01     1.014534E+01     2.796319E+00
   1.573333E-01     5.431663E-01     1.013552E+01     2.786507E+00
   1.575000E-01     5.439619E-01     1.012572E+01     2.776707E+00
   1.576667E-01     5.447581E-01     1.011593E+01     2.766919E+00
   1.578333E-01     5.455549E-01     1.010616E+01     2.757142E+00
   1.580000E-01     5.463523E-01     1.009639E+01     2.747377E+00
   1.581667E-01     5.471503E-01     1.008664E+01     2.737625E+00
   1.583333E-01     5.479488E-01     1.007690E+01     2.727884E+00
   1.585000E-01     5.487479E-01     1.006717E+01     2.718156E+00
   1.586667E-01     5.495476E-01     1.005746E+01     2.708439E+00
   1.588333E-01     5.503479E-01     1.004775E+01     2.698735E+00
   1.590000E-01     5.511488E-01     1.003806E+01     2.689043E+00
   1.591667E-01     5.519502E-01     1.002838E+01     2.679363E+00
   1.593333E-01     5.527523E-01     1.001871E+01     2.669695E+00
   1.595000E-01     5.535549E-01     1.000906E+01     2.660039E+00
   1.596667E-01     5.543581E-01     9.999412E+00     2.650396E+00
   1.598333E-01     5.551619E-01     9.989781E+00     2.640765E+00
   1.600000E-01     5.559662E-01     9.980163E+00     2.631147E+00
   1.601667E-01     5.567712E-01     9.970557E+00     2.621541E+00
   1.603333E-01     5.575767E-01     9.960963E+00     2.611947E+00
   1.605000E-01     5.583828E-01     9.951382E+00     2.602366E+00
   1.606667E-01     5.591895E-01     9.941813E+00     2.592797E+00
   1.608333E-01     5.599968E-01     9.932257E+00     2.583241E+00
   1.610000E-01     5.608046E-01     9.922714E+00     2.573698E+00
   1.611667E-01     5.616131E-01     9.913183E+00     2.564167E+00
   1.613333E-01     5.624221E-01     9.903665E+00     2.554649E+00
   1.615000E-01     5.632317E-01     9.894159E+00     2.545144E+00
   1.616667E-01     5.640419E-01     9.884667E+00     2.535651E+00
   1.618333E-01     5.648527E-01     9.875187E+00     2.526171E+00
   1.620000E-01     5.656640E-01     9.865720E+00     2.516704E+00
   1.621667E-01     5.664759E-01     9.856266E+00     2.507250E+00
   1.623333E-01     5.672885E-01     9.846824E+00     2.497809E+00
   1.625000E-01     5.681016E-01     9.837396E+00     2.488380E+00
   1.626667E-01     5.689152E-01     9.827981E+00     2.478965E+00
   1.628333E-01     5.697295E-01     9.818578E+00     2.469563E+00
   1.630000E-01     5.705443E-01     9.809189E+00     2.460173E+00
   1.631667E-01     5.713598E-01     9.799813E+00     2.450797E+00
   1.633333E-01     5.721758E-01     9.790450E+00     2.441434E+00
   1.635000E-01     5.729924E-01     9.781100E+00     2.432084E+00
   1.636667E-01     5.738096E-01     9.771763E+00     2.422747E+00
   1.638333E-01     5.746273E-01     9.762439E+00     2.413424E+00
   1.640000E-01     5.754456E-01     9.753129E+00     2.404113E+00
   1.641667E-01     5.762646E-01     9.743832E+00     2.394816E+00
   1.643333E-01     5.770841E-01     9.734548E+00     2.385533E+00
   1.645000E-01     5.779042E-01     9.725278E+00     2.376262E+00
   1.646667E-01     5.787248E-01     9.716021E+00     2.367005E+00
   1.648333E-01     5.795461E-01     9.706778E+00     2.357762E+00
   1.650000E-01     5.803679E-01     9.697548E+00     2.348532E+00
   1.651667E-01     5.811903E-01     9.688332E+00     2.339316E+00
   1.653333E-01     5.820133E-01     9.679129E+00     2.330113E+00
   1.655000E-01     5.828369E-01     9.669939E+00     2.320924E+00
   1.656667E-01     5.836611E-01     9.660764E+00     2.311748E+00
   1.658333E-01     5.844858E-01     9.651602E+00     2.302586E+00
   1.660000E-01     5.853111E-01     9.642453E+00     2.293438E+00
   1.661667E-01     5.861370E-01     9.633319E+00     2.284303E+00
   1.663333E-01     5.869635E-01     9.624198E+00     2.275182E+00
   1.665000E-01     5.877906E-01     9.615091E+00     2.266075E+00
   1.666667E-01     5.886183E-01     9.605998E+00     2.256982E+00
   1.668333E-01     5.894465E-01     9.596919E+00     2.247903E+00
   1.670000E-01     5.902753E-01     9.587853E+00     2.238837E+00
   1.671667E-01     5.911047E-01     9.578802E+00     2.229786E+00
   1.673333E-01     5.919347E-01     9.569764E+00     2.220749E+00
   1.675000E-01     5.927653E-01     9.560741E+00     2.211725E+00
   1.676667E-01     5.935964E-01     9.551732E+00     2.202716E+00
   1.678333E-01     5.944281E-01     9.542736E+00     2.193721E+00
   1.680000E-01     5.952605E-01     9.533755E+00     2.184739E+00
   1.681667E-01     5.960934E-01     9.524788E+00     2.175773E+00
   1.683333E-01     5.969268E-01     9.515836E+00     2.166820E+00
   1.685000E-01     5.977609E-01     9.506897E+00     2.157881E+00
   1.686667E-01     5.985955E-01     9.497973E+00     2.148957E+00
   1.688333E-01     5.994308E-01     9.489063E+00     2.140047E+00
   1.690000E-01     6.002666E-01     9.480167E+00     2.131151E+00
   1.691667E-01     6.011030E-01     9.471286E+00     2.122270E+00
   1.693333E-01     6.019399E-01     9.462419E+00     2.113403E+00
   1.695000E-01     6.027775E-01     9.453567E+00     2.104551E+00
   1.696667E-01     6.036156E-01     9.444729E+00     2.095713E+00
   1.698333E-01     6.044543E-01     9.435905E+00     2.086889E+00
   1.700000E-01     6.052936E-01     9.427096E+00     2.078080E+00
   1.701667E-01     6.061335E-01     9.418302E+00     2.069286E+00
   1.703333E-01     6.069740E-01     9.409522E+00     2.060506E+00
   1.705000E-01     6.078150E-01     9.400757E+00     2.051741E+00
   1.706667E-01     6.086567E-01     9.392007E+00     2.042991E+00
   1.708333E-01     6.094989E-01     9.383271E+00     2.034255E+00
   1.710000E-01     6.103417E-01     9.374550E+00     2.025534E+00
   1.711667E-01     6.111851E-01     9.365844E+00     2.016828E+00
   1.713333E-01     6.120290E-01     9.357153E+00     2.008137E+00
   1.715000E-01     6.128736E-01     9.348476E+00     1.999461E+00
   1.716667E-01     6.137187E-01     9.339815E+00     1.990799E+00
   1.718333E-01     6.145644E-01     9.331168E+00     1.982153E+00
   1.720000E-01     6.154107E-01     9.322537E+00     1.973521E+00
   1.721667E-01     6.162576E-01     9.313920E+00     1.964904E+00
   1.723333E-01     6.171050E-01     9.305318E+00     1.956303E+00
   1.725000E-01     6.179530E-01     9.296732E+00     1.947716E+00
   1.726667E-01     6.188017E-01     9.288160E+00     1.939145E+00
   1.728333E-01     6.196509E-01     9.279604E+00     1.930588E+00
   1.730000E-01     6.205006E-01     9.271063E+00     1.922047E+00
   1.731667E-01     6.213510E-01     9.262537E+00     1.913521E+00
   1.733333E-01     6.222020E-01     9.254026E+00     1.905010E+00
   1.735000E-01     6.230535E-01     9.245531E+00     1.896515E+00
   1.736667E-01     6.239056E-01     9.237050E+00     1.888035E+00
   1.738333E-01     6.247583E-01     9.228586E+00     1.879570E+00
   1.740000E-01     6.256116E-01     9.220136E+00     1.871120E+00
   1.741667E-01     6.264654E-01     9.211702E+00     1.862686E+00
   1.743333E-01     6.273199E-01     9.203283E+00     1.854268E+00
   1.745000E-01     6.281749E-01     9.194880E+00     1.845864E+00
   1.746667E-01     6.290305E-01     9.186493E+00     1.837477E+00
   1.748333E-01     6.298867E-01     9.178120E+00     1.829105E+00
   1.750000E-01     6.307435E-01     9.169764E+00     1.820748E+00
   1.751667E-01     6.316008E-01     9.161423E+00     1.812407E+00
   1.753333E-01     6.324587E-01     9.153097E+00     1.804082E+00
   1.755000E-01     6.333173E-01     9.144788E+00     1.795772E+00
   1.756667E-01     6.341764E-01     9.136494E+00     1.787478E+00
   1.758333E-01     6.350360E-01     9.128216E+00     1.779200E+00
   1.760000E-01     6.358963E-01     9.119953E+00     1.770937E+00
   1.761667E-01     6.367571E-01     9.111706E+00     1.762690E+00
   1.763333E-01     6.376186E-01     9.103475E+00     1.754460E+00
   1.765000E-01     6.384806E-01     9.095260E+00     1.746245E+00
   1.766667E-01     6.393432E-01     9.087061E+00     1.738045E+00
   1.768333E-01     6.402064E-01     9.078878E+00     1.729862E+00
   1.770000E-01     6.410701E-01     9.070711E+00     1.721695E+00
   1.771667E-01     6.419344E-01     9.062560E+00     1.713544E+00
   1.773333E-01     6.427994E-01     9.054424E+00     1.705409E+00
   1.775000E-01     6.436649E-01     9.046305E+00     1.697289E+00
   1.776667E-01     6.445310E-01     9.038202E+00     1.689186E+00
   1.778333E-01     6.453976E-01     9.030115E+00     1.681099E+00
   1.780000E-01     6.462649E-01     9.022044E+00     1.673029E+00
   1.781667E-01     6.471327E-01     9.013990E+00     1.664974E+00
   1.783333E-01     6.480011E-01     9.005951E+00     1.656936E+00
   1.785000E-01     6.488701E-01     8.997929E+00     1.648913E+00
   1.786667E-01     6.497397E-01     8.989923E+00     1.640908E+00
   1.788333E-01     6.506099E-01     8.981934E+00     1.632918E+00
   1.790000E-01     6.514806E-01     8.973961E+00     1.624945E+00
   1.791667E-01     6.523519E-01     8.966004E+00     1.616988E+00
   1.793333E-01     6.532239E-01     8.958063E+00     1.609048E+00
   1.795000E-01     6.540963E-01     8.950139E+00     1.601124E+00
   1.796667E-01     6.549694E-01     8.942232E+00     1.593216E+00
   1.798333E-01     6.558431E-01     8.934341E+00     1.585325E+00
   1.800000E-01     6.567173E-01     8.926466E+00     1.577451E+00
   1.801667E-01     6.575921E-01     8.918608E+00     1.569593E+00
   1.803333E-01     6.584675E-01     8.910767E+00     1.561751E+00
   1.805000E-01     6.593435E-01     8.902942E+00     1.553927E+00
   1.806667E-01     6.602201E-01     8.895134E+00     1.546119E+00
   1.808333E-01     6.610972E-01     8.887343E+00     1.538327E+00
   1.810000E-01     6.619750E-01     8.879568E+00     1.530553E+00
   1.811667E-01     6.628533E-01     8.871811E+00     1.522795E+00
   1.813333E-01     6.637322E-01     8.864070E+00     1.515054E+00
   1.815000E-01     6.646117E-01     8.856345E+00     1.507329E+00
   1.816667E-01     6.654917E-01     8.848638E+00     1.499622E+00
   1.818333E-01     6.663724E-01     8.840947E+00     1.491931E+00
   1.820000E-01     6.672536E-01     8.833274E+00     1.484258E+00
   1.821667E-01     6.681354E-01     8.825617E+00     1.476601E+00
   1.823333E-01     6.690178E-01     8.817977E+00     1.468961E+00
   1.825000E-01     6.699008E-01     8.810354E+00     1.461339E+00
   1.826667E-01     6.707843E-01     8.802749E+00     1.453733E+00
   1.828333E-01     6.716685E-01     8.795160E+00     1.446144E+00
   1.830000E-01     6.725532E-01     8.787588E+00     1.438572E+00
   1.831667E-01     6.734385E-01     8.780034E+00     1.431018E+00
   1.833333E-01     6.743244E-01     8.772497E+00     1.423481E+00
   1.835000E-01     6.752108E-01     8.764976E+00     1.415961E+00
   1.836667E-01     6.760979E-01     8.757473E+00     1.408458E+00
   1.838333E-01     6.769855E-01     8.749988E+00     1.400972E+00
   1.840000E-01     6.778737E-01     8.742519E+00     1.393503E+00
   1.841667E-01     6.787625E-01     8.735068E+00     1.386052E+00
   1.843333E-01     6.796519E-01     8.727634E+00     1.378618E+00
   1.845000E-01     6.805419E-01     8.720218E+00     1.371202E+00
   1.846667E-01     6.814324E-01     8.712819E+00     1.363803E+00
   1.848333E-01     6.823235E-01     8.705437E+00     1.356421E+00
   1.850000E-01     6.832152E-01     8.698073E+00     1.349057E+00
   1.851667E-01     6.841075E-01     8.690726E+00     1.341710E+00
   1.853333E-01     6.850004E-01     8.683397E+00     1.334381E+00
   1.855000E-01     6.858939E-01     8.676085E+00     1.327069E+00
   1.856667E-01     6.867879E-01     8.668791E+00     1.319775E+00
   1.858333E-01     6.876825E-01     8.661514E+00     1.312499E+00
   1.860000E-01     6.885777E-01     8.654255E+00     1.305240E+00
   1.861667E-01     6.894735E-01     8.647014E+00     1.297998E+00
   1.863333E-01     6.903699E-01     8.639790E+00     1.290775E+00
   1.865000E-01     6.912668E-01     8.632585E+00     1.283569E+00
   1.866667E-01     6.921643E-01     8.625396E+00     1.276380E+00
   1.868333E-01     6.930625E-01     8.618226E+00     1.269210E+00
   1.870000E-01     6.939612E-01     8.611073E+00     1.262057E+00
   1.871667E-01     6.948604E-01     8.603938E+00     1.254923E+00
   1.873333E-01     6.957603E-01     8.596821E+00     1.247806E+00
   1.875000E-01     6.966607E-01     8.589722E+00     1.240706E+00
   1.876667E-01     6.975618E-01     8.582641E+00     1.233625E+00
   1.878333E-01     6.984634E-01     8.575578E+00     1.226562E+00
   1.880000E-01     6.993656E-01     8.568532E+00     1.219517E+00
   1.881667E-01     7.002683E-01     8.561505E+00     1.212489E+00
   1.883333E-01     7.011717E-01     8.554496E+00     1.205480E+00
   1.885000E-01     7.020756E-01     8.547504E+00     1.198489E+00
   1.886667E-01     7.029801E-01     8.540531E+00     1.191515E+00
   1.888333E-01     7.038852E-01     8.533576E+00     1.184560E+00
   1.890000E-01     7.047909E-01     8.526639E+00     1.177623E+00
   1.891667E-01     7.056972E-01     8.519720E+00     1.170704E+00
   1.893333E-01     7.066040E-01     8.512820E+00     1.163804E+00
   1.895000E-01     7.075115E-01     8.505937E+00     1.156921E+00
   1.896667E-01     7.084195E-01     8.499073E+00     1.150057E+00
   1.898333E-01     7.093281E-01     8.492227E+00     1.143211E+00
   1.900000E-01     7.102372E-01     8.485399E+00     1.136383E+00
   1.901667E-01     7.111470E-01     8.478590E+00     1.129574E+00
   1.903333E-01     7.120573E-01     8.471799E+00     1.122783E+00
   1.905000E-01     7.129683E-01     8.465026E+00     1.116010E+00
   1.906667E-01     7.138798E-01     8.458272E+00     1.109256E+00
   1.908333E-01     7.147919E-01     8.451536E+00     1.102520E+00
   1.910000E-01     7.157045E-01     8.444819E+00     1.095803E+00
   1.911667E-01     7.166178E-01     8.438120E+00     1.089104E+00
   1.913333E-01     7.175316E-01     8.431439E+00     1.082423E+00
   1.915000E-01     7.184460E-01     8.424777E+00     1.075761E+00
   1.916667E-01     7.193610E-01     8.418134E+00     1.069118E+00
   1.918333E-01     7.202766E-01     8.411509E+00     1.062493E+00
   1.920000E-01     7.211928E-01     8.404903E+00     1.055887E+00
   1.921667E-01     7.221095E-01     8.398315E+00     1.049300E+00
   1.923333E-01     7.230268E-01     8.391747E+00     1.042731E+00
   1.925000E-01     7.239448E-01     8.385196E+00     1.036181E+00
   1.926667E-01     7.248633E-01     8.378665E+00     1.029649E+00
   1.928333E-01     7.257823E-01     8.372152E+00     1.023136E+00
   1.930000E-01     7.267020E-01     8.365658E+00     1.016642E+00
   1.931667E-01     7.276222E-01     8.359183E+00     1.010167E+00
   1.933333E-01     7.285430E-01     8.352727E+00     1.003711E+00
   1.935000E-01     7.294644E-01     8.346289E+00     9.972732E-01
   1.936667E-01     7.303864E-01     8.339870E+00     9.908545E-01
   1.938333E-01     7.313090E-01     8.333470E+00     9.844547E-01
   1.940000E-01     7.322322E-01     8.327090E+00     9.780738E-01
   1.941667E-01     7.331559E-01     8.320728E+00     9.717118E-01
   1.943333E-01     7.340802E-01     8.314385E+00     9.653688E-01
   1.945000E-01     7.350051E-01     8.308061E+00     9.590448E-01
   1.946667E-01     7.359306E-01     8.301756E+00     9.527398E-01
   1.948333E-01     7.368566E-01     8.295470E+00     9.464538E-01
   1.950000E-01     7.377833E-01     8.289203E+00     9.401869E-01
   1.951667E-01     7.387105E-01     8.282955E+00     9.339391E-01
   1.953333E-01     7.396383E-01     8.276726E+00     9.277104E-01
   1.955000E-01     7.405667E-01     8.270517E+00     9.215008E-01
   1.956667E-01     7.414957E-01     8.264326E+00     9.153104E-01
   1.958333E-01     7.424253E-01     8.258155E+00     9.091391E-01
   1.960000E-01     7.433554E-01     8.252003E+00     9.029871E-01
   1.961667E-01     7.442861E-01     8.245870E+00     8.968543E-01
   1.963333E-01     7.452174E-01     8.239757E+00     8.907408E-01
   1.965000E-01     7.461493E-01     8.233662E+00     8.846465E-01
   1.966667E-01     7.470818E-01     8.227587E+00     8.785715E-01
   1.968333E-01     7.480148E-01     8.221532E+00     8.725159E-01
   1.970000E-01     7.489485E-01     8.215495E+00     8.664796E-01
   1.971667E-01     7.498827E-01     8.209479E+00     8.604627E-01
   1.973333E-01     7.508175E-01     8.203481E+00     8.544652E-01
   1.975000E-01     7.517528E-01     8.197503E+00     8.484870E-01
   1.976667E-01     7.526888E-01     8.191544E+00     8.425284E-01
   1.978333E-01     7.536253E-01     8.185605E+00     8.365892E-01
   1.980000E-01     7.545625E-01     8.179685E+00     8.306695E-01
   1.981667E-01     7.555002E-01     8.173785E+00     8.247693E-01
   1.983333E-01     7.564385E-01     8.167904E+00     8.188886E-01
   1.985000E-01     7.573773E-01     8.162043E+00     8.130275E-01
   1.986667E-01     7.583168E-01     8.156202E+00     8.071860E-01
   1.988333E-01     7.592568E-01     8.150380E+00     8.013641E-01
   1.990000E-01     7.601975E-01     8.144578E+00     7.955618E-01
   1.991667E-01     7.611387E-01     8.138795E+00     7.897791E-01
   1.993333E-01     7.620804E-01     8.133032E+00     7.840161E-01
   1.995000E-01     7.630228E-01     8.127289E+00     7.782729E-01
   1.996667E-01     7.639658E-01     8.121565E+00     7.725493E-01
   1.998333E-01     7.649093E-01     8.115861E+00     7.668454E-01
   2.000000E-01     7.658534E-01     8.110177E+00     7.611614E-01
   2.001667E-01     7.667981E-01     8.104513E+00     7.554971E-01
   2.003333E-01     7.677434E-01     8.098868E+00     7.498526E-01
   2.005000E-01     7.686892E-01     8.093244E+00     7.442279E-01
   2.006667E-01     7.696357E-01     8.087639E+00     7.386231E-01
   2.008333E-01     7.705827E-01     8.082054E+00     7.330381E-01
   2.010000E-01     7.715303E-01     8.076489E+00     7.274730E-01
   2.011667E-01     7.724785E-01     8.070944E+00     7.219279E-01
   2.013333E-01     7.734273E-01     8.065418E+00     7.164026E-01
   2.015000E-01     7.743766E-01     8.059913E+00     7.108973E-01
   2.016667E-01     7.753266E-01     8.054428E+00     7.054120E-01
   2.018333E-01     7.762771E-01     8.048963E+00     6.999467E-01
   2.020000E-01     7.772282E-01     8.043517E+00     6.945014E-01
   2.021667E-01     7.781799E-01     8.038092E+00     6.890761E-01
   2.023333E-01     7.791321E-01     8.032687E+00     6.836709E-01
   2.025000E-01     7.800850E-01     8.027302E+00     6.782858E-01
   2.026667E-01     7.810384E-01     8.021937E+00     6.729208E-01
   2.028333E-01     7.819924E-01     8.016592E+00     6.675758E-01
   2.030000E-01     7.829470E-01     8.011267E+00     6.622511E-01
   2.031667E-01     7.839022E-01     8.005962E+00     6.569464E-01
   2.033333E-01     7.848580E-01     8.000678E+00     6.516620E-01
   2.035000E-01     7.858143E-01     7.995414E+00     6.463978E-01
   2.036667E-01     7.867712E-01     7.990170E+00     6.411537E-01
   2.038333E-01     7.877287E-01     7.984946E+00     6.359299E-01
   2.040000E-01     7.886868E-01     7.979742E+00     6.307264E-01
   2.041667E-01     7.896455E-01     7.974559E+00     6.255432E-01
   2.043333E-01     7.906048E-01     7.969396E+00     6.203802E-01
   2.045000E-01     7.915646E-01     7.964253E+00     6.152376E-01
   2.046667E-01     7.925250E-01     7.959131E+00     6.101153E-01
   2.048333E-01     7.934860E-01     7.954029E+00     6.050133E-01
   2.050000E-01     7.944476E-01     7.948948E+00     5.999318E-01
   2.051667E-01     7.954098E-01     7.943886E+00     5.948706E-01
   2.053333E-01     7.963725E-01     7.938846E+00     5.898298E-01
   2.055000E-01     7.973358E-01     7.933825E+00     5.848095E-01
   2.056667E-01     7.982997E-01     7.928825E+00     5.798096E-01
   2.058333E-01     7.992642E-01     7.923846E+00     5.748302E-01
   2.060000E-01     8.002293E-01     7.918887E+00     5.698713E-01
   2.061667E-01     8.011950E-01     7.913949E+00     5.649329E-01
   2.063333E-01     8.021612E-01     7.909031E+00     5.600150E-01
   2.065000E-01     8.031280E-01     7.904133E+00     5.551176E-01
   2.066667E-01     8.040954E-01     7.899257E+00     5.502408E-01
   2.068333E-01     8.050634E-01     7.894400E+00     5.453846E-01
   2.070000E-01     8.060320E-01     7.889565E+00     5.405490E-01
   2.071667E-01     8.070012E-01     7.884750E+00     5.357340E-01
   2.073333E-01     8.079709E-01     7.879956E+00     5.309397E-01
   2.075000E-01     8.089412E-01     7.875182E+00     5.261660E-01
   2.076667E-01     8.099121E-01     7.870429E+00     5.214129E-01
   2.078333E-01     8.108836E-01     7.865696E+00     5.166806E-01
   2.080000E-01     8.118557E-01     7.860985E+00     5.119690E-01
   2.081667E-01     8.128283E-01     7.856294E+00     5.072780E-01
   2.083333E-01     8.138015E-01     7.851624E+00     5.026079E-01
   2.085000E-01     8.147753E-01     7.846974E+00     4.979584E-01
   2.086667E-01     8.157497E-01     7.842346E+00     4.933298E-01
   2.088333E-01     8.167247E-01     7.837738E+00     4.887219E-01
   2.090000E-01     8.177003E-01     7.833151E+00     4.841349E-01
   2.091667E-01     8.186764E-01     7.828584E+00     4.795686E-01
   2.093333E-01     8.196531E-01     7.824039E+00     4.750233E-01
   2.095000E-01     8.206304E-01     7.819515E+00     4.704987E-01
   2.096667E-01     8.216083E-01     7.815011E+00     4.659951E-01
   2.098333E-01     8.225868E-01     7.810528E+00     4.615123E-01
   2.100000E-01     8.235658E-01     7.806066E+00     4.570504E-01
   2.101667E-01     8.245455E-01     7.801625E+00     4.526095E-01
   2.103333E-01     8.255257E-01     7.797205E+00     4.481895E-01
   2.105000E-01     8.265065E-01     7.792806E+00     4.437905E-01
   2.106667E-01     8.274879E-01     7.788428E+00     4.394124E-01
   2.108333E-01     8.284698E-01     7.784071E+00     4.350553E-01
   2.110000E-01     8.294524E-01     7.779735E+00     4.307193E-01
   2.111667E-01     8.304355E-01     7.775420E+00     4.264042E-01
   2.113333E-01     8.314192E-01     7.771126E+00     4.221102E-01
   2.115000E-01     8.324035E-01     7.766853E+00     4.178372E-01
   2.116667E-01     8.333884E-01     7.762601E+00     4.135853E-01
   2.118333E-01     8.343738E-01     7.758370E+00     4.093545E-01
   2.120000E-01     8.353599E-01     7.754161E+00     4.051447E-01
   2.121667E-01     8.363465E-01     7.749972E+00     4.009561E-01
   2.123333E-01     8.373337E-01     7.745804E+00     3.967886E-01
   2.125000E-01     8.383215E-01     7.741658E+00     3.926422E-01
   2.126667E-01     8.393098E-01     7.737533E+00     3.885170E-01
   2.128333E-01     8.402988E-01     7.733429E+00     3.844130E-01
   2.130000E-01     8.412883E-01     7.729346E+00     3.803302E-01
   2.131667E-01     8.422784E-01     7.725284E+00     3.762685E-01
   2.133333E-01     8.432691E-01     7.721244E+00     3.722281E-01
   2.135000E-01     8.442604E-01     7.717225E+00     3.682089E-01
   2.136667E-01     8.452523E-01     7.713227E+00     3.642109E-01
   2.138333E-01     8.462447E-01     7.709250E+00     3.602342E-01
   2.140000E-01     8.472378E-01     7.705295E+00     3.562788E-01
   2.141667E-01     8.482314E-01     7.701360E+00     3.523446E-01
   2.143333E-01     8.492256E-01     7.697448E+00     3.484317E-01
   2.145000E-01     8.502203E-01     7.693556E+00     3.445402E-01
   2.146667E-01     8.512157E-01     7.689686E+00     3.406700E-01
   2.148333E-01     8.522116E-01     7.685837E+00     3.368211E-01
   2.150000E-01     8.532081E-01     7.682009E+00     3.329935E-01
   2.151667E-01     8.542052E-01     7.678203E+00     3.291874E-01
   2.153333E-01     8.552029E-01     7.674418E+00     3.254026E-01
   2.155000E-01     8.562012E-01     7.670655E+00     3.216392E-01
   2.156667E-01     8.572000E-01     7.666913E+00     3.178972E-01
   2.158333E-01     8.581995E-01     7.663192E+00     3.141766E-01
   2.160000E-01     8.591995E-01     7.659493E+00     3.104775E-01
   2.161667E-01     8.602001E-01     7.655816E+00     3.067997E-01
   2.163333E-01     8.612013E-01     7.652159E+00     3.031435E-01
   2.165000E-01     8.622030E-01     7.648525E+00     2.995087E-01
   2.166667E-01     8.632054E-01     7.644911E+00     2.958954E-01
   2.168333E-01     8.642083E-01     7.641319E+00     2.923036E-01
   2.170000E-01     8.652118E-01     7.637749E+00     2.887333E-01
   2.171667E-01     8.662159E-01     7.634200E+00     2.851845E-01
   2.173333E-01     8.672206E-01     7.630673E+00     2.816572E-01
   2.175000E-01     8.682258E-01     7.627167E+00     2.781515E-01
   2.176667E-01     8.692317E-01     7.623683E+00     2.746673E-01
   2.178333E-01     8.702381E-01     7.620221E+00     2.712047E-01
   2.180000E-01     8.712451E-01     7.616779E+00     2.677637E-01
   2.181667E-01     8.722527E-01     7.613360E+00     2.643442E-01
   2.183333E-01     8.732608E-01     7.609962E+00     2.609463E-01
   2.185000E-01     8.742696E-01     7.606586E+00     2.575701E-01
   2.186667E-01     8.752789E-01     7.603231E+00     2.542155E-01
   2.188333E-01     8.762888E-01     7.599898E+00     2.508825E-01
   2.190000E-01     8.772993E-01     7.596587E+00     2.475711E-01
   2.191667E-01     8.783104E-01     7.593297E+00     2.442814E-01
   2.193333E-01     8.793220E-01     7.590029E+00     2.410134E-01
   2.195000E-01     8.803343E-01     7.586783E+00     2.377670E-01
   2.196667E-01     8.813471E-01     7.583558E+00     2.345424E-01
   2.198333E-01     8.823605E-01     7.580355E+00     2.313394E-01
   2.200000E-01     8.833745E-01     7.577174E+00     2.281581E-01
   2.201667E-01     8.843891E-01     7.574014E+00     2.249986E-01
   2.203333E-01     8.854042E-01     7.570877E+00     2.218607E-01
   2.205000E-01     8.864200E-01     7.567760E+00     2.187446E-01
   2.206667E-01     8.874363E-01     7.564666E+00     2.156503E-01
   2.208333E-01     8.884532E-01     7.561594E+00     2.125777E-01
   2.210000E-01     8.894707E-01     7.558543E+00     2.095268E-01
   2.211667E-01     8.904887E-01     7.555514E+00     2.064978E-01
   2.213333E-01     8.915074E-01     7.552506E+00     2.034905E-01
   2.215000E-01     8.925266E-01     7.549521E+00     2.005050E-01
   2.216667E-01     8.935464E-01     7.546557E+00     1.975414E-01
   2.218333E-01     8.945668E-01     7.543615E+00     1.945995E-01
   2.220000E-01     8.955878E-01     7.540695E+00     1.916795E-01
   2.221667E-01     8.966094E-01     7.537797E+00     1.887813E-01
   2.223333E-01     8.976315E-01     7.534921E+00     1.859049E-01
   2.225000E-01     8.986542E-01     7.532066E+00     1.830504E-01
   2.226667E-01     8.996775E-01     7.529234E+00     1.802177E-01
   2.228333E-01     9.007014E-01     7.526423E+00     1.774069E-01
   2.230000E-01     9.017259E-01     7.523634E+00     1.746180E-01
   2.231667E-01     9.027509E-01     7.520867E+00     1.718510E-01
   2.233333E-01     9.037766E-01     7.518122E+00     1.691058E-01
   2.235000E-01     9.048028E-01     7.515398E+00     1.663826E-01
   2.236667E-01     9.058296E-01     7.512697E+00     1.636812E-01
   2.238333E-01     9.068570E-01     7.510018E+00     1.610018E-01
   2.240000E-01     9.078849E-01     7.507360E+00     1.583443E-01
   2.241667E-01     9.089135E-01     7.504725E+00     1.557087E-01
   2.243333E-01     9.099426E-01     7.502111E+00     1.530951E-01
   2.245000E-01     9.109723E-01     7.499519E+00     1.505034E-01
   2.246667E-01     9.120026E-01     7.496949E+00     1.479336E-01
   2.248333E-01     9.130335E-01     7.494402E+00     1.453859E-01
   2.250000E-01     9.140649E-01     7.491876E+00     1.428600E-01
   2.251667E-01     9.150970E-01     7.489372E+00     1.403562E-01
   2.253333E-01     9.161296E-01     7.486890E+00     1.378744E-01
   2.255000E-01     9.171628E-01     7.484430E+00     1.354145E-01
   2.256667E-01     9.181966E-01     7.481992E+00     1.329766E-01
   2.258333E-01     9.192310E-01     7.479577E+00     1.305608E-01
   2.260000E-01     9.202659E-01     7.477183E+00     1.281669E-01
   2.261667E-01     9.213015E-01     7.474811E+00     1.257951E-01
   2.263333E-01     9.223376E-01     7.472461E+00     1.234453E-01
   2.265000E-01     9.233743E-01     7.470133E+00     1.211175E-01
   2.266667E-01     9.244115E-01     7.467828E+00     1.188117E-01
   2.268333E-01     9.254494E-01     7.465544E+00     1.165280E-01
   2.270000E-01     9.264879E-01     7.463282E+00     1.142664E-01
   2.271667E-01     9.275269E-01     7.461043E+00     1.120268E-01
   2.273333E-01     9.285665E-01     7.458825E+00     1.098092E-01
   2.275000E-01     9.296067E-01     7.456630E+00     1.076137E-01
   2.276667E-01     9.306475E-01     7.454456E+00     1.054403E-01
   2.278333E-01     9.316888E-01     7.452305E+00     1.032890E-01
   2.280000E-01     9.327308E-01     7.450176E+00     1.011597E-01
   2.281667E-01     9.337733E-01     7.448068E+00     9.905254E-02
   2.283333E-01     9.348164E-01     7.445983E+00     9.696746E-02
   2.285000E-01     9.358601E-01     7.443920E+00     9.490447E-02
   2.286667E-01     9.369043E-01     7.441879E+00     9.286359E-02
   2.288333E-01     9.379492E-01     7.439861E+00     9.084482E-02
   2.290000E-01     9.389946E-01     7.437864E+00     8.884816E-02
   2.291667E-01     9.400406E-01     7.435889E+00     8.687361E-02
   2.293333E-01     9.410872E-01     7.433937E+00     8.492118E-02
   2.295000E-01     9.421344E-01     7.432007E+00     8.299088E-02
   2.296667E-01     9.431822E-01     7.430099E+00     8.108271E-02
   2.298333E-01     9.442305E-01     7.428213E+00     7.919668E-02
   2.300000E-01     9.452794E-01     7.426349E+00     7.733278E-02
   2.301667E-01     9.463289E-01     7.424507E+00     7.549102E-02
   2.303333E-01     9.473790E-01     7.422687E+00     7.367141E-02
   2.305000E-01     9.484297E-01     7.420890E+00     7.187395E-02
   2.306667E-01     9.494810E-01     7.419114E+00     7.009865E-02
   2.308333E-01     9.505328E-01     7.417361E+00     6.834550E-02
   2.310000E-01     9.515852E-01     7.415630E+00     6.661451E-02
   2.311667E-01     9.526382E-01     7.413922E+00     6.490569E-02
   2.313333E-01     9.536918E-01     7.412235E+00     6.321904E-02
   2.315000E-01     9.547460E-01     7.410570E+00     6.155455E-02
   2.316667E-01     9.558007E-01     7.408928E+00     5.991225E-02
   2.318333E-01     9.568561E-01     7.407308E+00     5.829211E-02
   2.320000E-01     9.579120E-01     7.405710E+00     5.669416E-02
   2.321667E-01     9.589685E-01     7.404134E+00     5.511840E-02
   2.323333E-01     9.600255E-01     7.402581E+00     5.356482E-02
   2.325000E-01     9.610832E-01     7.401049E+00     5.203342E-02
   2.326667E-01     9.621415E-01     7.399540E+00     5.052422E-02
   2.328333E-01     9.632003E-01     7.398053E+00     4.903721E-02
   2.330000E-01     9.642597E-01     7.396588E+00     4.757240E-02
   2.331667E-01     9.653197E-01     7.395146E+00     4.612979E-02
   2.333333E-01     9.663802E-01     7.393725E+00     4.470938E-02
   2.335000E-01     9.674414E-01     7.392327E+00     4.331116E-02
   2.336667E-01     9.685031E-01     7.390951E+00     4.193516E-02
   2.338333E-01     9.695655E-01     7.389597E+00     4.058136E-02
   2.340000E-01     9.706284E-01     7.388266E+00     3.924977E-02
   2.341667E-01     9.716918E-01     7.386956E+00     3.794038E-02
   2.343333E-01     9.727559E-01     7.385669E+00     3.665321E-02
   2.345000E-01     9.738206E-01     7.384404E+00     3.538825E-02
   2.346667E-01     9.748858E-01     7.383161E+00     3.414551E-02
   2.348333E-01     9.759516E-01     7.381941E+00     3.292498E-02
   2.350000E-01     9.770180E-01     7.380743E+00     3.172667E-02
   2.351667E-01     9.780850E-01     7.379566E+00     3.055057E-02
   2.353333E-01     9.791525E-01     7.378413E+00     2.939669E-02
   2.355000E-01     9.802207E-01     7.377281E+00     2.826503E-02
   2.356667E-01     9.812894E-01     7.376171E+00     2.715559E-02
   2.358333E-01     9.823587E-01     7.375084E+00     2.606837E-02
   2.360000E-01     9.834286E-01     7.374019E+00     2.500337E-02
   2.361667E-01     9.844991E-01     7.372976E+00     2.396060E-02
   2.363333E-01     9.855701E-01     7.371956E+00     2.294004E-02
   2.365000E-01     9.866418E-01     7.370958E+00     2.194171E-02
   2.366667E-01     9.877140E-01     7.369981E+00     2.096560E-02
   2.368333E-01     9.887868E-01     7.369028E+00     2.001171E-02
   2.370000E-01     9.898602E-01     7.368096E+00     1.908004E-02
   2.371667E-01     9.909341E-01     7.367186E+00     1.817059E-02
   2.373333E-01     9.920087E-01     7.366299E+00     1.728337E-02
   2.375000E-01     9.930838E-01     7.365434E+00     1.641836E-02
   2.376667E-01     9.941595E-01     7.364591E+00     1.557558E-02
   2.378333E-01     9.952358E-01     7.363771E+00     1.475501E-02
   2.380000E-01     9.963127E-01     7.362973E+00     1.395667E-02
   2.381667E-01     9.973901E-01     7.362196E+00     1.318054E-02
   2.383333E-01     9.984682E-01     7.361442E+00     1.242663E-02
   2.385000E-01     9.995468E-01     7.360711E+00     1.169494E-02
   2.386667E-01     1.000626E+00     7.360001E+00     1.098547E-02
   2.388333E-01     1.001706E+00     7.359314E+00     1.029820E-02
   2.390000E-01     1.002786E+00     7.358649E+00     9.633153E-03
   2.391667E-01     1.003867E+00     7.358006E+00     8.990316E-03
   2.393333E-01     1.004949E+00     7.357386E+00     8.369688E-03
   2.395000E-01     1.006031E+00     7.356787E+00     7.771268E-03
   2.396667E-01     1.007113E+00     7.356211E+00     7.195056E-03
   2.398333E-01     1.008197E+00     7.355657E+00     6.641048E-03
   2.400000E-01     1.009281E+00     7.355125E+00     6.109244E-03
   2.401667E-01     1.010365E+00     7.354615E+00     5.599641E-03
   2.403333E-01     1.011450E+00     7.354128E+00     5.112237E-03
   2.405000E-01     1.012536E+00     7.353663E+00     4.647030E-03
   2.406667E-01     1.013622E+00     7.353220E+00     4.204017E-03
   2.408333E-01     1.014709E+00     7.352799E+00     3.783197E-03
   2.410000E-01     1.015796E+00     7.352400E+00     3.384566E-03
   2.411667E-01     1.016884E+00     7.352024E+00     3.008123E-03
   2.413333E-01     1.017972E+00     7.351670E+00     2.653864E-03
   2.415000E-01     1.019062E+00     7.351338E+00     2.321787E-03
   2.416667E-01     1.020151E+00     7.351028E+00     2.011888E-03
   2.418333E-01     1.021242E+00     7.350740E+00     1.724166E-03
   2.420000E-01     1.022332E+00     7.350474E+00     1.458616E-03
   2.421667E-01     1.023424E+00     7.350231E+00     1.215236E-03
   2.423333E-01     1.024516E+00     7.350010E+00     9.940227E-04
   2.425000E-01     1.025608E+00     7.349811E+00     7.949721E-04
   2.426667E-01     1.026702E+00     7.349634E+00     6.180810E-04
   2.428333E-01     1.027795E+00     7.349479E+00     4.633460E-04
   2.430000E-01     1.028890E+00     7.349347E+00     3.307633E-04
   2.431667E-01     1.029985E+00     7.349236E+00     2.203292E-04
   2.433333E-01     1.031080E+00     7.349148E+00     1.320398E-04
   2.435000E-01     1.032176E+00     7.349082E+00     6.589115E-05
   2.436667E-01     1.033273E+00     7.349038E+00     2.187928E-05
   2.438333E-01     1.034370E+00     7.349016E+00     0.000000E+00
   2.440000E-01     1.035468E+00     7.349016E+00     2.490740E-07
   2.441667E-01     1.036566E+00     7.349038E+00     2.262216E-05
   2.443333E-01     1.037665E+00     7.349083E+00     6.711483E-05
   2.445000E-01     1.038765E+00     7.349150E+00     1.337226E-04
   2.446667E-01     1.039865E+00     7.349238E+00     2.224407E-04
   2.448333E-01     1.040966E+00     7.349349E+00     3.332645E-04
   2.450000E-01     1.042067E+00     7.349482E+00     4.661893E-04
   2.451667E-01     1.043169E+00     7.349637E+00     6.212100E-04
   2.453333E-01     1.044272E+00     7.349814E+00     7.983216E-04
   2.455000E-01     1.045375E+00     7.350013E+00     9.975191E-04
   2.456667E-01     1.046478E+00     7.350235E+00     1.218797E-03
   2.458333E-01     1.047583E+00     7.350478E+00     1.462151E-03
   2.460000E-01     1.048688E+00     7.350743E+00     1.727574E-03
   2.461667E-01     1.049793E+00     7.351031E+00     2.015062E-03
   2.463333E-01     1.050899E+00     7.351340E+00     2.324609E-03
   2.465000E-01     1.052005E+00     7.351672E+00     2.656209E-03
   2.466667E-01     1.053113E+00     7.352026E+00     3.009856E-03
   2.468333E-01     1.054220E+00     7.352401E+00     3.385545E-03
   2.470000E-01     1.055329E+00     7.352799E+00     3.783269E-03
   2.471667E-01     1.056438E+00     7.353219E+00     4.203023E-03
   2.473333E-01     1.057547E+00     7.353661E+00     4.644800E-03
   2.475000E-01     1.058657E+00     7.354124E+00     5.108595E-03
   2.476667E-01     1.059768E+00     7.354610E+00     5.594400E-03
   2.478333E-01     1.060879E+00     7.355118E+00     6.102209E-03
   2.480000E-01     1.061991E+00     7.355648E+00     6.632016E-03
   2.481667E-01     1.063103E+00     7.356200E+00     7.183815E-03
   2.483333E-01     1.064216E+00     7.356773E+00     7.757597E-03
   2.485000E-01     1.065330E+00     7.357369E+00     8.353358E-03
   2.486667E-01     1.066444E+00     7.357987E+00     8.971089E-03
   2.488333E-01     1.067559E+00     7.358627E+00     9.610784E-03
   2.490000E-01     1.068674E+00     7.359288E+00     1.027244E-02
   2.491667E-01     1.069790E+00     7.359972E+00     1.095604E-02
   2.493333E-01     1.070906E+00     7.360677E+00     1.166158E-02
   2.495000E-01     1.072023E+00     7.361405E+00     1.238906E-02
   2.496667E-01     1.073141E+00     7.362154E+00     1.313846E-02
   2.498333E-01     1.074259E+00     7.362926E+00     1.390979E-02
   2.500000E-01     1.075378E+00     7.363719E+00     1.470302E-02
   2.501667E-01     1.076497E+00     7.364534E+00     1.551816E-02
   2.503333E-01     1.077617E+00     7.365371E+00     1.635520E-02
   2.505000E-01     1.078738E+00     7.366230E+00     1.721413E-02
   2.506667E-01     1.079859E+00     7.367111E+00     1.809493E-02
   2.508333E-01     1.080981E+00     7.368013E+00     1.899761E-02
   2.510000E-01     1.082103E+00     7.368938E+00     1.992216E-02
   2.511667E-01     1.083226E+00     7.369884E+00     2.086855E-02
   2.513333E-01     1.084349E+00     7.370853E+00     2.183680E-02
   2.515000E-01     1.085473E+00     7.371843E+00     2.282689E-02
   2.516667E-01     1.086598E+00     7.372855E+00     2.383880E-02
   2.518333E-01     1.087723E+00     7.373888E+00     2.487254E-02
   2.520000E-01     1.088849E+00     7.374944E+00     2.592809E-02
   2.521667E-01     1.089975E+00     7.376021E+00     2.700545E-02
   2.523333E-01     1.091102E+00     7.377120E+00     2.810460E-02
   2.525000E-01     1.092230E+00     7.378241E+00     2.922553E-02
   2.526667E-01     1.093358E+00     7.379384E+00     3.036825E-02
   2.528333E-01     1.094487E+00     7.380549E+00     3.153273E-02
   2.530000E-01     1.095616E+00     7.381735E+00     3.271897E-02
   2.531667E-01     1.096746E+00     7.382943E+00     3.392696E-02
   2.533333E-01     1.097876E+00     7.384173E+00     3.515669E-02
   2.535000E-01     1.099007E+00     7.385424E+00     3.640815E-02
   2.536667E-01     1.100139E+00     7.386697E+00     3.768133E-02
   2.538333E-01     1.101271E+00     7.387992E+00     3.897622E-02
   2.540000E-01     1.102404E+00     7.389309E+00     4.029281E-02
   2.541667E-01     1.103537E+00     7.390647E+00     4.163109E-02
   2.543333E-01     1.104671E+00     7.392007E+00     4.299105E-02
   2.545000E-01     1.105806E+00     7.393389E+00     4.437269E-02
   2.546667E-01     1.106941E+00     7.394792E+00     4.577598E-02
   2.548333E-01     1.108077E+00     7.396217E+00     4.720093E-02
   2.550000E-01     1.109213E+00     7.397663E+00     4.864752E-02
   2.551667E-01     1.110350E+00     7.399132E+00     5.011573E-02
   2.553333E-01     1.111487E+00     7.400621E+00     5.160557E-02
   2.555000E-01     1.112625E+00     7.402133E+00     5.311701E-02
   2.556667E-01     1.113764E+00     7.403666E+00     5.465005E-02
   2.558333E-01     1.114903E+00     7.405221E+00     5.620468E-02
   2.560000E-01     1.116043E+00     7.406797E+00     5.778088E-02
   2.561667E-01     1.117183E+00     7.408394E+00     5.937865E-02
   2.563333E-01     1.118324E+00     7.410014E+00     6.099797E-02
   2.565000E-01     1.119465E+00     7.411655E+00     6.263884E-02
   2.566667E-01     1.120608E+00     7.413317E+00     6.430123E-02
   2.568333E-01     1.121750E+00     7.415001E+00     6.598515E-02
   2.570000E-01     1.122894E+00     7.416706E+00     6.769058E-02
   2.571667E-01     1.124037E+00     7.418433E+00     6.941750E-02
   2.573333E-01     1.125182E+00     7.420182E+00     7.116591E-02
   2.575000E-01     1.126327E+00     7.421952E+00     7.293579E-02
   2.576667E-01     1.127472E+00     7.423743E+00     7.472714E-02
   2.578333E-01     1.128619E+00     7.425556E+00     7.653993E-02
   2.580000E-01     1.129765E+00     7.427390E+00     7.837417E-02
   2.581667E-01     1.130913E+00     7.429246E+00     8.022983E-02
   2.583333E-01     1.132061E+00     7.431123E+00     8.210690E-02
   2.585000E-01     1.133209E+00     7.433021E+00     8.400538E-02
   2.586667E-01     1.134358E+00     7.434941E+00     8.592525E-02
   2.588333E-01     1.135508E+00     7.436882E+00     8.786650E-02
   2.590000E-01     1.136658E+00     7.438845E+00     8.982911E-02
   2.591667E-01     1.137809E+00     7.440829E+00     9.181307E-02
   2.593333E-01     1.138960E+00     7.442834E+00     9.381838E-02
   2.595000E-01     1.140112E+00     7.444861E+00     9.584501E-02
   2.596667E-01     1.141265E+00     7.446909E+00     9.789295E-02
   2.598333E-01     1.142418E+00     7.448978E+00     9.996220E-02
   2.600000E-01     1.143572E+00     7.451069E+00     1.020527E-01
   2.601667E-01     1.144726E+00     7.453180E+00     1.041646E-01
   2.603333E-01     1.145881E+00     7.455313E+00     1.062976E-01
   2.605000E-01     1.147036E+00     7.457468E+00     1.084520E-01
   2.606667E-01     1.148193E+00     7.459643E+00     1.106275E-01
   2.608333E-01     1.149349E+00     7.461840E+00     1.128243E-01
   2.610000E-01     1.150506E+00     7.464058E+00     1.150423E-01
   2.611667E-01     1.151664E+00     7.466297E+00     1.172815E-01
   2.613333E-01     1.152823E+00     7.468558E+00     1.195419E-01
   2.615000E-01     1.153982E+00     7.470839E+00     1.218234E-01
   2.616667E-01     1.155141E+00     7.473142E+00     1.241261E-01
   2.618333E-01     1.156301E+00     7.475466E+00     1.264499E-01
   2.620000E-01     1.157462E+00     7.477811E+00     1.287949E-01
   2.621667E-01     1.158623E+00     7.480177E+00     1.311610E-01
   2.623333E-01     1.159785E+00     7.482564E+00     1.335482E-01
   2.625000E-01     1.160948E+00     7.484972E+00     1.359564E-01
   2.626667E-01     1.162111E+00     7.487402E+00     1.383857E-01
   2.628333E-01     1.163274E+00     7.489852E+00     1.408361E-01
   2.630000E-01     1.164439E+00     7.492323E+00     1.433076E-01
   2.631667E-01     1.165603E+00     7.494816E+00     1.458000E-01
   2.633333E-01     1.166769E+00     7.497329E+00     1.483135E-01
   2.635000E-01     1.167935E+00     7.499864E+00     1.508480E-01
   2.636667E-01     1.169101E+00     7.502419E+00     1.534034E-01
   2.638333E-01     1.170268E+00     7.504996E+00     1.559799E-01
   2.640000E-01     1.171436E+00     7.507593E+00     1.585772E-01
   2.641667E-01     1.172604E+00     7.510211E+00     1.611955E-01
   2.643333E-01     1.173773E+00     7.512851E+00     1.638348E-01
   2.645000E-01     1.174943E+00     7.515511E+00     1.664949E-01
   2.646667E-01     1.176113E+00     7.518192E+00     1.691760E-01
   2.648333E-01     1.177283E+00     7.520894E+00     1.718779E-01
   2.650000E-01     1.178455E+00     7.523617E+00     1.746007E-01
   2.651667E-01     1.179626E+00     7.526360E+00     1.773443E-01
   2.653333E-01     1.180799E+00     7.529125E+00     1.801088E-01
   2.655000E-01     1.181972E+00     7.531910E+00     1.828941E-01
   2.656667E-01     1.183145E+00     7.534716E+00     1.857002E-01
   2.658333E-01     1.184319E+00     7.537543E+00     1.885270E-01
   2.660000E-01     1.185494E+00     7.540390E+00     1.913747E-01
   2.661667E-01     1.186669E+00     7.543259E+00     1.942431E-01
   2.663333E-01     1.187845E+00     7.546148E+00     1.971322E-01
   2.665000E-01     1.189022E+00     7.549058E+00     2.000420E-01
   2.666667E-01     1.190199E+00     7.551988E+00     2.029726E-01
   2.668333E-01     1.191376E+00     7.554940E+00     2.059238E-01
   2.670000E-01     1.192555E+00     7.557912E+00     2.088958E-01
   2.671667E-01     1.193733E+00     7.560904E+00     2.118883E-01
   2.673333E-01     1.194913E+00     7.563917E+00     2.149016E-01
   2.675000E-01     1.196093E+00     7.566951E+00     2.179354E-01
   2.676667E-01     1.197273E+00     7.570006E+00     2.209898E-01
   2.678333E-01     1.198454E+00     7.573081E+00     2.240649E-01
   2.680000E-01     1.199636E+00     7.576176E+00     2.271605E-01
   2.681667E-01     1.200818E+00     7.579293E+00     2.302767E-01
   2.683333E-01     1.202001E+00     7.582429E+00     2.334134E-01
   2.685000E-01     1.203185E+00     7.585586E+00     2.365706E-01
   2.686667E-01     1.204369E+00     7.588764E+00     2.397484E-01
   2.688333E-01     1.205553E+00     7.591962E+00     2.429466E-01
   2.690000E-01     1.206738E+00     7.595181E+00     2.461653E-01
   2.691667E-01     1.207924E+00     7.598420E+00     2.494044E-01
   2.693333E-01     1.209110E+00     7.601680E+00     2.526640E-01
   2.695000E-01     1.210297E+00     7.604960E+00     2.559441E-01
   2.696667E-01     1.211485E+00     7.608260E+00     2.592445E-01
   2.698333E-01     1.212673E+00     7.611581E+00     2.625653E-01
   2.700000E-01     1.213862E+00     7.614922E+00     2.659065E-01
   2.701667E-01     1.215051E+00     7.618284E+00     2.692680E-01
   2.703333E-01     1.216241E+00     7.621666E+00     2.726498E-01
   2.705000E-01     1.217431E+00     7.625068E+00     2.760520E-01
   2.706667E-01     1.218622E+00     7.628490E+00     2.794745E-01
   2.708333E-01     1.219814E+00     7.631933E+00     2.829172E-01
   2.710000E-01     1.221006E+00     7.635396E+00     2.863802E-01
   2.711667E-01     1.222199E+00     7.638879E+00     2.898635E-01
   2.713333E-01     1.223392E+00     7.642383E+00     2.933670E-01
   2.715000E-01     1.224586E+00     7.645906E+00     2.968906E-01
   2.716667E-01     1.225780E+00     7.649450E+00     3.004345E-01
   2.718333E-01     1.226976E+00     7.653014E+00     3.039986E-01
   2.720000E-01     1.228171E+00     7.656599E+00     3.075828E-01
   2.721667E-01     1.229367E+00     7.660203E+00     3.111871E-01
   2.723333E-01     1.230564E+00     7.663827E+00     3.148115E-01
   2.725000E-01     1.231762E+00     7.667472E+00     3.184561E-01
   2.726667E-01     1.232960E+00     7.671137E+00     3.221207E-01
   2.728333E-01     1.234158E+00     7.674821E+00     3.258054E-01
   2.730000E-01     1.235357E+00     7.678526E+00     3.295101E-01
   2.731667E-01     1.236557E+00     7.682251E+00     3.332348E-01
   2.733333E-01     1.237757E+00     7.685995E+00     3.369795E-01
   2.735000E-01     1.238958E+00     7.689760E+00     3.407443E-01
   2.736667E-01     1.240160E+00     7.693545E+00     3.445289E-01
   2.738333E-01     1.241362E+00     7.697349E+00     3.483336E-01
   2.740000E-01     1.242565E+00     7.701174E+00     3.521581E-01
   2.741667E-01     1.243768E+00     7.705018E+00     3.560026E-01
   2.743333E-01     1.244972E+00     7.708883E+00     3.598669E-01
   2.745000E-01     1.246176E+00     7.712767E+00     3.637512E-01
   2.746667E-01     1.247381E+00     7.716671E+00     3.676552E-01
   2.748333E-01     1.248587E+00     7.720595E+00     3.715791E-01
   2.750000E-01     1.249793E+00     7.724539E+00     3.755228E-01
   2.751667E-01     1.250999E+00     7.728502E+00     3.794863E-01
   2.753333E-01     1.252207E+00     7.732485E+00     3.834696E-01
   2.755000E-01     1.253415E+00     7.736488E+00     3.874726E-01
   2.756667E-01     1.254623E+00     7.740511E+00     3.914953E-01
   2.758333E-01     1.255832E+00     7.744554E+00     3.955378E-01
   2.760000E-01     1.257042E+00     7.748616E+00     3.995999E-01
   2.761667E-01     1.258252E+00     7.752698E+00     4.036817E-01
   2.763333E-01     1.259463E+00     7.756799E+00     4.077832E-01
   2.765000E-01     1.260674E+00     7.760920E+00     4.119043E-01
   2.766667E-01     1.261886E+00     7.765061E+00     4.160450E-01
   2.768333E-01     1.263099E+00     7.769221E+00     4.202052E-01
   2.770000E-01     1.264312E+00     7.773401E+00     4.243851E-01
   2.771667E-01     1.265526E+00     7.777600E+00     4.285845E-01
   2.773333E-01     1.266740E+00     7.781819E+00     4.328034E-01
   2.775000E-01     1.267955E+00     7.786058E+00     4.370419E-01
   2.776667E-01     1.269170E+00     7.790316E+00     4.412998E-01
   2.778333E-01     1.270386E+00     7.794593E+00     4.455772E-01
   2.780000E-01     1.271603E+00     7.798890E+00     4.498740E-01
   2.781667E-01     1.272820E+00     7.803206E+00     4.541903E-01
   2.783333E-01     1.274038E+00     7.807542E+00     4.585260E-01
   2.785000E-01     1.275256E+00     7.811897E+00     4.628810E-01
   2.786667E-01     1.276475E+00     7.816271E+00     4.672554E-01
   2.788333E-01     1.277695E+00     7.820665E+00     4.716492E-01
   2.790000E-01     1.278915E+00     7.825078E+00     4.760622E-01
   2.791667E-01     1.280136E+00     7.829510E+00     4.804946E-01
   2.793333E-01     1.281357E+00     7.833962E+00     4.849463E-01
   2.795000E-01     1.282579E+00     7.838433E+00     4.894172E-01
   2.796667E-01     1.283801E+00     7.842923E+00     4.939073E-01
   2.798333E-01     1.285024E+00     7.847432E+00     4.984166E-01
   2.800000E-01     1.286248E+00     7.851961E+00     5.029452E-01
   2.801667E-01     1.287472E+00     7.856509E+00     5.074929E-01
   2.803333E-01     1.288697E+00     7.861076E+00     5.120598E-01
   2.805000E-01     1.289922E+00     7.865662E+00     5.166457E-01
   2.806667E-01     1.291148E+00     7.870267E+00     5.212508E-01
   2.808333E-01     1.292375E+00     7.874891E+00     5.258750E-01
   2.810000E-01     1.293602E+00     7.879534E+00     5.305183E-01
   2.811667E-01     1.294829E+00     7.884196E+00     5.351805E-01
   2.813333E-01     1.296058E+00     7.888878E+00     5.398618E-01
   2.815000E-01     1.297287E+00     7.893578E+00     5.445621E-01
   2.816667E-01     1.298516E+00     7.898297E+00     5.492814E-01
   2.818333E-01     1.299746E+00     7.903035E+00     5.540196E-01
   2.820000E-01     1.300977E+00     7.907793E+00     5.587768E-01
   2.821667E-01     1.302208E+00     7.912569E+00     5.635528E-01
   2.823333E-01     1.303440E+00     7.917364E+00     5.683478E-01
   2.825000E-01     1.304672E+00     7.922177E+00     5.731616E-01
   2.826667E-01     1.305905E+00     7.927010E+00     5.779942E-01
   2.828333E-01     1.307138E+00     7.931862E+00     5.828457E-01
   2.830000E-01     1.308372E+00     7.936732E+00     5.877159E-01
   2.831667E-01     1.309607E+00     7.941621E+00     5.926050E-01
   2.833333E-01     1.310842E+00     7.946529E+00     5.975128E-01
   2.835000E-01     1.312078E+00     7.951455E+00     6.024393E-01
   2.836667E-01     1.313315E+00     7.956400E+00     6.073845E-01
   2.838333E-01     1.314552E+00     7.961364E+00     6.123484E-01
   2.840000E-01     1.315789E+00     7.966347E+00     6.173310E-01
   2.841667E-01     1.317027E+00     7.971348E+00     6.223322E-01
   2.843333E-01     1.318266E+00     7.976368E+00     6.273520E-01
   2.845000E-01     1.319506E+00     7.981406E+00     6.323904E-01
   2.846667E-01     1.320745E+00     7.986463E+00     6.374474E-01
   2.848333E-01     1.321986E+00     7.991539E+00     6.425229E-01
   2.850000E-01     1.323227E+00     7.996633E+00     6.476169E-01
   2.851667E-01     1.324469E+00     8.001745E+00     6.527295E-01
   2.853333E-01     1.325711E+00     8.006876E+00     6.578605E-01
   2.855000E-01     1.326954E+00     8.012026E+00     6.630100E-01
   2.856667E-01     1.328197E+00     8.017194E+00     6.681779E-01
   2.858333E-01     1.329441E+00     8.022380E+00     6.733642E-01
   2.860000E-01     1.330686E+00     8.027585E+00     6.785689E-01
   2.861667E-01     1.331931E+00     8.032808E+00     6.837919E-01
   2.863333E-01     1.333177E+00     8.038049E+00     6.890333E-01
   2.865000E-01     1.334423E+00     8.043309E+00     6.942930E-01
   2.866667E-01     1.335670E+00     8.048587E+00     6.995710E-01
   2.868333E-01     1.336917E+00     8.053883E+00     7.048673E-01
   2.870000E-01     1.338165E+00     8.059198E+00     7.101818E-01
   2.871667E-01     1.339414E+00     8.064530E+00     7.155145E-01
   2.873333E-01     1.340663E+00     8.069881E+00     7.208654E-01
   2.875000E-01     1.341913E+00     8.075250E+00     7.262345E-01
   2.876667E-01     1.343164E+00     8.080638E+00     7.316217E-01
   2.878333E-01     1.344415E+00     8.086043E+00     7.370270E-01
   2.880000E-01     1.345666E+00     8.091466E+00     7.424505E-01
   2.881667E-01     1.346918E+00     8.096908E+00     7.478920E-01
   2.883333E-01     1.348171E+00     8.102367E+00     7.533516E-01
   2.885000E-01     1.349424E+00     8.107845E+00     7.588292E-01
   2.886667E-01     1.350678E+00     8.113341E+00     7.643248E-01
   2.888333E-01     1.351933E+00     8.118854E+00     7.698384E-01
   2.890000E-01     1.353188E+00     8.124386E+00     7.753699E-01
   2.891667E-01     1.354443E+00     8.129935E+00     7.809194E-01
   2.893333E-01     1.355700E+00     8.135503E+00     7.864867E-01
   2.895000E-01     1.356956E+00     8.141088E+00     7.920720E-01
   2.896667E-01     1.358214E+00     8.146691E+00     7.976751E-01
   2.898333E-01     1.359472E+00     8.152312E+00     8.032960E-01
   2.900000E-01     1.360730E+00     8.157951E+00     8.089348E-01
   2.901667E-01     1.361989E+00     8.163607E+00     8.145913E-01
   2.903333E-01     1.363249E+00     8.169281E+00     8.202656E-01
   2.905000E-01     1.364509E+00     8.174973E+00     8.259576E-01
   2.906667E-01     1.365770E+00     8.180683E+00     8.316674E-01
   2.908333E-01     1.367032E+00     8.186411E+00     8.373948E-01
   2.910000E-01     1.368294E+00     8.192156E+00     8.431399E-01
   2.911667E-01     1.369556E+00     8.197918E+00     8.489026E-01
   2.913333E-01     1.370820E+00     8.203699E+00     8.546829E-01
   2.915000E-01     1.372083E+00     8.209497E+00     8.604808E-01
   2.916667E-01     1.373348E+00     8.215312E+00     8.662963E-01
   2.918333E-01     1.374613E+00     8.221145E+00     8.721293E-01
   2.920000E-01     1.375878E+00     8.226996E+00     8.779798E-01
   2.921667E-01     1.377144E+00     8.232864E+00     8.838478E-01
   2.923333E-01     1.378411E+00     8.238749E+00     8.897333E-01
   2.925000E-01     1.379678E+00     8.244652E+00     8.956361E-01
   2.926667E-01     1.380946E+00     8.250572E+00     9.015564E-01
   2.928333E-01     1.382215E+00     8.256510E+00     9.074941E-01
   2.930000E-01     1.383484E+00     8.262465E+00     9.134492E-01
   2.931667E-01     1.384753E+00     8.268437E+00     9.194216E-01
   2.933333E-01     1.386024E+00     8.274427E+00     9.254113E-01
   2.935000E-01     1.387294E+00     8.280434E+00     9.314182E-01
   2.936667E-01     1.388566E+00     8.286458E+00     9.374425E-01
   2.938333E-01     1.389838E+00     8.292500E+00     9.434839E-01
   2.940000E-01     1.391110E+00     8.298558E+00     9.495426E-01
   2.941667E-01     1.392383E+00     8.304634E+00     9.556185E-01
   2.943333E-01     1.393657E+00     8.310727E+00     9.617115E-01
   2.945000E-01     1.394931E+00     8.316837E+00     9.678216E-01
   2.946667E-01     1.396206E+00     8.322965E+00     9.739488E-01
   2.948333E-01     1.397482E+00     8.329109E+00     9.800932E-01
   2.950000E-01     1.398758E+00     8.335270E+00     9.862545E-01
   2.951667E-01     1.400034E+00     8.341449E+00     9.924329E-01
   2.953333E-01     1.401311E+00     8.347644E+00     9.986284E-01
   2.955000E-01     1.402589E+00     8.353857E+00     1.004841E+00
   2.956667E-01     1.403868E+00     8.360086E+00     1.011070E+00
   2.958333E-01     1.405146E+00     8.366332E+00     1.017316E+00
   2.960000E-01     1.406426E+00     8.372595E+00     1.023579E+00
   2.961667E-01     1.407706E+00     8.378875E+00     1.029859E+00
   2.963333E-01     1.408987E+00     8.385172E+00     1.036156E+00
   2.965000E-01     1.410268E+00     8.391486E+00     1.042470E+00
   2.966667E-01     1.411550E+00     8.397816E+00     1.048801E+00
   2.968333E-01     1.412832E+00     8.404164E+00     1.055148E+00
   2.970000E-01     1.414115E+00     8.410528E+00     1.061512E+00
   2.971667E-01     1.415399E+00     8.416908E+00     1.067893E+00
   2.973333E-01     1.416683E+00     8.423306E+00     1.074290E+00
   2.975000E-01     1.417968E+00     8.429720E+00     1.080704E+00
   2.976667E-01     1.419253E+00     8.436151E+00     1.087135E+00
   2.978333E-01     1.420539E+00     8.442598E+00     1.093582E+00
   2.980000E-01     1.421826E+00     8.449062E+00     1.100046E+00
   2.981667E-01     1.423113E+00     8.455542E+00     1.106526E+00
   2.983333E-01     1.424400E+00     8.462039E+00     1.113023E+00
   2.985000E-01     1.425689E+00     8.468553E+00     1.119537E+00
   2.986667E-01     1.426977E+00     8.475083E+00     1.126067E+00
   2.988333E-01     1.428267E+00     8.481629E+00     1.132613E+00
   2.990000E-01     1.429557E+00     8.488192E+00     1.139176E+00
   2.991667E-01     1.430847E+00     8.494771E+00     1.145755E+00
   2.993333E-01     1.432139E+00     8.501367E+00     1.152351E+00
   2.995000E-01     1.433430E+00     8.507979E+00     1.158963E+00
   2.996667E-01     1.434723E+00     8.514607E+00     1.165591E+00
   2.998333E-01     1.436015E+00     8.521252E+00     1.172236E+00
   3.000000E-01     1.437309E+00     8.527912E+00     1.178897E+00
   3.001667E-01     1.438603E+00     8.534590E+00     1.185574E+00
   3.003333E-01     1.439898E+00     8.541283E+00     1.192267E+00
   3.005000E-01     1.441193E+00     8.547992E+00     1.198976E+00
   3.006667E-01     1.442489E+00     8.554718E+00     1.205702E+00
   3.008333E-01     1.443785E+00     8.561460E+00     1.212444E+00
   3.010000E-01     1.445082E+00     8.568218E+00     1.219202E+00
   3.011667E-01     1.446380E+00     8.574992E+00     1.225976E+00
   3.013333E-01     1.447678E+00     8.581782E+00     1.232766E+00
   3.015000E-01     1.448977E+00     8.588588E+00     1.239572E+00
   3.016667E-01     1.450276E+00     8.595410E+00     1.246394E+00
   3.018333E-01     1.451576E+00     8.602248E+00     1.253232E+00
   3.020000E-01     1.452876E+00     8.609102E+00     1.260086E+00
   3.021667E-01     1.454177E+00     8.615971E+00     1.266956E+00
   3.023333E-01     1.455479E+00     8.622857E+00     1.273841E+00
   3.025000E-01     1.456781E+00     8.629759E+00     1.280743E+00
   3.026667E-01     1.458084E+00     8.636676E+00     1.287660E+00
   3.028333E-01     1.459387E+00     8.643609E+00     1.294594E+00
   3.030000E-01     1.460691E+00     8.650558E+00     1.301543E+00
   3.031667E-01     1.461996E+00     8.657523E+00     1.308507E+00
   3.033333E-01     1.463301E+00     8.664504E+00     1.315488E+00
   3.035000E-01     1.464607E+00     8.671500E+00     1.322484E+00
   3.036667E-01     1.465913E+00     8.678512E+00     1.329496E+00
   3.038333E-01     1.467220E+00     8.685539E+00     1.336523E+00
   3.040000E-01     1.468527E+00     8.692582E+00     1.343567E+00
   3.041667E-01     1.469835E+00     8.699641E+00     1.350625E+00
   3.043333E-01     1.471144E+00     8.706715E+00     1.357700E+00
   3.045000E-01     1.472453E+00     8.713805E+00     1.364789E+00
   3.046667E-01     1.473763E+00     8.720911E+00     1.371895E+00
   3.048333E-01     1.475073E+00     8.728031E+00     1.379016E+00
   3.050000E-01     1.476384E+00     8.735168E+00     1.386152E+00
   3.051667E-01     1.477696E+00     8.742319E+00     1.393303E+00
   3.053333E-01     1.479008E+00     8.749486E+00     1.400470E+00
   3.055000E-01     1.480321E+00     8.756669E+00     1.407653E+00
   3.056667E-01     1.481634E+00     8.763867E+00     1.414851E+00
   3.058333E-01     1.482948E+00     8.771080E+00     1.422064E+00
   3.060000E-01     1.484262E+00     8.778308E+00     1.429292E+00
   3.061667E-01     1.485577E+00     8.785552E+00     1.436536E+00
   3.063333E-01     1.486893E+00     8.792811E+00     1.443795E+00
   3.065000E-01     1.488209E+00     8.800085E+00     1.451069E+00
   3.066667E-01     1.489526E+00     8.807374E+00     1.458358E+00
   3.068333E-01     1.490843E+00     8.814678E+00     1.465662E+00
   3.070000E-01     1.492161E+00     8.821998E+00     1.472982E+00
   3.071667E-01     1.493480E+00     8.829332E+00     1.480316E+00
   3.073333E-01     1.494799E+00     8.836682E+00     1.487666E+00
   3.075000E-01     1.496119E+00     8.844047E+00     1.495031E+00
   3.076667E-01     1.497439E+00     8.851426E+00     1.502411E+00
   3.078333E-01     1.498760E+00     8.858821E+00     1.509805E+00
   3.080000E-01     1.500081E+00     8.866231E+00     1.517215E+00
   3.081667E-01     1.501403E+00     8.873655E+00     1.524639E+00
   3.083333E-01     1.502726E+00     8.881095E+00     1.532079E+00
   3.085000E-01     1.504049E+00     8.888549E+00     1.539533E+00
   3.086667E-01     1.505373E+00     8.896018E+00     1.547002E+00
   3.088333E-01     1.506697E+00     8.903502E+00     1.554486E+00
   3.090000E-01     1.508022E+00     8.911001E+00     1.561985E+00
   3.091667E-01     1.509348E+00     8.918515E+00     1.569499E+00
   3.093333E-01     1.510674E+00     8.926043E+00     1.577027E+00
   3.095000E-01     1.512000E+00     8.933586E+00     1.584570E+00
   3.096667E-01     1.513328E+00     8.941143E+00     1.592128E+00
   3.098333E-01     1.514655E+00     8.948716E+00     1.599700E+00
   3.100000E-01     1.515984E+00     8.956303E+00     1.607287E+00
   3.101667E-01     1.517313E+00     8.963904E+00     1.614888E+00
   3.103333E-01     1.518643E+00     8.971520E+00     1.622504E+00
   3.105000E-01     1.519973E+00     8.979151E+00     1.630135E+00
   3.106667E-01     1.521303E+00     8.986796E+00     1.637780E+00
   3.108333E-01     1.522635E+00     8.994455E+00     1.645439E+00
   3.110000E-01     1.523967E+00     9.002129E+00     1.653113E+00
   3.111667E-01     1.525299E+00     9.009818E+00     1.660802E+00
   3.113333E-01     1.526632E+00     9.017520E+00     1.668505E+00
   3.115000E-01     1.527966E+00     9.025238E+00     1.676222E+00
   3.116667E-01     1.529300E+00     9.032969E+00     1.683953E+00
   3.118333E-01     1.530635E+00     9.040715E+00     1.691699E+00
   3.120000E-01     1.531970E+00     9.048475E+00     1.699459E+00
   3.121667E-01     1.533306E+00     9.056249E+00     1.707233E+00
   3.123333E-01     1.534643E+00     9.064038E+00     1.715022E+00
   3.125000E-01     1.535980E+00     9.071840E+00     1.722825E+00
   3.126667E-01     1.537318E+00     9.079657E+00     1.730642E+00
   3.128333E-01     1.538656E+00     9.087488E+00     1.738473E+00
   3.130000E-01     1.539995E+00     9.095334E+00     1.746318E+00
   3.131667E-01     1.541335E+00     9.103193E+00     1.754177E+00
   3.133333E-01     1.542675E+00     9.111066E+00     1.762050E+00
   3.135000E-01     1.544015E+00     9.118953E+00     1.769938E+00
   3.136667E-01     1.545357E+00     9.126855E+00     1.777839E+00
   3.138333E-01     1.546698E+00     9.134770E+00     1.785754E+00
   3.140000E-01     1.548041E+00     9.142699E+00     1.793683E+00
   3.141667E-01     1.549384E+00     9.150642E+00     1.801626E+00
   3.143333E-01     1.550727E+00     9.158599E+00     1.809583E+00
   3.145000E-01     1.552072E+00     9.166570E+00     1.817554E+00
   3.146667E-01     1.553416E+00     9.174555E+00     1.825539E+00
   3.148333E-01     1.554762E+00     9.182553E+00     1.833537E+00
   3.150000E-01     1.556107E+00     9.190565E+00     1.841549E+00
   3.151667E-01     1.557454E+00     9.198591E+00     1.849575E+00
   3.153333E-01     1.558801E+00     9.206631E+00     1.857615E+00
   3.155000E-01     1.560149E+00     9.214684E+00     1.865668E+00
   3.156667E-01     1.561497E+00     9.222751E+00     1.873735E+00
   3.158333E-01     1.562846E+00     9.230832E+00     1.881816E+00
   3.160000E-01     1.564195E+00     9.238926E+00     1.889910E+00
   3.161667E-01     1.565545E+00     9.247034E+00     1.898018E+00
   3.163333E-01     1.566896E+00     9.255155E+00     1.906139E+00
   3.165000E-01     1.568247E+00     9.263290E+00     1.914274E+00
   3.166667E-01     1.569598E+00     9.271438E+00     1.922422E+00
   3.168333E-01     1.570951E+00     9.279600E+00     1.930584E+00
   3.170000E-01     1.572304E+00     9.287775E+00     1.938759E+00
   3.171667E-01     1.573657E+00     9.295964E+00     1.946948E+00
   3.173333E-01     1.575011E+00     9.304166E+00     1.955150E+00
   3.175000E-01     1.576366E+00     9.312381E+00     1.963365E+00
   3.176667E-01     1.577721E+00     9.320609E+00     1.971594E+00
   3.178333E-01     1.579077E+00     9.328851E+00     1.979835E+00
   3.180000E-01     1.580433E+00     9.337106E+00     1.988090E+00
   3.181667E-01     1.581790E+00     9.345375E+00     1.996359E+00
   3.183333E-01     1.583148E+00     9.353656E+00     2.004640E+00
   3.185000E-01     1.584506E+00     9.361951E+00     2.012935E+00
   3.186667E-01     1.585864E+00     9.370259E+00     2.021243E+00
   3.188333E-01     1.587224E+00     9.378579E+00     2.029564E+00
   3.190000E-01     1.588584E+00     9.386913E+00     2.037898E+00
   3.191667E-01     1.589944E+00     9.395261E+00     2.046245E+00
   3.193333E-01     1.591305E+00     9.403621E+00     2.054605E+00
   3.195000E-01     1.592667E+00     9.411994E+00     2.062978E+00
   3.196667E-01     1.594029E+00     9.420380E+00     2.071364E+00
   3.198333E-01     1.595392E+00     9.428779E+00     2.079763E+00
   3.200000E-01     1.596755E+00     9.437190E+00     2.088175E+00
   3.201667E-01     1.598119E+00     9.445615E+00     2.096599E+00
   3.203333E-01     1.599484E+00     9.454053E+00     2.105037E+00
   3.205000E-01     1.600849E+00     9.462503E+00     2.113487E+00
   3.206667E-01     1.602214E+00     9.470966E+00     2.121951E+00
   3.208333E-01     1.603581E+00     9.479442E+00     2.130427E+00
   3.210000E-01     1.604948E+00     9.487931E+00     2.138915E+00
   3.211667E-01     1.606315E+00     9.496432E+00     2.147417E+00
   3.213333E-01     1.607683E+00     9.504946E+00     2.155931E+00
   3.215000E-01     1.609052E+00     9.513473E+00     2.164457E+00
   3.216667E-01     1.610421E+00     9.522013E+00     2.172997E+00
   3.218333E-01     1.611791E+00     9.530564E+00     2.181549E+00
   3.220000E-01     1.613161E+00     9.539129E+00     2.190113E+00
   3.221667E-01     1.614532E+00     9.547706E+00     2.198690E+00
   3.223333E-01     1.615903E+00     9.556295E+00     2.207280E+00
   3.225000E-01     1.617275E+00     9.564897E+00     2.215882E+00
   3.226667E-01     1.618648E+00     9.573512E+00     2.224496E+00
   3.228333E-01     1.620021E+00     9.582139E+00     2.233123E+00
   3.230000E-01     1.621395E+00     9.590778E+00     2.241762E+00
   3.231667E-01     1.622770E+00     9.599430E+00     2.250414E+00
   3.233333E-01     1.624145E+00     9.608093E+00     2.259078E+00
   3.235000E-01     1.625520E+00     9.616770E+00     2.267754E+00
   3.236667E-01     1.626896E+00     9.625458E+00     2.276442E+00
   3.238333E-01     1.628273E+00     9.634159E+00     2.285143E+00
   3.240000E-01     1.629651E+00     9.642872E+00     2.293856E+00
   3.241667E-01     1.631028E+00     9.651597E+00     2.302581E+00
   3.243333E-01     1.632407E+00     9.660334E+00     2.311318E+00
   3.245000E-01     1.633786E+00     9.669084E+00     2.320068E+00
   3.246667E-01     1.635166E+00     9.677845E+00     2.328829E+00
   3.248333E-01     1.636546E+00     9.686619E+00     2.337603E+00
   3.250000E-01     1.637927E+00     9.695404E+00     2.346389E+00
   3.251667E-01     1.639308E+00     9.704202E+00     2.355186E+00
   3.253333E-01     1.640690E+00     9.713012E+00     2.363996E+00
   3.255000E-01     1.642073E+00     9.721833E+00     2.372817E+00
   3.256667E-01     1.643456E+00     9.730667E+00     2.381651E+00
   3.258333E-01     1.644840E+00     9.739512E+00     2.390496E+00
   3.260000E-01     1.646224E+00     9.748370E+00     2.399354E+00
   3.261667E-01     1.647609E+00     9.757239E+00     2.408223E+00
   3.263333E-01     1.648994E+00     9.766120E+00     2.417104E+00
   3.265000E-01     1.650380E+00     9.775012E+00     2.425996E+00
   3.266667E-01     1.651767E+00     9.783917E+00     2.434901E+00
   3.268333E-01     1.653154E+00     9.792833E+00     2.443817E+00
   3.270000E-01     1.654542E+00     9.801761E+00     2.452745E+00
   3.271667E-01     1.655931E+00     9.810700E+00     2.461685E+00
   3.273333E-01     1.657320E+00     9.819652E+00     2.470636E+00
   3.275000E-01     1.658709E+00     9.828614E+00     2.479599E+00
   3.276667E-01     1.660099E+00     9.837589E+00     2.488573E+00
   3.278333E-01     1.661490E+00     9.846575E+00     2.497559E+00
   3.280000E-01     1.662881E+00     9.855572E+00     2.506556E+00
   3.281667E-01     1.664273E+00     9.864581E+00     2.515565E+00
   3.283333E-01     1.665666E+00     9.873601E+00     2.524586E+00
   3.285000E-01     1.667059E+00     9.882633E+00     2.533617E+00
   3.286667E-01     1.668452E+00     9.891677E+00     2.542661E+00
   3.288333E-01     1.669847E+00     9.900731E+00     2.551715E+00
   3.290000E-01     1.671241E+00     9.909797E+00     2.560781E+00
   3.291667E-01     1.672637E+00     9.918875E+00     2.569859E+00
   3.293333E-01     1.674033E+00     9.927963E+00     2.578947E+00
   3.295000E-01     1.675429E+00     9.937063E+00     2.588047E+00
   3.296667E-01     1.676827E+00     9.946174E+00     2.597158E+00
   3.298333E-01     1.678224E+00     9.955296E+00     2.606281E+00
   3.300000E-01     1.679623E+00     9.964430E+00     2.615414E+00
   3.301667E-01     1.681021E+00     9.973575E+00     2.624559E+00
   3.303333E-01     1.682421E+00     9.982730E+00     2.633714E+00
   3.305000E-01     1.683821E+00     9.991897E+00     2.642881E+00
   3.306667E-01     1.685222E+00     1.000108E+01     2.652059E+00
   3.308333E-01     1.686623E+00     1.001026E+01     2.661248E+00
   3.310000E-01     1.688025E+00     1.001946E+01     2.670448E+00
   3.311667E-01     1.689427E+00     1.002867E+01     2.679659E+00
   3.313333E-01     1.690830E+00     1.003790E+01     2.688881E+00
   3.315000E-01     1.692233E+00     1.004713E+01     2.698114E+00
   3.316667E-01     1.693638E+00     1.005637E+01     2.707357E+00
   3.318333E-01     1.695042E+00     1.006563E+01     2.716612E+00
   3.320000E-01     1.696448E+00     1.007489E+01     2.725877E+00
   3.321667E-01     1.697853E+00     1.008417E+01     2.735154E+00
   3.323333E-01     1.699260E+00     1.009346E+01     2.744441E+00
   3.325000E-01     1.700667E+00     1.010275E+01     2.753738E+00
   3.326667E-01     1.702075E+00     1.011206E+01     2.763047E+00
   3.328333E-01     1.703483E+00     1.012138E+01     2.772366E+00
   3.330000E-01     1.704892E+00     1.013071E+01     2.781696E+00
   3.331667E-01     1.706301E+00     1.014005E+01     2.791036E+00
   3.333333E-01     1.707711E+00     1.014940E+01     2.800387E+00
   3.335000E-01     1.709121E+00     1.015876E+01     2.809749E+00
   3.336667E-01     1.710533E+00     1.016814E+01     2.819121E+00
   3.338333E-01     1.711944E+00     1.017752E+01     2.828503E+00
   3.340000E-01     1.713356E+00     1.018691E+01     2.837897E+00
   3.341667E-01     1.714769E+00     1.019632E+01     2.847300E+00
   3.343333E-01     1.716183E+00     1.020573E+01     2.856714E+00
   3.345000E-01     1.717597E+00     1.021515E+01     2.866139E+00
   3.346667E-01     1.719011E+00     1.022459E+01     2.875574E+00
   3.348333E-01     1.720427E+00     1.023403E+01     2.885019E+00
   3.350000E-01     1.721842E+00     1.024349E+01     2.894474E+00
   3.351667E-01     1.723259E+00     1.025296E+01     2.903940E+00
   3.353333E-01     1.724676E+00     1.026243E+01     2.913416E+00
   3.355000E-01     1.726093E+00     1.027192E+01     2.922903E+00
   3.356667E-01     1.727511E+00     1.028141E+01     2.932399E+00
   3.358333E-01     1.728930E+00     1.029092E+01     2.941906E+00
   3.360000E-01     1.730349E+00     1.030044E+01     2.951423E+00
   3.361667E-01     1.731769E+00     1.030997E+01     2.960950E+00
   3.363333E-01     1.733189E+00     1.031950E+01     2.970487E+00
   3.365000E-01     1.734610E+00     1.032905E+01     2.980034E+00
   3.366667E-01     1.736032E+00     1.033861E+01     2.989591E+00
   3.368333E-01     1.737454E+00     1.034817E+01     2.999158E+00
   3.370000E-01     1.738877E+00     1.035775E+01     3.008735E+00
   3.371667E-01     1.740300E+00     1.036734E+01     3.018322E+00
   3.373333E-01     1.741724E+00     1.037694E+01     3.027919E+00
   3.375000E-01     1.743149E+00     1.038654E+01     3.037526E+00
   3.376667E-01     1.744574E+00     1.039616E+01     3.047143E+00
   3.378333E-01     1.746000E+00     1.040579E+01     3.056770E+00
   3.380000E-01     1.747426E+00     1.041542E+01     3.066406E+00
   3.381667E-01     1.748853E+00     1.042507E+01     3.076052E+00
   3.383333E-01     1.750280E+00     1.043472E+01     3.085708E+00
   3.385000E-01     1.751708E+00     1.044439E+01     3.095374E+00
   3.386667E-01     1.753137E+00     1.045407E+01     3.105049E+00
   3.388333E-01     1.754566E+00     1.046375E+01     3.114734E+00
   3.390000E-01     1.755996E+00     1.047344E+01     3.124429E+00
   3.391667E-01     1.757426E+00     1.048315E+01     3.134133E+00
   3.393333E-01     1.758857E+00     1.049286E+01     3.143847E+00
   3.395000E-01     1.760288E+00     1.050259E+01     3.153571E+00
   3.396667E-01     1.761720E+00     1.051232E+01     3.163304E+00
   3.398333E-01     1.763153E+00     1.052206E+01     3.173046E+00
   3.400000E-01     1.764586E+00     1.053181E+01     3.182798E+00
   3.401667E-01     1.766020E+00     1.054158E+01     3.192559E+00
   3.403333E-01     1.767454E+00     1.055135E+01     3.202330E+00
   3.405000E-01     1.768889E+00     1.056113E+01     3.212110E+00
   3.406667E-01     1.770325E+00     1.057092E+01     3.221900E+00
   3.408333E-01     1.771761E+00     1.058071E+01     3.231699E+00
   3.410000E-01     1.773198E+00     1.059052E+01     3.241507E+00
   3.411667E-01     1.774635E+00     1.060034E+01     3.251324E+00
   3.413333E-01     1.776073E+00     1.061017E+01     3.261151E+00
   3.415000E-01     1.777512E+00     1.062000E+01     3.270987E+00
   3.416667E-01     1.778951E+00     1.062985E+01     3.280832E+00
   3.418333E-01     1.780390E+00     1.063970E+01     3.290686E+00
   3.420000E-01     1.781831E+00     1.064957E+01     3.300550E+00
   3.421667E-01     1.783271E+00     1.065944E+01     3.310422E+00
   3.423333E-01     1.784713E+00     1.066932E+01     3.320304E+00
   3.425000E-01     1.786155E+00     1.067921E+01     3.330195E+00
   3.426667E-01     1.787597E+00     1.068911E+01     3.340094E+00
   3.428333E-01     1.789040E+00     1.069902E+01     3.350003E+00
   3.430000E-01     1.790484E+00     1.070894E+01     3.359921E+00
   3.431667E-01     1.791928E+00     1.071886E+01     3.369847E+00
   3.433333E-01     1.793373E+00     1.072880E+01     3.379783E+00
   3.435000E-01     1.794819E+00     1.073874E+01     3.389727E+00
   3.436667E-01     1.796265E+00     1.074870E+01     3.399680E+00
   3.438333E-01     1.797711E+00     1.075866E+01     3.409642E+00
   3.440000E-01     1.799159E+00     1.076863E+01     3.419613E+00
   3.441667E-01     1.800606E+00     1.077861E+01     3.429593E+00
   3.443333E-01     1.802055E+00     1.078860E+01     3.439581E+00
   3.445000E-01     1.803504E+00     1.079859E+01     3.449579E+00
   3.446667E-01     1.804953E+00     1.080860E+01     3.459584E+00
   3.448333E-01     1.806403E+00     1.081861E+01     3.469599E+00
   3.450000E-01     1.807854E+00     1.082864E+01     3.479622E+00
   3.451667E-01     1.809305E+00     1.083867E+01     3.489654E+00
   3.453333E-01     1.810757E+00     1.084871E+01     3.499694E+00
   3.455000E-01     1.812210E+00     1.085876E+01     3.509743E+00
   3.456667E-01     1.813663E+00     1.086882E+01     3.519800E+00
   3.458333E-01     1.815116E+00     1.087888E+01     3.529866E+00
   3.460000E-01     1.816571E+00     1.088896E+01     3.539940E+00
   3.461667E-01     1.818025E+00     1.089904E+01     3.550023E+00
   3.463333E-01     1.819481E+00     1.090913E+01     3.560114E+00
   3.465000E-01     1.820937E+00     1.091923E+01     3.570214E+00
   3.466667E-01     1.822393E+00     1.092934E+01     3.580322E+00
   3.468333E-01     1.823850E+00     1.093945E+01     3.590438E+00
   3.470000E-01     1.825308E+00     1.094958E+01     3.600563E+00
   3.471667E-01     1.826766E+00     1.095971E+01     3.610696E+00
   3.473333E-01     1.828225E+00     1.096985E+01     3.620837E+00
   3.475000E-01     1.829685E+00     1.098000E+01     3.630986E+00
   3.476667E-01     1.831145E+00     1.099016E+01     3.641144E+00
   3.478333E-01     1.832605E+00     1.100033E+01     3.651310E+00
   3.480000E-01     1.834066E+00     1.101050E+01     3.661484E+00
   3.481667E-01     1.835528E+00     1.102068E+01     3.671666E+00
   3.483333E-01     1.836991E+00     1.103087E+01     3.681856E+00
   3.485000E-01     1.838454E+00     1.104107E+01     3.692054E+00
   3.486667E-01     1.839917E+00     1.105128E+01     3.702260E+00
   3.488333E-01     1.841381E+00     1.106149E+01     3.712474E+00
   3.490000E-01     1.842846E+00     1.107171E+01     3.722696E+00
   3.491667E-01     1.844311E+00     1.108194E+01     3.732926E+00
   3.493333E-01     1.845777E+00     1.109218E+01     3.743164E+00
   3.495000E-01     1.847243E+00     1.110243E+01     3.753410E+00
   3.496667E-01     1.848710E+00     1.111268E+01     3.763664E+00
   3.498333E-01     1.850178E+00     1.112294E+01     3.773926E+00
   3.500000E-01     1.851646E+00     1.113321E+01     3.784195E+00
   3.501667E-01     1.853115E+00     1.114349E+01     3.794473E+00
   3.503333E-01     1.854584E+00     1.115377E+01     3.804758E+00
   3.505000E-01     1.856054E+00     1.116407E+01     3.815051E+00
   3.506667E-01     1.857525E+00     1.117437E+01     3.825351E+00
   3.508333E-01     1.858996E+00     1.118468E+01     3.835659E+00
   3.510000E-01     1.860467E+00     1.119499E+01     3.845975E+00
   3.511667E-01     1.861940E+00     1.120531E+01     3.856298E+00
   3.513333E-01     1.863413E+00     1.121565E+01     3.866630E+00
   3.515000E-01     1.864886E+00     1.122598E+01     3.876968E+00
   3.516667E-01     1.866360E+00     1.123633E+01     3.887314E+00
   3.518333E-01     1.867835E+00     1.124668E+01     3.897668E+00
   3.520000E-01     1.869310E+00     1.125705E+01     3.908029E+00
   3.521667E-01     1.870785E+00     1.126741E+01     3.918398E+00
   3.523333E-01     1.872262E+00     1.127779E+01     3.928774E+00
   3.525000E-01     1.873739E+00     1.128817E+01     3.939158E+00
   3.526667E-01     1.875216E+00     1.129856E+01     3.949549E+00
   3.528333E-01     1.876694E+00     1.130896E+01     3.959947E+00
   3.530000E-01     1.878173E+00     1.131937E+01     3.970353E+00
   3.531667E-01     1.879652E+00     1.132978E+01     3.980765E+00
   3.533333E-01     1.881132E+00     1.134020E+01     3.991186E+00
   3.535000E-01     1.882612E+00     1.135063E+01     4.001613E+00
   3.536667E-01     1.884093E+00     1.136106E+01     4.012048E+00
   3.538333E-01     1.885575E+00     1.137151E+01     4.022490E+00
   3.540000E-01     1.887057E+00     1.138195E+01     4.032939E+00
   3.541667E-01     1.888540E+00     1.139241E+01     4.043395E+00
   3.543333E-01     1.890023E+00     1.140287E+01     4.053859E+00
   3.545000E-01     1.891507E+00     1.141334E+01     4.064329E+00
   3.546667E-01     1.892992E+00     1.142382E+01     4.074807E+00
   3.548333E-01     1.894477E+00     1.143431E+01     4.085291E+00
   3.550000E-01     1.895962E+00     1.144480E+01     4.095783E+00
   3.551667E-01     1.897448E+00     1.145530E+01     4.106281E+00
   3.553333E-01     1.898935E+00     1.146580E+01     4.116787E+00
   3.555000E-01     1.900423E+00     1.147632E+01     4.127299E+00
   3.556667E-01     1.901911E+00     1.148683E+01     4.137819E+00
   3.558333E-01     1.903399E+00     1.149736E+01     4.148345E+00
   3.560000E-01     1.904888E+00     1.150789E+01     4.158878E+00
   3.561667E-01     1.906378E+00     1.151843E+01     4.169418E+00
   3.563333E-01     1.907868E+00     1.152898E+01     4.179965E+00
   3.565000E-01     1.909359E+00     1.153953E+01     4.190519E+00
   3.566667E-01     1.910851E+00     1.155009E+01     4.201079E+00
   3.568333E-01     1.912343E+00     1.156066E+01     4.211646E+00
   3.570000E-01     1.913835E+00     1.157124E+01     4.222220E+00
   3.571667E-01     1.915329E+00     1.158182E+01     4.232801E+00
   3.573333E-01     1.916822E+00     1.159240E+01     4.243388E+00
   3.575000E-01     1.918317E+00     1.160300E+01     4.253981E+00
   3.576667E-01     1.919812E+00     1.161360E+01     4.264582E+00
   3.578333E-01     1.921307E+00     1.162420E+01     4.275189E+00
   3.580000E-01     1.922803E+00     1.163482E+01     4.285802E+00
   3.581667E-01     1.924300E+00     1.164544E+01     4.296422E+00
   3.583333E-01     1.925797E+00     1.165606E+01     4.307049E+00
   3.585000E-01     1.927295E+00     1.166670E+01     4.317682E+00
   3.586667E-01     1.928794E+00     1.167734E+01     4.328321E+00
   3.588333E-01     1.930293E+00     1.168798E+01     4.338967E+00
   3.590000E-01     1.931792E+00     1.169864E+01     4.349619E+00
   3.591667E-01     1.933293E+00     1.170929E+01     4.360278E+00
   3.593333E-01     1.934793E+00     1.171996E+01     4.370943E+00
   3.595000E-01     1.936295E+00     1.173063E+01     4.381614E+00
   3.596667E-01     1.937797E+00     1.174131E+01     4.392292E+00
   3.598333E-01     1.939299E+00     1.175199E+01     4.402976E+00
   3.600000E-01     1.940802E+00     1.176268E+01     4.413666E+00
   3.601667E-01     1.942306E+00     1.177338E+01     4.424362E+00
   3.603333E-01     1.943810E+00     1.178408E+01     4.435065E+00
   3.605000E-01     1.945315E+00     1.179479E+01     4.445774E+00
   3.606667E-01     1.946821E+00     1.180550E+01     4.456488E+00
   3.608333E-01     1.948327E+00     1.181623E+01     4.467209E+00
   3.610000E-01     1.949833E+00     1.182695E+01     4.477936E+00
   3.611667E-01     1.951340E+00     1.183769E+01     4.488669E+00
   3.613333E-01     1.952848E+00     1.184842E+01     4.499409E+00
   3.615000E-01     1.954357E+00     1.185917E+01     4.510154E+00
   3.616667E-01     1.955866E+00     1.186992E+01     4.520905E+00
   3.618333E-01     1.957375E+00     1.188068E+01     4.531662E+00
   3.620000E-01     1.958885E+00     1.189144E+01     4.542425E+00
   3.621667E-01     1.960396E+00     1.190221E+01     4.553194E+00
   3.623333E-01     1.961907E+00     1.191298E+01     4.563969E+00
   3.625000E-01     1.963419E+00     1.192377E+01     4.574750E+00
   3.626667E-01     1.964931E+00     1.193455E+01     4.585536E+00
   3.628333E-01     1.966444E+00     1.194534E+01     4.596329E+00
   3.630000E-01     1.967958E+00     1.195614E+01     4.607127E+00
   3.631667E-01     1.969472E+00     1.196695E+01     4.617931E+00
   3.633333E-01     1.970987E+00     1.197776E+01     4.628740E+00
   3.635000E-01     1.972502E+00     1.198857E+01     4.639556E+00
   3.636667E-01     1.974018E+00     1.199939E+01     4.650377E+00
   3.638333E-01     1.975535E+00     1.201022E+01     4.661204E+00
   3.640000E-01     1.977052E+00     1.202105E+01     4.672036E+00
   3.641667E-01     1.978569E+00     1.203189E+01     4.682874E+00
   3.643333E-01     1.980088E+00     1.204273E+01     4.693718E+00
   3.645000E-01     1.981607E+00     1.205358E+01     4.704567E+00
   3.646667E-01     1.983126E+00     1.206444E+01     4.715422E+00
   3.648333E-01     1.984646E+00     1.207530E+01     4.726282E+00
   3.650000E-01     1.986167E+00     1.208616E+01     4.737147E+00
   3.651667E-01     1.987688E+00     1.209703E+01     4.748019E+00
   3.653333E-01     1.989209E+00     1.210791E+01     4.758895E+00
   3.655000E-01     1.990732E+00     1.211879E+01     4.769777E+00
   3.656667E-01     1.992255E+00     1.212968E+01     4.780665E+00
   3.658333E-01     1.993778E+00     1.214057E+01     4.791558E+00
   3.660000E-01     1.995302E+00     1.215147E+01     4.802456E+00
   3.661667E-01     1.996827E+00     1.216238E+01     4.813359E+00
   3.663333E-01     1.998352E+00     1.217328E+01     4.824268E+00
   3.665000E-01     1.999878E+00     1.218420E+01     4.835182E+00
   3.666667E-01     2.001404E+00     1.219512E+01     4.846101E+00
   3.668333E-01     2.002931E+00     1.220604E+01     4.857026E+00
   3.670000E-01     2.004459E+00     1.221697E+01     4.867955E+00
   3.671667E-01     2.005987E+00     1.222791E+01     4.878890E+00
   3.673333E-01     2.007516E+00     1.223885E+01     4.889830E+00
   3.675000E-01     2.009045E+00     1.224979E+01     4.900776E+00
   3.676667E-01     2.010575E+00     1.226074E+01     4.911726E+00
   3.678333E-01     2.012106E+00     1.227170E+01     4.922681E+00
   3.680000E-01     2.013637E+00     1.228266E+01     4.933642E+00
   3.681667E-01     2.015168E+00     1.229362E+01     4.944607E+00
   3.683333E-01     2.016701E+00     1.230459E+01     4.955577E+00
   3.685000E-01     2.018233E+00     1.231557E+01     4.966553E+00
   3.686667E-01     2.019767E+00     1.232655E+01     4.977533E+00
   3.688333E-01     2.021301E+00     1.233753E+01     4.988518E+00
   3.690000E-01     2.022835E+00     1.234852E+01     4.999509E+00
   3.691667E-01     2.024370E+00     1.235952E+01     5.010504E+00
   3.693333E-01     2.025906E+00     1.237052E+01     5.021504E+00
   3.695000E-01     2.027442E+00     1.238152E+01     5.032509E+00
   3.696667E-01     2.028979E+00     1.239253E+01     5.043518E+00
   3.698333E-01     2.030517E+00     1.240355E+01     5.054533E+00
   3.700000E-01     2.032055E+00     1.241457E+01     5.065552E+00
   3.701667E-01     2.033593E+00     1.242559E+01     5.076576E+00
   3.703333E-01     2.035133E+00     1.243662E+01     5.087604E+00
   3.705000E-01     2.036672E+00     1.244765E+01     5.098638E+00
   3.706667E-01     2.038213E+00     1.245869E+01     5.109676E+00
   3.708333E-01     2.039754E+00     1.246973E+01     5.120718E+00
   3.710000E-01     2.041295E+00     1.248078E+01     5.131765E+00
   3.711667E-01     2.042837E+00     1.249183E+01     5.142817E+00
   3.713333E-01     2.044380E+00     1.250289E+01     5.153874E+00
   3.715000E-01     2.045923E+00     1.251395E+01     5.164935E+00
   3.716667E-01     2.047467E+00     1.252502E+01     5.176000E+00
   3.718333E-01     2.049012E+00     1.253609E+01     5.187070E+00
   3.720000E-01     2.050557E+00     1.254716E+01     5.198145E+00
   3.721667E-01     2.052102E+00     1.255824E+01     5.209224E+00
   3.723333E-01     2.053649E+00     1.256932E+01     5.220307E+00
   3.725000E-01     2.055195E+00     1.258041E+01     5.231395E+00
   3.726667E-01     2.056743E+00     1.259150E+01     5.242487E+00
   3.728333E-01     2.058291E+00     1.260260E+01     5.253584E+00
   3.730000E-01     2.059839E+00     1.261370E+01     5.264685E+00
   3.731667E-01     2.061388E+00     1.262481E+01     5.275790E+00
   3.733333E-01     2.062938E+00     1.263592E+01     5.286900E+00
   3.735000E-01     2.064488E+00     1.264703E+01     5.298014E+00
   3.736667E-01     2.066039E+00     1.265815E+01     5.309132E+00
   3.738333E-01     2.067591E+00     1.266927E+01     5.320254E+00
   3.740000E-01     2.069143E+00     1.268040E+01     5.331381E+00
   3.741667E-01     2.070695E+00     1.269153E+01     5.342511E+00
   3.743333E-01     2.072249E+00     1.270266E+01     5.353646E+00
   3.745000E-01     2.073802E+00     1.271380E+01     5.364785E+00
   3.746667E-01     2.075357E+00     1.272494E+01     5.375928E+00
   3.748333E-01     2.076912E+00     1.273609E+01     5.387076E+00
   3.750000E-01     2.078467E+00     1.274724E+01     5.398227E+00
   3.751667E-01     2.080023E+00     1.275840E+01     5.409382E+00
   3.753333E-01     2.081580E+00     1.276956E+01     5.420542E+00
   3.755000E-01     2.083137E+00     1.278072E+01     5.431705E+00
   3.756667E-01     2.084695E+00     1.279189E+01     5.442872E+00
   3.758333E-01     2.086253E+00     1.280306E+01     5.454044E+00
   3.760000E-01     2.087813E+00     1.281423E+01     5.465219E+00
   3.761667E-01     2.089372E+00     1.282541E+01     5.476398E+00
   3.763333E-01     2.090932E+00     1.283660E+01     5.487581E+00
   3.765000E-01     2.092493E+00     1.284778E+01     5.498768E+00
   3.766667E-01     2.094054E+00     1.285897E+01     5.509959E+00
   3.768333E-01     2.095616E+00     1.287017E+01     5.521153E+00
   3.770000E-01     2.097179E+00     1.288137E+01     5.532352E+00
   3.771667E-01     2.098742E+00     1.289257E+01     5.543554E+00
   3.773333E-01     2.100306E+00     1.290378E+01     5.554760E+00
   3.775000E-01     2.101870E+00     1.291499E+01     5.565969E+00
   3.776667E-01     2.103435E+00     1.292620E+01     5.577183E+00
   3.778333E-01     2.105000E+00     1.293742E+01     5.588400E+00
   3.780000E-01     2.106566E+00     1.294864E+01     5.599620E+00
   3.781667E-01     2.108133E+00     1.295986E+01     5.610845E+00
   3.783333E-01     2.109700E+00     1.297109E+01     5.622073E+00
   3.785000E-01     2.111268E+00     1.298232E+01     5.633304E+00
   3.786667E-01     2.112836E+00     1.299356E+01     5.644539E+00
   3.788333E-01     2.114405E+00     1.300479E+01     5.655778E+00
   3.790000E-01     2.115974E+00     1.301604E+01     5.667020E+00
   3.791667E-01     2.117544E+00     1.302728E+01     5.678266E+00
   3.793333E-01     2.119115E+00     1.303853E+01     5.689515E+00
   3.795000E-01     2.120686E+00     1.304978E+01     5.700768E+00
   3.796667E-01     2.122258E+00     1.306104E+01     5.712024E+00
   3.798333E-01     2.123831E+00     1.307230E+01     5.723284E+00
   3.800000E-01     2.125404E+00     1.308356E+01     5.734547E+00
   3.801667E-01     2.126977E+00     1.309483E+01     5.745813E+00
   3.803333E-01     2.128551E+00     1.310610E+01     5.757083E+00
   3.805000E-01     2.130126E+00     1.311737E+01     5.768356E+00
   3.806667E-01     2.131701E+00     1.312865E+01     5.779632E+00
   3.808333E-01     2.133277E+00     1.313993E+01     5.790912E+00
   3.810000E-01     2.134854E+00     1.315121E+01     5.802195E+00
   3.811667E-01     2.136431E+00     1.316250E+01     5.813481E+00
   3.813333E-01     2.138008E+00     1.317379E+01     5.824770E+00
   3.815000E-01     2.139587E+00     1.318508E+01     5.836063E+00
   3.816667E-01     2.141165E+00     1.319637E+01     5.847359E+00
   3.818333E-01     2.142745E+00     1.320767E+01     5.858658E+00
   3.820000E-01     2.144325E+00     1.321898E+01     5.869960E+00
   3.821667E-01     2.145905E+00     1.323028E+01     5.881265E+00
   3.823333E-01     2.147487E+00     1.324159E+01     5.892573E+00
   3.825000E-01     2.149068E+00     1.325290E+01     5.903885E+00
   3.826667E-01     2.150651E+00     1.326421E+01     5.915199E+00
   3.828333E-01     2.152233E+00     1.327553E+01     5.926517E+00
   3.830000E-01     2.153817E+00     1.328685E+01     5.937837E+00
   3.831667E-01     2.155401E+00     1.329818E+01     5.949161E+00
   3.833333E-01     2.156986E+00     1.330950E+01     5.960487E+00
   3.835000E-01     2.158571E+00     1.332083E+01     5.971817E+00
   3.836667E-01     2.160157E+00     1.333216E+01     5.983149E+00
   3.838333E-01     2.161743E+00     1.334350E+01     5.994484E+00
   3.840000E-01     2.163330E+00     1.335484E+01     6.005822E+00
   3.841667E-01     2.164918E+00     1.336618E+01     6.017163E+00
   3.843333E-01     2.166506E+00     1.337752E+01     6.028507E+00
   3.845000E-01     2.168094E+00     1.338887E+01     6.039854E+00
   3.846667E-01     2.169684E+00     1.340022E+01     6.051203E+00
   3.848333E-01     2.171274E+00     1.341157E+01     6.062556E+00
   3.850000E-01     2.172864E+00     1.342293E+01     6.073911E+00
   3.851667E-01     2.174455E+00     1.343428E+01     6.085269E+00
   3.853333E-01     2.176047E+00     1.344564E+01     6.096629E+00
   3.855000E-01     2.177639E+00     1.345701E+01     6.107992E+00
   3.856667E-01     2.179232E+00     1.346837E+01     6.119358E+00
   3.858333E-01     2.180825E+00     1.347974E+01     6.130727E+00
   3.860000E-01     2.182419E+00     1.349111E+01     6.142098E+00
   3.861667E-01     2.184013E+00     1.350249E+01     6.153472E+00
   3.863333E-01     2.185609E+00     1.351386E+01     6.164848E+00
   3.865000E-01     2.187204E+00     1.352524E+01     6.176227E+00
   3.866667E-01     2.188801E+00     1.353662E+01     6.187609E+00
   3.868333E-01     2.190397E+00     1.354801E+01     6.198993E+00
   3.870000E-01     2.191995E+00     1.355940E+01     6.210379E+00
   3.871667E-01     2.193593E+00     1.357078E+01     6.221769E+00
   3.873333E-01     2.195192E+00     1.358218E+01     6.233160E+00
   3.875000E-01     2.196791E+00     1.359357E+01     6.244554E+00
   3.876667E-01     2.198390E+00     1.360497E+01     6.255951E+00
   3.878333E-01     2.199991E+00     1.361637E+01     6.267350E+00
   3.880000E-01     2.201592E+00     1.362777E+01     6.278751E+00
   3.881667E-01     2.203193E+00     1.363917E+01     6.290155E+00
   3.883333E-01     2.204795E+00     1.365058E+01     6.301561E+00
   3.885000E-01     2.206398E+00     1.366198E+01     6.312969E+00
   3.886667E-01     2.208001E+00     1.367340E+01     6.324380E+00
   3.888333E-01     2.209605E+00     1.368481E+01     6.335793E+00
   3.890000E-01     2.211210E+00     1.369622E+01     6.347208E+00
   3.891667E-01     2.212815E+00     1.370764E+01     6.358625E+00
   3.893333E-01     2.214420E+00     1.371906E+01     6.370045E+00
   3.895000E-01     2.216026E+00     1.373048E+01     6.381467E+00
   3.896667E-01     2.217633E+00     1.374191E+01     6.392891E+00
   3.898333E-01     2.219241E+00     1.375333E+01     6.404317E+00
   3.900000E-01     2.220848E+00     1.376476E+01     6.415746E+00
   3.901667E-01     2.222457E+00     1.377619E+01     6.427177E+00
   3.903333E-01     2.224066E+00     1.378763E+01     6.438609E+00
   3.905000E-01     2.225676E+00     1.379906E+01     6.450044E+00
   3.906667E-01     2.227286E+00     1.381050E+01     6.461481E+00
   3.908333E-01     2.228897E+00     1.382194E+01     6.472920E+00
   3.910000E-01     2.230508E+00     1.383338E+01     6.484361E+00
   3.911667E-01     2.232120E+00     1.384482E+01     6.495804E+00
   3.913333E-01     2.233733E+00     1.385626E+01     6.507249E+00
   3.915000E-01     2.235346E+00     1.386771E+01     6.518696E+00
   3.916667E-01     2.236960E+00     1.387916E+01     6.530145E+00
   3.918333E-01     2.238574E+00     1.389061E+01     6.541596E+00
   3.920000E-01     2.240189E+00     1.390206E+01     6.553049E+00
   3.921667E-01     2.241805E+00     1.391352E+01     6.564503E+00
   3.923333E-01     2.243421E+00     1.392498E+01     6.575960E+00
   3.925000E-01     2.245037E+00     1.393643E+01     6.587419E+00
   3.926667E-01     2.246655E+00     1.394789E+01     6.598879E+00
   3.928333E-01     2.248272E+00     1.395936E+01     6.610341E+00
   3.930000E-01     2.249891E+00     1.397082E+01     6.621805E+00
   3.931667E-01     2.251510E+00     1.398229E+01     6.633271E+00
   3.933333E-01     2.253129E+00     1.399375E+01     6.644738E+00
   3.935000E-01     2.254749E+00     1.400522E+01     6.656207E+00
   3.936667E-01     2.256370E+00     1.401669E+01     6.667678E+00
   3.938333E-01     2.257992E+00     1.402817E+01     6.679151E+00
   3.940000E-01     2.259613E+00     1.403964E+01     6.690626E+00
   3.941667E-01     2.261236E+00     1.405112E+01     6.702102E+00
   3.943333E-01     2.262859E+00     1.406260E+01     6.713579E+00
   3.945000E-01     2.264483E+00     1.407407E+01     6.725059E+00
   3.946667E-01     2.266107E+00     1.408556E+01     6.736540E+00
   3.948333E-01     2.267732E+00     1.409704E+01     6.748022E+00
   3.950000E-01     2.269357E+00     1.410852E+01     6.759506E+00
   3.951667E-01     2.270983E+00     1.412001E+01     6.770992E+00
   3.953333E-01     2.272610E+00     1.413150E+01     6.782479E+00
   3.955000E-01     2.274237E+00     1.414298E+01     6.793968E+00
   3.956667E-01     2.275864E+00     1.415447E+01     6.805459E+00
   3.958333E-01     2.277493E+00     1.416597E+01     6.816950E+00
   3.960000E-01     2.279122E+00     1.417746E+01     6.828444E+00
   3.961667E-01     2.280751E+00     1.418895E+01     6.839938E+00
   3.963333E-01     2.282381E+00     1.420045E+01     6.851434E+00
   3.965000E-01     2.284012E+00     1.421195E+01     6.862932E+00
   3.966667E-01     2.285643E+00     1.422345E+01     6.874431E+00
   3.968333E-01     2.287275E+00     1.423495E+01     6.885931E+00
   3.970000E-01     2.288907E+00     1.424645E+01     6.897433E+00
   3.971667E-01     2.290540E+00     1.425795E+01     6.908936E+00
   3.973333E-01     2.292174E+00     1.426946E+01     6.920440E+00
   3.975000E-01     2.293808E+00     1.428096E+01     6.931946E+00
   3.976667E-01     2.295443E+00     1.429247E+01     6.943453E+00
   3.978333E-01     2.297078E+00     1.430398E+01     6.954961E+00
   3.980000E-01     2.298714E+00     1.431549E+01     6.966470E+00
   3.981667E-01     2.300350E+00     1.432700E+01     6.977981E+00
   3.983333E-01     2.301987E+00     1.433851E+01     6.989493E+00
   3.985000E-01     2.303625E+00     1.435002E+01     7.001006E+00
   3.986667E-01     2.305263E+00     1.436154E+01     7.012520E+00
   3.988333E-01     2.306902E+00     1.437305E+01     7.024036E+00
   3.990000E-01     2.308541E+00     1.438457E+01     7.035552E+00
   3.991667E-01     2.310181E+00     1.439609E+01     7.047070E+00
   3.993333E-01     2.311822E+00     1.440760E+01     7.058589E+00
   3.995000E-01     2.313463E+00     1.441912E+01     7.070109E+00
   3.996667E-01     2.315105E+00     1.443065E+01     7.081630E+00
   3.998333E-01     2.316747E+00     1.444217E+01     7.093152E+00
   4.000000E-01     2.318390E+00     1.445369E+01     7.104675E+00
   4.001667E-01     2.320033E+00     1.446521E+01     7.116199E+00
   4.003333E-01     2.321677E+00     1.447674E+01     7.127724E+00
   4.005000E-01     2.323322E+00     1.448827E+01     7.139250E+00
   4.006667E-01     2.324967E+00     1.449979E+01     7.150777E+00
   4.008333E-01     2.326613E+00     1.451132E+01     7.162305E+00
   4.010000E-01     2.328259E+00     1.452285E+01     7.173834E+00
   4.011667E-01     2.329906E+00     1.453438E+01     7.185363E+00
   4.013333E-01     2.331554E+00     1.454591E+01     7.196894E+00
   4.015000E-01     2.333202E+00     1.455744E+01     7.208426E+00
   4.016667E-01     2.334850E+00     1.456897E+01     7.219958E+00
   4.018333E-01     2.336500E+00     1.458051E+01     7.231491E+00
   4.020000E-01     2.338149E+00     1.459204E+01     7.243026E+00
   4.021667E-01     2.339800E+00     1.460358E+01     7.254560E+00
   4.023333E-01     2.341451E+00     1.461511E+01     7.266096E+00
   4.025000E-01     2.343103E+00     1.462665E+01     7.277633E+00
   4.026667E-01     2.344755E+00     1.463819E+01     7.289170E+00
   4.028333E-01     2.346407E+00     1.464972E+01     7.300708E+00
   4.030000E-01     2.348061E+00     1.466126E+01     7.312246E+00
   4.031667E-01     2.349715E+00     1.467280E+01     7.323786E+00
   4.033333E-01     2.351369E+00     1.468434E+01     7.335326E+00
   4.035000E-01     2.353024E+00     1.469588E+01     7.346867E+00
   4.036667E-01     2.354680E+00     1.470742E+01     7.358408E+00
   4.038333E-01     2.356336E+00     1.471897E+01     7.369950E+00
   4.040000E-01     2.357993E+00     1.473051E+01     7.381493E+00
   4.041667E-01     2.359651E+00     1.474205E+01     7.393036E+00
   4.043333E-01     2.361309E+00     1.475360E+01     7.404580E+00
   4.045000E-01     2.362967E+00     1.476514E+01     7.416124E+00
   4.046667E-01     2.364626E+00     1.477669E+01     7.427669E+00
   4.048333E-01     2.366286E+00     1.478823E+01     7.439215E+00
   4.050000E-01     2.367946E+00     1.479978E+01     7.450761E+00
   4.051667E-01     2.369607E+00     1.481132E+01     7.462307E+00
   4.053333E-01     2.371269E+00     1.482287E+01     7.473854E+00
   4.055000E-01     2.372931E+00     1.483442E+01     7.485402E+00
   4.056667E-01     2.374594E+00     1.484597E+01     7.496950E+00
   4.058333E-01     2.376257E+00     1.485751E+01     7.508498E+00
   4.060000E-01     2.377921E+00     1.486906E+01     7.520047E+00
   4.061667E-01     2.379585E+00     1.488061E+01     7.531596E+00
   4.063333E-01     2.381250E+00     1.489216E+01     7.543146E+00
   4.065000E-01     2.382916E+00     1.490371E+01     7.554696E+00
   4.066667E-01     2.384582E+00     1.491526E+01     7.566246E+00
   4.068333E-01     2.386248E+00     1.492681E+01     7.577797E+00
   4.070000E-01     2.387916E+00     1.493836E+01     7.589348E+00
   4.071667E-01     2.389584E+00     1.494992E+01     7.600899E+00
   4.073333E-01     2.391252E+00     1.496147E+01     7.612451E+00
   4.075000E-01     2.392921E+00     1.497302E+01     7.624003E+00
   4.076667E-01     2.394591E+00     1.498457E+01     7.635555E+00
   4.078333E-01     2.396261E+00     1.499612E+01     7.647107E+00
   4.080000E-01     2.397932E+00     1.500768E+01     7.658660E+00
   4.081667E-01     2.399603E+00     1.501923E+01     7.670213E+00
   4.083333E-01     2.401275E+00     1.503078E+01     7.681766E+00
   4.085000E-01     2.402948E+00     1.504233E+01     7.693319E+00
   4.086667E-01     2.404621E+00     1.505389E+01     7.704872E+00
   4.088333E-01     2.406295E+00     1.506544E+01     7.716426E+00
   4.090000E-01     2.407969E+00     1.507700E+01     7.727979E+00
   4.091667E-01     2.409644E+00     1.508855E+01     7.739533E+00
   4.093333E-01     2.411319E+00     1.510010E+01     7.751087E+00
   4.095000E-01     2.412995E+00     1.511166E+01     7.762641E+00
   4.096667E-01     2.414672E+00     1.512321E+01     7.774195E+00
   4.098333E-01     2.416349E+00     1.513476E+01     7.785749E+00
   4.100000E-01     2.418027E+00     1.514632E+01     7.797303E+00
   4.101667E-01     2.419706E+00     1.515787E+01     7.808857E+00
   4.103333E-01     2.421384E+00     1.516943E+01     7.820411E+00
   4.105000E-01     2.423064E+00     1.518098E+01     7.831965E+00
   4.106667E-01     2.424744E+00     1.519254E+01     7.843520E+00
   4.108333E-01     2.426425E+00     1.520409E+01     7.855074E+00
   4.110000E-01     2.428106E+00     1.521564E+01     7.866628E+00
   4.111667E-01     2.429788E+00     1.522720E+01     7.878181E+00
   4.113333E-01     2.431471E+00     1.523875E+01     7.889735E+00
   4.115000E-01     2.433154E+00     1.525030E+01     7.901289E+00
   4.116667E-01     2.434837E+00     1.526186E+01     7.912843E+00
   4.118333E-01     2.436521E+00     1.527341E+01     7.924396E+00
   4.120000E-01     2.438206E+00     1.528497E+01     7.935949E+00
   4.121667E-01     2.439892E+00     1.529652E+01     7.947503E+00
   4.123333E-01     2.441578E+00     1.530807E+01     7.959056E+00
   4.125000E-01     2.443264E+00     1.531962E+01     7.970608E+00
   4.126667E-01     2.444951E+00     1.533118E+01     7.982161E+00
   4.128333E-01     2.446639E+00     1.534273E+01     7.993713E+00
   4.130000E-01     2.448327E+00     1.535428E+01     8.005266E+00
   4.131667E-01     2.450016E+00     1.536583E+01     8.016817E+00
   4.133333E-01     2.451705E+00     1.537738E+01     8.028369E+00
   4.135000E-01     2.453395E+00     1.538894E+01     8.039920E+00
   4.136667E-01     2.455086E+00     1.540049E+01     8.051471E+00
   4.138333E-01     2.456777E+00     1.541204E+01     8.063022E+00
   4.140000E-01     2.458469E+00     1.542359E+01     8.074572E+00
   4.141667E-01     2.460161E+00     1.543514E+01     8.086123E+00
   4.143333E-01     2.461854E+00     1.544669E+01     8.097672E+00
   4.145000E-01     2.463548E+00     1.545824E+01     8.109222E+00
   4.146667E-01     2.465242E+00     1.546979E+01     8.120770E+00
   4.148333E-01     2.466937E+00     1.548133E+01     8.132319E+00
   4.150000E-01     2.468632E+00     1.549288E+01     8.143867E+00
   4.151667E-01     2.470328E+00     1.550443E+01     8.155415E+00
   4.153333E-01     2.472024E+00     1.551598E+01     8.166962E+00
   4.155000E-01     2.473721E+00     1.552752E+01     8.178509E+00
   4.156667E-01     2.475419E+00     1.553907E+01     8.190055E+00
   4.158333E-01     2.477117E+00     1.555062E+01     8.201601E+00
   4.160000E-01     2.478816E+00     1.556216E+01     8.213146E+00
   4.161667E-01     2.480515E+00     1.557371E+01     8.224691E+00
   4.163333E-01     2.482215E+00     1.558525E+01     8.236235E+00
   4.165000E-01     2.483916E+00     1.559679E+01     8.247779E+00
   4.166667E-01     2.485617E+00     1.560834E+01     8.259322E+00
   4.168333E-01     2.487318E+00     1.561988E+01     8.270865E+00
   4.170000E-01     2.489021E+00     1.563142E+01     8.282407E+00
   4.171667E-01     2.490723E+00     1.564296E+01     8.293948E+00
   4.173333E-01     2.492427E+00     1.565450E+01     8.305489E+00
   4.175000E-01     2.494131E+00     1.566604E+01     8.317029E+00
   4.176667E-01     2.495835E+00     1.567758E+01     8.328568E+00
   4.178333E-01     2.497541E+00     1.568912E+01     8.340107E+00
   4.180000E-01     2.499246E+00     1.570066E+01     8.351645E+00
   4.181667E-01     2.500953E+00     1.571220E+01     8.363183E+00
   4.183333E-01     2.502660E+00     1.572374E+01     8.374720E+00
   4.185000E-01     2.504367E+00     1.573527E+01     8.386256E+00
   4.186667E-01     2.506075E+00     1.574681E+01     8.397791E+00
   4.188333E-01     2.507784E+00     1.575834E+01     8.409326E+00
   4.190000E-01     2.509493E+00     1.576988E+01     8.420860E+00
   4.191667E-01     2.511203E+00     1.578141E+01     8.432393E+00
   4.193333E-01     2.512913E+00     1.579294E+01     8.443925E+00
   4.195000E-01     2.514624E+00     1.580447E+01     8.455456E+00
   4.196667E-01     2.516336E+00     1.581600E+01     8.466987E+00
   4.198333E-01     2.518048E+00     1.582753E+01     8.478517E+00
   4.200000E-01     2.519761E+00     1.583906E+01     8.490046E+00
   4.201667E-01     2.521474E+00     1.585059E+01     8.501574E+00
   4.203333E-01     2.523188E+00     1.586212E+01     8.513101E+00
   4.205000E-01     2.524903E+00     1.587364E+01     8.524628E+00
   4.206667E-01     2.526618E+00     1.588517E+01     8.536153E+00
   4.208333E-01     2.528333E+00     1.589669E+01     8.547678E+00
   4.210000E-01     2.530050E+00     1.590822E+01     8.559201E+00
   4.211667E-01     2.531766E+00     1.591974E+01     8.570724E+00
   4.213333E-01     2.533484E+00     1.593126E+01     8.582246E+00
   4.215000E-01     2.535202E+00     1.594278E+01     8.593767E+00
   4.216667E-01     2.536920E+00     1.595430E+01     8.605287E+00
   4.218333E-01     2.538639E+00     1.596582E+01     8.616805E+00
   4.220000E-01     2.540359E+00     1.597734E+01     8.628323E+00
   4.221667E-01     2.542079E+00     1.598886E+01     8.639840E+00
   4.223333E-01     2.543800E+00     1.600037E+01     8.651356E+00
   4.225000E-01     2.545522E+00     1.601189E+01     8.662871E+00
   4.226667E-01     2.547244E+00     1.602340E+01     8.674385E+00
   4.228333E-01     2.548967E+00     1.603491E+01     8.685897E+00
   4.230000E-01     2.550690E+00     1.604642E+01     8.697409E+00
   4.231667E-01     2.552414E+00     1.605794E+01     8.708919E+00
   4.233333E-01     2.554138E+00     1.606944E+01     8.720429E+00
   4.235000E-01     2.555863E+00     1.608095E+01     8.731937E+00
   4.236667E-01     2.557588E+00     1.609246E+01     8.743444E+00
   4.238333E-01     2.559315E+00     1.610397E+01     8.754950E+00
   4.240000E-01     2.561041E+00     1.611547E+01     8.766455E+00
   4.241667E-01     2.562769E+00     1.612697E+01     8.777959E+00
   4.243333E-01     2.564496E+00     1.613848E+01     8.789461E+00
   4.245000E-01     2.566225E+00     1.614998E+01     8.800962E+00
   4.246667E-01     2.567954E+00     1.616148E+01     8.812462E+00
   4.248333E-01     2.569684E+00     1.617298E+01     8.823961E+00
   4.250000E-01     2.571414E+00     1.618447E+01     8.835459E+00
   4.251667E-01     2.573145E+00     1.619597E+01     8.846955E+00
   4.253333E-01     2.574876E+00     1.620747E+01     8.858450E+00
   4.255000E-01     2.576608E+00     1.621896E+01     8.869944E+00
   4.256667E-01     2.578340E+00     1.623045E+01     8.881437E+00
   4.258333E-01     2.580074E+00     1.624194E+01     8.892928E+00
   4.260000E-01     2.581807E+00     1.625343E+01     8.904418E+00
   4.261667E-01     2.583542E+00     1.626492E+01     8.915907E+00
   4.263333E-01     2.585276E+00     1.627641E+01     8.927394E+00
   4.265000E-01     2.587012E+00     1.628790E+01     8.938880E+00
   4.266667E-01     2.588748E+00     1.629938E+01     8.950364E+00
   4.268333E-01     2.590485E+00     1.631086E+01     8.961848E+00
   4.270000E-01     2.592222E+00     1.632235E+01     8.973330E+00
   4.271667E-01     2.593959E+00     1.633383E+01     8.984810E+00
   4.273333E-01     2.595698E+00     1.634530E+01     8.996289E+00
   4.275000E-01     2.597437E+00     1.635678E+01     9.007767E+00
   4.276667E-01     2.599176E+00     1.636826E+01     9.019243E+00
   4.278333E-01     2.600916E+00     1.637973E+01     9.030718E+00
   4.280000E-01     2.602657E+00     1.639121E+01     9.042191E+00
   4.281667E-01     2.604398E+00     1.640268E+01     9.053663E+00
   4.283333E-01     2.606140E+00     1.641415E+01     9.065133E+00
   4.285000E-01     2.607883E+00     1.642562E+01     9.076602E+00
   4.286667E-01     2.609626E+00     1.643708E+01     9.088069E+00
   4.288333E-01     2.611369E+00     1.644855E+01     9.099535E+00
   4.290000E-01     2.613113E+00     1.646002E+01     9.110999E+00
   4.291667E-01     2.614858E+00     1.647148E+01     9.122462E+00
   4.293333E-01     2.616604E+00     1.648294E+01     9.133923E+00
   4.295000E-01     2.618350E+00     1.649440E+01     9.145383E+00
   4.296667E-01     2.620096E+00     1.650586E+01     9.156841E+00
   4.298333E-01     2.621843E+00     1.651731E+01     9.168297E+00
   4.300000E-01     2.623591E+00     1.652877E+01     9.179752E+00
   4.301667E-01     2.625339E+00     1.654022E+01     9.191205E+00
   4.303333E-01     2.627088E+00     1.655167E+01     9.202657E+00
   4.305000E-01     2.628837E+00     1.656312E+01     9.214107E+00
   4.306667E-01     2.630587E+00     1.657457E+01     9.225555E+00
   4.308333E-01     2.632338E+00     1.658602E+01     9.237002E+00
   4.310000E-01     2.634089E+00     1.659746E+01     9.248447E+00
   4.311667E-01     2.635841E+00     1.660891E+01     9.259890E+00
   4.313333E-01     2.637593E+00     1.662035E+01     9.271332E+00
   4.315000E-01     2.639346E+00     1.663179E+01     9.282772E+00
   4.316667E-01     2.641100E+00     1.664323E+01     9.294210E+00
   4.318333E-01     2.642854E+00     1.665466E+01     9.305646E+00
   4.320000E-01     2.644608E+00     1.666610E+01     9.317081E+00
   4.321667E-01     2.646364E+00     1.667753E+01     9.328514E+00
   4.323333E-01     2.648119E+00     1.668896E+01     9.339945E+00
   4.325000E-01     2.649876E+00     1.670039E+01     9.351375E+00
   4.326667E-01     2.651633E+00     1.671182E+01     9.362803E+00
   4.328333E-01     2.653390E+00     1.672324E+01     9.374228E+00
   4.330000E-01     2.655149E+00     1.673467E+01     9.385653E+00
   4.331667E-01     2.656907E+00     1.674609E+01     9.397075E+00
   4.333333E-01     2.658667E+00     1.675751E+01     9.408495E+00
   4.335000E-01     2.660427E+00     1.676893E+01     9.419914E+00
   4.336667E-01     2.662187E+00     1.678035E+01     9.431331E+00
   4.338333E-01     2.663948E+00     1.679176E+01     9.442745E+00
   4.340000E-01     2.665710E+00     1.680317E+01     9.454158E+00
   4.341667E-01     2.667472E+00     1.681459E+01     9.465569E+00
   4.343333E-01     2.669235E+00     1.682599E+01     9.476979E+00
   4.345000E-01     2.670998E+00     1.683740E+01     9.488386E+00
   4.346667E-01     2.672762E+00     1.684881E+01     9.499791E+00
   4.348333E-01     2.674527E+00     1.686021E+01     9.511195E+00
   4.350000E-01     2.676292E+00     1.687161E+01     9.522596E+00
   4.351667E-01     2.678058E+00     1.688301E+01     9.533996E+00
   4.353333E-01     2.679824E+00     1.689441E+01     9.545394E+00
   4.355000E-01     2.681591E+00     1.690580E+01     9.556789E+00
   4.356667E-01     2.683358E+00     1.691720E+01     9.568183E+00
   4.358333E-01     2.685126E+00     1.692859E+01     9.579574E+00
   4.360000E-01     2.686895E+00     1.693998E+01     9.590964E+00
   4.361667E-01     2.688664E+00     1.695137E+01     9.602352E+00
   4.363333E-01     2.690434E+00     1.696275E+01     9.613737E+00
   4.365000E-01     2.692204E+00     1.697414E+01     9.625121E+00
   4.366667E-01     2.693975E+00     1.698552E+01     9.636502E+00
   4.368333E-01     2.695747E+00     1.699690E+01     9.647882E+00
   4.370000E-01     2.697519E+00     1.700828E+01     9.659259E+00
   4.371667E-01     2.699292E+00     1.701965E+01     9.670635E+00
   4.373333E-01     2.701065E+00     1.703102E+01     9.682008E+00
   4.375000E-01     2.702839E+00     1.704239E+01     9.693379E+00
   4.376667E-01     2.704613E+00     1.705376E+01     9.704748E+00
   4.378333E-01     2.706388E+00     1.706513E+01     9.716115E+00
   4.380000E-01     2.708164E+00     1.707650E+01     9.727480E+00
   4.381667E-01     2.709940E+00     1.708786E+01     9.738842E+00
   4.383333E-01     2.711717E+00     1.709922E+01     9.750203E+00
   4.385000E-01     2.713494E+00     1.711058E+01     9.761561E+00
   4.386667E-01     2.715272E+00     1.712193E+01     9.772917E+00
   4.388333E-01     2.717051E+00     1.713329E+01     9.784271E+00
   4.390000E-01     2.718830E+00     1.714464E+01     9.795623E+00
   4.391667E-01     2.720610E+00     1.715599E+01     9.806973E+00
   4.393333E-01     2.722390E+00     1.716734E+01     9.818320E+00
   4.395000E-01     2.724171E+00     1.717868E+01     9.829665E+00
   4.396667E-01     2.725952E+00     1.719002E+01     9.841008E+00
   4.398333E-01     2.727734E+00     1.720136E+01     9.852349E+00
   4.400000E-01     2.729517E+00     1.721270E+01     9.863687E+00
   4.401667E-01     2.731300E+00     1.722404E+01     9.875023E+00
   4.403333E-01     2.733084E+00     1.723537E+01     9.886357E+00
   4.405000E-01     2.734868E+00     1.724670E+01     9.897689E+00
   4.406667E-01     2.736653E+00     1.725803E+01     9.909018E+00
   4.408333E-01     2.738439E+00     1.726936E+01     9.920345E+00
   4.410000E-01     2.740225E+00     1.728069E+01     9.931670E+00
   4.411667E-01     2.742012E+00     1.729201E+01     9.942992E+00
   4.413333E-01     2.743799E+00     1.730333E+01     9.954312E+00
   4.415000E-01     2.745587E+00     1.731465E+01     9.965630E+00
   4.416667E-01     2.747375E+00     1.732596E+01     9.976945E+00
   4.418333E-01     2.749164E+00     1.733727E+01     9.988258E+00
   4.420000E-01     2.750954E+00     1.734858E+01     9.999569E+00
   4.421667E-01     2.752744E+00     1.735989E+01     1.001088E+01
   4.423333E-01     2.754535E+00     1.737120E+01     1.002218E+01
   4.425000E-01     2.756326E+00     1.738250E+01     1.003349E+01
   4.426667E-01     2.758118E+00     1.739380E+01     1.004479E+01
   4.428333E-01     2.759911E+00     1.740510E+01     1.005609E+01
   4.430000E-01     2.761704E+00     1.741640E+01     1.006738E+01
   4.431667E-01     2.763497E+00     1.742769E+01     1.007868E+01
   4.433333E-01     2.765292E+00     1.743898E+01     1.008997E+01
   4.435000E-01     2.767086E+00     1.745027E+01     1.010126E+01
   4.436667E-01     2.768882E+00     1.746156E+01     1.011254E+01
   4.438333E-01     2.770678E+00     1.747284E+01     1.012383E+01
   4.440000E-01     2.772474E+00     1.748412E+01     1.013511E+01
   4.441667E-01     2.774272E+00     1.749540E+01     1.014639E+01
   4.443333E-01     2.776069E+00     1.750668E+01     1.015766E+01
   4.445000E-01     2.777868E+00     1.751795E+01     1.016894E+01
   4.446667E-01     2.779667E+00     1.752922E+01     1.018021E+01
   4.448333E-01     2.781466E+00     1.754049E+01     1.019148E+01
   4.450000E-01     2.783266E+00     1.755176E+01     1.020274E+01
   4.451667E-01     2.785067E+00     1.756302E+01     1.021401E+01
   4.453333E-01     2.786868E+00     1.757428E+01     1.022527E+01
   4.455000E-01     2.788670E+00     1.758554E+01     1.023653E+01
   4.456667E-01     2.790472E+00     1.759680E+01     1.024778E+01
   4.458333E-01     2.792275E+00     1.760805E+01     1.025904E+01
   4.460000E-01     2.794079E+00     1.761930E+01     1.027029E+01
   4.461667E-01     2.795883E+00     1.763055E+01     1.028154E+01
   4.463333E-01     2.797688E+00     1.764180E+01     1.029278E+01
   4.465000E-01     2.799493E+00     1.765304E+01     1.030403E+01
   4.466667E-01     2.801299E+00     1.766428E+01     1.031527E+01
   4.468333E-01     2.803106E+00     1.767552E+01     1.032650E+01
   4.470000E-01     2.804913E+00     1.768675E+01     1.033774E+01
   4.471667E-01     2.806720E+00     1.769799E+01     1.034897E+01
   4.473333E-01     2.808529E+00     1.770922E+01     1.036020E+01
   4.475000E-01     2.810337E+00     1.772044E+01     1.037143E+01
   4.476667E-01     2.812147E+00     1.773167E+01     1.038265E+01
   4.478333E-01     2.813957E+00     1.774289E+01     1.039387E+01
   4.480000E-01     2.815767E+00     1.775411E+01     1.040509E+01
   4.481667E-01     2.817578E+00     1.776533E+01     1.041631E+01
   4.483333E-01     2.819390E+00     1.777654E+01     1.042752E+01
   4.485000E-01     2.821202E+00     1.778775E+01     1.043873E+01
   4.486667E-01     2.823015E+00     1.779896E+01     1.044994E+01
   4.488333E-01     2.824829E+00     1.781016E+01     1.046115E+01
   4.490000E-01     2.826643E+00     1.782137E+01     1.047235E+01
   4.491667E-01     2.828458E+00     1.783257E+01     1.048355E+01
   4.493333E-01     2.830273E+00     1.784376E+01     1.049475E+01
   4.495000E-01     2.832089E+00     1.785496E+01     1.050594E+01
   4.496667E-01     2.833905E+00     1.786615E+01     1.051713E+01
   4.498333E-01     2.835722E+00     1.787734E+01     1.052832E+01
   4.500000E-01     2.837539E+00     1.788852E+01     1.053951E+01
   4.501667E-01     2.839358E+00     1.789971E+01     1.055069E+01
   4.503333E-01     2.841176E+00     1.791089E+01     1.056187E+01
   4.505000E-01     2.842996E+00     1.792207E+01     1.057305E+01
   4.506667E-01     2.844816E+00     1.793324E+01     1.058422E+01
   4.508333E-01     2.846636E+00     1.794441E+01     1.059540E+01
   4.510000E-01     2.848457E+00     1.795558E+01     1.060657E+01
   4.511667E-01     2.850279E+00     1.796675E+01     1.061773E+01
   4.513333E-01     2.852101E+00     1.797791E+01     1.062889E+01
   4.515000E-01     2.853924E+00     1.798907E+01     1.064006E+01
   4.516667E-01     2.855747E+00     1.800023E+01     1.065121E+01
   4.518333E-01     2.857571E+00     1.801138E+01     1.066237E+01
   4.520000E-01     2.859396E+00     1.802253E+01     1.067352E+01
   4.521667E-01     2.861221E+00     1.803368E+01     1.068467E+01
   4.523333E-01     2.863046E+00     1.804483E+01     1.069581E+01
   4.525000E-01     2.864873E+00     1.805597E+01     1.070696E+01
   4.526667E-01     2.866699E+00     1.806711E+01     1.071810E+01
   4.528333E-01     2.868527E+00     1.807825E+01     1.072923E+01
   4.530000E-01     2.870355E+00     1.808938E+01     1.074037E+01
   4.531667E-01     2.872184E+00     1.810051E+01     1.075150E+01
   4.533333E-01     2.874013E+00     1.811164E+01     1.076263E+01
   4.535000E-01     2.875843E+00     1.812277E+01     1.077375E+01
   4.536667E-01     2.877673E+00     1.813389E+01     1.078487E+01
   4.538333E-01     2.879504E+00     1.814501E+01     1.079599E+01
   4.540000E-01     2.881335E+00     1.815613E+01     1.080711E+01
   4.541667E-01     2.883168E+00     1.816724E+01     1.081822E+01
   4.543333E-01     2.885000E+00     1.817835E+01     1.082933E+01
   4.545000E-01     2.886833E+00     1.818946E+01     1.084044E+01
   4.546667E-01     2.888667E+00     1.820056E+01     1.085155E+01
   4.548333E-01     2.890502E+00     1.821166E+01     1.086265E+01
   4.550000E-01     2.892337E+00     1.822276E+01     1.087374E+01
   4.551667E-01     2.894172E+00     1.823386E+01     1.088484E+01
   4.553333E-01     2.896009E+00     1.824495E+01     1.089593E+01
   4.555000E-01     2.897845E+00     1.825604E+01     1.090702E+01
   4.556667E-01     2.899683E+00     1.826712E+01     1.091811E+01
   4.558333E-01     2.901521E+00     1.827821E+01     1.092919E+01
   4.560000E-01     2.903359E+00     1.828928E+01     1.094027E+01
   4.561667E-01     2.905198E+00     1.830036E+01     1.095135E+01
   4.563333E-01     2.907038E+00     1.831144E+01     1.096242E+01
   4.565000E-01     2.908878E+00     1.832251E+01     1.097349E+01
   4.566667E-01     2.910719E+00     1.833357E+01     1.098456E+01
   4.568333E-01     2.912560E+00     1.834464E+01     1.099562E+01
   4.570000E-01     2.914402E+00     1.835570E+01     1.100668E+01
   4.571667E-01     2.916245E+00     1.836676E+01     1.101774E+01
   4.573333E-01     2.918088E+00     1.837781E+01     1.102879E+01
   4.575000E-01     2.919932E+00     1.838886E+01     1.103985E+01
   4.576667E-01     2.921776E+00     1.839991E+01     1.105089E+01
   4.578333E-01     2.923621E+00     1.841096E+01     1.106194E+01
   4.580000E-01     2.925467E+00     1.842200E+01     1.107298E+01
   4.581667E-01     2.927313E+00     1.843304E+01     1.108402E+01
   4.583333E-01     2.929159E+00     1.844407E+01     1.109506E+01
   4.585000E-01     2.931007E+00     1.845510E+01     1.110609E+01
   4.586667E-01     2.932855E+00     1.846613E+01     1.111712E+01
   4.588333E-01     2.934703E+00     1.847716E+01     1.112814E+01
   4.590000E-01     2.936552E+00     1.848818E+01     1.113917E+01
   4.591667E-01     2.938402E+00     1.849920E+01     1.115019E+01
   4.593333E-01     2.940252E+00     1.851022E+01     1.116120E+01
   4.595000E-01     2.942102E+00     1.852123E+01     1.117222E+01
   4.596667E-01     2.943954E+00     1.853224E+01     1.118323E+01
   4.598333E-01     2.945806E+00     1.854325E+01     1.119423E+01
   4.600000E-01     2.947658E+00     1.855425E+01     1.120524E+01
   4.601667E-01     2.949511E+00     1.856525E+01     1.121624E+01
   4.603333E-01     2.951365E+00     1.857625E+01     1.122723E+01
   4.605000E-01     2.953219E+00     1.858724E+01     1.123823E+01
   4.606667E-01     2.955074E+00     1.859823E+01     1.124922E+01
   4.608333E-01     2.956929E+00     1.860922E+01     1.126020E+01
   4.610000E-01     2.958785E+00     1.862020E+01     1.127119E+01
   4.611667E-01     2.960642E+00     1.863118E+01     1.128217E+01
   4.613333E-01     2.962499E+00     1.864216E+01     1.129315E+01
   4.615000E-01     2.964357E+00     1.865314E+01     1.130412E+01
   4.616667E-01     2.966215E+00     1.866411E+01     1.131509E+01
   4.618333E-01     2.968074E+00     1.867507E+01     1.132606E+01
   4.620000E-01     2.969933E+00     1.868604E+01     1.133702E+01
   4.621667E-01     2.971794E+00     1.869700E+01     1.134798E+01
   4.623333E-01     2.973654E+00     1.870795E+01     1.135894E+01
   4.625000E-01     2.975515E+00     1.871891E+01     1.136989E+01
   4.626667E-01     2.977377E+00     1.872986E+01     1.138084E+01
   4.628333E-01     2.979240E+00     1.874080E+01     1.139179E+01
   4.630000E-01     2.981103E+00     1.875175E+01     1.140273E+01
   4.631667E-01     2.982966E+00     1.876269E+01     1.141367E+01
   4.633333E-01     2.984830E+00     1.877363E+01     1.142461E+01
   4.635000E-01     2.986695E+00     1.878456E+01     1.143554E+01
   4.636667E-01     2.988560E+00     1.879549E+01     1.144647E+01
   4.638333E-01     2.990426E+00     1.880642E+01     1.145740E+01
   4.640000E-01     2.992293E+00     1.881734E+01     1.146832E+01
   4.641667E-01     2.994160E+00     1.882826E+01     1.147924E+01
   4.643333E-01     2.996027E+00     1.883917E+01     1.149016E+01
   4.645000E-01     2.997896E+00     1.885009E+01     1.150107E+01
   4.646667E-01     2.999764E+00     1.886100E+01     1.151198E+01
   4.648333E-01     3.001634E+00     1.887190E+01     1.152289E+01
   4.650000E-01     3.003504E+00     1.888281E+01     1.153379E+01
   4.651667E-01     3.005374E+00     1.889370E+01     1.154469E+01
   4.653333E-01     3.007245E+00     1.890460E+01     1.155558E+01
   4.655000E-01     3.009117E+00     1.891549E+01     1.156648E+01
   4.656667E-01     3.010989E+00     1.892638E+01     1.157736E+01
   4.658333E-01     3.012862E+00     1.893727E+01     1.158825E+01
   4.660000E-01     3.014736E+00     1.894815E+01     1.159913E+01
   4.661667E-01     3.016610E+00     1.895903E+01     1.161001E+01
   4.663333E-01     3.018484E+00     1.896990E+01     1.162088E+01
   4.665000E-01     3.020359E+00     1.898077E+01     1.163175E+01
   4.666667E-01     3.022235E+00     1.899164E+01     1.164262E+01
   4.668333E-01     3.024112E+00     1.900250E+01     1.165349E+01
   4.670000E-01     3.025989E+00     1.901336E+01     1.166435E+01
   4.671667E-01     3.027866E+00     1.902422E+01     1.167520E+01
   4.673333E-01     3.029744E+00     1.903507E+01     1.168606E+01
   4.675000E-01     3.031623E+00     1.904592E+01     1.169691E+01
   4.676667E-01     3.033502E+00     1.905677E+01     1.170775E+01
   4.678333E-01     3.035382E+00     1.906761E+01     1.171860E+01
   4.680000E-01     3.037262E+00     1.907845E+01     1.172944E+01
   4.681667E-01     3.039143E+00     1.908929E+01     1.174027E+01
   4.683333E-01     3.041025E+00     1.910012E+01     1.175110E+01
   4.685000E-01     3.042907E+00     1.911095E+01     1.176193E+01
   4.686667E-01     3.044790E+00     1.912177E+01     1.177276E+01
   4.688333E-01     3.046673E+00     1.913259E+01     1.178358E+01
   4.690000E-01     3.048557E+00     1.914341E+01     1.179440E+01
   4.691667E-01     3.050442E+00     1.915423E+01     1.180521E+01
   4.693333E-01     3.052327E+00     1.916504E+01     1.181602E+01
   4.695000E-01     3.054213E+00     1.917584E+01     1.182683E+01
   4.696667E-01     3.056099E+00     1.918665E+01     1.183763E+01
   4.698333E-01     3.057986E+00     1.919745E+01     1.184843E+01
   4.700000E-01     3.059873E+00     1.920824E+01     1.185923E+01
   4.701667E-01     3.061761E+00     1.921903E+01     1.187002E+01
   4.703333E-01     3.063650E+00     1.922982E+01     1.188081E+01
   4.705000E-01     3.065539E+00     1.924061E+01     1.189159E+01
   4.706667E-01     3.067429E+00     1.925139E+01     1.190237E+01
   4.708333E-01     3.069319E+00     1.926217E+01     1.191315E+01
   4.710000E-01     3.071210E+00     1.927294E+01     1.192392E+01
   4.711667E-01     3.073101E+00     1.928371E+01     1.193470E+01
   4.713333E-01     3.074994E+00     1.929448E+01     1.194546E+01
   4.715000E-01     3.076886E+00     1.930524E+01     1.195622E+01
   4.716667E-01     3.078779E+00     1.931600E+01     1.196698E+01
   4.718333E-01     3.080673E+00     1.932676E+01     1.197774E+01
   4.720000E-01     3.082568E+00     1.933751E+01     1.198849E+01
   4.721667E-01     3.084463E+00     1.934826E+01     1.199924E+01
   4.723333E-01     3.086358E+00     1.935900E+01     1.200998E+01
   4.725000E-01     3.088254E+00     1.936974E+01     1.202072E+01
   4.726667E-01     3.090151E+00     1.938048E+01     1.203146E+01
   4.728333E-01     3.092048E+00     1.939121E+01     1.204220E+01
   4.730000E-01     3.093946E+00     1.940194E+01     1.205292E+01
   4.731667E-01     3.095845E+00     1.941267E+01     1.206365E+01
   4.733333E-01     3.097744E+00     1.942339E+01     1.207437E+01
   4.735000E-01     3.099644E+00     1.943411E+01     1.208509E+01
   4.736667E-01     3.101544E+00     1.944482E+01     1.209581E+01
   4.738333E-01     3.103445E+00     1.945553E+01     1.210652E+01
   4.740000E-01     3.105346E+00     1.946624E+01     1.211722E+01
   4.741667E-01     3.107248E+00     1.947694E+01     1.212793E+01
   4.743333E-01     3.109151E+00     1.948764E+01     1.213863E+01
   4.745000E-01     3.111054E+00     1.949834E+01     1.214932E+01
   4.746667E-01     3.112958E+00     1.950903E+01     1.216001E+01
   4.748333E-01     3.114862E+00     1.951972E+01     1.217070E+01
   4.750000E-01     3.116767E+00     1.953040E+01     1.218139E+01
   4.751667E-01     3.118672E+00     1.954108E+01     1.219207E+01
   4.753333E-01     3.120578E+00     1.955176E+01     1.220274E+01
   4.755000E-01     3.122485E+00     1.956243E+01     1.221342E+01
   4.756667E-01     3.124392E+00     1.957310E+01     1.222409E+01
   4.758333E-01     3.126300E+00     1.958377E+01     1.223475E+01
   4.760000E-01     3.128208E+00     1.959443E+01     1.224541E+01
   4.761667E-01     3.130117E+00     1.960509E+01     1.225607E+01
   4.763333E-01     3.132027E+00     1.961574E+01     1.226673E+01
   4.765000E-01     3.133937E+00     1.962639E+01     1.227738E+01
   4.766667E-01     3.135848E+00     1.963704E+01     1.228802E+01
   4.768333E-01     3.137759E+00     1.964768E+01     1.229866E+01
   4.770000E-01     3.139671E+00     1.965832E+01     1.230930E+01
   4.771667E-01     3.141583E+00     1.966895E+01     1.231994E+01
   4.773333E-01     3.143496E+00     1.967958E+01     1.233057E+01
   4.775000E-01     3.145410E+00     1.969021E+01     1.234119E+01
   4.776667E-01     3.147324E+00     1.970083E+01     1.235182E+01
   4.778333E-01     3.149239E+00     1.971145E+01     1.236244E+01
   4.780000E-01     3.151154E+00     1.972207E+01     1.237305E+01
   4.781667E-01     3.153070E+00     1.973268E+01     1.238366E+01
   4.783333E-01     3.154987E+00     1.974329E+01     1.239427E+01
   4.785000E-01     3.156904E+00     1.975389E+01     1.240487E+01
   4.786667E-01     3.158822E+00     1.976449E+01     1.241547E+01
   4.788333E-01     3.160740E+00     1.977509E+01     1.242607E+01
   4.790000E-01     3.162659E+00     1.978568E+01     1.243666E+01
   4.791667E-01     3.164578E+00     1.979627E+01     1.244725E+01
   4.793333E-01     3.166498E+00     1.980685E+01     1.245783E+01
   4.795000E-01     3.168419E+00     1.981743E+01     1.246841E+01
   4.796667E-01     3.170340E+00     1.982801E+01     1.247899E+01
   4.798333E-01     3.172262E+00     1.983858E+01     1.248956E+01
   4.800000E-01     3.174184E+00     1.984915E+01     1.250013E+01
   4.801667E-01     3.176107E+00     1.985971E+01     1.251070E+01
   4.803333E-01     3.178031E+00     1.987027E+01     1.252126E+01
   4.805000E-01     3.179955E+00     1.988083E+01     1.253181E+01
   4.806667E-01     3.181880E+00     1.989138E+01     1.254237E+01
   4.808333E-01     3.183805E+00     1.990193E+01     1.255291E+01
   4.810000E-01     3.185731E+00     1.991247E+01     1.256346E+01
   4.811667E-01     3.187657E+00     1.992302E+01     1.257400E+01
   4.813333E-01     3.189584E+00     1.993355E+01     1.258454E+01
   4.815000E-01     3.191512E+00     1.994409E+01     1.259507E+01
   4.816667E-01     3.193440E+00     1.995461E+01     1.260560E+01
   4.818333E-01     3.195369E+00     1.996514E+01     1.261612E+01
   4.820000E-01     3.197298E+00     1.997566E+01     1.262664E+01
   4.821667E-01     3.199228E+00     1.998618E+01     1.263716E+01
   4.823333E-01     3.201159E+00     1.999669E+01     1.264767E+01
   4.825000E-01     3.203090E+00     2.000720E+01     1.265818E+01
   4.826667E-01     3.205021E+00     2.001770E+01     1.266869E+01
   4.828333E-01     3.206954E+00     2.002820E+01     1.267919E+01
   4.830000E-01     3.208886E+00     2.003870E+01     1.268968E+01
   4.831667E-01     3.210820E+00     2.004919E+01     1.270018E+01
   4.833333E-01     3.212754E+00     2.005968E+01     1.271067E+01
   4.835000E-01     3.214689E+00     2.007017E+01     1.272115E+01
   4.836667E-01     3.216624E+00     2.008065E+01     1.273163E+01
   4.838333E-01     3.218559E+00     2.009112E+01     1.274211E+01
   4.840000E-01     3.220496E+00     2.010160E+01     1.275258E+01
   4.841667E-01     3.222433E+00     2.011207E+01     1.276305E+01
   4.843333E-01     3.224370E+00     2.012253E+01     1.277351E+01
   4.845000E-01     3.226308E+00     2.013299E+01     1.278398E+01
   4.846667E-01     3.228247E+00     2.014345E+01     1.279443E+01
   4.848333E-01     3.230186E+00     2.015390E+01     1.280488E+01
   4.850000E-01     3.232126E+00     2.016435E+01     1.281533E+01
   4.851667E-01     3.234066E+00     2.017479E+01     1.282578E+01
   4.853333E-01     3.236007E+00     2.018523E+01     1.283622E+01
   4.855000E-01     3.237949E+00     2.019567E+01     1.284665E+01
   4.856667E-01     3.239891E+00     2.020610E+01     1.285709E+01
   4.858333E-01     3.241834E+00     2.021653E+01     1.286751E+01
   4.860000E-01     3.243777E+00     2.022695E+01     1.287794E+01
   4.861667E-01     3.245721E+00     2.023737E+01     1.288836E+01
   4.863333E-01     3.247666E+00     2.024779E+01     1.289877E+01
   4.865000E-01     3.249611E+00     2.025820E+01     1.290919E+01
   4.866667E-01     3.251556E+00     2.026861E+01     1.291959E+01
   4.868333E-01     3.253503E+00     2.027901E+01     1.293000E+01
   4.870000E-01     3.255449E+00     2.028941E+01     1.294040E+01
   4.871667E-01     3.257397E+00     2.029981E+01     1.295079E+01
   4.873333E-01     3.259345E+00     2.031020E+01     1.296118E+01
   4.875000E-01     3.261293E+00     2.032059E+01     1.297157E+01
   4.876667E-01     3.263243E+00     2.033097E+01     1.298195E+01
   4.878333E-01     3.265192E+00     2.034135E+01     1.299233E+01
   4.880000E-01     3.267143E+00     2.035172E+01     1.300271E+01
   4.881667E-01     3.269094E+00     2.036209E+01     1.301308E+01
   4.883333E-01     3.271045E+00     2.037246E+01     1.302344E+01
   4.885000E-01     3.272997E+00     2.038282E+01     1.303381E+01
   4.886667E-01     3.274950E+00     2.039318E+01     1.304416E+01
   4.888333E-01     3.276903E+00     2.040353E+01     1.305452E+01
   4.890000E-01     3.278857E+00     2.041388E+01     1.306487E+01
   4.891667E-01     3.280811E+00     2.042423E+01     1.307521E+01
   4.893333E-01     3.282766E+00     2.043457E+01     1.308556E+01
   4.895000E-01     3.284722E+00     2.044491E+01     1.309589E+01
   4.896667E-01     3.286678E+00     2.045524E+01     1.310623E+01
   4.898333E-01     3.288635E+00     2.046557E+01     1.311656E+01
   4.900000E-01     3.290592E+00     2.047590E+01     1.312688E+01
   4.901667E-01     3.292550E+00     2.048622E+01     1.313720E+01
   4.903333E-01     3.294508E+00     2.049653E+01     1.314752E+01
   4.905000E-01     3.296467E+00     2.050685E+01     1.315783E+01
   4.906667E-01     3.298427E+00     2.051715E+01     1.316814E+01
   4.908333E-01     3.300387E+00     2.052746E+01     1.317844E+01
   4.910000E-01     3.302348E+00     2.053776E+01     1.318874E+01
   4.911667E-01     3.304309E+00     2.054805E+01     1.319904E+01
   4.913333E-01     3.306271E+00     2.055835E+01     1.320933E+01
   4.915000E-01     3.308234E+00     2.056863E+01     1.321962E+01
   4.916667E-01     3.310197E+00     2.057892E+01     1.322990E+01
   4.918333E-01     3.312161E+00     2.058920E+01     1.324018E+01
   4.920000E-01     3.314125E+00     2.059947E+01     1.325045E+01
   4.921667E-01     3.316090E+00     2.060974E+01     1.326073E+01
   4.923333E-01     3.318055E+00     2.062001E+01     1.327099E+01
   4.925000E-01     3.320021E+00     2.063027E+01     1.328125E+01
   4.926667E-01     3.321988E+00     2.064053E+01     1.329151E+01
   4.928333E-01     3.323955E+00     2.065078E+01     1.330177E+01
   4.930000E-01     3.325923E+00     2.066103E+01     1.331201E+01
   4.931667E-01     3.327891E+00     2.067128E+01     1.332226E+01
   4.933333E-01     3.329860E+00     2.068152E+01     1.333250E+01
   4.935000E-01     3.331830E+00     2.069175E+01     1.334274E+01
   4.936667E-01     3.333800E+00     2.070199E+01     1.335297E+01
   4.938333E-01     3.335770E+00     2.071221E+01     1.336320E+01
   4.940000E-01     3.337742E+00     2.072244E+01     1.337342E+01
   4.941667E-01     3.339714E+00     2.073266E+01     1.338364E+01
   4.943333E-01     3.341686E+00     2.074287E+01     1.339386E+01
   4.945000E-01     3.343659E+00     2.075309E+01     1.340407E+01
   4.946667E-01     3.345633E+00     2.076329E+01     1.341428E+01
   4.948333E-01     3.347607E+00     2.077350E+01     1.342448E+01
   4.950000E-01     3.349582E+00     2.078369E+01     1.343468E+01
   4.951667E-01     3.351557E+00     2.079389E+01     1.344487E+01
   4.953333E-01     3.353533E+00     2.080408E+01     1.345506E+01
   4.955000E-01     3.355509E+00     2.081426E+01     1.346525E+01
   4.956667E-01     3.357487E+00     2.082445E+01     1.347543E+01
   4.958333E-01     3.359464E+00     2.083462E+01     1.348561E+01
   4.960000E-01     3.361443E+00     2.084480E+01     1.349578E+01
   4.961667E-01     3.363421E+00     2.085496E+01     1.350595E+01
   4.963333E-01     3.365401E+00     2.086513E+01     1.351611E+01
   4.965000E-01     3.367381E+00     2.087529E+01     1.352627E+01
   4.966667E-01     3.369361E+00     2.088544E+01     1.353643E+01
   4.968333E-01     3.371343E+00     2.089560E+01     1.354658E+01
   4.970000E-01     3.373324E+00     2.090574E+01     1.355673E+01
   4.971667E-01     3.375307E+00     2.091589E+01     1.356687E+01
   4.973333E-01     3.377290E+00     2.092602E+01     1.357701E+01
   4.975000E-01     3.379273E+00     2.093616E+01     1.358714E+01
   4.976667E-01     3.381257E+00     2.094629E+01     1.359727E+01
   4.978333E-01     3.383242E+00     2.095641E+01     1.360740E+01
   4.980000E-01     3.385227E+00     2.096654E+01     1.361752E+01
   4.981667E-01     3.387213E+00     2.097665E+01     1.362764E+01
   4.983333E-01     3.389199E+00     2.098677E+01     1.363775E+01
   4.985000E-01     3.391186E+00     2.099687E+01     1.364786E+01
   4.986667E-01     3.393174E+00     2.100698E+01     1.365796E+01
   4.988333E-01     3.395162E+00     2.101708E+01     1.366806E+01
   4.990000E-01     3.397151E+00     2.102717E+01     1.367816E+01
   4.991667E-01     3.399140E+00     2.103727E+01     1.368825E+01
   4.993333E-01     3.401130E+00     2.104735E+01     1.369834E+01
   4.995000E-01     3.403121E+00     2.105743E+01     1.370842E+01
   4.996667E-01     3.405112E+00     2.106751E+01     1.371850E+01
   4.998333E-01     3.407103E+00     2.107759E+01     1.372857E+01
   5.000000E-01     3.409096E+00     2.108766E+01     1.373864E+01
