# Tabla NEST para RED-100
# Xe NR, rho=2.96 g/cm3, E_drift=218.0 V/cm, NEST 2.4.5
# F estimado con 20000 muestras de GetQuanta por energia
# T_nr[keV]   Qy[e-/keV]   F=Var(Ne)/<Ne>
# N_puntos = 4000
0.200000   0.000000   1.000000
0.202951   0.000000   1.000000
0.205901   0.000000   1.000000
0.208852   0.000000   1.000000
0.211803   2.566786   0.515089
0.214754   2.614101   0.507180
0.217704   2.661174   0.502074
0.220655   2.707993   0.488477
0.223606   2.754547   0.497816
0.226557   2.800826   0.476657
0.229507   2.846821   0.480437
0.232458   2.892522   0.473638
0.235409   2.937921   0.473704
0.238360   2.983010   0.468204
0.241310   3.027782   0.467472
0.244261   3.072229   0.470098
0.247212   3.116346   0.458472
0.250163   3.160126   0.463955
0.253113   3.203564   0.453476
0.256064   3.246655   0.454644
0.259015   3.289394   0.460119
0.261965   3.331777   0.454688
0.264916   3.373799   0.454616
0.267867   3.415458   0.451495
0.270818   3.456751   0.450231
0.273768   3.497674   0.454911
0.276719   3.538225   0.456039
0.279670   3.578403   0.458868
0.282621   3.618205   0.447623
0.285571   3.657630   0.453687
0.288522   3.696677   0.452153
0.291473   3.735344   0.445653
0.294424   3.773631   0.445492
0.297374   3.811539   0.451791
0.300325   3.849065   0.442807
0.303276   3.886212   0.449850
0.306227   3.922978   0.444343
0.309177   3.959364   0.447353
0.312128   3.995371   0.445735
0.315079   4.031001   0.447509
0.318030   4.066253   0.444039
0.320980   4.101128   0.442741
0.323931   4.135630   0.441832
0.326882   4.169758   0.438261
0.329832   4.203514   0.440991
0.332783   4.236901   0.434428
0.335734   4.269920   0.437831
0.338685   4.302572   0.439165
0.341635   4.334861   0.441098
0.344586   4.366789   0.442987
0.347537   4.398357   0.442577
0.350488   4.429568   0.437921
0.353438   4.460425   0.429035
0.356389   4.490929   0.439194
0.359340   4.521085   0.436518
0.362291   4.550894   0.443439
0.365241   4.580358   0.436429
0.368192   4.609482   0.431345
0.371143   4.638268   0.434797
0.374094   4.666718   0.435208
0.377044   4.694836   0.441441
0.379995   4.722625   0.439354
0.382946   4.750087   0.436000
0.385896   4.777226   0.431521
0.388847   4.804044   0.434440
0.391798   4.830546   0.431989
0.394749   4.856733   0.436013
0.397699   4.882609   0.434166
0.400650   4.908178   0.436269
0.403601   4.933441   0.432291
0.406552   4.958404   0.440005
0.409502   4.983067   0.432765
0.412453   5.007436   0.432199
0.415404   5.031513   0.431547
0.418355   5.055300   0.446680
0.421305   5.078803   0.436765
0.424256   5.102022   0.430494
0.427207   5.124962   0.431423
0.430158   5.147626   0.423865
0.433108   5.170017   0.425745
0.436059   5.192138   0.439110
0.439010   5.213992   0.433374
0.441960   5.235582   0.428547
0.444911   5.256911   0.431672
0.447862   5.277983   0.431168
0.450813   5.298800   0.427383
0.453763   5.319366   0.420051
0.456714   5.339683   0.430180
0.459665   5.359754   0.429300
0.462616   5.379583   0.419219
0.465566   5.399172   0.423809
0.468517   5.418524   0.426307
0.471468   5.437643   0.427594
0.474419   5.456530   0.426831
0.477369   5.475189   0.424626
0.480320   5.493623   0.427658
0.483271   5.511835   0.428815
0.486222   5.529826   0.430377
0.489172   5.547601   0.423066
0.492123   5.565161   0.420912
0.495074   5.582510   0.418404
0.498025   5.599650   0.419503
0.500975   5.616583   0.418108
0.503926   5.633313   0.420824
0.506877   5.649841   0.408266
0.509827   5.666171   0.414919
0.512778   5.682305   0.413169
0.515729   5.698246   0.429125
0.518680   5.713995   0.424003
0.521630   5.729556   0.421531
0.524581   5.744930   0.417911
0.527532   5.760121   0.420340
0.530483   5.775130   0.414805
0.533433   5.789960   0.417174
0.536384   5.804614   0.412463
0.539335   5.819092   0.421844
0.542286   5.833399   0.413730
0.545236   5.847535   0.417989
0.548187   5.861504   0.412710
0.551138   5.875306   0.420215
0.554089   5.888945   0.415136
0.557039   5.902423   0.421526
0.559990   5.915741   0.412398
0.562941   5.928902   0.416291
0.565891   5.941908   0.418544
0.568842   5.954760   0.409993
0.571793   5.967461   0.414555
0.574744   5.980013   0.417363
0.577694   5.992418   0.410048
0.580645   6.004676   0.415403
0.583596   6.016792   0.415368
0.586547   6.028765   0.415349
0.589497   6.040599   0.409699
0.592448   6.052294   0.415203
0.595399   6.063853   0.415991
0.598350   6.075278   0.416679
0.601300   6.086569   0.416960
0.604251   6.097730   0.411694
0.607202   6.108761   0.416446
0.610153   6.119664   0.411226
0.613103   6.130441   0.411015
0.616054   6.141094   0.413495
0.619005   6.151624   0.409006
0.621955   6.162032   0.415721
0.624906   6.172321   0.410446
0.627857   6.182491   0.412304
0.630808   6.192545   0.408399
0.633758   6.202483   0.410343
0.636709   6.212308   0.410157
0.639660   6.222020   0.417156
0.642611   6.231622   0.407837
0.645561   6.241114   0.416472
0.648512   6.250498   0.412050
0.651463   6.259775   0.411465
0.654414   6.268947   0.413851
0.657364   6.278015   0.408135
0.660315   6.286980   0.421247
0.663266   6.295844   0.417733
0.666217   6.304607   0.416859
0.669167   6.313272   0.411210
0.672118   6.321840   0.414225
0.675069   6.330310   0.411058
0.678020   6.338686   0.413252
0.680970   6.346968   0.408715
0.683921   6.355157   0.407573
0.686872   6.363254   0.406086
0.689822   6.371261   0.402038
0.692773   6.379179   0.409785
0.695724   6.387008   0.402808
0.698675   6.394750   0.414649
0.701625   6.402406   0.416334
0.704576   6.409978   0.410429
0.707527   6.417465   0.408122
0.710478   6.424869   0.412929
0.713428   6.432191   0.415231
0.716379   6.439433   0.398476
0.719330   6.446595   0.415443
0.722281   6.453678   0.408606
0.725231   6.460683   0.407155
0.728182   6.467610   0.413154
0.731133   6.474462   0.408163
0.734084   6.481239   0.416094
0.737034   6.487942   0.410227
0.739985   6.494571   0.406835
0.742936   6.501128   0.407099
0.745886   6.507614   0.407482
0.748837   6.514029   0.412353
0.751788   6.520374   0.414183
0.754739   6.526650   0.405422
0.757689   6.532858   0.411303
0.760640   6.538999   0.406818
0.763591   6.545073   0.411468
0.766542   6.551082   0.410849
0.769492   6.557025   0.411256
0.772443   6.562905   0.409133
0.775394   6.568721   0.408550
0.778345   6.574475   0.416274
0.781295   6.580166   0.416492
0.784246   6.585797   0.410529
0.787197   6.591367   0.419073
0.790148   6.596878   0.412352
0.793098   6.602329   0.418018
0.796049   6.607722   0.412514
0.799000   6.613058   0.410659
0.801950   6.618336   0.406054
0.804901   6.623559   0.407592
0.807852   6.628726   0.404316
0.810803   6.633837   0.418528
0.813753   6.638895   0.411538
0.816704   6.643899   0.414586
0.819655   6.648849   0.417225
0.822606   6.653747   0.414549
0.825556   6.658594   0.411303
0.828507   6.663389   0.421606
0.831458   6.668133   0.416835
0.834409   6.672828   0.418924
0.837359   6.677473   0.414160
0.840310   6.682068   0.415856
0.843261   6.686616   0.411595
0.846212   6.691116   0.417045
0.849162   6.695568   0.418368
0.852113   6.699974   0.416789
0.855064   6.704333   0.414879
0.858015   6.708647   0.418124
0.860965   6.712915   0.421336
0.863916   6.717139   0.418432
0.866867   6.721319   0.418283
0.869817   6.725455   0.415829
0.872768   6.729548   0.412679
0.875719   6.733598   0.425493
0.878670   6.737606   0.427938
0.881620   6.741572   0.416888
0.884571   6.745496   0.410504
0.887522   6.749380   0.409585
0.890473   6.753224   0.414265
0.893423   6.757028   0.414545
0.896374   6.760792   0.423211
0.899325   6.764517   0.415310
0.902276   6.768203   0.411175
0.905226   6.771851   0.415113
0.908177   6.775462   0.416976
0.911128   6.779035   0.412543
0.914079   6.782571   0.421471
0.917029   6.786070   0.418523
0.919980   6.789533   0.422095
0.922931   6.792961   0.419714
0.925881   6.796353   0.421809
0.928832   6.799710   0.424494
0.931783   6.803032   0.418990
0.934734   6.806320   0.411451
0.937684   6.809575   0.424920
0.940635   6.812795   0.421400
0.943586   6.815983   0.416376
0.946537   6.819138   0.418832
0.949487   6.822260   0.429194
0.952438   6.825350   0.422840
0.955389   6.828408   0.423979
0.958340   6.831435   0.420293
0.961290   6.834430   0.416180
0.964241   6.837395   0.424201
0.967192   6.840330   0.421880
0.970143   6.843234   0.421903
0.973093   6.846108   0.421434
0.976044   6.848953   0.415506
0.978995   6.851769   0.415359
0.981945   6.854555   0.429709
0.984896   6.857314   0.415394
0.987847   6.860043   0.427657
0.990798   6.862745   0.421783
0.993748   6.865419   0.414907
0.996699   6.868066   0.425019
0.999650   6.870685   0.419489
1.002601   6.873277   0.423671
1.005551   6.875843   0.428383
1.008502   6.878383   0.421503
1.011453   6.880896   0.417537
1.014404   6.883384   0.425829
1.017354   6.885846   0.422126
1.020305   6.888283   0.423026
1.023256   6.890695   0.420872
1.026207   6.893082   0.427486
1.029157   6.895444   0.427042
1.032108   6.897782   0.416097
1.035059   6.900096   0.431389
1.038010   6.902387   0.419482
1.040960   6.904653   0.422002
1.043911   6.906897   0.424490
1.046862   6.909117   0.418364
1.049812   6.911315   0.420375
1.052763   6.913490   0.421833
1.055714   6.915642   0.425039
1.058665   6.917772   0.417405
1.061615   6.919881   0.432475
1.064566   6.921967   0.429954
1.067517   6.924032   0.418486
1.070468   6.926076   0.421251
1.073418   6.928098   0.429099
1.076369   6.930100   0.423675
1.079320   6.932081   0.426584
1.082271   6.934041   0.433878
1.085221   6.935982   0.419979
1.088172   6.937902   0.422615
1.091123   6.939802   0.427371
1.094074   6.941682   0.426446
1.097024   6.943543   0.430759
1.099975   6.945384   0.417060
1.102926   6.947207   0.429088
1.105876   6.949010   0.420025
1.108827   6.950795   0.423161
1.111778   6.952560   0.417160
1.114729   6.954308   0.423184
1.117679   6.956037   0.421879
1.120630   6.957748   0.428543
1.123581   6.959442   0.429892
1.126532   6.961117   0.427391
1.129482   6.962775   0.425262
1.132433   6.964416   0.437176
1.135384   6.966039   0.427272
1.138335   6.967645   0.424163
1.141285   6.969234   0.425220
1.144236   6.970807   0.436539
1.147187   6.972363   0.428421
1.150138   6.973902   0.425413
1.153088   6.975425   0.424622
1.156039   6.976932   0.425489
1.158990   6.978423   0.426855
1.161940   6.979898   0.426853
1.164891   6.981357   0.431651
1.167842   6.982801   0.432770
1.170793   6.984230   0.424211
1.173743   6.985643   0.427166
1.176694   6.987041   0.422560
1.179645   6.988424   0.421966
1.182596   6.989792   0.424803
1.185546   6.991145   0.425419
1.188497   6.992484   0.422474
1.191448   6.993809   0.422904
1.194399   6.995119   0.426892
1.197349   6.996414   0.426733
1.200300   6.997696   0.423834
1.203251   6.998964   0.423389
1.206202   7.000218   0.426773
1.209152   7.001458   0.422559
1.212103   7.002685   0.432550
1.215054   7.003898   0.430175
1.218005   7.005098   0.433934
1.220955   7.006285   0.426956
1.223906   7.007459   0.423939
1.226857   7.008620   0.427729
1.229807   7.009767   0.431714
1.232758   7.010903   0.426552
1.235709   7.012025   0.430505
1.238660   7.013135   0.429565
1.241610   7.014232   0.428657
1.244561   7.015318   0.422018
1.247512   7.016391   0.427724
1.250463   7.017452   0.427061
1.253413   7.018501   0.421240
1.256364   7.019538   0.424853
1.259315   7.020563   0.432107
1.262266   7.021577   0.428517
1.265216   7.022579   0.428244
1.268167   7.023570   0.429643
1.271118   7.024549   0.431880
1.274069   7.025517   0.423614
1.277019   7.026474   0.422799
1.279970   7.027419   0.429633
1.282921   7.028354   0.427837
1.285871   7.029278   0.426912
1.288822   7.030191   0.431614
1.291773   7.031094   0.421091
1.294724   7.031985   0.426986
1.297674   7.032867   0.421524
1.300625   7.033738   0.428905
1.303576   7.034598   0.431378
1.306527   7.035448   0.425663
1.309477   7.036288   0.433395
1.312428   7.037118   0.429144
1.315379   7.037938   0.429854
1.318330   7.038749   0.436452
1.321280   7.039549   0.428933
1.324231   7.040339   0.431670
1.327182   7.041120   0.437910
1.330133   7.041892   0.433498
1.333083   7.042653   0.423949
1.336034   7.043406   0.428273
1.338985   7.044149   0.431218
1.341935   7.044883   0.424856
1.344886   7.045607   0.424297
1.347837   7.046323   0.435924
1.350788   7.047029   0.428447
1.353738   7.047727   0.428106
1.356689   7.048415   0.424452
1.359640   7.049095   0.432077
1.362591   7.049766   0.432010
1.365541   7.050429   0.433537
1.368492   7.051082   0.431386
1.371443   7.051728   0.423970
1.374394   7.052365   0.430548
1.377344   7.052993   0.431261
1.380295   7.053613   0.429537
1.383246   7.054225   0.426526
1.386197   7.054829   0.426776
1.389147   7.055424   0.433060
1.392098   7.056012   0.428657
1.395049   7.056591   0.434000
1.397999   7.057163   0.429812
1.400950   7.057727   0.432572
1.403901   7.058283   0.429224
1.406852   7.058831   0.429680
1.409802   7.059371   0.434848
1.412753   7.059904   0.427842
1.415704   7.060430   0.425573
1.418655   7.060948   0.425310
1.421605   7.061458   0.435966
1.424556   7.061961   0.433462
1.427507   7.062457   0.426688
1.430458   7.062945   0.429437
1.433408   7.063427   0.432179
1.436359   7.063901   0.431969
1.439310   7.064368   0.421067
1.442261   7.064828   0.432190
1.445211   7.065281   0.425916
1.448162   7.065728   0.424784
1.451113   7.066167   0.430533
1.454064   7.066599   0.425645
1.457014   7.067025   0.435447
1.459965   7.067444   0.432676
1.462916   7.067857   0.428882
1.465866   7.068263   0.425219
1.468817   7.068662   0.426753
1.471768   7.069055   0.431710
1.474719   7.069441   0.434291
1.477669   7.069821   0.423253
1.480620   7.070195   0.432072
1.483571   7.070562   0.422556
1.486522   7.070923   0.421417
1.489472   7.071278   0.429310
1.492423   7.071627   0.427459
1.495374   7.071970   0.435368
1.498325   7.072306   0.418358
1.501275   7.072637   0.436006
1.504226   7.072961   0.425854
1.507177   7.073280   0.422413
1.510128   7.073593   0.426688
1.513078   7.073900   0.427093
1.516029   7.074201   0.433715
1.518980   7.074497   0.429371
1.521930   7.074786   0.426292
1.524881   7.075070   0.434870
1.527832   7.075349   0.428042
1.530783   7.075622   0.434079
1.533733   7.075889   0.424059
1.536684   7.076151   0.431155
1.539635   7.076408   0.436482
1.542586   7.076659   0.435624
1.545536   7.076905   0.422760
1.548487   7.077145   0.429764
1.551438   7.077380   0.430863
1.554389   7.077610   0.432011
1.557339   7.077835   0.428856
1.560290   7.078054   0.424380
1.563241   7.078269   0.430207
1.566192   7.078478   0.433892
1.569142   7.078682   0.429942
1.572093   7.078881   0.430835
1.575044   7.079076   0.433492
1.577994   7.079265   0.425515
1.580945   7.079449   0.420287
1.583896   7.079629   0.429067
1.586847   7.079804   0.432372
1.589797   7.079974   0.428382
1.592748   7.080139   0.428976
1.595699   7.080299   0.434422
1.598650   7.080455   0.433941
1.601600   7.080606   0.430370
1.604551   7.080752   0.425166
1.607502   7.080894   0.439271
1.610453   7.081032   0.425516
1.613403   7.081165   0.435277
1.616354   7.081293   0.434185
1.619305   7.081417   0.425007
1.622256   7.081536   0.432253
1.625206   7.081651   0.431889
1.628157   7.081762   0.436453
1.631108   7.081868   0.436990
1.634059   7.081970   0.423005
1.637009   7.082068   0.435576
1.639960   7.082162   0.435646
1.642911   7.082251   0.429456
1.645861   7.082336   0.439268
1.648812   7.082417   0.435110
1.651763   7.082494   0.435194
1.654714   7.082567   0.435016
1.657664   7.082636   0.422121
1.660615   7.082701   0.432702
1.663566   7.082761   0.425635
1.666517   7.082818   0.427223
1.669467   7.082871   0.434732
1.672418   7.082920   0.424525
1.675369   7.082965   0.438082
1.678320   7.083006   0.434015
1.681270   7.083044   0.440415
1.684221   7.083077   0.425338
1.687172   7.083107   0.427472
1.690123   7.083133   0.428360
1.693073   7.083155   0.429158
1.696024   7.083174   0.440269
1.698975   7.083189   0.440041
1.701925   7.083200   0.440266
1.704876   7.083208   0.436240
1.707827   7.083212   0.426965
1.710778   7.083212   0.433154
1.713728   7.083209   0.434831
1.716679   7.083203   0.435953
1.719630   7.083192   0.437646
1.722581   7.083179   0.438964
1.725531   7.083162   0.437003
1.728482   7.083141   0.432839
1.731433   7.083118   0.437262
1.734384   7.083090   0.438793
1.737334   7.083060   0.436623
1.740285   7.083026   0.435527
1.743236   7.082989   0.433701
1.746187   7.082948   0.430576
1.749137   7.082905   0.434011
1.752088   7.082858   0.429001
1.755039   7.082807   0.433350
1.757989   7.082754   0.440429
1.760940   7.082697   0.432408
1.763891   7.082638   0.434731
1.766842   7.082575   0.435209
1.769792   7.082509   0.431911
1.772743   7.082440   0.443693
1.775694   7.082368   0.437050
1.778645   7.082293   0.432272
1.781595   7.082214   0.432121
1.784546   7.082133   0.427513
1.787497   7.082049   0.440551
1.790448   7.081962   0.430864
1.793398   7.081872   0.439677
1.796349   7.081779   0.438209
1.799300   7.081683   0.435134
1.802251   7.081584   0.437747
1.805201   7.081482   0.433984
1.808152   7.081378   0.436439
1.811103   7.081270   0.436564
1.814054   7.081160   0.445381
1.817004   7.081047   0.434235
1.819955   7.080932   0.436674
1.822906   7.080813   0.431140
1.825856   7.080692   0.432974
1.828807   7.080568   0.429374
1.831758   7.080441   0.430472
1.834709   7.080312   0.435621
1.837659   7.080180   0.432486
1.840610   7.080046   0.436613
1.843561   7.079908   0.436951
1.846512   7.079769   0.436711
1.849462   7.079626   0.429480
1.852413   7.079481   0.429112
1.855364   7.079334   0.435443
1.858315   7.079184   0.440220
1.861265   7.079031   0.434680
1.864216   7.078876   0.434387
1.867167   7.078718   0.438069
1.870118   7.078558   0.433834
1.873068   7.078396   0.436131
1.876019   7.078231   0.437319
1.878970   7.078063   0.441254
1.881920   7.077893   0.442382
1.884871   7.077721   0.436210
1.887822   7.077547   0.433057
1.890773   7.077370   0.437202
1.893723   7.077190   0.439024
1.896674   7.077009   0.435961
1.899625   7.076825   0.440614
1.902576   7.076638   0.434995
1.905526   7.076450   0.438789
1.908477   7.076259   0.439052
1.911428   7.076066   0.435488
1.914379   7.075871   0.436935
1.917329   7.075673   0.433180
1.920280   7.075473   0.434702
1.923231   7.075272   0.435800
1.926182   7.075067   0.430372
1.929132   7.074861   0.438370
1.932083   7.074653   0.441132
1.935034   7.074442   0.426894
1.937984   7.074229   0.437384
1.940935   7.074015   0.435334
1.943886   7.073798   0.429957
1.946837   7.073579   0.440231
1.949787   7.073357   0.443314
1.952738   7.073134   0.436925
1.955689   7.072909   0.442564
1.958640   7.072682   0.432455
1.961590   7.072453   0.448550
1.964541   7.072221   0.435953
1.967492   7.071988   0.441532
1.970443   7.071753   0.436113
1.973393   7.071516   0.439298
1.976344   7.071276   0.436105
1.979295   7.071035   0.441027
1.982246   7.070792   0.444023
1.985196   7.070547   0.436477
1.988147   7.070300   0.445886
1.991098   7.070052   0.440257
1.994049   7.069801   0.440140
1.996999   7.069548   0.425167
1.999950   7.069294   0.449660
2.002901   7.069038   0.436066
2.005851   7.068780   0.432742
2.008802   7.068520   0.440841
2.011753   7.068258   0.443415
2.014704   7.067994   0.442929
2.017654   7.067729   0.441395
2.020605   7.067462   0.438940
2.023556   7.067193   0.436021
2.026507   7.066923   0.436525
2.029457   7.066650   0.440929
2.032408   7.066376   0.438484
2.035359   7.066100   0.447729
2.038310   7.065823   0.440924
2.041260   7.065543   0.443519
2.044211   7.065263   0.438863
2.047162   7.064980   0.433159
2.050113   7.064696   0.442441
2.053063   7.064410   0.445421
2.056014   7.064122   0.440826
2.058965   7.063833   0.440268
2.061915   7.063542   0.436926
2.064866   7.063249   0.443338
2.067817   7.062955   0.444765
2.070768   7.062660   0.444578
2.073718   7.062362   0.445987
2.076669   7.062064   0.438222
2.079620   7.061763   0.445210
2.082571   7.061461   0.441756
2.085521   7.061158   0.444814
2.088472   7.060853   0.445318
2.091423   7.060546   0.445668
2.094374   7.060238   0.442588
2.097324   7.059928   0.443390
2.100275   7.059617   0.445435
2.103226   7.059304   0.429062
2.106177   7.058990   0.444892
2.109127   7.058675   0.437389
2.112078   7.058358   0.448235
2.115029   7.058039   0.444624
2.117979   7.057719   0.433424
2.120930   7.057398   0.424709
2.123881   7.057075   0.446153
2.126832   7.056751   0.444546
2.129782   7.056425   0.443844
2.132733   7.056098   0.434043
2.135684   7.055769   0.446656
2.138635   7.055439   0.443779
2.141585   7.055108   0.445390
2.144536   7.054776   0.446535
2.147487   7.054442   0.450217
2.150438   7.054106   0.452313
2.153388   7.053770   0.447474
2.156339   7.053432   0.435297
2.159290   7.053092   0.446701
2.162241   7.052752   0.439931
2.165191   7.052410   0.446583
2.168142   7.052066   0.440693
2.171093   7.051722   0.446213
2.174044   7.051376   0.439236
2.176994   7.051029   0.444374
2.179945   7.050680   0.442800
2.182896   7.050331   0.445323
2.185846   7.049980   0.442797
2.188797   7.049628   0.448780
2.191748   7.049274   0.437846
2.194699   7.048920   0.435507
2.197649   7.048564   0.444230
2.200600   7.048207   0.447163
2.203551   7.047848   0.447175
2.206502   7.047489   0.446657
2.209452   7.047128   0.437775
2.212403   7.046766   0.443819
2.215354   7.046403   0.451509
2.218305   7.046039   0.442690
2.221255   7.045673   0.449234
2.224206   7.045307   0.445294
2.227157   7.044939   0.444024
2.230108   7.044570   0.447238
2.233058   7.044200   0.445304
2.236009   7.043829   0.451810
2.238960   7.043456   0.447618
2.241910   7.043083   0.443791
2.244861   7.042709   0.442410
2.247812   7.042333   0.452867
2.250763   7.041956   0.443510
2.253713   7.041578   0.448049
2.256664   7.041199   0.442151
2.259615   7.040819   0.447228
2.262566   7.040438   0.451045
2.265516   7.040056   0.450170
2.268467   7.039673   0.446203
2.271418   7.039289   0.447057
2.274369   7.038903   0.446761
2.277319   7.038517   0.449248
2.280270   7.038130   0.442990
2.283221   7.037741   0.443338
2.286172   7.037352   0.443032
2.289122   7.036961   0.444523
2.292073   7.036570   0.450161
2.295024   7.036177   0.448161
2.297974   7.035784   0.454571
2.300925   7.035389   0.450138
2.303876   7.034994   0.448794
2.306827   7.034597   0.446547
2.309777   7.034200   0.439135
2.312728   7.033802   0.446179
2.315679   7.033402   0.442649
2.318630   7.033002   0.442664
2.321580   7.032601   0.450105
2.324531   7.032199   0.449756
2.327482   7.031795   0.443826
2.330433   7.031391   0.444805
2.333383   7.030986   0.449387
2.336334   7.030580   0.450742
2.339285   7.030174   0.443710
2.342236   7.029766   0.439555
2.345186   7.029357   0.448186
2.348137   7.028947   0.452647
2.351088   7.028537   0.447707
2.354039   7.028126   0.456053
2.356989   7.027713   0.445424
2.359940   7.027300   0.447934
2.362891   7.026886   0.453687
2.365841   7.026471   0.445881
2.368792   7.026056   0.449336
2.371743   7.025639   0.446634
2.374694   7.025222   0.445307
2.377644   7.024803   0.444521
2.380595   7.024384   0.447748
2.383546   7.023964   0.439060
2.386497   7.023543   0.444256
2.389447   7.023122   0.451551
2.392398   7.022699   0.447869
2.395349   7.022276   0.452871
2.398300   7.021852   0.452711
2.401250   7.021427   0.455795
2.404201   7.021001   0.442576
2.407152   7.020574   0.456276
2.410103   7.020147   0.447365
2.413053   7.019719   0.452048
2.416004   7.019290   0.467985
2.418955   7.018860   0.448740
2.421905   7.018430   0.461033
2.424856   7.017998   0.446633
2.427807   7.017566   0.445224
2.430758   7.017134   0.451840
2.433708   7.016700   0.446034
2.436659   7.016266   0.448809
2.439610   7.015831   0.449846
2.442561   7.015395   0.458692
2.445511   7.014958   0.455697
2.448462   7.014521   0.457876
2.451413   7.014083   0.451466
2.454364   7.013644   0.454539
2.457314   7.013205   0.456347
2.460265   7.012765   0.445793
2.463216   7.012324   0.450528
2.466167   7.011882   0.450451
2.469117   7.011440   0.448069
2.472068   7.010997   0.455534
2.475019   7.010553   0.448825
2.477969   7.010109   0.458105
2.480920   7.009664   0.458347
2.483871   7.009218   0.456659
2.486822   7.008771   0.454888
2.489772   7.008324   0.444932
2.492723   7.007876   0.448923
2.495674   7.007428   0.455666
2.498625   7.006979   0.462157
2.501575   7.006529   0.454693
2.504526   7.006078   0.449794
2.507477   7.005627   0.449513
2.510428   7.005175   0.456885
2.513378   7.004723   0.449889
2.516329   7.004270   0.465061
2.519280   7.003816   0.454278
2.522231   7.003362   0.453568
2.525181   7.002907   0.452075
2.528132   7.002451   0.447832
2.531083   7.001995   0.451492
2.534034   7.001538   0.450804
2.536984   7.001081   0.444585
2.539935   7.000622   0.457332
2.542886   7.000164   0.455413
2.545836   6.999704   0.451382
2.548787   6.999244   0.456234
2.551738   6.998784   0.452558
2.554689   6.998323   0.462121
2.557639   6.997861   0.460360
2.560590   6.997399   0.450903
2.563541   6.996936   0.449659
2.566492   6.996473   0.455651
2.569442   6.996008   0.454970
2.572393   6.995544   0.451570
2.575344   6.995079   0.457473
2.578295   6.994613   0.461742
2.581245   6.994147   0.453255
2.584196   6.993680   0.457812
2.587147   6.993212   0.459671
2.590098   6.992744   0.455395
2.593048   6.992276   0.451631
2.595999   6.991807   0.467097
2.598950   6.991337   0.459283
2.601900   6.990867   0.459131
2.604851   6.990396   0.459049
2.607802   6.989925   0.449446
2.610753   6.989453   0.455007
2.613703   6.988981   0.457316
2.616654   6.988508   0.458152
2.619605   6.988035   0.453419
2.622556   6.987561   0.454283
2.625506   6.987086   0.458250
2.628457   6.986611   0.457073
2.631408   6.986136   0.453329
2.634359   6.985660   0.456827
2.637309   6.985184   0.455138
2.640260   6.984707   0.462759
2.643211   6.984229   0.457778
2.646162   6.983751   0.455991
2.649112   6.983273   0.462312
2.652063   6.982794   0.463437
2.655014   6.982315   0.451756
2.657964   6.981835   0.453425
2.660915   6.981355   0.456633
2.663866   6.980874   0.453749
2.666817   6.980392   0.455259
2.669767   6.979911   0.456578
2.672718   6.979428   0.461023
2.675669   6.978946   0.450939
2.678620   6.978462   0.453056
2.681570   6.977979   0.461493
2.684521   6.977495   0.463531
2.687472   6.977010   0.456674
2.690423   6.976525   0.459201
2.693373   6.976040   0.458714
2.696324   6.975554   0.458727
2.699275   6.975068   0.458704
2.702226   6.974581   0.463093
2.705176   6.974094   0.465543
2.708127   6.973606   0.459642
2.711078   6.973118   0.454592
2.714029   6.972629   0.458947
2.716979   6.972140   0.462427
2.719930   6.971651   0.464368
2.722881   6.971161   0.459608
2.725831   6.970671   0.463704
2.728782   6.970180   0.457646
2.731733   6.969689   0.464100
2.734684   6.969198   0.462524
2.737634   6.968706   0.462979
2.740585   6.968214   0.464497
2.743536   6.967721   0.457848
2.746487   6.967228   0.457987
2.749437   6.966734   0.452687
2.752388   6.966240   0.451812
2.755339   6.965746   0.465189
2.758290   6.965251   0.464118
2.761240   6.964756   0.464734
2.764191   6.964261   0.466057
2.767142   6.963765   0.461418
2.770093   6.963269   0.460034
2.773043   6.962772   0.465402
2.775994   6.962275   0.463615
2.778945   6.961778   0.460705
2.781895   6.961280   0.461520
2.784846   6.960782   0.466088
2.787797   6.960283   0.457908
2.790748   6.959785   0.460483
2.793698   6.959285   0.460517
2.796649   6.958786   0.454200
2.799600   6.958286   0.459257
2.802551   6.957786   0.461891
2.805501   6.957285   0.459166
2.808452   6.956784   0.467248
2.811403   6.956282   0.459324
2.814354   6.955781   0.467488
2.817304   6.955279   0.460296
2.820255   6.954776   0.473487
2.823206   6.954274   0.461994
2.826157   6.953770   0.453694
2.829107   6.953267   0.461754
2.832058   6.952763   0.458071
2.835009   6.952259   0.457088
2.837959   6.951755   0.458955
2.840910   6.951250   0.466920
2.843861   6.950745   0.454049
2.846812   6.950239   0.465480
2.849762   6.949734   0.468941
2.852713   6.949228   0.463372
2.855664   6.948721   0.470395
2.858615   6.948214   0.474133
2.861565   6.947707   0.474427
2.864516   6.947200   0.463038
2.867467   6.946692   0.472846
2.870418   6.946184   0.465703
2.873368   6.945676   0.466976
2.876319   6.945168   0.463656
2.879270   6.944659   0.466015
2.882221   6.944149   0.470700
2.885171   6.943640   0.466392
2.888122   6.943130   0.469343
2.891073   6.942620   0.471536
2.894024   6.942110   0.468651
2.896974   6.941599   0.465625
2.899925   6.941088   0.466394
2.902876   6.940577   0.469066
2.905826   6.940065   0.459441
2.908777   6.939553   0.463879
2.911728   6.939041   0.474819
2.914679   6.938529   0.465060
2.917629   6.938016   0.463391
2.920580   6.937503   0.465579
2.923531   6.936990   0.472302
2.926482   6.936476   0.471122
2.929432   6.935963   0.470197
2.932383   6.935449   0.469774
2.935334   6.934934   0.466889
2.938285   6.934420   0.471006
2.941235   6.933905   0.471729
2.944186   6.933390   0.467544
2.947137   6.932874   0.474276
2.950088   6.932359   0.477430
2.953038   6.931843   0.465996
2.955989   6.931326   0.474080
2.958940   6.930810   0.471127
2.961890   6.930293   0.468316
2.964841   6.929776   0.471449
2.967792   6.929259   0.474074
2.970743   6.928742   0.463899
2.973693   6.928224   0.459942
2.976644   6.927706   0.466070
2.979595   6.927188   0.465372
2.982546   6.926670   0.464466
2.985496   6.926151   0.462112
2.988447   6.925632   0.467216
2.991398   6.925113   0.464000
2.994349   6.924593   0.470952
2.997299   6.924074   0.466261
3.000250   6.923554   0.466787
3.003201   6.923034   0.467903
3.006152   6.922514   0.457536
3.009102   6.921993   0.471681
3.012053   6.921472   0.460024
3.015004   6.920951   0.463996
3.017954   6.920430   0.472114
3.020905   6.919909   0.474853
3.023856   6.919387   0.473888
3.026807   6.918865   0.479717
3.029757   6.918343   0.466073
3.032708   6.917821   0.475501
3.035659   6.917298   0.473090
3.038610   6.916775   0.466106
3.041560   6.916252   0.469303
3.044511   6.915729   0.463867
3.047462   6.915206   0.469594
3.050413   6.914682   0.478010
3.053363   6.914158   0.467196
3.056314   6.913634   0.473524
3.059265   6.913110   0.469918
3.062216   6.912586   0.472369
3.065166   6.912061   0.480535
3.068117   6.911536   0.467259
3.071068   6.911011   0.455891
3.074019   6.910486   0.473861
3.076969   6.909961   0.466791
3.079920   6.909435   0.466297
3.082871   6.908909   0.473567
3.085821   6.908383   0.470840
3.088772   6.907857   0.470064
3.091723   6.907331   0.469159
3.094674   6.906804   0.471323
3.097624   6.906277   0.470878
3.100575   6.905751   0.465959
3.103526   6.905223   0.479133
3.106477   6.904696   0.473971
3.109427   6.904169   0.474988
3.112378   6.903641   0.472376
3.115329   6.903113   0.482614
3.118280   6.902585   0.467396
3.121230   6.902057   0.472499
3.124181   6.901529   0.466351
3.127132   6.901000   0.477149
3.130083   6.900471   0.462074
3.133033   6.899943   0.467043
3.135984   6.899413   0.480159
3.138935   6.898884   0.474695
3.141885   6.898355   0.476888
3.144836   6.897825   0.468490
3.147787   6.897296   0.474267
3.150738   6.896766   0.478207
3.153688   6.896236   0.468487
3.156639   6.895706   0.473206
3.159590   6.895175   0.471605
3.162541   6.894645   0.468964
3.165491   6.894114   0.479173
3.168442   6.893583   0.474293
3.171393   6.893052   0.480147
3.174344   6.892521   0.471751
3.177294   6.891990   0.475443
3.180245   6.891458   0.480445
3.183196   6.890927   0.473751
3.186147   6.890395   0.483841
3.189097   6.889863   0.474301
3.192048   6.889331   0.480780
3.194999   6.888799   0.473917
3.197949   6.888266   0.475009
3.200900   6.887734   0.469312
3.203851   6.887201   0.475785
3.206802   6.886669   0.472371
3.209752   6.886136   0.489067
3.212703   6.885603   0.477309
3.215654   6.885069   0.470800
3.218605   6.884536   0.476258
3.221555   6.884003   0.473723
3.224506   6.883469   0.476151
3.227457   6.882935   0.475138
3.230408   6.882402   0.484645
3.233358   6.881868   0.483193
3.236309   6.881333   0.478549
3.239260   6.880799   0.480137
3.242211   6.880265   0.480194
3.245161   6.879730   0.474748
3.248112   6.879196   0.471013
3.251063   6.878661   0.474690
3.254014   6.878126   0.481469
3.256964   6.877591   0.466729
3.259915   6.877056   0.478528
3.262866   6.876521   0.475813
3.265816   6.875985   0.478963
3.268767   6.875450   0.480131
3.271718   6.874914   0.473526
3.274669   6.874378   0.472924
3.277619   6.873843   0.480737
3.280570   6.873307   0.486343
3.283521   6.872771   0.482783
3.286472   6.872234   0.483366
3.289422   6.871698   0.478156
3.292373   6.871162   0.477587
3.295324   6.870625   0.479189
3.298275   6.870089   0.479753
3.301225   6.869552   0.474451
3.304176   6.869015   0.479369
3.307127   6.868478   0.484384
3.310078   6.867941   0.485678
3.313028   6.867404   0.475019
3.315979   6.866867   0.475337
3.318930   6.866329   0.479493
3.321880   6.865792   0.477031
3.324831   6.865254   0.480875
3.327782   6.864716   0.484585
3.330733   6.864179   0.475631
3.333683   6.863641   0.480712
3.336634   6.863103   0.484675
3.339585   6.862565   0.483280
3.342536   6.862027   0.479622
3.345486   6.861488   0.471709
3.348437   6.860950   0.479430
3.351388   6.860411   0.471395
3.354339   6.859873   0.485515
3.357289   6.859334   0.476120
3.360240   6.858796   0.483649
3.363191   6.858257   0.488909
3.366142   6.857718   0.483944
3.369092   6.857179   0.482663
3.372043   6.856640   0.475018
3.374994   6.856101   0.494649
3.377944   6.855561   0.490930
3.380895   6.855022   0.485186
3.383846   6.854483   0.479276
3.386797   6.853943   0.482499
3.389747   6.853403   0.477441
3.392698   6.852864   0.484877
3.395649   6.852324   0.480769
3.398600   6.851784   0.492632
3.401550   6.851244   0.485761
3.404501   6.850704   0.487977
3.407452   6.850164   0.479376
3.410403   6.849624   0.489995
3.413353   6.849084   0.481542
3.416304   6.848544   0.489926
3.419255   6.848003   0.483462
3.422206   6.847463   0.480204
3.425156   6.846922   0.489317
3.428107   6.846382   0.492297
3.431058   6.845841   0.482799
3.434009   6.845300   0.491675
3.436959   6.844759   0.489362
3.439910   6.844219   0.488861
3.442861   6.843678   0.490091
3.445811   6.843137   0.484513
3.448762   6.842596   0.494509
3.451713   6.842054   0.481807
3.454664   6.841513   0.486295
3.457614   6.840972   0.491726
3.460565   6.840431   0.482902
3.463516   6.839889   0.491476
3.466467   6.839348   0.480362
3.469417   6.838806   0.483543
3.472368   6.838265   0.488906
3.475319   6.837723   0.482652
3.478270   6.837181   0.479311
3.481220   6.836640   0.487825
3.484171   6.836098   0.491974
3.487122   6.835556   0.486880
3.490073   6.835014   0.489100
3.493023   6.834472   0.487240
3.495974   6.833930   0.483247
3.498925   6.833388   0.484384
3.501875   6.832846   0.481896
3.504826   6.832303   0.485869
3.507777   6.831761   0.488538
3.510728   6.831219   0.486211
3.513678   6.830676   0.483224
3.516629   6.830134   0.487121
3.519580   6.829592   0.488948
3.522531   6.829049   0.485513
3.525481   6.828507   0.489084
3.528432   6.827964   0.484411
3.531383   6.827421   0.493100
3.534334   6.826879   0.485222
3.537284   6.826336   0.492705
3.540235   6.825793   0.489184
3.543186   6.825250   0.495965
3.546137   6.824707   0.485748
3.549087   6.824164   0.487891
3.552038   6.823621   0.489825
3.554989   6.823078   0.489932
3.557939   6.822535   0.486144
3.560890   6.821992   0.491858
3.563841   6.821449   0.496632
3.566792   6.820906   0.477159
3.569742   6.820363   0.492178
3.572693   6.819819   0.496528
3.575644   6.819276   0.490342
3.578595   6.818733   0.489275
3.581545   6.818189   0.494702
3.584496   6.817646   0.491947
3.587447   6.817103   0.489029
3.590398   6.816559   0.495240
3.593348   6.816016   0.481567
3.596299   6.815472   0.493368
3.599250   6.814929   0.479227
3.602201   6.814385   0.490640
3.605151   6.813841   0.483876
3.608102   6.813298   0.494016
3.611053   6.812754   0.488637
3.614004   6.812210   0.494987
3.616954   6.811666   0.493269
3.619905   6.811123   0.486388
3.622856   6.810579   0.482285
3.625806   6.810035   0.492335
3.628757   6.809491   0.503000
3.631708   6.808947   0.495488
3.634659   6.808403   0.490840
3.637609   6.807859   0.499969
3.640560   6.807315   0.495288
3.643511   6.806771   0.492383
3.646462   6.806227   0.491898
3.649412   6.805683   0.492560
3.652363   6.805139   0.496889
3.655314   6.804595   0.495288
3.658265   6.804051   0.488568
3.661215   6.803507   0.487421
3.664166   6.802963   0.491781
3.667117   6.802419   0.492168
3.670068   6.801875   0.488156
3.673018   6.801330   0.494962
3.675969   6.800786   0.483694
3.678920   6.800242   0.501281
3.681870   6.799698   0.496494
3.684821   6.799153   0.493249
3.687772   6.798609   0.504408
3.690723   6.798065   0.492775
3.693673   6.797520   0.500185
3.696624   6.796976   0.496235
3.699575   6.796432   0.494808
3.702526   6.795887   0.505068
3.705476   6.795343   0.494362
3.708427   6.794799   0.494931
3.711378   6.794254   0.498075
3.714329   6.793710   0.496594
3.717279   6.793165   0.500095
3.720230   6.792621   0.497325
3.723181   6.792076   0.494638
3.726132   6.791532   0.496731
3.729082   6.790988   0.494363
3.732033   6.790443   0.497557
3.734984   6.789899   0.492924
3.737934   6.789354   0.495325
3.740885   6.788810   0.499047
3.743836   6.788265   0.500835
3.746787   6.787721   0.501680
3.749737   6.787176   0.502018
3.752688   6.786631   0.491025
3.755639   6.786087   0.486008
3.758590   6.785542   0.509004
3.761540   6.784998   0.499694
3.764491   6.784453   0.492975
3.767442   6.783909   0.495627
3.770393   6.783364   0.499123
3.773343   6.782820   0.496752
3.776294   6.782275   0.496258
3.779245   6.781731   0.491640
3.782196   6.781186   0.498781
3.785146   6.780641   0.499363
3.788097   6.780097   0.502820
3.791048   6.779552   0.508656
3.793998   6.779008   0.501728
3.796949   6.778463   0.506557
3.799900   6.777919   0.506582
3.802851   6.777374   0.504580
3.805801   6.776830   0.493833
3.808752   6.776285   0.496725
3.811703   6.775741   0.493654
3.814654   6.775196   0.499539
3.817604   6.774651   0.501539
3.820555   6.774107   0.507497
3.823506   6.773562   0.502012
3.826457   6.773018   0.495781
3.829407   6.772473   0.502399
3.832358   6.771929   0.500594
3.835309   6.771384   0.504993
3.838260   6.770840   0.502000
3.841210   6.770295   0.499031
3.844161   6.769751   0.503155
3.847112   6.769206   0.494969
3.850063   6.768662   0.500985
3.853013   6.768118   0.500315
3.855964   6.767573   0.503082
3.858915   6.767029   0.500369
3.861865   6.766484   0.505597
3.864816   6.765940   0.498136
3.867767   6.765395   0.499993
3.870718   6.764851   0.499893
3.873668   6.764307   0.504311
3.876619   6.763762   0.509491
3.879570   6.763218   0.500279
3.882521   6.762674   0.508640
3.885471   6.762129   0.512290
3.888422   6.761585   0.503238
3.891373   6.761041   0.504934
3.894324   6.760497   0.514356
3.897274   6.759952   0.507022
3.900225   6.759408   0.503813
3.903176   6.758864   0.511818
3.906127   6.758320   0.500547
3.909077   6.757775   0.495724
3.912028   6.757231   0.500782
3.914979   6.756687   0.510676
3.917929   6.756143   0.500268
3.920880   6.755599   0.505766
3.923831   6.755055   0.497881
3.926782   6.754511   0.507650
3.929732   6.753967   0.497279
3.932683   6.753422   0.497596
3.935634   6.752878   0.502187
3.938585   6.752334   0.505549
3.941535   6.751790   0.509882
3.944486   6.751246   0.507811
3.947437   6.750703   0.512991
3.950388   6.750159   0.506519
3.953338   6.749615   0.516423
3.956289   6.749071   0.496135
3.959240   6.748527   0.500864
3.962191   6.747983   0.506201
3.965141   6.747439   0.508466
3.968092   6.746896   0.505040
3.971043   6.746352   0.498514
3.973993   6.745808   0.507551
3.976944   6.745264   0.503974
3.979895   6.744721   0.513219
3.982846   6.744177   0.513504
3.985796   6.743633   0.503293
3.988747   6.743090   0.515477
3.991698   6.742546   0.500843
3.994649   6.742003   0.501720
3.997599   6.741459   0.511908
4.000550   6.740916   0.492793
4.003501   6.740372   0.505751
4.006452   6.739829   0.514144
4.009402   6.739285   0.499741
4.012353   6.738742   0.498775
4.015304   6.738198   0.509594
4.018255   6.737655   0.506710
4.021205   6.737112   0.502362
4.024156   6.736569   0.508536
4.027107   6.736025   0.514394
4.030058   6.735482   0.508735
4.033008   6.734939   0.518298
4.035959   6.734396   0.502600
4.038910   6.733853   0.508905
4.041860   6.733310   0.504258
4.044811   6.732766   0.501037
4.047762   6.732223   0.502869
4.050713   6.731680   0.511078
4.053663   6.731137   0.511927
4.056614   6.730595   0.505827
4.059565   6.730052   0.511098
4.062516   6.729509   0.507960
4.065466   6.728966   0.514413
4.068417   6.728423   0.506772
4.071368   6.727880   0.509188
4.074319   6.727338   0.513216
4.077269   6.726795   0.513416
4.080220   6.726252   0.510705
4.083171   6.725710   0.511006
4.086122   6.725167   0.512428
4.089072   6.724625   0.506744
4.092023   6.724082   0.510297
4.094974   6.723540   0.511728
4.097924   6.722997   0.513462
4.100875   6.722455   0.513448
4.103826   6.721913   0.511833
4.106777   6.721370   0.515393
4.109727   6.720828   0.499778
4.112678   6.720286   0.499748
4.115629   6.719744   0.512079
4.118580   6.719201   0.509640
4.121530   6.718659   0.517292
4.124481   6.718117   0.507189
4.127432   6.717575   0.508070
4.130383   6.717033   0.517347
4.133333   6.716491   0.506328
4.136284   6.715949   0.506559
4.139235   6.715407   0.509488
4.142186   6.714866   0.519596
4.145136   6.714324   0.510274
4.148087   6.713782   0.512068
4.151038   6.713240   0.522959
4.153988   6.712699   0.516596
4.156939   6.712157   0.513595
4.159890   6.711615   0.511758
4.162841   6.711074   0.514282
4.165791   6.710532   0.515668
4.168742   6.709991   0.509718
4.171693   6.709450   0.505551
4.174644   6.708908   0.514153
4.177594   6.708367   0.508530
4.180545   6.707826   0.519433
4.183496   6.707284   0.514118
4.186447   6.706743   0.511315
4.189397   6.706202   0.513546
4.192348   6.705661   0.514987
4.195299   6.705120   0.511261
4.198250   6.704579   0.514013
4.201200   6.704038   0.512069
4.204151   6.703497   0.519439
4.207102   6.702956   0.508360
4.210053   6.702415   0.502579
4.213003   6.701875   0.513736
4.215954   6.701334   0.518952
4.218905   6.700793   0.524915
4.221855   6.700253   0.512542
4.224806   6.699712   0.521232
4.227757   6.699172   0.521166
4.230708   6.698631   0.516860
4.233658   6.698091   0.520654
4.236609   6.697550   0.519176
4.239560   6.697010   0.512847
4.242511   6.696470   0.516755
4.245461   6.695929   0.512208
4.248412   6.695389   0.515612
4.251363   6.694849   0.523680
4.254314   6.694309   0.522232
4.257264   6.693769   0.502584
4.260215   6.693229   0.513717
4.263166   6.692689   0.504779
4.266117   6.692149   0.514913
4.269067   6.691610   0.510455
4.272018   6.691070   0.520577
4.274969   6.690530   0.513979
4.277919   6.689990   0.513339
4.280870   6.689451   0.517176
4.283821   6.688911   0.522484
4.286772   6.688372   0.513952
4.289722   6.687832   0.524727
4.292673   6.687293   0.519003
4.295624   6.686754   0.516459
4.298575   6.686214   0.511908
4.301525   6.685675   0.511858
4.304476   6.685136   0.515089
4.307427   6.684597   0.511772
4.310378   6.684058   0.519083
4.313328   6.683519   0.513404
4.316279   6.682980   0.521054
4.319230   6.682441   0.514456
4.322181   6.681902   0.526534
4.325131   6.681363   0.511369
4.328082   6.680824   0.520773
4.331033   6.680286   0.523618
4.333983   6.679747   0.509903
4.336934   6.679208   0.525062
4.339885   6.678670   0.521887
4.342836   6.678131   0.527141
4.345786   6.677593   0.526004
4.348737   6.677055   0.520156
4.351688   6.676516   0.521120
4.354639   6.675978   0.512897
4.357589   6.675440   0.513784
4.360540   6.674902   0.523754
4.363491   6.674364   0.517104
4.366442   6.673826   0.521824
4.369392   6.673288   0.526117
4.372343   6.672750   0.515341
4.375294   6.672212   0.525067
4.378245   6.671675   0.524436
4.381195   6.671137   0.517785
4.384146   6.670599   0.517772
4.387097   6.670062   0.518633
4.390048   6.669524   0.524609
4.392998   6.668987   0.511416
4.395949   6.668449   0.525036
4.398900   6.667912   0.518121
4.401850   6.667375   0.520679
4.404801   6.666837   0.524299
4.407752   6.666300   0.515894
4.410703   6.665763   0.520488
4.413653   6.665226   0.514715
4.416604   6.664689   0.531422
4.419555   6.664152   0.522621
4.422506   6.663615   0.526577
4.425456   6.663079   0.523584
4.428407   6.662542   0.526555
4.431358   6.662005   0.523205
4.434309   6.661469   0.537391
4.437259   6.660932   0.518451
4.440210   6.660396   0.524192
4.443161   6.659859   0.516515
4.446112   6.659323   0.534077
4.449062   6.658787   0.533484
4.452013   6.658250   0.519539
4.454964   6.657714   0.519325
4.457914   6.657178   0.528767
4.460865   6.656642   0.527960
4.463816   6.656106   0.520308
4.466767   6.655570   0.527969
4.469717   6.655034   0.529526
4.472668   6.654499   0.518328
4.475619   6.653963   0.518692
4.478570   6.653427   0.521796
4.481520   6.652892   0.529024
4.484471   6.652356   0.523625
4.487422   6.651821   0.521589
4.490373   6.651285   0.532188
4.493323   6.650750   0.516439
4.496274   6.650215   0.523848
4.499225   6.649680   0.527362
4.502176   6.649145   0.525367
4.505126   6.648609   0.530002
4.508077   6.648075   0.534750
4.511028   6.647540   0.527361
4.513978   6.647005   0.529522
4.516929   6.646470   0.525873
4.519880   6.645935   0.533731
4.522831   6.645401   0.526738
4.525781   6.644866   0.521509
4.528732   6.644332   0.537509
4.531683   6.643797   0.520652
4.534634   6.643263   0.527267
4.537584   6.642728   0.524011
4.540535   6.642194   0.531000
4.543486   6.641660   0.534969
4.546437   6.641126   0.522025
4.549387   6.640592   0.522162
4.552338   6.640058   0.524145
4.555289   6.639524   0.526862
4.558240   6.638990   0.533885
4.561190   6.638456   0.525670
4.564141   6.637923   0.525901
4.567092   6.637389   0.528951
4.570043   6.636856   0.529114
4.572993   6.636322   0.523087
4.575944   6.635789   0.530357
4.578895   6.635255   0.537167
4.581845   6.634722   0.519943
4.584796   6.634189   0.518833
4.587747   6.633656   0.527017
4.590698   6.633123   0.532458
4.593648   6.632590   0.527981
4.596599   6.632057   0.523604
4.599550   6.631524   0.519208
4.602501   6.630991   0.529324
4.605451   6.630459   0.526015
4.608402   6.629926   0.530493
4.611353   6.629393   0.533035
4.614304   6.628861   0.523972
4.617254   6.628328   0.528734
4.620205   6.627796   0.536785
4.623156   6.627264   0.534772
4.626107   6.626732   0.533525
4.629057   6.626200   0.531643
4.632008   6.625667   0.529149
4.634959   6.625136   0.524506
4.637909   6.624604   0.537703
4.640860   6.624072   0.527113
4.643811   6.623540   0.531482
4.646762   6.623008   0.534241
4.649712   6.622477   0.529327
4.652663   6.621945   0.536856
4.655614   6.621414   0.520873
4.658565   6.620882   0.530660
4.661515   6.620351   0.523100
4.664466   6.619820   0.531784
4.667417   6.619289   0.526187
4.670368   6.618757   0.528765
4.673318   6.618226   0.536379
4.676269   6.617696   0.527457
4.679220   6.617165   0.530305
4.682171   6.616634   0.526309
4.685121   6.616103   0.535344
4.688072   6.615572   0.528035
4.691023   6.615042   0.527287
4.693973   6.614511   0.531597
4.696924   6.613981   0.540387
4.699875   6.613451   0.525457
4.702826   6.612920   0.529963
4.705776   6.612390   0.532990
4.708727   6.611860   0.524571
4.711678   6.611330   0.528970
4.714629   6.610800   0.524957
4.717579   6.610270   0.535380
4.720530   6.609740   0.532400
4.723481   6.609211   0.527796
4.726432   6.608681   0.531222
4.729382   6.608151   0.538866
4.732333   6.607622   0.537652
4.735284   6.607092   0.523998
4.738235   6.606563   0.533731
4.741185   6.606034   0.542050
4.744136   6.605505   0.531713
4.747087   6.604975   0.539052
4.750038   6.604446   0.535974
4.752988   6.603917   0.534771
4.755939   6.603388   0.537404
4.758890   6.602860   0.539541
4.761840   6.602331   0.535692
4.764791   6.601802   0.537021
4.767742   6.601274   0.534167
4.770693   6.600745   0.523716
4.773643   6.600217   0.535916
4.776594   6.599688   0.533113
4.779545   6.599160   0.533001
4.782496   6.598632   0.546625
4.785446   6.598104   0.541335
4.788397   6.597576   0.537657
4.791348   6.597048   0.531512
4.794299   6.596520   0.533898
4.797249   6.595992   0.531261
4.800200   6.595464   0.537468
4.803151   6.594937   0.542216
4.806102   6.594409   0.546822
4.809052   6.593882   0.541326
4.812003   6.593354   0.537453
4.814954   6.592827   0.537330
4.817904   6.592300   0.535003
4.820855   6.591773   0.527725
4.823806   6.591245   0.550051
4.826757   6.590718   0.540752
4.829707   6.590192   0.537697
4.832658   6.589665   0.533638
4.835609   6.589138   0.539871
4.838560   6.588611   0.538017
4.841510   6.588085   0.529265
4.844461   6.587558   0.537500
4.847412   6.587032   0.532618
4.850363   6.586505   0.543630
4.853313   6.585979   0.530385
4.856264   6.585453   0.531011
4.859215   6.584927   0.533959
4.862166   6.584401   0.530598
4.865116   6.583875   0.538030
4.868067   6.583349   0.552310
4.871018   6.582823   0.541063
4.873968   6.582297   0.549880
4.876919   6.581772   0.551440
4.879870   6.581246   0.542322
4.882821   6.580721   0.541841
4.885771   6.580195   0.537794
4.888722   6.579670   0.534126
4.891673   6.579145   0.541319
4.894624   6.578620   0.537232
4.897574   6.578094   0.534455
4.900525   6.577569   0.543879
4.903476   6.577045   0.541234
4.906427   6.576520   0.539131
4.909377   6.575995   0.530449
4.912328   6.575470   0.546066
4.915279   6.574946   0.541946
4.918230   6.574421   0.534858
4.921180   6.573897   0.534337
4.924131   6.573373   0.544600
4.927082   6.572848   0.548014
4.930033   6.572324   0.545023
4.932983   6.571800   0.543869
4.935934   6.571276   0.546118
4.938885   6.570752   0.545727
4.941835   6.570228   0.541174
4.944786   6.569705   0.543192
4.947737   6.569181   0.538048
4.950688   6.568657   0.538020
4.953638   6.568134   0.535765
4.956589   6.567610   0.544573
4.959540   6.567087   0.541791
4.962491   6.566564   0.546409
4.965441   6.566041   0.545793
4.968392   6.565518   0.545655
4.971343   6.564995   0.539925
4.974294   6.564472   0.536305
4.977244   6.563949   0.535538
4.980195   6.563426   0.544668
4.983146   6.562904   0.538653
4.986097   6.562381   0.551111
4.989047   6.561858   0.553375
4.991998   6.561336   0.552915
4.994949   6.560814   0.534070
4.997899   6.560292   0.541982
5.000850   6.559769   0.553596
5.003801   6.559247   0.547085
5.006752   6.558725   0.539331
5.009702   6.558203   0.538507
5.012653   6.557682   0.539522
5.015604   6.557160   0.545869
5.018555   6.556638   0.548087
5.021505   6.556117   0.546014
5.024456   6.555595   0.546335
5.027407   6.555074   0.548220
5.030358   6.554553   0.541669
5.033308   6.554031   0.549651
5.036259   6.553510   0.546125
5.039210   6.552989   0.546029
5.042161   6.552468   0.541083
5.045111   6.551947   0.547919
5.048062   6.551427   0.538423
5.051013   6.550906   0.543008
5.053963   6.550385   0.547840
5.056914   6.549865   0.543957
5.059865   6.549344   0.541018
5.062816   6.548824   0.548158
5.065766   6.548304   0.545459
5.068717   6.547784   0.551396
5.071668   6.547263   0.542136
5.074619   6.546743   0.548935
5.077569   6.546223   0.546455
5.080520   6.545704   0.546276
5.083471   6.545184   0.545851
5.086422   6.544664   0.549367
5.089372   6.544145   0.548704
5.092323   6.543625   0.546690
5.095274   6.543106   0.545176
5.098225   6.542586   0.534812
5.101175   6.542067   0.550674
5.104126   6.541548   0.554092
5.107077   6.541029   0.547787
5.110028   6.540510   0.552311
5.112978   6.539991   0.548983
5.115929   6.539472   0.540962
5.118880   6.538954   0.552126
5.121830   6.538435   0.550283
5.124781   6.537917   0.546338
5.127732   6.537398   0.551094
5.130683   6.536880   0.546888
5.133633   6.536361   0.544253
5.136584   6.535843   0.552622
5.139535   6.535325   0.550959
5.142486   6.534807   0.543754
5.145436   6.534289   0.549382
5.148387   6.533771   0.548194
5.151338   6.533254   0.544811
5.154289   6.532736   0.551394
5.157239   6.532218   0.554156
5.160190   6.531701   0.556071
5.163141   6.531184   0.558382
5.166092   6.530666   0.549693
5.169042   6.530149   0.553645
5.171993   6.529632   0.559847
5.174944   6.529115   0.544603
5.177894   6.528598   0.546270
5.180845   6.528081   0.550411
5.183796   6.527564   0.544401
5.186747   6.527048   0.549976
5.189697   6.526531   0.553603
5.192648   6.526014   0.551180
5.195599   6.525498   0.555221
5.198550   6.524982   0.547009
5.201500   6.524465   0.551125
5.204451   6.523949   0.552895
5.207402   6.523433   0.557648
5.210353   6.522917   0.534984
5.213303   6.522401   0.553905
5.216254   6.521886   0.556368
5.219205   6.521370   0.550003
5.222156   6.520854   0.550814
5.225106   6.520339   0.552598
5.228057   6.519823   0.557393
5.231008   6.519308   0.552687
5.233958   6.518793   0.551084
5.236909   6.518278   0.546549
5.239860   6.517762   0.550807
5.242811   6.517247   0.560113
5.245761   6.516733   0.549711
5.248712   6.516218   0.558253
5.251663   6.515703   0.561020
5.254614   6.515188   0.557500
5.257564   6.514674   0.540191
5.260515   6.514159   0.558727
5.263466   6.513645   0.555758
5.266417   6.513131   0.544909
5.269367   6.512617   0.548734
5.272318   6.512102   0.566045
5.275269   6.511588   0.555362
5.278220   6.511075   0.558409
5.281170   6.510561   0.551228
5.284121   6.510047   0.543797
5.287072   6.509533   0.548866
5.290023   6.509020   0.553224
5.292973   6.508506   0.556657
5.295924   6.507993   0.556376
5.298875   6.507480   0.554407
5.301825   6.506966   0.555856
5.304776   6.506453   0.544364
5.307727   6.505940   0.550893
5.310678   6.505427   0.567570
5.313628   6.504915   0.556837
5.316579   6.504402   0.551599
5.319530   6.503889   0.561588
5.322481   6.503377   0.549478
5.325431   6.502864   0.554933
5.328382   6.502352   0.554647
5.331333   6.501839   0.557752
5.334284   6.501327   0.558161
5.337234   6.500815   0.549110
5.340185   6.500303   0.565464
5.343136   6.499791   0.554143
5.346087   6.499279   0.553560
5.349037   6.498768   0.557188
5.351988   6.498256   0.556257
5.354939   6.497744   0.557203
5.357889   6.497233   0.558481
5.360840   6.496721   0.551906
5.363791   6.496210   0.557804
5.366742   6.495699   0.561820
5.369692   6.495188   0.557743
5.372643   6.494677   0.557472
5.375594   6.494166   0.561777
5.378545   6.493655   0.561366
5.381495   6.493144   0.553777
5.384446   6.492634   0.552156
5.387397   6.492123   0.550298
5.390348   6.491613   0.558225
5.393298   6.491102   0.565886
5.396249   6.490592   0.566360
5.399200   6.490082   0.559877
5.402151   6.489572   0.553777
5.405101   6.489062   0.560705
5.408052   6.488552   0.561007
5.411003   6.488042   0.571959
5.413953   6.487532   0.558043
5.416904   6.487023   0.558267
5.419855   6.486513   0.569450
5.422806   6.486004   0.561850
5.425756   6.485494   0.557698
5.428707   6.484985   0.557465
5.431658   6.484476   0.558315
5.434609   6.483967   0.553103
5.437559   6.483458   0.562689
5.440510   6.482949   0.559579
5.443461   6.482440   0.562725
5.446412   6.481931   0.559111
5.449362   6.481423   0.560564
5.452313   6.480914   0.558875
5.455264   6.480406   0.554465
5.458215   6.479897   0.556754
5.461165   6.479389   0.564421
5.464116   6.478881   0.567327
5.467067   6.478373   0.568481
5.470018   6.477865   0.563459
5.472968   6.477357   0.554430
5.475919   6.476849   0.560036
5.478870   6.476341   0.561314
5.481820   6.475834   0.561401
5.484771   6.475326   0.566290
5.487722   6.474819   0.564053
5.490673   6.474311   0.560329
5.493623   6.473804   0.570381
5.496574   6.473297   0.558144
5.499525   6.472790   0.562417
5.502476   6.472283   0.560168
5.505426   6.471776   0.562363
5.508377   6.471269   0.561609
5.511328   6.470763   0.568529
5.514279   6.470256   0.573463
5.517229   6.469749   0.556362
5.520180   6.469243   0.561205
5.523131   6.468737   0.555573
5.526082   6.468231   0.551352
5.529032   6.467724   0.558990
5.531983   6.467218   0.565061
5.534934   6.466712   0.574861
5.537884   6.466207   0.550370
5.540835   6.465701   0.555872
5.543786   6.465195   0.564387
5.546737   6.464690   0.558966
5.549687   6.464184   0.563736
5.552638   6.463679   0.549441
5.555589   6.463173   0.566940
5.558540   6.462668   0.576150
5.561490   6.462163   0.558846
5.564441   6.461658   0.564652
5.567392   6.461153   0.574671
5.570343   6.460648   0.564690
5.573293   6.460143   0.564100
5.576244   6.459639   0.568405
5.579195   6.459134   0.567636
5.582146   6.458630   0.565756
5.585096   6.458125   0.567652
5.588047   6.457621   0.556300
5.590998   6.457117   0.563927
5.593948   6.456613   0.559263
5.596899   6.456109   0.562063
5.599850   6.455605   0.566580
5.602801   6.455101   0.565487
5.605751   6.454598   0.557661
5.608702   6.454094   0.561611
5.611653   6.453590   0.550828
5.614604   6.453087   0.577793
5.617554   6.452584   0.561518
5.620505   6.452080   0.571347
5.623456   6.451577   0.568819
5.626407   6.451074   0.559769
5.629357   6.450571   0.560977
5.632308   6.450068   0.573706
5.635259   6.449566   0.571084
5.638210   6.449063   0.564296
5.641160   6.448560   0.574985
5.644111   6.448058   0.573543
5.647062   6.447555   0.562887
5.650013   6.447053   0.570032
5.652963   6.446551   0.566191
5.655914   6.446049   0.567417
5.658865   6.445547   0.575191
5.661815   6.445045   0.576803
5.664766   6.444543   0.580018
5.667717   6.444041   0.563658
5.670668   6.443540   0.566895
5.673618   6.443038   0.565770
5.676569   6.442537   0.568283
5.679520   6.442035   0.565515
5.682471   6.441534   0.565642
5.685421   6.441033   0.567399
5.688372   6.440532   0.561018
5.691323   6.440031   0.568385
5.694274   6.439530   0.558721
5.697224   6.439029   0.569873
5.700175   6.438528   0.564234
5.703126   6.438028   0.563954
5.706077   6.437527   0.565525
5.709027   6.437027   0.571044
5.711978   6.436526   0.569389
5.714929   6.436026   0.568953
5.717879   6.435526   0.577797
5.720830   6.435026   0.570027
5.723781   6.434526   0.563369
5.726732   6.434026   0.571930
5.729682   6.433526   0.557469
5.732633   6.433027   0.568210
5.735584   6.432527   0.567780
5.738535   6.432028   0.578453
5.741485   6.431528   0.576753
5.744436   6.431029   0.568353
5.747387   6.430530   0.579456
5.750338   6.430030   0.573451
5.753288   6.429531   0.566352
5.756239   6.429033   0.564765
5.759190   6.428534   0.574080
5.762141   6.428035   0.567150
5.765091   6.427536   0.565747
5.768042   6.427038   0.570078
5.770993   6.426539   0.588343
5.773943   6.426041   0.567922
5.776894   6.425543   0.570084
5.779845   6.425045   0.569355
5.782796   6.424547   0.570030
5.785746   6.424049   0.573839
5.788697   6.423551   0.568667
5.791648   6.423053   0.568428
5.794599   6.422555   0.578249
5.797549   6.422058   0.568175
5.800500   6.421560   0.570408
5.803451   6.421063   0.583598
5.806402   6.420565   0.566628
5.809352   6.420068   0.571126
5.812303   6.419571   0.578580
5.815254   6.419074   0.579338
5.818205   6.418577   0.571812
5.821155   6.418080   0.578301
5.824106   6.417583   0.571643
5.827057   6.417087   0.572601
5.830008   6.416590   0.570852
5.832958   6.416094   0.574718
5.835909   6.415597   0.581229
5.838860   6.415101   0.574089
5.841810   6.414605   0.574732
5.844761   6.414109   0.571643
5.847712   6.413613   0.562593
5.850663   6.413117   0.581603
5.853613   6.412621   0.568989
5.856564   6.412125   0.579372
5.859515   6.411630   0.582379
5.862466   6.411134   0.563177
5.865416   6.410639   0.567836
5.868367   6.410144   0.565477
5.871318   6.409648   0.571758
5.874269   6.409153   0.583617
5.877219   6.408658   0.579640
5.880170   6.408163   0.574658
5.883121   6.407668   0.568951
5.886072   6.407174   0.570892
5.889022   6.406679   0.573952
5.891973   6.406184   0.575517
5.894924   6.405690   0.581852
5.897874   6.405196   0.568864
5.900825   6.404701   0.577040
5.903776   6.404207   0.571709
5.906727   6.403713   0.578339
5.909677   6.403219   0.573224
5.912628   6.402725   0.579811
5.915579   6.402231   0.567804
5.918530   6.401738   0.575779
5.921480   6.401244   0.578110
5.924431   6.400750   0.567217
5.927382   6.400257   0.571538
5.930333   6.399764   0.570077
5.933283   6.399270   0.579942
5.936234   6.398777   0.579808
5.939185   6.398284   0.580119
5.942136   6.397791   0.578183
5.945086   6.397298   0.576483
5.948037   6.396806   0.570031
5.950988   6.396313   0.581104
5.953938   6.395820   0.576765
5.956889   6.395328   0.575567
5.959840   6.394836   0.562594
5.962791   6.394343   0.580154
5.965741   6.393851   0.584134
5.968692   6.393359   0.576383
5.971643   6.392867   0.578042
5.974594   6.392375   0.580733
5.977544   6.391883   0.570747
5.980495   6.391391   0.568436
5.983446   6.390900   0.573645
5.986397   6.390408   0.583812
5.989347   6.389917   0.579489
5.992298   6.389426   0.576512
5.995249   6.388934   0.573725
5.998200   6.388443   0.574258
6.001150   6.387952   0.572496
6.004101   6.387461   0.591185
6.007052   6.386970   0.579079
6.010003   6.386480   0.579687
6.012953   6.385989   0.575363
6.015904   6.385498   0.580528
6.018855   6.385008   0.588623
6.021805   6.384517   0.567073
6.024756   6.384027   0.576850
6.027707   6.383537   0.581548
6.030658   6.383047   0.582088
6.033608   6.382557   0.579306
6.036559   6.382067   0.583941
6.039510   6.381577   0.582847
6.042461   6.381087   0.579688
6.045411   6.380598   0.575562
6.048362   6.380108   0.585221
6.051313   6.379619   0.579926
6.054264   6.379129   0.580284
6.057214   6.378640   0.569419
6.060165   6.378151   0.575114
6.063116   6.377662   0.580768
6.066067   6.377173   0.580581
6.069017   6.376684   0.587594
6.071968   6.376195   0.581194
6.074919   6.375707   0.587549
6.077869   6.375218   0.575722
6.080820   6.374730   0.577750
6.083771   6.374241   0.583396
6.086722   6.373753   0.578602
6.089672   6.373265   0.583269
6.092623   6.372777   0.582342
6.095574   6.372289   0.586530
6.098525   6.371801   0.577329
6.101475   6.371313   0.584718
6.104426   6.370825   0.582568
6.107377   6.370337   0.572811
6.110328   6.369850   0.580513
6.113278   6.369362   0.580258
6.116229   6.368875   0.575379
6.119180   6.368388   0.583659
6.122131   6.367901   0.575258
6.125081   6.367414   0.576588
6.128032   6.366927   0.577624
6.130983   6.366440   0.583056
6.133933   6.365953   0.590466
6.136884   6.365466   0.590542
6.139835   6.364980   0.591286
6.142786   6.364493   0.575554
6.145736   6.364007   0.582064
6.148687   6.363521   0.573325
6.151638   6.363034   0.577629
6.154589   6.362548   0.585833
6.157539   6.362062   0.590945
6.160490   6.361576   0.597571
6.163441   6.361091   0.584924
6.166392   6.360605   0.585860
6.169342   6.360119   0.582223
6.172293   6.359634   0.589337
6.175244   6.359148   0.591390
6.178195   6.358663   0.586225
6.181145   6.358178   0.576776
6.184096   6.357692   0.582053
6.187047   6.357207   0.573778
6.189997   6.356722   0.578969
6.192948   6.356238   0.581181
6.195899   6.355753   0.581434
6.198850   6.355268   0.588100
6.201800   6.354783   0.587391
6.204751   6.354299   0.577599
6.207702   6.353815   0.590701
6.210653   6.353330   0.592224
6.213603   6.352846   0.594300
6.216554   6.352362   0.585531
6.219505   6.351878   0.581038
6.222456   6.351394   0.588633
6.225406   6.350910   0.589091
6.228357   6.350426   0.582146
6.231308   6.349943   0.582132
6.234259   6.349459   0.584490
6.237209   6.348976   0.587582
6.240160   6.348492   0.585327
6.243111   6.348009   0.582043
6.246062   6.347526   0.579882
6.249012   6.347043   0.586343
6.251963   6.346560   0.593323
6.254914   6.346077   0.579102
6.257864   6.345594   0.587286
6.260815   6.345112   0.591745
6.263766   6.344629   0.579710
6.266717   6.344147   0.581329
6.269667   6.343664   0.585601
6.272618   6.343182   0.588049
6.275569   6.342700   0.578006
6.278520   6.342218   0.587662
6.281470   6.341736   0.587328
6.284421   6.341254   0.583055
6.287372   6.340772   0.583059
6.290323   6.340290   0.584271
6.293273   6.339808   0.593435
6.296224   6.339327   0.589731
6.299175   6.338845   0.588891
6.302126   6.338364   0.588823
6.305076   6.337883   0.578992
6.308027   6.337402   0.593031
6.310978   6.336921   0.598226
6.313928   6.336440   0.586447
6.316879   6.335959   0.588550
6.319830   6.335478   0.602058
6.322781   6.334997   0.590281
6.325731   6.334517   0.579062
6.328682   6.334036   0.586245
6.331633   6.333556   0.593058
6.334584   6.333075   0.579754
6.337534   6.332595   0.586288
6.340485   6.332115   0.591961
6.343436   6.331635   0.583545
6.346387   6.331155   0.588128
6.349337   6.330675   0.601895
6.352288   6.330196   0.594342
6.355239   6.329716   0.586409
6.358190   6.329236   0.589589
6.361140   6.328757   0.598699
6.364091   6.328277   0.590562
6.367042   6.327798   0.594814
6.369992   6.327319   0.594395
6.372943   6.326840   0.582047
6.375894   6.326361   0.590924
6.378845   6.325882   0.580590
6.381795   6.325403   0.597553
6.384746   6.324925   0.596683
6.387697   6.324446   0.589109
6.390648   6.323967   0.588085
6.393598   6.323489   0.583339
6.396549   6.323011   0.586927
6.399500   6.322533   0.605067
6.402451   6.322054   0.587601
6.405401   6.321576   0.598030
6.408352   6.321098   0.596779
6.411303   6.320621   0.598998
6.414254   6.320143   0.594200
6.417204   6.319665   0.591626
6.420155   6.319188   0.589294
6.423106   6.318710   0.588586
6.426057   6.318233   0.592244
6.429007   6.317755   0.590188
6.431958   6.317278   0.590552
6.434909   6.316801   0.593214
6.437859   6.316324   0.589940
6.440810   6.315847   0.600260
6.443761   6.315370   0.591105
6.446712   6.314894   0.583855
6.449662   6.314417   0.592839
6.452613   6.313941   0.602616
6.455564   6.313464   0.592213
6.458515   6.312988   0.597728
6.461465   6.312512   0.594113
6.464416   6.312035   0.603714
6.467367   6.311559   0.596651
6.470318   6.311083   0.594206
6.473268   6.310608   0.603643
6.476219   6.310132   0.600152
6.479170   6.309656   0.592269
6.482121   6.309181   0.602766
6.485071   6.308705   0.593237
6.488022   6.308230   0.587899
6.490973   6.307754   0.597678
6.493923   6.307279   0.584739
6.496874   6.306804   0.598812
6.499825   6.306329   0.595156
6.502776   6.305854   0.596872
6.505726   6.305379   0.593920
6.508677   6.304905   0.592938
6.511628   6.304430   0.590373
6.514579   6.303956   0.607967
6.517529   6.303481   0.596916
6.520480   6.303007   0.598778
6.523431   6.302532   0.596487
6.526382   6.302058   0.590219
6.529332   6.301584   0.597902
6.532283   6.301110   0.591914
6.535234   6.300636   0.594090
6.538185   6.300163   0.600580
6.541135   6.299689   0.600988
6.544086   6.299215   0.605119
6.547037   6.298742   0.585904
6.549987   6.298268   0.593965
6.552938   6.297795   0.597409
6.555889   6.297322   0.599209
6.558840   6.296849   0.589639
6.561790   6.296376   0.596763
6.564741   6.295903   0.590104
6.567692   6.295430   0.603480
6.570643   6.294957   0.589047
6.573593   6.294485   0.597336
6.576544   6.294012   0.600153
6.579495   6.293540   0.596455
6.582446   6.293067   0.599352
6.585396   6.292595   0.597343
6.588347   6.292123   0.606167
6.591298   6.291651   0.598451
6.594249   6.291179   0.600571
6.597199   6.290707   0.602071
6.600150   6.290235   0.588865
6.603101   6.289763   0.597140
6.606052   6.289292   0.606795
6.609002   6.288820   0.595006
6.611953   6.288349   0.600925
6.614904   6.287877   0.594541
6.617854   6.287406   0.597207
6.620805   6.286935   0.604580
6.623756   6.286464   0.600936
6.626707   6.285993   0.591715
6.629657   6.285522   0.606199
6.632608   6.285051   0.609113
6.635559   6.284581   0.600401
6.638510   6.284110   0.606123
6.641460   6.283640   0.594458
6.644411   6.283169   0.599473
6.647362   6.282699   0.607376
6.650313   6.282229   0.605536
6.653263   6.281759   0.595344
6.656214   6.281289   0.606916
6.659165   6.280819   0.594260
6.662116   6.280349   0.611911
6.665066   6.279879   0.593533
6.668017   6.279410   0.601924
6.670968   6.278940   0.605846
6.673918   6.278471   0.600308
6.676869   6.278001   0.595864
6.679820   6.277532   0.599324
6.682771   6.277063   0.599941
6.685721   6.276594   0.604579
6.688672   6.276125   0.602794
6.691623   6.275656   0.597252
6.694574   6.275187   0.598066
6.697524   6.274718   0.597410
6.700475   6.274250   0.602649
6.703426   6.273781   0.606741
6.706377   6.273313   0.599525
6.709327   6.272844   0.597257
6.712278   6.272376   0.597120
6.715229   6.271908   0.601196
6.718180   6.271440   0.599583
6.721130   6.270972   0.591675
6.724081   6.270504   0.604038
6.727032   6.270036   0.602343
6.729982   6.269569   0.603624
6.732933   6.269101   0.598990
6.735884   6.268634   0.594056
6.738835   6.268166   0.588712
6.741785   6.267699   0.608613
6.744736   6.267232   0.595455
6.747687   6.266765   0.605473
6.750638   6.266298   0.597291
6.753588   6.265831   0.611346
6.756539   6.265364   0.596619
6.759490   6.264897   0.591017
6.762441   6.264431   0.612170
6.765391   6.263964   0.591046
6.768342   6.263498   0.612032
6.771293   6.263031   0.599279
6.774244   6.262565   0.598120
6.777194   6.262099   0.610404
6.780145   6.261633   0.608746
6.783096   6.261167   0.598347
6.786047   6.260701   0.598915
6.788997   6.260235   0.601347
6.791948   6.259769   0.606740
6.794899   6.259304   0.610781
6.797849   6.258838   0.609658
6.800800   6.258373   0.608869
6.803751   6.257907   0.606555
6.806702   6.257442   0.602436
6.809652   6.256977   0.602932
6.812603   6.256512   0.608246
6.815554   6.256047   0.609332
6.818505   6.255582   0.605637
6.821455   6.255117   0.605061
6.824406   6.254653   0.609833
6.827357   6.254188   0.618720
6.830308   6.253724   0.597764
6.833258   6.253259   0.606731
6.836209   6.252795   0.605017
6.839160   6.252331   0.598176
6.842111   6.251866   0.601457
6.845061   6.251402   0.607731
6.848012   6.250938   0.605075
6.850963   6.250475   0.608891
6.853913   6.250011   0.620584
6.856864   6.249547   0.606697
6.859815   6.249084   0.600740
6.862766   6.248620   0.610419
6.865716   6.248157   0.598142
6.868667   6.247694   0.600500
6.871618   6.247230   0.608530
6.874569   6.246767   0.601621
6.877519   6.246304   0.609027
6.880470   6.245841   0.601288
6.883421   6.245378   0.597620
6.886372   6.244916   0.606454
6.889322   6.244453   0.601058
6.892273   6.243991   0.615685
6.895224   6.243528   0.604573
6.898175   6.243066   0.602217
6.901125   6.242603   0.605109
6.904076   6.242141   0.607358
6.907027   6.241679   0.598265
6.909977   6.241217   0.611699
6.912928   6.240755   0.614867
6.915879   6.240294   0.593723
6.918830   6.239832   0.600249
6.921780   6.239370   0.598212
6.924731   6.238909   0.614760
6.927682   6.238447   0.599695
6.930633   6.237986   0.601246
6.933583   6.237525   0.599358
6.936534   6.237064   0.618294
6.939485   6.236602   0.607057
6.942436   6.236142   0.609141
6.945386   6.235681   0.614525
6.948337   6.235220   0.606239
6.951288   6.234759   0.610012
6.954239   6.234299   0.613982
6.957189   6.233838   0.615685
6.960140   6.233378   0.608834
6.963091   6.232917   0.606312
6.966042   6.232457   0.610774
6.968992   6.231997   0.606071
6.971943   6.231537   0.610223
6.974894   6.231077   0.603585
6.977844   6.230617   0.610968
6.980795   6.230157   0.609350
6.983746   6.229698   0.606324
6.986697   6.229238   0.606522
6.989647   6.228779   0.601947
6.992598   6.228319   0.625555
6.995549   6.227860   0.610073
6.998500   6.227401   0.607717
7.001450   6.226942   0.610334
7.004401   6.226483   0.607547
7.007352   6.226024   0.615531
7.010303   6.225565   0.621456
7.013253   6.225106   0.605215
7.016204   6.224647   0.609792
7.019155   6.224189   0.615603
7.022106   6.223730   0.601035
7.025056   6.223272   0.612504
7.028007   6.222814   0.604940
7.030958   6.222355   0.604352
7.033908   6.221897   0.618406
7.036859   6.221439   0.603124
7.039810   6.220981   0.603251
7.042761   6.220524   0.602075
7.045711   6.220066   0.617248
7.048662   6.219608   0.598771
7.051613   6.219151   0.624156
7.054564   6.218693   0.610388
7.057514   6.218236   0.609791
7.060465   6.217779   0.622808
7.063416   6.217321   0.616274
7.066367   6.216864   0.624193
7.069317   6.216407   0.600996
7.072268   6.215950   0.613736
7.075219   6.215494   0.613210
7.078170   6.215037   0.609325
7.081120   6.214580   0.618878
7.084071   6.214124   0.613543
7.087022   6.213667   0.618178
7.089972   6.213211   0.610501
7.092923   6.212755   0.597960
7.095874   6.212298   0.601444
7.098825   6.211842   0.600038
7.101775   6.211386   0.610531
7.104726   6.210930   0.615736
7.107677   6.210475   0.618156
7.110628   6.210019   0.621608
7.113578   6.209563   0.612375
7.116529   6.209108   0.611908
7.119480   6.208652   0.624417
7.122431   6.208197   0.608800
7.125381   6.207742   0.610576
7.128332   6.207287   0.611249
7.131283   6.206831   0.614966
7.134234   6.206376   0.604837
7.137184   6.205922   0.614980
7.140135   6.205467   0.612508
7.143086   6.205012   0.614647
7.146037   6.204557   0.613382
7.148987   6.204103   0.611137
7.151938   6.203648   0.629710
7.154889   6.203194   0.611016
7.157839   6.202740   0.614814
7.160790   6.202286   0.600483
7.163741   6.201832   0.609909
7.166692   6.201378   0.621585
7.169642   6.200924   0.615711
7.172593   6.200470   0.613396
7.175544   6.200016   0.610397
7.178495   6.199563   0.611793
7.181445   6.199109   0.615624
7.184396   6.198656   0.613402
7.187347   6.198202   0.615202
7.190298   6.197749   0.618219
7.193248   6.197296   0.610287
7.196199   6.196843   0.614036
7.199150   6.196390   0.620185
7.202101   6.195937   0.606971
7.205051   6.195484   0.618880
7.208002   6.195032   0.617989
7.210953   6.194579   0.609688
7.213903   6.194126   0.613700
7.216854   6.193674   0.612480
7.219805   6.193222   0.624108
7.222756   6.192769   0.611564
7.225706   6.192317   0.608710
7.228657   6.191865   0.615464
7.231608   6.191413   0.614539
7.234559   6.190961   0.618028
7.237509   6.190510   0.619715
7.240460   6.190058   0.615481
7.243411   6.189606   0.605504
7.246362   6.189155   0.611846
7.249312   6.188703   0.612735
7.252263   6.188252   0.609096
7.255214   6.187801   0.628584
7.258165   6.187350   0.615233
7.261115   6.186898   0.615986
7.264066   6.186447   0.608179
7.267017   6.185997   0.617350
7.269967   6.185546   0.617062
7.272918   6.185095   0.619445
7.275869   6.184645   0.616025
7.278820   6.184194   0.617359
7.281770   6.183744   0.608303
7.284721   6.183293   0.607169
7.287672   6.182843   0.610476
7.290623   6.182393   0.609042
7.293573   6.181943   0.617873
7.296524   6.181493   0.616470
7.299475   6.181043   0.630575
7.302426   6.180593   0.634247
7.305376   6.180143   0.617363
7.308327   6.179694   0.627225
7.311278   6.179244   0.623847
7.314229   6.178795   0.623670
7.317179   6.178345   0.627314
7.320130   6.177896   0.617887
7.323081   6.177447   0.620029
7.326032   6.176998   0.623098
7.328982   6.176549   0.614137
7.331933   6.176100   0.607037
7.334884   6.175651   0.617465
7.337834   6.175203   0.617366
7.340785   6.174754   0.628821
7.343736   6.174305   0.621062
7.346687   6.173857   0.624089
7.349637   6.173409   0.614638
7.352588   6.172960   0.622825
7.355539   6.172512   0.622472
7.358490   6.172064   0.625167
7.361440   6.171616   0.623865
7.364391   6.171168   0.619338
7.367342   6.170720   0.620492
7.370293   6.170273   0.613995
7.373243   6.169825   0.619470
7.376194   6.169377   0.614578
7.379145   6.168930   0.625835
7.382096   6.168483   0.621571
7.385046   6.168035   0.626193
7.387997   6.167588   0.620688
7.390948   6.167141   0.629249
7.393898   6.166694   0.609460
7.396849   6.166247   0.620291
7.399800   6.165800   0.617600
7.402751   6.165354   0.614039
7.405701   6.164907   0.621520
7.408652   6.164460   0.606695
7.411603   6.164014   0.617320
7.414554   6.163568   0.638836
7.417504   6.163121   0.622417
7.420455   6.162675   0.612522
7.423406   6.162229   0.617932
7.426357   6.161783   0.626545
7.429307   6.161337   0.616908
7.432258   6.160891   0.624625
7.435209   6.160446   0.615366
7.438160   6.160000   0.632341
7.441110   6.159554   0.619229
7.444061   6.159109   0.630484
7.447012   6.158663   0.630151
7.449962   6.158218   0.626044
7.452913   6.157773   0.620176
7.455864   6.157328   0.624918
7.458815   6.156883   0.625702
7.461765   6.156438   0.617661
7.464716   6.155993   0.618983
7.467667   6.155548   0.626400
7.470618   6.155104   0.623276
7.473568   6.154659   0.626652
7.476519   6.154214   0.633115
7.479470   6.153770   0.626222
7.482421   6.153326   0.614395
7.485371   6.152882   0.620246
7.488322   6.152437   0.628371
7.491273   6.151993   0.635381
7.494224   6.151549   0.621210
7.497174   6.151106   0.621757
7.500125   6.150662   0.624586
7.503076   6.150218   0.626805
7.506027   6.149774   0.623121
7.508977   6.149331   0.620172
7.511928   6.148888   0.625852
7.514879   6.148444   0.618657
7.517829   6.148001   0.613778
7.520780   6.147558   0.629003
7.523731   6.147115   0.627852
7.526682   6.146672   0.628935
7.529632   6.146229   0.621231
7.532583   6.145786   0.626409
7.535534   6.145343   0.625669
7.538485   6.144901   0.622780
7.541435   6.144458   0.625744
7.544386   6.144016   0.635625
7.547337   6.143573   0.635011
7.550288   6.143131   0.610498
7.553238   6.142689   0.630002
7.556189   6.142247   0.627064
7.559140   6.141805   0.611574
7.562091   6.141363   0.626393
7.565041   6.140921   0.622292
7.567992   6.140479   0.630674
7.570943   6.140038   0.624554
7.573893   6.139596   0.634489
7.576844   6.139155   0.624733
7.579795   6.138713   0.627761
7.582746   6.138272   0.634961
7.585696   6.137831   0.631801
7.588647   6.137390   0.627800
7.591598   6.136949   0.616828
7.594549   6.136508   0.630981
7.597499   6.136067   0.622079
7.600450   6.135626   0.618148
7.603401   6.135186   0.631021
7.606352   6.134745   0.628677
7.609302   6.134304   0.626336
7.612253   6.133864   0.623744
7.615204   6.133424   0.628096
7.618155   6.132984   0.622523
7.621105   6.132543   0.622890
7.624056   6.132103   0.625905
7.627007   6.131663   0.623352
7.629957   6.131224   0.634491
7.632908   6.130784   0.628378
7.635859   6.130344   0.632992
7.638810   6.129904   0.636882
7.641760   6.129465   0.631232
7.644711   6.129025   0.630022
7.647662   6.128586   0.624307
7.650613   6.128147   0.632718
7.653563   6.127708   0.619504
7.656514   6.127269   0.638413
7.659465   6.126830   0.625496
7.662416   6.126391   0.631282
7.665366   6.125952   0.629803
7.668317   6.125513   0.629685
7.671268   6.125075   0.623724
7.674219   6.124636   0.636687
7.677169   6.124198   0.628128
7.680120   6.123759   0.629163
7.683071   6.123321   0.624319
7.686022   6.122883   0.629927
7.688972   6.122445   0.626734
7.691923   6.122007   0.641863
7.694874   6.121569   0.635877
7.697824   6.121131   0.633839
7.700775   6.120693   0.634193
7.703726   6.120255   0.625575
7.706677   6.119818   0.627241
7.709627   6.119380   0.628578
7.712578   6.118943   0.627967
7.715529   6.118506   0.641393
7.718480   6.118068   0.629237
7.721430   6.117631   0.622183
7.724381   6.117194   0.618809
7.727332   6.116757   0.640565
7.730283   6.116320   0.643750
7.733233   6.115883   0.642916
7.736184   6.115447   0.629445
7.739135   6.115010   0.625683
7.742086   6.114574   0.624856
7.745036   6.114137   0.631016
7.747987   6.113701   0.624960
7.750938   6.113264   0.627769
7.753888   6.112828   0.634636
7.756839   6.112392   0.649664
7.759790   6.111956   0.640872
7.762741   6.111520   0.634665
7.765691   6.111084   0.629835
7.768642   6.110649   0.623188
7.771593   6.110213   0.633673
7.774544   6.109777   0.625493
7.777494   6.109342   0.637204
7.780445   6.108907   0.638056
7.783396   6.108471   0.626969
7.786347   6.108036   0.638270
7.789297   6.107601   0.622300
7.792248   6.107166   0.634405
7.795199   6.106731   0.624771
7.798150   6.106296   0.628517
7.801100   6.105861   0.631841
7.804051   6.105427   0.638584
7.807002   6.104992   0.632681
7.809952   6.104557   0.637452
7.812903   6.104123   0.638291
7.815854   6.103689   0.628957
7.818805   6.103254   0.619561
7.821755   6.102820   0.638172
7.824706   6.102386   0.626991
7.827657   6.101952   0.628853
7.830608   6.101518   0.630484
7.833558   6.101084   0.644584
7.836509   6.100651   0.636182
7.839460   6.100217   0.629761
7.842411   6.099783   0.652014
7.845361   6.099350   0.631095
7.848312   6.098916   0.635078
7.851263   6.098483   0.626385
7.854214   6.098050   0.628763
7.857164   6.097617   0.633811
7.860115   6.097184   0.631462
7.863066   6.096751   0.628176
7.866017   6.096318   0.636796
7.868967   6.095885   0.634122
7.871918   6.095452   0.636298
7.874869   6.095020   0.626455
7.877819   6.094587   0.648485
7.880770   6.094155   0.631477
7.883721   6.093722   0.637838
7.886672   6.093290   0.633816
7.889622   6.092858   0.639910
7.892573   6.092426   0.624687
7.895524   6.091994   0.633361
7.898475   6.091562   0.628987
7.901425   6.091130   0.635044
7.904376   6.090698   0.631905
7.907327   6.090267   0.632195
7.910278   6.089835   0.633362
7.913228   6.089404   0.637623
7.916179   6.088972   0.632699
7.919130   6.088541   0.627306
7.922081   6.088110   0.632396
7.925031   6.087679   0.638218
7.927982   6.087248   0.632780
7.930933   6.086817   0.639426
7.933883   6.086386   0.636049
7.936834   6.085955   0.640288
7.939785   6.085524   0.627619
7.942736   6.085093   0.638254
7.945686   6.084663   0.631757
7.948637   6.084232   0.623037
7.951588   6.083802   0.644491
7.954539   6.083372   0.638466
7.957489   6.082942   0.638394
7.960440   6.082512   0.634041
7.963391   6.082081   0.643510
7.966342   6.081652   0.641085
7.969292   6.081222   0.636438
7.972243   6.080792   0.649290
7.975194   6.080362   0.639823
7.978145   6.079933   0.644868
7.981095   6.079503   0.645272
7.984046   6.079074   0.639147
7.986997   6.078644   0.625798
7.989947   6.078215   0.633744
7.992898   6.077786   0.642502
7.995849   6.077357   0.635856
7.998800   6.076928   0.644470
8.001750   6.076499   0.648031
8.004701   6.076070   0.647281
8.007652   6.075641   0.646770
8.010603   6.075213   0.632795
8.013553   6.074784   0.625591
8.016504   6.074356   0.648393
8.019455   6.073927   0.638428
8.022406   6.073499   0.635190
8.025356   6.073071   0.639372
8.028307   6.072643   0.630267
8.031258   6.072215   0.631339
8.034209   6.071787   0.631495
8.037159   6.071359   0.632519
8.040110   6.070931   0.642299
8.043061   6.070503   0.641620
8.046012   6.070076   0.631038
8.048962   6.069648   0.635827
8.051913   6.069220   0.642821
8.054864   6.068793   0.633491
8.057814   6.068366   0.644600
8.060765   6.067939   0.627677
8.063716   6.067512   0.628710
8.066667   6.067084   0.637742
8.069617   6.066658   0.639820
8.072568   6.066231   0.643784
8.075519   6.065804   0.645741
8.078470   6.065377   0.640385
8.081420   6.064951   0.633315
8.084371   6.064524   0.640422
8.087322   6.064098   0.650288
8.090273   6.063671   0.640353
8.093223   6.063245   0.645266
8.096174   6.062819   0.645247
8.099125   6.062393   0.637055
8.102076   6.061967   0.637195
8.105026   6.061541   0.633387
8.107977   6.061115   0.638017
8.110928   6.060689   0.632233
8.113878   6.060263   0.633893
8.116829   6.059838   0.643839
8.119780   6.059412   0.633663
8.122731   6.058987   0.630041
8.125681   6.058562   0.636009
8.128632   6.058136   0.638163
8.131583   6.057711   0.633351
8.134534   6.057286   0.627196
8.137484   6.056861   0.653089
8.140435   6.056436   0.650738
8.143386   6.056011   0.637547
8.146337   6.055587   0.645623
8.149287   6.055162   0.642332
8.152238   6.054737   0.641862
8.155189   6.054313   0.650018
8.158140   6.053889   0.642676
8.161090   6.053464   0.653669
8.164041   6.053040   0.633787
8.166992   6.052616   0.656518
8.169942   6.052192   0.648678
8.172893   6.051768   0.651870
8.175844   6.051344   0.650661
8.178795   6.050920   0.639925
8.181745   6.050496   0.634745
8.184696   6.050073   0.635910
8.187647   6.049649   0.629362
8.190598   6.049226   0.644341
8.193548   6.048802   0.651466
8.196499   6.048379   0.647990
8.199450   6.047956   0.640523
8.202401   6.047533   0.634309
8.205351   6.047110   0.644428
8.208302   6.046687   0.632576
8.211253   6.046264   0.648512
8.214204   6.045841   0.644232
8.217154   6.045418   0.647644
8.220105   6.044996   0.652092
8.223056   6.044573   0.639376
8.226007   6.044151   0.635916
8.228957   6.043728   0.646214
8.231908   6.043306   0.648852
8.234859   6.042884   0.642005
8.237809   6.042462   0.645372
8.240760   6.042039   0.644665
8.243711   6.041618   0.640632
8.246662   6.041196   0.650657
8.249612   6.040774   0.634322
8.252563   6.040352   0.640195
8.255514   6.039931   0.639005
8.258465   6.039509   0.648198
8.261415   6.039088   0.653443
8.264366   6.038666   0.649118
8.267317   6.038245   0.644056
8.270268   6.037824   0.642178
8.273218   6.037403   0.638994
8.276169   6.036981   0.638936
8.279120   6.036561   0.652739
8.282071   6.036140   0.638159
8.285021   6.035719   0.649012
8.287972   6.035298   0.646189
8.290923   6.034878   0.650747
8.293873   6.034457   0.656063
8.296824   6.034037   0.645858
8.299775   6.033616   0.653774
8.302726   6.033196   0.646119
8.305676   6.032776   0.638756
8.308627   6.032356   0.639549
8.311578   6.031935   0.642317
8.314529   6.031516   0.653387
8.317479   6.031096   0.642230
8.320430   6.030676   0.648632
8.323381   6.030256   0.642331
8.326332   6.029837   0.645405
8.329282   6.029417   0.649695
8.332233   6.028998   0.639604
8.335184   6.028578   0.643948
8.338135   6.028159   0.653386
8.341085   6.027740   0.647371
8.344036   6.027321   0.645170
8.346987   6.026902   0.645796
8.349937   6.026483   0.643885
8.352888   6.026064   0.646068
8.355839   6.025645   0.632298
8.358790   6.025226   0.647359
8.361740   6.024808   0.653308
8.364691   6.024389   0.647004
8.367642   6.023971   0.636930
8.370593   6.023552   0.646329
8.373543   6.023134   0.642228
8.376494   6.022716   0.650665
8.379445   6.022298   0.644900
8.382396   6.021880   0.654006
8.385346   6.021462   0.646105
8.388297   6.021044   0.640536
8.391248   6.020626   0.655288
8.394199   6.020208   0.648560
8.397149   6.019791   0.645052
8.400100   6.019373   0.648806
8.403051   6.018956   0.646609
8.406002   6.018538   0.646105
8.408952   6.018121   0.648967
8.411903   6.017704   0.648451
8.414854   6.017286   0.644501
8.417804   6.016869   0.653100
8.420755   6.016452   0.649174
8.423706   6.016036   0.648769
8.426657   6.015619   0.641024
8.429607   6.015202   0.635783
8.432558   6.014785   0.651341
8.435509   6.014369   0.649715
8.438460   6.013952   0.641746
8.441410   6.013536   0.645813
8.444361   6.013120   0.643206
8.447312   6.012703   0.655504
8.450263   6.012287   0.666097
8.453213   6.011871   0.652868
8.456164   6.011455   0.650383
8.459115   6.011039   0.643655
8.462066   6.010624   0.637702
8.465016   6.010208   0.645766
8.467967   6.009792   0.654826
8.470918   6.009377   0.653058
8.473868   6.008961   0.663124
8.476819   6.008546   0.653356
8.479770   6.008130   0.642259
8.482721   6.007715   0.650325
8.485671   6.007300   0.632034
8.488622   6.006885   0.631207
8.491573   6.006470   0.651133
8.494524   6.006055   0.652235
8.497474   6.005640   0.646120
8.500425   6.005225   0.646870
8.503376   6.004811   0.648149
8.506327   6.004396   0.652207
8.509277   6.003982   0.661063
8.512228   6.003567   0.650056
8.515179   6.003153   0.650705
8.518130   6.002739   0.653349
8.521080   6.002325   0.648458
8.524031   6.001910   0.660493
8.526982   6.001496   0.650491
8.529932   6.001082   0.659110
8.532883   6.000669   0.647458
8.535834   6.000255   0.651877
8.538785   5.999841   0.651315
8.541735   5.999428   0.657783
8.544686   5.999014   0.661277
8.547637   5.998601   0.653219
8.550588   5.998187   0.660629
8.553538   5.997774   0.647443
8.556489   5.997361   0.656254
8.559440   5.996948   0.649450
8.562391   5.996535   0.652476
8.565341   5.996122   0.645942
8.568292   5.995709   0.652114
8.571243   5.995296   0.654255
8.574194   5.994883   0.655502
8.577144   5.994471   0.645866
8.580095   5.994058   0.647911
8.583046   5.993646   0.650617
8.585996   5.993233   0.657427
8.588947   5.992821   0.668402
8.591898   5.992409   0.643941
8.594849   5.991997   0.653346
8.597799   5.991585   0.651740
8.600750   5.991173   0.646413
8.603701   5.990761   0.659288
8.606652   5.990349   0.650453
8.609602   5.989937   0.649791
8.612553   5.989526   0.655219
8.615504   5.989114   0.649912
8.618455   5.988703   0.649290
8.621405   5.988291   0.650016
8.624356   5.987880   0.653946
8.627307   5.987469   0.645957
8.630258   5.987057   0.642570
8.633208   5.986646   0.652940
8.636159   5.986235   0.655831
8.639110   5.985824   0.645568
8.642061   5.985414   0.660001
8.645011   5.985003   0.656207
8.647962   5.984592   0.648572
8.650913   5.984182   0.660187
8.653863   5.983771   0.654427
8.656814   5.983361   0.667361
8.659765   5.982950   0.654376
8.662716   5.982540   0.648675
8.665666   5.982130   0.656481
8.668617   5.981720   0.659607
8.671568   5.981310   0.651845
8.674519   5.980900   0.664534
8.677469   5.980490   0.652466
8.680420   5.980080   0.659606
8.683371   5.979670   0.651816
8.686322   5.979261   0.649622
8.689272   5.978851   0.650728
8.692223   5.978442   0.659718
8.695174   5.978032   0.645428
8.698125   5.977623   0.661850
8.701075   5.977214   0.664451
8.704026   5.976805   0.654601
8.706977   5.976396   0.655363
8.709927   5.975987   0.649163
8.712878   5.975578   0.670494
8.715829   5.975169   0.638746
8.718780   5.974760   0.650432
8.721730   5.974351   0.652555
8.724681   5.973943   0.648989
8.727632   5.973534   0.652075
8.730583   5.973126   0.656635
8.733533   5.972718   0.654327
8.736484   5.972309   0.655099
8.739435   5.971901   0.655550
8.742386   5.971493   0.643646
8.745336   5.971085   0.662488
8.748287   5.970677   0.665270
8.751238   5.970269   0.664344
8.754189   5.969861   0.652429
8.757139   5.969454   0.659440
8.760090   5.969046   0.657254
8.763041   5.968639   0.665192
8.765991   5.968231   0.651605
8.768942   5.967824   0.654098
8.771893   5.967416   0.641799
8.774844   5.967009   0.666424
8.777794   5.966602   0.664836
8.780745   5.966195   0.660750
8.783696   5.965788   0.664985
8.786647   5.965381   0.649811
8.789597   5.964974   0.653857
8.792548   5.964568   0.651551
8.795499   5.964161   0.652211
8.798450   5.963754   0.652857
8.801400   5.963348   0.656640
8.804351   5.962941   0.663320
8.807302   5.962535   0.652073
8.810253   5.962129   0.651939
8.813203   5.961723   0.657018
8.816154   5.961317   0.669104
8.819105   5.960911   0.654700
8.822056   5.960505   0.658286
8.825006   5.960099   0.657548
8.827957   5.959693   0.656774
8.830908   5.959287   0.651992
8.833858   5.958882   0.647345
8.836809   5.958476   0.646548
8.839760   5.958071   0.648003
8.842711   5.957665   0.652998
8.845661   5.957260   0.650269
8.848612   5.956855   0.658499
8.851563   5.956450   0.661217
8.854514   5.956044   0.657366
8.857464   5.955639   0.647490
8.860415   5.955235   0.662403
8.863366   5.954830   0.663359
8.866317   5.954425   0.658049
8.869267   5.954020   0.667884
8.872218   5.953616   0.664476
8.875169   5.953211   0.651988
8.878120   5.952807   0.661682
8.881070   5.952402   0.650497
8.884021   5.951998   0.657217
8.886972   5.951594   0.667532
8.889922   5.951190   0.660456
8.892873   5.950786   0.647106
8.895824   5.950382   0.655906
8.898775   5.949978   0.662694
8.901725   5.949574   0.647957
8.904676   5.949170   0.655406
8.907627   5.948767   0.656272
8.910578   5.948363   0.650340
8.913528   5.947960   0.646125
8.916479   5.947556   0.667757
8.919430   5.947153   0.649539
8.922381   5.946750   0.652336
8.925331   5.946347   0.657703
8.928282   5.945943   0.647426
8.931233   5.945540   0.659018
8.934184   5.945137   0.662767
8.937134   5.944735   0.648468
8.940085   5.944332   0.673773
8.943036   5.943929   0.661276
8.945986   5.943527   0.668947
8.948937   5.943124   0.662965
8.951888   5.942722   0.659712
8.954839   5.942319   0.661327
8.957789   5.941917   0.654008
8.960740   5.941515   0.668425
8.963691   5.941112   0.660509
8.966642   5.940710   0.661280
8.969592   5.940308   0.655683
8.972543   5.939907   0.666658
8.975494   5.939505   0.649816
8.978445   5.939103   0.655929
8.981395   5.938701   0.650930
8.984346   5.938300   0.663776
8.987297   5.937898   0.650902
8.990248   5.937497   0.663630
8.993198   5.937095   0.653163
8.996149   5.936694   0.668733
8.999100   5.936293   0.661444
9.002051   5.935892   0.657165
9.005001   5.935491   0.664023
9.007952   5.935090   0.658323
9.010903   5.934689   0.656687
9.013853   5.934288   0.666106
9.016804   5.933887   0.661331
9.019755   5.933487   0.653020
9.022706   5.933086   0.660774
9.025656   5.932685   0.653074
9.028607   5.932285   0.667436
9.031558   5.931885   0.665261
9.034509   5.931484   0.665875
9.037459   5.931084   0.652690
9.040410   5.930684   0.661551
9.043361   5.930284   0.663408
9.046312   5.929884   0.653669
9.049262   5.929484   0.660987
9.052213   5.929084   0.655075
9.055164   5.928685   0.672008
9.058115   5.928285   0.661197
9.061065   5.927885   0.665029
9.064016   5.927486   0.671620
9.066967   5.927087   0.667144
9.069917   5.926687   0.652036
9.072868   5.926288   0.667542
9.075819   5.925889   0.667620
9.078770   5.925490   0.653062
9.081720   5.925091   0.654809
9.084671   5.924692   0.655622
9.087622   5.924293   0.669115
9.090573   5.923894   0.657261
9.093523   5.923495   0.650299
9.096474   5.923097   0.661915
9.099425   5.922698   0.667056
9.102376   5.922300   0.655849
9.105326   5.921901   0.660139
9.108277   5.921503   0.654985
9.111228   5.921105   0.665272
9.114179   5.920707   0.657890
9.117129   5.920308   0.669569
9.120080   5.919910   0.666754
9.123031   5.919512   0.677021
9.125981   5.919115   0.675220
9.128932   5.918717   0.669622
9.131883   5.918319   0.658286
9.134834   5.917922   0.658213
9.137784   5.917524   0.671948
9.140735   5.917126   0.656749
9.143686   5.916729   0.647406
9.146637   5.916332   0.652293
9.149587   5.915935   0.667459
9.152538   5.915537   0.651721
9.155489   5.915140   0.668133
9.158440   5.914743   0.671499
9.161390   5.914346   0.671216
9.164341   5.913949   0.671351
9.167292   5.913553   0.664273
9.170243   5.913156   0.657494
9.173193   5.912759   0.664253
9.176144   5.912363   0.674827
9.179095   5.911966   0.659567
9.182046   5.911570   0.670112
9.184996   5.911174   0.660173
9.187947   5.910777   0.657757
9.190898   5.910381   0.667344
9.193848   5.909985   0.666831
9.196799   5.909589   0.672210
9.199750   5.909193   0.673138
9.202701   5.908797   0.671198
9.205651   5.908402   0.659521
9.208602   5.908006   0.658374
9.211553   5.907610   0.658180
9.214504   5.907215   0.675718
9.217454   5.906819   0.671182
9.220405   5.906424   0.669846
9.223356   5.906028   0.669578
9.226307   5.905633   0.659256
9.229257   5.905238   0.664419
9.232208   5.904843   0.663783
9.235159   5.904448   0.662182
9.238110   5.904053   0.657283
9.241060   5.903658   0.673611
9.244011   5.903263   0.666982
9.246962   5.902869   0.661787
9.249912   5.902474   0.662662
9.252863   5.902079   0.662275
9.255814   5.901685   0.666524
9.258765   5.901291   0.664683
9.261715   5.900896   0.668340
9.264666   5.900502   0.666020
9.267617   5.900108   0.669361
9.270568   5.899714   0.662960
9.273518   5.899320   0.677990
9.276469   5.898926   0.657875
9.279420   5.898532   0.663736
9.282371   5.898138   0.660929
9.285321   5.897744   0.668979
9.288272   5.897351   0.663995
9.291223   5.896957   0.666290
9.294174   5.896564   0.658303
9.297124   5.896170   0.665341
9.300075   5.895777   0.669099
9.303026   5.895384   0.664856
9.305976   5.894990   0.664097
9.308927   5.894597   0.665319
9.311878   5.894204   0.665539
9.314829   5.893811   0.665888
9.317779   5.893418   0.664131
9.320730   5.893026   0.665279
9.323681   5.892633   0.670409
9.326632   5.892240   0.673940
9.329582   5.891848   0.663016
9.332533   5.891455   0.669648
9.335484   5.891063   0.667528
9.338435   5.890670   0.674440
9.341385   5.890278   0.657993
9.344336   5.889886   0.664237
9.347287   5.889494   0.672105
9.350238   5.889102   0.659840
9.353188   5.888710   0.666115
9.356139   5.888318   0.661627
9.359090   5.887926   0.669379
9.362041   5.887534   0.668039
9.364991   5.887143   0.663357
9.367942   5.886751   0.679263
9.370893   5.886360   0.669047
9.373843   5.885968   0.671118
9.376794   5.885577   0.667750
9.379745   5.885185   0.666627
9.382696   5.884794   0.668385
9.385646   5.884403   0.680147
9.388597   5.884012   0.672598
9.391548   5.883621   0.671381
9.394499   5.883230   0.661547
9.397449   5.882839   0.662003
9.400400   5.882449   0.672862
9.403351   5.882058   0.651943
9.406302   5.881667   0.655680
9.409252   5.881277   0.665866
9.412203   5.880886   0.669590
9.415154   5.880496   0.671489
9.418105   5.880106   0.664088
9.421055   5.879715   0.659553
9.424006   5.879325   0.679311
9.426957   5.878935   0.675211
9.429907   5.878545   0.675694
9.432858   5.878155   0.673137
9.435809   5.877765   0.672150
9.438760   5.877375   0.667302
9.441710   5.876986   0.657114
9.444661   5.876596   0.671604
9.447612   5.876207   0.666300
9.450563   5.875817   0.668961
9.453513   5.875428   0.671094
9.456464   5.875038   0.681311
9.459415   5.874649   0.666253
9.462366   5.874260   0.662736
9.465316   5.873871   0.663509
9.468267   5.873482   0.671432
9.471218   5.873093   0.668470
9.474169   5.872704   0.671062
9.477119   5.872315   0.654336
9.480070   5.871926   0.676823
9.483021   5.871538   0.680985
9.485971   5.871149   0.682613
9.488922   5.870761   0.661824
9.491873   5.870372   0.675610
9.494824   5.869984   0.670522
9.497774   5.869595   0.674652
9.500725   5.869207   0.674251
9.503676   5.868819   0.688987
9.506627   5.868431   0.668607
9.509577   5.868043   0.664981
9.512528   5.867655   0.671868
9.515479   5.867267   0.658348
9.518430   5.866880   0.659922
9.521380   5.866492   0.669212
9.524331   5.866104   0.676335
9.527282   5.865717   0.672268
9.530233   5.865329   0.676181
9.533183   5.864942   0.670423
9.536134   5.864555   0.666970
9.539085   5.864167   0.667985
9.542036   5.863780   0.681082
9.544986   5.863393   0.665280
9.547937   5.863006   0.683872
9.550888   5.862619   0.675552
9.553838   5.862232   0.673952
9.556789   5.861845   0.679285
9.559740   5.861459   0.680680
9.562691   5.861072   0.673263
9.565641   5.860685   0.677250
9.568592   5.860299   0.661993
9.571543   5.859912   0.669636
9.574494   5.859526   0.665914
9.577444   5.859140   0.663536
9.580395   5.858754   0.682777
9.583346   5.858367   0.671846
9.586297   5.857981   0.671329
9.589247   5.857595   0.676139
9.592198   5.857210   0.669825
9.595149   5.856824   0.680311
9.598100   5.856438   0.677277
9.601050   5.856052   0.673622
9.604001   5.855667   0.670255
9.606952   5.855281   0.669999
9.609902   5.854896   0.675794
9.612853   5.854510   0.669407
9.615804   5.854125   0.673506
9.618755   5.853740   0.663387
9.621705   5.853354   0.665772
9.624656   5.852969   0.671970
9.627607   5.852584   0.665252
9.630558   5.852199   0.682350
9.633508   5.851815   0.673221
9.636459   5.851430   0.669025
9.639410   5.851045   0.680157
9.642361   5.850660   0.677379
9.645311   5.850276   0.658987
9.648262   5.849891   0.672892
9.651213   5.849507   0.672387
9.654164   5.849122   0.679694
9.657114   5.848738   0.661248
9.660065   5.848354   0.669526
9.663016   5.847970   0.667529
9.665966   5.847586   0.667832
9.668917   5.847202   0.672741
9.671868   5.846818   0.666790
9.674819   5.846434   0.658113
9.677769   5.846050   0.666213
9.680720   5.845666   0.674228
9.683671   5.845283   0.667615
9.686622   5.844899   0.662138
9.689572   5.844516   0.677171
9.692523   5.844132   0.672120
9.695474   5.843749   0.679109
9.698425   5.843366   0.678087
9.701375   5.842983   0.682831
9.704326   5.842600   0.660217
9.707277   5.842216   0.671418
9.710228   5.841833   0.668291
9.713178   5.841451   0.691438
9.716129   5.841068   0.668542
9.719080   5.840685   0.673693
9.722031   5.840302   0.678333
9.724981   5.839920   0.668510
9.727932   5.839537   0.671868
9.730883   5.839155   0.676339
9.733833   5.838772   0.685674
9.736784   5.838390   0.676294
9.739735   5.838008   0.664077
9.742686   5.837626   0.679845
9.745636   5.837244   0.666476
9.748587   5.836862   0.679673
9.751538   5.836480   0.678325
9.754489   5.836098   0.680863
9.757439   5.835716   0.660132
9.760390   5.835334   0.681777
9.763341   5.834953   0.689426
9.766292   5.834571   0.674079
9.769242   5.834189   0.675992
9.772193   5.833808   0.675981
9.775144   5.833427   0.681522
9.778095   5.833045   0.678450
9.781045   5.832664   0.674696
9.783996   5.832283   0.681843
9.786947   5.831902   0.671954
9.789897   5.831521   0.678487
9.792848   5.831140   0.672281
9.795799   5.830759   0.673971
9.798750   5.830378   0.691047
9.801700   5.829998   0.672471
9.804651   5.829617   0.669638
9.807602   5.829236   0.680023
9.810553   5.828856   0.679228
9.813503   5.828475   0.672783
9.816454   5.828095   0.661828
9.819405   5.827715   0.685539
9.822356   5.827335   0.682180
9.825306   5.826954   0.674007
9.828257   5.826574   0.670037
9.831208   5.826194   0.677520
9.834159   5.825815   0.671925
9.837109   5.825435   0.674811
9.840060   5.825055   0.677161
9.843011   5.824675   0.674850
9.845961   5.824296   0.676955
9.848912   5.823916   0.676413
9.851863   5.823537   0.693824
9.854814   5.823157   0.670221
9.857764   5.822778   0.679666
9.860715   5.822399   0.661991
9.863666   5.822019   0.685976
9.866617   5.821640   0.684936
9.869567   5.821261   0.680157
9.872518   5.820882   0.674029
9.875469   5.820503   0.675493
9.878420   5.820124   0.677647
9.881370   5.819746   0.676488
9.884321   5.819367   0.676707
9.887272   5.818988   0.675420
9.890223   5.818610   0.689822
9.893173   5.818231   0.668671
9.896124   5.817853   0.677389
9.899075   5.817475   0.689364
9.902026   5.817096   0.681774
9.904976   5.816718   0.672623
9.907927   5.816340   0.679478
9.910878   5.815962   0.675891
9.913828   5.815584   0.678428
9.916779   5.815206   0.676843
9.919730   5.814828   0.681880
9.922681   5.814451   0.675431
9.925631   5.814073   0.677978
9.928582   5.813695   0.684280
9.931533   5.813318   0.673562
9.934484   5.812940   0.670319
9.937434   5.812563   0.669680
9.940385   5.812185   0.678538
9.943336   5.811808   0.668730
9.946287   5.811431   0.682016
9.949237   5.811054   0.683432
9.952188   5.810677   0.677219
9.955139   5.810300   0.684524
9.958090   5.809923   0.679018
9.961040   5.809546   0.683589
9.963991   5.809169   0.672050
9.966942   5.808793   0.674738
9.969892   5.808416   0.680338
9.972843   5.808040   0.685365
9.975794   5.807663   0.681707
9.978745   5.807287   0.675172
9.981695   5.806910   0.683447
9.984646   5.806534   0.681413
9.987597   5.806158   0.678810
9.990548   5.805782   0.667411
9.993498   5.805406   0.680072
9.996449   5.805030   0.679376
9.999400   5.804654   0.677102
10.002351   5.804278   0.666373
10.005301   5.803902   0.681177
10.008252   5.803527   0.689906
10.011203   5.803151   0.680983
10.014154   5.802775   0.679503
10.017104   5.802400   0.676711
10.020055   5.802025   0.678255
10.023006   5.801649   0.679503
10.025956   5.801274   0.678039
10.028907   5.800899   0.693310
10.031858   5.800524   0.674636
10.034809   5.800149   0.691476
10.037759   5.799774   0.701086
10.040710   5.799399   0.673543
10.043661   5.799024   0.684507
10.046612   5.798649   0.693968
10.049562   5.798274   0.671708
10.052513   5.797900   0.681762
10.055464   5.797525   0.685899
10.058415   5.797151   0.678068
10.061365   5.796776   0.684132
10.064316   5.796402   0.689339
10.067267   5.796028   0.679993
10.070218   5.795653   0.666956
10.073168   5.795279   0.669913
10.076119   5.794905   0.685986
10.079070   5.794531   0.684294
10.082021   5.794157   0.688469
10.084971   5.793784   0.678352
10.087922   5.793410   0.680542
10.090873   5.793036   0.687022
10.093823   5.792662   0.680289
10.096774   5.792289   0.677707
10.099725   5.791915   0.680567
10.102676   5.791542   0.680914
10.105626   5.791169   0.690271
10.108577   5.790795   0.689931
10.111528   5.790422   0.672887
10.114479   5.790049   0.684625
10.117429   5.789676   0.685927
10.120380   5.789303   0.669246
10.123331   5.788930   0.678910
10.126282   5.788557   0.689914
10.129232   5.788184   0.687482
10.132183   5.787812   0.680324
10.135134   5.787439   0.677735
10.138085   5.787066   0.694103
10.141035   5.786694   0.680139
10.143986   5.786321   0.684720
10.146937   5.785949   0.671812
10.149887   5.785577   0.684026
10.152838   5.785204   0.689830
10.155789   5.784832   0.682121
10.158740   5.784460   0.687939
10.161690   5.784088   0.687697
10.164641   5.783716   0.679420
10.167592   5.783344   0.690222
10.170543   5.782972   0.666198
10.173493   5.782601   0.686096
10.176444   5.782229   0.679730
10.179395   5.781857   0.674236
10.182346   5.781486   0.684617
10.185296   5.781114   0.692288
10.188247   5.780743   0.689072
10.191198   5.780372   0.683083
10.194149   5.780000   0.672781
10.197099   5.779629   0.685626
10.200050   5.779258   0.685216
10.203001   5.778887   0.693375
10.205951   5.778516   0.686107
10.208902   5.778145   0.681786
10.211853   5.777774   0.686475
10.214804   5.777404   0.683809
10.217754   5.777033   0.673865
10.220705   5.776662   0.688994
10.223656   5.776292   0.691415
10.226607   5.775921   0.697351
10.229557   5.775551   0.688640
10.232508   5.775181   0.666751
10.235459   5.774810   0.692955
10.238410   5.774440   0.685373
10.241360   5.774070   0.697808
10.244311   5.773700   0.678391
10.247262   5.773330   0.681333
10.250213   5.772960   0.683409
10.253163   5.772590   0.696211
10.256114   5.772220   0.683516
10.259065   5.771851   0.685082
10.262016   5.771481   0.672659
10.264966   5.771111   0.685635
10.267917   5.770742   0.696107
10.270868   5.770372   0.694035
10.273818   5.770003   0.682301
10.276769   5.769634   0.688087
10.279720   5.769264   0.697156
10.282671   5.768895   0.681777
10.285621   5.768526   0.678660
10.288572   5.768157   0.686122
10.291523   5.767788   0.678620
10.294474   5.767419   0.687521
10.297424   5.767050   0.682228
10.300375   5.766682   0.691359
10.303326   5.766313   0.680708
10.306277   5.765944   0.672425
10.309227   5.765576   0.682395
10.312178   5.765207   0.677331
10.315129   5.764839   0.688057
10.318080   5.764471   0.692423
10.321030   5.764102   0.695515
10.323981   5.763734   0.688938
10.326932   5.763366   0.675273
10.329882   5.762998   0.683759
10.332833   5.762630   0.691095
10.335784   5.762262   0.686474
10.338735   5.761894   0.680063
10.341685   5.761526   0.703821
10.344636   5.761159   0.682714
10.347587   5.760791   0.687780
10.350538   5.760423   0.690941
10.353488   5.760056   0.680317
10.356439   5.759688   0.686033
10.359390   5.759321   0.686400
10.362341   5.758954   0.667244
10.365291   5.758586   0.681819
10.368242   5.758219   0.693662
10.371193   5.757852   0.680969
10.374144   5.757485   0.679958
10.377094   5.757118   0.691993
10.380045   5.756751   0.690251
10.382996   5.756384   0.681456
10.385946   5.756018   0.679024
10.388897   5.755651   0.694833
10.391848   5.755284   0.709677
10.394799   5.754918   0.703419
10.397749   5.754551   0.679197
10.400700   5.754185   0.684665
10.403651   5.753819   0.682785
10.406602   5.753452   0.692786
10.409552   5.753086   0.698202
10.412503   5.752720   0.673536
10.415454   5.752354   0.697387
10.418405   5.751988   0.689769
10.421355   5.751622   0.682170
10.424306   5.751256   0.689880
10.427257   5.750890   0.683548
10.430208   5.750524   0.701104
10.433158   5.750159   0.702617
10.436109   5.749793   0.690044
10.439060   5.749428   0.677516
10.442011   5.749062   0.679104
10.444961   5.748697   0.679933
10.447912   5.748331   0.702132
10.450863   5.747966   0.692187
10.453813   5.747601   0.685389
10.456764   5.747236   0.674651
10.459715   5.746871   0.693872
10.462666   5.746506   0.691497
10.465616   5.746141   0.682456
10.468567   5.745776   0.691908
10.471518   5.745411   0.702399
10.474469   5.745047   0.684105
10.477419   5.744682   0.683869
10.480370   5.744317   0.687139
10.483321   5.743953   0.690915
10.486272   5.743588   0.672066
10.489222   5.743224   0.695235
10.492173   5.742860   0.700460
10.495124   5.742495   0.687469
10.498075   5.742131   0.697706
10.501025   5.741767   0.678583
10.503976   5.741403   0.684505
10.506927   5.741039   0.685535
10.509877   5.740675   0.689110
10.512828   5.740311   0.692585
10.515779   5.739948   0.678926
10.518730   5.739584   0.692629
10.521680   5.739220   0.675376
10.524631   5.738857   0.698484
10.527582   5.738493   0.689028
10.530533   5.738130   0.700610
10.533483   5.737766   0.699573
10.536434   5.737403   0.696364
10.539385   5.737040   0.685429
10.542336   5.736677   0.674341
10.545286   5.736314   0.690928
10.548237   5.735951   0.693334
10.551188   5.735588   0.690614
10.554139   5.735225   0.687931
10.557089   5.734862   0.678969
10.560040   5.734499   0.687494
10.562991   5.734137   0.685809
10.565941   5.733774   0.686752
10.568892   5.733411   0.698509
10.571843   5.733049   0.686821
10.574794   5.732686   0.693801
10.577744   5.732324   0.703801
10.580695   5.731962   0.685828
10.583646   5.731600   0.686806
10.586597   5.731237   0.687034
10.589547   5.730875   0.691873
10.592498   5.730513   0.690254
10.595449   5.730151   0.692353
10.598400   5.729790   0.690971
10.601350   5.729428   0.685029
10.604301   5.729066   0.693172
10.607252   5.728704   0.685829
10.610203   5.728343   0.693822
10.613153   5.727981   0.693114
10.616104   5.727620   0.684362
10.619055   5.727258   0.679644
10.622006   5.726897   0.688804
10.624956   5.726536   0.696739
10.627907   5.726174   0.690188
10.630858   5.725813   0.687838
10.633808   5.725452   0.691587
10.636759   5.725091   0.683321
10.639710   5.724730   0.679080
10.642661   5.724369   0.693726
10.645611   5.724009   0.698137
10.648562   5.723648   0.692407
10.651513   5.723287   0.691040
10.654464   5.722927   0.684723
10.657414   5.722566   0.693472
10.660365   5.722206   0.697058
10.663316   5.721845   0.701870
10.666267   5.721485   0.693645
10.669217   5.721124   0.696878
10.672168   5.720764   0.682060
10.675119   5.720404   0.693943
10.678070   5.720044   0.689576
10.681020   5.719684   0.689172
10.683971   5.719324   0.691960
10.686922   5.718964   0.697227
10.689872   5.718604   0.694189
10.692823   5.718245   0.702405
10.695774   5.717885   0.685555
10.698725   5.717525   0.685695
10.701675   5.717166   0.697723
10.704626   5.716806   0.695701
10.707577   5.716447   0.709871
10.710528   5.716088   0.694061
10.713478   5.715728   0.695673
10.716429   5.715369   0.690681
10.719380   5.715010   0.690745
10.722331   5.714651   0.696889
10.725281   5.714292   0.693447
10.728232   5.713933   0.697410
10.731183   5.713574   0.692850
10.734134   5.713215   0.700326
10.737084   5.712856   0.702818
10.740035   5.712498   0.689413
10.742986   5.712139   0.693129
10.745936   5.711781   0.686500
10.748887   5.711422   0.700076
10.751838   5.711064   0.688154
10.754789   5.710705   0.705646
10.757739   5.710347   0.699507
10.760690   5.709989   0.695035
10.763641   5.709631   0.684689
10.766592   5.709273   0.693152
10.769542   5.708915   0.689720
10.772493   5.708557   0.687911
10.775444   5.708199   0.693579
10.778395   5.707841   0.697268
10.781345   5.707483   0.692448
10.784296   5.707125   0.689366
10.787247   5.706768   0.696596
10.790198   5.706410   0.695101
10.793148   5.706053   0.694314
10.796099   5.705695   0.701880
10.799050   5.705338   0.687268
10.802001   5.704981   0.694814
10.804951   5.704623   0.692688
10.807902   5.704266   0.688742
10.810853   5.703909   0.697996
10.813803   5.703552   0.685289
10.816754   5.703195   0.681683
10.819705   5.702838   0.688783
10.822656   5.702481   0.708096
10.825606   5.702125   0.679390
10.828557   5.701768   0.696487
10.831508   5.701411   0.691332
10.834459   5.701055   0.699433
10.837409   5.700698   0.700399
10.840360   5.700342   0.705172
10.843311   5.699985   0.704413
10.846262   5.699629   0.704691
10.849212   5.699273   0.704808
10.852163   5.698917   0.690935
10.855114   5.698560   0.699659
10.858065   5.698204   0.700380
10.861015   5.697848   0.696730
10.863966   5.697493   0.692912
10.866917   5.697137   0.694253
10.869867   5.696781   0.694940
10.872818   5.696425   0.695619
10.875769   5.696069   0.710416
10.878720   5.695714   0.708232
10.881670   5.695358   0.705699
10.884621   5.695003   0.689689
10.887572   5.694648   0.695854
10.890523   5.694292   0.690245
10.893473   5.693937   0.691088
10.896424   5.693582   0.707532
10.899375   5.693227   0.685108
10.902326   5.692871   0.694303
10.905276   5.692516   0.680656
10.908227   5.692162   0.713307
10.911178   5.691807   0.698976
10.914129   5.691452   0.703369
10.917079   5.691097   0.704460
10.920030   5.690742   0.702132
10.922981   5.690388   0.698023
10.925931   5.690033   0.689918
10.928882   5.689679   0.690821
10.931833   5.689324   0.693074
10.934784   5.688970   0.707091
10.937734   5.688616   0.704485
10.940685   5.688261   0.690111
10.943636   5.687907   0.699665
10.946587   5.687553   0.692483
10.949537   5.687199   0.697214
10.952488   5.686845   0.701348
10.955439   5.686491   0.701592
10.958390   5.686137   0.692964
10.961340   5.685784   0.710757
10.964291   5.685430   0.688424
10.967242   5.685076   0.706169
10.970193   5.684723   0.690164
10.973143   5.684369   0.691057
10.976094   5.684016   0.701620
10.979045   5.683662   0.705989
10.981995   5.683309   0.698626
10.984946   5.682956   0.694518
10.987897   5.682603   0.688851
10.990848   5.682249   0.696445
10.993798   5.681896   0.694851
10.996749   5.681543   0.700770
10.999700   5.681190   0.689900
11.002651   5.680838   0.707656
11.005601   5.680485   0.691589
11.008552   5.680132   0.689252
11.011503   5.679779   0.697906
11.014454   5.679427   0.697626
11.017404   5.679074   0.699487
11.020355   5.678722   0.694672
11.023306   5.678369   0.705045
11.026257   5.678017   0.690676
11.029207   5.677665   0.707047
11.032158   5.677312   0.704438
11.035109   5.676960   0.700270
11.038060   5.676608   0.700288
11.041010   5.676256   0.699708
11.043961   5.675904   0.707512
11.046912   5.675552   0.701916
11.049862   5.675200   0.697659
11.052813   5.674849   0.686618
11.055764   5.674497   0.691850
11.058715   5.674145   0.706974
11.061665   5.673794   0.703229
11.064616   5.673442   0.700380
11.067567   5.673091   0.690800
11.070518   5.672739   0.700584
11.073468   5.672388   0.708576
11.076419   5.672037   0.702436
11.079370   5.671686   0.702068
11.082321   5.671334   0.698957
11.085271   5.670983   0.691640
11.088222   5.670632   0.689534
11.091173   5.670281   0.699324
11.094124   5.669931   0.686816
11.097074   5.669580   0.705193
11.100025   5.669229   0.689121
11.102976   5.668878   0.706663
11.105926   5.668528   0.698738
11.108877   5.668177   0.700320
11.111828   5.667827   0.695602
11.114779   5.667476   0.696997
11.117729   5.667126   0.696235
11.120680   5.666776   0.704401
11.123631   5.666425   0.693936
11.126582   5.666075   0.703798
11.129532   5.665725   0.698526
11.132483   5.665375   0.693857
11.135434   5.665025   0.703336
11.138385   5.664675   0.707935
11.141335   5.664325   0.702137
11.144286   5.663975   0.709223
11.147237   5.663626   0.709521
11.150188   5.663276   0.703128
11.153138   5.662926   0.713014
11.156089   5.662577   0.692990
11.159040   5.662227   0.702117
11.161990   5.661878   0.691381
11.164941   5.661529   0.683967
11.167892   5.661179   0.690902
11.170843   5.660830   0.711754
11.173793   5.660481   0.693700
11.176744   5.660132   0.697847
11.179695   5.659783   0.706771
11.182646   5.659434   0.692165
11.185596   5.659085   0.698477
11.188547   5.658736   0.704495
11.191498   5.658387   0.705685
11.194449   5.658039   0.703218
11.197399   5.657690   0.704587
11.200350   5.657341   0.695723
11.203301   5.656993   0.694728
11.206252   5.656644   0.692898
11.209202   5.656296   0.694431
11.212153   5.655948   0.705051
11.215104   5.655599   0.719078
11.218055   5.655251   0.702297
11.221005   5.654903   0.692143
11.223956   5.654555   0.696652
11.226907   5.654207   0.699900
11.229857   5.653859   0.700733
11.232808   5.653511   0.704632
11.235759   5.653163   0.709803
11.238710   5.652815   0.701273
11.241660   5.652468   0.709550
11.244611   5.652120   0.691355
11.247562   5.651772   0.712991
11.250513   5.651425   0.702921
11.253463   5.651078   0.699908
11.256414   5.650730   0.704265
11.259365   5.650383   0.707968
11.262316   5.650036   0.706535
11.265266   5.649688   0.698242
11.268217   5.649341   0.707721
11.271168   5.648994   0.710384
11.274119   5.648647   0.708689
11.277069   5.648300   0.687195
11.280020   5.647953   0.703886
11.282971   5.647606   0.705251
11.285921   5.647260   0.698358
11.288872   5.646913   0.698417
11.291823   5.646566   0.701026
11.294774   5.646220   0.705103
11.297724   5.645873   0.696712
11.300675   5.645527   0.698353
11.303626   5.645180   0.702238
11.306577   5.644834   0.703826
11.309527   5.644488   0.706801
11.312478   5.644142   0.706151
11.315429   5.643795   0.694647
11.318380   5.643449   0.704207
11.321330   5.643103   0.712450
11.324281   5.642757   0.701754
11.327232   5.642412   0.700078
11.330183   5.642066   0.694330
11.333133   5.641720   0.704668
11.336084   5.641374   0.703362
11.339035   5.641029   0.720278
11.341985   5.640683   0.709206
11.344936   5.640338   0.708005
11.347887   5.639992   0.712276
11.350838   5.639647   0.721620
11.353788   5.639301   0.703289
11.356739   5.638956   0.696421
11.359690   5.638611   0.707619
11.362641   5.638266   0.706036
11.365591   5.637921   0.697009
11.368542   5.637576   0.685114
11.371493   5.637231   0.709198
11.374444   5.636886   0.702027
11.377394   5.636541   0.709640
11.380345   5.636196   0.706214
11.383296   5.635852   0.696032
11.386247   5.635507   0.701197
11.389197   5.635162   0.696679
11.392148   5.634818   0.695817
11.395099   5.634473   0.696828
11.398050   5.634129   0.705737
11.401000   5.633785   0.718206
11.403951   5.633440   0.712015
11.406902   5.633096   0.709551
11.409852   5.632752   0.704482
11.412803   5.632408   0.715804
11.415754   5.632064   0.708188
11.418705   5.631720   0.700139
11.421655   5.631376   0.720948
11.424606   5.631032   0.708254
11.427557   5.630689   0.694792
11.430508   5.630345   0.699965
11.433458   5.630001   0.703788
11.436409   5.629658   0.703522
11.439360   5.629314   0.712183
11.442311   5.628971   0.713240
11.445261   5.628627   0.699624
11.448212   5.628284   0.698859
11.451163   5.627941   0.714015
11.454114   5.627597   0.705403
11.457064   5.627254   0.704577
11.460015   5.626911   0.698129
11.462966   5.626568   0.711123
11.465916   5.626225   0.712790
11.468867   5.625882   0.706441
11.471818   5.625539   0.713797
11.474769   5.625197   0.714186
11.477719   5.624854   0.698724
11.480670   5.624511   0.703587
11.483621   5.624169   0.704771
11.486572   5.623826   0.712052
11.489522   5.623484   0.702737
11.492473   5.623141   0.699005
11.495424   5.622799   0.709333
11.498375   5.622457   0.702288
11.501325   5.622114   0.697720
11.504276   5.621772   0.704186
11.507227   5.621430   0.708007
11.510178   5.621088   0.697869
11.513128   5.620746   0.705895
11.516079   5.620404   0.694701
11.519030   5.620062   0.711931
11.521980   5.619720   0.702603
11.524931   5.619379   0.699206
11.527882   5.619037   0.716530
11.530833   5.618695   0.713242
11.533783   5.618354   0.704779
11.536734   5.618012   0.695272
11.539685   5.617671   0.687032
11.542636   5.617330   0.711372
11.545586   5.616988   0.711468
11.548537   5.616647   0.701929
11.551488   5.616306   0.698118
11.554439   5.615965   0.691397
11.557389   5.615624   0.697805
11.560340   5.615283   0.689813
11.563291   5.614942   0.710334
11.566242   5.614601   0.697430
11.569192   5.614260   0.693879
11.572143   5.613919   0.698632
11.575094   5.613579   0.705571
11.578045   5.613238   0.713234
11.580995   5.612897   0.714171
11.583946   5.612557   0.706970
11.586897   5.612216   0.697543
11.589847   5.611876   0.702250
11.592798   5.611536   0.693660
11.595749   5.611195   0.704880
11.598700   5.610855   0.711748
11.601650   5.610515   0.710525
11.604601   5.610175   0.713273
11.607552   5.609835   0.715613
11.610503   5.609495   0.696483
11.613453   5.609155   0.700678
11.616404   5.608815   0.697928
11.619355   5.608475   0.702572
11.622306   5.608136   0.701444
11.625256   5.607796   0.711237
11.628207   5.607456   0.712340
11.631158   5.607117   0.702427
11.634109   5.606777   0.709603
11.637059   5.606438   0.709515
11.640010   5.606099   0.717274
11.642961   5.605759   0.710100
11.645911   5.605420   0.707040
11.648862   5.605081   0.708773
11.651813   5.604742   0.689550
11.654764   5.604403   0.712325
11.657714   5.604064   0.716962
11.660665   5.603725   0.714802
11.663616   5.603386   0.703843
11.666567   5.603047   0.700610
11.669517   5.602708   0.704663
11.672468   5.602370   0.707645
11.675419   5.602031   0.709006
11.678370   5.601692   0.714794
11.681320   5.601354   0.721569
11.684271   5.601016   0.712270
11.687222   5.600677   0.709321
11.690173   5.600339   0.707814
11.693123   5.600001   0.691743
11.696074   5.599662   0.715020
11.699025   5.599324   0.722841
11.701975   5.598986   0.718153
11.704926   5.598648   0.705346
11.707877   5.598310   0.694135
11.710828   5.597972   0.707915
11.713778   5.597634   0.698572
11.716729   5.597297   0.716216
11.719680   5.596959   0.717482
11.722631   5.596621   0.717185
11.725581   5.596284   0.715132
11.728532   5.595946   0.698386
11.731483   5.595608   0.718669
11.734434   5.595271   0.708916
11.737384   5.594934   0.721850
11.740335   5.594596   0.716048
11.743286   5.594259   0.714439
11.746237   5.593922   0.707762
11.749187   5.593585   0.705740
11.752138   5.593248   0.697215
11.755089   5.592911   0.712313
11.758040   5.592574   0.705350
11.760990   5.592237   0.706611
11.763941   5.591900   0.718944
11.766892   5.591563   0.719553
11.769842   5.591227   0.702038
11.772793   5.590890   0.700884
11.775744   5.590553   0.723194
11.778695   5.590217   0.710521
11.781645   5.589880   0.710812
11.784596   5.589544   0.707670
11.787547   5.589208   0.700644
11.790498   5.588871   0.711546
11.793448   5.588535   0.718593
11.796399   5.588199   0.706539
11.799350   5.587863   0.710985
11.802301   5.587527   0.715617
11.805251   5.587191   0.701960
11.808202   5.586855   0.709617
11.811153   5.586519   0.708794
11.814104   5.586183   0.703039
11.817054   5.585847   0.711107
11.820005   5.585512   0.701999
11.822956   5.585176   0.708272
11.825906   5.584841   0.705455
11.828857   5.584505   0.699333
11.831808   5.584170   0.708346
11.834759   5.583834   0.719849
11.837709   5.583499   0.712693
11.840660   5.583164   0.714981
11.843611   5.582828   0.701967
11.846562   5.582493   0.696350
11.849512   5.582158   0.718310
11.852463   5.581823   0.718781
11.855414   5.581488   0.714523
11.858365   5.581153   0.704291
11.861315   5.580818   0.715879
11.864266   5.580484   0.707431
11.867217   5.580149   0.702390
11.870168   5.579814   0.716359
11.873118   5.579479   0.719441
11.876069   5.579145   0.708910
11.879020   5.578810   0.710727
11.881970   5.578476   0.713112
11.884921   5.578142   0.714190
11.887872   5.577807   0.713132
11.890823   5.577473   0.709960
11.893773   5.577139   0.719306
11.896724   5.576805   0.720489
11.899675   5.576471   0.712472
11.902626   5.576137   0.717038
11.905576   5.575803   0.710914
11.908527   5.575469   0.715537
11.911478   5.575135   0.707775
11.914429   5.574801   0.705411
11.917379   5.574467   0.713550
11.920330   5.574134   0.717483
11.923281   5.573800   0.713286
11.926232   5.573466   0.718083
11.929182   5.573133   0.708035
11.932133   5.572800   0.707820
11.935084   5.572466   0.719834
11.938035   5.572133   0.725933
11.940985   5.571800   0.717262
11.943936   5.571466   0.716658
11.946887   5.571133   0.716550
11.949837   5.570800   0.716912
11.952788   5.570467   0.716337
11.955739   5.570134   0.717817
11.958690   5.569801   0.715167
11.961640   5.569468   0.711725
11.964591   5.569136   0.725003
11.967542   5.568803   0.720366
11.970493   5.568470   0.720380
11.973443   5.568138   0.707457
11.976394   5.567805   0.711138
11.979345   5.567473   0.702300
11.982296   5.567140   0.719037
11.985246   5.566808   0.727491
11.988197   5.566475   0.706953
11.991148   5.566143   0.715103
11.994099   5.565811   0.718352
11.997049   5.565479   0.703229
12.000000   5.565147   0.715563
