# Tabla NEST para RED-100 con ARGON  (Ar, retroceso ELECTRONICO)
# Uso: fondo beta de 39Ar (39Ar -> 39K + e- + nubar).  El espectro
#      beta y la actividad viven en chi2_bkg_nest.f90.
# Modelo: nestpy.LArNEST get_er_yields, E_drift=218.0 V/cm, rho=1.4
# F_er = 0.3 constante (get_fano_er no disponible) - sistematico
# E_er < 0.2 keV: EXTRAPOLACION DE MODELO (sin datos ER de LAr a esa energia)
# E_er[keV]   Qy_er[e-/keV]   F_er
# N_puntos = 4000
2.000000e-02   53.038629   0.300000
2.003661e-02   53.038620   0.300000
2.007328e-02   53.038611   0.300000
2.011003e-02   53.038602   0.300000
2.014684e-02   53.038593   0.300000
2.018371e-02   53.038584   0.300000
2.022066e-02   53.038575   0.300000
2.025767e-02   53.038566   0.300000
2.029475e-02   53.038557   0.300000
2.033190e-02   53.038547   0.300000
2.036912e-02   53.038538   0.300000
2.040640e-02   53.038529   0.300000
2.044375e-02   53.038520   0.300000
2.048118e-02   53.038510   0.300000
2.051866e-02   53.038501   0.300000
2.055622e-02   53.038492   0.300000
2.059385e-02   53.038482   0.300000
2.063155e-02   53.038473   0.300000
2.066931e-02   53.038463   0.300000
2.070714e-02   53.038454   0.300000
2.074505e-02   53.038445   0.300000
2.078302e-02   53.038435   0.300000
2.082106e-02   53.038426   0.300000
2.085917e-02   53.038416   0.300000
2.089735e-02   53.038406   0.300000
2.093561e-02   53.038397   0.300000
2.097393e-02   53.038387   0.300000
2.101232e-02   53.038377   0.300000
2.105078e-02   53.038368   0.300000
2.108931e-02   53.038358   0.300000
2.112791e-02   53.038348   0.300000
2.116659e-02   53.038339   0.300000
2.120533e-02   53.038329   0.300000
2.124415e-02   53.038319   0.300000
2.128303e-02   53.038309   0.300000
2.132199e-02   53.038299   0.300000
2.136102e-02   53.038289   0.300000
2.140012e-02   53.038279   0.300000
2.143929e-02   53.038269   0.300000
2.147853e-02   53.038259   0.300000
2.151785e-02   53.038249   0.300000
2.155724e-02   53.038239   0.300000
2.159669e-02   53.038229   0.300000
2.163623e-02   53.038219   0.300000
2.167583e-02   53.038209   0.300000
2.171551e-02   53.038199   0.300000
2.175526e-02   53.038189   0.300000
2.179508e-02   53.038179   0.300000
2.183497e-02   53.038168   0.300000
2.187494e-02   53.038158   0.300000
2.191498e-02   53.038148   0.300000
2.195509e-02   53.038138   0.300000
2.199528e-02   53.038127   0.300000
2.203554e-02   53.038117   0.300000
2.207588e-02   53.038106   0.300000
2.211628e-02   53.038096   0.300000
2.215677e-02   53.038086   0.300000
2.219732e-02   53.038075   0.300000
2.223795e-02   53.038065   0.300000
2.227866e-02   53.038054   0.300000
2.231944e-02   53.038043   0.300000
2.236029e-02   53.038033   0.300000
2.240122e-02   53.038022   0.300000
2.244223e-02   53.038012   0.300000
2.248331e-02   53.038001   0.300000
2.252446e-02   53.037990   0.300000
2.256569e-02   53.037979   0.300000
2.260699e-02   53.037969   0.300000
2.264838e-02   53.037958   0.300000
2.268983e-02   53.037947   0.300000
2.273136e-02   53.037936   0.300000
2.277297e-02   53.037925   0.300000
2.281466e-02   53.037914   0.300000
2.285642e-02   53.037903   0.300000
2.289825e-02   53.037892   0.300000
2.294017e-02   53.037881   0.300000
2.298216e-02   53.037870   0.300000
2.302423e-02   53.037859   0.300000
2.306637e-02   53.037848   0.300000
2.310859e-02   53.037837   0.300000
2.315089e-02   53.037826   0.300000
2.319327e-02   53.037814   0.300000
2.323572e-02   53.037803   0.300000
2.327825e-02   53.037792   0.300000
2.332086e-02   53.037781   0.300000
2.336355e-02   53.037769   0.300000
2.340631e-02   53.037758   0.300000
2.344916e-02   53.037747   0.300000
2.349208e-02   53.037735   0.300000
2.353508e-02   53.037724   0.300000
2.357816e-02   53.037712   0.300000
2.362132e-02   53.037701   0.300000
2.366456e-02   53.037689   0.300000
2.370787e-02   53.037677   0.300000
2.375127e-02   53.037666   0.300000
2.379474e-02   53.037654   0.300000
2.383830e-02   53.037642   0.300000
2.388193e-02   53.037631   0.300000
2.392565e-02   53.037619   0.300000
2.396944e-02   53.037607   0.300000
2.401332e-02   53.037595   0.300000
2.405727e-02   53.037583   0.300000
2.410131e-02   53.037572   0.300000
2.414542e-02   53.037560   0.300000
2.418962e-02   53.037548   0.300000
2.423390e-02   53.037536   0.300000
2.427825e-02   53.037524   0.300000
2.432269e-02   53.037512   0.300000
2.436722e-02   53.037499   0.300000
2.441182e-02   53.037487   0.300000
2.445650e-02   53.037475   0.300000
2.450127e-02   53.037463   0.300000
2.454612e-02   53.037451   0.300000
2.459105e-02   53.037438   0.300000
2.463606e-02   53.037426   0.300000
2.468115e-02   53.037414   0.300000
2.472633e-02   53.037401   0.300000
2.477159e-02   53.037389   0.300000
2.481693e-02   53.037377   0.300000
2.486236e-02   53.037364   0.300000
2.490787e-02   53.037352   0.300000
2.495346e-02   53.037339   0.300000
2.499914e-02   53.037326   0.300000
2.504490e-02   53.037314   0.300000
2.509074e-02   53.037301   0.300000
2.513667e-02   53.037288   0.300000
2.518268e-02   53.037276   0.300000
2.522877e-02   53.037263   0.300000
2.527495e-02   53.037250   0.300000
2.532122e-02   53.037237   0.300000
2.536756e-02   53.037224   0.300000
2.541400e-02   53.037211   0.300000
2.546052e-02   53.037198   0.300000
2.550712e-02   53.037185   0.300000
2.555381e-02   53.037172   0.300000
2.560058e-02   53.037159   0.300000
2.564744e-02   53.037146   0.300000
2.569439e-02   53.037133   0.300000
2.574142e-02   53.037120   0.300000
2.578854e-02   53.037107   0.300000
2.583574e-02   53.037093   0.300000
2.588304e-02   53.037080   0.300000
2.593041e-02   53.037067   0.300000
2.597788e-02   53.037053   0.300000
2.602543e-02   53.037040   0.300000
2.607307e-02   53.037026   0.300000
2.612079e-02   53.037013   0.300000
2.616860e-02   53.036999   0.300000
2.621650e-02   53.036986   0.300000
2.626449e-02   53.036972   0.300000
2.631257e-02   53.036959   0.300000
2.636073e-02   53.036945   0.300000
2.640898e-02   53.036931   0.300000
2.645732e-02   53.036917   0.300000
2.650575e-02   53.036903   0.300000
2.655427e-02   53.036890   0.300000
2.660287e-02   53.036876   0.300000
2.665157e-02   53.036862   0.300000
2.670035e-02   53.036848   0.300000
2.674922e-02   53.036834   0.300000
2.679819e-02   53.036820   0.300000
2.684724e-02   53.036806   0.300000
2.689638e-02   53.036791   0.300000
2.694561e-02   53.036777   0.300000
2.699494e-02   53.036763   0.300000
2.704435e-02   53.036749   0.300000
2.709385e-02   53.036734   0.300000
2.714344e-02   53.036720   0.300000
2.719313e-02   53.036706   0.300000
2.724290e-02   53.036691   0.300000
2.729277e-02   53.036677   0.300000
2.734273e-02   53.036662   0.300000
2.739278e-02   53.036648   0.300000
2.744292e-02   53.036633   0.300000
2.749315e-02   53.036618   0.300000
2.754348e-02   53.036604   0.300000
2.759389e-02   53.036589   0.300000
2.764440e-02   53.036574   0.300000
2.769500e-02   53.036559   0.300000
2.774570e-02   53.036544   0.300000
2.779648e-02   53.036529   0.300000
2.784736e-02   53.036514   0.300000
2.789834e-02   53.036499   0.300000
2.794940e-02   53.036484   0.300000
2.800056e-02   53.036469   0.300000
2.805181e-02   53.036454   0.300000
2.810316e-02   53.036439   0.300000
2.815460e-02   53.036424   0.300000
2.820614e-02   53.036408   0.300000
2.825777e-02   53.036393   0.300000
2.830949e-02   53.036378   0.300000
2.836131e-02   53.036362   0.300000
2.841322e-02   53.036347   0.300000
2.846523e-02   53.036331   0.300000
2.851734e-02   53.036316   0.300000
2.856953e-02   53.036300   0.300000
2.862183e-02   53.036284   0.300000
2.867422e-02   53.036269   0.300000
2.872671e-02   53.036253   0.300000
2.877929e-02   53.036237   0.300000
2.883197e-02   53.036221   0.300000
2.888474e-02   53.036205   0.300000
2.893761e-02   53.036189   0.300000
2.899058e-02   53.036173   0.300000
2.904365e-02   53.036157   0.300000
2.909681e-02   53.036141   0.300000
2.915007e-02   53.036125   0.300000
2.920343e-02   53.036109   0.300000
2.925688e-02   53.036093   0.300000
2.931043e-02   53.036076   0.300000
2.936409e-02   53.036060   0.300000
2.941783e-02   53.036044   0.300000
2.947168e-02   53.036027   0.300000
2.952563e-02   53.036011   0.300000
2.957967e-02   53.035994   0.300000
2.963382e-02   53.035978   0.300000
2.968806e-02   53.035961   0.300000
2.974240e-02   53.035944   0.300000
2.979684e-02   53.035927   0.300000
2.985138e-02   53.035911   0.300000
2.990603e-02   53.035894   0.300000
2.996077e-02   53.035877   0.300000
3.001561e-02   53.035860   0.300000
3.007055e-02   53.035843   0.300000
3.012559e-02   53.035826   0.300000
3.018073e-02   53.035809   0.300000
3.023598e-02   53.035792   0.300000
3.029132e-02   53.035774   0.300000
3.034677e-02   53.035757   0.300000
3.040232e-02   53.035740   0.300000
3.045797e-02   53.035722   0.300000
3.051372e-02   53.035705   0.300000
3.056957e-02   53.035688   0.300000
3.062553e-02   53.035670   0.300000
3.068159e-02   53.035652   0.300000
3.073775e-02   53.035635   0.300000
3.079401e-02   53.035617   0.300000
3.085038e-02   53.035599   0.300000
3.090685e-02   53.035581   0.300000
3.096342e-02   53.035564   0.300000
3.102010e-02   53.035546   0.300000
3.107688e-02   53.035528   0.300000
3.113376e-02   53.035510   0.300000
3.119075e-02   53.035492   0.300000
3.124784e-02   53.035473   0.300000
3.130504e-02   53.035455   0.300000
3.136234e-02   53.035437   0.300000
3.141975e-02   53.035419   0.300000
3.147726e-02   53.035400   0.300000
3.153488e-02   53.035382   0.300000
3.159260e-02   53.035363   0.300000
3.165043e-02   53.035345   0.300000
3.170836e-02   53.035326   0.300000
3.176640e-02   53.035308   0.300000
3.182455e-02   53.035289   0.300000
3.188280e-02   53.035270   0.300000
3.194116e-02   53.035251   0.300000
3.199962e-02   53.035232   0.300000
3.205820e-02   53.035213   0.300000
3.211688e-02   53.035194   0.300000
3.217567e-02   53.035175   0.300000
3.223456e-02   53.035156   0.300000
3.229357e-02   53.035137   0.300000
3.235268e-02   53.035118   0.300000
3.241190e-02   53.035098   0.300000
3.247122e-02   53.035079   0.300000
3.253066e-02   53.035059   0.300000
3.259021e-02   53.035040   0.300000
3.264986e-02   53.035020   0.300000
3.270962e-02   53.035001   0.300000
3.276950e-02   53.034981   0.300000
3.282948e-02   53.034961   0.300000
3.288957e-02   53.034941   0.300000
3.294977e-02   53.034922   0.300000
3.301009e-02   53.034902   0.300000
3.307051e-02   53.034882   0.300000
3.313104e-02   53.034861   0.300000
3.319169e-02   53.034841   0.300000
3.325244e-02   53.034821   0.300000
3.331331e-02   53.034801   0.300000
3.337429e-02   53.034781   0.300000
3.343538e-02   53.034760   0.300000
3.349658e-02   53.034740   0.300000
3.355789e-02   53.034719   0.300000
3.361932e-02   53.034699   0.300000
3.368085e-02   53.034678   0.300000
3.374250e-02   53.034657   0.300000
3.380427e-02   53.034636   0.300000
3.386614e-02   53.034615   0.300000
3.392813e-02   53.034595   0.300000
3.399024e-02   53.034574   0.300000
3.405245e-02   53.034552   0.300000
3.411478e-02   53.034531   0.300000
3.417723e-02   53.034510   0.300000
3.423979e-02   53.034489   0.300000
3.430246e-02   53.034467   0.300000
3.436525e-02   53.034446   0.300000
3.442815e-02   53.034425   0.300000
3.449117e-02   53.034403   0.300000
3.455431e-02   53.034381   0.300000
3.461756e-02   53.034360   0.300000
3.468092e-02   53.034338   0.300000
3.474440e-02   53.034316   0.300000
3.480800e-02   53.034294   0.300000
3.487171e-02   53.034272   0.300000
3.493554e-02   53.034250   0.300000
3.499949e-02   53.034228   0.300000
3.506356e-02   53.034206   0.300000
3.512774e-02   53.034184   0.300000
3.519204e-02   53.034161   0.300000
3.525645e-02   53.034139   0.300000
3.532099e-02   53.034116   0.300000
3.538564e-02   53.034094   0.300000
3.545041e-02   53.034071   0.300000
3.551530e-02   53.034048   0.300000
3.558031e-02   53.034026   0.300000
3.564544e-02   53.034003   0.300000
3.571068e-02   53.033980   0.300000
3.577605e-02   53.033957   0.300000
3.584154e-02   53.033934   0.300000
3.590714e-02   53.033911   0.300000
3.597287e-02   53.033887   0.300000
3.603871e-02   53.033864   0.300000
3.610468e-02   53.033841   0.300000
3.617077e-02   53.033817   0.300000
3.623698e-02   53.033794   0.300000
3.630330e-02   53.033770   0.300000
3.636976e-02   53.033746   0.300000
3.643633e-02   53.033723   0.300000
3.650302e-02   53.033699   0.300000
3.656984e-02   53.033675   0.300000
3.663678e-02   53.033651   0.300000
3.670384e-02   53.033627   0.300000
3.677102e-02   53.033602   0.300000
3.683833e-02   53.033578   0.300000
3.690576e-02   53.033554   0.300000
3.697331e-02   53.033529   0.300000
3.704099e-02   53.033505   0.300000
3.710879e-02   53.033480   0.300000
3.717672e-02   53.033456   0.300000
3.724477e-02   53.033431   0.300000
3.731294e-02   53.033406   0.300000
3.738124e-02   53.033381   0.300000
3.744966e-02   53.033356   0.300000
3.751821e-02   53.033331   0.300000
3.758689e-02   53.033306   0.300000
3.765569e-02   53.033281   0.300000
3.772461e-02   53.033255   0.300000
3.779367e-02   53.033230   0.300000
3.786285e-02   53.033204   0.300000
3.793215e-02   53.033179   0.300000
3.800158e-02   53.033153   0.300000
3.807114e-02   53.033127   0.300000
3.814083e-02   53.033101   0.300000
3.821064e-02   53.033075   0.300000
3.828059e-02   53.033049   0.300000
3.835066e-02   53.033023   0.300000
3.842085e-02   53.032997   0.300000
3.849118e-02   53.032971   0.300000
3.856164e-02   53.032944   0.300000
3.863222e-02   53.032918   0.300000
3.870294e-02   53.032891   0.300000
3.877378e-02   53.032865   0.300000
3.884475e-02   53.032838   0.300000
3.891585e-02   53.032811   0.300000
3.898709e-02   53.032784   0.300000
3.905845e-02   53.032757   0.300000
3.912995e-02   53.032730   0.300000
3.920157e-02   53.032703   0.300000
3.927333e-02   53.032675   0.300000
3.934521e-02   53.032648   0.300000
3.941723e-02   53.032620   0.300000
3.948938e-02   53.032593   0.300000
3.956167e-02   53.032565   0.300000
3.963408e-02   53.032537   0.300000
3.970663e-02   53.032510   0.300000
3.977931e-02   53.032482   0.300000
3.985212e-02   53.032453   0.300000
3.992507e-02   53.032425   0.300000
3.999815e-02   53.032397   0.300000
4.007136e-02   53.032369   0.300000
4.014471e-02   53.032340   0.300000
4.021819e-02   53.032312   0.300000
4.029181e-02   53.032283   0.300000
4.036556e-02   53.032254   0.300000
4.043945e-02   53.032225   0.300000
4.051347e-02   53.032196   0.300000
4.058763e-02   53.032167   0.300000
4.066192e-02   53.032138   0.300000
4.073635e-02   53.032109   0.300000
4.081091e-02   53.032080   0.300000
4.088562e-02   53.032050   0.300000
4.096046e-02   53.032020   0.300000
4.103543e-02   53.031991   0.300000
4.111054e-02   53.031961   0.300000
4.118579e-02   53.031931   0.300000
4.126118e-02   53.031901   0.300000
4.133671e-02   53.031871   0.300000
4.141237e-02   53.031841   0.300000
4.148817e-02   53.031811   0.300000
4.156412e-02   53.031780   0.300000
4.164020e-02   53.031750   0.300000
4.171642e-02   53.031719   0.300000
4.179277e-02   53.031688   0.300000
4.186927e-02   53.031657   0.300000
4.194591e-02   53.031626   0.300000
4.202269e-02   53.031595   0.300000
4.209961e-02   53.031564   0.300000
4.217667e-02   53.031533   0.300000
4.225387e-02   53.031502   0.300000
4.233122e-02   53.031470   0.300000
4.240870e-02   53.031438   0.300000
4.248633e-02   53.031407   0.300000
4.256410e-02   53.031375   0.300000
4.264201e-02   53.031343   0.300000
4.272006e-02   53.031311   0.300000
4.279826e-02   53.031279   0.300000
4.287660e-02   53.031246   0.300000
4.295508e-02   53.031214   0.300000
4.303371e-02   53.031181   0.300000
4.311248e-02   53.031149   0.300000
4.319139e-02   53.031116   0.300000
4.327045e-02   53.031083   0.300000
4.334965e-02   53.031050   0.300000
4.342900e-02   53.031017   0.300000
4.350850e-02   53.030984   0.300000
4.358814e-02   53.030950   0.300000
4.366792e-02   53.030917   0.300000
4.374785e-02   53.030883   0.300000
4.382793e-02   53.030850   0.300000
4.390815e-02   53.030816   0.300000
4.398853e-02   53.030782   0.300000
4.406904e-02   53.030748   0.300000
4.414971e-02   53.030713   0.300000
4.423052e-02   53.030679   0.300000
4.431148e-02   53.030645   0.300000
4.439259e-02   53.030610   0.300000
4.447385e-02   53.030575   0.300000
4.455526e-02   53.030541   0.300000
4.463681e-02   53.030506   0.300000
4.471852e-02   53.030471   0.300000
4.480037e-02   53.030435   0.300000
4.488238e-02   53.030400   0.300000
4.496453e-02   53.030364   0.300000
4.504684e-02   53.030329   0.300000
4.512929e-02   53.030293   0.300000
4.521190e-02   53.030257   0.300000
4.529465e-02   53.030221   0.300000
4.537756e-02   53.030185   0.300000
4.546062e-02   53.030149   0.300000
4.554384e-02   53.030113   0.300000
4.562720e-02   53.030076   0.300000
4.571072e-02   53.030039   0.300000
4.579439e-02   53.030003   0.300000
4.587821e-02   53.029966   0.300000
4.596219e-02   53.029929   0.300000
4.604632e-02   53.029891   0.300000
4.613061e-02   53.029854   0.300000
4.621505e-02   53.029817   0.300000
4.629964e-02   53.029779   0.300000
4.638439e-02   53.029741   0.300000
4.646929e-02   53.029703   0.300000
4.655435e-02   53.029665   0.300000
4.663956e-02   53.029627   0.300000
4.672494e-02   53.029589   0.300000
4.681046e-02   53.029550   0.300000
4.689615e-02   53.029512   0.300000
4.698199e-02   53.029473   0.300000
4.706798e-02   53.029434   0.300000
4.715414e-02   53.029395   0.300000
4.724045e-02   53.029356   0.300000
4.732692e-02   53.029317   0.300000
4.741355e-02   53.029277   0.300000
4.750034e-02   53.029238   0.300000
4.758728e-02   53.029198   0.300000
4.767439e-02   53.029158   0.300000
4.776166e-02   53.029118   0.300000
4.784908e-02   53.029078   0.300000
4.793666e-02   53.029037   0.300000
4.802441e-02   53.028997   0.300000
4.811231e-02   53.028956   0.300000
4.820038e-02   53.028915   0.300000
4.828861e-02   53.028874   0.300000
4.837700e-02   53.028833   0.300000
4.846555e-02   53.028792   0.300000
4.855426e-02   53.028750   0.300000
4.864314e-02   53.028709   0.300000
4.873218e-02   53.028667   0.300000
4.882138e-02   53.028625   0.300000
4.891074e-02   53.028583   0.300000
4.900027e-02   53.028541   0.300000
4.908996e-02   53.028498   0.300000
4.917982e-02   53.028456   0.300000
4.926984e-02   53.028413   0.300000
4.936002e-02   53.028370   0.300000
4.945037e-02   53.028327   0.300000
4.954089e-02   53.028284   0.300000
4.963157e-02   53.028241   0.300000
4.972242e-02   53.028197   0.300000
4.981343e-02   53.028153   0.300000
4.990461e-02   53.028110   0.300000
4.999596e-02   53.028065   0.300000
5.008747e-02   53.028021   0.300000
5.017916e-02   53.027977   0.300000
5.027100e-02   53.027932   0.300000
5.036302e-02   53.027888   0.300000
5.045521e-02   53.027843   0.300000
5.054756e-02   53.027798   0.300000
5.064009e-02   53.027752   0.300000
5.073278e-02   53.027707   0.300000
5.082564e-02   53.027661   0.300000
5.091868e-02   53.027616   0.300000
5.101188e-02   53.027570   0.300000
5.110525e-02   53.027524   0.300000
5.119880e-02   53.027477   0.300000
5.129252e-02   53.027431   0.300000
5.138640e-02   53.027384   0.300000
5.148046e-02   53.027337   0.300000
5.157469e-02   53.027290   0.300000
5.166910e-02   53.027243   0.300000
5.176368e-02   53.027196   0.300000
5.185843e-02   53.027148   0.300000
5.195335e-02   53.027100   0.300000
5.204845e-02   53.027053   0.300000
5.214372e-02   53.027004   0.300000
5.223916e-02   53.026956   0.300000
5.233478e-02   53.026908   0.300000
5.243058e-02   53.026859   0.300000
5.252655e-02   53.026810   0.300000
5.262270e-02   53.026761   0.300000
5.271902e-02   53.026712   0.300000
5.281552e-02   53.026662   0.300000
5.291219e-02   53.026613   0.300000
5.300905e-02   53.026563   0.300000
5.310608e-02   53.026513   0.300000
5.320328e-02   53.026462   0.300000
5.330067e-02   53.026412   0.300000
5.339823e-02   53.026361   0.300000
5.349597e-02   53.026310   0.300000
5.359389e-02   53.026259   0.300000
5.369199e-02   53.026208   0.300000
5.379027e-02   53.026157   0.300000
5.388873e-02   53.026105   0.300000
5.398737e-02   53.026053   0.300000
5.408619e-02   53.026001   0.300000
5.418520e-02   53.025949   0.300000
5.428438e-02   53.025896   0.300000
5.438374e-02   53.025844   0.300000
5.448329e-02   53.025791   0.300000
5.458302e-02   53.025738   0.300000
5.468293e-02   53.025684   0.300000
5.478302e-02   53.025631   0.300000
5.488330e-02   53.025577   0.300000
5.498376e-02   53.025523   0.300000
5.508440e-02   53.025469   0.300000
5.518523e-02   53.025415   0.300000
5.528624e-02   53.025360   0.300000
5.538744e-02   53.025305   0.300000
5.548882e-02   53.025250   0.300000
5.559039e-02   53.025195   0.300000
5.569215e-02   53.025139   0.300000
5.579409e-02   53.025083   0.300000
5.589622e-02   53.025028   0.300000
5.599853e-02   53.024971   0.300000
5.610103e-02   53.024915   0.300000
5.620372e-02   53.024858   0.300000
5.630660e-02   53.024801   0.300000
5.640966e-02   53.024744   0.300000
5.651292e-02   53.024687   0.300000
5.661636e-02   53.024629   0.300000
5.671999e-02   53.024572   0.300000
5.682382e-02   53.024514   0.300000
5.692783e-02   53.024455   0.300000
5.703203e-02   53.024397   0.300000
5.713642e-02   53.024338   0.300000
5.724101e-02   53.024279   0.300000
5.734579e-02   53.024220   0.300000
5.745075e-02   53.024160   0.300000
5.755591e-02   53.024101   0.300000
5.766127e-02   53.024041   0.300000
5.776681e-02   53.023981   0.300000
5.787255e-02   53.023920   0.300000
5.797848e-02   53.023859   0.300000
5.808461e-02   53.023798   0.300000
5.819093e-02   53.023737   0.300000
5.829744e-02   53.023676   0.300000
5.840415e-02   53.023614   0.300000
5.851106e-02   53.023552   0.300000
5.861816e-02   53.023490   0.300000
5.872545e-02   53.023427   0.300000
5.883295e-02   53.023365   0.300000
5.894064e-02   53.023302   0.300000
5.904852e-02   53.023238   0.300000
5.915661e-02   53.023175   0.300000
5.926489e-02   53.023111   0.300000
5.937337e-02   53.023047   0.300000
5.948205e-02   53.022983   0.300000
5.959093e-02   53.022918   0.300000
5.970001e-02   53.022853   0.300000
5.980928e-02   53.022788   0.300000
5.991876e-02   53.022723   0.300000
6.002844e-02   53.022657   0.300000
6.013832e-02   53.022591   0.300000
6.024839e-02   53.022525   0.300000
6.035868e-02   53.022459   0.300000
6.046916e-02   53.022392   0.300000
6.057984e-02   53.022325   0.300000
6.069073e-02   53.022257   0.300000
6.080182e-02   53.022190   0.300000
6.091312e-02   53.022122   0.300000
6.102461e-02   53.022054   0.300000
6.113631e-02   53.021985   0.300000
6.124822e-02   53.021916   0.300000
6.136033e-02   53.021847   0.300000
6.147265e-02   53.021778   0.300000
6.158517e-02   53.021708   0.300000
6.169790e-02   53.021638   0.300000
6.181083e-02   53.021568   0.300000
6.192397e-02   53.021498   0.300000
6.203732e-02   53.021427   0.300000
6.215087e-02   53.021356   0.300000
6.226464e-02   53.021284   0.300000
6.237861e-02   53.021212   0.300000
6.249279e-02   53.021140   0.300000
6.260718e-02   53.021068   0.300000
6.272178e-02   53.020995   0.300000
6.283658e-02   53.020922   0.300000
6.295160e-02   53.020849   0.300000
6.306683e-02   53.020775   0.300000
6.318227e-02   53.020701   0.300000
6.329792e-02   53.020627   0.300000
6.341379e-02   53.020553   0.300000
6.352986e-02   53.020478   0.300000
6.364615e-02   53.020403   0.300000
6.376265e-02   53.020327   0.300000
6.387936e-02   53.020251   0.300000
6.399629e-02   53.020175   0.300000
6.411343e-02   53.020099   0.300000
6.423078e-02   53.020022   0.300000
6.434836e-02   53.019944   0.300000
6.446614e-02   53.019867   0.300000
6.458414e-02   53.019789   0.300000
6.470236e-02   53.019711   0.300000
6.482079e-02   53.019632   0.300000
6.493944e-02   53.019554   0.300000
6.505831e-02   53.019474   0.300000
6.517740e-02   53.019395   0.300000
6.529670e-02   53.019315   0.300000
6.541622e-02   53.019235   0.300000
6.553596e-02   53.019154   0.300000
6.565592e-02   53.019073   0.300000
6.577610e-02   53.018992   0.300000
6.589650e-02   53.018910   0.300000
6.601712e-02   53.018828   0.300000
6.613796e-02   53.018746   0.300000
6.625902e-02   53.018663   0.300000
6.638030e-02   53.018580   0.300000
6.650181e-02   53.018496   0.300000
6.662353e-02   53.018412   0.300000
6.674548e-02   53.018328   0.300000
6.686766e-02   53.018244   0.300000
6.699005e-02   53.018159   0.300000
6.711267e-02   53.018073   0.300000
6.723552e-02   53.017988   0.300000
6.735859e-02   53.017901   0.300000
6.748189e-02   53.017815   0.300000
6.760541e-02   53.017728   0.300000
6.772915e-02   53.017641   0.300000
6.785313e-02   53.017553   0.300000
6.797733e-02   53.017465   0.300000
6.810176e-02   53.017377   0.300000
6.822641e-02   53.017288   0.300000
6.835130e-02   53.017199   0.300000
6.847641e-02   53.017109   0.300000
6.860175e-02   53.017019   0.300000
6.872732e-02   53.016929   0.300000
6.885312e-02   53.016838   0.300000
6.897915e-02   53.016747   0.300000
6.910542e-02   53.016655   0.300000
6.923191e-02   53.016563   0.300000
6.935863e-02   53.016470   0.300000
6.948559e-02   53.016378   0.300000
6.961278e-02   53.016284   0.300000
6.974020e-02   53.016191   0.300000
6.986786e-02   53.016096   0.300000
6.999574e-02   53.016002   0.300000
7.012387e-02   53.015907   0.300000
7.025222e-02   53.015811   0.300000
7.038082e-02   53.015716   0.300000
7.050964e-02   53.015619   0.300000
7.063871e-02   53.015522   0.300000
7.076801e-02   53.015425   0.300000
7.089754e-02   53.015328   0.300000
7.102732e-02   53.015230   0.300000
7.115733e-02   53.015131   0.300000
7.128758e-02   53.015032   0.300000
7.141806e-02   53.014933   0.300000
7.154879e-02   53.014833   0.300000
7.167975e-02   53.014732   0.300000
7.181096e-02   53.014632   0.300000
7.194241e-02   53.014530   0.300000
7.207409e-02   53.014429   0.300000
7.220602e-02   53.014327   0.300000
7.233819e-02   53.014224   0.300000
7.247060e-02   53.014121   0.300000
7.260325e-02   53.014017   0.300000
7.273615e-02   53.013913   0.300000
7.286928e-02   53.013809   0.300000
7.300267e-02   53.013703   0.300000
7.313629e-02   53.013598   0.300000
7.327016e-02   53.013492   0.300000
7.340428e-02   53.013385   0.300000
7.353864e-02   53.013278   0.300000
7.367325e-02   53.013171   0.300000
7.380810e-02   53.013063   0.300000
7.394321e-02   53.012954   0.300000
7.407855e-02   53.012845   0.300000
7.421415e-02   53.012736   0.300000
7.434999e-02   53.012626   0.300000
7.448609e-02   53.012515   0.300000
7.462243e-02   53.012404   0.300000
7.475902e-02   53.012293   0.300000
7.489586e-02   53.012181   0.300000
7.503295e-02   53.012068   0.300000
7.517030e-02   53.011955   0.300000
7.530789e-02   53.011841   0.300000
7.544574e-02   53.011727   0.300000
7.558384e-02   53.011612   0.300000
7.572219e-02   53.011497   0.300000
7.586079e-02   53.011381   0.300000
7.599965e-02   53.011265   0.300000
7.613876e-02   53.011148   0.300000
7.627813e-02   53.011030   0.300000
7.641775e-02   53.010912   0.300000
7.655763e-02   53.010794   0.300000
7.669776e-02   53.010674   0.300000
7.683815e-02   53.010555   0.300000
7.697880e-02   53.010434   0.300000
7.711971e-02   53.010313   0.300000
7.726087e-02   53.010192   0.300000
7.740229e-02   53.010070   0.300000
7.754397e-02   53.009947   0.300000
7.768591e-02   53.009824   0.300000
7.782811e-02   53.009700   0.300000
7.797057e-02   53.009576   0.300000
7.811329e-02   53.009451   0.300000
7.825627e-02   53.009325   0.300000
7.839951e-02   53.009199   0.300000
7.854302e-02   53.009072   0.300000
7.868679e-02   53.008945   0.300000
7.883082e-02   53.008817   0.300000
7.897511e-02   53.008688   0.300000
7.911967e-02   53.008559   0.300000
7.926449e-02   53.008429   0.300000
7.940958e-02   53.008299   0.300000
7.955494e-02   53.008168   0.300000
7.970056e-02   53.008036   0.300000
7.984644e-02   53.007903   0.300000
7.999260e-02   53.007770   0.300000
8.013902e-02   53.007637   0.300000
8.028571e-02   53.007502   0.300000
8.043266e-02   53.007367   0.300000
8.057989e-02   53.007232   0.300000
8.072739e-02   53.007095   0.300000
8.087515e-02   53.006959   0.300000
8.102319e-02   53.006821   0.300000
8.117150e-02   53.006683   0.300000
8.132008e-02   53.006544   0.300000
8.146893e-02   53.006404   0.300000
8.161805e-02   53.006264   0.300000
8.176745e-02   53.006122   0.300000
8.191712e-02   53.005981   0.300000
8.206706e-02   53.005838   0.300000
8.221728e-02   53.005695   0.300000
8.236778e-02   53.005551   0.300000
8.251854e-02   53.005407   0.300000
8.266959e-02   53.005262   0.300000
8.282091e-02   53.005116   0.300000
8.297251e-02   53.004969   0.300000
8.312438e-02   53.004821   0.300000
8.327654e-02   53.004673   0.300000
8.342897e-02   53.004524   0.300000
8.358168e-02   53.004375   0.300000
8.373467e-02   53.004224   0.300000
8.388794e-02   53.004073   0.300000
8.404150e-02   53.003921   0.300000
8.419533e-02   53.003769   0.300000
8.434944e-02   53.003615   0.300000
8.450384e-02   53.003461   0.300000
8.465852e-02   53.003306   0.300000
8.481348e-02   53.003151   0.300000
8.496872e-02   53.002994   0.300000
8.512425e-02   53.002837   0.300000
8.528007e-02   53.002679   0.300000
8.543617e-02   53.002520   0.300000
8.559255e-02   53.002360   0.300000
8.574923e-02   53.002200   0.300000
8.590618e-02   53.002039   0.300000
8.606343e-02   53.001877   0.300000
8.622096e-02   53.001714   0.300000
8.637879e-02   53.001550   0.300000
8.653690e-02   53.001385   0.300000
8.669530e-02   53.001220   0.300000
8.685399e-02   53.001054   0.300000
8.701297e-02   53.000887   0.300000
8.717224e-02   53.000719   0.300000
8.733180e-02   53.000550   0.300000
8.749166e-02   53.000381   0.300000
8.765180e-02   53.000210   0.300000
8.781225e-02   53.000039   0.300000
8.797298e-02   52.999867   0.300000
8.813401e-02   52.999693   0.300000
8.829533e-02   52.999519   0.300000
8.845695e-02   52.999345   0.300000
8.861887e-02   52.999169   0.300000
8.878108e-02   52.998992   0.300000
8.894359e-02   52.998815   0.300000
8.910639e-02   52.998636   0.300000
8.926949e-02   52.998457   0.300000
8.943290e-02   52.998276   0.300000
8.959660e-02   52.998095   0.300000
8.976060e-02   52.997913   0.300000
8.992490e-02   52.997730   0.300000
9.008950e-02   52.997546   0.300000
9.025440e-02   52.997361   0.300000
9.041961e-02   52.997175   0.300000
9.058512e-02   52.996988   0.300000
9.075093e-02   52.996800   0.300000
9.091704e-02   52.996611   0.300000
9.108346e-02   52.996421   0.300000
9.125018e-02   52.996230   0.300000
9.141721e-02   52.996038   0.300000
9.158454e-02   52.995846   0.300000
9.175218e-02   52.995652   0.300000
9.192013e-02   52.995457   0.300000
9.208838e-02   52.995261   0.300000
9.225694e-02   52.995064   0.300000
9.242581e-02   52.994866   0.300000
9.259499e-02   52.994667   0.300000
9.276448e-02   52.994467   0.300000
9.293428e-02   52.994266   0.300000
9.310439e-02   52.994064   0.300000
9.327481e-02   52.993861   0.300000
9.344555e-02   52.993657   0.300000
9.361659e-02   52.993451   0.300000
9.378795e-02   52.993245   0.300000
9.395962e-02   52.993037   0.300000
9.413161e-02   52.992829   0.300000
9.430391e-02   52.992619   0.300000
9.447653e-02   52.992408   0.300000
9.464946e-02   52.992196   0.300000
9.482271e-02   52.991983   0.300000
9.499628e-02   52.991769   0.300000
9.517017e-02   52.991554   0.300000
9.534437e-02   52.991337   0.300000
9.551889e-02   52.991120   0.300000
9.569373e-02   52.990901   0.300000
9.586889e-02   52.990681   0.300000
9.604437e-02   52.990460   0.300000
9.622018e-02   52.990237   0.300000
9.639630e-02   52.990014   0.300000
9.657275e-02   52.989789   0.300000
9.674952e-02   52.989563   0.300000
9.692661e-02   52.989336   0.300000
9.710403e-02   52.989108   0.300000
9.728177e-02   52.988878   0.300000
9.745984e-02   52.988647   0.300000
9.763824e-02   52.988415   0.300000
9.781696e-02   52.988182   0.300000
9.799600e-02   52.987948   0.300000
9.817538e-02   52.987712   0.300000
9.835508e-02   52.987475   0.300000
9.853512e-02   52.987236   0.300000
9.871548e-02   52.986997   0.300000
9.889617e-02   52.986756   0.300000
9.907719e-02   52.986513   0.300000
9.925855e-02   52.986270   0.300000
9.944023e-02   52.986025   0.300000
9.962225e-02   52.985778   0.300000
9.980460e-02   52.985531   0.300000
9.998729e-02   52.985282   0.300000
1.001703e-01   52.985032   0.300000
1.003537e-01   52.984780   0.300000
1.005374e-01   52.984527   0.300000
1.007214e-01   52.984272   0.300000
1.009057e-01   52.984016   0.300000
1.010904e-01   52.983759   0.300000
1.012755e-01   52.983500   0.300000
1.014609e-01   52.983240   0.300000
1.016466e-01   52.982979   0.300000
1.018326e-01   52.982716   0.300000
1.020190e-01   52.982451   0.300000
1.022058e-01   52.982186   0.300000
1.023929e-01   52.981918   0.300000
1.025803e-01   52.981649   0.300000
1.027681e-01   52.981379   0.300000
1.029562e-01   52.981107   0.300000
1.031446e-01   52.980834   0.300000
1.033334e-01   52.980559   0.300000
1.035226e-01   52.980283   0.300000
1.037121e-01   52.980005   0.300000
1.039019e-01   52.979725   0.300000
1.040921e-01   52.979444   0.300000
1.042826e-01   52.979162   0.300000
1.044735e-01   52.978877   0.300000
1.046647e-01   52.978592   0.300000
1.048563e-01   52.978304   0.300000
1.050482e-01   52.978015   0.300000
1.052405e-01   52.977725   0.300000
1.054332e-01   52.977433   0.300000
1.056261e-01   52.977139   0.300000
1.058195e-01   52.976843   0.300000
1.060132e-01   52.976546   0.300000
1.062072e-01   52.976247   0.300000
1.064016e-01   52.975947   0.300000
1.065964e-01   52.975644   0.300000
1.067915e-01   52.975340   0.300000
1.069870e-01   52.975035   0.300000
1.071828e-01   52.974727   0.300000
1.073790e-01   52.974418   0.300000
1.075756e-01   52.974107   0.300000
1.077725e-01   52.973795   0.300000
1.079698e-01   52.973480   0.300000
1.081674e-01   52.973164   0.300000
1.083654e-01   52.972846   0.300000
1.085637e-01   52.972526   0.300000
1.087625e-01   52.972204   0.300000
1.089615e-01   52.971881   0.300000
1.091610e-01   52.971555   0.300000
1.093608e-01   52.971228   0.300000
1.095610e-01   52.970899   0.300000
1.097615e-01   52.970568   0.300000
1.099624e-01   52.970235   0.300000
1.101637e-01   52.969900   0.300000
1.103654e-01   52.969564   0.300000
1.105674e-01   52.969225   0.300000
1.107698e-01   52.968884   0.300000
1.109725e-01   52.968542   0.300000
1.111756e-01   52.968197   0.300000
1.113791e-01   52.967851   0.300000
1.115830e-01   52.967502   0.300000
1.117873e-01   52.967152   0.300000
1.119919e-01   52.966799   0.300000
1.121969e-01   52.966444   0.300000
1.124022e-01   52.966088   0.300000
1.126080e-01   52.965729   0.300000
1.128141e-01   52.965368   0.300000
1.130206e-01   52.965005   0.300000
1.132275e-01   52.964640   0.300000
1.134347e-01   52.964273   0.300000
1.136424e-01   52.963903   0.300000
1.138504e-01   52.963532   0.300000
1.140588e-01   52.963158   0.300000
1.142676e-01   52.962782   0.300000
1.144767e-01   52.962404   0.300000
1.146863e-01   52.962024   0.300000
1.148962e-01   52.961641   0.300000
1.151065e-01   52.961256   0.300000
1.153172e-01   52.960869   0.300000
1.155283e-01   52.960480   0.300000
1.157397e-01   52.960088   0.300000
1.159516e-01   52.959694   0.300000
1.161638e-01   52.959298   0.300000
1.163765e-01   52.958899   0.300000
1.165895e-01   52.958498   0.300000
1.168029e-01   52.958095   0.300000
1.170167e-01   52.957689   0.300000
1.172309e-01   52.957281   0.300000
1.174455e-01   52.956870   0.300000
1.176604e-01   52.956457   0.300000
1.178758e-01   52.956042   0.300000
1.180916e-01   52.955624   0.300000
1.183077e-01   52.955203   0.300000
1.185243e-01   52.954780   0.300000
1.187412e-01   52.954355   0.300000
1.189586e-01   52.953927   0.300000
1.191763e-01   52.953496   0.300000
1.193945e-01   52.953063   0.300000
1.196130e-01   52.952627   0.300000
1.198320e-01   52.952188   0.300000
1.200513e-01   52.951747   0.300000
1.202711e-01   52.951304   0.300000
1.204912e-01   52.950857   0.300000
1.207118e-01   52.950408   0.300000
1.209327e-01   52.949956   0.300000
1.211541e-01   52.949502   0.300000
1.213758e-01   52.949044   0.300000
1.215980e-01   52.948584   0.300000
1.218206e-01   52.948122   0.300000
1.220436e-01   52.947656   0.300000
1.222670e-01   52.947187   0.300000
1.224908e-01   52.946716   0.300000
1.227150e-01   52.946242   0.300000
1.229396e-01   52.945765   0.300000
1.231646e-01   52.945285   0.300000
1.233901e-01   52.944802   0.300000
1.236159e-01   52.944316   0.300000
1.238422e-01   52.943827   0.300000
1.240689e-01   52.943335   0.300000
1.242960e-01   52.942841   0.300000
1.245235e-01   52.942343   0.300000
1.247514e-01   52.941842   0.300000
1.249798e-01   52.941338   0.300000
1.252086e-01   52.940831   0.300000
1.254377e-01   52.940321   0.300000
1.256674e-01   52.939807   0.300000
1.258974e-01   52.939291   0.300000
1.261278e-01   52.938771   0.300000
1.263587e-01   52.938248   0.300000
1.265900e-01   52.937722   0.300000
1.268217e-01   52.937193   0.300000
1.270538e-01   52.936660   0.300000
1.272864e-01   52.936124   0.300000
1.275194e-01   52.935585   0.300000
1.277528e-01   52.935042   0.300000
1.279867e-01   52.934496   0.300000
1.282209e-01   52.933947   0.300000
1.284556e-01   52.933394   0.300000
1.286908e-01   52.932837   0.300000
1.289263e-01   52.932278   0.300000
1.291623e-01   52.931715   0.300000
1.293987e-01   52.931148   0.300000
1.296356e-01   52.930577   0.300000
1.298729e-01   52.930004   0.300000
1.301106e-01   52.929426   0.300000
1.303488e-01   52.928845   0.300000
1.305874e-01   52.928260   0.300000
1.308264e-01   52.927672   0.300000
1.310659e-01   52.927080   0.300000
1.313058e-01   52.926484   0.300000
1.315461e-01   52.925884   0.300000
1.317869e-01   52.925281   0.300000
1.320281e-01   52.924674   0.300000
1.322698e-01   52.924063   0.300000
1.325119e-01   52.923448   0.300000
1.327545e-01   52.922829   0.300000
1.329975e-01   52.922206   0.300000
1.332409e-01   52.921579   0.300000
1.334848e-01   52.920949   0.300000
1.337291e-01   52.920314   0.300000
1.339739e-01   52.919675   0.300000
1.342191e-01   52.919033   0.300000
1.344648e-01   52.918386   0.300000
1.347109e-01   52.917735   0.300000
1.349575e-01   52.917080   0.300000
1.352046e-01   52.916420   0.300000
1.354520e-01   52.915757   0.300000
1.357000e-01   52.915089   0.300000
1.359484e-01   52.914417   0.300000
1.361972e-01   52.913741   0.300000
1.364465e-01   52.913060   0.300000
1.366963e-01   52.912375   0.300000
1.369465e-01   52.911685   0.300000
1.371972e-01   52.910991   0.300000
1.374483e-01   52.910293   0.300000
1.376999e-01   52.909590   0.300000
1.379519e-01   52.908883   0.300000
1.382044e-01   52.908171   0.300000
1.384574e-01   52.907454   0.300000
1.387108e-01   52.906733   0.300000
1.389647e-01   52.906007   0.300000
1.392191e-01   52.905276   0.300000
1.394739e-01   52.904541   0.300000
1.397292e-01   52.903801   0.300000
1.399850e-01   52.903056   0.300000
1.402412e-01   52.902306   0.300000
1.404979e-01   52.901551   0.300000
1.407551e-01   52.900791   0.300000
1.410128e-01   52.900027   0.300000
1.412709e-01   52.899257   0.300000
1.415295e-01   52.898483   0.300000
1.417885e-01   52.897703   0.300000
1.420481e-01   52.896918   0.300000
1.423081e-01   52.896128   0.300000
1.425686e-01   52.895333   0.300000
1.428295e-01   52.894533   0.300000
1.430910e-01   52.893727   0.300000
1.433529e-01   52.892917   0.300000
1.436153e-01   52.892100   0.300000
1.438782e-01   52.891279   0.300000
1.441415e-01   52.890452   0.300000
1.444054e-01   52.889619   0.300000
1.446697e-01   52.888781   0.300000
1.449345e-01   52.887938   0.300000
1.451998e-01   52.887089   0.300000
1.454656e-01   52.886234   0.300000
1.457318e-01   52.885374   0.300000
1.459986e-01   52.884508   0.300000
1.462658e-01   52.883636   0.300000
1.465335e-01   52.882758   0.300000
1.468018e-01   52.881875   0.300000
1.470705e-01   52.880985   0.300000
1.473397e-01   52.880090   0.300000
1.476094e-01   52.879189   0.300000
1.478796e-01   52.878282   0.300000
1.481503e-01   52.877368   0.300000
1.484214e-01   52.876449   0.300000
1.486931e-01   52.875523   0.300000
1.489653e-01   52.874591   0.300000
1.492380e-01   52.873653   0.300000
1.495111e-01   52.872709   0.300000
1.497848e-01   52.871759   0.300000
1.500590e-01   52.870801   0.300000
1.503336e-01   52.869838   0.300000
1.506088e-01   52.868868   0.300000
1.508845e-01   52.867891   0.300000
1.511607e-01   52.866908   0.300000
1.514374e-01   52.865919   0.300000
1.517146e-01   52.864922   0.300000
1.519923e-01   52.863919   0.300000
1.522705e-01   52.862909   0.300000
1.525492e-01   52.861892   0.300000
1.528284e-01   52.860869   0.300000
1.531082e-01   52.859838   0.300000
1.533884e-01   52.858800   0.300000
1.536692e-01   52.857756   0.300000
1.539505e-01   52.856704   0.300000
1.542323e-01   52.855645   0.300000
1.545146e-01   52.854579   0.300000
1.547974e-01   52.853506   0.300000
1.550808e-01   52.852425   0.300000
1.553646e-01   52.851337   0.300000
1.556490e-01   52.850241   0.300000
1.559339e-01   52.849138   0.300000
1.562193e-01   52.848027   0.300000
1.565053e-01   52.846909   0.300000
1.567918e-01   52.845783   0.300000
1.570788e-01   52.844650   0.300000
1.573663e-01   52.843508   0.300000
1.576543e-01   52.842359   0.300000
1.579429e-01   52.841202   0.300000
1.582320e-01   52.840037   0.300000
1.585217e-01   52.838864   0.300000
1.588118e-01   52.837683   0.300000
1.591025e-01   52.836493   0.300000
1.593937e-01   52.835296   0.300000
1.596855e-01   52.834090   0.300000
1.599778e-01   52.832875   0.300000
1.602706e-01   52.831653   0.300000
1.605640e-01   52.830422   0.300000
1.608579e-01   52.829182   0.300000
1.611523e-01   52.827934   0.300000
1.614473e-01   52.826677   0.300000
1.617428e-01   52.825411   0.300000
1.620389e-01   52.824137   0.300000
1.623355e-01   52.822853   0.300000
1.626326e-01   52.821561   0.300000
1.629303e-01   52.820260   0.300000
1.632286e-01   52.818949   0.300000
1.635273e-01   52.817630   0.300000
1.638267e-01   52.816301   0.300000
1.641265e-01   52.814963   0.300000
1.644270e-01   52.813616   0.300000
1.647279e-01   52.812259   0.300000
1.650295e-01   52.810893   0.300000
1.653315e-01   52.809517   0.300000
1.656342e-01   52.808131   0.300000
1.659373e-01   52.806736   0.300000
1.662411e-01   52.805330   0.300000
1.665454e-01   52.803915   0.300000
1.668502e-01   52.802490   0.300000
1.671556e-01   52.801055   0.300000
1.674616e-01   52.799610   0.300000
1.677681e-01   52.798155   0.300000
1.680752e-01   52.796689   0.300000
1.683829e-01   52.795213   0.300000
1.686911e-01   52.793726   0.300000
1.689999e-01   52.792229   0.300000
1.693092e-01   52.790722   0.300000
1.696191e-01   52.789204   0.300000
1.699296e-01   52.787674   0.300000
1.702406e-01   52.786134   0.300000
1.705522e-01   52.784584   0.300000
1.708644e-01   52.783022   0.300000
1.711772e-01   52.781449   0.300000
1.714905e-01   52.779864   0.300000
1.718044e-01   52.778269   0.300000
1.721189e-01   52.776662   0.300000
1.724339e-01   52.775044   0.300000
1.727496e-01   52.773414   0.300000
1.730658e-01   52.771772   0.300000
1.733826e-01   52.770119   0.300000
1.736999e-01   52.768453   0.300000
1.740179e-01   52.766776   0.300000
1.743364e-01   52.765087   0.300000
1.746555e-01   52.763386   0.300000
1.749752e-01   52.761673   0.300000
1.752955e-01   52.759947   0.300000
1.756164e-01   52.758209   0.300000
1.759378e-01   52.756458   0.300000
1.762599e-01   52.754695   0.300000
1.765825e-01   52.752919   0.300000
1.769057e-01   52.751130   0.300000
1.772295e-01   52.749328   0.300000
1.775539e-01   52.747514   0.300000
1.778789e-01   52.745686   0.300000
1.782045e-01   52.743845   0.300000
1.785307e-01   52.741991   0.300000
1.788575e-01   52.740123   0.300000
1.791849e-01   52.738242   0.300000
1.795129e-01   52.736347   0.300000
1.798415e-01   52.734438   0.300000
1.801707e-01   52.732516   0.300000
1.805005e-01   52.730579   0.300000
1.808309e-01   52.728629   0.300000
1.811618e-01   52.726664   0.300000
1.814935e-01   52.724685   0.300000
1.818257e-01   52.722692   0.300000
1.821585e-01   52.720684   0.300000
1.824919e-01   52.718661   0.300000
1.828260e-01   52.716624   0.300000
1.831606e-01   52.714572   0.300000
1.834959e-01   52.712505   0.300000
1.838317e-01   52.710422   0.300000
1.841682e-01   52.708325   0.300000
1.845053e-01   52.706212   0.300000
1.848431e-01   52.704084   0.300000
1.851814e-01   52.701940   0.300000
1.855204e-01   52.699780   0.300000
1.858600e-01   52.697605   0.300000
1.862002e-01   52.695414   0.300000
1.865410e-01   52.693206   0.300000
1.868824e-01   52.690983   0.300000
1.872245e-01   52.688742   0.300000
1.875672e-01   52.686486   0.300000
1.879106e-01   52.684213   0.300000
1.882545e-01   52.681923   0.300000
1.885991e-01   52.679616   0.300000
1.889443e-01   52.677293   0.300000
1.892902e-01   52.674952   0.300000
1.896367e-01   52.672594   0.300000
1.899838e-01   52.670218   0.300000
1.903315e-01   52.667825   0.300000
1.906799e-01   52.665414   0.300000
1.910289e-01   52.662986   0.300000
1.913786e-01   52.660539   0.300000
1.917289e-01   52.658074   0.300000
1.920799e-01   52.655591   0.300000
1.924314e-01   52.653090   0.300000
1.927837e-01   52.650570   0.300000
1.931366e-01   52.648032   0.300000
1.934901e-01   52.645474   0.300000
1.938443e-01   52.642898   0.300000
1.941991e-01   52.640302   0.300000
1.945545e-01   52.637687   0.300000
1.949107e-01   52.635053   0.300000
1.952674e-01   52.632399   0.300000
1.956249e-01   52.629725   0.300000
1.959829e-01   52.627032   0.300000
1.963417e-01   52.624318   0.300000
1.967011e-01   52.621584   0.300000
1.970611e-01   52.618830   0.300000
1.974218e-01   52.616055   0.300000
1.977832e-01   52.613259   0.300000
1.981452e-01   52.610443   0.300000
1.985079e-01   52.607605   0.300000
1.988713e-01   52.604747   0.300000
1.992353e-01   52.601867   0.300000
1.996000e-01   52.598965   0.300000
1.999653e-01   52.596042   0.300000
2.003314e-01   52.593096   0.300000
2.006980e-01   52.590129   0.300000
2.010654e-01   52.587139   0.300000
2.014334e-01   52.584127   0.300000
2.018022e-01   52.581093   0.300000
2.021715e-01   52.578035   0.300000
2.025416e-01   52.574955   0.300000
2.029123e-01   52.571851   0.300000
2.032838e-01   52.568725   0.300000
2.036559e-01   52.565574   0.300000
2.040286e-01   52.562400   0.300000
2.044021e-01   52.559202   0.300000
2.047762e-01   52.555980   0.300000
2.051511e-01   52.552734   0.300000
2.055266e-01   52.549463   0.300000
2.059028e-01   52.546168   0.300000
2.062797e-01   52.542848   0.300000
2.066573e-01   52.539503   0.300000
2.070355e-01   52.536132   0.300000
2.074145e-01   52.532737   0.300000
2.077942e-01   52.529315   0.300000
2.081745e-01   52.525868   0.300000
2.085556e-01   52.522394   0.300000
2.089373e-01   52.518895   0.300000
2.093198e-01   52.515369   0.300000
2.097029e-01   52.511816   0.300000
2.100868e-01   52.508237   0.300000
2.104713e-01   52.504630   0.300000
2.108566e-01   52.500996   0.300000
2.112425e-01   52.497335   0.300000
2.116292e-01   52.493646   0.300000
2.120166e-01   52.489929   0.300000
2.124046e-01   52.486183   0.300000
2.127934e-01   52.482410   0.300000
2.131829e-01   52.478608   0.300000
2.135732e-01   52.474777   0.300000
2.139641e-01   52.470917   0.300000
2.143557e-01   52.467027   0.300000
2.147481e-01   52.463109   0.300000
2.151412e-01   52.459160   0.300000
2.155350e-01   52.455182   0.300000
2.159295e-01   52.451173   0.300000
2.163248e-01   52.447134   0.300000
2.167207e-01   52.443064   0.300000
2.171174e-01   52.438963   0.300000
2.175148e-01   52.434832   0.300000
2.179130e-01   52.430668   0.300000
2.183119e-01   52.426474   0.300000
2.187115e-01   52.422247   0.300000
2.191118e-01   52.417988   0.300000
2.195129e-01   52.413697   0.300000
2.199147e-01   52.409373   0.300000
2.203172e-01   52.405016   0.300000
2.207205e-01   52.400627   0.300000
2.211245e-01   52.396203   0.300000
2.215293e-01   52.391747   0.300000
2.219348e-01   52.387256   0.300000
2.223410e-01   52.382731   0.300000
2.227480e-01   52.378172   0.300000
2.231557e-01   52.373578   0.300000
2.235642e-01   52.368949   0.300000
2.239734e-01   52.364285   0.300000
2.243834e-01   52.359585   0.300000
2.247941e-01   52.354850   0.300000
2.252056e-01   52.350078   0.300000
2.256178e-01   52.345270   0.300000
2.260308e-01   52.340426   0.300000
2.264445e-01   52.335545   0.300000
2.268590e-01   52.330626   0.300000
2.272742e-01   52.325671   0.300000
2.276902e-01   52.320677   0.300000
2.281070e-01   52.315646   0.300000
2.285245e-01   52.310576   0.300000
2.289428e-01   52.305467   0.300000
2.293619e-01   52.300320   0.300000
2.297817e-01   52.295134   0.300000
2.302023e-01   52.289908   0.300000
2.306237e-01   52.284642   0.300000
2.310459e-01   52.279337   0.300000
2.314688e-01   52.273991   0.300000
2.318925e-01   52.268604   0.300000
2.323169e-01   52.263176   0.300000
2.327422e-01   52.257707   0.300000
2.331682e-01   52.252197   0.300000
2.335950e-01   52.246644   0.300000
2.340226e-01   52.241050   0.300000
2.344509e-01   52.235413   0.300000
2.348801e-01   52.229733   0.300000
2.353100e-01   52.224010   0.300000
2.357407e-01   52.218243   0.300000
2.361722e-01   52.212433   0.300000
2.366045e-01   52.206578   0.300000
2.370376e-01   52.200679   0.300000
2.374715e-01   52.194735   0.300000
2.379062e-01   52.188747   0.300000
2.383417e-01   52.182712   0.300000
2.387779e-01   52.176632   0.300000
2.392150e-01   52.170506   0.300000
2.396529e-01   52.164334   0.300000
2.400915e-01   52.158114   0.300000
2.405310e-01   52.151848   0.300000
2.409713e-01   52.145534   0.300000
2.414124e-01   52.139172   0.300000
2.418542e-01   52.132762   0.300000
2.422969e-01   52.126304   0.300000
2.427405e-01   52.119797   0.300000
2.431848e-01   52.113240   0.300000
2.436299e-01   52.106634   0.300000
2.440759e-01   52.099978   0.300000
2.445226e-01   52.093272   0.300000
2.449702e-01   52.086515   0.300000
2.454186e-01   52.079708   0.300000
2.458678e-01   52.072848   0.300000
2.463179e-01   52.065938   0.300000
2.467687e-01   52.058975   0.300000
2.472204e-01   52.051959   0.300000
2.476730e-01   52.044891   0.300000
2.481263e-01   52.037770   0.300000
2.485805e-01   52.030595   0.300000
2.490355e-01   52.023366   0.300000
2.494913e-01   52.016082   0.300000
2.499480e-01   52.008744   0.300000
2.504055e-01   52.001351   0.300000
2.508639e-01   51.993903   0.300000
2.513231e-01   51.986398   0.300000
2.517831e-01   51.978838   0.300000
2.522440e-01   51.971221   0.300000
2.527057e-01   51.963546   0.300000
2.531683e-01   51.955815   0.300000
2.536317e-01   51.948025   0.300000
2.540959e-01   51.940177   0.300000
2.545610e-01   51.932271   0.300000
2.550270e-01   51.924306   0.300000
2.554938e-01   51.916281   0.300000
2.559615e-01   51.908197   0.300000
2.564300e-01   51.900052   0.300000
2.568994e-01   51.891847   0.300000
2.573696e-01   51.883581   0.300000
2.578407e-01   51.875253   0.300000
2.583127e-01   51.866863   0.300000
2.587855e-01   51.858412   0.300000
2.592592e-01   51.849897   0.300000
2.597337e-01   51.841320   0.300000
2.602092e-01   51.832679   0.300000
2.606855e-01   51.823974   0.300000
2.611626e-01   51.815205   0.300000
2.616407e-01   51.806371   0.300000
2.621196e-01   51.797472   0.300000
2.625994e-01   51.788507   0.300000
2.630800e-01   51.779477   0.300000
2.635616e-01   51.770380   0.300000
2.640440e-01   51.761216   0.300000
2.645273e-01   51.751985   0.300000
2.650115e-01   51.742686   0.300000
2.654966e-01   51.733319   0.300000
2.659826e-01   51.723883   0.300000
2.664695e-01   51.714379   0.300000
2.669572e-01   51.704805   0.300000
2.674459e-01   51.695161   0.300000
2.679354e-01   51.685447   0.300000
2.684259e-01   51.675662   0.300000
2.689172e-01   51.665806   0.300000
2.694094e-01   51.655878   0.300000
2.699026e-01   51.645878   0.300000
2.703966e-01   51.635806   0.300000
2.708915e-01   51.625661   0.300000
2.713874e-01   51.615442   0.300000
2.718842e-01   51.605150   0.300000
2.723818e-01   51.594783   0.300000
2.728804e-01   51.584342   0.300000
2.733799e-01   51.573825   0.300000
2.738803e-01   51.563233   0.300000
2.743816e-01   51.552565   0.300000
2.748838e-01   51.541820   0.300000
2.753870e-01   51.530998   0.300000
2.758911e-01   51.520099   0.300000
2.763961e-01   51.509122   0.300000
2.769020e-01   51.498067   0.300000
2.774089e-01   51.486933   0.300000
2.779166e-01   51.475720   0.300000
2.784253e-01   51.464427   0.300000
2.789350e-01   51.453054   0.300000
2.794456e-01   51.441601   0.300000
2.799571e-01   51.430067   0.300000
2.804695e-01   51.418451   0.300000
2.809829e-01   51.406753   0.300000
2.814972e-01   51.394973   0.300000
2.820125e-01   51.383110   0.300000
2.825287e-01   51.371164   0.300000
2.830458e-01   51.359134   0.300000
2.835639e-01   51.347020   0.300000
2.840830e-01   51.334821   0.300000
2.846030e-01   51.322537   0.300000
2.851239e-01   51.310168   0.300000
2.856458e-01   51.297713   0.300000
2.861687e-01   51.285171   0.300000
2.866925e-01   51.272543   0.300000
2.872173e-01   51.259827   0.300000
2.877430e-01   51.247024   0.300000
2.882697e-01   51.234132   0.300000
2.887973e-01   51.221152   0.300000
2.893260e-01   51.208082   0.300000
2.898556e-01   51.194923   0.300000
2.903861e-01   51.181674   0.300000
2.909177e-01   51.168334   0.300000
2.914502e-01   51.154904   0.300000
2.919836e-01   51.141382   0.300000
2.925181e-01   51.127769   0.300000
2.930535e-01   51.114063   0.300000
2.935900e-01   51.100265   0.300000
2.941273e-01   51.086373   0.300000
2.946657e-01   51.072388   0.300000
2.952051e-01   51.058310   0.300000
2.957455e-01   51.044136   0.300000
2.962868e-01   51.029868   0.300000
2.968291e-01   51.015505   0.300000
2.973725e-01   51.001046   0.300000
2.979168e-01   50.986490   0.300000
2.984621e-01   50.971839   0.300000
2.990084e-01   50.957090   0.300000
2.995557e-01   50.942244   0.300000
3.001040e-01   50.927300   0.300000
3.006534e-01   50.912258   0.300000
3.012037e-01   50.897117   0.300000
3.017550e-01   50.881877   0.300000
3.023074e-01   50.866538   0.300000
3.028607e-01   50.851098   0.300000
3.034151e-01   50.835559   0.300000
3.039705e-01   50.819918   0.300000
3.045269e-01   50.804177   0.300000
3.050843e-01   50.788334   0.300000
3.056427e-01   50.772389   0.300000
3.062022e-01   50.756342   0.300000
3.067627e-01   50.740193   0.300000
3.073242e-01   50.723940   0.300000
3.078867e-01   50.707583   0.300000
3.084503e-01   50.691123   0.300000
3.090149e-01   50.674559   0.300000
3.095805e-01   50.657889   0.300000
3.101472e-01   50.641115   0.300000
3.107149e-01   50.624236   0.300000
3.112836e-01   50.607251   0.300000
3.118534e-01   50.590159   0.300000
3.124242e-01   50.572961   0.300000
3.129961e-01   50.555657   0.300000
3.135690e-01   50.538245   0.300000
3.141430e-01   50.520725   0.300000
3.147180e-01   50.503098   0.300000
3.152941e-01   50.485363   0.300000
3.158712e-01   50.467518   0.300000
3.164494e-01   50.449565   0.300000
3.170286e-01   50.431503   0.300000
3.176089e-01   50.413331   0.300000
3.181903e-01   50.395049   0.300000
3.187727e-01   50.376657   0.300000
3.193562e-01   50.358155   0.300000
3.199408e-01   50.339541   0.300000
3.205264e-01   50.320817   0.300000
3.211131e-01   50.301981   0.300000
3.217009e-01   50.283033   0.300000
3.222897e-01   50.263973   0.300000
3.228797e-01   50.244800   0.300000
3.234707e-01   50.225515   0.300000
3.240628e-01   50.206117   0.300000
3.246559e-01   50.186606   0.300000
3.252502e-01   50.166982   0.300000
3.258456e-01   50.147243   0.300000
3.264420e-01   50.127391   0.300000
3.270395e-01   50.107424   0.300000
3.276382e-01   50.087343   0.300000
3.282379e-01   50.067147   0.300000
3.288387e-01   50.046836   0.300000
3.294406e-01   50.026410   0.300000
3.300436e-01   50.005868   0.300000
3.306478e-01   49.985211   0.300000
3.312530e-01   49.964438   0.300000
3.318593e-01   49.943548   0.300000
3.324668e-01   49.922542   0.300000
3.330753e-01   49.901420   0.300000
3.336850e-01   49.880181   0.300000
3.342958e-01   49.858825   0.300000
3.349077e-01   49.837352   0.300000
3.355207e-01   49.815761   0.300000
3.361349e-01   49.794053   0.300000
3.367501e-01   49.772227   0.300000
3.373665e-01   49.750284   0.300000
3.379841e-01   49.728222   0.300000
3.386027e-01   49.706043   0.300000
3.392225e-01   49.683745   0.300000
3.398434e-01   49.661328   0.300000
3.404655e-01   49.638794   0.300000
3.410887e-01   49.616140   0.300000
3.417130e-01   49.593368   0.300000
3.423385e-01   49.570476   0.300000
3.429652e-01   49.547466   0.300000
3.435929e-01   49.524337   0.300000
3.442219e-01   49.501088   0.300000
3.448519e-01   49.477720   0.300000
3.454832e-01   49.454233   0.300000
3.461156e-01   49.430626   0.300000
3.467491e-01   49.406900   0.300000
3.473838e-01   49.383054   0.300000
3.480197e-01   49.359089   0.300000
3.486567e-01   49.335004   0.300000
3.492949e-01   49.310799   0.300000
3.499342e-01   49.286474   0.300000
3.505748e-01   49.262030   0.300000
3.512165e-01   49.237465   0.300000
3.518594e-01   49.212781   0.300000
3.525034e-01   49.187977   0.300000
3.531486e-01   49.163054   0.300000
3.537951e-01   49.138010   0.300000
3.544427e-01   49.112847   0.300000
3.550914e-01   49.087563   0.300000
3.557414e-01   49.062161   0.300000
3.563926e-01   49.036638   0.300000
3.570449e-01   49.010996   0.300000
3.576985e-01   48.985234   0.300000
3.583532e-01   48.959352   0.300000
3.590092e-01   48.933351   0.300000
3.596663e-01   48.907230   0.300000
3.603247e-01   48.880990   0.300000
3.609842e-01   48.854631   0.300000
3.616450e-01   48.828153   0.300000
3.623069e-01   48.801555   0.300000
3.629701e-01   48.774839   0.300000
3.636345e-01   48.748003   0.300000
3.643001e-01   48.721049   0.300000
3.649669e-01   48.693976   0.300000
3.656350e-01   48.666785   0.300000
3.663043e-01   48.639475   0.300000
3.669748e-01   48.612047   0.300000
3.676465e-01   48.584501   0.300000
3.683194e-01   48.556838   0.300000
3.689936e-01   48.529056   0.300000
3.696690e-01   48.501157   0.300000
3.703457e-01   48.473140   0.300000
3.710236e-01   48.445006   0.300000
3.717027e-01   48.416755   0.300000
3.723831e-01   48.388388   0.300000
3.730647e-01   48.359904   0.300000
3.737476e-01   48.331303   0.300000
3.744317e-01   48.302586   0.300000
3.751171e-01   48.273754   0.300000
3.758037e-01   48.244806   0.300000
3.764916e-01   48.215742   0.300000
3.771807e-01   48.186563   0.300000
3.778712e-01   48.157269   0.300000
3.785628e-01   48.127860   0.300000
3.792558e-01   48.098337   0.300000
3.799500e-01   48.068700   0.300000
3.806454e-01   48.038950   0.300000
3.813422e-01   48.009085   0.300000
3.820402e-01   47.979107   0.300000
3.827395e-01   47.949017   0.300000
3.834401e-01   47.918813   0.300000
3.841419e-01   47.888498   0.300000
3.848451e-01   47.858070   0.300000
3.855495e-01   47.827531   0.300000
3.862552e-01   47.796880   0.300000
3.869623e-01   47.766118   0.300000
3.876706e-01   47.735246   0.300000
3.883802e-01   47.704263   0.300000
3.890911e-01   47.673170   0.300000
3.898033e-01   47.641968   0.300000
3.905168e-01   47.610657   0.300000
3.912316e-01   47.579236   0.300000
3.919477e-01   47.547708   0.300000
3.926652e-01   47.516071   0.300000
3.933839e-01   47.484326   0.300000
3.941040e-01   47.452474   0.300000
3.948254e-01   47.420516   0.300000
3.955481e-01   47.388451   0.300000
3.962721e-01   47.356279   0.300000
3.969974e-01   47.324002   0.300000
3.977241e-01   47.291620   0.300000
3.984521e-01   47.259133   0.300000
3.991815e-01   47.226542   0.300000
3.999122e-01   47.193847   0.300000
4.006442e-01   47.161048   0.300000
4.013775e-01   47.128147   0.300000
4.021122e-01   47.095142   0.300000
4.028483e-01   47.062036   0.300000
4.035856e-01   47.028828   0.300000
4.043244e-01   46.995519   0.300000
4.050645e-01   46.962109   0.300000
4.058059e-01   46.928599   0.300000
4.065487e-01   46.894989   0.300000
4.072929e-01   46.861280   0.300000
4.080384e-01   46.827473   0.300000
4.087853e-01   46.793567   0.300000
4.095335e-01   46.759563   0.300000
4.102832e-01   46.725462   0.300000
4.110342e-01   46.691264   0.300000
4.117865e-01   46.656970   0.300000
4.125403e-01   46.622580   0.300000
4.132954e-01   46.588095   0.300000
4.140519e-01   46.553516   0.300000
4.148098e-01   46.518842   0.300000
4.155691e-01   46.484075   0.300000
4.163298e-01   46.449214   0.300000
4.170918e-01   46.414261   0.300000
4.178553e-01   46.379216   0.300000
4.186202e-01   46.344080   0.300000
4.193864e-01   46.308852   0.300000
4.201541e-01   46.273534   0.300000
4.209231e-01   46.238127   0.300000
4.216936e-01   46.202630   0.300000
4.224655e-01   46.167044   0.300000
4.232388e-01   46.131371   0.300000
4.240135e-01   46.095610   0.300000
4.247896e-01   46.059761   0.300000
4.255672e-01   46.023827   0.300000
4.263462e-01   45.987806   0.300000
4.271266e-01   45.951700   0.300000
4.279084e-01   45.915510   0.300000
4.286916e-01   45.879235   0.300000
4.294763e-01   45.842877   0.300000
4.302625e-01   45.806435   0.300000
4.310500e-01   45.769912   0.300000
4.318390e-01   45.733306   0.300000
4.326295e-01   45.696620   0.300000
4.334214e-01   45.659852   0.300000
4.342147e-01   45.623005   0.300000
4.350095e-01   45.586078   0.300000
4.358058e-01   45.549073   0.300000
4.366035e-01   45.511989   0.300000
4.374027e-01   45.474828   0.300000
4.382033e-01   45.437589   0.300000
4.390054e-01   45.400274   0.300000
4.398090e-01   45.362883   0.300000
4.406140e-01   45.325417   0.300000
4.414206e-01   45.287877   0.300000
4.422285e-01   45.250262   0.300000
4.430380e-01   45.212574   0.300000
4.438490e-01   45.174813   0.300000
4.446614e-01   45.136979   0.300000
4.454753e-01   45.099075   0.300000
4.462907e-01   45.061099   0.300000
4.471077e-01   45.023053   0.300000
4.479261e-01   44.984937   0.300000
4.487460e-01   44.946751   0.300000
4.495674e-01   44.908498   0.300000
4.503903e-01   44.870176   0.300000
4.512147e-01   44.831787   0.300000
4.520406e-01   44.793331   0.300000
4.528680e-01   44.754809   0.300000
4.536970e-01   44.716222   0.300000
4.545274e-01   44.677569   0.300000
4.553594e-01   44.638853   0.300000
4.561929e-01   44.600072   0.300000
4.570279e-01   44.561229   0.300000
4.578645e-01   44.522323   0.300000
4.587026e-01   44.483356   0.300000
4.595422e-01   44.444327   0.300000
4.603834e-01   44.405237   0.300000
4.612261e-01   44.366087   0.300000
4.620703e-01   44.326878   0.300000
4.629161e-01   44.287610   0.300000
4.637635e-01   44.248284   0.300000
4.646124e-01   44.208901   0.300000
4.654628e-01   44.169460   0.300000
4.663148e-01   44.129963   0.300000
4.671684e-01   44.090410   0.300000
4.680235e-01   44.050802   0.300000
4.688802e-01   44.011139   0.300000
4.697384e-01   43.971423   0.300000
4.705982e-01   43.931652   0.300000
4.714596e-01   43.891830   0.300000
4.723226e-01   43.851955   0.300000
4.731872e-01   43.812028   0.300000
4.740533e-01   43.772050   0.300000
4.749210e-01   43.732022   0.300000
4.757904e-01   43.691944   0.300000
4.766613e-01   43.651817   0.300000
4.775338e-01   43.611641   0.300000
4.784078e-01   43.571417   0.300000
4.792835e-01   43.531145   0.300000
4.801608e-01   43.490827   0.300000
4.810397e-01   43.450462   0.300000
4.819203e-01   43.410052   0.300000
4.828024e-01   43.369596   0.300000
4.836861e-01   43.329096   0.300000
4.845715e-01   43.288551   0.300000
4.854585e-01   43.247964   0.300000
4.863471e-01   43.207333   0.300000
4.872373e-01   43.166660   0.300000
4.881291e-01   43.125945   0.300000
4.890226e-01   43.085189   0.300000
4.899177e-01   43.044393   0.300000
4.908145e-01   43.003556   0.300000
4.917129e-01   42.962680   0.300000
4.926130e-01   42.921765   0.300000
4.935147e-01   42.880812   0.300000
4.944180e-01   42.839821   0.300000
4.953230e-01   42.798792   0.300000
4.962297e-01   42.757727   0.300000
4.971380e-01   42.716625   0.300000
4.980480e-01   42.675488   0.300000
4.989596e-01   42.634316   0.300000
4.998729e-01   42.593109   0.300000
5.007879e-01   42.551868   0.300000
5.017046e-01   42.510593   0.300000
5.026229e-01   42.469286   0.300000
5.035429e-01   42.427946   0.300000
5.044646e-01   42.386574   0.300000
5.053880e-01   42.345171   0.300000
5.063131e-01   42.303737   0.300000
5.072399e-01   42.262273   0.300000
5.081683e-01   42.220778   0.300000
5.090985e-01   42.179255   0.300000
5.100304e-01   42.137702   0.300000
5.109640e-01   42.096122   0.300000
5.118992e-01   42.054513   0.300000
5.128362e-01   42.012877   0.300000
5.137750e-01   41.971215   0.300000
5.147154e-01   41.929526   0.300000
5.156575e-01   41.887811   0.300000
5.166014e-01   41.846071   0.300000
5.175470e-01   41.804306   0.300000
5.184944e-01   41.762517   0.300000
5.194434e-01   41.720704   0.300000
5.203942e-01   41.678868   0.300000
5.213468e-01   41.637008   0.300000
5.223011e-01   41.595127   0.300000
5.232571e-01   41.553223   0.300000
5.242149e-01   41.511298   0.300000
5.251744e-01   41.469352   0.300000
5.261357e-01   41.427385   0.300000
5.270988e-01   41.385399   0.300000
5.280636e-01   41.343392   0.300000
5.290302e-01   41.301367   0.300000
5.299986e-01   41.259323   0.300000
5.309687e-01   41.217261   0.300000
5.319406e-01   41.175181   0.300000
5.329143e-01   41.133083   0.300000
5.338897e-01   41.090969   0.300000
5.348670e-01   41.048838   0.300000
5.358460e-01   41.006692   0.300000
5.368269e-01   40.964530   0.300000
5.378095e-01   40.922352   0.300000
5.387939e-01   40.880160   0.300000
5.397801e-01   40.837954   0.300000
5.407682e-01   40.795734   0.300000
5.417580e-01   40.753500   0.300000
5.427497e-01   40.711254   0.300000
5.437431e-01   40.668994   0.300000
5.447384e-01   40.626723   0.300000
5.457355e-01   40.584440   0.300000
5.467345e-01   40.542146   0.300000
5.477352e-01   40.499840   0.300000
5.487378e-01   40.457524   0.300000
5.497423e-01   40.415198   0.300000
5.507485e-01   40.372863   0.300000
5.517566e-01   40.330518   0.300000
5.527666e-01   40.288164   0.300000
5.537784e-01   40.245801   0.300000
5.547920e-01   40.203430   0.300000
5.558076e-01   40.161052   0.300000
5.568249e-01   40.118666   0.300000
5.578442e-01   40.076273   0.300000
5.588653e-01   40.033874   0.300000
5.598882e-01   39.991468   0.300000
5.609131e-01   39.949056   0.300000
5.619398e-01   39.906639   0.300000
5.629684e-01   39.864217   0.300000
5.639988e-01   39.821790   0.300000
5.650312e-01   39.779358   0.300000
5.660655e-01   39.736923   0.300000
5.671016e-01   39.694484   0.300000
5.681397e-01   39.652041   0.300000
5.691796e-01   39.609595   0.300000
5.702214e-01   39.567147   0.300000
5.712652e-01   39.524697   0.300000
5.723109e-01   39.482244   0.300000
5.733584e-01   39.439790   0.300000
5.744079e-01   39.397335   0.300000
5.754594e-01   39.354878   0.300000
5.765127e-01   39.312421   0.300000
5.775680e-01   39.269964   0.300000
5.786252e-01   39.227507   0.300000
5.796843e-01   39.185050   0.300000
5.807454e-01   39.142594   0.300000
5.818084e-01   39.100139   0.300000
5.828734e-01   39.057685   0.300000
5.839403e-01   39.015233   0.300000
5.850091e-01   38.972783   0.300000
5.860800e-01   38.930336   0.300000
5.871527e-01   38.887890   0.300000
5.882275e-01   38.845448   0.300000
5.893042e-01   38.803009   0.300000
5.903829e-01   38.760574   0.300000
5.914635e-01   38.718142   0.300000
5.925462e-01   38.675714   0.300000
5.936308e-01   38.633291   0.300000
5.947174e-01   38.590873   0.300000
5.958060e-01   38.548459   0.300000
5.968966e-01   38.506051   0.300000
5.979891e-01   38.463649   0.300000
5.990837e-01   38.421252   0.300000
6.001803e-01   38.378861   0.300000
6.012789e-01   38.336477   0.300000
6.023795e-01   38.294099   0.300000
6.034821e-01   38.251729   0.300000
6.045868e-01   38.209366   0.300000
6.056934e-01   38.167010   0.300000
6.068021e-01   38.124662   0.300000
6.079128e-01   38.082322   0.300000
6.090256e-01   38.039990   0.300000
6.101403e-01   37.997667   0.300000
6.112572e-01   37.955353   0.300000
6.123760e-01   37.913048   0.300000
6.134969e-01   37.870752   0.300000
6.146199e-01   37.828466   0.300000
6.157449e-01   37.786190   0.300000
6.168720e-01   37.743923   0.300000
6.180012e-01   37.701668   0.300000
6.191324e-01   37.659422   0.300000
6.202656e-01   37.617188   0.300000
6.214010e-01   37.574965   0.300000
6.225384e-01   37.532753   0.300000
6.236780e-01   37.490552   0.300000
6.248196e-01   37.448364   0.300000
6.259632e-01   37.406187   0.300000
6.271090e-01   37.364023   0.300000
6.282569e-01   37.321871   0.300000
6.294069e-01   37.279732   0.300000
6.305590e-01   37.237606   0.300000
6.317132e-01   37.195493   0.300000
6.328695e-01   37.153394   0.300000
6.340279e-01   37.111308   0.300000
6.351885e-01   37.069236   0.300000
6.363511e-01   37.027178   0.300000
6.375159e-01   36.985135   0.300000
6.386829e-01   36.943106   0.300000
6.398519e-01   36.901091   0.300000
6.410231e-01   36.859092   0.300000
6.421965e-01   36.817107   0.300000
6.433720e-01   36.775138   0.300000
6.445497e-01   36.733185   0.300000
6.457295e-01   36.691247   0.300000
6.469114e-01   36.649325   0.300000
6.480956e-01   36.607420   0.300000
6.492819e-01   36.565530   0.300000
6.504703e-01   36.523658   0.300000
6.516610e-01   36.481802   0.300000
6.528538e-01   36.439963   0.300000
6.540488e-01   36.398141   0.300000
6.552460e-01   36.356336   0.300000
6.564454e-01   36.314549   0.300000
6.576470e-01   36.272780   0.300000
6.588507e-01   36.231028   0.300000
6.600567e-01   36.189295   0.300000
6.612649e-01   36.147580   0.300000
6.624753e-01   36.105883   0.300000
6.636879e-01   36.064205   0.300000
6.649028e-01   36.022545   0.300000
6.661198e-01   35.980905   0.300000
6.673391e-01   35.939284   0.300000
6.685606e-01   35.897682   0.300000
6.697844e-01   35.856099   0.300000
6.710104e-01   35.814536   0.300000
6.722386e-01   35.772993   0.300000
6.734691e-01   35.731470   0.300000
6.747019e-01   35.689968   0.300000
6.759369e-01   35.648485   0.300000
6.771741e-01   35.607023   0.300000
6.784136e-01   35.565582   0.300000
6.796554e-01   35.524161   0.300000
6.808995e-01   35.482762   0.300000
6.821458e-01   35.441383   0.300000
6.833945e-01   35.400026   0.300000
6.846454e-01   35.358691   0.300000
6.858986e-01   35.317377   0.300000
6.871541e-01   35.276084   0.300000
6.884119e-01   35.234814   0.300000
6.896720e-01   35.193566   0.300000
6.909344e-01   35.152340   0.300000
6.921991e-01   35.111136   0.300000
6.934661e-01   35.069955   0.300000
6.947354e-01   35.028796   0.300000
6.960071e-01   34.987660   0.300000
6.972811e-01   34.946548   0.300000
6.985574e-01   34.905458   0.300000
6.998361e-01   34.864391   0.300000
7.011171e-01   34.823348   0.300000
7.024005e-01   34.782329   0.300000
7.036861e-01   34.741333   0.300000
7.049742e-01   34.700360   0.300000
7.062646e-01   34.659412   0.300000
7.075574e-01   34.618488   0.300000
7.088525e-01   34.577588   0.300000
7.101500e-01   34.536712   0.300000
7.114499e-01   34.495861   0.300000
7.127522e-01   34.455034   0.300000
7.140568e-01   34.414232   0.300000
7.153639e-01   34.373455   0.300000
7.166733e-01   34.332703   0.300000
7.179851e-01   34.291975   0.300000
7.192993e-01   34.251273   0.300000
7.206160e-01   34.210597   0.300000
7.219350e-01   34.169946   0.300000
7.232565e-01   34.129320   0.300000
7.245803e-01   34.088720   0.300000
7.259066e-01   34.048146   0.300000
7.272354e-01   34.007598   0.300000
7.285665e-01   33.967076   0.300000
7.299001e-01   33.926580   0.300000
7.312361e-01   33.886111   0.300000
7.325746e-01   33.845667   0.300000
7.339156e-01   33.805251   0.300000
7.352589e-01   33.764861   0.300000
7.366048e-01   33.724497   0.300000
7.379531e-01   33.684161   0.300000
7.393039e-01   33.643851   0.300000
7.406571e-01   33.603569   0.300000
7.420128e-01   33.563314   0.300000
7.433711e-01   33.523086   0.300000
7.447317e-01   33.482885   0.300000
7.460949e-01   33.442712   0.300000
7.474606e-01   33.402566   0.300000
7.488288e-01   33.362449   0.300000
7.501995e-01   33.322359   0.300000
7.515727e-01   33.282297   0.300000
7.529484e-01   33.242263   0.300000
7.543266e-01   33.202257   0.300000
7.557073e-01   33.162279   0.300000
7.570906e-01   33.122330   0.300000
7.584764e-01   33.082409   0.300000
7.598648e-01   33.042516   0.300000
7.612556e-01   33.002652   0.300000
7.626491e-01   32.962817   0.300000
7.640450e-01   32.923011   0.300000
7.654436e-01   32.883233   0.300000
7.668447e-01   32.843485   0.300000
7.682483e-01   32.803766   0.300000
7.696546e-01   32.764075   0.300000
7.710634e-01   32.724414   0.300000
7.724748e-01   32.684783   0.300000
7.738887e-01   32.645181   0.300000
7.753053e-01   32.605608   0.300000
7.767244e-01   32.566065   0.300000
7.781462e-01   32.526552   0.300000
7.795705e-01   32.487068   0.300000
7.809975e-01   32.447614   0.300000
7.824270e-01   32.408191   0.300000
7.838592e-01   32.368797   0.300000
7.852940e-01   32.329434   0.300000
7.867314e-01   32.290100   0.300000
7.881715e-01   32.250797   0.300000
7.896142e-01   32.211525   0.300000
7.910595e-01   32.172283   0.300000
7.925075e-01   32.133071   0.300000
7.939582e-01   32.093890   0.300000
7.954114e-01   32.054740   0.300000
7.968674e-01   32.015620   0.300000
7.983260e-01   31.976532   0.300000
7.997873e-01   31.937474   0.300000
8.012513e-01   31.898447   0.300000
8.027179e-01   31.859452   0.300000
8.041872e-01   31.820487   0.300000
8.056592e-01   31.781554   0.300000
8.071339e-01   31.742652   0.300000
8.086113e-01   31.703782   0.300000
8.100915e-01   31.664943   0.300000
8.115743e-01   31.626136   0.300000
8.130598e-01   31.587360   0.300000
8.145481e-01   31.548616   0.300000
8.160390e-01   31.509903   0.300000
8.175327e-01   31.471223   0.300000
8.190292e-01   31.432574   0.300000
8.205284e-01   31.393957   0.300000
8.220303e-01   31.355373   0.300000
8.235350e-01   31.316820   0.300000
8.250424e-01   31.278300   0.300000
8.265526e-01   31.239811   0.300000
8.280655e-01   31.201356   0.300000
8.295812e-01   31.162932   0.300000
8.310997e-01   31.124541   0.300000
8.326210e-01   31.086182   0.300000
8.341451e-01   31.047856   0.300000
8.356719e-01   31.009563   0.300000
8.372016e-01   30.971302   0.300000
8.387340e-01   30.933074   0.300000
8.402693e-01   30.894879   0.300000
8.418073e-01   30.856717   0.300000
8.433482e-01   30.818588   0.300000
8.448919e-01   30.780491   0.300000
8.464384e-01   30.742428   0.300000
8.479878e-01   30.704398   0.300000
8.495399e-01   30.666401   0.300000
8.510950e-01   30.628437   0.300000
8.526528e-01   30.590507   0.300000
8.542136e-01   30.552610   0.300000
8.557772e-01   30.514746   0.300000
8.573436e-01   30.476916   0.300000
8.589129e-01   30.439119   0.300000
8.604851e-01   30.401356   0.300000
8.620602e-01   30.363627   0.300000
8.636381e-01   30.325931   0.300000
8.652189e-01   30.288269   0.300000
8.668027e-01   30.250641   0.300000
8.683893e-01   30.213047   0.300000
8.699788e-01   30.175486   0.300000
8.715713e-01   30.137960   0.300000
8.731666e-01   30.100467   0.300000
8.747649e-01   30.063009   0.300000
8.763661e-01   30.025585   0.300000
8.779702e-01   29.988195   0.300000
8.795773e-01   29.950839   0.300000
8.811873e-01   29.913517   0.300000
8.828003e-01   29.876230   0.300000
8.844162e-01   29.838977   0.300000
8.860350e-01   29.801759   0.300000
8.876569e-01   29.764575   0.300000
8.892817e-01   29.727426   0.300000
8.909094e-01   29.690311   0.300000
8.925402e-01   29.653230   0.300000
8.941739e-01   29.616185   0.300000
8.958107e-01   29.579174   0.300000
8.974504e-01   29.542198   0.300000
8.990931e-01   29.505257   0.300000
9.007388e-01   29.468350   0.300000
9.023876e-01   29.431479   0.300000
9.040393e-01   29.394642   0.300000
9.056941e-01   29.357840   0.300000
9.073519e-01   29.321074   0.300000
9.090128e-01   29.284342   0.300000
9.106767e-01   29.247646   0.300000
9.123436e-01   29.210984   0.300000
9.140136e-01   29.174358   0.300000
9.156866e-01   29.137768   0.300000
9.173628e-01   29.101212   0.300000
9.190419e-01   29.064692   0.300000
9.207242e-01   29.028207   0.300000
9.224095e-01   28.991758   0.300000
9.240979e-01   28.955344   0.300000
9.257894e-01   28.918965   0.300000
9.274840e-01   28.882622   0.300000
9.291817e-01   28.846315   0.300000
9.308825e-01   28.810043   0.300000
9.325864e-01   28.773807   0.300000
9.342935e-01   28.737607   0.300000
9.360036e-01   28.701442   0.300000
9.377169e-01   28.665313   0.300000
9.394334e-01   28.629220   0.300000
9.411529e-01   28.593163   0.300000
9.428757e-01   28.557142   0.300000
9.446015e-01   28.521156   0.300000
9.463306e-01   28.485207   0.300000
9.480628e-01   28.449293   0.300000
9.497981e-01   28.413416   0.300000
9.515367e-01   28.377574   0.300000
9.532784e-01   28.341769   0.300000
9.550233e-01   28.306000   0.300000
9.567714e-01   28.270267   0.300000
9.585227e-01   28.234570   0.300000
9.602772e-01   28.198909   0.300000
9.620350e-01   28.163285   0.300000
9.637959e-01   28.127697   0.300000
9.655601e-01   28.092145   0.300000
9.673275e-01   28.056630   0.300000
9.690981e-01   28.021151   0.300000
9.708720e-01   27.985708   0.300000
9.726491e-01   27.950302   0.300000
9.744295e-01   27.914933   0.300000
9.762131e-01   27.879599   0.300000
9.780000e-01   27.844303   0.300000
9.797902e-01   27.809043   0.300000
9.815836e-01   27.773820   0.300000
9.833803e-01   27.738633   0.300000
9.851803e-01   27.703483   0.300000
9.869836e-01   27.668370   0.300000
9.887903e-01   27.633293   0.300000
9.906002e-01   27.598253   0.300000
9.924134e-01   27.563250   0.300000
9.942300e-01   27.528284   0.300000
9.960498e-01   27.493355   0.300000
9.978730e-01   27.458462   0.300000
9.996996e-01   27.423607   0.300000
1.001529e+00   27.388788   0.300000
1.003363e+00   27.354006   0.300000
1.005199e+00   27.319262   0.300000
1.007039e+00   27.284554   0.300000
1.008883e+00   27.249883   0.300000
1.010729e+00   27.215250   0.300000
1.012579e+00   27.180653   0.300000
1.014433e+00   27.146094   0.300000
1.016290e+00   27.111571   0.300000
1.018150e+00   27.077086   0.300000
1.020014e+00   27.042638   0.300000
1.021881e+00   27.008228   0.300000
1.023751e+00   26.973854   0.300000
1.025625e+00   26.939518   0.300000
1.027502e+00   26.905219   0.300000
1.029383e+00   26.870957   0.300000
1.031267e+00   26.836733   0.300000
1.033155e+00   26.802546   0.300000
1.035046e+00   26.768396   0.300000
1.036941e+00   26.734284   0.300000
1.038839e+00   26.700209   0.300000
1.040740e+00   26.666172   0.300000
1.042645e+00   26.632172   0.300000
1.044554e+00   26.598210   0.300000
1.046466e+00   26.564285   0.300000
1.048381e+00   26.530397   0.300000
1.050300e+00   26.496548   0.300000
1.052223e+00   26.462735   0.300000
1.054149e+00   26.428960   0.300000
1.056078e+00   26.395223   0.300000
1.058011e+00   26.361524   0.300000
1.059948e+00   26.327862   0.300000
1.061888e+00   26.294238   0.300000
1.063832e+00   26.260651   0.300000
1.065779e+00   26.227102   0.300000
1.067730e+00   26.193591   0.300000
1.069684e+00   26.160118   0.300000
1.071642e+00   26.126682   0.300000
1.073604e+00   26.093285   0.300000
1.075569e+00   26.059924   0.300000
1.077538e+00   26.026602   0.300000
1.079510e+00   25.993318   0.300000
1.081486e+00   25.960071   0.300000
1.083466e+00   25.926862   0.300000
1.085449e+00   25.893691   0.300000
1.087436e+00   25.860558   0.300000
1.089426e+00   25.827463   0.300000
1.091421e+00   25.794406   0.300000
1.093418e+00   25.761387   0.300000
1.095420e+00   25.728406   0.300000
1.097425e+00   25.695462   0.300000
1.099434e+00   25.662557   0.300000
1.101446e+00   25.629690   0.300000
1.103462e+00   25.596860   0.300000
1.105482e+00   25.564069   0.300000
1.107506e+00   25.531315   0.300000
1.109533e+00   25.498600   0.300000
1.111564e+00   25.465923   0.300000
1.113598e+00   25.433284   0.300000
1.115637e+00   25.400683   0.300000
1.117679e+00   25.368120   0.300000
1.119725e+00   25.335595   0.300000
1.121774e+00   25.303108   0.300000
1.123828e+00   25.270660   0.300000
1.125885e+00   25.238249   0.300000
1.127946e+00   25.205877   0.300000
1.130010e+00   25.173543   0.300000
1.132079e+00   25.141247   0.300000
1.134151e+00   25.108989   0.300000
1.136227e+00   25.076770   0.300000
1.138307e+00   25.044588   0.300000
1.140390e+00   25.012445   0.300000
1.142478e+00   24.980340   0.300000
1.144569e+00   24.948274   0.300000
1.146664e+00   24.916246   0.300000
1.148763e+00   24.884255   0.300000
1.150865e+00   24.852304   0.300000
1.152972e+00   24.820390   0.300000
1.155082e+00   24.788515   0.300000
1.157197e+00   24.756678   0.300000
1.159315e+00   24.724879   0.300000
1.161437e+00   24.693119   0.300000
1.163563e+00   24.661397   0.300000
1.165693e+00   24.629713   0.300000
1.167826e+00   24.598068   0.300000
1.169964e+00   24.566461   0.300000
1.172106e+00   24.534892   0.300000
1.174251e+00   24.503362   0.300000
1.176401e+00   24.471870   0.300000
1.178554e+00   24.440417   0.300000
1.180711e+00   24.409002   0.300000
1.182872e+00   24.377625   0.300000
1.185038e+00   24.346287   0.300000
1.187207e+00   24.314987   0.300000
1.189380e+00   24.283725   0.300000
1.191557e+00   24.252502   0.300000
1.193738e+00   24.221318   0.300000
1.195923e+00   24.190171   0.300000
1.198112e+00   24.159063   0.300000
1.200305e+00   24.127994   0.300000
1.202502e+00   24.096963   0.300000
1.204703e+00   24.065971   0.300000
1.206908e+00   24.035017   0.300000
1.209118e+00   24.004101   0.300000
1.211331e+00   23.973224   0.300000
1.213548e+00   23.942385   0.300000
1.215769e+00   23.911585   0.300000
1.217995e+00   23.880823   0.300000
1.220224e+00   23.850100   0.300000
1.222458e+00   23.819415   0.300000
1.224695e+00   23.788769   0.300000
1.226937e+00   23.758161   0.300000
1.229183e+00   23.727592   0.300000
1.231433e+00   23.697061   0.300000
1.233687e+00   23.666568   0.300000
1.235945e+00   23.636115   0.300000
1.238207e+00   23.605699   0.300000
1.240474e+00   23.575322   0.300000
1.242744e+00   23.544984   0.300000
1.245019e+00   23.514684   0.300000
1.247298e+00   23.484422   0.300000
1.249581e+00   23.454200   0.300000
1.251869e+00   23.424015   0.300000
1.254160e+00   23.393869   0.300000
1.256456e+00   23.363762   0.300000
1.258756e+00   23.333693   0.300000
1.261060e+00   23.303662   0.300000
1.263368e+00   23.273670   0.300000
1.265680e+00   23.243717   0.300000
1.267997e+00   23.213802   0.300000
1.270318e+00   23.183926   0.300000
1.272643e+00   23.154088   0.300000
1.274973e+00   23.124288   0.300000
1.277307e+00   23.094527   0.300000
1.279645e+00   23.064805   0.300000
1.281987e+00   23.035121   0.300000
1.284334e+00   23.005475   0.300000
1.286684e+00   22.975868   0.300000
1.289040e+00   22.946300   0.300000
1.291399e+00   22.916770   0.300000
1.293763e+00   22.887278   0.300000
1.296131e+00   22.857825   0.300000
1.298504e+00   22.828410   0.300000
1.300880e+00   22.799034   0.300000
1.303262e+00   22.769697   0.300000
1.305647e+00   22.740398   0.300000
1.308037e+00   22.711137   0.300000
1.310431e+00   22.681915   0.300000
1.312830e+00   22.652731   0.300000
1.315233e+00   22.623585   0.300000
1.317640e+00   22.594479   0.300000
1.320052e+00   22.565410   0.300000
1.322469e+00   22.536380   0.300000
1.324889e+00   22.507388   0.300000
1.327314e+00   22.478435   0.300000
1.329744e+00   22.449521   0.300000
1.332178e+00   22.420644   0.300000
1.334616e+00   22.391806   0.300000
1.337059e+00   22.363007   0.300000
1.339507e+00   22.334246   0.300000
1.341959e+00   22.305523   0.300000
1.344415e+00   22.276839   0.300000
1.346876e+00   22.248193   0.300000
1.349341e+00   22.219586   0.300000
1.351811e+00   22.191016   0.300000
1.354286e+00   22.162486   0.300000
1.356765e+00   22.133993   0.300000
1.359248e+00   22.105539   0.300000
1.361736e+00   22.077124   0.300000
1.364229e+00   22.048746   0.300000
1.366726e+00   22.020407   0.300000
1.369227e+00   21.992107   0.300000
1.371734e+00   21.963844   0.300000
1.374245e+00   21.935620   0.300000
1.376760e+00   21.907434   0.300000
1.379280e+00   21.879287   0.300000
1.381805e+00   21.851178   0.300000
1.384334e+00   21.823107   0.300000
1.386868e+00   21.795074   0.300000
1.389407e+00   21.767080   0.300000
1.391950e+00   21.739124   0.300000
1.394498e+00   21.711206   0.300000
1.397050e+00   21.683327   0.300000
1.399607e+00   21.655485   0.300000
1.402169e+00   21.627682   0.300000
1.404736e+00   21.599917   0.300000
1.407307e+00   21.572191   0.300000
1.409883e+00   21.544502   0.300000
1.412464e+00   21.516852   0.300000
1.415049e+00   21.489239   0.300000
1.417639e+00   21.461665   0.300000
1.420234e+00   21.434130   0.300000
1.422834e+00   21.406632   0.300000
1.425438e+00   21.379172   0.300000
1.428048e+00   21.351751   0.300000
1.430662e+00   21.324367   0.300000
1.433280e+00   21.297022   0.300000
1.435904e+00   21.269715   0.300000
1.438532e+00   21.242446   0.300000
1.441165e+00   21.215215   0.300000
1.443803e+00   21.188022   0.300000
1.446446e+00   21.160867   0.300000
1.449094e+00   21.133750   0.300000
1.451746e+00   21.106671   0.300000
1.454403e+00   21.079630   0.300000
1.457066e+00   21.052628   0.300000
1.459733e+00   21.025663   0.300000
1.462405e+00   20.998736   0.300000
1.465081e+00   20.971847   0.300000
1.467763e+00   20.944996   0.300000
1.470450e+00   20.918183   0.300000
1.473141e+00   20.891407   0.300000
1.475838e+00   20.864670   0.300000
1.478539e+00   20.837971   0.300000
1.481246e+00   20.811309   0.300000
1.483957e+00   20.784686   0.300000
1.486673e+00   20.758100   0.300000
1.489395e+00   20.731552   0.300000
1.492121e+00   20.705042   0.300000
1.494852e+00   20.678569   0.300000
1.497588e+00   20.652135   0.300000
1.500330e+00   20.625738   0.300000
1.503076e+00   20.599379   0.300000
1.505827e+00   20.573058   0.300000
1.508583e+00   20.546775   0.300000
1.511345e+00   20.520529   0.300000
1.514111e+00   20.494321   0.300000
1.516883e+00   20.468150   0.300000
1.519659e+00   20.442018   0.300000
1.522441e+00   20.415923   0.300000
1.525228e+00   20.389865   0.300000
1.528019e+00   20.363846   0.300000
1.530816e+00   20.337863   0.300000
1.533618e+00   20.311919   0.300000
1.536426e+00   20.286012   0.300000
1.539238e+00   20.260143   0.300000
1.542055e+00   20.234311   0.300000
1.544878e+00   20.208517   0.300000
1.547706e+00   20.182760   0.300000
1.550539e+00   20.157040   0.300000
1.553377e+00   20.131359   0.300000
1.556220e+00   20.105714   0.300000
1.559069e+00   20.080108   0.300000
1.561923e+00   20.054538   0.300000
1.564782e+00   20.029006   0.300000
1.567646e+00   20.003511   0.300000
1.570515e+00   19.978054   0.300000
1.573390e+00   19.952634   0.300000
1.576270e+00   19.927252   0.300000
1.579155e+00   19.901907   0.300000
1.582046e+00   19.876599   0.300000
1.584942e+00   19.851328   0.300000
1.587843e+00   19.826095   0.300000
1.590749e+00   19.800899   0.300000
1.593661e+00   19.775740   0.300000
1.596578e+00   19.750618   0.300000
1.599501e+00   19.725534   0.300000
1.602428e+00   19.700487   0.300000
1.605361e+00   19.675477   0.300000
1.608300e+00   19.650504   0.300000
1.611244e+00   19.625568   0.300000
1.614193e+00   19.600669   0.300000
1.617148e+00   19.575808   0.300000
1.620108e+00   19.550983   0.300000
1.623073e+00   19.526196   0.300000
1.626044e+00   19.501445   0.300000
1.629021e+00   19.476732   0.300000
1.632003e+00   19.452056   0.300000
1.634990e+00   19.427416   0.300000
1.637983e+00   19.402814   0.300000
1.640981e+00   19.378248   0.300000
1.643985e+00   19.353719   0.300000
1.646994e+00   19.329228   0.300000
1.650008e+00   19.304773   0.300000
1.653029e+00   19.280355   0.300000
1.656054e+00   19.255973   0.300000
1.659086e+00   19.231629   0.300000
1.662123e+00   19.207321   0.300000
1.665165e+00   19.183050   0.300000
1.668213e+00   19.158816   0.300000
1.671267e+00   19.134619   0.300000
1.674326e+00   19.110458   0.300000
1.677390e+00   19.086334   0.300000
1.680461e+00   19.062247   0.300000
1.683537e+00   19.038196   0.300000
1.686618e+00   19.014182   0.300000
1.689706e+00   18.990204   0.300000
1.692798e+00   18.966263   0.300000
1.695897e+00   18.942359   0.300000
1.699001e+00   18.918491   0.300000
1.702111e+00   18.894659   0.300000
1.705227e+00   18.870865   0.300000
1.708348e+00   18.847106   0.300000
1.711475e+00   18.823384   0.300000
1.714608e+00   18.799698   0.300000
1.717746e+00   18.776049   0.300000
1.720891e+00   18.752436   0.300000
1.724041e+00   18.728860   0.300000
1.727196e+00   18.705320   0.300000
1.730358e+00   18.681816   0.300000
1.733525e+00   18.658348   0.300000
1.736698e+00   18.634917   0.300000
1.739877e+00   18.611522   0.300000
1.743062e+00   18.588163   0.300000
1.746252e+00   18.564840   0.300000
1.749449e+00   18.541553   0.300000
1.752651e+00   18.518303   0.300000
1.755859e+00   18.495089   0.300000
1.759073e+00   18.471910   0.300000
1.762293e+00   18.448768   0.300000
1.765519e+00   18.425662   0.300000
1.768750e+00   18.402592   0.300000
1.771988e+00   18.379558   0.300000
1.775232e+00   18.356559   0.300000
1.778481e+00   18.333597   0.300000
1.781736e+00   18.310671   0.300000
1.784998e+00   18.287780   0.300000
1.788265e+00   18.264926   0.300000
1.791538e+00   18.242107   0.300000
1.794818e+00   18.219324   0.300000
1.798103e+00   18.196577   0.300000
1.801394e+00   18.173866   0.300000
1.804692e+00   18.151190   0.300000
1.807995e+00   18.128550   0.300000
1.811304e+00   18.105946   0.300000
1.814620e+00   18.083377   0.300000
1.817941e+00   18.060844   0.300000
1.821269e+00   18.038347   0.300000
1.824603e+00   18.015885   0.300000
1.827943e+00   17.993459   0.300000
1.831289e+00   17.971068   0.300000
1.834641e+00   17.948713   0.300000
1.837999e+00   17.926394   0.300000
1.841363e+00   17.904110   0.300000
1.844734e+00   17.881861   0.300000
1.848110e+00   17.859647   0.300000
1.851493e+00   17.837469   0.300000
1.854882e+00   17.815327   0.300000
1.858277e+00   17.793219   0.300000
1.861679e+00   17.771147   0.300000
1.865087e+00   17.749111   0.300000
1.868500e+00   17.727109   0.300000
1.871921e+00   17.705143   0.300000
1.875347e+00   17.683212   0.300000
1.878780e+00   17.661316   0.300000
1.882219e+00   17.639455   0.300000
1.885664e+00   17.617629   0.300000
1.889116e+00   17.595839   0.300000
1.892574e+00   17.574083   0.300000
1.896038e+00   17.552363   0.300000
1.899508e+00   17.530677   0.300000
1.902985e+00   17.509026   0.300000
1.906469e+00   17.487411   0.300000
1.909958e+00   17.465830   0.300000
1.913454e+00   17.444284   0.300000
1.916957e+00   17.422773   0.300000
1.920466e+00   17.401297   0.300000
1.923981e+00   17.379856   0.300000
1.927503e+00   17.358449   0.300000
1.931031e+00   17.337077   0.300000
1.934565e+00   17.315740   0.300000
1.938107e+00   17.294438   0.300000
1.941654e+00   17.273170   0.300000
1.945208e+00   17.251937   0.300000
1.948769e+00   17.230738   0.300000
1.952336e+00   17.209574   0.300000
1.955909e+00   17.188445   0.300000
1.959490e+00   17.167350   0.300000
1.963076e+00   17.146290   0.300000
1.966670e+00   17.125264   0.300000
1.970270e+00   17.104272   0.300000
1.973876e+00   17.083315   0.300000
1.977489e+00   17.062392   0.300000
1.981109e+00   17.041504   0.300000
1.984735e+00   17.020650   0.300000
1.988368e+00   16.999830   0.300000
1.992007e+00   16.979044   0.300000
1.995654e+00   16.958293   0.300000
1.999307e+00   16.937576   0.300000
2.002966e+00   16.916893   0.300000
2.006633e+00   16.896244   0.300000
2.010306e+00   16.875629   0.300000
2.013985e+00   16.855048   0.300000
2.017672e+00   16.834502   0.300000
2.021365e+00   16.813989   0.300000
2.025065e+00   16.793510   0.300000
2.028772e+00   16.773066   0.300000
2.032485e+00   16.752655   0.300000
2.036206e+00   16.732278   0.300000
2.039933e+00   16.711935   0.300000
2.043667e+00   16.691626   0.300000
2.047407e+00   16.671351   0.300000
2.051155e+00   16.651109   0.300000
2.054910e+00   16.630901   0.300000
2.058671e+00   16.610727   0.300000
2.062439e+00   16.590586   0.300000
2.066214e+00   16.570480   0.300000
2.069997e+00   16.550406   0.300000
2.073785e+00   16.530367   0.300000
2.077581e+00   16.510361   0.300000
2.081384e+00   16.490388   0.300000
2.085194e+00   16.470449   0.300000
2.089011e+00   16.450544   0.300000
2.092835e+00   16.430671   0.300000
2.096666e+00   16.410833   0.300000
2.100503e+00   16.391027   0.300000
2.104348e+00   16.371255   0.300000
2.108200e+00   16.351517   0.300000
2.112059e+00   16.331811   0.300000
2.115925e+00   16.312139   0.300000
2.119798e+00   16.292500   0.300000
2.123678e+00   16.272894   0.300000
2.127565e+00   16.253321   0.300000
2.131460e+00   16.233782   0.300000
2.135361e+00   16.214275   0.300000
2.139270e+00   16.194802   0.300000
2.143186e+00   16.175362   0.300000
2.147109e+00   16.155954   0.300000
2.151039e+00   16.136580   0.300000
2.154976e+00   16.117238   0.300000
2.158921e+00   16.097929   0.300000
2.162873e+00   16.078654   0.300000
2.166832e+00   16.059411   0.300000
2.170798e+00   16.040201   0.300000
2.174771e+00   16.021023   0.300000
2.178752e+00   16.001879   0.300000
2.182740e+00   15.982767   0.300000
2.186735e+00   15.963687   0.300000
2.190738e+00   15.944641   0.300000
2.194748e+00   15.925627   0.300000
2.198766e+00   15.906645   0.300000
2.202790e+00   15.887696   0.300000
2.206822e+00   15.868780   0.300000
2.210862e+00   15.849896   0.300000
2.214909e+00   15.831044   0.300000
2.218963e+00   15.812225   0.300000
2.223024e+00   15.793438   0.300000
2.227094e+00   15.774684   0.300000
2.231170e+00   15.755962   0.300000
2.235254e+00   15.737272   0.300000
2.239346e+00   15.718614   0.300000
2.243445e+00   15.699989   0.300000
2.247551e+00   15.681396   0.300000
2.251665e+00   15.662835   0.300000
2.255787e+00   15.644306   0.300000
2.259916e+00   15.625809   0.300000
2.264052e+00   15.607344   0.300000
2.268197e+00   15.588911   0.300000
2.272348e+00   15.570510   0.300000
2.276508e+00   15.552141   0.300000
2.280675e+00   15.533804   0.300000
2.284849e+00   15.515499   0.300000
2.289032e+00   15.497226   0.300000
2.293222e+00   15.478985   0.300000
2.297419e+00   15.460775   0.300000
2.301624e+00   15.442597   0.300000
2.305837e+00   15.424451   0.300000
2.310058e+00   15.406336   0.300000
2.314286e+00   15.388253   0.300000
2.318523e+00   15.370202   0.300000
2.322767e+00   15.352182   0.300000
2.327018e+00   15.334194   0.300000
2.331278e+00   15.316237   0.300000
2.335545e+00   15.298312   0.300000
2.339820e+00   15.280418   0.300000
2.344103e+00   15.262555   0.300000
2.348394e+00   15.244724   0.300000
2.352692e+00   15.226924   0.300000
2.356999e+00   15.209156   0.300000
2.361313e+00   15.191419   0.300000
2.365635e+00   15.173713   0.300000
2.369965e+00   15.156038   0.300000
2.374303e+00   15.138395   0.300000
2.378649e+00   15.120782   0.300000
2.383003e+00   15.103201   0.300000
2.387365e+00   15.085650   0.300000
2.391735e+00   15.068131   0.300000
2.396113e+00   15.050643   0.300000
2.400499e+00   15.033185   0.300000
2.404893e+00   15.015759   0.300000
2.409295e+00   14.998363   0.300000
2.413705e+00   14.980999   0.300000
2.418123e+00   14.963665   0.300000
2.422549e+00   14.946362   0.300000
2.426984e+00   14.929089   0.300000
2.431426e+00   14.911848   0.300000
2.435877e+00   14.894637   0.300000
2.440335e+00   14.877456   0.300000
2.444802e+00   14.860307   0.300000
2.449277e+00   14.843188   0.300000
2.453761e+00   14.826099   0.300000
2.458252e+00   14.809041   0.300000
2.462752e+00   14.792013   0.300000
2.467260e+00   14.775016   0.300000
2.471776e+00   14.758049   0.300000
2.476300e+00   14.741113   0.300000
2.480833e+00   14.724207   0.300000
2.485374e+00   14.707331   0.300000
2.489923e+00   14.690485   0.300000
2.494481e+00   14.673670   0.300000
2.499047e+00   14.656885   0.300000
2.503621e+00   14.640130   0.300000
2.508204e+00   14.623405   0.300000
2.512795e+00   14.606710   0.300000
2.517395e+00   14.590045   0.300000
2.522003e+00   14.573411   0.300000
2.526619e+00   14.556806   0.300000
2.531244e+00   14.540231   0.300000
2.535877e+00   14.523686   0.300000
2.540519e+00   14.507171   0.300000
2.545169e+00   14.490686   0.300000
2.549828e+00   14.474231   0.300000
2.554495e+00   14.457805   0.300000
2.559171e+00   14.441409   0.300000
2.563855e+00   14.425043   0.300000
2.568548e+00   14.408706   0.300000
2.573250e+00   14.392399   0.300000
2.577960e+00   14.376122   0.300000
2.582679e+00   14.359874   0.300000
2.587406e+00   14.343656   0.300000
2.592142e+00   14.327467   0.300000
2.596887e+00   14.311308   0.300000
2.601640e+00   14.295178   0.300000
2.606403e+00   14.279077   0.300000
2.611173e+00   14.263006   0.300000
2.615953e+00   14.246964   0.300000
2.620741e+00   14.230951   0.300000
2.625538e+00   14.214968   0.300000
2.630344e+00   14.199014   0.300000
2.635159e+00   14.183089   0.300000
2.639983e+00   14.167193   0.300000
2.644815e+00   14.151326   0.300000
2.649656e+00   14.135488   0.300000
2.654506e+00   14.119679   0.300000
2.659365e+00   14.103899   0.300000
2.664233e+00   14.088148   0.300000
2.669109e+00   14.072426   0.300000
2.673995e+00   14.056733   0.300000
2.678890e+00   14.041069   0.300000
2.683793e+00   14.025434   0.300000
2.688706e+00   14.009827   0.300000
2.693627e+00   13.994249   0.300000
2.698558e+00   13.978700   0.300000
2.703497e+00   13.963179   0.300000
2.708446e+00   13.947687   0.300000
2.713403e+00   13.932224   0.300000
2.718370e+00   13.916789   0.300000
2.723346e+00   13.901382   0.300000
2.728331e+00   13.886004   0.300000
2.733325e+00   13.870655   0.300000
2.738328e+00   13.855334   0.300000
2.743340e+00   13.840041   0.300000
2.748362e+00   13.824777   0.300000
2.753393e+00   13.809541   0.300000
2.758433e+00   13.794333   0.300000
2.763482e+00   13.779154   0.300000
2.768540e+00   13.764002   0.300000
2.773608e+00   13.748879   0.300000
2.778685e+00   13.733784   0.300000
2.783771e+00   13.718717   0.300000
2.788866e+00   13.703678   0.300000
2.793971e+00   13.688667   0.300000
2.799085e+00   13.673684   0.300000
2.804209e+00   13.658729   0.300000
2.809342e+00   13.643802   0.300000
2.814484e+00   13.628903   0.300000
2.819636e+00   13.614031   0.300000
2.824797e+00   13.599188   0.300000
2.829968e+00   13.584372   0.300000
2.835148e+00   13.569583   0.300000
2.840337e+00   13.554823   0.300000
2.845536e+00   13.540090   0.300000
2.850745e+00   13.525385   0.300000
2.855963e+00   13.510707   0.300000
2.861191e+00   13.496057   0.300000
2.866428e+00   13.481434   0.300000
2.871675e+00   13.466839   0.300000
2.876931e+00   13.452271   0.300000
2.882197e+00   13.437731   0.300000
2.887473e+00   13.423218   0.300000
2.892758e+00   13.408732   0.300000
2.898053e+00   13.394274   0.300000
2.903358e+00   13.379843   0.300000
2.908672e+00   13.365439   0.300000
2.913996e+00   13.351062   0.300000
2.919330e+00   13.336712   0.300000
2.924674e+00   13.322390   0.300000
2.930027e+00   13.308094   0.300000
2.935391e+00   13.293826   0.300000
2.940764e+00   13.279585   0.300000
2.946146e+00   13.265370   0.300000
2.951539e+00   13.251183   0.300000
2.956942e+00   13.237022   0.300000
2.962354e+00   13.222888   0.300000
2.967777e+00   13.208781   0.300000
2.973209e+00   13.194701   0.300000
2.978651e+00   13.180647   0.300000
2.984104e+00   13.166621   0.300000
2.989566e+00   13.152620   0.300000
2.995038e+00   13.138647   0.300000
3.000520e+00   13.124700   0.300000
3.006012e+00   13.110780   0.300000
3.011515e+00   13.096886   0.300000
3.017027e+00   13.083019   0.300000
3.022550e+00   13.069178   0.300000
3.028082e+00   13.055363   0.300000
3.033625e+00   13.041575   0.300000
3.039178e+00   13.027813   0.300000
3.044741e+00   13.014078   0.300000
3.050314e+00   13.000369   0.300000
3.055897e+00   12.986686   0.300000
3.061491e+00   12.973029   0.300000
3.067095e+00   12.959399   0.300000
3.072709e+00   12.945794   0.300000
3.078333e+00   12.932216   0.300000
3.083968e+00   12.918663   0.300000
3.089613e+00   12.905137   0.300000
3.095268e+00   12.891637   0.300000
3.100934e+00   12.878162   0.300000
3.106610e+00   12.864714   0.300000
3.112297e+00   12.851291   0.300000
3.117993e+00   12.837894   0.300000
3.123701e+00   12.824523   0.300000
3.129418e+00   12.811178   0.300000
3.135147e+00   12.797859   0.300000
3.140885e+00   12.784565   0.300000
3.146635e+00   12.771297   0.300000
3.152394e+00   12.758054   0.300000
3.158165e+00   12.744837   0.300000
3.163945e+00   12.731646   0.300000
3.169737e+00   12.718480   0.300000
3.175539e+00   12.705339   0.300000
3.181351e+00   12.692224   0.300000
3.187175e+00   12.679135   0.300000
3.193009e+00   12.666071   0.300000
3.198853e+00   12.653032   0.300000
3.204708e+00   12.640018   0.300000
3.210574e+00   12.627030   0.300000
3.216451e+00   12.614067   0.300000
3.222339e+00   12.601129   0.300000
3.228237e+00   12.588216   0.300000
3.234146e+00   12.575328   0.300000
3.240066e+00   12.562465   0.300000
3.245997e+00   12.549628   0.300000
3.251938e+00   12.536815   0.300000
3.257891e+00   12.524028   0.300000
3.263854e+00   12.511265   0.300000
3.269828e+00   12.498527   0.300000
3.275814e+00   12.485814   0.300000
3.281810e+00   12.473126   0.300000
3.287817e+00   12.460463   0.300000
3.293835e+00   12.447824   0.300000
3.299864e+00   12.435210   0.300000
3.305904e+00   12.422621   0.300000
3.311956e+00   12.410057   0.300000
3.318018e+00   12.397517   0.300000
3.324091e+00   12.385001   0.300000
3.330176e+00   12.372510   0.300000
3.336272e+00   12.360044   0.300000
3.342378e+00   12.347602   0.300000
3.348496e+00   12.335185   0.300000
3.354626e+00   12.322792   0.300000
3.360766e+00   12.310423   0.300000
3.366918e+00   12.298079   0.300000
3.373081e+00   12.285759   0.300000
3.379255e+00   12.273463   0.300000
3.385440e+00   12.261191   0.300000
3.391637e+00   12.248944   0.300000
3.397845e+00   12.236720   0.300000
3.404065e+00   12.224521   0.300000
3.410296e+00   12.212346   0.300000
3.416538e+00   12.200195   0.300000
3.422792e+00   12.188068   0.300000
3.429057e+00   12.175965   0.300000
3.435334e+00   12.163886   0.300000
3.441622e+00   12.151830   0.300000
3.447922e+00   12.139799   0.300000
3.454233e+00   12.127791   0.300000
3.460555e+00   12.115807   0.300000
3.466890e+00   12.103847   0.300000
3.473236e+00   12.091911   0.300000
3.479593e+00   12.079998   0.300000
3.485962e+00   12.068109   0.300000
3.492343e+00   12.056244   0.300000
3.498736e+00   12.044402   0.300000
3.505140e+00   12.032583   0.300000
3.511556e+00   12.020789   0.300000
3.517984e+00   12.009017   0.300000
3.524423e+00   11.997269   0.300000
3.530874e+00   11.985545   0.300000
3.537337e+00   11.973843   0.300000
3.543812e+00   11.962166   0.300000
3.550299e+00   11.950511   0.300000
3.556797e+00   11.938880   0.300000
3.563308e+00   11.927272   0.300000
3.569830e+00   11.915687   0.300000
3.576365e+00   11.904125   0.300000
3.582911e+00   11.892586   0.300000
3.589469e+00   11.881071   0.300000
3.596040e+00   11.869578   0.300000
3.602622e+00   11.858109   0.300000
3.609216e+00   11.846662   0.300000
3.615823e+00   11.835238   0.300000
3.622441e+00   11.823838   0.300000
3.629072e+00   11.812460   0.300000
3.635715e+00   11.801105   0.300000
3.642370e+00   11.789773   0.300000
3.649037e+00   11.778463   0.300000
3.655716e+00   11.767176   0.300000
3.662408e+00   11.755912   0.300000
3.669111e+00   11.744671   0.300000
3.675827e+00   11.733452   0.300000
3.682556e+00   11.722256   0.300000
3.689297e+00   11.711083   0.300000
3.696050e+00   11.699931   0.300000
3.702815e+00   11.688803   0.300000
3.709593e+00   11.677697   0.300000
3.716383e+00   11.666613   0.300000
3.723185e+00   11.655552   0.300000
3.730001e+00   11.644512   0.300000
3.736828e+00   11.633496   0.300000
3.743668e+00   11.622501   0.300000
3.750521e+00   11.611529   0.300000
3.757386e+00   11.600579   0.300000
3.764263e+00   11.589651   0.300000
3.771154e+00   11.578746   0.300000
3.778056e+00   11.567862   0.300000
3.784972e+00   11.557000   0.300000
3.791900e+00   11.546161   0.300000
3.798841e+00   11.535343   0.300000
3.805794e+00   11.524548   0.300000
3.812761e+00   11.513774   0.300000
3.819740e+00   11.503023   0.300000
3.826732e+00   11.492293   0.300000
3.833736e+00   11.481585   0.300000
3.840753e+00   11.470898   0.300000
3.847784e+00   11.460234   0.300000
3.854827e+00   11.449591   0.300000
3.861883e+00   11.438970   0.300000
3.868952e+00   11.428371   0.300000
3.876034e+00   11.417793   0.300000
3.883129e+00   11.407237   0.300000
3.890236e+00   11.396702   0.300000
3.897357e+00   11.386189   0.300000
3.904491e+00   11.375697   0.300000
3.911638e+00   11.365227   0.300000
3.918798e+00   11.354778   0.300000
3.925971e+00   11.344351   0.300000
3.933157e+00   11.333945   0.300000
3.940357e+00   11.323560   0.300000
3.947569e+00   11.313196   0.300000
3.954795e+00   11.302854   0.300000
3.962034e+00   11.292533   0.300000
3.969286e+00   11.282233   0.300000
3.976552e+00   11.271955   0.300000
3.983831e+00   11.261697   0.300000
3.991123e+00   11.251461   0.300000
3.998428e+00   11.241245   0.300000
4.005747e+00   11.231051   0.300000
4.013079e+00   11.220877   0.300000
4.020425e+00   11.210725   0.300000
4.027784e+00   11.200593   0.300000
4.035157e+00   11.190482   0.300000
4.042543e+00   11.180392   0.300000
4.049942e+00   11.170323   0.300000
4.057356e+00   11.160275   0.300000
4.064782e+00   11.150247   0.300000
4.072223e+00   11.140240   0.300000
4.079677e+00   11.130254   0.300000
4.087144e+00   11.120288   0.300000
4.094625e+00   11.110343   0.300000
4.102120e+00   11.100419   0.300000
4.109629e+00   11.090515   0.300000
4.117151e+00   11.080632   0.300000
4.124688e+00   11.070769   0.300000
4.132238e+00   11.060926   0.300000
4.139801e+00   11.051104   0.300000
4.147379e+00   11.041302   0.300000
4.154971e+00   11.031521   0.300000
4.162576e+00   11.021760   0.300000
4.170195e+00   11.012019   0.300000
4.177829e+00   11.002299   0.300000
4.185476e+00   10.992598   0.300000
4.193137e+00   10.982918   0.300000
4.200812e+00   10.973258   0.300000
4.208502e+00   10.963618   0.300000
4.216205e+00   10.953998   0.300000
4.223923e+00   10.944399   0.300000
4.231654e+00   10.934819   0.300000
4.239400e+00   10.925259   0.300000
4.247160e+00   10.915719   0.300000
4.254934e+00   10.906199   0.300000
4.262722e+00   10.896699   0.300000
4.270525e+00   10.887219   0.300000
4.278342e+00   10.877758   0.300000
4.286173e+00   10.868318   0.300000
4.294019e+00   10.858897   0.300000
4.301879e+00   10.849496   0.300000
4.309753e+00   10.840114   0.300000
4.317642e+00   10.830752   0.300000
4.325545e+00   10.821410   0.300000
4.333463e+00   10.812087   0.300000
4.341395e+00   10.802784   0.300000
4.349341e+00   10.793501   0.300000
4.357302e+00   10.784237   0.300000
4.365278e+00   10.774992   0.300000
4.373269e+00   10.765767   0.300000
4.381274e+00   10.756561   0.300000
4.389293e+00   10.747374   0.300000
4.397328e+00   10.738207   0.300000
4.405377e+00   10.729059   0.300000
4.413440e+00   10.719931   0.300000
4.421519e+00   10.710821   0.300000
4.429612e+00   10.701731   0.300000
4.437720e+00   10.692660   0.300000
4.445843e+00   10.683608   0.300000
4.453981e+00   10.674576   0.300000
4.462134e+00   10.665562   0.300000
4.470301e+00   10.656567   0.300000
4.478484e+00   10.647592   0.300000
4.486682e+00   10.638635   0.300000
4.494894e+00   10.629697   0.300000
4.503122e+00   10.620778   0.300000
4.511364e+00   10.611879   0.300000
4.519622e+00   10.602997   0.300000
4.527895e+00   10.594135   0.300000
4.536183e+00   10.585292   0.300000
4.544486e+00   10.576467   0.300000
4.552805e+00   10.567661   0.300000
4.561138e+00   10.558874   0.300000
4.569487e+00   10.550105   0.300000
4.577851e+00   10.541355   0.300000
4.586231e+00   10.532623   0.300000
4.594626e+00   10.523910   0.300000
4.603036e+00   10.515216   0.300000
4.611461e+00   10.506540   0.300000
4.619902e+00   10.497883   0.300000
4.628359e+00   10.489244   0.300000
4.636831e+00   10.480623   0.300000
4.645318e+00   10.472021   0.300000
4.653821e+00   10.463437   0.300000
4.662340e+00   10.454872   0.300000
4.670874e+00   10.446325   0.300000
4.679423e+00   10.437796   0.300000
4.687989e+00   10.429285   0.300000
4.696570e+00   10.420792   0.300000
4.705167e+00   10.412318   0.300000
4.713779e+00   10.403862   0.300000
4.722407e+00   10.395424   0.300000
4.731051e+00   10.387003   0.300000
4.739711e+00   10.378601   0.300000
4.748387e+00   10.370217   0.300000
4.757079e+00   10.361851   0.300000
4.765786e+00   10.353503   0.300000
4.774510e+00   10.345173   0.300000
4.783249e+00   10.336861   0.300000
4.792005e+00   10.328566   0.300000
4.800776e+00   10.320289   0.300000
4.809564e+00   10.312030   0.300000
4.818367e+00   10.303789   0.300000
4.827187e+00   10.295566   0.300000
4.836023e+00   10.287360   0.300000
4.844875e+00   10.279172   0.300000
4.853743e+00   10.271002   0.300000
4.862627e+00   10.262849   0.300000
4.871528e+00   10.254714   0.300000
4.880445e+00   10.246596   0.300000
4.889378e+00   10.238496   0.300000
4.898328e+00   10.230414   0.300000
4.907294e+00   10.222348   0.300000
4.916277e+00   10.214301   0.300000
4.925276e+00   10.206270   0.300000
4.934291e+00   10.198257   0.300000
4.943323e+00   10.190262   0.300000
4.952371e+00   10.182283   0.300000
4.961436e+00   10.174322   0.300000
4.970518e+00   10.166378   0.300000
4.979616e+00   10.158452   0.300000
4.988731e+00   10.150542   0.300000
4.997863e+00   10.142650   0.300000
5.007011e+00   10.134775   0.300000
5.016176e+00   10.126917   0.300000
5.025358e+00   10.119076   0.300000
5.034556e+00   10.111252   0.300000
5.043772e+00   10.103445   0.300000
5.053004e+00   10.095656   0.300000
5.062253e+00   10.087883   0.300000
5.071519e+00   10.080127   0.300000
5.080802e+00   10.072387   0.300000
5.090102e+00   10.064665   0.300000
5.099420e+00   10.056960   0.300000
5.108754e+00   10.049271   0.300000
5.118105e+00   10.041599   0.300000
5.127473e+00   10.033944   0.300000
5.136859e+00   10.026306   0.300000
5.146262e+00   10.018684   0.300000
5.155681e+00   10.011079   0.300000
5.165119e+00   10.003491   0.300000
5.174573e+00   9.995919   0.300000
5.184045e+00   9.988364   0.300000
5.193534e+00   9.980825   0.300000
5.203040e+00   9.973303   0.300000
5.212564e+00   9.965798   0.300000
5.222105e+00   9.958308   0.300000
5.231664e+00   9.950836   0.300000
5.241240e+00   9.943379   0.300000
5.250834e+00   9.935939   0.300000
5.260445e+00   9.928516   0.300000
5.270074e+00   9.921108   0.300000
5.279721e+00   9.913717   0.300000
5.289385e+00   9.906343   0.300000
5.299067e+00   9.898984   0.300000
5.308766e+00   9.891642   0.300000
5.318484e+00   9.884316   0.300000
5.328219e+00   9.877006   0.300000
5.337972e+00   9.869712   0.300000
5.347743e+00   9.862434   0.300000
5.357531e+00   9.855172   0.300000
5.367338e+00   9.847927   0.300000
5.377163e+00   9.840697   0.300000
5.387005e+00   9.833483   0.300000
5.396866e+00   9.826285   0.300000
5.406744e+00   9.819104   0.300000
5.416641e+00   9.811938   0.300000
5.426556e+00   9.804788   0.300000
5.436489e+00   9.797653   0.300000
5.446440e+00   9.790535   0.300000
5.456409e+00   9.783432   0.300000
5.466397e+00   9.776345   0.300000
5.476403e+00   9.769274   0.300000
5.486427e+00   9.762219   0.300000
5.496470e+00   9.755179   0.300000
5.506530e+00   9.748155   0.300000
5.516610e+00   9.741146   0.300000
5.526708e+00   9.734153   0.300000
5.536824e+00   9.727176   0.300000
5.546959e+00   9.720214   0.300000
5.557112e+00   9.713268   0.300000
5.567284e+00   9.706337   0.300000
5.577475e+00   9.699422   0.300000
5.587684e+00   9.692522   0.300000
5.597912e+00   9.685637   0.300000
5.608158e+00   9.678768   0.300000
5.618424e+00   9.671914   0.300000
5.628708e+00   9.665076   0.300000
5.639011e+00   9.658252   0.300000
5.649333e+00   9.651444   0.300000
5.659673e+00   9.644652   0.300000
5.670033e+00   9.637874   0.300000
5.680412e+00   9.631112   0.300000
5.690809e+00   9.624365   0.300000
5.701226e+00   9.617633   0.300000
5.711662e+00   9.610916   0.300000
5.722116e+00   9.604214   0.300000
5.732590e+00   9.597527   0.300000
5.743084e+00   9.590855   0.300000
5.753596e+00   9.584198   0.300000
5.764128e+00   9.577556   0.300000
5.774678e+00   9.570929   0.300000
5.785249e+00   9.564318   0.300000
5.795838e+00   9.557720   0.300000
5.806447e+00   9.551138   0.300000
5.817075e+00   9.544571   0.300000
5.827723e+00   9.538018   0.300000
5.838390e+00   9.531480   0.300000
5.849077e+00   9.524957   0.300000
5.859784e+00   9.518449   0.300000
5.870509e+00   9.511956   0.300000
5.881255e+00   9.505477   0.300000
5.892020e+00   9.499012   0.300000
5.902805e+00   9.492563   0.300000
5.913610e+00   9.486128   0.300000
5.924434e+00   9.479707   0.300000
5.935279e+00   9.473301   0.300000
5.946143e+00   9.466910   0.300000
5.957027e+00   9.460533   0.300000
5.967931e+00   9.454171   0.300000
5.978855e+00   9.447823   0.300000
5.989799e+00   9.441489   0.300000
6.000763e+00   9.435170   0.300000
6.011747e+00   9.428865   0.300000
6.022751e+00   9.422575   0.300000
6.033775e+00   9.416299   0.300000
6.044819e+00   9.410037   0.300000
6.055884e+00   9.403790   0.300000
6.066969e+00   9.397556   0.300000
6.078074e+00   9.391337   0.300000
6.089200e+00   9.385132   0.300000
6.100346e+00   9.378942   0.300000
6.111512e+00   9.372765   0.300000
6.122699e+00   9.366603   0.300000
6.133906e+00   9.360454   0.300000
6.145134e+00   9.354320   0.300000
6.156382e+00   9.348200   0.300000
6.167651e+00   9.342094   0.300000
6.178940e+00   9.336002   0.300000
6.190250e+00   9.329923   0.300000
6.201581e+00   9.323859   0.300000
6.212933e+00   9.317809   0.300000
6.224305e+00   9.311772   0.300000
6.235698e+00   9.305750   0.300000
6.247112e+00   9.299741   0.300000
6.258547e+00   9.293746   0.300000
6.270003e+00   9.287765   0.300000
6.281480e+00   9.281797   0.300000
6.292978e+00   9.275844   0.300000
6.304497e+00   9.269904   0.300000
6.316037e+00   9.263978   0.300000
6.327598e+00   9.258065   0.300000
6.339180e+00   9.252166   0.300000
6.350784e+00   9.246281   0.300000
6.362408e+00   9.240409   0.300000
6.374054e+00   9.234551   0.300000
6.385722e+00   9.228707   0.300000
6.397410e+00   9.222876   0.300000
6.409120e+00   9.217058   0.300000
6.420852e+00   9.211254   0.300000
6.432605e+00   9.205464   0.300000
6.444379e+00   9.199687   0.300000
6.456175e+00   9.193923   0.300000
6.467993e+00   9.188173   0.300000
6.479832e+00   9.182436   0.300000
6.491693e+00   9.176712   0.300000
6.503576e+00   9.171002   0.300000
6.515480e+00   9.165305   0.300000
6.527406e+00   9.159621   0.300000
6.539354e+00   9.153950   0.300000
6.551324e+00   9.148293   0.300000
6.563316e+00   9.142649   0.300000
6.575329e+00   9.137018   0.300000
6.587365e+00   9.131400   0.300000
6.599423e+00   9.125796   0.300000
6.611503e+00   9.120204   0.300000
6.623605e+00   9.114626   0.300000
6.635729e+00   9.109060   0.300000
6.647875e+00   9.103508   0.300000
6.660044e+00   9.097969   0.300000
6.672234e+00   9.092442   0.300000
6.684447e+00   9.086929   0.300000
6.696683e+00   9.081429   0.300000
6.708941e+00   9.075941   0.300000
6.721221e+00   9.070466   0.300000
6.733524e+00   9.065005   0.300000
6.745849e+00   9.059556   0.300000
6.758197e+00   9.054120   0.300000
6.770567e+00   9.048696   0.300000
6.782960e+00   9.043286   0.300000
6.795376e+00   9.037888   0.300000
6.807815e+00   9.032503   0.300000
6.820276e+00   9.027131   0.300000
6.832760e+00   9.021771   0.300000
6.845267e+00   9.016425   0.300000
6.857797e+00   9.011090   0.300000
6.870349e+00   9.005769   0.300000
6.882925e+00   9.000460   0.300000
6.895524e+00   8.995163   0.300000
6.908146e+00   8.989879   0.300000
6.920791e+00   8.984608   0.300000
6.933459e+00   8.979349   0.300000
6.946150e+00   8.974103   0.300000
6.958864e+00   8.968869   0.300000
6.971602e+00   8.963647   0.300000
6.984363e+00   8.958438   0.300000
6.997148e+00   8.953242   0.300000
7.009956e+00   8.948058   0.300000
7.022787e+00   8.942886   0.300000
7.035642e+00   8.937726   0.300000
7.048520e+00   8.932579   0.300000
7.061422e+00   8.927444   0.300000
7.074347e+00   8.922321   0.300000
7.087296e+00   8.917211   0.300000
7.100269e+00   8.912113   0.300000
7.113266e+00   8.907027   0.300000
7.126286e+00   8.901953   0.300000
7.139330e+00   8.896892   0.300000
7.152398e+00   8.891842   0.300000
7.165490e+00   8.886805   0.300000
7.178606e+00   8.881780   0.300000
7.191746e+00   8.876766   0.300000
7.204910e+00   8.871765   0.300000
7.218099e+00   8.866776   0.300000
7.231311e+00   8.861799   0.300000
7.244547e+00   8.856834   0.300000
7.257808e+00   8.851881   0.300000
7.271093e+00   8.846940   0.300000
7.284402e+00   8.842011   0.300000
7.297736e+00   8.837094   0.300000
7.311094e+00   8.832188   0.300000
7.324476e+00   8.827295   0.300000
7.337883e+00   8.822413   0.300000
7.351315e+00   8.817543   0.300000
7.364771e+00   8.812685   0.300000
7.378252e+00   8.807839   0.300000
7.391757e+00   8.803005   0.300000
7.405287e+00   8.798182   0.300000
7.418842e+00   8.793371   0.300000
7.432422e+00   8.788572   0.300000
7.446026e+00   8.783784   0.300000
7.459656e+00   8.779008   0.300000
7.473310e+00   8.774244   0.300000
7.486990e+00   8.769491   0.300000
7.500694e+00   8.764750   0.300000
7.514424e+00   8.760021   0.300000
7.528178e+00   8.755303   0.300000
7.541958e+00   8.750597   0.300000
7.555763e+00   8.745902   0.300000
7.569594e+00   8.741219   0.300000
7.583449e+00   8.736547   0.300000
7.597330e+00   8.731886   0.300000
7.611237e+00   8.727237   0.300000
7.625169e+00   8.722600   0.300000
7.639126e+00   8.717974   0.300000
7.653109e+00   8.713359   0.300000
7.667117e+00   8.708756   0.300000
7.681152e+00   8.704164   0.300000
7.695211e+00   8.699583   0.300000
7.709297e+00   8.695014   0.300000
7.723408e+00   8.690456   0.300000
7.737546e+00   8.685909   0.300000
7.751709e+00   8.681373   0.300000
7.765898e+00   8.676849   0.300000
7.780113e+00   8.672336   0.300000
7.794354e+00   8.667834   0.300000
7.808621e+00   8.663343   0.300000
7.822914e+00   8.658864   0.300000
7.837233e+00   8.654395   0.300000
7.851579e+00   8.649938   0.300000
7.865951e+00   8.645492   0.300000
7.880349e+00   8.641056   0.300000
7.894773e+00   8.636632   0.300000
7.909224e+00   8.632219   0.300000
7.923701e+00   8.627817   0.300000
7.938205e+00   8.623426   0.300000
7.952736e+00   8.619046   0.300000
7.967292e+00   8.614677   0.300000
7.981876e+00   8.610319   0.300000
7.996486e+00   8.605971   0.300000
8.011123e+00   8.601635   0.300000
8.025787e+00   8.597310   0.300000
8.040478e+00   8.592995   0.300000
8.055196e+00   8.588691   0.300000
8.069940e+00   8.584398   0.300000
8.084712e+00   8.580116   0.300000
8.099510e+00   8.575845   0.300000
8.114336e+00   8.571585   0.300000
8.129189e+00   8.567335   0.300000
8.144068e+00   8.563096   0.300000
8.158976e+00   8.558868   0.300000
8.173910e+00   8.554650   0.300000
8.188872e+00   8.550443   0.300000
8.203861e+00   8.546247   0.300000
8.218878e+00   8.542061   0.300000
8.233922e+00   8.537886   0.300000
8.248994e+00   8.533722   0.300000
8.264093e+00   8.529568   0.300000
8.279220e+00   8.525425   0.300000
8.294374e+00   8.521293   0.300000
8.309557e+00   8.517171   0.300000
8.324767e+00   8.513059   0.300000
8.340005e+00   8.508958   0.300000
8.355271e+00   8.504868   0.300000
8.370564e+00   8.500787   0.300000
8.385886e+00   8.496718   0.300000
8.401236e+00   8.492659   0.300000
8.416614e+00   8.488610   0.300000
8.432020e+00   8.484572   0.300000
8.447454e+00   8.480544   0.300000
8.462917e+00   8.476526   0.300000
8.478408e+00   8.472519   0.300000
8.493927e+00   8.468522   0.300000
8.509474e+00   8.464536   0.300000
8.525050e+00   8.460559   0.300000
8.540655e+00   8.456594   0.300000
8.556288e+00   8.452638   0.300000
8.571950e+00   8.448692   0.300000
8.587640e+00   8.444757   0.300000
8.603359e+00   8.440832   0.300000
8.619107e+00   8.436917   0.300000
8.634884e+00   8.433013   0.300000
8.650689e+00   8.429118   0.300000
8.666524e+00   8.425234   0.300000
8.682388e+00   8.421360   0.300000
8.698280e+00   8.417496   0.300000
8.714202e+00   8.413642   0.300000
8.730152e+00   8.409798   0.300000
8.746132e+00   8.405964   0.300000
8.762142e+00   8.402141   0.300000
8.778180e+00   8.398327   0.300000
8.794248e+00   8.394523   0.300000
8.810345e+00   8.390730   0.300000
8.826472e+00   8.386946   0.300000
8.842628e+00   8.383172   0.300000
8.858814e+00   8.379409   0.300000
8.875030e+00   8.375655   0.300000
8.891275e+00   8.371911   0.300000
8.907550e+00   8.368177   0.300000
8.923855e+00   8.364453   0.300000
8.940189e+00   8.360739   0.300000
8.956554e+00   8.357034   0.300000
8.972948e+00   8.353340   0.300000
8.989372e+00   8.349655   0.300000
9.005827e+00   8.345980   0.300000
9.022311e+00   8.342315   0.300000
9.038826e+00   8.338660   0.300000
9.055371e+00   8.335014   0.300000
9.071946e+00   8.331378   0.300000
9.088552e+00   8.327752   0.300000
9.105188e+00   8.324136   0.300000
9.121855e+00   8.320529   0.300000
9.138552e+00   8.316932   0.300000
9.155279e+00   8.313345   0.300000
9.172037e+00   8.309768   0.300000
9.188826e+00   8.306200   0.300000
9.205646e+00   8.302641   0.300000
9.222496e+00   8.299093   0.300000
9.239377e+00   8.295553   0.300000
9.256289e+00   8.292024   0.300000
9.273232e+00   8.288504   0.300000
9.290206e+00   8.284993   0.300000
9.307211e+00   8.281493   0.300000
9.324248e+00   8.278001   0.300000
9.341315e+00   8.274519   0.300000
9.358414e+00   8.271047   0.300000
9.375544e+00   8.267584   0.300000
9.392705e+00   8.264131   0.300000
9.409898e+00   8.260687   0.300000
9.427122e+00   8.257252   0.300000
9.444378e+00   8.253827   0.300000
9.461665e+00   8.250411   0.300000
9.478984e+00   8.247005   0.300000
9.496335e+00   8.243608   0.300000
9.513717e+00   8.240220   0.300000
9.531131e+00   8.236842   0.300000
9.548577e+00   8.233473   0.300000
9.566056e+00   8.230114   0.300000
9.583566e+00   8.226763   0.300000
9.601108e+00   8.223422   0.300000
9.618682e+00   8.220091   0.300000
9.636288e+00   8.216768   0.300000
9.653927e+00   8.213455   0.300000
9.671598e+00   8.210151   0.300000
9.689301e+00   8.206856   0.300000
9.707037e+00   8.203571   0.300000
9.724805e+00   8.200294   0.300000
9.742605e+00   8.197027   0.300000
9.760439e+00   8.193769   0.300000
9.778304e+00   8.190520   0.300000
9.796203e+00   8.187281   0.300000
9.814134e+00   8.184050   0.300000
9.832098e+00   8.180829   0.300000
9.850095e+00   8.177616   0.300000
9.868125e+00   8.174413   0.300000
9.886188e+00   8.171219   0.300000
9.904284e+00   8.168034   0.300000
9.922414e+00   8.164858   0.300000
9.940576e+00   8.161691   0.300000
9.958772e+00   8.158532   0.300000
9.977000e+00   8.155383   0.300000
9.995263e+00   8.152243   0.300000
1.001356e+01   8.149112   0.300000
1.003189e+01   8.145990   0.300000
1.005025e+01   8.142877   0.300000
1.006865e+01   8.139773   0.300000
1.008708e+01   8.136678   0.300000
1.010554e+01   8.133591   0.300000
1.012404e+01   8.130514   0.300000
1.014257e+01   8.127445   0.300000
1.016113e+01   8.124386   0.300000
1.017973e+01   8.121335   0.300000
1.019837e+01   8.118293   0.300000
1.021703e+01   8.115260   0.300000
1.023574e+01   8.112236   0.300000
1.025447e+01   8.109220   0.300000
1.027324e+01   8.106213   0.300000
1.029205e+01   8.103215   0.300000
1.031089e+01   8.100226   0.300000
1.032976e+01   8.097246   0.300000
1.034867e+01   8.094274   0.300000
1.036761e+01   8.091312   0.300000
1.038659e+01   8.088358   0.300000
1.040560e+01   8.085412   0.300000
1.042465e+01   8.082476   0.300000
1.044373e+01   8.079548   0.300000
1.046284e+01   8.076628   0.300000
1.048200e+01   8.073718   0.300000
1.050118e+01   8.070816   0.300000
1.052040e+01   8.067922   0.300000
1.053966e+01   8.065038   0.300000
1.055895e+01   8.062162   0.300000
1.057828e+01   8.059294   0.300000
1.059764e+01   8.056435   0.300000
1.061704e+01   8.053585   0.300000
1.063648e+01   8.050743   0.300000
1.065594e+01   8.047910   0.300000
1.067545e+01   8.045086   0.300000
1.069499e+01   8.042270   0.300000
1.071457e+01   8.039462   0.300000
1.073418e+01   8.036663   0.300000
1.075383e+01   8.033873   0.300000
1.077351e+01   8.031091   0.300000
1.079323e+01   8.028317   0.300000
1.081299e+01   8.025552   0.300000
1.083278e+01   8.022796   0.300000
1.085261e+01   8.020048   0.300000
1.087247e+01   8.017308   0.300000
1.089238e+01   8.014577   0.300000
1.091231e+01   8.011854   0.300000
1.093229e+01   8.009140   0.300000
1.095230e+01   8.006434   0.300000
1.097235e+01   8.003736   0.300000
1.099243e+01   8.001047   0.300000
1.101255e+01   7.998366   0.300000
1.103271e+01   7.995694   0.300000
1.105290e+01   7.993030   0.300000
1.107314e+01   7.990374   0.300000
1.109340e+01   7.987726   0.300000
1.111371e+01   7.985087   0.300000
1.113405e+01   7.982457   0.300000
1.115443e+01   7.979834   0.300000
1.117485e+01   7.977220   0.300000
1.119531e+01   7.974614   0.300000
1.121580e+01   7.972016   0.300000
1.123633e+01   7.969427   0.300000
1.125689e+01   7.966845   0.300000
1.127750e+01   7.964272   0.300000
1.129814e+01   7.961708   0.300000
1.131882e+01   7.959151   0.300000
1.133954e+01   7.956603   0.300000
1.136030e+01   7.954063   0.300000
1.138109e+01   7.951531   0.300000
1.140192e+01   7.949007   0.300000
1.142279e+01   7.946492   0.300000
1.144370e+01   7.943984   0.300000
1.146465e+01   7.941485   0.300000
1.148564e+01   7.938994   0.300000
1.150666e+01   7.936511   0.300000
1.152772e+01   7.934036   0.300000
1.154882e+01   7.931569   0.300000
1.156996e+01   7.929110   0.300000
1.159114e+01   7.926660   0.300000
1.161236e+01   7.924217   0.300000
1.163361e+01   7.921783   0.300000
1.165491e+01   7.919356   0.300000
1.167624e+01   7.916938   0.300000
1.169761e+01   7.914528   0.300000
1.171902e+01   7.912126   0.300000
1.174048e+01   7.909732   0.300000
1.176197e+01   7.907345   0.300000
1.178350e+01   7.904967   0.300000
1.180506e+01   7.902597   0.300000
1.182667e+01   7.900235   0.300000
1.184832e+01   7.897881   0.300000
1.187001e+01   7.895535   0.300000
1.189174e+01   7.893196   0.300000
1.191350e+01   7.890866   0.300000
1.193531e+01   7.888544   0.300000
1.195716e+01   7.886229   0.300000
1.197904e+01   7.883923   0.300000
1.200097e+01   7.881624   0.300000
1.202294e+01   7.879334   0.300000
1.204494e+01   7.877051   0.300000
1.206699e+01   7.874776   0.300000
1.208908e+01   7.872509   0.300000
1.211121e+01   7.870250   0.300000
1.213338e+01   7.867999   0.300000
1.215559e+01   7.865756   0.300000
1.217784e+01   7.863521   0.300000
1.220013e+01   7.861293   0.300000
1.222246e+01   7.859074   0.300000
1.224483e+01   7.856862   0.300000
1.226724e+01   7.854658   0.300000
1.228970e+01   7.852461   0.300000
1.231219e+01   7.850273   0.300000
1.233473e+01   7.848092   0.300000
1.235731e+01   7.845920   0.300000
1.237993e+01   7.843755   0.300000
1.240259e+01   7.841598   0.300000
1.242529e+01   7.839448   0.300000
1.244803e+01   7.837306   0.300000
1.247082e+01   7.835173   0.300000
1.249365e+01   7.833046   0.300000
1.251652e+01   7.830928   0.300000
1.253943e+01   7.828817   0.300000
1.256238e+01   7.826715   0.300000
1.258537e+01   7.824619   0.300000
1.260841e+01   7.822532   0.300000
1.263149e+01   7.820452   0.300000
1.265461e+01   7.818380   0.300000
1.267777e+01   7.816316   0.300000
1.270098e+01   7.814259   0.300000
1.272423e+01   7.812210   0.300000
1.274752e+01   7.810169   0.300000
1.277085e+01   7.808135   0.300000
1.279423e+01   7.806110   0.300000
1.281765e+01   7.804091   0.300000
1.284111e+01   7.802081   0.300000
1.286461e+01   7.800078   0.300000
1.288816e+01   7.798082   0.300000
1.291175e+01   7.796095   0.300000
1.293539e+01   7.794115   0.300000
1.295906e+01   7.792142   0.300000
1.298279e+01   7.790177   0.300000
1.300655e+01   7.788220   0.300000
1.303036e+01   7.786271   0.300000
1.305421e+01   7.784329   0.300000
1.307810e+01   7.782394   0.300000
1.310204e+01   7.780467   0.300000
1.312602e+01   7.778548   0.300000
1.315005e+01   7.776636   0.300000
1.317412e+01   7.774732   0.300000
1.319824e+01   7.772836   0.300000
1.322239e+01   7.770947   0.300000
1.324660e+01   7.769065   0.300000
1.327084e+01   7.767192   0.300000
1.329513e+01   7.765325   0.300000
1.331947e+01   7.763466   0.300000
1.334385e+01   7.761615   0.300000
1.336828e+01   7.759771   0.300000
1.339275e+01   7.757935   0.300000
1.341726e+01   7.756106   0.300000
1.344182e+01   7.754285   0.300000
1.346642e+01   7.752471   0.300000
1.349107e+01   7.750665   0.300000
1.351577e+01   7.748867   0.300000
1.354051e+01   7.747075   0.300000
1.356529e+01   7.745292   0.300000
1.359012e+01   7.743515   0.300000
1.361500e+01   7.741747   0.300000
1.363992e+01   7.739985   0.300000
1.366489e+01   7.738231   0.300000
1.368990e+01   7.736485   0.300000
1.371496e+01   7.734746   0.300000
1.374006e+01   7.733015   0.300000
1.376521e+01   7.731291   0.300000
1.379041e+01   7.729574   0.300000
1.381565e+01   7.727865   0.300000
1.384094e+01   7.726163   0.300000
1.386628e+01   7.724469   0.300000
1.389166e+01   7.722782   0.300000
1.391708e+01   7.721103   0.300000
1.394256e+01   7.719430   0.300000
1.396808e+01   7.717766   0.300000
1.399365e+01   7.716109   0.300000
1.401926e+01   7.714459   0.300000
1.404492e+01   7.712816   0.300000
1.407063e+01   7.711181   0.300000
1.409639e+01   7.709554   0.300000
1.412219e+01   7.707934   0.300000
1.414804e+01   7.706321   0.300000
1.417394e+01   7.704715   0.300000
1.419988e+01   7.703117   0.300000
1.422587e+01   7.701526   0.300000
1.425191e+01   7.699943   0.300000
1.427800e+01   7.698367   0.300000
1.430413e+01   7.696799   0.300000
1.433032e+01   7.695237   0.300000
1.435655e+01   7.693683   0.300000
1.438283e+01   7.692137   0.300000
1.440915e+01   7.690598   0.300000
1.443553e+01   7.689066   0.300000
1.446195e+01   7.687541   0.300000
1.448842e+01   7.686024   0.300000
1.451494e+01   7.684514   0.300000
1.454151e+01   7.683012   0.300000
1.456813e+01   7.681517   0.300000
1.459480e+01   7.680029   0.300000
1.462151e+01   7.678548   0.300000
1.464827e+01   7.677075   0.300000
1.467509e+01   7.675609   0.300000
1.470195e+01   7.674151   0.300000
1.472886e+01   7.672700   0.300000
1.475582e+01   7.671256   0.300000
1.478283e+01   7.669819   0.300000
1.480989e+01   7.668390   0.300000
1.483700e+01   7.666968   0.300000
1.486416e+01   7.665553   0.300000
1.489136e+01   7.664146   0.300000
1.491862e+01   7.662746   0.300000
1.494593e+01   7.661353   0.300000
1.497329e+01   7.659968   0.300000
1.500069e+01   7.658589   0.300000
1.502815e+01   7.657219   0.300000
1.505566e+01   7.655855   0.300000
1.508322e+01   7.654499   0.300000
1.511083e+01   7.653150   0.300000
1.513849e+01   7.651808   0.300000
1.516620e+01   7.650473   0.300000
1.519396e+01   7.649146   0.300000
1.522177e+01   7.647826   0.300000
1.524963e+01   7.646514   0.300000
1.527754e+01   7.645208   0.300000
1.530551e+01   7.643910   0.300000
1.533353e+01   7.642620   0.300000
1.536159e+01   7.641336   0.300000
1.538971e+01   7.640060   0.300000
1.541788e+01   7.638791   0.300000
1.544610e+01   7.637529   0.300000
1.547438e+01   7.636275   0.300000
1.550270e+01   7.635027   0.300000
1.553108e+01   7.633788   0.300000
1.555951e+01   7.632555   0.300000
1.558799e+01   7.631330   0.300000
1.561652e+01   7.630111   0.300000
1.564510e+01   7.628901   0.300000
1.567374e+01   7.627697   0.300000
1.570243e+01   7.626501   0.300000
1.573117e+01   7.625312   0.300000
1.575997e+01   7.624130   0.300000
1.578882e+01   7.622955   0.300000
1.581772e+01   7.621788   0.300000
1.584667e+01   7.620628   0.300000
1.587568e+01   7.619475   0.300000
1.590474e+01   7.618330   0.300000
1.593385e+01   7.617192   0.300000
1.596301e+01   7.616061   0.300000
1.599223e+01   7.614937   0.300000
1.602151e+01   7.613820   0.300000
1.605083e+01   7.612711   0.300000
1.608021e+01   7.611609   0.300000
1.610965e+01   7.610515   0.300000
1.613913e+01   7.609427   0.300000
1.616868e+01   7.608347   0.300000
1.619827e+01   7.607274   0.300000
1.622792e+01   7.606208   0.300000
1.625762e+01   7.605150   0.300000
1.628738e+01   7.604099   0.300000
1.631720e+01   7.603055   0.300000
1.634706e+01   7.602018   0.300000
1.637699e+01   7.600989   0.300000
1.640696e+01   7.599967   0.300000
1.643700e+01   7.598952   0.300000
1.646708e+01   7.597945   0.300000
1.649722e+01   7.596944   0.300000
1.652742e+01   7.595951   0.300000
1.655767e+01   7.594966   0.300000
1.658798e+01   7.593987   0.300000
1.661834e+01   7.593016   0.300000
1.664876e+01   7.592052   0.300000
1.667924e+01   7.591095   0.300000
1.670977e+01   7.590146   0.300000
1.674035e+01   7.589204   0.300000
1.677100e+01   7.588269   0.300000
1.680169e+01   7.587342   0.300000
1.683245e+01   7.586421   0.300000
1.686326e+01   7.585508   0.300000
1.689413e+01   7.584603   0.300000
1.692505e+01   7.583704   0.300000
1.695603e+01   7.582813   0.300000
1.698707e+01   7.581929   0.300000
1.701816e+01   7.581053   0.300000
1.704931e+01   7.580184   0.300000
1.708052e+01   7.579322   0.300000
1.711178e+01   7.578467   0.300000
1.714311e+01   7.577620   0.300000
1.717449e+01   7.576780   0.300000
1.720592e+01   7.575947   0.300000
1.723742e+01   7.575122   0.300000
1.726897e+01   7.574304   0.300000
1.730058e+01   7.573493   0.300000
1.733225e+01   7.572689   0.300000
1.736397e+01   7.571893   0.300000
1.739576e+01   7.571104   0.300000
1.742760e+01   7.570323   0.300000
1.745950e+01   7.569549   0.300000
1.749146e+01   7.568782   0.300000
1.752347e+01   7.568022   0.300000
1.755555e+01   7.567270   0.300000
1.758768e+01   7.566525   0.300000
1.761988e+01   7.565788   0.300000
1.765213e+01   7.565057   0.300000
1.768444e+01   7.564335   0.300000
1.771681e+01   7.563619   0.300000
1.774924e+01   7.562911   0.300000
1.778173e+01   7.562210   0.300000
1.781428e+01   7.561517   0.300000
1.784688e+01   7.560831   0.300000
1.787955e+01   7.560152   0.300000
1.791228e+01   7.559481   0.300000
1.794507e+01   7.558817   0.300000
1.797791e+01   7.558161   0.300000
1.801082e+01   7.557511   0.300000
1.804379e+01   7.556870   0.300000
1.807682e+01   7.556235   0.300000
1.810990e+01   7.555608   0.300000
1.814305e+01   7.554989   0.300000
1.817626e+01   7.554377   0.300000
1.820953e+01   7.553772   0.300000
1.824286e+01   7.553174   0.300000
1.827626e+01   7.552585   0.300000
1.830971e+01   7.552002   0.300000
1.834323e+01   7.551427   0.300000
1.837680e+01   7.550859   0.300000
1.841044e+01   7.550299   0.300000
1.844414e+01   7.549746   0.300000
1.847790e+01   7.549201   0.300000
1.851172e+01   7.548663   0.300000
1.854561e+01   7.548133   0.300000
1.857955e+01   7.547610   0.300000
1.861356e+01   7.547094   0.300000
1.864763e+01   7.546586   0.300000
1.868177e+01   7.546086   0.300000
1.871596e+01   7.545593   0.300000
1.875022e+01   7.545107   0.300000
1.878454e+01   7.544629   0.300000
1.881892e+01   7.544158   0.300000
1.885337e+01   7.543695   0.300000
1.888788e+01   7.543240   0.300000
1.892245e+01   7.542792   0.300000
1.895709e+01   7.542351   0.300000
1.899179e+01   7.541918   0.300000
1.902655e+01   7.541492   0.300000
1.906138e+01   7.541074   0.300000
1.909627e+01   7.540664   0.300000
1.913123e+01   7.540261   0.300000
1.916624e+01   7.539866   0.300000
1.920133e+01   7.539478   0.300000
1.923647e+01   7.539098   0.300000
1.927168e+01   7.538725   0.300000
1.930696e+01   7.538360   0.300000
1.934230e+01   7.538003   0.300000
1.937771e+01   7.537653   0.300000
1.941317e+01   7.537311   0.300000
1.944871e+01   7.536976   0.300000
1.948431e+01   7.536649   0.300000
1.951997e+01   7.536330   0.300000
1.955570e+01   7.536018   0.300000
1.959150e+01   7.535714   0.300000
1.962736e+01   7.535417   0.300000
1.966329e+01   7.535128   0.300000
1.969928e+01   7.534847   0.300000
1.973534e+01   7.534573   0.300000
1.977146e+01   7.534307   0.300000
1.980765e+01   7.534049   0.300000
1.984391e+01   7.533799   0.300000
1.988023e+01   7.533556   0.300000
1.991662e+01   7.533321   0.300000
1.995308e+01   7.533093   0.300000
1.998960e+01   7.532874   0.300000
2.002619e+01   7.532662   0.300000
2.006285e+01   7.532457   0.300000
2.009957e+01   7.532261   0.300000
2.013636e+01   7.532072   0.300000
2.017322e+01   7.531891   0.300000
2.021015e+01   7.531718   0.300000
2.024714e+01   7.531552   0.300000
2.028420e+01   7.531394   0.300000
2.032133e+01   7.531244   0.300000
2.035853e+01   7.531102   0.300000
2.039579e+01   7.530968   0.300000
2.043312e+01   7.530841   0.300000
2.047053e+01   7.530723   0.300000
2.050800e+01   7.530612   0.300000
2.054553e+01   7.530509   0.300000
2.058314e+01   7.530413   0.300000
2.062082e+01   7.530326   0.300000
2.065856e+01   7.530247   0.300000
2.069638e+01   7.530175   0.300000
2.073426e+01   7.530111   0.300000
2.077221e+01   7.530055   0.300000
2.081023e+01   7.530007   0.300000
2.084833e+01   7.529967   0.300000
2.088649e+01   7.529935   0.300000
2.092472e+01   7.529911   0.300000
2.096302e+01   7.529895   0.300000
2.100139e+01   7.529886   0.300000
2.103983e+01   7.529886   0.300000
2.107835e+01   7.529894   0.300000
2.111693e+01   7.529909   0.300000
2.115558e+01   7.529933   0.300000
2.119431e+01   7.529964   0.300000
2.123310e+01   7.530004   0.300000
2.127197e+01   7.530052   0.300000
2.131090e+01   7.530107   0.300000
2.134991e+01   7.530171   0.300000
2.138899e+01   7.530243   0.300000
2.142814e+01   7.530322   0.300000
2.146737e+01   7.530410   0.300000
2.150666e+01   7.530506   0.300000
2.154603e+01   7.530610   0.300000
2.158546e+01   7.530722   0.300000
2.162498e+01   7.530842   0.300000
2.166456e+01   7.530971   0.300000
2.170421e+01   7.531107   0.300000
2.174394e+01   7.531252   0.300000
2.178374e+01   7.531405   0.300000
2.182362e+01   7.531565   0.300000
2.186356e+01   7.531735   0.300000
2.190358e+01   7.531912   0.300000
2.194368e+01   7.532097   0.300000
2.198384e+01   7.532291   0.300000
2.202408e+01   7.532493   0.300000
2.206440e+01   7.532703   0.300000
2.210478e+01   7.532922   0.300000
2.214525e+01   7.533148   0.300000
2.218578e+01   7.533383   0.300000
2.222639e+01   7.533626   0.300000
2.226707e+01   7.533878   0.300000
2.230783e+01   7.534138   0.300000
2.234867e+01   7.534406   0.300000
2.238957e+01   7.534682   0.300000
2.243056e+01   7.534967   0.300000
2.247161e+01   7.535260   0.300000
2.251275e+01   7.535562   0.300000
2.255396e+01   7.535871   0.300000
2.259524e+01   7.536190   0.300000
2.263660e+01   7.536516   0.300000
2.267803e+01   7.536852   0.300000
2.271954e+01   7.537195   0.300000
2.276113e+01   7.537547   0.300000
2.280279e+01   7.537908   0.300000
2.284453e+01   7.538276   0.300000
2.288635e+01   7.538654   0.300000
2.292824e+01   7.539040   0.300000
2.297021e+01   7.539434   0.300000
2.301225e+01   7.539837   0.300000
2.305438e+01   7.540248   0.300000
2.309658e+01   7.540668   0.300000
2.313885e+01   7.541097   0.300000
2.318121e+01   7.541534   0.300000
2.322364e+01   7.541980   0.300000
2.326615e+01   7.542434   0.300000
2.330874e+01   7.542897   0.300000
2.335140e+01   7.543369   0.300000
2.339414e+01   7.543849   0.300000
2.343696e+01   7.544338   0.300000
2.347986e+01   7.544835   0.300000
2.352284e+01   7.545342   0.300000
2.356590e+01   7.545856   0.300000
2.360904e+01   7.546380   0.300000
2.365225e+01   7.546912   0.300000
2.369554e+01   7.547454   0.300000
2.373892e+01   7.548004   0.300000
2.378237e+01   7.548562   0.300000
2.382590e+01   7.549130   0.300000
2.386951e+01   7.549706   0.300000
2.391321e+01   7.550291   0.300000
2.395698e+01   7.550885   0.300000
2.400083e+01   7.551488   0.300000
2.404476e+01   7.552099   0.300000
2.408877e+01   7.552720   0.300000
2.413287e+01   7.553349   0.300000
2.417704e+01   7.553988   0.300000
2.422129e+01   7.554635   0.300000
2.426563e+01   7.555291   0.300000
2.431005e+01   7.555956   0.300000
2.435454e+01   7.556631   0.300000
2.439912e+01   7.557314   0.300000
2.444379e+01   7.558006   0.300000
2.448853e+01   7.558707   0.300000
2.453335e+01   7.559417   0.300000
2.457826e+01   7.560137   0.300000
2.462325e+01   7.560865   0.300000
2.466832e+01   7.561602   0.300000
2.471347e+01   7.562349   0.300000
2.475871e+01   7.563105   0.300000
2.480403e+01   7.563869   0.300000
2.484943e+01   7.564643   0.300000
2.489492e+01   7.565426   0.300000
2.494049e+01   7.566219   0.300000
2.498614e+01   7.567020   0.300000
2.503187e+01   7.567831   0.300000
2.507769e+01   7.568651   0.300000
2.512359e+01   7.569480   0.300000
2.516958e+01   7.570319   0.300000
2.521565e+01   7.571167   0.300000
2.526181e+01   7.572024   0.300000
2.530805e+01   7.572890   0.300000
2.535437e+01   7.573766   0.300000
2.540078e+01   7.574651   0.300000
2.544728e+01   7.575546   0.300000
2.549386e+01   7.576450   0.300000
2.554052e+01   7.577363   0.300000
2.558727e+01   7.578286   0.300000
2.563411e+01   7.579218   0.300000
2.568103e+01   7.580160   0.300000
2.572804e+01   7.581112   0.300000
2.577513e+01   7.582072   0.300000
2.582231e+01   7.583043   0.300000
2.586958e+01   7.584022   0.300000
2.591693e+01   7.585012   0.300000
2.596437e+01   7.586011   0.300000
2.601189e+01   7.587019   0.300000
2.605951e+01   7.588038   0.300000
2.610721e+01   7.589066   0.300000
2.615500e+01   7.590103   0.300000
2.620287e+01   7.591150   0.300000
2.625083e+01   7.592207   0.300000
2.629888e+01   7.593274   0.300000
2.634702e+01   7.594350   0.300000
2.639525e+01   7.595436   0.300000
2.644356e+01   7.596532   0.300000
2.649197e+01   7.597638   0.300000
2.654046e+01   7.598754   0.300000
2.658904e+01   7.599879   0.300000
2.663771e+01   7.601014   0.300000
2.668647e+01   7.602159   0.300000
2.673532e+01   7.603314   0.300000
2.678425e+01   7.604479   0.300000
2.683328e+01   7.605654   0.300000
2.688240e+01   7.606839   0.300000
2.693160e+01   7.608034   0.300000
2.698090e+01   7.609239   0.300000
2.703029e+01   7.610453   0.300000
2.707976e+01   7.611678   0.300000
2.712933e+01   7.612913   0.300000
2.717899e+01   7.614158   0.300000
2.722874e+01   7.615413   0.300000
2.727858e+01   7.616679   0.300000
2.732851e+01   7.617954   0.300000
2.737853e+01   7.619240   0.300000
2.742865e+01   7.620536   0.300000
2.747885e+01   7.621842   0.300000
2.752915e+01   7.623158   0.300000
2.757954e+01   7.624484   0.300000
2.763003e+01   7.625821   0.300000
2.768060e+01   7.627168   0.300000
2.773127e+01   7.628526   0.300000
2.778203e+01   7.629893   0.300000
2.783288e+01   7.631272   0.300000
2.788383e+01   7.632660   0.300000
2.793487e+01   7.634059   0.300000
2.798600e+01   7.635469   0.300000
2.803723e+01   7.636888   0.300000
2.808855e+01   7.638319   0.300000
2.813996e+01   7.639760   0.300000
2.819147e+01   7.641211   0.300000
2.824307e+01   7.642673   0.300000
2.829477e+01   7.644145   0.300000
2.834656e+01   7.645628   0.300000
2.839845e+01   7.647122   0.300000
2.845043e+01   7.648626   0.300000
2.850251e+01   7.650141   0.300000
2.855468e+01   7.651667   0.300000
2.860695e+01   7.653204   0.300000
2.865931e+01   7.654751   0.300000
2.871177e+01   7.656309   0.300000
2.876432e+01   7.657877   0.300000
2.881697e+01   7.659457   0.300000
2.886972e+01   7.661047   0.300000
2.892257e+01   7.662649   0.300000
2.897551e+01   7.664261   0.300000
2.902855e+01   7.665884   0.300000
2.908168e+01   7.667518   0.300000
2.913491e+01   7.669162   0.300000
2.918824e+01   7.670818   0.300000
2.924167e+01   7.672485   0.300000
2.929519e+01   7.674163   0.300000
2.934882e+01   7.675852   0.300000
2.940254e+01   7.677552   0.300000
2.945636e+01   7.679263   0.300000
2.951028e+01   7.680986   0.300000
2.956429e+01   7.682719   0.300000
2.961841e+01   7.684464   0.300000
2.967262e+01   7.686220   0.300000
2.972694e+01   7.687987   0.300000
2.978135e+01   7.689765   0.300000
2.983586e+01   7.691555   0.300000
2.989047e+01   7.693356   0.300000
2.994519e+01   7.695168   0.300000
3.000000e+01   7.696992   0.300000
