# Tabla NEST para RED-100 con ARGON  (Ar, retroceso NUCLEAR - senal CEvNS)
# Modelo: nestpy.LArNEST (NEST 2.4.5), E_drift=218.0 V/cm, rho=1.4 g/cm3
# Qy(NR) = LArNEST reescalado para pasar por ReD 2025 Tabla 1 (2.4-7.6 keV). T_nr<2 keV: EXTRAPOLACION DE MODELO (sin medida).
# ReD 2025 (arXiv:2510.16404) Tabla 1 = fuente primaria del yield NR (2.4-7.6 keV, medido).
# Bondar et al. 2017 (JINST 12, C05010): solo 80/233 keV; citado por consistencia con ref.[46], NO usado.
# F_MODE = nest : F muestreada de LArNEST get_yield_fluctuations (220x8000); sub-Poissoniana para NR
# T_nr[keV]   Qy[e-/keV]   F=Var(Ne)/<Ne>
# N_puntos = 4000
0.150000   1.122633   1.101725
0.151463   1.151018   1.092083
0.152926   1.179736   1.082440
0.154389   1.208783   1.072797
0.155851   1.238154   1.063154
0.157314   1.267845   1.053512
0.158777   1.297852   1.043869
0.160240   1.328168   1.034226
0.161703   1.358791   1.024584
0.163166   1.389713   1.014941
0.164629   1.420930   1.005298
0.166092   1.452437   0.995656
0.167554   1.484229   0.986013
0.169017   1.516299   0.976370
0.170480   1.548642   0.966728
0.171943   1.581253   0.957085
0.173406   1.614125   0.947442
0.174869   1.647252   0.937800
0.176332   1.680630   0.928157
0.177794   1.714250   0.912629
0.179257   1.748109   0.895031
0.180720   1.782198   0.877433
0.182183   1.816512   0.859835
0.183646   1.851045   0.842237
0.185109   1.885791   0.824639
0.186572   1.920741   0.807041
0.188035   1.955892   0.789443
0.189497   1.991234   0.771845
0.190960   2.026763   0.754247
0.192423   2.062472   0.736649
0.193886   2.098353   0.719051
0.195349   2.134401   0.701453
0.196812   2.170608   0.683855
0.198275   2.206969   0.666257
0.199737   2.243475   0.648659
0.201200   2.280121   0.631061
0.202663   2.316899   0.613463
0.204126   2.353804   0.595762
0.205589   2.390828   0.577949
0.207052   2.427965   0.560136
0.208515   2.465208   0.542323
0.209977   2.502550   0.524509
0.211440   2.539985   0.506696
0.212903   2.577506   0.488883
0.214366   2.615106   0.471070
0.215829   2.652780   0.453257
0.217292   2.690520   0.435444
0.218755   2.728320   0.417630
0.220218   2.766173   0.399817
0.221680   2.804074   0.382004
0.223143   2.842016   0.364191
0.224606   2.879992   0.346378
0.226069   2.917996   0.328565
0.227532   2.956023   0.310751
0.228995   2.994065   0.292938
0.230458   3.032118   0.277396
0.231920   3.070175   0.269942
0.233383   3.108229   0.262489
0.234846   3.146277   0.255035
0.236309   3.184310   0.247581
0.237772   3.222325   0.240128
0.239235   3.260314   0.232674
0.240698   3.298274   0.225221
0.242161   3.336197   0.217767
0.243623   3.374079   0.210314
0.245086   3.411915   0.202860
0.246549   3.449700   0.195407
0.248012   3.487427   0.187953
0.249475   3.525093   0.180500
0.250938   3.562691   0.173046
0.252401   3.600219   0.165592
0.253863   3.637669   0.158139
0.255326   3.675039   0.150685
0.256789   3.712323   0.143232
0.258252   3.749517   0.144498
0.259715   3.786617   0.146138
0.261178   3.823617   0.147777
0.262641   3.860515   0.149417
0.264104   3.897305   0.151057
0.265566   3.933984   0.152697
0.267029   3.970548   0.154336
0.268492   4.006994   0.155976
0.269955   4.043316   0.157616
0.271418   4.079512   0.159256
0.272881   4.115579   0.160895
0.274344   4.151512   0.162535
0.275806   4.187308   0.164175
0.277269   4.222965   0.165815
0.278732   4.258478   0.167454
0.280195   4.293846   0.169094
0.281658   4.329064   0.170734
0.283121   4.364130   0.172374
0.284584   4.399042   0.173588
0.286047   4.433796   0.174618
0.287509   4.468389   0.175649
0.288972   4.502821   0.176679
0.290435   4.537087   0.177710
0.291898   4.571185   0.178740
0.293361   4.605114   0.179771
0.294824   4.638872   0.180801
0.296287   4.672455   0.181831
0.297749   4.705862   0.182862
0.299212   4.739091   0.183892
0.300675   4.772141   0.184923
0.302138   4.805009   0.185953
0.303601   4.837694   0.186984
0.305064   4.870194   0.188014
0.306527   4.902508   0.189045
0.307989   4.934634   0.190075
0.309452   4.966571   0.191106
0.310915   4.998318   0.190957
0.312378   5.029873   0.189297
0.313841   5.061235   0.187638
0.315304   5.092403   0.185978
0.316767   5.123377   0.184319
0.318230   5.154154   0.182659
0.319692   5.184735   0.181000
0.321155   5.215118   0.179340
0.322618   5.245303   0.177681
0.324081   5.275289   0.176021
0.325544   5.305076   0.174362
0.327007   5.334662   0.172702
0.328470   5.364048   0.171043
0.329932   5.393232   0.169383
0.331395   5.422215   0.167724
0.332858   5.450996   0.166064
0.334321   5.479575   0.164404
0.335784   5.507951   0.162745
0.337247   5.536125   0.161236
0.338710   5.564096   0.160425
0.340173   5.591865   0.159614
0.341635   5.619430   0.158802
0.343098   5.646793   0.157991
0.344561   5.673953   0.157180
0.346024   5.700910   0.156368
0.347487   5.727665   0.155557
0.348950   5.754217   0.154746
0.350413   5.780568   0.153934
0.351875   5.806716   0.153123
0.353338   5.832663   0.152312
0.354801   5.858409   0.151500
0.356264   5.883954   0.150689
0.357727   5.909299   0.149878
0.359190   5.934444   0.149066
0.360653   5.959389   0.148255
0.362116   5.984135   0.147444
0.363578   6.008683   0.146632
0.365041   6.033033   0.146748
0.366504   6.057186   0.146948
0.367967   6.081142   0.147147
0.369430   6.104902   0.147346
0.370893   6.128467   0.147545
0.372356   6.151837   0.147745
0.373818   6.175013   0.147944
0.375281   6.197997   0.148143
0.376744   6.220788   0.148343
0.378207   6.243387   0.148542
0.379670   6.265796   0.148741
0.381133   6.288015   0.148940
0.382596   6.310045   0.149140
0.384059   6.331887   0.149339
0.385521   6.353541   0.149538
0.386984   6.375009   0.149737
0.388447   6.396292   0.149937
0.389910   6.417391   0.150136
0.391373   6.438305   0.150072
0.392836   6.459038   0.149871
0.394299   6.479588   0.149670
0.395761   6.499959   0.149469
0.397224   6.520149   0.149268
0.398687   6.540161   0.149067
0.400150   6.559996   0.148866
0.401613   6.579654   0.148665
0.403076   6.599137   0.148463
0.404539   6.618445   0.148262
0.406002   6.637580   0.148061
0.407464   6.656543   0.147860
0.408927   6.675335   0.147659
0.410390   6.693956   0.147458
0.411853   6.712409   0.147257
0.413316   6.730694   0.147056
0.414779   6.748812   0.146855
0.416242   6.766764   0.146654
0.417704   6.784552   0.146376
0.419167   6.802176   0.145981
0.420630   6.819638   0.145586
0.422093   6.836939   0.145191
0.423556   6.854080   0.144796
0.425019   6.871062   0.144401
0.426482   6.887886   0.144006
0.427944   6.904553   0.143611
0.429407   6.921065   0.143216
0.430870   6.937422   0.142821
0.432333   6.953626   0.142426
0.433796   6.969679   0.142031
0.435259   6.985580   0.141636
0.436722   7.001331   0.141241
0.438185   7.016933   0.140846
0.439647   7.032388   0.140451
0.441110   7.047696   0.140056
0.442573   7.062859   0.139661
0.444036   7.077878   0.139275
0.445499   7.092754   0.138944
0.446962   7.107487   0.138612
0.448425   7.122080   0.138281
0.449887   7.136533   0.137950
0.451350   7.150848   0.137619
0.452813   7.165025   0.137288
0.454276   7.179065   0.136957
0.455739   7.192970   0.136626
0.457202   7.206742   0.136295
0.458665   7.220379   0.135964
0.460128   7.233885   0.135633
0.461590   7.247260   0.135302
0.463053   7.260506   0.134971
0.464516   7.273622   0.134640
0.465979   7.286611   0.134308
0.467442   7.299473   0.133977
0.468905   7.312209   0.133646
0.470368   7.324821   0.133315
0.471830   7.337310   0.133353
0.473293   7.349676   0.133442
0.474756   7.361921   0.133531
0.476219   7.374046   0.133621
0.477682   7.386051   0.133710
0.479145   7.397938   0.133799
0.480608   7.409708   0.133889
0.482071   7.421362   0.133978
0.483533   7.432900   0.134067
0.484996   7.444324   0.134157
0.486459   7.455636   0.134246
0.487922   7.466834   0.134335
0.489385   7.477922   0.134425
0.490848   7.488899   0.134514
0.492311   7.499768   0.134603
0.493773   7.510527   0.134693
0.495236   7.521180   0.134782
0.496699   7.531726   0.134871
0.498162   7.542167   0.134738
0.499625   7.552503   0.134467
0.501088   7.562736   0.134196
0.502551   7.572866   0.133926
0.504014   7.582894   0.133655
0.505476   7.592821   0.133384
0.506939   7.602649   0.133113
0.508402   7.612378   0.132842
0.509865   7.622008   0.132571
0.511328   7.631542   0.132300
0.512791   7.640979   0.132029
0.514254   7.650320   0.131758
0.515716   7.659567   0.131487
0.517179   7.668720   0.131216
0.518642   7.677781   0.130945
0.520105   7.686749   0.130674
0.521568   7.695627   0.130403
0.523031   7.704413   0.130132
0.524494   7.713111   0.129971
0.525956   7.721720   0.130008
0.527419   7.730240   0.130046
0.528882   7.738674   0.130083
0.530345   7.747022   0.130121
0.531808   7.755284   0.130158
0.533271   7.763461   0.130196
0.534734   7.771555   0.130233
0.536197   7.779565   0.130271
0.537659   7.787493   0.130309
0.539122   7.795340   0.130346
0.540585   7.803105   0.130384
0.542048   7.810791   0.130421
0.543511   7.818397   0.130459
0.544974   7.825925   0.130496
0.546437   7.833375   0.130534
0.547899   7.840747   0.130571
0.549362   7.848044   0.130609
0.550825   7.855264   0.130604
0.552288   7.862410   0.130201
0.553751   7.869481   0.129797
0.555214   7.876478   0.129394
0.556677   7.883403   0.128990
0.558140   7.890256   0.128587
0.559602   7.897036   0.128183
0.561065   7.903746   0.127780
0.562528   7.910386   0.127377
0.563991   7.916956   0.126973
0.565454   7.923458   0.126570
0.566917   7.929891   0.126166
0.568380   7.936256   0.125763
0.569842   7.942554   0.125359
0.571305   7.948786   0.124956
0.572768   7.954952   0.124552
0.574231   7.961053   0.124149
0.575694   7.967090   0.123746
0.577157   7.973062   0.123342
0.578620   7.978971   0.123360
0.580083   7.984818   0.123462
0.581545   7.990602   0.123563
0.583008   7.996325   0.123664
0.584471   8.001987   0.123766
0.585934   8.007588   0.123867
0.587397   8.013130   0.123968
0.588860   8.018612   0.124070
0.590323   8.024035   0.124171
0.591785   8.029400   0.124272
0.593248   8.034708   0.124374
0.594711   8.039959   0.124475
0.596174   8.045153   0.124576
0.597637   8.050291   0.124678
0.599100   8.055373   0.124779
0.600563   8.060400   0.124880
0.602026   8.065373   0.124982
0.603488   8.070292   0.125083
0.604951   8.075158   0.124960
0.606414   8.079970   0.124672
0.607877   8.084731   0.124384
0.609340   8.089439   0.124096
0.610803   8.094095   0.123809
0.612266   8.098701   0.123521
0.613728   8.103256   0.123233
0.615191   8.107761   0.122945
0.616654   8.112217   0.122657
0.618117   8.116623   0.122369
0.619580   8.120981   0.122081
0.621043   8.125290   0.121793
0.622506   8.129552   0.121505
0.623968   8.133766   0.121217
0.625431   8.137934   0.120929
0.626894   8.142055   0.120641
0.628357   8.146130   0.120353
0.629820   8.150159   0.120065
0.631283   8.154143   0.119881
0.632746   8.158083   0.119925
0.634209   8.161978   0.119968
0.635671   8.165830   0.120012
0.637134   8.169637   0.120055
0.638597   8.173402   0.120099
0.640060   8.177124   0.120142
0.641523   8.180804   0.120186
0.642986   8.184442   0.120229
0.644449   8.188038   0.120273
0.645911   8.191593   0.120316
0.647374   8.195108   0.120360
0.648837   8.198582   0.120403
0.650300   8.202016   0.120447
0.651763   8.205410   0.120490
0.653226   8.208765   0.120534
0.654689   8.212081   0.120577
0.656152   8.215359   0.120621
0.657614   8.218599   0.120647
0.659077   8.221800   0.120364
0.660540   8.224964   0.120082
0.662003   8.228091   0.119799
0.663466   8.231182   0.119517
0.664929   8.234235   0.119234
0.666392   8.237253   0.118952
0.667854   8.240235   0.118669
0.669317   8.243181   0.118387
0.670780   8.246092   0.118105
0.672243   8.248969   0.117822
0.673706   8.251811   0.117540
0.675169   8.254618   0.117257
0.676632   8.257392   0.116975
0.678095   8.260132   0.116692
0.679557   8.262839   0.116410
0.681020   8.265513   0.116127
0.682483   8.268155   0.115845
0.683946   8.270764   0.115562
0.685409   8.273341   0.115643
0.686872   8.275886   0.115817
0.688335   8.278400   0.115991
0.689797   8.280882   0.116166
0.691260   8.283334   0.116340
0.692723   8.285755   0.116514
0.694186   8.288145   0.116689
0.695649   8.290506   0.116863
0.697112   8.292837   0.117037
0.698575   8.295138   0.117212
0.700038   8.297410   0.117386
0.701500   8.299653   0.117560
0.702963   8.301867   0.117735
0.704426   8.304053   0.117909
0.705889   8.306210   0.118083
0.707352   8.308340   0.118257
0.708815   8.310441   0.118432
0.710278   8.312516   0.118606
0.711740   8.314563   0.118642
0.713203   8.316583   0.118557
0.714666   8.318576   0.118473
0.716129   8.320543   0.118388
0.717592   8.322484   0.118303
0.719055   8.324399   0.118219
0.720518   8.326287   0.118134
0.721980   8.328151   0.118049
0.723443   8.329989   0.117965
0.724906   8.331801   0.117880
0.726369   8.333589   0.117795
0.727832   8.335353   0.117711
0.729295   8.337092   0.117626
0.730758   8.338806   0.117541
0.732221   8.340497   0.117457
0.733683   8.342164   0.117372
0.735146   8.343807   0.117287
0.736609   8.345427   0.117203
0.738072   8.347024   0.117134
0.739535   8.348597   0.117110
0.740998   8.350148   0.117086
0.742461   8.351677   0.117062
0.743923   8.353183   0.117038
0.745386   8.354667   0.117014
0.746849   8.356129   0.116990
0.748312   8.357569   0.116966
0.749775   8.358988   0.116942
0.751238   8.360385   0.116918
0.752701   8.361761   0.116894
0.754164   8.363116   0.116870
0.755626   8.364450   0.116846
0.757089   8.365764   0.116822
0.758552   8.367057   0.116797
0.760015   8.368330   0.116773
0.761478   8.369583   0.116749
0.762941   8.370816   0.116725
0.764404   8.372029   0.116700
0.765866   8.373222   0.116574
0.767329   8.374396   0.116449
0.768792   8.375551   0.116324
0.770255   8.376687   0.116198
0.771718   8.377804   0.116073
0.773181   8.378902   0.115948
0.774644   8.379981   0.115822
0.776107   8.381042   0.115697
0.777569   8.382085   0.115572
0.779032   8.383110   0.115446
0.780495   8.384117   0.115321
0.781958   8.385106   0.115196
0.783421   8.386077   0.115070
0.784884   8.387031   0.114945
0.786347   8.387967   0.114820
0.787809   8.388887   0.114695
0.789272   8.389789   0.114569
0.790735   8.390675   0.114444
0.792198   8.391543   0.114456
0.793661   8.392396   0.114514
0.795124   8.393231   0.114571
0.796587   8.394051   0.114629
0.798050   8.394854   0.114686
0.799512   8.395641   0.114744
0.800975   8.396412   0.114802
0.802438   8.397168   0.114859
0.803901   8.397908   0.114917
0.805364   8.398632   0.114974
0.806827   8.399341   0.115032
0.808290   8.400035   0.115089
0.809752   8.400714   0.115147
0.811215   8.401377   0.115204
0.812678   8.402026   0.115262
0.814141   8.402660   0.115319
0.815604   8.403280   0.115377
0.817067   8.403885   0.115434
0.818530   8.404476   0.115366
0.819992   8.405052   0.115169
0.821455   8.405615   0.114972
0.822918   8.406163   0.114774
0.824381   8.406698   0.114577
0.825844   8.407219   0.114380
0.827307   8.407726   0.114182
0.828770   8.408220   0.113985
0.830233   8.408700   0.113788
0.831695   8.409167   0.113590
0.833158   8.409621   0.113393
0.834621   8.410062   0.113196
0.836084   8.410490   0.112998
0.837547   8.410905   0.112801
0.839010   8.411307   0.112604
0.840473   8.411697   0.112406
0.841935   8.412074   0.112209
0.843398   8.412438   0.112012
0.844861   8.412791   0.111828
0.846324   8.413131   0.111692
0.847787   8.413459   0.111556
0.849250   8.413775   0.111419
0.850713   8.414079   0.111283
0.852176   8.414372   0.111146
0.853638   8.414652   0.111010
0.855101   8.414921   0.110873
0.856564   8.415179   0.110737
0.858027   8.415425   0.110600
0.859490   8.415660   0.110464
0.860953   8.415883   0.110328
0.862416   8.416096   0.110191
0.863878   8.416297   0.110055
0.865341   8.416487   0.109918
0.866804   8.416667   0.109782
0.868267   8.416836   0.109645
0.869730   8.416994   0.109509
0.871193   8.417141   0.109372
0.872656   8.417278   0.109512
0.874119   8.417405   0.109660
0.875581   8.417521   0.109808
0.877044   8.417627   0.109956
0.878507   8.417723   0.110103
0.879970   8.417808   0.110251
0.881433   8.417884   0.110399
0.882896   8.417950   0.110547
0.884359   8.418006   0.110694
0.885821   8.418052   0.110842
0.887284   8.418089   0.110990
0.888747   8.418116   0.111137
0.890210   8.418133   0.111285
0.891673   8.418141   0.111433
0.893136   8.418140   0.111581
0.894599   8.418129   0.111728
0.896062   8.418109   0.111876
0.897524   8.418080   0.112024
0.898987   8.418042   0.112010
0.900450   8.417995   0.111931
0.901913   8.417939   0.111853
0.903376   8.417875   0.111774
0.904839   8.417801   0.111695
0.906302   8.417719   0.111616
0.907764   8.417628   0.111538
0.909227   8.417529   0.111459
0.910690   8.417421   0.111380
0.912153   8.417305   0.111301
0.913616   8.417180   0.111222
0.915079   8.417047   0.111144
0.916542   8.416906   0.111065
0.918005   8.416757   0.110986
0.919467   8.416599   0.110907
0.920930   8.416434   0.110829
0.922393   8.416261   0.110750
0.923856   8.416079   0.110671
0.925319   8.415890   0.110567
0.926782   8.415694   0.110434
0.928245   8.415489   0.110300
0.929707   8.415277   0.110166
0.931170   8.415057   0.110032
0.932633   8.414830   0.109898
0.934096   8.414596   0.109764
0.935559   8.414354   0.109631
0.937022   8.414104   0.109497
0.938485   8.413848   0.109363
0.939947   8.413584   0.109229
0.941410   8.413313   0.109095
0.942873   8.413035   0.108961
0.944336   8.412750   0.108827
0.945799   8.412457   0.108694
0.947262   8.412158   0.108560
0.948725   8.411853   0.108426
0.950188   8.411540   0.108292
0.951650   8.411220   0.108157
0.953113   8.410894   0.108016
0.954576   8.410561   0.107875
0.956039   8.410222   0.107734
0.957502   8.409876   0.107593
0.958965   8.409523   0.107452
0.960428   8.409164   0.107311
0.961890   8.408799   0.107170
0.963353   8.408427   0.107029
0.964816   8.408049   0.106888
0.966279   8.407665   0.106747
0.967742   8.407275   0.106606
0.969205   8.406878   0.106465
0.970668   8.406476   0.106324
0.972131   8.406067   0.106183
0.973593   8.405652   0.106042
0.975056   8.405232   0.105901
0.976519   8.404805   0.105760
0.977982   8.404373   0.105619
0.979445   8.403935   0.105801
0.980908   8.403491   0.106006
0.982371   8.403041   0.106212
0.983833   8.402586   0.106418
0.985296   8.402125   0.106623
0.986759   8.401658   0.106829
0.988222   8.401186   0.107034
0.989685   8.400709   0.107240
0.991148   8.400226   0.107446
0.992611   8.399737   0.107651
0.994074   8.399243   0.107857
0.995536   8.398744   0.108062
0.996999   8.398240   0.108268
0.998462   8.397730   0.108474
0.999925   8.397215   0.108679
1.001388   8.396695   0.108885
1.002851   8.396170   0.109090
1.004314   8.395640   0.109296
1.005776   8.395105   0.109301
1.007239   8.394565   0.109208
1.008702   8.394020   0.109115
1.010165   8.393469   0.109022
1.011628   8.392915   0.108929
1.013091   8.392355   0.108836
1.014554   8.391790   0.108743
1.016017   8.391221   0.108650
1.017479   8.390647   0.108557
1.018942   8.390068   0.108464
1.020405   8.389485   0.108371
1.021868   8.388896   0.108278
1.023331   8.388304   0.108185
1.024794   8.387707   0.108092
1.026257   8.387105   0.107999
1.027719   8.386499   0.107906
1.029182   8.385888   0.107813
1.030645   8.385273   0.107720
1.032108   8.384654   0.107626
1.033571   8.384030   0.107529
1.035034   8.383402   0.107433
1.036497   8.382770   0.107336
1.037959   8.382134   0.107239
1.039422   8.381493   0.107143
1.040885   8.380848   0.107046
1.042348   8.380199   0.106949
1.043811   8.379546   0.106853
1.045274   8.378889   0.106756
1.046737   8.378228   0.106659
1.048200   8.377563   0.106563
1.049662   8.376894   0.106466
1.051125   8.376221   0.106369
1.052588   8.375544   0.106272
1.054051   8.374863   0.106176
1.055514   8.374178   0.106079
1.056977   8.373490   0.105982
1.058440   8.372797   0.105898
1.059902   8.372101   0.105884
1.061365   8.371401   0.105870
1.062828   8.370698   0.105855
1.064291   8.369991   0.105841
1.065754   8.369280   0.105827
1.067217   8.368565   0.105812
1.068680   8.367847   0.105798
1.070143   8.367126   0.105784
1.071605   8.366401   0.105769
1.073068   8.365672   0.105755
1.074531   8.364940   0.105741
1.075994   8.364204   0.105726
1.077457   8.363465   0.105712
1.078920   8.362723   0.105698
1.080383   8.361977   0.105683
1.081845   8.361228   0.105669
1.083308   8.360476   0.105655
1.084771   8.359720   0.105640
1.086234   8.358961   0.105593
1.087697   8.358199   0.105542
1.089160   8.357434   0.105490
1.090623   8.356665   0.105439
1.092086   8.355893   0.105388
1.093548   8.355119   0.105336
1.095011   8.354341   0.105285
1.096474   8.353559   0.105234
1.097937   8.352775   0.105183
1.099400   8.351988   0.105131
1.100863   8.351198   0.105080
1.102326   8.350405   0.105029
1.103788   8.349609   0.104977
1.105251   8.348810   0.104926
1.106714   8.348008   0.104875
1.108177   8.347203   0.104823
1.109640   8.346395   0.104772
1.111103   8.345584   0.104721
1.112566   8.344771   0.104706
1.114029   8.343954   0.104713
1.115491   8.343135   0.104720
1.116954   8.342314   0.104727
1.118417   8.341489   0.104734
1.119880   8.340662   0.104742
1.121343   8.339832   0.104749
1.122806   8.338999   0.104756
1.124269   8.338164   0.104763
1.125731   8.337326   0.104770
1.127194   8.336485   0.104777
1.128657   8.335642   0.104784
1.130120   8.334796   0.104791
1.131583   8.333948   0.104798
1.133046   8.333097   0.104805
1.134509   8.332244   0.104813
1.135971   8.331388   0.104820
1.137434   8.330529   0.104827
1.138897   8.329669   0.104864
1.140360   8.328805   0.104953
1.141823   8.327940   0.105042
1.143286   8.327072   0.105132
1.144749   8.326201   0.105221
1.146212   8.325329   0.105310
1.147674   8.324453   0.105399
1.149137   8.323576   0.105488
1.150600   8.322696   0.105577
1.152063   8.321814   0.105666
1.153526   8.320930   0.105755
1.154989   8.320043   0.105844
1.156452   8.319155   0.105933
1.157914   8.318264   0.106022
1.159377   8.317370   0.106112
1.160840   8.316475   0.106201
1.162303   8.315578   0.106290
1.163766   8.314678   0.106379
1.165229   8.313776   0.106433
1.166692   8.312872   0.106200
1.168155   8.311966   0.105967
1.169617   8.311058   0.105734
1.171080   8.310148   0.105501
1.172543   8.309236   0.105269
1.174006   8.308321   0.105036
1.175469   8.307405   0.104803
1.176932   8.306487   0.104570
1.178395   8.305567   0.104338
1.179857   8.304645   0.104105
1.181320   8.303721   0.103872
1.182783   8.302795   0.103639
1.184246   8.301867   0.103406
1.185709   8.300937   0.103174
1.187172   8.300005   0.102941
1.188635   8.299071   0.102708
1.190098   8.298136   0.102475
1.191560   8.297199   0.102242
1.193023   8.296259   0.102257
1.194486   8.295318   0.102315
1.195949   8.294376   0.102372
1.197412   8.293431   0.102430
1.198875   8.292485   0.102488
1.200338   8.291537   0.102546
1.201800   8.290587   0.102604
1.203263   8.289636   0.102662
1.204726   8.288682   0.102720
1.206189   8.287727   0.102778
1.207652   8.286771   0.102836
1.209115   8.285813   0.102894
1.210578   8.284853   0.102952
1.212041   8.283891   0.103010
1.213503   8.282928   0.103068
1.214966   8.281963   0.103126
1.216429   8.280997   0.103184
1.217892   8.280029   0.103242
1.219355   8.279059   0.103197
1.220818   8.278088   0.103080
1.222281   8.277115   0.102963
1.223743   8.276141   0.102846
1.225206   8.275165   0.102729
1.226669   8.274188   0.102612
1.228132   8.273209   0.102495
1.229595   8.272229   0.102378
1.231058   8.271247   0.102261
1.232521   8.270264   0.102144
1.233983   8.269280   0.102027
1.235446   8.268294   0.101910
1.236909   8.267306   0.101793
1.238372   8.266317   0.101676
1.239835   8.265327   0.101558
1.241298   8.264335   0.101441
1.242761   8.263342   0.101324
1.244224   8.262348   0.101207
1.245686   8.261352   0.101107
1.247149   8.260355   0.101042
1.248612   8.259356   0.100976
1.250075   8.258356   0.100911
1.251538   8.257355   0.100846
1.253001   8.256353   0.100780
1.254464   8.255349   0.100715
1.255926   8.254344   0.100649
1.257389   8.253338   0.100584
1.258852   8.252331   0.100518
1.260315   8.251322   0.100453
1.261778   8.250312   0.100388
1.263241   8.249301   0.100322
1.264704   8.248288   0.100257
1.266167   8.247275   0.100191
1.267629   8.246260   0.100126
1.269092   8.245244   0.100060
1.270555   8.244227   0.099995
1.272018   8.243208   0.099938
1.273481   8.242189   0.099991
1.274944   8.241168   0.100043
1.276407   8.240146   0.100096
1.277869   8.239123   0.100149
1.279332   8.238099   0.100202
1.280795   8.237074   0.100255
1.282258   8.236048   0.100308
1.283721   8.235021   0.100361
1.285184   8.233993   0.100414
1.286647   8.232963   0.100467
1.288110   8.231933   0.100519
1.289572   8.230901   0.100572
1.291035   8.229869   0.100625
1.292498   8.228835   0.100678
1.293961   8.227800   0.100731
1.295424   8.226765   0.100784
1.296887   8.225728   0.100837
1.298350   8.224690   0.100890
1.299812   8.223652   0.100796
1.301275   8.222612   0.100667
1.302738   8.221572   0.100539
1.304201   8.220530   0.100411
1.305664   8.219488   0.100282
1.307127   8.218444   0.100154
1.308590   8.217400   0.100025
1.310053   8.216355   0.099897
1.311515   8.215309   0.099768
1.312978   8.214262   0.099640
1.314441   8.213214   0.099512
1.315904   8.212165   0.099383
1.317367   8.211115   0.099255
1.318830   8.210064   0.099126
1.320293   8.209013   0.098998
1.321755   8.207961   0.098869
1.323218   8.206907   0.098741
1.324681   8.205853   0.098613
1.326144   8.204799   0.098575
1.327607   8.203743   0.098614
1.329070   8.202686   0.098652
1.330533   8.201629   0.098690
1.331995   8.200571   0.098728
1.333458   8.199512   0.098767
1.334921   8.198452   0.098805
1.336384   8.197392   0.098843
1.337847   8.196331   0.098881
1.339310   8.195269   0.098920
1.340773   8.194206   0.098958
1.342236   8.193142   0.098996
1.343698   8.192078   0.099034
1.345161   8.191013   0.099073
1.346624   8.189947   0.099111
1.348087   8.188881   0.099149
1.349550   8.187813   0.099187
1.351013   8.186746   0.099226
1.352476   8.185677   0.099249
1.353938   8.184608   0.099235
1.355401   8.183538   0.099221
1.356864   8.182467   0.099208
1.358327   8.181396   0.099194
1.359790   8.180324   0.099180
1.361253   8.179251   0.099167
1.362716   8.178178   0.099153
1.364179   8.177104   0.099139
1.365641   8.176029   0.099125
1.367104   8.174954   0.099112
1.368567   8.173878   0.099098
1.370030   8.172801   0.099084
1.371493   8.171724   0.099070
1.372956   8.170647   0.099057
1.374419   8.169568   0.099043
1.375881   8.168489   0.099029
1.377344   8.167410   0.099016
1.378807   8.166330   0.099004
1.380270   8.165249   0.099069
1.381733   8.164168   0.099134
1.383196   8.163086   0.099199
1.384659   8.162003   0.099263
1.386122   8.160920   0.099328
1.387584   8.159837   0.099393
1.389047   8.158753   0.099458
1.390510   8.157668   0.099523
1.391973   8.156583   0.099588
1.393436   8.155498   0.099653
1.394899   8.154411   0.099718
1.396362   8.153325   0.099782
1.397824   8.152237   0.099847
1.399287   8.151150   0.099912
1.400750   8.150062   0.099977
1.402213   8.148973   0.100042
1.403676   8.147884   0.100107
1.405139   8.146794   0.100172
1.406602   8.145704   0.099948
1.408065   8.144613   0.099637
1.409527   8.143522   0.099326
1.410990   8.142431   0.099014
1.412453   8.141339   0.098703
1.413916   8.140246   0.098392
1.415379   8.139153   0.098081
1.416842   8.138060   0.097769
1.418305   8.136966   0.097458
1.419767   8.135872   0.097147
1.421230   8.134778   0.096836
1.422693   8.133683   0.096524
1.424156   8.132587   0.096213
1.425619   8.131491   0.095902
1.427082   8.130395   0.095591
1.428545   8.129298   0.095279
1.430008   8.128201   0.094968
1.431470   8.127104   0.094657
1.432933   8.126006   0.094606
1.434396   8.124908   0.094809
1.435859   8.123809   0.095012
1.437322   8.122710   0.095215
1.438785   8.121611   0.095418
1.440248   8.120511   0.095620
1.441710   8.119411   0.095823
1.443173   8.118311   0.096026
1.444636   8.117210   0.096229
1.446099   8.116109   0.096432
1.447562   8.115008   0.096635
1.449025   8.113906   0.096838
1.450488   8.112804   0.097040
1.451950   8.111701   0.097243
1.453413   8.110599   0.097446
1.454876   8.109496   0.097649
1.456339   8.108392   0.097852
1.457802   8.107289   0.098055
1.459265   8.106185   0.098177
1.460728   8.105080   0.098052
1.462191   8.103976   0.097928
1.463653   8.102871   0.097804
1.465116   8.101766   0.097679
1.466579   8.100660   0.097555
1.468042   8.099555   0.097430
1.469505   8.098449   0.097306
1.470968   8.097342   0.097182
1.472431   8.096236   0.097057
1.473893   8.095129   0.096933
1.475356   8.094022   0.096808
1.476819   8.092915   0.096684
1.478282   8.091807   0.096560
1.479745   8.090699   0.096435
1.481208   8.089591   0.096311
1.482671   8.088483   0.096187
1.484134   8.087375   0.096062
1.485596   8.086266   0.095938
1.487059   8.085157   0.095986
1.488522   8.084048   0.096036
1.489985   8.082938   0.096086
1.491448   8.081829   0.096136
1.492911   8.080719   0.096186
1.494374   8.079609   0.096236
1.495836   8.078498   0.096286
1.497299   8.077388   0.096337
1.498762   8.076277   0.096387
1.500225   8.075166   0.096437
1.501688   8.074055   0.096487
1.503151   8.072944   0.096537
1.504614   8.071833   0.096587
1.506077   8.070721   0.096638
1.507539   8.069609   0.096688
1.509002   8.068497   0.096738
1.510465   8.067385   0.096788
1.511928   8.066273   0.096838
1.513391   8.065160   0.096788
1.514854   8.064048   0.096699
1.516317   8.062935   0.096610
1.517779   8.061822   0.096522
1.519242   8.060709   0.096433
1.520705   8.059596   0.096344
1.522168   8.058482   0.096256
1.523631   8.057369   0.096167
1.525094   8.056255   0.096079
1.526557   8.055141   0.095990
1.528020   8.054028   0.095901
1.529482   8.052913   0.095813
1.530945   8.051799   0.095724
1.532408   8.050685   0.095635
1.533871   8.049571   0.095547
1.535334   8.048456   0.095458
1.536797   8.047341   0.095369
1.538260   8.046227   0.095281
1.539722   8.045112   0.095257
1.541185   8.043997   0.095308
1.542648   8.042882   0.095359
1.544111   8.041767   0.095409
1.545574   8.040651   0.095460
1.547037   8.039536   0.095511
1.548500   8.038421   0.095561
1.549962   8.037305   0.095612
1.551425   8.036189   0.095663
1.552888   8.035074   0.095713
1.554351   8.033958   0.095764
1.555814   8.032842   0.095815
1.557277   8.031726   0.095866
1.558740   8.030610   0.095916
1.560203   8.029494   0.095967
1.561665   8.028378   0.096018
1.563128   8.027262   0.096068
1.564591   8.026146   0.096119
1.566054   8.025029   0.096172
1.567517   8.023913   0.096233
1.568980   8.022797   0.096294
1.570443   8.021680   0.096355
1.571905   8.020564   0.096416
1.573368   8.019447   0.096477
1.574831   8.018330   0.096537
1.576294   8.017214   0.096598
1.577757   8.016097   0.096659
1.579220   8.014981   0.096720
1.580683   8.013864   0.096781
1.582146   8.012747   0.096842
1.583608   8.011630   0.096903
1.585071   8.010513   0.096964
1.586534   8.009397   0.097025
1.587997   8.008280   0.097086
1.589460   8.007163   0.097147
1.590923   8.006046   0.097208
1.592386   8.004929   0.097269
1.593848   8.003812   0.097132
1.595311   8.002695   0.096983
1.596774   8.001579   0.096835
1.598237   8.000462   0.096686
1.599700   7.999345   0.096538
1.601163   7.998228   0.096389
1.602626   7.997111   0.096241
1.604089   7.995994   0.096093
1.605551   7.994877   0.095944
1.607014   7.993760   0.095796
1.608477   7.992644   0.095647
1.609940   7.991527   0.095499
1.611403   7.990410   0.095350
1.612866   7.989293   0.095202
1.614329   7.988176   0.095054
1.615791   7.987060   0.094905
1.617254   7.985943   0.094757
1.618717   7.984826   0.094608
1.620180   7.983710   0.094428
1.621643   7.982593   0.094232
1.623106   7.981476   0.094037
1.624569   7.980360   0.093841
1.626032   7.979243   0.093646
1.627494   7.978127   0.093451
1.628957   7.977010   0.093255
1.630420   7.975894   0.093060
1.631883   7.974778   0.092864
1.633346   7.973661   0.092669
1.634809   7.972545   0.092473
1.636272   7.971429   0.092278
1.637734   7.970313   0.092083
1.639197   7.969197   0.091887
1.640660   7.968081   0.091692
1.642123   7.966965   0.091496
1.643586   7.965849   0.091301
1.645049   7.964733   0.091106
1.646512   7.963618   0.091042
1.647974   7.962502   0.091159
1.649437   7.961386   0.091275
1.650900   7.960271   0.091391
1.652363   7.959155   0.091507
1.653826   7.958040   0.091623
1.655289   7.956925   0.091740
1.656752   7.955809   0.091856
1.658215   7.954694   0.091972
1.659677   7.953579   0.092088
1.661140   7.952464   0.092205
1.662603   7.951349   0.092321
1.664066   7.950235   0.092437
1.665529   7.949120   0.092553
1.666992   7.948005   0.092669
1.668455   7.946891   0.092786
1.669917   7.945776   0.092902
1.671380   7.944662   0.093018
1.672843   7.943548   0.093127
1.674306   7.942434   0.093197
1.675769   7.941320   0.093267
1.677232   7.940206   0.093338
1.678695   7.939092   0.093408
1.680158   7.937978   0.093478
1.681620   7.936865   0.093548
1.683083   7.935751   0.093619
1.684546   7.934638   0.093689
1.686009   7.933525   0.093759
1.687472   7.932411   0.093829
1.688935   7.931298   0.093900
1.690398   7.930186   0.093970
1.691860   7.929073   0.094040
1.693323   7.927960   0.094111
1.694786   7.926848   0.094181
1.696249   7.925735   0.094251
1.697712   7.924623   0.094321
1.699175   7.923511   0.094392
1.700638   7.922399   0.094268
1.702101   7.921287   0.094123
1.703563   7.920175   0.093978
1.705026   7.919063   0.093834
1.706489   7.917952   0.093689
1.707952   7.916840   0.093545
1.709415   7.915729   0.093400
1.710878   7.914618   0.093255
1.712341   7.913507   0.093111
1.713803   7.912396   0.092966
1.715266   7.911286   0.092822
1.716729   7.910175   0.092677
1.718192   7.909065   0.092532
1.719655   7.907955   0.092388
1.721118   7.906845   0.092243
1.722581   7.905735   0.092098
1.724044   7.904625   0.091954
1.725506   7.903515   0.091809
1.726969   7.902406   0.091654
1.728432   7.901297   0.091493
1.729895   7.900187   0.091332
1.731358   7.899078   0.091172
1.732821   7.897970   0.091011
1.734284   7.896861   0.090850
1.735746   7.895752   0.090689
1.737209   7.894644   0.090528
1.738672   7.893536   0.090368
1.740135   7.892428   0.090207
1.741598   7.891320   0.090046
1.743061   7.890212   0.089885
1.744524   7.889105   0.089724
1.745986   7.887998   0.089563
1.747449   7.886890   0.089403
1.748912   7.885783   0.089242
1.750375   7.884677   0.089081
1.751838   7.883570   0.088920
1.753301   7.882464   0.088831
1.754764   7.881357   0.088859
1.756227   7.880251   0.088886
1.757689   7.879145   0.088913
1.759152   7.878040   0.088940
1.760615   7.876934   0.088968
1.762078   7.875829   0.088995
1.763541   7.874723   0.089022
1.765004   7.873618   0.089050
1.766467   7.872514   0.089077
1.767929   7.871409   0.089104
1.769392   7.870305   0.089131
1.770855   7.869200   0.089159
1.772318   7.868096   0.089186
1.773781   7.866992   0.089213
1.775244   7.865889   0.089240
1.776707   7.864785   0.089268
1.778170   7.863682   0.089295
1.779632   7.862579   0.089329
1.781095   7.861476   0.089412
1.782558   7.860373   0.089495
1.784021   7.859271   0.089577
1.785484   7.858169   0.089660
1.786947   7.857067   0.089743
1.788410   7.855965   0.089825
1.789872   7.854863   0.089908
1.791335   7.853762   0.089991
1.792798   7.852660   0.090073
1.794261   7.851559   0.090156
1.795724   7.850458   0.090239
1.797187   7.849358   0.090321
1.798650   7.848257   0.090404
1.800113   7.847157   0.090487
1.801575   7.846057   0.090570
1.803038   7.844957   0.090652
1.804501   7.843858   0.090735
1.805964   7.842759   0.090818
1.807427   7.841659   0.090853
1.808890   7.840561   0.090880
1.810353   7.839462   0.090908
1.811815   7.838363   0.090935
1.813278   7.837265   0.090963
1.814741   7.836167   0.090990
1.816204   7.835069   0.091017
1.817667   7.833972   0.091045
1.819130   7.832874   0.091072
1.820593   7.831777   0.091100
1.822056   7.830680   0.091127
1.823518   7.829583   0.091155
1.824981   7.828487   0.091182
1.826444   7.827391   0.091210
1.827907   7.826295   0.091237
1.829370   7.825199   0.091265
1.830833   7.824103   0.091292
1.832296   7.823008   0.091320
1.833758   7.821913   0.091205
1.835221   7.820818   0.090996
1.836684   7.819724   0.090787
1.838147   7.818629   0.090579
1.839610   7.817535   0.090370
1.841073   7.816441   0.090161
1.842536   7.815347   0.089953
1.843998   7.814254   0.089744
1.845461   7.813161   0.089535
1.846924   7.812068   0.089326
1.848387   7.810975   0.089118
1.849850   7.809883   0.088909
1.851313   7.808790   0.088700
1.852776   7.807698   0.088492
1.854239   7.806607   0.088283
1.855701   7.805515   0.088074
1.857164   7.804424   0.087866
1.858627   7.803333   0.087657
1.860090   7.802242   0.087576
1.861553   7.801151   0.087740
1.863016   7.800061   0.087903
1.864479   7.798971   0.088067
1.865941   7.797881   0.088231
1.867404   7.796792   0.088394
1.868867   7.795702   0.088558
1.870330   7.794613   0.088722
1.871793   7.793525   0.088885
1.873256   7.792436   0.089049
1.874719   7.791348   0.089213
1.876182   7.790260   0.089377
1.877644   7.789172   0.089540
1.879107   7.788084   0.089704
1.880570   7.786997   0.089868
1.882033   7.785910   0.090031
1.883496   7.784823   0.090195
1.884959   7.783737   0.090359
1.886422   7.782651   0.090505
1.887884   7.781565   0.090449
1.889347   7.780479   0.090393
1.890810   7.779394   0.090337
1.892273   7.778308   0.090281
1.893736   7.777223   0.090225
1.895199   7.776139   0.090169
1.896662   7.775054   0.090113
1.898125   7.773970   0.090057
1.899587   7.772886   0.090001
1.901050   7.771803   0.089945
1.902513   7.770719   0.089890
1.903976   7.769636   0.089834
1.905439   7.768553   0.089778
1.906902   7.767471   0.089722
1.908365   7.766389   0.089666
1.909827   7.765307   0.089610
1.911290   7.764225   0.089554
1.912753   7.763143   0.089498
1.914216   7.762062   0.089453
1.915679   7.760981   0.089410
1.917142   7.759901   0.089368
1.918605   7.758820   0.089325
1.920068   7.757740   0.089282
1.921530   7.756660   0.089239
1.922993   7.755581   0.089197
1.924456   7.754501   0.089154
1.925919   7.753422   0.089111
1.927382   7.752344   0.089068
1.928845   7.751265   0.089026
1.930308   7.750187   0.088983
1.931770   7.749109   0.088940
1.933233   7.748031   0.088897
1.934696   7.746954   0.088855
1.936159   7.745877   0.088812
1.937622   7.744800   0.088769
1.939085   7.743724   0.088726
1.940548   7.742647   0.088741
1.942011   7.741571   0.088800
1.943473   7.740496   0.088860
1.944936   7.739420   0.088919
1.946399   7.738345   0.088978
1.947862   7.737270   0.089038
1.949325   7.736196   0.089097
1.950788   7.735121   0.089156
1.952251   7.734047   0.089216
1.953713   7.732974   0.089275
1.955176   7.731900   0.089334
1.956639   7.730827   0.089394
1.958102   7.729754   0.089453
1.959565   7.728682   0.089512
1.961028   7.727609   0.089572
1.962491   7.726537   0.089631
1.963953   7.725466   0.089690
1.965416   7.724394   0.089749
1.966879   7.723323   0.089793
1.968342   7.722252   0.089800
1.969805   7.721182   0.089807
1.971268   7.720111   0.089814
1.972731   7.719041   0.089821
1.974194   7.717972   0.089828
1.975656   7.716902   0.089835
1.977119   7.715833   0.089842
1.978582   7.714764   0.089849
1.980045   7.713696   0.089856
1.981508   7.712628   0.089863
1.982971   7.711560   0.089870
1.984434   7.710492   0.089877
1.985896   7.709425   0.089884
1.987359   7.708358   0.089891
1.988822   7.707291   0.089898
1.990285   7.706224   0.089905
1.991748   7.705158   0.089912
1.993211   7.704092   0.089908
1.994674   7.703027   0.089643
1.996137   7.701962   0.089378
1.997599   7.700897   0.089113
1.999062   7.699832   0.088848
2.000525   7.698767   0.088583
2.001988   7.697703   0.088318
2.003451   7.696640   0.088053
2.004914   7.695576   0.087788
2.006377   7.694513   0.087523
2.007839   7.693450   0.087258
2.009302   7.692387   0.086993
2.010765   7.691325   0.086727
2.012228   7.690263   0.086462
2.013691   7.689201   0.086197
2.015154   7.688140   0.085932
2.016617   7.687079   0.085667
2.018080   7.686018   0.085402
2.019542   7.684958   0.085137
2.021005   7.683897   0.085136
2.022468   7.682837   0.085208
2.023931   7.681778   0.085281
2.025394   7.680719   0.085353
2.026857   7.679660   0.085426
2.028320   7.678601   0.085499
2.029782   7.677543   0.085571
2.031245   7.676484   0.085644
2.032708   7.675427   0.085716
2.034171   7.674369   0.085789
2.035634   7.673312   0.085861
2.037097   7.672255   0.085934
2.038560   7.671199   0.086006
2.040023   7.670142   0.086079
2.041485   7.669087   0.086152
2.042948   7.668031   0.086224
2.044411   7.666976   0.086297
2.045874   7.665921   0.086369
2.047337   7.664866   0.086414
2.048800   7.663811   0.086434
2.050263   7.662757   0.086454
2.051725   7.661704   0.086473
2.053188   7.660650   0.086493
2.054651   7.659597   0.086513
2.056114   7.658544   0.086533
2.057577   7.657492   0.086552
2.059040   7.656439   0.086572
2.060503   7.655387   0.086592
2.061965   7.654336   0.086611
2.063428   7.653285   0.086631
2.064891   7.652234   0.086651
2.066354   7.651183   0.086671
2.067817   7.650133   0.086690
2.069280   7.649083   0.086710
2.070743   7.648033   0.086730
2.072206   7.646983   0.086749
2.073668   7.645934   0.086756
2.075131   7.644885   0.086724
2.076594   7.643837   0.086692
2.078057   7.642789   0.086660
2.079520   7.641741   0.086628
2.080983   7.640693   0.086596
2.082446   7.639646   0.086564
2.083908   7.638599   0.086532
2.085371   7.637553   0.086500
2.086834   7.636506   0.086468
2.088297   7.635460   0.086437
2.089760   7.634415   0.086405
2.091223   7.633369   0.086373
2.092686   7.632324   0.086341
2.094149   7.631280   0.086309
2.095611   7.630235   0.086277
2.097074   7.629191   0.086245
2.098537   7.628147   0.086213
2.100000   7.627104   0.086181
2.101463   7.626061   0.086156
2.102926   7.625018   0.086130
2.104389   7.623976   0.086105
2.105851   7.622933   0.086079
2.107314   7.621892   0.086053
2.108777   7.620850   0.086028
2.110240   7.619809   0.086002
2.111703   7.618768   0.085977
2.113166   7.617727   0.085951
2.114629   7.616687   0.085926
2.116092   7.615647   0.085900
2.117554   7.614608   0.085875
2.119017   7.613568   0.085849
2.120480   7.612529   0.085823
2.121943   7.611491   0.085798
2.123406   7.610452   0.085772
2.124869   7.609414   0.085747
2.126332   7.608377   0.085721
2.127794   7.607339   0.085718
2.129257   7.606302   0.085723
2.130720   7.605265   0.085727
2.132183   7.604229   0.085732
2.133646   7.603193   0.085736
2.135109   7.602157   0.085741
2.136572   7.601122   0.085746
2.138035   7.600086   0.085750
2.139497   7.599052   0.085755
2.140960   7.598017   0.085759
2.142423   7.596983   0.085764
2.143886   7.595949   0.085769
2.145349   7.594916   0.085773
2.146812   7.593882   0.085778
2.148275   7.592850   0.085782
2.149737   7.591817   0.085787
2.151200   7.590785   0.085792
2.152663   7.589753   0.085796
2.154126   7.588721   0.085771
2.155589   7.587690   0.085714
2.157052   7.586659   0.085656
2.158515   7.585628   0.085599
2.159977   7.584598   0.085542
2.161440   7.583568   0.085485
2.162903   7.582539   0.085427
2.164366   7.581509   0.085370
2.165829   7.580480   0.085313
2.167292   7.579452   0.085255
2.168755   7.578423   0.085198
2.170218   7.577395   0.085141
2.171680   7.576367   0.085083
2.173143   7.575340   0.085026
2.174606   7.574313   0.084969
2.176069   7.573286   0.084911
2.177532   7.572260   0.084854
2.178995   7.571234   0.084797
2.180458   7.570208   0.084752
2.181920   7.569183   0.084755
2.183383   7.568158   0.084757
2.184846   7.567133   0.084759
2.186309   7.566108   0.084761
2.187772   7.565084   0.084764
2.189235   7.564061   0.084766
2.190698   7.563037   0.084768
2.192161   7.562014   0.084771
2.193623   7.560991   0.084773
2.195086   7.559969   0.084775
2.196549   7.558947   0.084777
2.198012   7.557925   0.084780
2.199475   7.556903   0.084782
2.200938   7.555882   0.084784
2.202401   7.554861   0.084786
2.203863   7.553841   0.084789
2.205326   7.552820   0.084791
2.206789   7.551801   0.084793
2.208252   7.550781   0.084736
2.209715   7.549762   0.084677
2.211178   7.548743   0.084617
2.212641   7.547724   0.084558
2.214104   7.546706   0.084498
2.215566   7.545688   0.084439
2.217029   7.544671   0.084379
2.218492   7.543654   0.084319
2.219955   7.542637   0.084260
2.221418   7.541620   0.084200
2.222881   7.540604   0.084141
2.224344   7.539588   0.084081
2.225806   7.538572   0.084022
2.227269   7.537557   0.083962
2.228732   7.536542   0.083903
2.230195   7.535527   0.083843
2.231658   7.534513   0.083783
2.233121   7.533499   0.083724
2.234584   7.532486   0.083621
2.236047   7.531472   0.083500
2.237509   7.530459   0.083378
2.238972   7.529447   0.083256
2.240435   7.528434   0.083135
2.241898   7.527422   0.083013
2.243361   7.526411   0.082892
2.244824   7.525399   0.082770
2.246287   7.524388   0.082649
2.247749   7.523378   0.082527
2.249212   7.522367   0.082406
2.250675   7.521357   0.082284
2.252138   7.520348   0.082163
2.253601   7.519338   0.082041
2.255064   7.518329   0.081920
2.256527   7.517321   0.081798
2.257989   7.516312   0.081677
2.259452   7.515304   0.081555
2.260915   7.514297   0.081534
2.262378   7.513289   0.081641
2.263841   7.512282   0.081748
2.265304   7.511276   0.081855
2.266767   7.510269   0.081962
2.268230   7.509263   0.082070
2.269692   7.508257   0.082177
2.271155   7.507252   0.082284
2.272618   7.506247   0.082391
2.274081   7.505242   0.082498
2.275544   7.504238   0.082606
2.277007   7.503234   0.082713
2.278470   7.502230   0.082820
2.279932   7.501227   0.082927
2.281395   7.500224   0.083034
2.282858   7.499221   0.083141
2.284321   7.498219   0.083249
2.285784   7.497217   0.083356
2.287247   7.496215   0.083441
2.288710   7.495213   0.083422
2.290173   7.494212   0.083404
2.291635   7.493212   0.083385
2.293098   7.492211   0.083367
2.294561   7.491211   0.083348
2.296024   7.490211   0.083330
2.297487   7.489212   0.083311
2.298950   7.488213   0.083293
2.300413   7.487214   0.083274
2.301875   7.486216   0.083256
2.303338   7.485217   0.083237
2.304801   7.484220   0.083219
2.306264   7.483222   0.083200
2.307727   7.482225   0.083182
2.309190   7.481228   0.083163
2.310653   7.480232   0.083145
2.312116   7.479236   0.083126
2.313578   7.478240   0.083108
2.315041   7.477245   0.083031
2.316504   7.476249   0.082949
2.317967   7.475255   0.082868
2.319430   7.474260   0.082786
2.320893   7.473266   0.082704
2.322356   7.472272   0.082622
2.323818   7.471279   0.082540
2.325281   7.470286   0.082458
2.326744   7.469293   0.082376
2.328207   7.468300   0.082294
2.329670   7.467308   0.082213
2.331133   7.466317   0.082131
2.332596   7.465325   0.082049
2.334059   7.464334   0.081967
2.335521   7.463343   0.081885
2.336984   7.462353   0.081803
2.338447   7.461362   0.081721
2.339910   7.460373   0.081639
2.341373   7.459383   0.081636
2.342836   7.458394   0.081673
2.344299   7.457405   0.081710
2.345761   7.456417   0.081746
2.347224   7.455428   0.081783
2.348687   7.454441   0.081820
2.350150   7.453453   0.081857
2.351613   7.452466   0.081894
2.353076   7.451479   0.081931
2.354539   7.450493   0.081968
2.356002   7.449506   0.082005
2.357464   7.448521   0.082042
2.358927   7.447535   0.082079
2.360390   7.446550   0.082116
2.361853   7.445565   0.082153
2.363316   7.444581   0.082190
2.364779   7.443596   0.082226
2.366242   7.442612   0.082263
2.367704   7.441629   0.082287
2.369167   7.440646   0.082290
2.370630   7.439663   0.082293
2.372093   7.438680   0.082296
2.373556   7.437698   0.082299
2.375019   7.436716   0.082303
2.376482   7.435735   0.082306
2.377944   7.434754   0.082309
2.379407   7.433773   0.082312
2.380870   7.432792   0.082315
2.382333   7.431812   0.082318
2.383796   7.430832   0.082321
2.385259   7.429852   0.082325
2.386722   7.428873   0.082328
2.388185   7.427894   0.082331
2.389647   7.426916   0.082334
2.391110   7.425938   0.082337
2.392573   7.424960   0.082340
2.394036   7.423982   0.082335
2.395499   7.423005   0.082274
2.396962   7.422028   0.082214
2.398425   7.421051   0.082153
2.399887   7.420075   0.082093
2.401350   7.419471   0.082032
2.402813   7.418899   0.081972
2.404276   7.418326   0.081911
2.405739   7.417753   0.081851
2.407202   7.417181   0.081791
2.408665   7.416608   0.081730
2.410128   7.416035   0.081670
2.411590   7.415462   0.081609
2.413053   7.414890   0.081549
2.414516   7.414317   0.081488
2.415979   7.413744   0.081428
2.417442   7.413171   0.081367
2.418905   7.412598   0.081307
2.420368   7.412026   0.081246
2.421830   7.411453   0.081271
2.423293   7.410880   0.081307
2.424756   7.410307   0.081343
2.426219   7.409734   0.081379
2.427682   7.409161   0.081415
2.429145   7.408588   0.081451
2.430608   7.408015   0.081487
2.432071   7.407442   0.081523
2.433533   7.406869   0.081559
2.434996   7.406296   0.081595
2.436459   7.405723   0.081631
2.437922   7.405150   0.081667
2.439385   7.404577   0.081703
2.440848   7.404004   0.081739
2.442311   7.403431   0.081775
2.443773   7.402858   0.081812
2.445236   7.402285   0.081848
2.446699   7.401712   0.081884
2.448162   7.401139   0.082015
2.449625   7.400565   0.082206
2.451088   7.399992   0.082397
2.452551   7.399419   0.082588
2.454014   7.398846   0.082779
2.455476   7.398273   0.082970
2.456939   7.397700   0.083161
2.458402   7.397127   0.083352
2.459865   7.396553   0.083543
2.461328   7.395980   0.083734
2.462791   7.395407   0.083925
2.464254   7.394834   0.084116
2.465716   7.394261   0.084307
2.467179   7.393688   0.084498
2.468642   7.393114   0.084689
2.470105   7.392541   0.084880
2.471568   7.391968   0.085071
2.473031   7.391395   0.085262
2.474494   7.390822   0.085319
2.475956   7.390248   0.085136
2.477419   7.389675   0.084952
2.478882   7.389102   0.084769
2.480345   7.388529   0.084585
2.481808   7.387956   0.084401
2.483271   7.387382   0.084218
2.484734   7.386809   0.084034
2.486197   7.386236   0.083850
2.487659   7.385663   0.083667
2.489122   7.385090   0.083483
2.490585   7.384516   0.083300
2.492048   7.383943   0.083116
2.493511   7.383370   0.082932
2.494974   7.382797   0.082749
2.496437   7.382224   0.082565
2.497899   7.381650   0.082381
2.499362   7.381077   0.082198
2.500825   7.380504   0.082026
2.502288   7.379931   0.081971
2.503751   7.379358   0.081915
2.505214   7.378784   0.081859
2.506677   7.378211   0.081803
2.508140   7.377638   0.081747
2.509602   7.377065   0.081691
2.511065   7.376492   0.081636
2.512528   7.375919   0.081580
2.513991   7.375346   0.081524
2.515454   7.374772   0.081468
2.516917   7.374199   0.081412
2.518380   7.373626   0.081356
2.519842   7.373053   0.081300
2.521305   7.372480   0.081245
2.522768   7.371907   0.081189
2.524231   7.371334   0.081133
2.525694   7.370761   0.081077
2.527157   7.370188   0.081021
2.528620   7.369615   0.080894
2.530083   7.369042   0.080753
2.531545   7.368469   0.080612
2.533008   7.367896   0.080471
2.534471   7.367323   0.080330
2.535934   7.366750   0.080189
2.537397   7.366177   0.080048
2.538860   7.365604   0.079907
2.540323   7.365031   0.079766
2.541785   7.364458   0.079625
2.543248   7.363885   0.079484
2.544711   7.363312   0.079343
2.546174   7.362739   0.079202
2.547637   7.362166   0.079061
2.549100   7.361593   0.078920
2.550563   7.361020   0.078779
2.552026   7.360448   0.078638
2.553488   7.359875   0.078497
2.554951   7.359302   0.078467
2.556414   7.358729   0.078521
2.557877   7.358156   0.078574
2.559340   7.357584   0.078628
2.560803   7.357011   0.078681
2.562266   7.356438   0.078735
2.563728   7.355865   0.078788
2.565191   7.355293   0.078842
2.566654   7.354720   0.078895
2.568117   7.354147   0.078949
2.569580   7.353575   0.079002
2.571043   7.353002   0.079056
2.572506   7.352429   0.079109
2.573968   7.351857   0.079163
2.575431   7.351284   0.079216
2.576894   7.350712   0.079270
2.578357   7.350139   0.079323
2.579820   7.349567   0.079377
2.581283   7.348994   0.079456
2.582746   7.348422   0.079592
2.584209   7.347849   0.079728
2.585671   7.347277   0.079864
2.587134   7.346704   0.080000
2.588597   7.346132   0.080136
2.590060   7.345560   0.080272
2.591523   7.344987   0.080408
2.592986   7.344415   0.080544
2.594449   7.343843   0.080680
2.595911   7.343270   0.080816
2.597374   7.342698   0.080952
2.598837   7.342126   0.081088
2.600300   7.341554   0.081224
2.601763   7.340982   0.081360
2.603226   7.340409   0.081496
2.604689   7.339837   0.081632
2.606152   7.339265   0.081768
2.607614   7.338693   0.081889
2.609077   7.338121   0.081754
2.610540   7.337549   0.081619
2.612003   7.336977   0.081484
2.613466   7.336405   0.081349
2.614929   7.335833   0.081213
2.616392   7.335261   0.081078
2.617854   7.334689   0.080943
2.619317   7.334117   0.080808
2.620780   7.333546   0.080672
2.622243   7.332974   0.080537
2.623706   7.332402   0.080402
2.625169   7.331830   0.080267
2.626632   7.331259   0.080131
2.628095   7.330687   0.079996
2.629557   7.330115   0.079861
2.631020   7.329544   0.079726
2.632483   7.328972   0.079591
2.633946   7.328400   0.079455
2.635409   7.327829   0.079401
2.636872   7.327257   0.079368
2.638335   7.326686   0.079334
2.639797   7.326114   0.079301
2.641260   7.325543   0.079268
2.642723   7.324972   0.079234
2.644186   7.324400   0.079201
2.645649   7.323829   0.079168
2.647112   7.323258   0.079134
2.648575   7.322686   0.079101
2.650038   7.322115   0.079067
2.651500   7.321544   0.079034
2.652963   7.320973   0.079001
2.654426   7.320402   0.078967
2.655889   7.319830   0.078934
2.657352   7.319259   0.078901
2.658815   7.318688   0.078867
2.660278   7.318117   0.078834
2.661740   7.317546   0.078816
2.663203   7.316975   0.078813
2.664666   7.316405   0.078810
2.666129   7.315834   0.078806
2.667592   7.315263   0.078803
2.669055   7.314692   0.078799
2.670518   7.314121   0.078796
2.671980   7.313551   0.078793
2.673443   7.312980   0.078789
2.674906   7.312409   0.078786
2.676369   7.311839   0.078782
2.677832   7.311268   0.078779
2.679295   7.310698   0.078775
2.680758   7.310127   0.078772
2.682221   7.309557   0.078769
2.683683   7.308986   0.078765
2.685146   7.308416   0.078762
2.686609   7.307846   0.078758
2.688072   7.307275   0.078783
2.689535   7.306705   0.078884
2.690998   7.306135   0.078984
2.692461   7.305565   0.079084
2.693923   7.304994   0.079184
2.695386   7.304424   0.079284
2.696849   7.303854   0.079385
2.698312   7.303284   0.079485
2.699775   7.302714   0.079585
2.701238   7.302144   0.079685
2.702701   7.301574   0.079785
2.704164   7.301005   0.079886
2.705626   7.300435   0.079986
2.707089   7.299865   0.080086
2.708552   7.299295   0.080186
2.710015   7.298725   0.080286
2.711478   7.298156   0.080387
2.712941   7.297586   0.080487
2.714404   7.297017   0.080584
2.715866   7.296447   0.080505
2.717329   7.295878   0.080425
2.718792   7.295308   0.080345
2.720255   7.294739   0.080266
2.721718   7.294169   0.080186
2.723181   7.293600   0.080106
2.724644   7.293031   0.080027
2.726107   7.292462   0.079947
2.727569   7.291892   0.079867
2.729032   7.291323   0.079788
2.730495   7.290754   0.079708
2.731958   7.290185   0.079628
2.733421   7.289616   0.079549
2.734884   7.289047   0.079469
2.736347   7.288478   0.079389
2.737809   7.287909   0.079310
2.739272   7.287341   0.079230
2.740735   7.286772   0.079150
2.742198   7.286203   0.079099
2.743661   7.285634   0.079058
2.745124   7.285066   0.079017
2.746587   7.284497   0.078975
2.748050   7.283929   0.078934
2.749512   7.283360   0.078893
2.750975   7.282792   0.078851
2.752438   7.282223   0.078810
2.753901   7.281655   0.078768
2.755364   7.281087   0.078727
2.756827   7.280518   0.078686
2.758290   7.279950   0.078644
2.759752   7.279382   0.078603
2.761215   7.278814   0.078562
2.762678   7.278246   0.078520
2.764141   7.277678   0.078479
2.765604   7.277110   0.078438
2.767067   7.276542   0.078396
2.768530   7.275974   0.078336
2.769992   7.275406   0.078258
2.771455   7.274838   0.078179
2.772918   7.274271   0.078100
2.774381   7.273703   0.078021
2.775844   7.273135   0.077942
2.777307   7.272568   0.077864
2.778770   7.272000   0.077785
2.780233   7.271433   0.077706
2.781695   7.270865   0.077627
2.783158   7.270298   0.077549
2.784621   7.269731   0.077470
2.786084   7.269163   0.077391
2.787547   7.268596   0.077312
2.789010   7.268029   0.077234
2.790473   7.267462   0.077155
2.791935   7.266895   0.077076
2.793398   7.266328   0.076997
2.794861   7.265761   0.076975
2.796324   7.265194   0.077139
2.797787   7.264627   0.077304
2.799250   7.264060   0.077468
2.800713   7.263494   0.077633
2.802176   7.262927   0.077797
2.803638   7.262360   0.077962
2.805101   7.261794   0.078126
2.806564   7.261227   0.078290
2.808027   7.260661   0.078455
2.809490   7.260094   0.078619
2.810953   7.259528   0.078784
2.812416   7.258962   0.078948
2.813878   7.258395   0.079113
2.815341   7.257829   0.079277
2.816804   7.257263   0.079441
2.818267   7.256697   0.079606
2.819730   7.256131   0.079770
2.821193   7.255565   0.079935
2.822656   7.254999   0.079924
2.824119   7.254433   0.079908
2.825581   7.253867   0.079893
2.827044   7.253302   0.079877
2.828507   7.252736   0.079861
2.829970   7.252170   0.079846
2.831433   7.251605   0.079830
2.832896   7.251039   0.079815
2.834359   7.250474   0.079799
2.835821   7.249908   0.079783
2.837284   7.249343   0.079768
2.838747   7.248778   0.079752
2.840210   7.248213   0.079737
2.841673   7.247647   0.079721
2.843136   7.247082   0.079705
2.844599   7.246517   0.079690
2.846062   7.245952   0.079674
2.847524   7.245387   0.079658
2.848987   7.244822   0.079554
2.850450   7.244257   0.079414
2.851913   7.243693   0.079274
2.853376   7.243128   0.079134
2.854839   7.242563   0.078994
2.856302   7.241999   0.078854
2.857764   7.241434   0.078714
2.859227   7.240870   0.078574
2.860690   7.240305   0.078434
2.862153   7.239741   0.078294
2.863616   7.239177   0.078154
2.865079   7.238612   0.078014
2.866542   7.238048   0.077874
2.868005   7.237484   0.077734
2.869467   7.236920   0.077594
2.870930   7.236356   0.077454
2.872393   7.235792   0.077314
2.873856   7.235228   0.077174
2.875319   7.234665   0.077058
2.876782   7.234101   0.076970
2.878245   7.233537   0.076883
2.879707   7.232973   0.076795
2.881170   7.232410   0.076707
2.882633   7.231846   0.076620
2.884096   7.231283   0.076532
2.885559   7.230720   0.076444
2.887022   7.230156   0.076357
2.888485   7.229593   0.076269
2.889947   7.229030   0.076181
2.891410   7.228467   0.076094
2.892873   7.227904   0.076006
2.894336   7.227341   0.075918
2.895799   7.226778   0.075831
2.897262   7.226215   0.075743
2.898725   7.225652   0.075655
2.900188   7.225089   0.075567
2.901650   7.224527   0.075518
2.903113   7.223964   0.075632
2.904576   7.223401   0.075746
2.906039   7.222839   0.075860
2.907502   7.222276   0.075974
2.908965   7.221714   0.076088
2.910428   7.221152   0.076202
2.911890   7.220590   0.076316
2.913353   7.220027   0.076429
2.914816   7.219465   0.076543
2.916279   7.218903   0.076657
2.917742   7.218341   0.076771
2.919205   7.217779   0.076885
2.920668   7.217218   0.076999
2.922131   7.216656   0.077113
2.923593   7.216094   0.077227
2.925056   7.215532   0.077340
2.926519   7.214971   0.077454
2.927982   7.214409   0.077568
2.929445   7.213848   0.077500
2.930908   7.213287   0.077419
2.932371   7.212725   0.077338
2.933833   7.212164   0.077257
2.935296   7.211603   0.077176
2.936759   7.211042   0.077095
2.938222   7.210481   0.077014
2.939685   7.209920   0.076933
2.941148   7.209359   0.076852
2.942611   7.208798   0.076771
2.944074   7.208237   0.076690
2.945536   7.207676   0.076608
2.946999   7.207116   0.076527
2.948462   7.206555   0.076446
2.949925   7.205995   0.076365
2.951388   7.205434   0.076284
2.952851   7.204874   0.076203
2.954314   7.204314   0.076122
2.955776   7.203753   0.076064
2.957239   7.203193   0.076018
2.958702   7.202633   0.075972
2.960165   7.202073   0.075926
2.961628   7.201513   0.075880
2.963091   7.200953   0.075834
2.964554   7.200393   0.075788
2.966017   7.199834   0.075741
2.967479   7.199274   0.075695
2.968942   7.198714   0.075649
2.970405   7.198155   0.075603
2.971868   7.197595   0.075557
2.973331   7.197036   0.075511
2.974794   7.196477   0.075465
2.976257   7.195917   0.075418
2.977719   7.195358   0.075372
2.979182   7.194799   0.075326
2.980645   7.194240   0.075280
2.982108   7.193681   0.075300
2.983571   7.193122   0.075416
2.985034   7.192563   0.075531
2.986497   7.192004   0.075646
2.987959   7.191446   0.075762
2.989422   7.190887   0.075877
2.990885   7.190328   0.075993
2.992348   7.189770   0.076108
2.993811   7.189212   0.076223
2.995274   7.188653   0.076339
2.996737   7.188095   0.076454
2.998200   7.187537   0.076569
2.999662   7.186979   0.076685
3.001125   7.186421   0.076800
3.002588   7.185863   0.076916
3.004051   7.185305   0.077031
3.005514   7.184747   0.077146
3.006977   7.184189   0.077262
3.008440   7.183631   0.077339
3.009902   7.183074   0.077203
3.011365   7.182516   0.077067
3.012828   7.181959   0.076931
3.014291   7.181401   0.076795
3.015754   7.180844   0.076659
3.017217   7.180287   0.076523
3.018680   7.179729   0.076387
3.020143   7.179172   0.076251
3.021605   7.178615   0.076115
3.023068   7.178058   0.075979
3.024531   7.177501   0.075843
3.025994   7.176945   0.075707
3.027457   7.176388   0.075571
3.028920   7.175831   0.075435
3.030383   7.175275   0.075299
3.031845   7.174718   0.075162
3.033308   7.174162   0.075026
3.034771   7.173605   0.074890
3.036234   7.173049   0.074836
3.037697   7.172493   0.074791
3.039160   7.171937   0.074746
3.040623   7.171380   0.074701
3.042086   7.170824   0.074656
3.043548   7.170269   0.074611
3.045011   7.169713   0.074566
3.046474   7.169157   0.074522
3.047937   7.168601   0.074477
3.049400   7.168046   0.074432
3.050863   7.167490   0.074387
3.052326   7.166935   0.074342
3.053788   7.166379   0.074297
3.055251   7.165824   0.074252
3.056714   7.165269   0.074207
3.058177   7.164713   0.074163
3.059640   7.164158   0.074118
3.061103   7.163603   0.074073
3.062566   7.163048   0.074171
3.064029   7.162493   0.074354
3.065491   7.161939   0.074537
3.066954   7.161384   0.074719
3.068417   7.160829   0.074902
3.069880   7.160275   0.075085
3.071343   7.159720   0.075267
3.072806   7.159166   0.075450
3.074269   7.158611   0.075632
3.075731   7.158057   0.075815
3.077194   7.157503   0.075998
3.078657   7.156949   0.076180
3.080120   7.156395   0.076363
3.081583   7.155841   0.076545
3.083046   7.155287   0.076728
3.084509   7.154733   0.076911
3.085971   7.154179   0.077093
3.087434   7.153626   0.077276
3.088897   7.153072   0.077326
3.090360   7.152519   0.077150
3.091823   7.151965   0.076974
3.093286   7.151412   0.076798
3.094749   7.150859   0.076622
3.096212   7.150306   0.076446
3.097674   7.149752   0.076270
3.099137   7.149199   0.076094
3.100600   7.148647   0.075918
3.102063   7.148094   0.075742
3.103526   7.147541   0.075566
3.104989   7.146988   0.075390
3.106452   7.146436   0.075214
3.107914   7.145883   0.075038
3.109377   7.145331   0.074862
3.110840   7.144778   0.074686
3.112303   7.144226   0.074510
3.113766   7.143674   0.074334
3.115229   7.143121   0.074183
3.116692   7.142569   0.074233
3.118155   7.142017   0.074283
3.119617   7.141465   0.074333
3.121080   7.140914   0.074383
3.122543   7.140362   0.074434
3.124006   7.139810   0.074484
3.125469   7.139259   0.074534
3.126932   7.138707   0.074584
3.128395   7.138156   0.074634
3.129857   7.137604   0.074685
3.131320   7.137053   0.074735
3.132783   7.136502   0.074785
3.134246   7.135951   0.074835
3.135709   7.135400   0.074885
3.137172   7.134849   0.074936
3.138635   7.134298   0.074986
3.140098   7.133747   0.075036
3.141560   7.133196   0.075086
3.143023   7.132646   0.075040
3.144486   7.132095   0.074977
3.145949   7.131545   0.074914
3.147412   7.130994   0.074851
3.148875   7.130444   0.074788
3.150338   7.129894   0.074725
3.151800   7.129343   0.074662
3.153263   7.128793   0.074599
3.154726   7.128243   0.074536
3.156189   7.127693   0.074473
3.157652   7.127144   0.074410
3.159115   7.126594   0.074347
3.160578   7.126044   0.074284
3.162041   7.125495   0.074221
3.163503   7.124945   0.074158
3.164966   7.124396   0.074095
3.166429   7.123846   0.074032
3.167892   7.123297   0.073969
3.169355   7.122748   0.074008
3.170818   7.122199   0.074119
3.172281   7.121650   0.074229
3.173743   7.121101   0.074340
3.175206   7.120552   0.074451
3.176669   7.120003   0.074561
3.178132   7.119455   0.074672
3.179595   7.118906   0.074783
3.181058   7.118358   0.074893
3.182521   7.117809   0.075004
3.183983   7.117261   0.075115
3.185446   7.116712   0.075225
3.186909   7.116164   0.075336
3.188372   7.115616   0.075447
3.189835   7.115068   0.075557
3.191298   7.114520   0.075668
3.192761   7.113972   0.075778
3.194224   7.113425   0.075889
3.195686   7.112877   0.075945
3.197149   7.112329   0.075889
3.198612   7.111782   0.075833
3.200075   7.111234   0.075777
3.201538   7.110687   0.075721
3.203001   7.110140   0.075665
3.204464   7.109593   0.075609
3.205926   7.109045   0.075553
3.207389   7.108498   0.075497
3.208852   7.107951   0.075441
3.210315   7.107405   0.075385
3.211778   7.106858   0.075329
3.213241   7.106311   0.075273
3.214704   7.105765   0.075217
3.216167   7.105218   0.075162
3.217629   7.104672   0.075106
3.219092   7.104125   0.075050
3.220555   7.103579   0.074994
3.222018   7.103033   0.074942
3.223481   7.102487   0.074947
3.224944   7.101941   0.074952
3.226407   7.101395   0.074957
3.227869   7.100849   0.074963
3.229332   7.100303   0.074968
3.230795   7.099758   0.074973
3.232258   7.099212   0.074978
3.233721   7.098666   0.074983
3.235184   7.098121   0.074989
3.236647   7.097576   0.074994
3.238110   7.097030   0.074999
3.239572   7.096485   0.075004
3.241035   7.095940   0.075009
3.242498   7.095395   0.075015
3.243961   7.094850   0.075020
3.245424   7.094305   0.075025
3.246887   7.093761   0.075030
3.248350   7.093216   0.075035
3.249812   7.092671   0.074956
3.251275   7.092127   0.074857
3.252738   7.091583   0.074757
3.254201   7.091038   0.074658
3.255664   7.090494   0.074558
3.257127   7.089950   0.074459
3.258590   7.089406   0.074360
3.260053   7.088862   0.074260
3.261515   7.088318   0.074161
3.262978   7.087774   0.074062
3.264441   7.087231   0.073962
3.265904   7.086687   0.073863
3.267367   7.086143   0.073763
3.268830   7.085600   0.073664
3.270293   7.085057   0.073565
3.271755   7.084513   0.073465
3.273218   7.083970   0.073366
3.274681   7.083427   0.073266
3.276144   7.082884   0.073231
3.277607   7.082341   0.073247
3.279070   7.081798   0.073264
3.280533   7.081255   0.073280
3.281995   7.080713   0.073297
3.283458   7.080170   0.073314
3.284921   7.079628   0.073330
3.286384   7.079085   0.073347
3.287847   7.078543   0.073363
3.289310   7.078001   0.073380
3.290773   7.077458   0.073396
3.292236   7.076916   0.073413
3.293698   7.076374   0.073430
3.295161   7.075833   0.073446
3.296624   7.075291   0.073463
3.298087   7.074749   0.073479
3.299550   7.074207   0.073496
3.301013   7.073666   0.073513
3.302476   7.073124   0.073526
3.303938   7.072583   0.073533
3.305401   7.072042   0.073540
3.306864   7.071501   0.073546
3.308327   7.070959   0.073553
3.309790   7.070418   0.073560
3.311253   7.069877   0.073566
3.312716   7.069337   0.073573
3.314179   7.068796   0.073580
3.315641   7.068255   0.073587
3.317104   7.067715   0.073593
3.318567   7.067174   0.073600
3.320030   7.066634   0.073607
3.321493   7.066093   0.073613
3.322956   7.065553   0.073620
3.324419   7.065013   0.073627
3.325881   7.064473   0.073633
3.327344   7.063933   0.073640
3.328807   7.063393   0.073645
3.330270   7.062853   0.073575
3.331733   7.062314   0.073505
3.333196   7.061774   0.073436
3.334659   7.061235   0.073366
3.336122   7.060695   0.073296
3.337584   7.060156   0.073227
3.339047   7.059616   0.073157
3.340510   7.059077   0.073087
3.341973   7.058538   0.073018
3.343436   7.057999   0.072948
3.344899   7.057460   0.072878
3.346362   7.056922   0.072809
3.347824   7.056383   0.072739
3.349287   7.055844   0.072669
3.350750   7.055306   0.072600
3.352213   7.054767   0.072530
3.353676   7.054229   0.072460
3.355139   7.053690   0.072391
3.356602   7.053152   0.072373
3.358065   7.052614   0.072370
3.359527   7.052076   0.072368
3.360990   7.051538   0.072365
3.362453   7.051000   0.072363
3.363916   7.050463   0.072360
3.365379   7.049925   0.072358
3.366842   7.049387   0.072355
3.368305   7.048850   0.072353
3.369767   7.048313   0.072350
3.371230   7.047775   0.072348
3.372693   7.047238   0.072345
3.374156   7.046701   0.072343
3.375619   7.046164   0.072340
3.377082   7.045627   0.072338
3.378545   7.045090   0.072335
3.380008   7.044553   0.072333
3.381470   7.044017   0.072330
3.382933   7.043480   0.072328
3.384396   7.042944   0.072326
3.385859   7.042407   0.072325
3.387322   7.041871   0.072323
3.388785   7.041335   0.072321
3.390248   7.040799   0.072320
3.391710   7.040263   0.072318
3.393173   7.039727   0.072316
3.394636   7.039191   0.072315
3.396099   7.038655   0.072313
3.397562   7.038119   0.072311
3.399025   7.037584   0.072310
3.400488   7.037048   0.072308
3.401950   7.036513   0.072307
3.403413   7.035977   0.072305
3.404876   7.035442   0.072303
3.406339   7.034907   0.072302
3.407802   7.034372   0.072300
3.409265   7.033837   0.072278
3.410728   7.033302   0.072194
3.412191   7.032767   0.072109
3.413653   7.032233   0.072025
3.415116   7.031698   0.071941
3.416579   7.031164   0.071856
3.418042   7.030629   0.071772
3.419505   7.030095   0.071688
3.420968   7.029561   0.071604
3.422431   7.029026   0.071519
3.423893   7.028492   0.071435
3.425356   7.027958   0.071351
3.426819   7.027425   0.071266
3.428282   7.026891   0.071182
3.429745   7.026357   0.071098
3.431208   7.025823   0.071014
3.432671   7.025290   0.070929
3.434134   7.024757   0.070845
3.435596   7.024223   0.070761
3.437059   7.023690   0.070896
3.438522   7.023157   0.071035
3.439985   7.022624   0.071174
3.441448   7.022091   0.071313
3.442911   7.021558   0.071451
3.444374   7.021025   0.071590
3.445836   7.020493   0.071729
3.447299   7.019960   0.071868
3.448762   7.019427   0.072006
3.450225   7.018895   0.072145
3.451688   7.018363   0.072284
3.453151   7.017830   0.072423
3.454614   7.017298   0.072561
3.456077   7.016766   0.072700
3.457539   7.016234   0.072839
3.459002   7.015702   0.072978
3.460465   7.015171   0.073116
3.461928   7.014639   0.073255
3.463391   7.014107   0.073197
3.464854   7.013576   0.073065
3.466317   7.013044   0.072933
3.467779   7.012513   0.072800
3.469242   7.011982   0.072668
3.470705   7.011451   0.072536
3.472168   7.010920   0.072403
3.473631   7.010389   0.072271
3.475094   7.009858   0.072139
3.476557   7.009327   0.072006
3.478020   7.008797   0.071874
3.479482   7.008266   0.071742
3.480945   7.007735   0.071609
3.482408   7.007205   0.071477
3.483871   7.006675   0.071345
3.485334   7.006145   0.071212
3.486797   7.005614   0.071080
3.488260   7.005084   0.070948
3.489722   7.004555   0.070946
3.491185   7.004025   0.071094
3.492648   7.003495   0.071243
3.494111   7.002965   0.071391
3.495574   7.002436   0.071539
3.497037   7.001906   0.071687
3.498500   7.001377   0.071835
3.499962   7.000848   0.071984
3.501425   7.000318   0.072132
3.502888   6.999789   0.072280
3.504351   6.999260   0.072428
3.505814   6.998731   0.072576
3.507277   6.998203   0.072725
3.508740   6.997674   0.072873
3.510203   6.997145   0.073021
3.511665   6.996617   0.073169
3.513128   6.996088   0.073318
3.514591   6.995560   0.073466
3.516054   6.995032   0.073539
3.517517   6.994503   0.073322
3.518980   6.993975   0.073105
3.520443   6.993447   0.072888
3.521905   6.992919   0.072670
3.523368   6.992392   0.072453
3.524831   6.991864   0.072236
3.526294   6.991336   0.072019
3.527757   6.990809   0.071802
3.529220   6.990281   0.071585
3.530683   6.989406   0.071368
3.532146   6.988133   0.071151
3.533608   6.986861   0.070934
3.535071   6.985589   0.070716
3.536534   6.984318   0.070499
3.537997   6.983048   0.070282
3.539460   6.981778   0.070065
3.540923   6.980508   0.069848
3.542386   6.979240   0.069631
3.543848   6.977971   0.069714
3.545311   6.976704   0.069814
3.546774   6.975436   0.069915
3.548237   6.974170   0.070015
3.549700   6.972904   0.070115
3.551163   6.971639   0.070216
3.552626   6.970374   0.070316
3.554089   6.969109   0.070417
3.555551   6.967846   0.070517
3.557014   6.966582   0.070618
3.558477   6.965320   0.070718
3.559940   6.964058   0.070818
3.561403   6.962796   0.070919
3.562866   6.961535   0.071019
3.564329   6.960275   0.071120
3.565791   6.959015   0.071220
3.567254   6.957756   0.071320
3.568717   6.956497   0.071421
3.570180   6.955239   0.071380
3.571643   6.953981   0.071274
3.573106   6.952724   0.071167
3.574569   6.951468   0.071061
3.576032   6.950212   0.070955
3.577494   6.948957   0.070849
3.578957   6.947702   0.070743
3.580420   6.946447   0.070637
3.581883   6.945194   0.070531
3.583346   6.943941   0.070424
3.584809   6.942688   0.070318
3.586272   6.941436   0.070212
3.587734   6.940184   0.070106
3.589197   6.938933   0.070000
3.590660   6.937683   0.069894
3.592123   6.936433   0.069788
3.593586   6.935184   0.069682
3.595049   6.933935   0.069575
3.596512   6.932687   0.069492
3.597974   6.931439   0.069440
3.599437   6.930192   0.069388
3.600900   6.928946   0.069336
3.602363   6.927700   0.069284
3.603826   6.926454   0.069232
3.605289   6.925209   0.069180
3.606752   6.923965   0.069128
3.608215   6.922721   0.069076
3.609677   6.921478   0.069023
3.611140   6.920235   0.068971
3.612603   6.918993   0.068919
3.614066   6.917751   0.068867
3.615529   6.916510   0.068815
3.616992   6.915270   0.068763
3.618455   6.914030   0.068711
3.619917   6.912790   0.068659
3.621380   6.911551   0.068607
3.622843   6.910313   0.068590
3.624306   6.909075   0.068755
3.625769   6.907838   0.068920
3.627232   6.906601   0.069084
3.628695   6.905365   0.069249
3.630158   6.904129   0.069414
3.631620   6.902894   0.069578
3.633083   6.901660   0.069743
3.634546   6.900426   0.069907
3.636009   6.899192   0.070072
3.637472   6.897959   0.070237
3.638935   6.896727   0.070401
3.640398   6.895495   0.070566
3.641860   6.894263   0.070731
3.643323   6.893033   0.070895
3.644786   6.891802   0.071060
3.646249   6.890573   0.071225
3.647712   6.889343   0.071389
3.649175   6.888115   0.071554
3.650638   6.886887   0.071546
3.652101   6.885659   0.071520
3.653563   6.884432   0.071494
3.655026   6.883206   0.071468
3.656489   6.881980   0.071442
3.657952   6.880754   0.071416
3.659415   6.879529   0.071390
3.660878   6.878305   0.071364
3.662341   6.877081   0.071338
3.663803   6.875858   0.071312
3.665266   6.874635   0.071286
3.666729   6.873413   0.071260
3.668192   6.872191   0.071234
3.669655   6.870970   0.071208
3.671118   6.869749   0.071181
3.672581   6.868529   0.071155
3.674044   6.867309   0.071129
3.675506   6.866090   0.071103
3.676969   6.864872   0.071050
3.678432   6.863654   0.070981
3.679895   6.862436   0.070912
3.681358   6.861219   0.070843
3.682821   6.860003   0.070774
3.684284   6.858787   0.070705
3.685746   6.857571   0.070636
3.687209   6.856356   0.070567
3.688672   6.855142   0.070498
3.690135   6.853928   0.070429
3.691598   6.852715   0.070360
3.693061   6.851502   0.070291
3.694524   6.850290   0.070222
3.695986   6.849078   0.070153
3.697449   6.847867   0.070084
3.698912   6.846656   0.070015
3.700375   6.845446   0.069946
3.701838   6.844237   0.069877
3.703301   6.843028   0.069840
3.704764   6.841819   0.069856
3.706227   6.840611   0.069871
3.707689   6.839403   0.069887
3.709152   6.838196   0.069903
3.710615   6.836990   0.069918
3.712078   6.835784   0.069934
3.713541   6.834578   0.069949
3.715004   6.833374   0.069965
3.716467   6.832169   0.069980
3.717929   6.830965   0.069996
3.719392   6.829762   0.070012
3.720855   6.828559   0.070027
3.722318   6.827357   0.070043
3.723781   6.826155   0.070058
3.725244   6.824953   0.070074
3.726707   6.823753   0.070089
3.728170   6.822552   0.070105
3.729632   6.821353   0.070120
3.731095   6.820153   0.070129
3.732558   6.818955   0.070139
3.734021   6.817756   0.070149
3.735484   6.816559   0.070158
3.736947   6.815361   0.070168
3.738410   6.814165   0.070178
3.739872   6.812969   0.070187
3.741335   6.811773   0.070197
3.742798   6.810578   0.070207
3.744261   6.809383   0.070216
3.745724   6.808189   0.070226
3.747187   6.806995   0.070236
3.748650   6.805802   0.070245
3.750113   6.804610   0.070255
3.751575   6.803418   0.070265
3.753038   6.802226   0.070274
3.754501   6.801035   0.070284
3.755964   6.799844   0.070294
3.757427   6.798654   0.070308
3.758890   6.797465   0.070322
3.760353   6.796276   0.070337
3.761815   6.795087   0.070351
3.763278   6.793899   0.070366
3.764741   6.792712   0.070381
3.766204   6.791525   0.070395
3.767667   6.790338   0.070410
3.769130   6.789152   0.070424
3.770593   6.787967   0.070439
3.772056   6.786782   0.070454
3.773518   6.785597   0.070468
3.774981   6.784413   0.070483
3.776444   6.783230   0.070497
3.777907   6.782047   0.070512
3.779370   6.780864   0.070527
3.780833   6.779682   0.070541
3.782296   6.778501   0.070556
3.783758   6.777320   0.070553
3.785221   6.776140   0.070538
3.786684   6.774960   0.070524
3.788147   6.773780   0.070509
3.789610   6.772601   0.070495
3.791073   6.771423   0.070480
3.792536   6.770245   0.070465
3.793998   6.769067   0.070451
3.795461   6.767890   0.070436
3.796924   6.766714   0.070422
3.798387   6.765538   0.070407
3.799850   6.764363   0.070393
3.801313   6.763188   0.070378
3.802776   6.762013   0.070363
3.804239   6.760839   0.070349
3.805701   6.759666   0.070334
3.807164   6.758493   0.070320
3.808627   6.757320   0.070305
3.810090   6.756148   0.070315
3.811553   6.754977   0.070372
3.813016   6.753806   0.070429
3.814479   6.752635   0.070485
3.815941   6.751465   0.070542
3.817404   6.750296   0.070599
3.818867   6.749127   0.070656
3.820330   6.747958   0.070713
3.821793   6.746790   0.070770
3.823256   6.745623   0.070827
3.824719   6.744456   0.070883
3.826182   6.743289   0.070940
3.827644   6.742123   0.070997
3.829107   6.740957   0.071054
3.830570   6.739792   0.071111
3.832033   6.738628   0.071168
3.833496   6.737464   0.071225
3.834959   6.736300   0.071281
3.836422   6.735137   0.071330
3.837884   6.733974   0.071290
3.839347   6.732812   0.071249
3.840810   6.731651   0.071208
3.842273   6.730489   0.071167
3.843736   6.729329   0.071127
3.845199   6.728169   0.071086
3.846662   6.727009   0.071045
3.848125   6.725850   0.071004
3.849587   6.724691   0.070964
3.851050   6.723533   0.070923
3.852513   6.722375   0.070882
3.853976   6.721218   0.070842
3.855439   6.720061   0.070801
3.856902   6.718905   0.070760
3.858365   6.717749   0.070719
3.859827   6.716593   0.070679
3.861290   6.715439   0.070638
3.862753   6.714284   0.070597
3.864216   6.713130   0.070514
3.865679   6.711977   0.070422
3.867142   6.710824   0.070329
3.868605   6.709672   0.070237
3.870068   6.708520   0.070145
3.871530   6.707368   0.070052
3.872993   6.706217   0.069960
3.874456   6.705067   0.069868
3.875919   6.703917   0.069775
3.877382   6.702767   0.069683
3.878845   6.701618   0.069591
3.880308   6.700470   0.069498
3.881770   6.699322   0.069406
3.883233   6.698174   0.069314
3.884696   6.697027   0.069221
3.886159   6.695880   0.069129
3.887622   6.694734   0.069037
3.889085   6.693588   0.068944
3.890548   6.692443   0.068947
3.892011   6.691298   0.069023
3.893473   6.690154   0.069100
3.894936   6.689010   0.069176
3.896399   6.687867   0.069252
3.897862   6.686724   0.069329
3.899325   6.685582   0.069405
3.900788   6.684440   0.069481
3.902251   6.683298   0.069558
3.903713   6.682157   0.069634
3.905176   6.681017   0.069710
3.906639   6.679877   0.069787
3.908102   6.678737   0.069863
3.909565   6.677598   0.069939
3.911028   6.676460   0.070016
3.912491   6.675322   0.070092
3.913953   6.674184   0.070168
3.915416   6.673047   0.070245
3.916879   6.671910   0.070283
3.918342   6.670774   0.070232
3.919805   6.669638   0.070182
3.921268   6.668503   0.070132
3.922731   6.667368   0.070081
3.924194   6.666234   0.070031
3.925656   6.665100   0.069980
3.927119   6.663966   0.069930
3.928582   6.662833   0.069880
3.930045   6.661701   0.069829
3.931508   6.660569   0.069779
3.932971   6.659437   0.069728
3.934434   6.658306   0.069678
3.935896   6.657176   0.069627
3.937359   6.656046   0.069577
3.938822   6.654916   0.069527
3.940285   6.653787   0.069476
3.941748   6.652658   0.069426
3.943211   6.651530   0.069374
3.944674   6.650402   0.069287
3.946137   6.649275   0.069201
3.947599   6.648148   0.069114
3.949062   6.647021   0.069027
3.950525   6.645896   0.068941
3.951988   6.644770   0.068854
3.953451   6.643645   0.068767
3.954914   6.642521   0.068681
3.956377   6.641396   0.068594
3.957839   6.640273   0.068507
3.959302   6.639150   0.068421
3.960765   6.638027   0.068334
3.962228   6.636905   0.068247
3.963691   6.635783   0.068161
3.965154   6.634662   0.068074
3.966617   6.633541   0.067987
3.968080   6.632420   0.067901
3.969542   6.631301   0.067814
3.971005   6.630181   0.067889
3.972468   6.629062   0.068009
3.973931   6.627943   0.068130
3.975394   6.626825   0.068250
3.976857   6.625708   0.068371
3.978320   6.624591   0.068491
3.979782   6.623474   0.068611
3.981245   6.622358   0.068732
3.982708   6.621242   0.068852
3.984171   6.620126   0.068973
3.985634   6.619012   0.069093
3.987097   6.617897   0.069213
3.988560   6.616783   0.069334
3.990023   6.615670   0.069454
3.991485   6.614557   0.069575
3.992948   6.613444   0.069695
3.994411   6.612332   0.069815
3.995874   6.611220   0.069936
3.997337   6.610109   0.069975
3.998800   6.608998   0.069939
4.000263   6.607888   0.069903
4.001725   6.606778   0.069866
4.003188   6.605668   0.069830
4.004651   6.604559   0.069794
4.006114   6.603451   0.069758
4.007577   6.602343   0.069722
4.009040   6.601235   0.069686
4.010503   6.600128   0.069650
4.011965   6.599021   0.069614
4.013428   6.597915   0.069578
4.014891   6.596809   0.069542
4.016354   6.595704   0.069506
4.017817   6.594599   0.069470
4.019280   6.593495   0.069434
4.020743   6.592391   0.069398
4.022206   6.591287   0.069362
4.023668   6.590184   0.069313
4.025131   6.589081   0.069227
4.026594   6.587979   0.069142
4.028057   6.586877   0.069056
4.029520   6.585776   0.068970
4.030983   6.584675   0.068885
4.032446   6.583575   0.068799
4.033908   6.582475   0.068714
4.035371   6.581375   0.068628
4.036834   6.580276   0.068543
4.038297   6.579177   0.068457
4.039760   6.578079   0.068372
4.041223   6.576981   0.068286
4.042686   6.575884   0.068201
4.044149   6.574787   0.068115
4.045611   6.573691   0.068030
4.047074   6.572595   0.067944
4.048537   6.571499   0.067858
4.050000   6.570404   0.067773
4.051463   6.569310   0.067876
4.052926   6.568215   0.067980
4.054389   6.567122   0.068083
4.055851   6.566028   0.068186
4.057314   6.564935   0.068290
4.058777   6.563843   0.068393
4.060240   6.562751   0.068497
4.061703   6.561659   0.068600
4.063166   6.560568   0.068703
4.064629   6.559478   0.068807
4.066092   6.558387   0.068910
4.067554   6.557298   0.069013
4.069017   6.556208   0.069117
4.070480   6.555119   0.069220
4.071943   6.554031   0.069324
4.073406   6.552943   0.069427
4.074869   6.551855   0.069530
4.076332   6.550768   0.069634
4.077794   6.549681   0.069579
4.079257   6.548595   0.069468
4.080720   6.547509   0.069358
4.082183   6.546424   0.069247
4.083646   6.545339   0.069136
4.085109   6.544254   0.069026
4.086572   6.543170   0.068915
4.088035   6.542087   0.068805
4.089497   6.541003   0.068694
4.090960   6.539921   0.068583
4.092423   6.538838   0.068473
4.093886   6.537756   0.068362
4.095349   6.536675   0.068251
4.096812   6.535594   0.068141
4.098275   6.534513   0.068030
4.099737   6.533433   0.067920
4.101200   6.532353   0.067809
4.102663   6.531274   0.067698
4.104126   6.530195   0.067658
4.105589   6.529117   0.067694
4.107052   6.528039   0.067731
4.108515   6.526961   0.067767
4.109977   6.525884   0.067803
4.111440   6.524807   0.067840
4.112903   6.523731   0.067876
4.114366   6.522655   0.067912
4.115829   6.521580   0.067949
4.117292   6.520505   0.067985
4.118755   6.519430   0.068021
4.120218   6.518356   0.068058
4.121680   6.517282   0.068094
4.123143   6.516209   0.068130
4.124606   6.515136   0.068167
4.126069   6.514064   0.068203
4.127532   6.512992   0.068239
4.128995   6.511920   0.068276
4.130458   6.510849   0.068284
4.131920   6.509778   0.068193
4.133383   6.508708   0.068102
4.134846   6.507638   0.068011
4.136309   6.506569   0.067920
4.137772   6.505500   0.067829
4.139235   6.504431   0.067738
4.140698   6.503363   0.067647
4.142161   6.502295   0.067555
4.143623   6.501228   0.067464
4.145086   6.500161   0.067373
4.146549   6.499094   0.067282
4.148012   6.498028   0.067191
4.149475   6.496963   0.067100
4.150938   6.495898   0.067009
4.152401   6.494833   0.066918
4.153863   6.493769   0.066827
4.155326   6.492705   0.066736
4.156789   6.491641   0.066644
4.158252   6.490578   0.066748
4.159715   6.489515   0.066860
4.161178   6.488453   0.066972
4.162641   6.487391   0.067084
4.164104   6.486330   0.067196
4.165566   6.485269   0.067308
4.167029   6.484209   0.067420
4.168492   6.483148   0.067532
4.169955   6.482089   0.067644
4.171418   6.481029   0.067756
4.172881   6.479971   0.067868
4.174344   6.478912   0.067980
4.175806   6.477854   0.068092
4.177269   6.476797   0.068204
4.178732   6.475739   0.068316
4.180195   6.474683   0.068428
4.181658   6.473626   0.068540
4.183121   6.472570   0.068652
4.184584   6.471515   0.068616
4.186047   6.470460   0.068517
4.187509   6.469405   0.068418
4.188972   6.468351   0.068319
4.190435   6.467297   0.068220
4.191898   6.466244   0.068120
4.193361   6.465191   0.068021
4.194824   6.464138   0.067922
4.196287   6.463086   0.067823
4.197749   6.462034   0.067724
4.199212   6.460983   0.067624
4.200675   6.459932   0.067525
4.202138   6.458881   0.067426
4.203601   6.457831   0.067327
4.205064   6.456781   0.067228
4.206527   6.455732   0.067128
4.207989   6.454683   0.067029
4.209452   6.453635   0.066930
4.210915   6.452587   0.066870
4.212378   6.451539   0.066859
4.213841   6.450492   0.066848
4.215304   6.449445   0.066838
4.216767   6.448399   0.066827
4.218230   6.447353   0.066817
4.219692   6.446307   0.066806
4.221155   6.445262   0.066796
4.222618   6.444217   0.066785
4.224081   6.443173   0.066774
4.225544   6.442129   0.066764
4.227007   6.441086   0.066753
4.228470   6.440042   0.066743
4.229932   6.439000   0.066732
4.231395   6.437957   0.066721
4.232858   6.436916   0.066711
4.234321   6.435874   0.066700
4.235784   6.434833   0.066690
4.237247   6.433792   0.066678
4.238710   6.432752   0.066659
4.240173   6.431712   0.066641
4.241635   6.430673   0.066622
4.243098   6.429634   0.066604
4.244561   6.428595   0.066586
4.246024   6.427557   0.066567
4.247487   6.426519   0.066549
4.248950   6.425482   0.066531
4.250413   6.424445   0.066512
4.251875   6.423408   0.066494
4.253338   6.422372   0.066475
4.254801   6.421336   0.066457
4.256264   6.420301   0.066439
4.257727   6.419266   0.066420
4.259190   6.418231   0.066402
4.260653   6.417197   0.066384
4.262116   6.416163   0.066365
4.263578   6.415130   0.066347
4.265041   6.414097   0.066452
4.266504   6.413065   0.066568
4.267967   6.412032   0.066684
4.269430   6.411001   0.066800
4.270893   6.409969   0.066916
4.272356   6.408938   0.067032
4.273818   6.407908   0.067148
4.275281   6.406878   0.067264
4.276744   6.405848   0.067380
4.278207   6.404819   0.067496
4.279670   6.403790   0.067612
4.281133   6.402761   0.067728
4.282596   6.401733   0.067844
4.284059   6.400705   0.067960
4.285521   6.399678   0.068076
4.286984   6.398651   0.068192
4.288447   6.397624   0.068308
4.289910   6.396598   0.068424
4.291373   6.395573   0.068358
4.292836   6.394547   0.068197
4.294299   6.393522   0.068035
4.295761   6.392498   0.067874
4.297224   6.391474   0.067713
4.298687   6.390450   0.067552
4.300150   6.389426   0.067391
4.301613   6.388403   0.067230
4.303076   6.387381   0.067069
4.304539   6.386359   0.066908
4.306002   6.385337   0.066747
4.307464   6.384316   0.066586
4.308927   6.383295   0.066425
4.310390   6.382274   0.066264
4.311853   6.381254   0.066103
4.313316   6.380234   0.065942
4.314779   6.379215   0.065781
4.316242   6.378196   0.065620
4.317704   6.377177   0.065508
4.319167   6.376159   0.065471
4.320630   6.375141   0.065433
4.322093   6.374124   0.065396
4.323556   6.373107   0.065359
4.325019   6.372090   0.065322
4.326482   6.371074   0.065285
4.327944   6.370058   0.065248
4.329407   6.369042   0.065211
4.330870   6.368027   0.065173
4.332333   6.367012   0.065136
4.333796   6.365998   0.065099
4.335259   6.364984   0.065062
4.336722   6.363971   0.065025
4.338185   6.362958   0.064988
4.339647   6.361945   0.064951
4.341110   6.360933   0.064913
4.342573   6.359921   0.064876
4.344036   6.358909   0.064857
4.345499   6.357898   0.064952
4.346962   6.356887   0.065047
4.348425   6.355877   0.065142
4.349887   6.354867   0.065237
4.351350   6.353857   0.065331
4.352813   6.352848   0.065426
4.354276   6.351839   0.065521
4.355739   6.350830   0.065616
4.357202   6.349822   0.065711
4.358665   6.348815   0.065806
4.360128   6.347807   0.065900
4.361590   6.346801   0.065995
4.363053   6.345794   0.066090
4.364516   6.344788   0.066185
4.365979   6.343782   0.066280
4.367442   6.342777   0.066375
4.368905   6.341772   0.066470
4.370368   6.340767   0.066564
4.371830   6.339763   0.066533
4.373293   6.338759   0.066483
4.374756   6.337756   0.066434
4.376219   6.336753   0.066384
4.377682   6.335750   0.066335
4.379145   6.334748   0.066286
4.380608   6.333746   0.066236
4.382071   6.332744   0.066187
4.383533   6.331743   0.066137
4.384996   6.330742   0.066088
4.386459   6.329742   0.066038
4.387922   6.328742   0.065989
4.389385   6.327742   0.065940
4.390848   6.326743   0.065890
4.392311   6.325744   0.065841
4.393773   6.324746   0.065791
4.395236   6.323748   0.065742
4.396699   6.322750   0.065693
4.398162   6.321753   0.065674
4.399625   6.320756   0.065674
4.401088   6.319759   0.065674
4.402551   6.318763   0.065674
4.404014   6.317767   0.065674
4.405476   6.316772   0.065674
4.406939   6.315777   0.065674
4.408402   6.314782   0.065674
4.409865   6.313788   0.065674
4.411328   6.312794   0.065674
4.412791   6.311800   0.065674
4.414254   6.310807   0.065674
4.415716   6.309814   0.065674
4.417179   6.308822   0.065674
4.418642   6.307830   0.065674
4.420105   6.306838   0.065674
4.421568   6.305847   0.065674
4.423031   6.304856   0.065674
4.424494   6.303865   0.065666
4.425956   6.302875   0.065641
4.427419   6.301886   0.065616
4.428882   6.300896   0.065591
4.430345   6.299907   0.065566
4.431808   6.298918   0.065541
4.433271   6.297930   0.065516
4.434734   6.296942   0.065491
4.436197   6.295955   0.065467
4.437659   6.294968   0.065442
4.439122   6.293981   0.065417
4.440585   6.292994   0.065392
4.442048   6.292008   0.065367
4.443511   6.291023   0.065342
4.444974   6.290038   0.065317
4.446437   6.289053   0.065292
4.447899   6.288068   0.065267
4.449362   6.287084   0.065243
4.450825   6.286100   0.065218
4.452288   6.285117   0.065195
4.453751   6.284134   0.065173
4.455214   6.283151   0.065150
4.456677   6.282169   0.065128
4.458140   6.281187   0.065105
4.459602   6.280205   0.065083
4.461065   6.279224   0.065060
4.462528   6.278243   0.065038
4.463991   6.277263   0.065015
4.465454   6.276283   0.064993
4.466917   6.275303   0.064970
4.468380   6.274324   0.064948
4.469842   6.273345   0.064925
4.471305   6.272366   0.064903
4.472768   6.271388   0.064880
4.474231   6.270410   0.064858
4.475694   6.269432   0.064835
4.477157   6.268455   0.064813
4.478620   6.267479   0.064844
4.480083   6.266502   0.064886
4.481545   6.265526   0.064928
4.483008   6.264550   0.064970
4.484471   6.263575   0.065012
4.485934   6.262600   0.065054
4.487397   6.261626   0.065096
4.488860   6.260651   0.065138
4.490323   6.259678   0.065180
4.491785   6.258704   0.065222
4.493248   6.257731   0.065264
4.494711   6.256758   0.065306
4.496174   6.255786   0.065348
4.497637   6.254814   0.065390
4.499100   6.253842   0.065432
4.500563   6.252871   0.065474
4.502026   6.251900   0.065516
4.503488   6.250930   0.065558
4.504951   6.249959   0.065505
4.506414   6.248990   0.065382
4.507877   6.248020   0.065258
4.509340   6.247051   0.065135
4.510803   6.246082   0.065012
4.512266   6.245114   0.064889
4.513728   6.244146   0.064765
4.515191   6.243178   0.064642
4.516654   6.242211   0.064519
4.518117   6.241244   0.064396
4.519580   6.240278   0.064272
4.521043   6.239433   0.064149
4.522506   6.238637   0.064026
4.523968   6.237842   0.063903
4.525431   6.237047   0.063779
4.526894   6.236252   0.063656
4.528357   6.235458   0.063533
4.529820   6.234663   0.063410
4.531283   6.233869   0.063348
4.532746   6.233076   0.063420
4.534209   6.232282   0.063492
4.535671   6.231489   0.063565
4.537134   6.230696   0.063637
4.538597   6.229904   0.063709
4.540060   6.229111   0.063781
4.541523   6.228319   0.063853
4.542986   6.227527   0.063925
4.544449   6.226736   0.063998
4.545911   6.225945   0.064070
4.547374   6.225154   0.064142
4.548837   6.224363   0.064214
4.550300   6.223573   0.064286
4.551763   6.222782   0.064358
4.553226   6.221993   0.064431
4.554689   6.221203   0.064503
4.556152   6.220414   0.064575
4.557614   6.219625   0.064641
4.559077   6.218836   0.064599
4.560540   6.218047   0.064556
4.562003   6.217259   0.064514
4.563466   6.216471   0.064472
4.564929   6.215683   0.064430
4.566392   6.214896   0.064388
4.567854   6.214108   0.064345
4.569317   6.213321   0.064303
4.570780   6.212535   0.064261
4.572243   6.211748   0.064219
4.573706   6.210962   0.064177
4.575169   6.210176   0.064134
4.576632   6.209391   0.064092
4.578095   6.208605   0.064050
4.579557   6.207820   0.064008
4.581020   6.207036   0.063966
4.582483   6.206251   0.063923
4.583946   6.205467   0.063881
4.585409   6.204683   0.063859
4.586872   6.203899   0.063842
4.588335   6.203116   0.063824
4.589797   6.202332   0.063807
4.591260   6.201550   0.063790
4.592723   6.200767   0.063773
4.594186   6.199984   0.063756
4.595649   6.199202   0.063738
4.597112   6.198420   0.063721
4.598575   6.197639   0.063704
4.600038   6.196857   0.063687
4.601500   6.196076   0.063670
4.602963   6.195296   0.063652
4.604426   6.194515   0.063635
4.605889   6.193735   0.063618
4.607352   6.192955   0.063601
4.608815   6.192175   0.063584
4.610278   6.191395   0.063566
4.611740   6.190616   0.063598
4.613203   6.189837   0.063671
4.614666   6.189059   0.063744
4.616129   6.188280   0.063818
4.617592   6.187502   0.063891
4.619055   6.186724   0.063964
4.620518   6.185946   0.064038
4.621980   6.185169   0.064111
4.623443   6.184392   0.064184
4.624906   6.183615   0.064258
4.626369   6.182838   0.064331
4.627832   6.182062   0.064405
4.629295   6.181286   0.064478
4.630758   6.180510   0.064551
4.632221   6.179735   0.064625
4.633683   6.178959   0.064698
4.635146   6.178184   0.064771
4.636609   6.177410   0.064845
4.638072   6.176635   0.064896
4.639535   6.175861   0.064889
4.640998   6.175087   0.064882
4.642461   6.174313   0.064875
4.643923   6.173540   0.064868
4.645386   6.172766   0.064861
4.646849   6.171993   0.064854
4.648312   6.171221   0.064847
4.649775   6.170448   0.064840
4.651238   6.169676   0.064833
4.652701   6.168904   0.064826
4.654164   6.168133   0.064819
4.655626   6.167361   0.064812
4.657089   6.166590   0.064805
4.658552   6.165819   0.064798
4.660015   6.165049   0.064791
4.661478   6.164278   0.064784
4.662941   6.163508   0.064777
4.664404   6.162738   0.064769
4.665866   6.161969   0.064736
4.667329   6.161199   0.064702
4.668792   6.160430   0.064668
4.670255   6.159662   0.064634
4.671718   6.158893   0.064600
4.673181   6.158125   0.064566
4.674644   6.157357   0.064532
4.676107   6.156589   0.064499
4.677569   6.155821   0.064465
4.679032   6.155054   0.064431
4.680495   6.154287   0.064397
4.681958   6.153520   0.064363
4.683421   6.152754   0.064329
4.684884   6.151988   0.064295
4.686347   6.151222   0.064262
4.687809   6.150456   0.064228
4.689272   6.149690   0.064194
4.690735   6.148925   0.064160
4.692198   6.148160   0.064197
4.693661   6.147396   0.064257
4.695124   6.146631   0.064317
4.696587   6.145867   0.064377
4.698050   6.145103   0.064437
4.699512   6.144339   0.064497
4.700975   6.143576   0.064557
4.702438   6.142813   0.064617
4.703901   6.142050   0.064677
4.705364   6.141287   0.064738
4.706827   6.140525   0.064798
4.708290   6.139763   0.064858
4.709752   6.139001   0.064918
4.711215   6.138239   0.064978
4.712678   6.137478   0.065038
4.714141   6.136717   0.065098
4.715604   6.135956   0.065158
4.717067   6.135195   0.065218
4.718530   6.134435   0.065241
4.719992   6.133675   0.065225
4.721455   6.132915   0.065209
4.722918   6.132155   0.065193
4.724381   6.131396   0.065177
4.725844   6.130637   0.065161
4.727307   6.129878   0.065145
4.728770   6.129119   0.065129
4.730233   6.128361   0.065113
4.731695   6.127603   0.065097
4.733158   6.126845   0.065081
4.734621   6.126087   0.065065
4.736084   6.125330   0.065049
4.737547   6.124573   0.065033
4.739010   6.123816   0.065017
4.740473   6.123059   0.065001
4.741935   6.122303   0.064985
4.743398   6.121547   0.064969
4.744861   6.120791   0.064949
4.746324   6.120035   0.064915
4.747787   6.119280   0.064881
4.749250   6.118525   0.064847
4.750713   6.117770   0.064812
4.752176   6.117016   0.064778
4.753638   6.116261   0.064744
4.755101   6.115507   0.064710
4.756564   6.114753   0.064676
4.758027   6.114000   0.064642
4.759490   6.113246   0.064608
4.760953   6.112493   0.064574
4.762416   6.111740   0.064540
4.763878   6.110988   0.064506
4.765341   6.110235   0.064471
4.766804   6.109483   0.064437
4.768267   6.108732   0.064403
4.769730   6.107980   0.064369
4.771193   6.107229   0.064335
4.772656   6.106477   0.064318
4.774119   6.105727   0.064301
4.775581   6.104976   0.064285
4.777044   6.104226   0.064268
4.778507   6.103476   0.064252
4.779970   6.102726   0.064235
4.781433   6.101976   0.064219
4.782896   6.101227   0.064202
4.784359   6.100478   0.064186
4.785821   6.099729   0.064169
4.787284   6.098980   0.064153
4.788747   6.098232   0.064136
4.790210   6.097484   0.064119
4.791673   6.096736   0.064103
4.793136   6.095988   0.064086
4.794599   6.095241   0.064070
4.796062   6.094493   0.064053
4.797524   6.093746   0.064037
4.798987   6.093000   0.064009
4.800450   6.092253   0.063976
4.801913   6.091507   0.063943
4.803376   6.090761   0.063910
4.804839   6.090016   0.063877
4.806302   6.089270   0.063844
4.807764   6.088525   0.063811
4.809227   6.087780   0.063778
4.810690   6.087035   0.063745
4.812153   6.086291   0.063712
4.813616   6.085547   0.063679
4.815079   6.084803   0.063646
4.816542   6.084059   0.063613
4.818005   6.083315   0.063580
4.819467   6.082572   0.063547
4.820930   6.081829   0.063514
4.822393   6.081087   0.063481
4.823856   6.080344   0.063448
4.825319   6.079602   0.063445
4.826782   6.078860   0.063477
4.828245   6.078118   0.063509
4.829707   6.077376   0.063541
4.831170   6.076635   0.063574
4.832633   6.075894   0.063606
4.834096   6.075153   0.063638
4.835559   6.074413   0.063670
4.837022   6.073672   0.063702
4.838485   6.072932   0.063735
4.839947   6.072192   0.063767
4.841410   6.071453   0.063799
4.842873   6.070713   0.063831
4.844336   6.069974   0.063864
4.845799   6.069236   0.063896
4.847262   6.068497   0.063928
4.848725   6.067758   0.063960
4.850188   6.067020   0.063993
4.851650   6.066282   0.064006
4.853113   6.065545   0.063942
4.854576   6.064807   0.063877
4.856039   6.064070   0.063813
4.857502   6.063333   0.063748
4.858965   6.062596   0.063684
4.860428   6.061860   0.063619
4.861890   6.061124   0.063555
4.863353   6.060388   0.063490
4.864816   6.059652   0.063426
4.866279   6.058917   0.063361
4.867742   6.058181   0.063297
4.869205   6.057446   0.063232
4.870668   6.056711   0.063167
4.872131   6.055977   0.063103
4.873593   6.055243   0.063038
4.875056   6.054509   0.062974
4.876519   6.053775   0.062909
4.877982   6.053041   0.062845
4.879445   6.052308   0.062870
4.880908   6.051575   0.062901
4.882371   6.050842   0.062932
4.883833   6.050109   0.062964
4.885296   6.049377   0.062995
4.886759   6.048645   0.063027
4.888222   6.047913   0.063058
4.889685   6.047181   0.063089
4.891148   6.046449   0.063121
4.892611   6.045718   0.063152
4.894074   6.044987   0.063184
4.895536   6.044257   0.063215
4.896999   6.043526   0.063247
4.898462   6.042796   0.063278
4.899925   6.042066   0.063309
4.901388   6.041336   0.063341
4.902851   6.040606   0.063372
4.904314   6.039877   0.063404
4.905776   6.039148   0.063433
4.907239   6.038419   0.063462
4.908702   6.037691   0.063491
4.910165   6.036962   0.063520
4.911628   6.036234   0.063549
4.913091   6.035506   0.063578
4.914554   6.034778   0.063607
4.916017   6.034051   0.063636
4.917479   6.033324   0.063665
4.918942   6.032597   0.063694
4.920405   6.031870   0.063723
4.921868   6.031144   0.063752
4.923331   6.030417   0.063781
4.924794   6.029691   0.063810
4.926257   6.028965   0.063839
4.927719   6.028240   0.063868
4.929182   6.027515   0.063896
4.930645   6.026790   0.063925
4.932108   6.026065   0.063898
4.933571   6.025340   0.063791
4.935034   6.024616   0.063683
4.936497   6.023891   0.063575
4.937959   6.023168   0.063468
4.939422   6.022444   0.063360
4.940885   6.021720   0.063252
4.942348   6.020997   0.063145
4.943811   6.020274   0.063037
4.945274   6.019551   0.062929
4.946737   6.018829   0.062822
4.948200   6.018107   0.062714
4.949662   6.017385   0.062606
4.951125   6.016663   0.062499
4.952588   6.015941   0.062391
4.954051   6.015220   0.062283
4.955514   6.014499   0.062176
4.956977   6.013778   0.062068
4.958440   6.013057   0.061982
4.959902   6.012337   0.062015
4.961365   6.011616   0.062049
4.962828   6.010896   0.062082
4.964291   6.010177   0.062115
4.965754   6.009457   0.062149
4.967217   6.008738   0.062182
4.968680   6.008019   0.062216
4.970143   6.007300   0.062249
4.971605   6.006581   0.062283
4.973068   6.005863   0.062316
4.974531   6.005145   0.062349
4.975994   6.004427   0.062383
4.977457   6.003709   0.062416
4.978920   6.002992   0.062450
4.980383   6.002275   0.062483
4.981845   6.001558   0.062517
4.983308   6.000841   0.062550
4.984771   6.000125   0.062583
4.986234   5.999408   0.062583
4.987697   5.998692   0.062578
4.989160   5.997976   0.062573
4.990623   5.997261   0.062568
4.992086   5.996545   0.062563
4.993548   5.995830   0.062557
4.995011   5.995115   0.062552
4.996474   5.994401   0.062547
4.997937   5.993686   0.062542
4.999400   5.992972   0.062537
5.000863   5.992258   0.062532
5.002326   5.991544   0.062527
5.003788   5.990831   0.062522
5.005251   5.990117   0.062517
5.006714   5.989404   0.062512
5.008177   5.988691   0.062507
5.009640   5.987979   0.062502
5.011103   5.987266   0.062497
5.012566   5.986554   0.062545
5.014029   5.985842   0.062624
5.015491   5.985130   0.062703
5.016954   5.984419   0.062783
5.018417   5.983708   0.062862
5.019880   5.982997   0.062941
5.021343   5.982286   0.063020
5.022806   5.981575   0.063099
5.024269   5.980865   0.063178
5.025731   5.980155   0.063257
5.027194   5.979445   0.063336
5.028657   5.978735   0.063416
5.030120   5.978026   0.063495
5.031583   5.977316   0.063574
5.033046   5.976607   0.063653
5.034509   5.975899   0.063732
5.035971   5.975190   0.063811
5.037434   5.974482   0.063890
5.038897   5.973774   0.063926
5.040360   5.973066   0.063887
5.041823   5.972358   0.063848
5.043286   5.971651   0.063809
5.044749   5.970943   0.063771
5.046212   5.970236   0.063732
5.047674   5.969530   0.063693
5.049137   5.968823   0.063654
5.050600   5.968117   0.063615
5.052063   5.967411   0.063577
5.053526   5.966705   0.063538
5.054989   5.965999   0.063499
5.056452   5.965294   0.063460
5.057914   5.964588   0.063421
5.059377   5.963883   0.063383
5.060840   5.963179   0.063344
5.062303   5.962474   0.063305
5.063766   5.961770   0.063266
5.065229   5.961066   0.063232
5.066692   5.960362   0.063235
5.068155   5.959658   0.063239
5.069617   5.958955   0.063242
5.071080   5.958252   0.063246
5.072543   5.957549   0.063249
5.074006   5.956846   0.063253
5.075469   5.956143   0.063256
5.076932   5.955441   0.063260
5.078395   5.954739   0.063263
5.079857   5.954037   0.063267
5.081320   5.953336   0.063270
5.082783   5.952634   0.063274
5.084246   5.951933   0.063277
5.085709   5.951232   0.063281
5.087172   5.950531   0.063284
5.088635   5.949831   0.063288
5.090098   5.949130   0.063291
5.091560   5.948430   0.063295
5.093023   5.947730   0.063249
5.094486   5.947031   0.063194
5.095949   5.946331   0.063140
5.097412   5.945632   0.063085
5.098875   5.944933   0.063030
5.100338   5.944234   0.062976
5.101800   5.943536   0.062921
5.103263   5.942837   0.062866
5.104726   5.942139   0.062812
5.106189   5.941441   0.062757
5.107652   5.940744   0.062702
5.109115   5.940046   0.062648
5.110578   5.939349   0.062593
5.112041   5.938652   0.062538
5.113503   5.937955   0.062484
5.114966   5.937259   0.062429
5.116429   5.936562   0.062374
5.117892   5.935866   0.062320
5.119355   5.935170   0.062290
5.120818   5.934475   0.062279
5.122281   5.933779   0.062267
5.123743   5.933084   0.062256
5.125206   5.932389   0.062244
5.126669   5.931694   0.062232
5.128132   5.930999   0.062221
5.129595   5.930305   0.062209
5.131058   5.929611   0.062198
5.132521   5.928917   0.062186
5.133983   5.928223   0.062175
5.135446   5.927530   0.062163
5.136909   5.926836   0.062151
5.138372   5.926143   0.062140
5.139835   5.925450   0.062128
5.141298   5.924758   0.062117
5.142761   5.924065   0.062105
5.144224   5.923373   0.062093
5.145686   5.922681   0.062054
5.147149   5.921989   0.061958
5.148612   5.921298   0.061863
5.150075   5.920606   0.061767
5.151538   5.919915   0.061671
5.153001   5.919224   0.061575
5.154464   5.918534   0.061479
5.155926   5.917843   0.061384
5.157389   5.917153   0.061288
5.158852   5.916463   0.061192
5.160315   5.915773   0.061096
5.161778   5.915083   0.061001
5.163241   5.914394   0.060905
5.164704   5.913705   0.060809
5.166167   5.913016   0.060713
5.167629   5.912327   0.060618
5.169092   5.911638   0.060522
5.170555   5.910950   0.060426
5.172018   5.910262   0.060340
5.173481   5.909574   0.060393
5.174944   5.908886   0.060446
5.176407   5.908199   0.060499
5.177869   5.907512   0.060552
5.179332   5.906825   0.060605
5.180795   5.906138   0.060658
5.182258   5.905451   0.060711
5.183721   5.904765   0.060763
5.185184   5.904079   0.060816
5.186647   5.903393   0.060869
5.188110   5.902707   0.060922
5.189572   5.902021   0.060975
5.191035   5.901336   0.061028
5.192498   5.900651   0.061081
5.193961   5.899966   0.061134
5.195424   5.899281   0.061187
5.196887   5.898597   0.061239
5.198350   5.897912   0.061292
5.199812   5.897228   0.061271
5.201275   5.896544   0.061233
5.202738   5.895861   0.061194
5.204201   5.895177   0.061155
5.205664   5.894494   0.061116
5.207127   5.893811   0.061078
5.208590   5.893128   0.061039
5.210053   5.892446   0.061000
5.211515   5.891763   0.060962
5.212978   5.891081   0.060923
5.214441   5.890399   0.060884
5.215904   5.889718   0.060845
5.217367   5.889036   0.060807
5.218830   5.888355   0.060768
5.220293   5.887674   0.060729
5.221755   5.886993   0.060690
5.223218   5.886312   0.060652
5.224681   5.885632   0.060613
5.226144   5.884951   0.060621
5.227607   5.884271   0.060667
5.229070   5.883591   0.060712
5.230533   5.882912   0.060758
5.231995   5.882232   0.060804
5.233458   5.881553   0.060850
5.234921   5.880874   0.060896
5.236384   5.880195   0.060942
5.237847   5.879517   0.060988
5.239310   5.878838   0.061033
5.240773   5.878160   0.061079
5.242236   5.877482   0.061125
5.243698   5.876805   0.061171
5.245161   5.876127   0.061217
5.246624   5.875450   0.061263
5.248087   5.874773   0.061309
5.249550   5.874096   0.061355
5.251013   5.873419   0.061400
5.252476   5.872743   0.061399
5.253938   5.872066   0.061281
5.255401   5.871390   0.061163
5.256864   5.870714   0.061045
5.258327   5.870039   0.060927
5.259790   5.869363   0.060809
5.261253   5.868688   0.060691
5.262716   5.868013   0.060573
5.264179   5.867338   0.060455
5.265641   5.866664   0.060337
5.267104   5.865989   0.060219
5.268567   5.865315   0.060102
5.270030   5.864641   0.059984
5.271493   5.863967   0.059866
5.272956   5.863294   0.059748
5.274419   5.862620   0.059630
5.275881   5.861947   0.059512
5.277344   5.861274   0.059394
5.278807   5.860601   0.059282
5.280270   5.859929   0.059403
5.281733   5.859256   0.059523
5.283196   5.858584   0.059644
5.284659   5.857912   0.059765
5.286122   5.857241   0.059885
5.287584   5.856569   0.060006
5.289047   5.855898   0.060126
5.290510   5.855227   0.060247
5.291973   5.854556   0.060368
5.293436   5.853885   0.060488
5.294899   5.853215   0.060609
5.296362   5.852544   0.060729
5.297824   5.851874   0.060850
5.299287   5.851205   0.060971
5.300750   5.850535   0.061091
5.302213   5.849865   0.061212
5.303676   5.849196   0.061332
5.305139   5.848527   0.061453
5.306602   5.847858   0.061438
5.308065   5.847190   0.061381
5.309527   5.846521   0.061325
5.310990   5.845853   0.061268
5.312453   5.845185   0.061212
5.313916   5.844517   0.061156
5.315379   5.843850   0.061099
5.316842   5.843182   0.061043
5.318305   5.842515   0.060986
5.319767   5.841848   0.060930
5.321230   5.841181   0.060873
5.322693   5.840515   0.060817
5.324156   5.839848   0.060760
5.325619   5.839182   0.060704
5.327082   5.838516   0.060647
5.328545   5.837850   0.060591
5.330008   5.837185   0.060534
5.331470   5.836519   0.060478
5.332933   5.835854   0.060488
5.334396   5.835189   0.060563
5.335859   5.834524   0.060638
5.337322   5.833860   0.060713
5.338785   5.833195   0.060789
5.340248   5.832531   0.060864
5.341710   5.831867   0.060939
5.343173   5.831203   0.061014
5.344636   5.830540   0.061089
5.346099   5.829877   0.061164
5.347562   5.829213   0.061239
5.349025   5.828550   0.061314
5.350488   5.827888   0.061389
5.351950   5.827225   0.061464
5.353413   5.826563   0.061539
5.354876   5.825901   0.061614
5.356339   5.825239   0.061689
5.357802   5.824577   0.061765
5.359265   5.823916   0.061784
5.360728   5.823254   0.061632
5.362191   5.822593   0.061481
5.363653   5.821932   0.061329
5.365116   5.821271   0.061178
5.366579   5.820611   0.061026
5.368042   5.819950   0.060874
5.369505   5.819290   0.060723
5.370968   5.818630   0.060571
5.372431   5.817971   0.060420
5.373893   5.817311   0.060268
5.375356   5.816652   0.060117
5.376819   5.815993   0.059965
5.378282   5.815334   0.059813
5.379745   5.814675   0.059662
5.381208   5.814016   0.059510
5.382671   5.813358   0.059359
5.384134   5.812700   0.059207
5.385596   5.812042   0.059056
5.387059   5.811384   0.059108
5.388522   5.810727   0.059162
5.389985   5.810069   0.059217
5.391448   5.809412   0.059272
5.392911   5.808755   0.059327
5.394374   5.808099   0.059381
5.395836   5.807442   0.059436
5.397299   5.806786   0.059491
5.398762   5.806130   0.059546
5.400225   5.805474   0.059600
5.401688   5.804818   0.059655
5.403151   5.804162   0.059710
5.404614   5.803507   0.059765
5.406077   5.802852   0.059819
5.407539   5.802197   0.059874
5.409002   5.801542   0.059929
5.410465   5.800888   0.059983
5.411928   5.800233   0.060038
5.413391   5.799579   0.060066
5.414854   5.798925   0.060085
5.416317   5.798271   0.060103
5.417779   5.797618   0.060121
5.419242   5.796964   0.060139
5.420705   5.796311   0.060157
5.422168   5.795658   0.060175
5.423631   5.795005   0.060194
5.425094   5.794353   0.060212
5.426557   5.793700   0.060230
5.428020   5.793048   0.060248
5.429482   5.792396   0.060266
5.430945   5.791744   0.060284
5.432408   5.791093   0.060302
5.433871   5.790441   0.060321
5.435334   5.789790   0.060339
5.436797   5.789139   0.060357
5.438260   5.788488   0.060375
5.439722   5.787838   0.060362
5.441185   5.787187   0.060313
5.442648   5.786537   0.060264
5.444111   5.785887   0.060215
5.445574   5.785237   0.060167
5.447037   5.784587   0.060118
5.448500   5.783938   0.060069
5.449962   5.783289   0.060020
5.451425   5.782640   0.059971
5.452888   5.781991   0.059922
5.454351   5.781342   0.059873
5.455814   5.780694   0.059824
5.457277   5.780045   0.059776
5.458740   5.779397   0.059727
5.460203   5.778749   0.059678
5.461665   5.778102   0.059629
5.463128   5.777454   0.059580
5.464591   5.776807   0.059531
5.466054   5.776160   0.059510
5.467517   5.775513   0.059595
5.468980   5.774866   0.059681
5.470443   5.774219   0.059766
5.471905   5.773573   0.059851
5.473368   5.772927   0.059937
5.474831   5.772281   0.060022
5.476294   5.771635   0.060108
5.477757   5.770990   0.060193
5.479220   5.770344   0.060278
5.480683   5.769737   0.060364
5.482146   5.769173   0.060449
5.483608   5.768610   0.060535
5.485071   5.768046   0.060620
5.486534   5.767483   0.060705
5.487997   5.766920   0.060791
5.489460   5.766357   0.060876
5.490923   5.765795   0.060961
5.492386   5.765232   0.061047
5.493848   5.764670   0.061019
5.495311   5.764108   0.060985
5.496774   5.763546   0.060951
5.498237   5.762984   0.060917
5.499700   5.762422   0.060883
5.501163   5.761860   0.060849
5.502626   5.761299   0.060815
5.504089   5.760738   0.060781
5.505551   5.760176   0.060747
5.507014   5.759615   0.060713
5.508477   5.759055   0.060679
5.509940   5.758494   0.060645
5.511403   5.757933   0.060611
5.512866   5.757373   0.060577
5.514329   5.756813   0.060543
5.515791   5.756253   0.060509
5.517254   5.755693   0.060475
5.518717   5.755133   0.060441
5.520180   5.754574   0.060327
5.521643   5.754014   0.060176
5.523106   5.753455   0.060025
5.524569   5.752896   0.059873
5.526032   5.752337   0.059722
5.527494   5.751778   0.059571
5.528957   5.751219   0.059420
5.530420   5.750661   0.059269
5.531883   5.750103   0.059118
5.533346   5.749544   0.058967
5.534809   5.748986   0.058816
5.536272   5.748429   0.058665
5.537734   5.747871   0.058513
5.539197   5.747313   0.058362
5.540660   5.746756   0.058211
5.542123   5.746199   0.058060
5.543586   5.745641   0.057909
5.545049   5.745085   0.057758
5.546512   5.744528   0.057747
5.547974   5.743971   0.057926
5.549437   5.743415   0.058104
5.550900   5.742858   0.058283
5.552363   5.742302   0.058462
5.553826   5.741746   0.058641
5.555289   5.741190   0.058819
5.556752   5.740634   0.058998
5.558215   5.740079   0.059177
5.559677   5.739523   0.059356
5.561140   5.738968   0.059534
5.562603   5.738413   0.059713
5.564066   5.737858   0.059892
5.565529   5.737303   0.060071
5.566992   5.736749   0.060249
5.568455   5.736194   0.060428
5.569917   5.735640   0.060607
5.571380   5.735086   0.060786
5.572843   5.734532   0.060913
5.574306   5.733978   0.060781
5.575769   5.733424   0.060648
5.577232   5.732870   0.060516
5.578695   5.732317   0.060384
5.580158   5.731764   0.060251
5.581620   5.731211   0.060119
5.583083   5.730658   0.059986
5.584546   5.730105   0.059854
5.586009   5.729552   0.059721
5.587472   5.729000   0.059589
5.588935   5.728447   0.059456
5.590398   5.727895   0.059324
5.591860   5.727343   0.059191
5.593323   5.726791   0.059059
5.594786   5.726239   0.058927
5.596249   5.725688   0.058794
5.597712   5.725136   0.058662
5.599175   5.724585   0.058529
5.600638   5.724034   0.058540
5.602101   5.723483   0.058566
5.603563   5.722932   0.058593
5.605026   5.722381   0.058619
5.606489   5.721831   0.058645
5.607952   5.721280   0.058671
5.609415   5.720730   0.058698
5.610878   5.720180   0.058724
5.612341   5.719630   0.058750
5.613803   5.719080   0.058776
5.615266   5.718531   0.058802
5.616729   5.717981   0.058829
5.618192   5.717432   0.058855
5.619655   5.716883   0.058881
5.621118   5.716334   0.058907
5.622581   5.715785   0.058933
5.624044   5.715236   0.058960
5.625506   5.714687   0.058986
5.626969   5.714139   0.058988
5.628432   5.713591   0.058976
5.629895   5.713043   0.058965
5.631358   5.712495   0.058954
5.632821   5.711947   0.058942
5.634284   5.711399   0.058931
5.635746   5.710852   0.058919
5.637209   5.710304   0.058908
5.638672   5.709757   0.058897
5.640135   5.709210   0.058885
5.641598   5.708663   0.058874
5.643061   5.708116   0.058862
5.644524   5.707569   0.058851
5.645986   5.707023   0.058840
5.647449   5.706477   0.058828
5.648912   5.705930   0.058817
5.650375   5.705384   0.058805
5.651838   5.704839   0.058794
5.653301   5.704293   0.058792
5.654764   5.703747   0.058804
5.656227   5.703202   0.058817
5.657689   5.702656   0.058829
5.659152   5.702111   0.058842
5.660615   5.701566   0.058854
5.662078   5.701021   0.058866
5.663541   5.700477   0.058879
5.665004   5.699932   0.058891
5.666467   5.699388   0.058904
5.667929   5.698843   0.058916
5.669392   5.698299   0.058929
5.670855   5.697755   0.058941
5.672318   5.697212   0.058954
5.673781   5.696668   0.058966
5.675244   5.696124   0.058978
5.676707   5.695581   0.058991
5.678170   5.695038   0.059003
5.679632   5.694495   0.059031
5.681095   5.693952   0.059164
5.682558   5.693409   0.059298
5.684021   5.692866   0.059432
5.685484   5.692324   0.059565
5.686947   5.691782   0.059699
5.688410   5.691239   0.059833
5.689872   5.690697   0.059967
5.691335   5.690155   0.060100
5.692798   5.689614   0.060234
5.694261   5.689072   0.060368
5.695724   5.688531   0.060501
5.697187   5.687989   0.060635
5.698650   5.687448   0.060769
5.700113   5.686907   0.060902
5.701575   5.686366   0.061036
5.703038   5.685826   0.061170
5.704501   5.685285   0.061304
5.705964   5.684745   0.061437
5.707427   5.684204   0.061351
5.708890   5.683664   0.061230
5.710353   5.683124   0.061109
5.711815   5.682584   0.060988
5.713278   5.682045   0.060867
5.714741   5.681505   0.060746
5.716204   5.680966   0.060624
5.717667   5.680426   0.060503
5.719130   5.679887   0.060382
5.720593   5.679348   0.060261
5.722056   5.678809   0.060140
5.723518   5.678271   0.060019
5.724981   5.677732   0.059898
5.726444   5.677194   0.059777
5.727907   5.676656   0.059656
5.729370   5.676118   0.059535
5.730833   5.675580   0.059413
5.732296   5.675042   0.059292
5.733758   5.674504   0.059202
5.735221   5.673967   0.059132
5.736684   5.673429   0.059063
5.738147   5.672892   0.058993
5.739610   5.672355   0.058923
5.741073   5.671818   0.058853
5.742536   5.671281   0.058784
5.743998   5.670745   0.058714
5.745461   5.670208   0.058644
5.746924   5.669672   0.058574
5.748387   5.669136   0.058504
5.749850   5.668600   0.058435
5.751313   5.668064   0.058365
5.752776   5.667528   0.058295
5.754239   5.666992   0.058225
5.755701   5.666457   0.058156
5.757164   5.665921   0.058086
5.758627   5.665386   0.058016
5.760090   5.664851   0.057975
5.761553   5.664316   0.057988
5.763016   5.663781   0.058001
5.764479   5.663247   0.058014
5.765941   5.662712   0.058028
5.767404   5.662178   0.058041
5.768867   5.661644   0.058054
5.770330   5.661110   0.058067
5.771793   5.660576   0.058080
5.773256   5.660042   0.058094
5.774719   5.659508   0.058107
5.776182   5.658975   0.058120
5.777644   5.658442   0.058133
5.779107   5.657908   0.058146
5.780570   5.657375   0.058160
5.782033   5.656843   0.058173
5.783496   5.656310   0.058186
5.784959   5.655777   0.058199
5.786422   5.655245   0.058208
5.787884   5.654712   0.058163
5.789347   5.654180   0.058118
5.790810   5.653648   0.058073
5.792273   5.653116   0.058028
5.793736   5.652584   0.057983
5.795199   5.652053   0.057939
5.796662   5.651521   0.057894
5.798125   5.650990   0.057849
5.799587   5.650459   0.057804
5.801050   5.649928   0.057759
5.802513   5.649397   0.057714
5.803976   5.648866   0.057670
5.805439   5.648336   0.057625
5.806902   5.647805   0.057580
5.808365   5.647275   0.057535
5.809827   5.646745   0.057490
5.811290   5.646214   0.057445
5.812753   5.645685   0.057400
5.814216   5.645155   0.057418
5.815679   5.644625   0.057449
5.817142   5.644096   0.057480
5.818605   5.643566   0.057511
5.820068   5.643037   0.057542
5.821530   5.642508   0.057573
5.822993   5.641979   0.057604
5.824456   5.641450   0.057635
5.825919   5.640922   0.057666
5.827382   5.640393   0.057697
5.828845   5.639865   0.057727
5.830308   5.639337   0.057758
5.831770   5.638809   0.057789
5.833233   5.638281   0.057820
5.834696   5.637753   0.057851
5.836159   5.637225   0.057882
5.837622   5.636698   0.057913
5.839085   5.636170   0.057944
5.840548   5.635643   0.058017
5.842011   5.635116   0.058122
5.843473   5.634589   0.058227
5.844936   5.634062   0.058332
5.846399   5.633536   0.058437
5.847862   5.633009   0.058542
5.849325   5.632483   0.058647
5.850788   5.631957   0.058752
5.852251   5.631430   0.058857
5.853713   5.630904   0.058962
5.855176   5.630379   0.059067
5.856639   5.629853   0.059173
5.858102   5.629327   0.059278
5.859565   5.628802   0.059383
5.861028   5.628277   0.059488
5.862491   5.627752   0.059593
5.863953   5.627227   0.059698
5.865416   5.626702   0.059803
5.866879   5.626177   0.059829
5.868342   5.625653   0.059672
5.869805   5.625128   0.059515
5.871268   5.624604   0.059358
5.872731   5.624080   0.059201
5.874194   5.623556   0.059044
5.875656   5.623032   0.058887
5.877119   5.622508   0.058730
5.878582   5.621984   0.058573
5.880045   5.621461   0.058416
5.881508   5.620938   0.058259
5.882971   5.620415   0.058102
5.884434   5.619891   0.057945
5.885896   5.619369   0.057788
5.887359   5.618846   0.057631
5.888822   5.618323   0.057474
5.890285   5.617801   0.057317
5.891748   5.617278   0.057160
5.893211   5.616756   0.057009
5.894674   5.616234   0.056993
5.896137   5.615712   0.056976
5.897599   5.615190   0.056960
5.899062   5.614669   0.056944
5.900525   5.614147   0.056928
5.901988   5.613626   0.056912
5.903451   5.613105   0.056895
5.904914   5.612584   0.056879
5.906377   5.612063   0.056863
5.907839   5.611542   0.056847
5.909302   5.611021   0.056831
5.910765   5.610500   0.056815
5.912228   5.609980   0.056798
5.913691   5.609460   0.056782
5.915154   5.608940   0.056766
5.916617   5.608420   0.056750
5.918080   5.607900   0.056734
5.919542   5.607380   0.056717
5.921005   5.606860   0.056750
5.922468   5.606341   0.056797
5.923931   5.605822   0.056843
5.925394   5.605303   0.056890
5.926857   5.604784   0.056936
5.928320   5.604265   0.056983
5.929782   5.603746   0.057030
5.931245   5.603227   0.057076
5.932708   5.602709   0.057123
5.934171   5.602190   0.057169
5.935634   5.601672   0.057216
5.937097   5.601154   0.057262
5.938560   5.600636   0.057309
5.940023   5.600118   0.057356
5.941485   5.599601   0.057402
5.942948   5.599083   0.057449
5.944411   5.598566   0.057495
5.945874   5.598048   0.057542
5.947337   5.597531   0.057604
5.948800   5.597014   0.057681
5.950263   5.596497   0.057759
5.951725   5.595981   0.057836
5.953188   5.595464   0.057913
5.954651   5.594948   0.057990
5.956114   5.594431   0.058067
5.957577   5.593915   0.058144
5.959040   5.593399   0.058221
5.960503   5.592883   0.058299
5.961965   5.592368   0.058376
5.963428   5.591852   0.058453
5.964891   5.591336   0.058530
5.966354   5.590821   0.058607
5.967817   5.590306   0.058684
5.969280   5.589791   0.058761
5.970743   5.589276   0.058839
5.972206   5.588761   0.058916
5.973668   5.588246   0.058955
5.975131   5.587732   0.058887
5.976594   5.587217   0.058819
5.978057   5.586703   0.058752
5.979520   5.586189   0.058684
5.980983   5.585675   0.058616
5.982446   5.585161   0.058548
5.983908   5.584647   0.058480
5.985371   5.584134   0.058412
5.986834   5.583620   0.058345
5.988297   5.583107   0.058277
5.989760   5.582594   0.058209
5.991223   5.582081   0.058141
5.992686   5.581568   0.058073
5.994149   5.581055   0.058005
5.995611   5.580542   0.057938
5.997074   5.580030   0.057870
5.998537   5.579517   0.057802
6.000000   5.579005   0.057734
